id,model,domain,depth_level,sign_subtype,error_family,condition,ground_truth,wrong_sign,correct_sign,sign_char_offset,full_input,Phi-4,context_check,prefix_len,search_strategy,confidence,reasoning,status
ibp_pts_n5_b31,Phi-4,integration_by_parts,,,,correct,- \frac{x^{5} \cos{\left(31 x \right)}}{31} + \frac{5 x^{4} \sin{\left(31 x \right)}}{961} + \frac{20 x^{3} \cos{\left(31 x \right)}}{29791} - \frac{60 x^{2} \sin{\left(31 x \right)}}{923521} - \frac{120 x \cos{\left(31 x \right)}}{28629151} + \frac{120 \sin{\left(31 x \right)}}{887503681},-,+,1069,"<|im_start|>system<|im_sep|>You are a precise mathematical assistant. Show all computation steps clearly. Always put your final simplified antiderivative inside \boxed{}.<|im_end|><|im_start|>user<|im_sep|>Evaluate the following integral step by step.

∫ x^5 · sin(31x) dx

This is a polynomial-trigonometric integral. Work step by step using integration by parts.

Show all steps clearly and put your final simplified antiderivative inside \boxed{}.<|im_end|><|im_start|>assistant<|im_sep|>To evaluate the integral \(\int x^5 \sin(31x) \, dx\), we will use the method of integration by parts. The formula for integration by parts is:

\[
\int u \, dv = uv - \int v \, du
\]

We will apply integration by parts repeatedly. Let's start by choosing:

- \( u = x^5 \) \(\Rightarrow\) \( du = 5x^4 \, dx \)
- \( dv = \sin(31x) \, dx \) \(\Rightarrow\) \( v = -\frac{1}{31} \cos(31x) \)

Now, apply integration by parts:

\[
\int x^5 \sin(31x) \, dx = uv - \int v \, du
\]

Substitute \( u \), \( du \), \( v \), and \( dv \):

\[
= x^5 \left(-\frac{1}{31} \cos(31x)\right) - \int \left(-\frac{1}{31} \cos(31x)\right) (5x^4) \, dx
\]

\[
= -\frac{1}{31} x^5 \cos(31x) + \frac{5}{31} \int x^4 \cos(31x) \, dx
\]

Now, we need to evaluate \(\int x^4 \cos(31x) \, dx\). Again, use integration by parts:

Choose:

- \( u = x^4 \) \(\Rightarrow\) \( du = 4x^3 \, dx \)
- \( dv = \cos(31x) \, dx \) \(\Rightarrow\) \( v = \frac{1}{31} \sin(31x) \)

Apply integration by parts:

\[
\int x^4 \cos(31x) \, dx = uv - \int v \, du
\]

\[
= x^4 \left(\frac{1}{31} \sin(31x)\right) - \int \left(\frac{1}{31} \sin(31x)\right) (4x^3) \, dx
\]

\[
= \frac{1}{31} x^4 \sin(31x) - \frac{4}{31} \int x^3 \sin(31x) \, dx
\]

Substitute back:

\[
\int x^5 \sin(31x) \, dx = -\frac{1}{31} x^5 \cos(31x) + \frac{5}{31} \left( \frac{1}{31} x^4 \sin(31x) - \frac{4}{31} \int x^3 \sin(31x) \, dx \right)
\]

\[
= -\frac{1}{31} x^5 \cos(31x) + \frac{5}{31^2} x^4 \sin(31x) - \frac{20}{31^2} \int x^3 \sin(31x) \, dx
\]

Repeat the process for \(\int x^3 \sin(31x) \, dx\):

Choose:

- \( u = x^3 \) \(\Rightarrow\) \( du = 3x^2 \, dx \)
- \( dv = \sin(31x) \, dx \) \(\Rightarrow\) \( v = -\frac{1}{31} \cos(31x) \)

Apply integration by parts:

\[
\int x^3 \sin(31x) \, dx = uv - \int v \, du
\]

\[
= x^3 \left(-\frac{1}{31} \cos(31x)\right) - \int \left(-\frac{1}{31} \cos(31x)\right) (3x^2) \, dx
\]

\[
= -\frac{1}{31} x^3 \cos(31x) + \frac{3}{31} \int x^2 \cos(31x) \, dx
\]

Substitute back:

\[
\int x^5 \sin(31x) \, dx = -\frac{1}{31} x^5 \cos(31x) + \frac{5}{31^2} x^4 \sin(31x) - \frac{20}{31^2} \left( -\frac{1}{31} x^3 \cos(31x) + \frac{3}{31} \int x^2 \cos(31x) \, dx \right)
\]

\[
= -\frac{1}{31} x^5 \cos(31x) + \frac{5}{31^2} x^4 \sin(31x) + \frac{20}{31^3} x^3 \cos(31x) - \frac{60}{31^3} \int x^2 \cos(31x) \, dx
\]

Continue this process for \(\int x^2 \cos(31x) \, dx\):

Choose:

- \( u = x^2 \) \(\Rightarrow\) \( du = 2x \, dx \)
- \( dv = \cos(31x) \, dx \) \(\Rightarrow\) \( v = \frac{1}{31} \sin(31x) \)

Apply integration by parts:

\[
\int x^2 \cos(31x) \, dx = uv - \int v \, du
\]

\[
= x^2 \left(\frac{1}{31} \sin(31x)\right) - \int \left(\frac{1}{31} \sin(31x)\right) (2x) \, dx
\]

\[
= \frac{1}{31} x^2 \sin(31x) - \frac{2}{31} \int x \sin(31x) \, dx
\]

Substitute back:

\[
\int x^5 \sin(31x) \, dx = -\frac{1}{31} x^5 \cos(31x) + \frac{5}{31^2} x^4 \sin(31x) + \frac{20}{31^3} x^3 \cos(31x) - \frac{60}{31^3} \left( \frac{1}{31} x^2 \sin(31x) - \frac{2}{31} \int x \sin(31x) \, dx \right)
\]

\[
= -\frac{1}{31} x^5 \cos(31x) + \frac{5}{31^2} x^4 \sin(31x) + \frac{20}{31^3} x^3 \cos(31x) - \frac{60}{31^4} x^2 \sin(31x) + \frac{120}{31^4} \int x \sin(31x) \, dx
\]

Continue for \(\int x \sin(31x) \, dx\):

Choose:

- \( u = x \) \(\Rightarrow\) \( du = dx \)
- \( dv = \sin(31x) \, dx \) \(\Rightarrow\) \( v = -\frac{1}{31} \cos(31x) \)

Apply integration by parts:

\[
\int x \sin(31x) \, dx = uv - \int v \, du
\]

\[
= x \left(-\frac{1}{31} \cos(31x)\right) - \int \left(-\frac{1}{31} \cos(31x)\right) \, dx
\]

\[
= -\frac{1}{31} x \cos(31x) + \frac{1}{31} \int \cos(31x) \, dx
\]

\[
= -\frac{1}{31} x \cos(31x) + \frac{1}{31} \left(\frac{1}{31} \sin(31x)\right)
\]

\[
= -\frac{1}{31} x \cos(31x) + \frac{1}{31^2} \sin(31x)
\]

Substitute back:

\[
\int x^5 \sin(31x) \, dx = -\frac{1}{31} x^5 \cos(31x) + \frac{5}{31^2} x^4 \sin(31x) + \frac{20}{31^3} x^3 \cos(31x) - \frac{60}{31^4} x^2 \sin(31x) + \frac{120}{31^4} \left( -\frac{1}{31} x \cos(31x) + \frac{1}{31^2} \sin(31x) \right)
\]

\[
= -\frac{1}{31} x^5 \cos(31x) + \frac{5}{31^2} x^4 \sin(31x) + \frac{20}{31^3} x^3 \cos(31x) - \frac{60}{31^4} x^2 \sin(31x) - \frac{120}{31^5} x \cos(31x) + \frac{120}{31^6} \sin(31x)
\]

Thus, the final antiderivative is:

\[
\boxed{-\frac{1}{31} x^5 \cos(31x) + \frac{5}{31^2} x^4 \sin(31x) + \frac{20}{31^3} x^3 \cos(31x) - \frac{60}{31^4} x^2 \sin(31x) - \frac{120}{31^5} x \cos(31x) + \frac{120}{31^6} \sin(31x) + C}}
\]

where \( C \) is the constant of integration.","To evaluate the integral \(\int x^5 \sin(31x) \, dx\), we will use the method of integration by parts. The formula for integration by parts is:

\[
\int u \, dv = uv - \int v \, du
\]

We will apply integration by parts repeatedly. Let's start by choosing:

- \( u = x^5 \) \(\Rightarrow\) \( du = 5x^4 \, dx \)
- \( dv = \sin(31x) \, dx \) \(\Rightarrow\) \( v = -\frac{1}{31} \cos(31x) \)

Now, apply integration by parts:

\[
\int x^5 \sin(31x) \, dx = uv - \int v \, du
\]

Substitute \( u \), \( du \), \( v \), and \( dv \):

\[
= x^5 \left(-\frac{1}{31} \cos(31x)\right) - \int \left(-\frac{1}{31} \cos(31x)\right) (5x^4) \, dx
\]

\[
= -\frac{1}{31} x^5 \cos(31x) + \frac{5}{31} \int x^4 \cos(31x) \, dx
\]

Now, we need to evaluate \(\int x^4 \cos(31x) \, dx\). Again, use integration by parts:

Choose:

- \( u = x^4 \) \(\Rightarrow\) \( du = 4x^3 \, dx \)
- \( dv = \cos(31x) \, dx \) \(\Rightarrow\) \( v = \frac{1}{31} \sin(31x) \)

Apply integration by parts:

\[
\int x^4 \cos(31x) \, dx = uv - \int v \, du
\]

\[
= x^4 \left(\frac{1}{31} \sin(31x)\right) - \int \left(\frac{1}{31} \sin(31x)\right) (4x^3) \, dx
\]

\[
= \frac{1}{31} x^4 \sin(31x) - \frac{4}{31} \int x^3 \sin(31x) \, dx
\]

Substitute back:

\[
\int x^5 \sin(31x) \, dx = -\frac{1}{31} x^5 \cos(31x) + \frac{5}{31} \left( \frac{1}{31} x^4 \sin(31x) - \frac{4}{31} \int x^3 \sin(31x) \, dx \right)
\]

\[
= -\frac{1}{31} x^5 \cos(31x) + \frac{5}{31^2} x^4 \sin(31x) - \frac{20}{31^2} \int x^3 \sin(31x) \, dx
\]

Repeat the process for \(\int x^3 \sin(31x) \, dx\):

Choose:

- \( u = x^3 \) \(\Rightarrow\) \( du = 3x^2 \, dx \)
- \( dv = \sin(31x) \, dx \) \(\Rightarrow\) \( v = -\frac{1}{31} \cos(31x) \)

Apply integration by parts:

\[
\int x^3 \sin(31x) \, dx = uv - \int v \, du
\]

\[
= x^3 \left(-\frac{1}{31} \cos(31x)\right) - \int \left(-\frac{1}{31} \cos(31x)\right) (3x^2) \, dx
\]

\[
= -\frac{1}{31} x^3 \cos(31x) + \frac{3}{31} \int x^2 \cos(31x) \, dx
\]

Substitute back:

\[
\int x^5 \sin(31x) \, dx = -\frac{1}{31} x^5 \cos(31x) + \frac{5}{31^2} x^4 \sin(31x) - \frac{20}{31^2} \left( -\frac{1}{31} x^3 \cos(31x) + \frac{3}{31} \int x^2 \cos(31x) \, dx \right)
\]

\[
= -\frac{1}{31} x^5 \cos(31x) + \frac{5}{31^2} x^4 \sin(31x) + \frac{20}{31^3} x^3 \cos(31x) - \frac{60}{31^3} \int x^2 \cos(31x) \, dx
\]

Continue this process for \(\int x^2 \cos(31x) \, dx\):

Choose:

- \( u = x^2 \) \(\Rightarrow\) \( du = 2x \, dx \)
- \( dv = \cos(31x) \, dx \) \(\Rightarrow\) \( v = \frac{1}{31} \sin(31x) \)

Apply integration by parts:

\[
\int x^2 \cos(31x) \, dx = uv - \int v \, du
\]

\[
= x^2 \left(\frac{1}{31} \sin(31x)\right) - \int \left(\frac{1}{31} \sin(31x)\right) (2x) \, dx
\]

\[
= \frac{1}{31} x^2 \sin(31x) - \frac{2}{31} \int x \sin(31x) \, dx
\]

Substitute back:

\[
\int x^5 \sin(31x) \, dx = -\frac{1}{31} x^5 \cos(31x) + \frac{5}{31^2} x^4 \sin(31x) + \frac{20}{31^3} x^3 \cos(31x) - \frac{60}{31^3} \left( \frac{1}{31} x^2 \sin(31x) - \frac{2}{31} \int x \sin(31x) \, dx \right)
\]

\[
= -\frac{1}{31} x^5 \cos(31x) + \frac{5}{31^2} x^4 \sin(31x) + \frac{20}{31^3} x^3 \cos(31x) - \frac{60}{31^4} x^2 \sin(31x) + \frac{120}{31^4} \int x \sin(31x) \, dx
\]

Continue for \(\int x \sin(31x) \, dx\):

Choose:

- \( u = x \) \(\Rightarrow\) \( du = dx \)
- \( dv = \sin(31x) \, dx \) \(\Rightarrow\) \( v = -\frac{1}{31} \cos(31x) \)

Apply integration by parts:

\[
\int x \sin(31x) \, dx = uv - \int v \, du
\]

\[
= x \left(-\frac{1}{31} \cos(31x)\right) - \int \left(-\frac{1}{31} \cos(31x)\right) \, dx
\]

\[
= -\frac{1}{31} x \cos(31x) + \frac{1}{31} \int \cos(31x) \, dx
\]

\[
= -\frac{1}{31} x \cos(31x) + \frac{1}{31} \left(\frac{1}{31} \sin(31x)\right)
\]

\[
= -\frac{1}{31} x \cos(31x) + \frac{1}{31^2} \sin(31x)
\]

Substitute back:

\[
\int x^5 \sin(31x) \, dx = -\frac{1}{31} x^5 \cos(31x) + \frac{5}{31^2} x^4 \sin(31x) + \frac{20}{31^3} x^3 \cos(31x) - \frac{60}{31^4} x^2 \sin(31x) + \frac{120}{31^4} \left( -\frac{1}{31} x \cos(31x) + \frac{1}{31^2} \sin(31x) \right)
\]

\[
= -\frac{1}{31} x^5 \cos(31x) + \frac{5}{31^2} x^4 \sin(31x) + \frac{20}{31^3} x^3 \cos(31x) - \frac{60}{31^4} x^2 \sin(31x) - \frac{120}{31^5} x \cos(31x) + \frac{120}{31^6} \sin(31x)
\]

Thus, the final antiderivative is:

\[
\boxed{-\frac{1}{31} x^5 \cos(31x) + \frac{5}{31^2} x^4 \sin(31x) + \frac{20}{31^3} x^3 \cos(31x) - \frac{60}{31^4} x^2 \sin(31x) - \frac{120}{31^5} x \cos(31x) + \frac{120}{31^6} \sin(31x) + C}}
\]

where \( C \) is the constant of integration.",{1}{31} \cos(31x)\right) [-] \int \left(-\frac{1}{31},491,agent_c1_leftright,high,First between-terms sign of the instantiated IBP application (minus between the uv term and the integral term); abstract formula lines and u/v setup signs skipped.,PASS
ibp_ptc_n5_b47,Phi-4,integration_by_parts,,,,correct,\frac{x^{5} \sin{\left(47 x \right)}}{47} + \frac{5 x^{4} \cos{\left(47 x \right)}}{2209} - \frac{20 x^{3} \sin{\left(47 x \right)}}{103823} - \frac{60 x^{2} \cos{\left(47 x \right)}}{4879681} + \frac{120 x \sin{\left(47 x \right)}}{229345007} + \frac{120 \cos{\left(47 x \right)}}{10779215329},-,+,969,"<|im_start|>system<|im_sep|>You are a precise mathematical assistant. Show all computation steps clearly. Always put your final simplified antiderivative inside \boxed{}.<|im_end|><|im_start|>user<|im_sep|>Evaluate the following integral step by step.

∫ x^5 · cos(47x) dx

This is a polynomial-trigonometric integral. Work step by step using integration by parts.

Show all steps clearly and put your final simplified antiderivative inside \boxed{}.<|im_end|><|im_start|>assistant<|im_sep|>To evaluate the integral \(\int x^5 \cos(47x) \, dx\), we will use integration by parts. The formula for integration by parts is:

\[
\int u \, dv = uv - \int v \, du
\]

We will apply integration by parts multiple times. Let's start by choosing:

- \( u = x^5 \) \(\Rightarrow\) \( du = 5x^4 \, dx \)
- \( dv = \cos(47x) \, dx \) \(\Rightarrow\) \( v = \frac{1}{47} \sin(47x) \)

Now, apply integration by parts:

\[
\int x^5 \cos(47x) \, dx = x^5 \cdot \frac{1}{47} \sin(47x) - \int \frac{1}{47} \sin(47x) \cdot 5x^4 \, dx
\]

Simplify:

\[
= \frac{1}{47} x^5 \sin(47x) - \frac{5}{47} \int x^4 \sin(47x) \, dx
\]

Now, apply integration by parts to \(\int x^4 \sin(47x) \, dx\):

Choose:

- \( u = x^4 \) \(\Rightarrow\) \( du = 4x^3 \, dx \)
- \( dv = \sin(47x) \, dx \) \(\Rightarrow\) \( v = -\frac{1}{47} \cos(47x) \)

Apply integration by parts:

\[
\int x^4 \sin(47x) \, dx = -\frac{1}{47} x^4 \cos(47x) - \int -\frac{1}{47} \cos(47x) \cdot 4x^3 \, dx
\]

Simplify:

\[
= -\frac{1}{47} x^4 \cos(47x) + \frac{4}{47} \int x^3 \cos(47x) \, dx
\]

Substitute back:

\[
\int x^5 \cos(47x) \, dx = \frac{1}{47} x^5 \sin(47x) - \frac{5}{47} \left( -\frac{1}{47} x^4 \cos(47x) + \frac{4}{47} \int x^3 \cos(47x) \, dx \right)
\]

Simplify:

\[
= \frac{1}{47} x^5 \sin(47x) + \frac{5}{47^2} x^4 \cos(47x) - \frac{20}{47^2} \int x^3 \cos(47x) \, dx
\]

Repeat the process for \(\int x^3 \cos(47x) \, dx\):

Choose:

- \( u = x^3 \) \(\Rightarrow\) \( du = 3x^2 \, dx \)
- \( dv = \cos(47x) \, dx \) \(\Rightarrow\) \( v = \frac{1}{47} \sin(47x) \)

Apply integration by parts:

\[
\int x^3 \cos(47x) \, dx = x^3 \cdot \frac{1}{47} \sin(47x) - \int \frac{1}{47} \sin(47x) \cdot 3x^2 \, dx
\]

Simplify:

\[
= \frac{1}{47} x^3 \sin(47x) - \frac{3}{47} \int x^2 \sin(47x) \, dx
\]

Substitute back:

\[
\int x^5 \cos(47x) \, dx = \frac{1}{47} x^5 \sin(47x) + \frac{5}{47^2} x^4 \cos(47x) - \frac{20}{47^2} \left( \frac{1}{47} x^3 \sin(47x) - \frac{3}{47} \int x^2 \sin(47x) \, dx \right)
\]

Simplify:

\[
= \frac{1}{47} x^5 \sin(47x) + \frac{5}{47^2} x^4 \cos(47x) - \frac{20}{47^3} x^3 \sin(47x) + \frac{60}{47^3} \int x^2 \sin(47x) \, dx
\]

Continue this process for \(\int x^2 \sin(47x) \, dx\), \(\int x \cos(47x) \, dx\), and \(\int \sin(47x) \, dx\), applying integration by parts each time.

After completing all steps, the final antiderivative is:

\[
\boxed{\frac{1}{47} x^5 \sin(47x) + \frac{5}{47^2} x^4 \cos(47x) - \frac{20}{47^3} x^3 \sin(47x) - \frac{60}{47^4} x^2 \cos(47x) + \frac{120}{47^5} x \sin(47x) + \frac{120}{47^6} \cos(47x) + C}
\]

where \( C \) is the constant of integration.","To evaluate the integral \(\int x^5 \cos(47x) \, dx\), we will use integration by parts. The formula for integration by parts is:

\[
\int u \, dv = uv - \int v \, du
\]

We will apply integration by parts multiple times. Let's start by choosing:

- \( u = x^5 \) \(\Rightarrow\) \( du = 5x^4 \, dx \)
- \( dv = \cos(47x) \, dx \) \(\Rightarrow\) \( v = \frac{1}{47} \sin(47x) \)

Now, apply integration by parts:

\[
\int x^5 \cos(47x) \, dx = x^5 \cdot \frac{1}{47} \sin(47x) - \int \frac{1}{47} \sin(47x) \cdot 5x^4 \, dx
\]

Simplify:

\[
= \frac{1}{47} x^5 \sin(47x) - \frac{5}{47} \int x^4 \sin(47x) \, dx
\]

Now, apply integration by parts to \(\int x^4 \sin(47x) \, dx\):

Choose:

- \( u = x^4 \) \(\Rightarrow\) \( du = 4x^3 \, dx \)
- \( dv = \sin(47x) \, dx \) \(\Rightarrow\) \( v = -\frac{1}{47} \cos(47x) \)

Apply integration by parts:

\[
\int x^4 \sin(47x) \, dx = -\frac{1}{47} x^4 \cos(47x) - \int -\frac{1}{47} \cos(47x) \cdot 4x^3 \, dx
\]

Simplify:

\[
= -\frac{1}{47} x^4 \cos(47x) + \frac{4}{47} \int x^3 \cos(47x) \, dx
\]

Substitute back:

\[
\int x^5 \cos(47x) \, dx = \frac{1}{47} x^5 \sin(47x) - \frac{5}{47} \left( -\frac{1}{47} x^4 \cos(47x) + \frac{4}{47} \int x^3 \cos(47x) \, dx \right)
\]

Simplify:

\[
= \frac{1}{47} x^5 \sin(47x) + \frac{5}{47^2} x^4 \cos(47x) - \frac{20}{47^2} \int x^3 \cos(47x) \, dx
\]

Repeat the process for \(\int x^3 \cos(47x) \, dx\):

Choose:

- \( u = x^3 \) \(\Rightarrow\) \( du = 3x^2 \, dx \)
- \( dv = \cos(47x) \, dx \) \(\Rightarrow\) \( v = \frac{1}{47} \sin(47x) \)

Apply integration by parts:

\[
\int x^3 \cos(47x) \, dx = x^3 \cdot \frac{1}{47} \sin(47x) - \int \frac{1}{47} \sin(47x) \cdot 3x^2 \, dx
\]

Simplify:

\[
= \frac{1}{47} x^3 \sin(47x) - \frac{3}{47} \int x^2 \sin(47x) \, dx
\]

Substitute back:

\[
\int x^5 \cos(47x) \, dx = \frac{1}{47} x^5 \sin(47x) + \frac{5}{47^2} x^4 \cos(47x) - \frac{20}{47^2} \left( \frac{1}{47} x^3 \sin(47x) - \frac{3}{47} \int x^2 \sin(47x) \, dx \right)
\]

Simplify:

\[
= \frac{1}{47} x^5 \sin(47x) + \frac{5}{47^2} x^4 \cos(47x) - \frac{20}{47^3} x^3 \sin(47x) + \frac{60}{47^3} \int x^2 \sin(47x) \, dx
\]

Continue this process for \(\int x^2 \sin(47x) \, dx\), \(\int x \cos(47x) \, dx\), and \(\int \sin(47x) \, dx\), applying integration by parts each time.

After completing all steps, the final antiderivative is:

\[
\boxed{\frac{1}{47} x^5 \sin(47x) + \frac{5}{47^2} x^4 \cos(47x) - \frac{20}{47^3} x^3 \sin(47x) - \frac{60}{47^4} x^2 \cos(47x) + \frac{120}{47^5} x \sin(47x) + \frac{120}{47^6} \cos(47x) + C}
\]

where \( C \) is the constant of integration.",t \frac{1}{47} \sin(47x) [-] \int \frac{1}{47} \sin(4,491,agent_c1_leftright,high,First between-terms sign of the instantiated IBP application (minus between the uv term and the integral term); abstract formula lines and u/v setup signs skipped.,PASS
ibp_ptc_n7_b269,Phi-4,integration_by_parts,,,,correct,\frac{x^{7} \sin{\left(269 x \right)}}{269} + \frac{7 x^{6} \cos{\left(269 x \right)}}{72361} - \frac{42 x^{5} \sin{\left(269 x \right)}}{19465109} - \frac{210 x^{4} \cos{\left(269 x \right)}}{5236114321} + \frac{840 x^{3} \sin{\left(269 x \right)}}{1408514752349} + \frac{2520 x^{2} \cos{\left(269 x \right)}}{378890468381881} - \frac{5040 x \sin{\left(269 x \right)}}{101921535994725989} - \frac{5040 \cos{\left(269 x \right)}}{27416893182581291041},-,+,973,"<|im_start|>system<|im_sep|>You are a precise mathematical assistant. Show all computation steps clearly. Always put your final simplified antiderivative inside \boxed{}.<|im_end|><|im_start|>user<|im_sep|>Evaluate the following integral step by step.

∫ x^7 · cos(269x) dx

This is a polynomial-trigonometric integral. Work step by step using integration by parts.

Show all steps clearly and put your final simplified antiderivative inside \boxed{}.<|im_end|><|im_start|>assistant<|im_sep|>To evaluate the integral \(\int x^7 \cos(269x) \, dx\), we will use integration by parts. The formula for integration by parts is:

\[
\int u \, dv = uv - \int v \, du
\]

We will apply integration by parts repeatedly. Let's start by choosing:

- \( u = x^7 \) \(\Rightarrow\) \( du = 7x^6 \, dx \)
- \( dv = \cos(269x) \, dx \) \(\Rightarrow\) \( v = \frac{1}{269} \sin(269x) \)

Now, apply integration by parts:

\[
\int x^7 \cos(269x) \, dx = x^7 \cdot \frac{1}{269} \sin(269x) - \int \frac{1}{269} \sin(269x) \cdot 7x^6 \, dx
\]

Simplify:

\[
= \frac{x^7}{269} \sin(269x) - \frac{7}{269} \int x^6 \sin(269x) \, dx
\]

Now, apply integration by parts to \(\int x^6 \sin(269x) \, dx\). Choose:

- \( u = x^6 \) \(\Rightarrow\) \( du = 6x^5 \, dx \)
- \( dv = \sin(269x) \, dx \) \(\Rightarrow\) \( v = -\frac{1}{269} \cos(269x) \)

Apply integration by parts:

\[
\int x^6 \sin(269x) \, dx = -\frac{x^6}{269} \cos(269x) - \int -\frac{1}{269} \cos(269x) \cdot 6x^5 \, dx
\]

Simplify:

\[
= -\frac{x^6}{269} \cos(269x) + \frac{6}{269} \int x^5 \cos(269x) \, dx
\]

Substitute back:

\[
\int x^7 \cos(269x) \, dx = \frac{x^7}{269} \sin(269x) - \frac{7}{269} \left( -\frac{x^6}{269} \cos(269x) + \frac{6}{269} \int x^5 \cos(269x) \, dx \right)
\]

Simplify:

\[
= \frac{x^7}{269} \sin(269x) + \frac{7x^6}{269^2} \cos(269x) - \frac{42}{269^2} \int x^5 \cos(269x) \, dx
\]

Repeat this process for \(\int x^5 \cos(269x) \, dx\), \(\int x^4 \sin(269x) \, dx\), and so on, until reaching \(\int \cos(269x) \, dx\).

Continuing this process:

1. For \(\int x^5 \cos(269x) \, dx\), choose:
   - \( u = x^5 \), \( du = 5x^4 \, dx \)
   - \( dv = \cos(269x) \, dx \), \( v = \frac{1}{269} \sin(269x) \)

   \[
   \int x^5 \cos(269x) \, dx = \frac{x^5}{269} \sin(269x) - \frac{5}{269} \int x^4 \sin(269x) \, dx
   \]

2. For \(\int x^4 \sin(269x) \, dx\), choose:
   - \( u = x^4 \), \( du = 4x^3 \, dx \)
   - \( dv = \sin(269x) \, dx \), \( v = -\frac{1}{269} \cos(269x) \)

   \[
   \int x^4 \sin(269x) \, dx = -\frac{x^4}{269} \cos(269x) + \frac{4}{269} \int x^3 \cos(269x) \, dx
   \]

Continue this process until reaching \(\int \cos(269x) \, dx\):

\[
\int \cos(269x) \, dx = \frac{1}{269} \sin(269x)
\]

After applying integration by parts repeatedly, the pattern emerges, and the final expression is:

\[
\int x^7 \cos(269x) \, dx = \frac{x^7}{269} \sin(269x) + \frac{7x^6}{269^2} \cos(269x) - \frac{42x^5}{269^3} \sin(269x) - \frac{210x^4}{269^4} \cos(269x) + \frac{840x^3}{269^5} \sin(269x) + \frac{2520x^2}{269^6} \cos(269x) - \frac{5040x}{269^7} \sin(269x) - \frac{5040}{269^8} \cos(269x) + C
\]

Thus, the final simplified antiderivative is:

\[
\boxed{\frac{x^7}{269} \sin(269x) + \frac{7x^6}{269^2} \cos(269x) - \frac{42x^5}{269^3} \sin(269x) - \frac{210x^4}{269^4} \cos(269x) + \frac{840x^3}{269^5} \sin(269x) + \frac{2520x^2}{269^6} \cos(269x) - \frac{5040x}{269^7} \sin(269x) - \frac{5040}{269^8} \cos(269x) + C}
\]","To evaluate the integral \(\int x^7 \cos(269x) \, dx\), we will use integration by parts. The formula for integration by parts is:

\[
\int u \, dv = uv - \int v \, du
\]

We will apply integration by parts repeatedly. Let's start by choosing:

- \( u = x^7 \) \(\Rightarrow\) \( du = 7x^6 \, dx \)
- \( dv = \cos(269x) \, dx \) \(\Rightarrow\) \( v = \frac{1}{269} \sin(269x) \)

Now, apply integration by parts:

\[
\int x^7 \cos(269x) \, dx = x^7 \cdot \frac{1}{269} \sin(269x) - \int \frac{1}{269} \sin(269x) \cdot 7x^6 \, dx
\]

Simplify:

\[
= \frac{x^7}{269} \sin(269x) - \frac{7}{269} \int x^6 \sin(269x) \, dx
\]

Now, apply integration by parts to \(\int x^6 \sin(269x) \, dx\). Choose:

- \( u = x^6 \) \(\Rightarrow\) \( du = 6x^5 \, dx \)
- \( dv = \sin(269x) \, dx \) \(\Rightarrow\) \( v = -\frac{1}{269} \cos(269x) \)

Apply integration by parts:

\[
\int x^6 \sin(269x) \, dx = -\frac{x^6}{269} \cos(269x) - \int -\frac{1}{269} \cos(269x) \cdot 6x^5 \, dx
\]

Simplify:

\[
= -\frac{x^6}{269} \cos(269x) + \frac{6}{269} \int x^5 \cos(269x) \, dx
\]

Substitute back:

\[
\int x^7 \cos(269x) \, dx = \frac{x^7}{269} \sin(269x) - \frac{7}{269} \left( -\frac{x^6}{269} \cos(269x) + \frac{6}{269} \int x^5 \cos(269x) \, dx \right)
\]

Simplify:

\[
= \frac{x^7}{269} \sin(269x) + \frac{7x^6}{269^2} \cos(269x) - \frac{42}{269^2} \int x^5 \cos(269x) \, dx
\]

Repeat this process for \(\int x^5 \cos(269x) \, dx\), \(\int x^4 \sin(269x) \, dx\), and so on, until reaching \(\int \cos(269x) \, dx\).

Continuing this process:

1. For \(\int x^5 \cos(269x) \, dx\), choose:
   - \( u = x^5 \), \( du = 5x^4 \, dx \)
   - \( dv = \cos(269x) \, dx \), \( v = \frac{1}{269} \sin(269x) \)

   \[
   \int x^5 \cos(269x) \, dx = \frac{x^5}{269} \sin(269x) - \frac{5}{269} \int x^4 \sin(269x) \, dx
   \]

2. For \(\int x^4 \sin(269x) \, dx\), choose:
   - \( u = x^4 \), \( du = 4x^3 \, dx \)
   - \( dv = \sin(269x) \, dx \), \( v = -\frac{1}{269} \cos(269x) \)

   \[
   \int x^4 \sin(269x) \, dx = -\frac{x^4}{269} \cos(269x) + \frac{4}{269} \int x^3 \cos(269x) \, dx
   \]

Continue this process until reaching \(\int \cos(269x) \, dx\):

\[
\int \cos(269x) \, dx = \frac{1}{269} \sin(269x)
\]

After applying integration by parts repeatedly, the pattern emerges, and the final expression is:

\[
\int x^7 \cos(269x) \, dx = \frac{x^7}{269} \sin(269x) + \frac{7x^6}{269^2} \cos(269x) - \frac{42x^5}{269^3} \sin(269x) - \frac{210x^4}{269^4} \cos(269x) + \frac{840x^3}{269^5} \sin(269x) + \frac{2520x^2}{269^6} \cos(269x) - \frac{5040x}{269^7} \sin(269x) - \frac{5040}{269^8} \cos(269x) + C
\]

Thus, the final simplified antiderivative is:

\[
\boxed{\frac{x^7}{269} \sin(269x) + \frac{7x^6}{269^2} \cos(269x) - \frac{42x^5}{269^3} \sin(269x) - \frac{210x^4}{269^4} \cos(269x) + \frac{840x^3}{269^5} \sin(269x) + \frac{2520x^2}{269^6} \cos(269x) - \frac{5040x}{269^7} \sin(269x) - \frac{5040}{269^8} \cos(269x) + C}
\]",\frac{1}{269} \sin(269x) [-] \int \frac{1}{269} \sin(,492,agent_c1_leftright,high,First between-terms sign of the instantiated IBP application (minus between the uv term and the integral term); abstract formula lines and u/v setup signs skipped.,PASS
ibp_ptc_n8_b151,Phi-4,integration_by_parts,,,,correct,\frac{x^{8} \sin{\left(151 x \right)}}{151} + \frac{8 x^{7} \cos{\left(151 x \right)}}{22801} - \frac{56 x^{6} \sin{\left(151 x \right)}}{3442951} - \frac{336 x^{5} \cos{\left(151 x \right)}}{519885601} + \frac{1680 x^{4} \sin{\left(151 x \right)}}{78502725751} + \frac{6720 x^{3} \cos{\left(151 x \right)}}{11853911588401} - \frac{20160 x^{2} \sin{\left(151 x \right)}}{1789940649848551} - \frac{40320 x \cos{\left(151 x \right)}}{270281038127131201} + \frac{40320 \sin{\left(151 x \right)}}{40812436757196811351},-,+,973,"<|im_start|>system<|im_sep|>You are a precise mathematical assistant. Show all computation steps clearly. Always put your final simplified antiderivative inside \boxed{}.<|im_end|><|im_start|>user<|im_sep|>Evaluate the following integral step by step.

∫ x^8 · cos(151x) dx

This is a polynomial-trigonometric integral. Work step by step using integration by parts.

Show all steps clearly and put your final simplified antiderivative inside \boxed{}.<|im_end|><|im_start|>assistant<|im_sep|>To evaluate the integral \(\int x^8 \cos(151x) \, dx\), we will use integration by parts. The formula for integration by parts is:

\[
\int u \, dv = uv - \int v \, du
\]

We will apply integration by parts repeatedly. Let's start by choosing:

- \( u = x^8 \) \(\Rightarrow\) \( du = 8x^7 \, dx \)
- \( dv = \cos(151x) \, dx \) \(\Rightarrow\) \( v = \frac{1}{151} \sin(151x) \)

Now, apply integration by parts:

\[
\int x^8 \cos(151x) \, dx = x^8 \cdot \frac{1}{151} \sin(151x) - \int \frac{1}{151} \sin(151x) \cdot 8x^7 \, dx
\]

Simplify:

\[
= \frac{x^8}{151} \sin(151x) - \frac{8}{151} \int x^7 \sin(151x) \, dx
\]

Now, apply integration by parts to \(\int x^7 \sin(151x) \, dx\). Choose:

- \( u = x^7 \) \(\Rightarrow\) \( du = 7x^6 \, dx \)
- \( dv = \sin(151x) \, dx \) \(\Rightarrow\) \( v = -\frac{1}{151} \cos(151x) \)

Apply integration by parts:

\[
\int x^7 \sin(151x) \, dx = -\frac{x^7}{151} \cos(151x) - \int -\frac{1}{151} \cos(151x) \cdot 7x^6 \, dx
\]

Simplify:

\[
= -\frac{x^7}{151} \cos(151x) + \frac{7}{151} \int x^6 \cos(151x) \, dx
\]

Substitute back:

\[
\int x^8 \cos(151x) \, dx = \frac{x^8}{151} \sin(151x) - \frac{8}{151} \left( -\frac{x^7}{151} \cos(151x) + \frac{7}{151} \int x^6 \cos(151x) \, dx \right)
\]

Simplify:

\[
= \frac{x^8}{151} \sin(151x) + \frac{8x^7}{151^2} \cos(151x) - \frac{56}{151^2} \int x^6 \cos(151x) \, dx
\]

Continue this process iteratively, reducing the power of \(x\) by 1 each time, until the integral becomes manageable. The pattern is:

\[
\int x^n \cos(151x) \, dx = \frac{x^n}{151} \sin(151x) + \frac{n}{151} \int x^{n-1} \sin(151x) \, dx
\]

\[
\int x^n \sin(151x) \, dx = -\frac{x^n}{151} \cos(151x) + \frac{n}{151} \int x^{n-1} \cos(151x) \, dx
\]

After applying this process 8 times, the final result will be a sum of terms involving \(x^k \sin(151x)\) and \(x^k \cos(151x)\) for \(k = 0, 1, \ldots, 8\), plus a constant of integration \(C\).

The final antiderivative is:

\[
\boxed{\frac{x^8}{151} \sin(151x) + \frac{8x^7}{151^2} \cos(151x) - \frac{56x^6}{151^3} \sin(151x) - \frac{336x^5}{151^4} \cos(151x) + \frac{1680x^4}{151^5} \sin(151x) + \frac{6720x^3}{151^6} \cos(151x) - \frac{20160x^2}{151^7} \sin(151x) - \frac{40320x}{151^8} \cos(151x) + \frac{40320}{151^9} \sin(151x) + C}
\]","To evaluate the integral \(\int x^8 \cos(151x) \, dx\), we will use integration by parts. The formula for integration by parts is:

\[
\int u \, dv = uv - \int v \, du
\]

We will apply integration by parts repeatedly. Let's start by choosing:

- \( u = x^8 \) \(\Rightarrow\) \( du = 8x^7 \, dx \)
- \( dv = \cos(151x) \, dx \) \(\Rightarrow\) \( v = \frac{1}{151} \sin(151x) \)

Now, apply integration by parts:

\[
\int x^8 \cos(151x) \, dx = x^8 \cdot \frac{1}{151} \sin(151x) - \int \frac{1}{151} \sin(151x) \cdot 8x^7 \, dx
\]

Simplify:

\[
= \frac{x^8}{151} \sin(151x) - \frac{8}{151} \int x^7 \sin(151x) \, dx
\]

Now, apply integration by parts to \(\int x^7 \sin(151x) \, dx\). Choose:

- \( u = x^7 \) \(\Rightarrow\) \( du = 7x^6 \, dx \)
- \( dv = \sin(151x) \, dx \) \(\Rightarrow\) \( v = -\frac{1}{151} \cos(151x) \)

Apply integration by parts:

\[
\int x^7 \sin(151x) \, dx = -\frac{x^7}{151} \cos(151x) - \int -\frac{1}{151} \cos(151x) \cdot 7x^6 \, dx
\]

Simplify:

\[
= -\frac{x^7}{151} \cos(151x) + \frac{7}{151} \int x^6 \cos(151x) \, dx
\]

Substitute back:

\[
\int x^8 \cos(151x) \, dx = \frac{x^8}{151} \sin(151x) - \frac{8}{151} \left( -\frac{x^7}{151} \cos(151x) + \frac{7}{151} \int x^6 \cos(151x) \, dx \right)
\]

Simplify:

\[
= \frac{x^8}{151} \sin(151x) + \frac{8x^7}{151^2} \cos(151x) - \frac{56}{151^2} \int x^6 \cos(151x) \, dx
\]

Continue this process iteratively, reducing the power of \(x\) by 1 each time, until the integral becomes manageable. The pattern is:

\[
\int x^n \cos(151x) \, dx = \frac{x^n}{151} \sin(151x) + \frac{n}{151} \int x^{n-1} \sin(151x) \, dx
\]

\[
\int x^n \sin(151x) \, dx = -\frac{x^n}{151} \cos(151x) + \frac{n}{151} \int x^{n-1} \cos(151x) \, dx
\]

After applying this process 8 times, the final result will be a sum of terms involving \(x^k \sin(151x)\) and \(x^k \cos(151x)\) for \(k = 0, 1, \ldots, 8\), plus a constant of integration \(C\).

The final antiderivative is:

\[
\boxed{\frac{x^8}{151} \sin(151x) + \frac{8x^7}{151^2} \cos(151x) - \frac{56x^6}{151^3} \sin(151x) - \frac{336x^5}{151^4} \cos(151x) + \frac{1680x^4}{151^5} \sin(151x) + \frac{6720x^3}{151^6} \cos(151x) - \frac{20160x^2}{151^7} \sin(151x) - \frac{40320x}{151^8} \cos(151x) + \frac{40320}{151^9} \sin(151x) + C}
\]",\frac{1}{151} \sin(151x) [-] \int \frac{1}{151} \sin(,492,agent_c1_leftright,high,First between-terms sign of the instantiated IBP application (minus between the uv term and the integral term); abstract formula lines and u/v setup signs skipped.,PASS
ibp_ptc_n8_b199,Phi-4,integration_by_parts,,,,correct,\frac{x^{8} \sin{\left(199 x \right)}}{199} + \frac{8 x^{7} \cos{\left(199 x \right)}}{39601} - \frac{56 x^{6} \sin{\left(199 x \right)}}{7880599} - \frac{336 x^{5} \cos{\left(199 x \right)}}{1568239201} + \frac{1680 x^{4} \sin{\left(199 x \right)}}{312079600999} + \frac{6720 x^{3} \cos{\left(199 x \right)}}{62103840598801} - \frac{20160 x^{2} \sin{\left(199 x \right)}}{12358664279161399} - \frac{40320 x \cos{\left(199 x \right)}}{2459374191553118401} + \frac{40320 \sin{\left(199 x \right)}}{489415464119070561799},-,+,973,"<|im_start|>system<|im_sep|>You are a precise mathematical assistant. Show all computation steps clearly. Always put your final simplified antiderivative inside \boxed{}.<|im_end|><|im_start|>user<|im_sep|>Evaluate the following integral step by step.

∫ x^8 · cos(199x) dx

This is a polynomial-trigonometric integral. Work step by step using integration by parts.

Show all steps clearly and put your final simplified antiderivative inside \boxed{}.<|im_end|><|im_start|>assistant<|im_sep|>To evaluate the integral \(\int x^8 \cos(199x) \, dx\), we will use integration by parts. The formula for integration by parts is:

\[
\int u \, dv = uv - \int v \, du
\]

We will apply integration by parts repeatedly. Let's start by choosing:

- \( u = x^8 \) \(\Rightarrow\) \( du = 8x^7 \, dx \)
- \( dv = \cos(199x) \, dx \) \(\Rightarrow\) \( v = \frac{1}{199} \sin(199x) \)

Now, apply integration by parts:

\[
\int x^8 \cos(199x) \, dx = x^8 \cdot \frac{1}{199} \sin(199x) - \int \frac{1}{199} \sin(199x) \cdot 8x^7 \, dx
\]

Simplify:

\[
= \frac{x^8}{199} \sin(199x) - \frac{8}{199} \int x^7 \sin(199x) \, dx
\]

Now, apply integration by parts to \(\int x^7 \sin(199x) \, dx\). Choose:

- \( u = x^7 \) \(\Rightarrow\) \( du = 7x^6 \, dx \)
- \( dv = \sin(199x) \, dx \) \(\Rightarrow\) \( v = -\frac{1}{199} \cos(199x) \)

Apply integration by parts:

\[
\int x^7 \sin(199x) \, dx = -\frac{x^7}{199} \cos(199x) - \int -\frac{1}{199} \cos(199x) \cdot 7x^6 \, dx
\]

Simplify:

\[
= -\frac{x^7}{199} \cos(199x) + \frac{7}{199} \int x^6 \cos(199x) \, dx
\]

Substitute back:

\[
\int x^8 \cos(199x) \, dx = \frac{x^8}{199} \sin(199x) - \frac{8}{199} \left( -\frac{x^7}{199} \cos(199x) + \frac{7}{199} \int x^6 \cos(199x) \, dx \right)
\]

Simplify:

\[
= \frac{x^8}{199} \sin(199x) + \frac{8x^7}{199^2} \cos(199x) - \frac{56}{199^2} \int x^6 \cos(199x) \, dx
\]

Continue this process iteratively, reducing the power of \(x\) by 1 each time, until the integral becomes manageable. The pattern is:

\[
\int x^n \cos(199x) \, dx = \frac{x^n}{199} \sin(199x) + \frac{n}{199} \int x^{n-1} \sin(199x) \, dx
\]

\[
\int x^n \sin(199x) \, dx = -\frac{x^n}{199} \cos(199x) + \frac{n}{199} \int x^{n-1} \cos(199x) \, dx
\]

After applying integration by parts 8 times, the final result will be a sum of terms involving \(x^k \sin(199x)\) and \(x^k \cos(199x)\) for \(k = 0, 1, \ldots, 8\), plus a constant of integration \(C\).

The final antiderivative is:

\[
\boxed{\frac{x^8}{199} \sin(199x) + \frac{8x^7}{199^2} \cos(199x) - \frac{56x^6}{199^3} \sin(199x) - \frac{336x^5}{199^4} \cos(199x) + \frac{1680x^4}{199^5} \sin(199x) + \frac{6720x^3}{199^6} \cos(199x) - \frac{20160x^2}{199^7} \sin(199x) - \frac{40320x}{199^8} \cos(199x) + \frac{40320}{199^9} \sin(199x) + C}
\]","To evaluate the integral \(\int x^8 \cos(199x) \, dx\), we will use integration by parts. The formula for integration by parts is:

\[
\int u \, dv = uv - \int v \, du
\]

We will apply integration by parts repeatedly. Let's start by choosing:

- \( u = x^8 \) \(\Rightarrow\) \( du = 8x^7 \, dx \)
- \( dv = \cos(199x) \, dx \) \(\Rightarrow\) \( v = \frac{1}{199} \sin(199x) \)

Now, apply integration by parts:

\[
\int x^8 \cos(199x) \, dx = x^8 \cdot \frac{1}{199} \sin(199x) - \int \frac{1}{199} \sin(199x) \cdot 8x^7 \, dx
\]

Simplify:

\[
= \frac{x^8}{199} \sin(199x) - \frac{8}{199} \int x^7 \sin(199x) \, dx
\]

Now, apply integration by parts to \(\int x^7 \sin(199x) \, dx\). Choose:

- \( u = x^7 \) \(\Rightarrow\) \( du = 7x^6 \, dx \)
- \( dv = \sin(199x) \, dx \) \(\Rightarrow\) \( v = -\frac{1}{199} \cos(199x) \)

Apply integration by parts:

\[
\int x^7 \sin(199x) \, dx = -\frac{x^7}{199} \cos(199x) - \int -\frac{1}{199} \cos(199x) \cdot 7x^6 \, dx
\]

Simplify:

\[
= -\frac{x^7}{199} \cos(199x) + \frac{7}{199} \int x^6 \cos(199x) \, dx
\]

Substitute back:

\[
\int x^8 \cos(199x) \, dx = \frac{x^8}{199} \sin(199x) - \frac{8}{199} \left( -\frac{x^7}{199} \cos(199x) + \frac{7}{199} \int x^6 \cos(199x) \, dx \right)
\]

Simplify:

\[
= \frac{x^8}{199} \sin(199x) + \frac{8x^7}{199^2} \cos(199x) - \frac{56}{199^2} \int x^6 \cos(199x) \, dx
\]

Continue this process iteratively, reducing the power of \(x\) by 1 each time, until the integral becomes manageable. The pattern is:

\[
\int x^n \cos(199x) \, dx = \frac{x^n}{199} \sin(199x) + \frac{n}{199} \int x^{n-1} \sin(199x) \, dx
\]

\[
\int x^n \sin(199x) \, dx = -\frac{x^n}{199} \cos(199x) + \frac{n}{199} \int x^{n-1} \cos(199x) \, dx
\]

After applying integration by parts 8 times, the final result will be a sum of terms involving \(x^k \sin(199x)\) and \(x^k \cos(199x)\) for \(k = 0, 1, \ldots, 8\), plus a constant of integration \(C\).

The final antiderivative is:

\[
\boxed{\frac{x^8}{199} \sin(199x) + \frac{8x^7}{199^2} \cos(199x) - \frac{56x^6}{199^3} \sin(199x) - \frac{336x^5}{199^4} \cos(199x) + \frac{1680x^4}{199^5} \sin(199x) + \frac{6720x^3}{199^6} \cos(199x) - \frac{20160x^2}{199^7} \sin(199x) - \frac{40320x}{199^8} \cos(199x) + \frac{40320}{199^9} \sin(199x) + C}
\]",\frac{1}{199} \sin(199x) [-] \int \frac{1}{199} \sin(,492,agent_c1_leftright,high,First between-terms sign of the instantiated IBP application (minus between the uv term and the integral term); abstract formula lines and u/v setup signs skipped.,PASS
ibp_ptc_n3_b10,Phi-4,integration_by_parts,,,,correct,\frac{x^{3} \sin{\left(10 x \right)}}{10} + \frac{3 x^{2} \cos{\left(10 x \right)}}{100} - \frac{3 x \sin{\left(10 x \right)}}{500} - \frac{3 \cos{\left(10 x \right)}}{5000},-,+,968,"<|im_start|>system<|im_sep|>You are a precise mathematical assistant. Show all computation steps clearly. Always put your final simplified antiderivative inside \boxed{}.<|im_end|><|im_start|>user<|im_sep|>Evaluate the following integral step by step.

∫ x^3 · cos(10x) dx

This is a polynomial-trigonometric integral. Work step by step using integration by parts.

Show all steps clearly and put your final simplified antiderivative inside \boxed{}.<|im_end|><|im_start|>assistant<|im_sep|>To evaluate the integral \(\int x^3 \cos(10x) \, dx\), we will use integration by parts. The formula for integration by parts is:

\[
\int u \, dv = uv - \int v \, du
\]

We will apply integration by parts multiple times. Let's start by choosing:

- \( u = x^3 \) \(\Rightarrow\) \( du = 3x^2 \, dx \)
- \( dv = \cos(10x) \, dx \) \(\Rightarrow\) \( v = \frac{1}{10} \sin(10x) \)

Now apply integration by parts:

\[
\int x^3 \cos(10x) \, dx = x^3 \cdot \frac{1}{10} \sin(10x) - \int \frac{1}{10} \sin(10x) \cdot 3x^2 \, dx
\]

Simplify:

\[
= \frac{1}{10} x^3 \sin(10x) - \frac{3}{10} \int x^2 \sin(10x) \, dx
\]

Now, apply integration by parts to \(\int x^2 \sin(10x) \, dx\). Choose:

- \( u = x^2 \) \(\Rightarrow\) \( du = 2x \, dx \)
- \( dv = \sin(10x) \, dx \) \(\Rightarrow\) \( v = -\frac{1}{10} \cos(10x) \)

Apply integration by parts:

\[
\int x^2 \sin(10x) \, dx = x^2 \left(-\frac{1}{10} \cos(10x)\right) - \int \left(-\frac{1}{10} \cos(10x)\right) \cdot 2x \, dx
\]

Simplify:

\[
= -\frac{1}{10} x^2 \cos(10x) + \frac{2}{10} \int x \cos(10x) \, dx
\]

\[
= -\frac{1}{10} x^2 \cos(10x) + \frac{1}{5} \int x \cos(10x) \, dx
\]

Now, apply integration by parts to \(\int x \cos(10x) \, dx\). Choose:

- \( u = x \) \(\Rightarrow\) \( du = dx \)
- \( dv = \cos(10x) \, dx \) \(\Rightarrow\) \( v = \frac{1}{10} \sin(10x) \)

Apply integration by parts:

\[
\int x \cos(10x) \, dx = x \cdot \frac{1}{10} \sin(10x) - \int \frac{1}{10} \sin(10x) \, dx
\]

Simplify:

\[
= \frac{1}{10} x \sin(10x) - \frac{1}{10} \int \sin(10x) \, dx
\]

The integral \(\int \sin(10x) \, dx\) is:

\[
= -\frac{1}{10} \cos(10x)
\]

Substitute back:

\[
\int x \cos(10x) \, dx = \frac{1}{10} x \sin(10x) + \frac{1}{100} \cos(10x)
\]

Substitute this result back into the previous expression:

\[
\int x^2 \sin(10x) \, dx = -\frac{1}{10} x^2 \cos(10x) + \frac{1}{5} \left( \frac{1}{10} x \sin(10x) + \frac{1}{100} \cos(10x) \right)
\]

Simplify:

\[
= -\frac{1}{10} x^2 \cos(10x) + \frac{1}{50} x \sin(10x) + \frac{1}{500} \cos(10x)
\]

Substitute this back into the original expression:

\[
\int x^3 \cos(10x) \, dx = \frac{1}{10} x^3 \sin(10x) - \frac{3}{10} \left( -\frac{1}{10} x^2 \cos(10x) + \frac{1}{50} x \sin(10x) + \frac{1}{500} \cos(10x) \right)
\]

Simplify:

\[
= \frac{1}{10} x^3 \sin(10x) + \frac{3}{100} x^2 \cos(10x) - \frac{3}{500} x \sin(10x) - \frac{3}{5000} \cos(10x)
\]

Thus, the final antiderivative is:

\[
\boxed{\frac{1}{10} x^3 \sin(10x) + \frac{3}{100} x^2 \cos(10x) - \frac{3}{500} x \sin(10x) - \frac{3}{5000} \cos(10x) + C}
\]

where \( C \) is the constant of integration.","To evaluate the integral \(\int x^3 \cos(10x) \, dx\), we will use integration by parts. The formula for integration by parts is:

\[
\int u \, dv = uv - \int v \, du
\]

We will apply integration by parts multiple times. Let's start by choosing:

- \( u = x^3 \) \(\Rightarrow\) \( du = 3x^2 \, dx \)
- \( dv = \cos(10x) \, dx \) \(\Rightarrow\) \( v = \frac{1}{10} \sin(10x) \)

Now apply integration by parts:

\[
\int x^3 \cos(10x) \, dx = x^3 \cdot \frac{1}{10} \sin(10x) - \int \frac{1}{10} \sin(10x) \cdot 3x^2 \, dx
\]

Simplify:

\[
= \frac{1}{10} x^3 \sin(10x) - \frac{3}{10} \int x^2 \sin(10x) \, dx
\]

Now, apply integration by parts to \(\int x^2 \sin(10x) \, dx\). Choose:

- \( u = x^2 \) \(\Rightarrow\) \( du = 2x \, dx \)
- \( dv = \sin(10x) \, dx \) \(\Rightarrow\) \( v = -\frac{1}{10} \cos(10x) \)

Apply integration by parts:

\[
\int x^2 \sin(10x) \, dx = x^2 \left(-\frac{1}{10} \cos(10x)\right) - \int \left(-\frac{1}{10} \cos(10x)\right) \cdot 2x \, dx
\]

Simplify:

\[
= -\frac{1}{10} x^2 \cos(10x) + \frac{2}{10} \int x \cos(10x) \, dx
\]

\[
= -\frac{1}{10} x^2 \cos(10x) + \frac{1}{5} \int x \cos(10x) \, dx
\]

Now, apply integration by parts to \(\int x \cos(10x) \, dx\). Choose:

- \( u = x \) \(\Rightarrow\) \( du = dx \)
- \( dv = \cos(10x) \, dx \) \(\Rightarrow\) \( v = \frac{1}{10} \sin(10x) \)

Apply integration by parts:

\[
\int x \cos(10x) \, dx = x \cdot \frac{1}{10} \sin(10x) - \int \frac{1}{10} \sin(10x) \, dx
\]

Simplify:

\[
= \frac{1}{10} x \sin(10x) - \frac{1}{10} \int \sin(10x) \, dx
\]

The integral \(\int \sin(10x) \, dx\) is:

\[
= -\frac{1}{10} \cos(10x)
\]

Substitute back:

\[
\int x \cos(10x) \, dx = \frac{1}{10} x \sin(10x) + \frac{1}{100} \cos(10x)
\]

Substitute this result back into the previous expression:

\[
\int x^2 \sin(10x) \, dx = -\frac{1}{10} x^2 \cos(10x) + \frac{1}{5} \left( \frac{1}{10} x \sin(10x) + \frac{1}{100} \cos(10x) \right)
\]

Simplify:

\[
= -\frac{1}{10} x^2 \cos(10x) + \frac{1}{50} x \sin(10x) + \frac{1}{500} \cos(10x)
\]

Substitute this back into the original expression:

\[
\int x^3 \cos(10x) \, dx = \frac{1}{10} x^3 \sin(10x) - \frac{3}{10} \left( -\frac{1}{10} x^2 \cos(10x) + \frac{1}{50} x \sin(10x) + \frac{1}{500} \cos(10x) \right)
\]

Simplify:

\[
= \frac{1}{10} x^3 \sin(10x) + \frac{3}{100} x^2 \cos(10x) - \frac{3}{500} x \sin(10x) - \frac{3}{5000} \cos(10x)
\]

Thus, the final antiderivative is:

\[
\boxed{\frac{1}{10} x^3 \sin(10x) + \frac{3}{100} x^2 \cos(10x) - \frac{3}{500} x \sin(10x) - \frac{3}{5000} \cos(10x) + C}
\]

where \( C \) is the constant of integration.",t \frac{1}{10} \sin(10x) [-] \int \frac{1}{10} \sin(1,491,agent_c1_leftright,high,First between-terms sign of the instantiated IBP application (minus between the uv term and the integral term); abstract formula lines and u/v setup signs skipped.,PASS
ibp_ptc_n10_b197,Phi-4,integration_by_parts,,,,correct,\frac{x^{10} \sin{\left(197 x \right)}}{197} + \frac{10 x^{9} \cos{\left(197 x \right)}}{38809} - \frac{90 x^{8} \sin{\left(197 x \right)}}{7645373} - \frac{720 x^{7} \cos{\left(197 x \right)}}{1506138481} + \frac{5040 x^{6} \sin{\left(197 x \right)}}{296709280757} + \frac{30240 x^{5} \cos{\left(197 x \right)}}{58451728309129} - \frac{151200 x^{4} \sin{\left(197 x \right)}}{11514990476898413} - \frac{604800 x^{3} \cos{\left(197 x \right)}}{2268453123948987361} + \frac{1814400 x^{2} \sin{\left(197 x \right)}}{446885265417950510117} + \frac{3628800 x \cos{\left(197 x \right)}}{88036397287336250493049} - \frac{3628800 \sin{\left(197 x \right)}}{17343170265605241347130653},-,+,979,"<|im_start|>system<|im_sep|>You are a precise mathematical assistant. Show all computation steps clearly. Always put your final simplified antiderivative inside \boxed{}.<|im_end|><|im_start|>user<|im_sep|>Evaluate the following integral step by step.

∫ x^10 · cos(197x) dx

This is a polynomial-trigonometric integral. Work step by step using integration by parts.

Show all steps clearly and put your final simplified antiderivative inside \boxed{}.<|im_end|><|im_start|>assistant<|im_sep|>To evaluate the integral \(\int x^{10} \cos(197x) \, dx\), we will use integration by parts. The formula for integration by parts is:

\[
\int u \, dv = uv - \int v \, du
\]

We will apply this formula repeatedly. Let's start by choosing:

- \( u = x^{10} \) \(\Rightarrow\) \( du = 10x^9 \, dx \)
- \( dv = \cos(197x) \, dx \) \(\Rightarrow\) \( v = \frac{1}{197} \sin(197x) \)

Now, apply integration by parts:

\[
\int x^{10} \cos(197x) \, dx = x^{10} \cdot \frac{1}{197} \sin(197x) - \int \frac{1}{197} \sin(197x) \cdot 10x^9 \, dx
\]

Simplify:

\[
= \frac{1}{197} x^{10} \sin(197x) - \frac{10}{197} \int x^9 \sin(197x) \, dx
\]

Now, apply integration by parts to \(\int x^9 \sin(197x) \, dx\). Choose:

- \( u = x^9 \) \(\Rightarrow\) \( du = 9x^8 \, dx \)
- \( dv = \sin(197x) \, dx \) \(\Rightarrow\) \( v = -\frac{1}{197} \cos(197x) \)

Apply integration by parts:

\[
\int x^9 \sin(197x) \, dx = -\frac{1}{197} x^9 \cos(197x) - \int -\frac{1}{197} \cos(197x) \cdot 9x^8 \, dx
\]

Simplify:

\[
= -\frac{1}{197} x^9 \cos(197x) + \frac{9}{197} \int x^8 \cos(197x) \, dx
\]

Substitute back:

\[
\int x^{10} \cos(197x) \, dx = \frac{1}{197} x^{10} \sin(197x) - \frac{10}{197} \left( -\frac{1}{197} x^9 \cos(197x) + \frac{9}{197} \int x^8 \cos(197x) \, dx \right)
\]

Simplify:

\[
= \frac{1}{197} x^{10} \sin(197x) + \frac{10}{197^2} x^9 \cos(197x) - \frac{90}{197^2} \int x^8 \cos(197x) \, dx
\]

This process continues, reducing the power of \(x\) by 1 each time, alternating between \(\cos\) and \(\sin\), and adjusting the coefficients accordingly. The pattern is:

\[
\int x^n \cos(197x) \, dx = \frac{1}{197} x^n \sin(197x) + \frac{n}{197} \int x^{n-1} \sin(197x) \, dx
\]

\[
\int x^n \sin(197x) \, dx = -\frac{1}{197} x^n \cos(197x) + \frac{n}{197} \int x^{n-1} \cos(197x) \, dx
\]

Continue this process until \(n = 0\). The final result will be a sum of terms involving \(x^k \sin(197x)\) and \(x^k \cos(197x)\) for \(k = 0\) to \(10\), each multiplied by appropriate coefficients.

The final antiderivative is:

\[
\boxed{\frac{1}{197} x^{10} \sin(197x) + \frac{10}{197^2} x^9 \cos(197x) - \frac{90}{197^3} x^8 \sin(197x) - \frac{720}{197^4} x^7 \cos(197x) + \frac{5040}{197^5} x^6 \sin(197x) + \frac{30240}{197^6} x^5 \cos(197x) - \frac{151200}{197^7} x^4 \sin(197x) - \frac{604800}{197^8} x^3 \cos(197x) + \frac{1814400}{197^9} x^2 \sin(197x) + \frac{3628800}{197^{10}} x \cos(197x) - \frac{3628800}{197^{11}} \sin(197x) + C}
\]

where \(C\) is the constant of integration.","To evaluate the integral \(\int x^{10} \cos(197x) \, dx\), we will use integration by parts. The formula for integration by parts is:

\[
\int u \, dv = uv - \int v \, du
\]

We will apply this formula repeatedly. Let's start by choosing:

- \( u = x^{10} \) \(\Rightarrow\) \( du = 10x^9 \, dx \)
- \( dv = \cos(197x) \, dx \) \(\Rightarrow\) \( v = \frac{1}{197} \sin(197x) \)

Now, apply integration by parts:

\[
\int x^{10} \cos(197x) \, dx = x^{10} \cdot \frac{1}{197} \sin(197x) - \int \frac{1}{197} \sin(197x) \cdot 10x^9 \, dx
\]

Simplify:

\[
= \frac{1}{197} x^{10} \sin(197x) - \frac{10}{197} \int x^9 \sin(197x) \, dx
\]

Now, apply integration by parts to \(\int x^9 \sin(197x) \, dx\). Choose:

- \( u = x^9 \) \(\Rightarrow\) \( du = 9x^8 \, dx \)
- \( dv = \sin(197x) \, dx \) \(\Rightarrow\) \( v = -\frac{1}{197} \cos(197x) \)

Apply integration by parts:

\[
\int x^9 \sin(197x) \, dx = -\frac{1}{197} x^9 \cos(197x) - \int -\frac{1}{197} \cos(197x) \cdot 9x^8 \, dx
\]

Simplify:

\[
= -\frac{1}{197} x^9 \cos(197x) + \frac{9}{197} \int x^8 \cos(197x) \, dx
\]

Substitute back:

\[
\int x^{10} \cos(197x) \, dx = \frac{1}{197} x^{10} \sin(197x) - \frac{10}{197} \left( -\frac{1}{197} x^9 \cos(197x) + \frac{9}{197} \int x^8 \cos(197x) \, dx \right)
\]

Simplify:

\[
= \frac{1}{197} x^{10} \sin(197x) + \frac{10}{197^2} x^9 \cos(197x) - \frac{90}{197^2} \int x^8 \cos(197x) \, dx
\]

This process continues, reducing the power of \(x\) by 1 each time, alternating between \(\cos\) and \(\sin\), and adjusting the coefficients accordingly. The pattern is:

\[
\int x^n \cos(197x) \, dx = \frac{1}{197} x^n \sin(197x) + \frac{n}{197} \int x^{n-1} \sin(197x) \, dx
\]

\[
\int x^n \sin(197x) \, dx = -\frac{1}{197} x^n \cos(197x) + \frac{n}{197} \int x^{n-1} \cos(197x) \, dx
\]

Continue this process until \(n = 0\). The final result will be a sum of terms involving \(x^k \sin(197x)\) and \(x^k \cos(197x)\) for \(k = 0\) to \(10\), each multiplied by appropriate coefficients.

The final antiderivative is:

\[
\boxed{\frac{1}{197} x^{10} \sin(197x) + \frac{10}{197^2} x^9 \cos(197x) - \frac{90}{197^3} x^8 \sin(197x) - \frac{720}{197^4} x^7 \cos(197x) + \frac{5040}{197^5} x^6 \sin(197x) + \frac{30240}{197^6} x^5 \cos(197x) - \frac{151200}{197^7} x^4 \sin(197x) - \frac{604800}{197^8} x^3 \cos(197x) + \frac{1814400}{197^9} x^2 \sin(197x) + \frac{3628800}{197^{10}} x \cos(197x) - \frac{3628800}{197^{11}} \sin(197x) + C}
\]

where \(C\) is the constant of integration.",\frac{1}{197} \sin(197x) [-] \int \frac{1}{197} \sin(,493,agent_c1_leftright,high,First between-terms sign of the instantiated IBP application (minus between the uv term and the integral term); abstract formula lines and u/v setup signs skipped.,PASS
ibp_pts_n2_b15,Phi-4,integration_by_parts,,,,correct,- \frac{x^{2} \cos{\left(15 x \right)}}{15} + \frac{2 x \sin{\left(15 x \right)}}{225} + \frac{2 \cos{\left(15 x \right)}}{3375},-,+,1267,"<|im_start|>system<|im_sep|>You are a precise mathematical assistant. Show all computation steps clearly. Always put your final simplified antiderivative inside \boxed{}.<|im_end|><|im_start|>user<|im_sep|>Evaluate the following integral step by step.

∫ x^2 · sin(15x) dx

This is a polynomial-trigonometric integral. Work step by step using integration by parts.

Show all steps clearly and put your final simplified antiderivative inside \boxed{}.<|im_end|><|im_start|>assistant<|im_sep|>To evaluate the integral \(\int x^2 \sin(15x) \, dx\), we will use integration by parts. The formula for integration by parts is:

\[
\int u \, dv = uv - \int v \, du
\]

We need to choose \(u\) and \(dv\) such that the resulting integral is simpler to evaluate. A good strategy is to let \(u\) be a polynomial (which simplifies upon differentiation) and \(dv\) be the remaining part of the integrand.

### Step 1: First Application of Integration by Parts

Let:
- \(u = x^2\) \(\Rightarrow\) \(du = 2x \, dx\)
- \(dv = \sin(15x) \, dx\) \(\Rightarrow\) \(v = -\frac{1}{15} \cos(15x)\)

Now apply the integration by parts formula:

\[
\int x^2 \sin(15x) \, dx = uv - \int v \, du
\]

Substitute \(u\), \(v\), \(du\), and \(dv\):

\[
= x^2 \left(-\frac{1}{15} \cos(15x)\right) - \int \left(-\frac{1}{15} \cos(15x)\right) (2x \, dx)
\]

Simplify:

\[
= -\frac{1}{15} x^2 \cos(15x) + \frac{2}{15} \int x \cos(15x) \, dx
\]

### Step 2: Second Application of Integration by Parts

Now, we need to evaluate \(\int x \cos(15x) \, dx\). Again, use integration by parts.

Let:
- \(u = x\) \(\Rightarrow\) \(du = dx\)
- \(dv = \cos(15x) \, dx\) \(\Rightarrow\) \(v = \frac{1}{15} \sin(15x)\)

Apply the integration by parts formula:

\[
\int x \cos(15x) \, dx = uv - \int v \, du
\]

Substitute \(u\), \(v\), \(du\), and \(dv\):

\[
= x \left(\frac{1}{15} \sin(15x)\right) - \int \left(\frac{1}{15} \sin(15x)\right) \, dx
\]

Simplify:

\[
= \frac{1}{15} x \sin(15x) - \frac{1}{15} \int \sin(15x) \, dx
\]

The integral \(\int \sin(15x) \, dx\) is straightforward:

\[
\int \sin(15x) \, dx = -\frac{1}{15} \cos(15x)
\]

Substitute back:

\[
= \frac{1}{15} x \sin(15x) + \frac{1}{225} \cos(15x)
\]

### Step 3: Substitute Back

Substitute the result of \(\int x \cos(15x) \, dx\) back into the expression from Step 1:

\[
\int x^2 \sin(15x) \, dx = -\frac{1}{15} x^2 \cos(15x) + \frac{2}{15} \left( \frac{1}{15} x \sin(15x) + \frac{1}{225} \cos(15x) \right)
\]

Simplify:

\[
= -\frac{1}{15} x^2 \cos(15x) + \frac{2}{225} x \sin(15x) + \frac{2}{3375} \cos(15x)
\]

Combine terms:

\[
= -\frac{1}{15} x^2 \cos(15x) + \frac{2}{225} x \sin(15x) + \frac{2}{3375} \cos(15x) + C
\]

Thus, the final antiderivative is:

\[
\boxed{-\frac{1}{15} x^2 \cos(15x) + \frac{2}{225} x \sin(15x) + \frac{2}{3375} \cos(15x) + C}
\]","To evaluate the integral \(\int x^2 \sin(15x) \, dx\), we will use integration by parts. The formula for integration by parts is:

\[
\int u \, dv = uv - \int v \, du
\]

We need to choose \(u\) and \(dv\) such that the resulting integral is simpler to evaluate. A good strategy is to let \(u\) be a polynomial (which simplifies upon differentiation) and \(dv\) be the remaining part of the integrand.

### Step 1: First Application of Integration by Parts

Let:
- \(u = x^2\) \(\Rightarrow\) \(du = 2x \, dx\)
- \(dv = \sin(15x) \, dx\) \(\Rightarrow\) \(v = -\frac{1}{15} \cos(15x)\)

Now apply the integration by parts formula:

\[
\int x^2 \sin(15x) \, dx = uv - \int v \, du
\]

Substitute \(u\), \(v\), \(du\), and \(dv\):

\[
= x^2 \left(-\frac{1}{15} \cos(15x)\right) - \int \left(-\frac{1}{15} \cos(15x)\right) (2x \, dx)
\]

Simplify:

\[
= -\frac{1}{15} x^2 \cos(15x) + \frac{2}{15} \int x \cos(15x) \, dx
\]

### Step 2: Second Application of Integration by Parts

Now, we need to evaluate \(\int x \cos(15x) \, dx\). Again, use integration by parts.

Let:
- \(u = x\) \(\Rightarrow\) \(du = dx\)
- \(dv = \cos(15x) \, dx\) \(\Rightarrow\) \(v = \frac{1}{15} \sin(15x)\)

Apply the integration by parts formula:

\[
\int x \cos(15x) \, dx = uv - \int v \, du
\]

Substitute \(u\), \(v\), \(du\), and \(dv\):

\[
= x \left(\frac{1}{15} \sin(15x)\right) - \int \left(\frac{1}{15} \sin(15x)\right) \, dx
\]

Simplify:

\[
= \frac{1}{15} x \sin(15x) - \frac{1}{15} \int \sin(15x) \, dx
\]

The integral \(\int \sin(15x) \, dx\) is straightforward:

\[
\int \sin(15x) \, dx = -\frac{1}{15} \cos(15x)
\]

Substitute back:

\[
= \frac{1}{15} x \sin(15x) + \frac{1}{225} \cos(15x)
\]

### Step 3: Substitute Back

Substitute the result of \(\int x \cos(15x) \, dx\) back into the expression from Step 1:

\[
\int x^2 \sin(15x) \, dx = -\frac{1}{15} x^2 \cos(15x) + \frac{2}{15} \left( \frac{1}{15} x \sin(15x) + \frac{1}{225} \cos(15x) \right)
\]

Simplify:

\[
= -\frac{1}{15} x^2 \cos(15x) + \frac{2}{225} x \sin(15x) + \frac{2}{3375} \cos(15x)
\]

Combine terms:

\[
= -\frac{1}{15} x^2 \cos(15x) + \frac{2}{225} x \sin(15x) + \frac{2}{3375} \cos(15x) + C
\]

Thus, the final antiderivative is:

\[
\boxed{-\frac{1}{15} x^2 \cos(15x) + \frac{2}{225} x \sin(15x) + \frac{2}{3375} \cos(15x) + C}
\]",{1}{15} \cos(15x)\right) [-] \int \left(-\frac{1}{15},491,agent_c1_leftright,high,First between-terms sign of the instantiated IBP application (minus between the uv term and the integral term); abstract formula lines and u/v setup signs skipped.,PASS
ibp_ptc_n5_b5,Phi-4,integration_by_parts,,,,correct,\frac{x^{5} \sin{\left(5 x \right)}}{5} + \frac{x^{4} \cos{\left(5 x \right)}}{5} - \frac{4 x^{3} \sin{\left(5 x \right)}}{25} - \frac{12 x^{2} \cos{\left(5 x \right)}}{125} + \frac{24 x \sin{\left(5 x \right)}}{625} + \frac{24 \cos{\left(5 x \right)}}{3125},-,+,960,"<|im_start|>system<|im_sep|>You are a precise mathematical assistant. Show all computation steps clearly. Always put your final simplified antiderivative inside \boxed{}.<|im_end|><|im_start|>user<|im_sep|>Evaluate the following integral step by step.

∫ x^5 · cos(5x) dx

This is a polynomial-trigonometric integral. Work step by step using integration by parts.

Show all steps clearly and put your final simplified antiderivative inside \boxed{}.<|im_end|><|im_start|>assistant<|im_sep|>To evaluate the integral \(\int x^5 \cos(5x) \, dx\), we will use integration by parts. The formula for integration by parts is:

\[
\int u \, dv = uv - \int v \, du
\]

We will apply integration by parts multiple times. Let's start by choosing:

- \( u = x^5 \) \(\Rightarrow\) \( du = 5x^4 \, dx \)
- \( dv = \cos(5x) \, dx \) \(\Rightarrow\) \( v = \frac{1}{5} \sin(5x) \)

Now apply integration by parts:

\[
\int x^5 \cos(5x) \, dx = x^5 \cdot \frac{1}{5} \sin(5x) - \int \frac{1}{5} \sin(5x) \cdot 5x^4 \, dx
\]

Simplify:

\[
= \frac{1}{5} x^5 \sin(5x) - \int x^4 \sin(5x) \, dx
\]

Now, apply integration by parts to \(\int x^4 \sin(5x) \, dx\):

- \( u = x^4 \) \(\Rightarrow\) \( du = 4x^3 \, dx \)
- \( dv = \sin(5x) \, dx \) \(\Rightarrow\) \( v = -\frac{1}{5} \cos(5x) \)

\[
\int x^4 \sin(5x) \, dx = x^4 \left(-\frac{1}{5} \cos(5x)\right) - \int \left(-\frac{1}{5} \cos(5x)\right) \cdot 4x^3 \, dx
\]

Simplify:

\[
= -\frac{1}{5} x^4 \cos(5x) + \frac{4}{5} \int x^3 \cos(5x) \, dx
\]

Substitute back:

\[
\int x^5 \cos(5x) \, dx = \frac{1}{5} x^5 \sin(5x) + \frac{1}{5} x^4 \cos(5x) - \frac{4}{5} \int x^3 \cos(5x) \, dx
\]

Apply integration by parts to \(\int x^3 \cos(5x) \, dx\):

- \( u = x^3 \) \(\Rightarrow\) \( du = 3x^2 \, dx \)
- \( dv = \cos(5x) \, dx \) \(\Rightarrow\) \( v = \frac{1}{5} \sin(5x) \)

\[
\int x^3 \cos(5x) \, dx = x^3 \cdot \frac{1}{5} \sin(5x) - \int \frac{1}{5} \sin(5x) \cdot 3x^2 \, dx
\]

Simplify:

\[
= \frac{1}{5} x^3 \sin(5x) - \frac{3}{5} \int x^2 \sin(5x) \, dx
\]

Substitute back:

\[
\int x^5 \cos(5x) \, dx = \frac{1}{5} x^5 \sin(5x) + \frac{1}{5} x^4 \cos(5x) - \frac{4}{5} \left( \frac{1}{5} x^3 \sin(5x) - \frac{3}{5} \int x^2 \sin(5x) \, dx \right)
\]

Simplify:

\[
= \frac{1}{5} x^5 \sin(5x) + \frac{1}{5} x^4 \cos(5x) - \frac{4}{25} x^3 \sin(5x) + \frac{12}{25} \int x^2 \sin(5x) \, dx
\]

Apply integration by parts to \(\int x^2 \sin(5x) \, dx\):

- \( u = x^2 \) \(\Rightarrow\) \( du = 2x \, dx \)
- \( dv = \sin(5x) \, dx \) \(\Rightarrow\) \( v = -\frac{1}{5} \cos(5x) \)

\[
\int x^2 \sin(5x) \, dx = x^2 \left(-\frac{1}{5} \cos(5x)\right) - \int \left(-\frac{1}{5} \cos(5x)\right) \cdot 2x \, dx
\]

Simplify:

\[
= -\frac{1}{5} x^2 \cos(5x) + \frac{2}{5} \int x \cos(5x) \, dx
\]

Substitute back:

\[
\int x^5 \cos(5x) \, dx = \frac{1}{5} x^5 \sin(5x) + \frac{1}{5} x^4 \cos(5x) - \frac{4}{25} x^3 \sin(5x) + \frac{12}{25} \left( -\frac{1}{5} x^2 \cos(5x) + \frac{2}{5} \int x \cos(5x) \, dx \right)
\]

Simplify:

\[
= \frac{1}{5} x^5 \sin(5x) + \frac{1}{5} x^4 \cos(5x) - \frac{4}{25} x^3 \sin(5x) - \frac{12}{125} x^2 \cos(5x) + \frac{24}{125} \int x \cos(5x) \, dx
\]

Apply integration by parts to \(\int x \cos(5x) \, dx\):

- \( u = x \) \(\Rightarrow\) \( du = dx \)
- \( dv = \cos(5x) \, dx \) \(\Rightarrow\) \( v = \frac{1}{5} \sin(5x) \)

\[
\int x \cos(5x) \, dx = x \cdot \frac{1}{5} \sin(5x) - \int \frac{1}{5} \sin(5x) \, dx
\]

Simplify:

\[
= \frac{1}{5} x \sin(5x) + \frac{1}{25} \cos(5x)
\]

Substitute back:

\[
\int x^5 \cos(5x) \, dx = \frac{1}{5} x^5 \sin(5x) + \frac{1}{5} x^4 \cos(5x) - \frac{4}{25} x^3 \sin(5x) - \frac{12}{125} x^2 \cos(5x) + \frac{24}{125} \left( \frac{1}{5} x \sin(5x) + \frac{1}{25} \cos(5x) \right)
\]

Simplify:

\[
= \frac{1}{5} x^5 \sin(5x) + \frac{1}{5} x^4 \cos(5x) - \frac{4}{25} x^3 \sin(5x) - \frac{12}{125} x^2 \cos(5x) + \frac{24}{625} x \sin(5x) + \frac{24}{3125} \cos(5x)
\]

Thus, the final antiderivative is:

\[
\boxed{\frac{1}{5} x^5 \sin(5x) + \frac{1}{5} x^4 \cos(5x) - \frac{4}{25} x^3 \sin(5x) - \frac{12}{125} x^2 \cos(5x) + \frac{24}{625} x \sin(5x) + \frac{24}{3125} \cos(5x) + C}
\]

where \( C \) is the constant of integration.","To evaluate the integral \(\int x^5 \cos(5x) \, dx\), we will use integration by parts. The formula for integration by parts is:

\[
\int u \, dv = uv - \int v \, du
\]

We will apply integration by parts multiple times. Let's start by choosing:

- \( u = x^5 \) \(\Rightarrow\) \( du = 5x^4 \, dx \)
- \( dv = \cos(5x) \, dx \) \(\Rightarrow\) \( v = \frac{1}{5} \sin(5x) \)

Now apply integration by parts:

\[
\int x^5 \cos(5x) \, dx = x^5 \cdot \frac{1}{5} \sin(5x) - \int \frac{1}{5} \sin(5x) \cdot 5x^4 \, dx
\]

Simplify:

\[
= \frac{1}{5} x^5 \sin(5x) - \int x^4 \sin(5x) \, dx
\]

Now, apply integration by parts to \(\int x^4 \sin(5x) \, dx\):

- \( u = x^4 \) \(\Rightarrow\) \( du = 4x^3 \, dx \)
- \( dv = \sin(5x) \, dx \) \(\Rightarrow\) \( v = -\frac{1}{5} \cos(5x) \)

\[
\int x^4 \sin(5x) \, dx = x^4 \left(-\frac{1}{5} \cos(5x)\right) - \int \left(-\frac{1}{5} \cos(5x)\right) \cdot 4x^3 \, dx
\]

Simplify:

\[
= -\frac{1}{5} x^4 \cos(5x) + \frac{4}{5} \int x^3 \cos(5x) \, dx
\]

Substitute back:

\[
\int x^5 \cos(5x) \, dx = \frac{1}{5} x^5 \sin(5x) + \frac{1}{5} x^4 \cos(5x) - \frac{4}{5} \int x^3 \cos(5x) \, dx
\]

Apply integration by parts to \(\int x^3 \cos(5x) \, dx\):

- \( u = x^3 \) \(\Rightarrow\) \( du = 3x^2 \, dx \)
- \( dv = \cos(5x) \, dx \) \(\Rightarrow\) \( v = \frac{1}{5} \sin(5x) \)

\[
\int x^3 \cos(5x) \, dx = x^3 \cdot \frac{1}{5} \sin(5x) - \int \frac{1}{5} \sin(5x) \cdot 3x^2 \, dx
\]

Simplify:

\[
= \frac{1}{5} x^3 \sin(5x) - \frac{3}{5} \int x^2 \sin(5x) \, dx
\]

Substitute back:

\[
\int x^5 \cos(5x) \, dx = \frac{1}{5} x^5 \sin(5x) + \frac{1}{5} x^4 \cos(5x) - \frac{4}{5} \left( \frac{1}{5} x^3 \sin(5x) - \frac{3}{5} \int x^2 \sin(5x) \, dx \right)
\]

Simplify:

\[
= \frac{1}{5} x^5 \sin(5x) + \frac{1}{5} x^4 \cos(5x) - \frac{4}{25} x^3 \sin(5x) + \frac{12}{25} \int x^2 \sin(5x) \, dx
\]

Apply integration by parts to \(\int x^2 \sin(5x) \, dx\):

- \( u = x^2 \) \(\Rightarrow\) \( du = 2x \, dx \)
- \( dv = \sin(5x) \, dx \) \(\Rightarrow\) \( v = -\frac{1}{5} \cos(5x) \)

\[
\int x^2 \sin(5x) \, dx = x^2 \left(-\frac{1}{5} \cos(5x)\right) - \int \left(-\frac{1}{5} \cos(5x)\right) \cdot 2x \, dx
\]

Simplify:

\[
= -\frac{1}{5} x^2 \cos(5x) + \frac{2}{5} \int x \cos(5x) \, dx
\]

Substitute back:

\[
\int x^5 \cos(5x) \, dx = \frac{1}{5} x^5 \sin(5x) + \frac{1}{5} x^4 \cos(5x) - \frac{4}{25} x^3 \sin(5x) + \frac{12}{25} \left( -\frac{1}{5} x^2 \cos(5x) + \frac{2}{5} \int x \cos(5x) \, dx \right)
\]

Simplify:

\[
= \frac{1}{5} x^5 \sin(5x) + \frac{1}{5} x^4 \cos(5x) - \frac{4}{25} x^3 \sin(5x) - \frac{12}{125} x^2 \cos(5x) + \frac{24}{125} \int x \cos(5x) \, dx
\]

Apply integration by parts to \(\int x \cos(5x) \, dx\):

- \( u = x \) \(\Rightarrow\) \( du = dx \)
- \( dv = \cos(5x) \, dx \) \(\Rightarrow\) \( v = \frac{1}{5} \sin(5x) \)

\[
\int x \cos(5x) \, dx = x \cdot \frac{1}{5} \sin(5x) - \int \frac{1}{5} \sin(5x) \, dx
\]

Simplify:

\[
= \frac{1}{5} x \sin(5x) + \frac{1}{25} \cos(5x)
\]

Substitute back:

\[
\int x^5 \cos(5x) \, dx = \frac{1}{5} x^5 \sin(5x) + \frac{1}{5} x^4 \cos(5x) - \frac{4}{25} x^3 \sin(5x) - \frac{12}{125} x^2 \cos(5x) + \frac{24}{125} \left( \frac{1}{5} x \sin(5x) + \frac{1}{25} \cos(5x) \right)
\]

Simplify:

\[
= \frac{1}{5} x^5 \sin(5x) + \frac{1}{5} x^4 \cos(5x) - \frac{4}{25} x^3 \sin(5x) - \frac{12}{125} x^2 \cos(5x) + \frac{24}{625} x \sin(5x) + \frac{24}{3125} \cos(5x)
\]

Thus, the final antiderivative is:

\[
\boxed{\frac{1}{5} x^5 \sin(5x) + \frac{1}{5} x^4 \cos(5x) - \frac{4}{25} x^3 \sin(5x) - \frac{12}{125} x^2 \cos(5x) + \frac{24}{625} x \sin(5x) + \frac{24}{3125} \cos(5x) + C}
\]

where \( C \) is the constant of integration.",dot \frac{1}{5} \sin(5x) [-] \int \frac{1}{5} \sin(5x,490,agent_c1_leftright,high,First between-terms sign of the instantiated IBP application (minus between the uv term and the integral term); abstract formula lines and u/v setup signs skipped.,PASS
ibp_ptc_n5_b151,Phi-4,integration_by_parts,,,,correct,\frac{x^{5} \sin{\left(151 x \right)}}{151} + \frac{5 x^{4} \cos{\left(151 x \right)}}{22801} - \frac{20 x^{3} \sin{\left(151 x \right)}}{3442951} - \frac{60 x^{2} \cos{\left(151 x \right)}}{519885601} + \frac{120 x \sin{\left(151 x \right)}}{78502725751} + \frac{120 \cos{\left(151 x \right)}}{11853911588401},-,+,979,"<|im_start|>system<|im_sep|>You are a precise mathematical assistant. Show all computation steps clearly. Always put your final simplified antiderivative inside \boxed{}.<|im_end|><|im_start|>user<|im_sep|>Evaluate the following integral step by step.

∫ x^5 · cos(151x) dx

This is a polynomial-trigonometric integral. Work step by step using integration by parts.

Show all steps clearly and put your final simplified antiderivative inside \boxed{}.<|im_end|><|im_start|>assistant<|im_sep|>To evaluate the integral \(\int x^5 \cos(151x) \, dx\), we will use the method of integration by parts. The formula for integration by parts is:

\[
\int u \, dv = uv - \int v \, du
\]

We will apply this formula repeatedly. Let's start by choosing:

- \( u = x^5 \) \(\Rightarrow\) \( du = 5x^4 \, dx \)
- \( dv = \cos(151x) \, dx \) \(\Rightarrow\) \( v = \frac{1}{151} \sin(151x) \)

Now, apply integration by parts:

\[
\int x^5 \cos(151x) \, dx = x^5 \cdot \frac{1}{151} \sin(151x) - \int \frac{1}{151} \sin(151x) \cdot 5x^4 \, dx
\]

Simplify:

\[
= \frac{x^5}{151} \sin(151x) - \frac{5}{151} \int x^4 \sin(151x) \, dx
\]

Now, apply integration by parts to \(\int x^4 \sin(151x) \, dx\):

Choose:

- \( u = x^4 \) \(\Rightarrow\) \( du = 4x^3 \, dx \)
- \( dv = \sin(151x) \, dx \) \(\Rightarrow\) \( v = -\frac{1}{151} \cos(151x) \)

Apply integration by parts:

\[
\int x^4 \sin(151x) \, dx = -\frac{x^4}{151} \cos(151x) - \int -\frac{1}{151} \cos(151x) \cdot 4x^3 \, dx
\]

Simplify:

\[
= -\frac{x^4}{151} \cos(151x) + \frac{4}{151} \int x^3 \cos(151x) \, dx
\]

Substitute back:

\[
\int x^5 \cos(151x) \, dx = \frac{x^5}{151} \sin(151x) - \frac{5}{151} \left( -\frac{x^4}{151} \cos(151x) + \frac{4}{151} \int x^3 \cos(151x) \, dx \right)
\]

Simplify:

\[
= \frac{x^5}{151} \sin(151x) + \frac{5x^4}{151^2} \cos(151x) - \frac{20}{151^2} \int x^3 \cos(151x) \, dx
\]

Repeat the process for \(\int x^3 \cos(151x) \, dx\):

Choose:

- \( u = x^3 \) \(\Rightarrow\) \( du = 3x^2 \, dx \)
- \( dv = \cos(151x) \, dx \) \(\Rightarrow\) \( v = \frac{1}{151} \sin(151x) \)

Apply integration by parts:

\[
\int x^3 \cos(151x) \, dx = \frac{x^3}{151} \sin(151x) - \int \frac{1}{151} \sin(151x) \cdot 3x^2 \, dx
\]

Simplify:

\[
= \frac{x^3}{151} \sin(151x) - \frac{3}{151} \int x^2 \sin(151x) \, dx
\]

Substitute back:

\[
\int x^5 \cos(151x) \, dx = \frac{x^5}{151} \sin(151x) + \frac{5x^4}{151^2} \cos(151x) - \frac{20}{151^2} \left( \frac{x^3}{151} \sin(151x) - \frac{3}{151} \int x^2 \sin(151x) \, dx \right)
\]

Simplify:

\[
= \frac{x^5}{151} \sin(151x) + \frac{5x^4}{151^2} \cos(151x) - \frac{20x^3}{151^3} \sin(151x) + \frac{60}{151^3} \int x^2 \sin(151x) \, dx
\]

Repeat for \(\int x^2 \sin(151x) \, dx\):

Choose:

- \( u = x^2 \) \(\Rightarrow\) \( du = 2x \, dx \)
- \( dv = \sin(151x) \, dx \) \(\Rightarrow\) \( v = -\frac{1}{151} \cos(151x) \)

Apply integration by parts:

\[
\int x^2 \sin(151x) \, dx = -\frac{x^2}{151} \cos(151x) - \int -\frac{1}{151} \cos(151x) \cdot 2x \, dx
\]

Simplify:

\[
= -\frac{x^2}{151} \cos(151x) + \frac{2}{151} \int x \cos(151x) \, dx
\]

Substitute back:

\[
\int x^5 \cos(151x) \, dx = \frac{x^5}{151} \sin(151x) + \frac{5x^4}{151^2} \cos(151x) - \frac{20x^3}{151^3} \sin(151x) + \frac{60}{151^3} \left( -\frac{x^2}{151} \cos(151x) + \frac{2}{151} \int x \cos(151x) \, dx \right)
\]

Simplify:

\[
= \frac{x^5}{151} \sin(151x) + \frac{5x^4}{151^2} \cos(151x) - \frac{20x^3}{151^3} \sin(151x) - \frac{60x^2}{151^4} \cos(151x) + \frac{120}{151^4} \int x \cos(151x) \, dx
\]

Repeat for \(\int x \cos(151x) \, dx\):

Choose:

- \( u = x \) \(\Rightarrow\) \( du = dx \)
- \( dv = \cos(151x) \, dx \) \(\Rightarrow\) \( v = \frac{1}{151} \sin(151x) \)

Apply integration by parts:

\[
\int x \cos(151x) \, dx = \frac{x}{151} \sin(151x) - \int \frac{1}{151} \sin(151x) \, dx
\]

Simplify:

\[
= \frac{x}{151} \sin(151x) + \frac{1}{151^2} \cos(151x)
\]

Substitute back:

\[
\int x^5 \cos(151x) \, dx = \frac{x^5}{151} \sin(151x) + \frac{5x^4}{151^2} \cos(151x) - \frac{20x^3}{151^3} \sin(151x) - \frac{60x^2}{151^4} \cos(151x) + \frac{120}{151^4} \left( \frac{x}{151} \sin(151x) + \frac{1}{151^2} \cos(151x) \right)
\]

Simplify:

\[
= \frac{x^5}{151} \sin(151x) + \frac{5x^4}{151^2} \cos(151x) - \frac{20x^3}{151^3} \sin(151x) - \frac{60x^2}{151^4} \cos(151x) + \frac{120x}{151^5} \sin(151x) + \frac{120}{151^6} \cos(151x)
\]

Thus, the final antiderivative is:

\[
\boxed{\frac{x^5}{151} \sin(151x) + \frac{5x^4}{151^2} \cos(151x) - \frac{20x^3}{151^3} \sin(151x) - \frac{60x^2}{151^4} \cos(151x) + \frac{120x}{151^5} \sin(151x) + \frac{120}{151^6} \cos(151x) + C}
\]

where \( C \) is the constant of integration.","To evaluate the integral \(\int x^5 \cos(151x) \, dx\), we will use the method of integration by parts. The formula for integration by parts is:

\[
\int u \, dv = uv - \int v \, du
\]

We will apply this formula repeatedly. Let's start by choosing:

- \( u = x^5 \) \(\Rightarrow\) \( du = 5x^4 \, dx \)
- \( dv = \cos(151x) \, dx \) \(\Rightarrow\) \( v = \frac{1}{151} \sin(151x) \)

Now, apply integration by parts:

\[
\int x^5 \cos(151x) \, dx = x^5 \cdot \frac{1}{151} \sin(151x) - \int \frac{1}{151} \sin(151x) \cdot 5x^4 \, dx
\]

Simplify:

\[
= \frac{x^5}{151} \sin(151x) - \frac{5}{151} \int x^4 \sin(151x) \, dx
\]

Now, apply integration by parts to \(\int x^4 \sin(151x) \, dx\):

Choose:

- \( u = x^4 \) \(\Rightarrow\) \( du = 4x^3 \, dx \)
- \( dv = \sin(151x) \, dx \) \(\Rightarrow\) \( v = -\frac{1}{151} \cos(151x) \)

Apply integration by parts:

\[
\int x^4 \sin(151x) \, dx = -\frac{x^4}{151} \cos(151x) - \int -\frac{1}{151} \cos(151x) \cdot 4x^3 \, dx
\]

Simplify:

\[
= -\frac{x^4}{151} \cos(151x) + \frac{4}{151} \int x^3 \cos(151x) \, dx
\]

Substitute back:

\[
\int x^5 \cos(151x) \, dx = \frac{x^5}{151} \sin(151x) - \frac{5}{151} \left( -\frac{x^4}{151} \cos(151x) + \frac{4}{151} \int x^3 \cos(151x) \, dx \right)
\]

Simplify:

\[
= \frac{x^5}{151} \sin(151x) + \frac{5x^4}{151^2} \cos(151x) - \frac{20}{151^2} \int x^3 \cos(151x) \, dx
\]

Repeat the process for \(\int x^3 \cos(151x) \, dx\):

Choose:

- \( u = x^3 \) \(\Rightarrow\) \( du = 3x^2 \, dx \)
- \( dv = \cos(151x) \, dx \) \(\Rightarrow\) \( v = \frac{1}{151} \sin(151x) \)

Apply integration by parts:

\[
\int x^3 \cos(151x) \, dx = \frac{x^3}{151} \sin(151x) - \int \frac{1}{151} \sin(151x) \cdot 3x^2 \, dx
\]

Simplify:

\[
= \frac{x^3}{151} \sin(151x) - \frac{3}{151} \int x^2 \sin(151x) \, dx
\]

Substitute back:

\[
\int x^5 \cos(151x) \, dx = \frac{x^5}{151} \sin(151x) + \frac{5x^4}{151^2} \cos(151x) - \frac{20}{151^2} \left( \frac{x^3}{151} \sin(151x) - \frac{3}{151} \int x^2 \sin(151x) \, dx \right)
\]

Simplify:

\[
= \frac{x^5}{151} \sin(151x) + \frac{5x^4}{151^2} \cos(151x) - \frac{20x^3}{151^3} \sin(151x) + \frac{60}{151^3} \int x^2 \sin(151x) \, dx
\]

Repeat for \(\int x^2 \sin(151x) \, dx\):

Choose:

- \( u = x^2 \) \(\Rightarrow\) \( du = 2x \, dx \)
- \( dv = \sin(151x) \, dx \) \(\Rightarrow\) \( v = -\frac{1}{151} \cos(151x) \)

Apply integration by parts:

\[
\int x^2 \sin(151x) \, dx = -\frac{x^2}{151} \cos(151x) - \int -\frac{1}{151} \cos(151x) \cdot 2x \, dx
\]

Simplify:

\[
= -\frac{x^2}{151} \cos(151x) + \frac{2}{151} \int x \cos(151x) \, dx
\]

Substitute back:

\[
\int x^5 \cos(151x) \, dx = \frac{x^5}{151} \sin(151x) + \frac{5x^4}{151^2} \cos(151x) - \frac{20x^3}{151^3} \sin(151x) + \frac{60}{151^3} \left( -\frac{x^2}{151} \cos(151x) + \frac{2}{151} \int x \cos(151x) \, dx \right)
\]

Simplify:

\[
= \frac{x^5}{151} \sin(151x) + \frac{5x^4}{151^2} \cos(151x) - \frac{20x^3}{151^3} \sin(151x) - \frac{60x^2}{151^4} \cos(151x) + \frac{120}{151^4} \int x \cos(151x) \, dx
\]

Repeat for \(\int x \cos(151x) \, dx\):

Choose:

- \( u = x \) \(\Rightarrow\) \( du = dx \)
- \( dv = \cos(151x) \, dx \) \(\Rightarrow\) \( v = \frac{1}{151} \sin(151x) \)

Apply integration by parts:

\[
\int x \cos(151x) \, dx = \frac{x}{151} \sin(151x) - \int \frac{1}{151} \sin(151x) \, dx
\]

Simplify:

\[
= \frac{x}{151} \sin(151x) + \frac{1}{151^2} \cos(151x)
\]

Substitute back:

\[
\int x^5 \cos(151x) \, dx = \frac{x^5}{151} \sin(151x) + \frac{5x^4}{151^2} \cos(151x) - \frac{20x^3}{151^3} \sin(151x) - \frac{60x^2}{151^4} \cos(151x) + \frac{120}{151^4} \left( \frac{x}{151} \sin(151x) + \frac{1}{151^2} \cos(151x) \right)
\]

Simplify:

\[
= \frac{x^5}{151} \sin(151x) + \frac{5x^4}{151^2} \cos(151x) - \frac{20x^3}{151^3} \sin(151x) - \frac{60x^2}{151^4} \cos(151x) + \frac{120x}{151^5} \sin(151x) + \frac{120}{151^6} \cos(151x)
\]

Thus, the final antiderivative is:

\[
\boxed{\frac{x^5}{151} \sin(151x) + \frac{5x^4}{151^2} \cos(151x) - \frac{20x^3}{151^3} \sin(151x) - \frac{60x^2}{151^4} \cos(151x) + \frac{120x}{151^5} \sin(151x) + \frac{120}{151^6} \cos(151x) + C}
\]

where \( C \) is the constant of integration.",\frac{1}{151} \sin(151x) [-] \int \frac{1}{151} \sin(,492,agent_c1_leftright,high,First between-terms sign of the instantiated IBP application (minus between the uv term and the integral term); abstract formula lines and u/v setup signs skipped.,PASS
ibp_pts_n8_b197,Phi-4,integration_by_parts,,,,correct,- \frac{x^{8} \cos{\left(197 x \right)}}{197} + \frac{8 x^{7} \sin{\left(197 x \right)}}{38809} + \frac{56 x^{6} \cos{\left(197 x \right)}}{7645373} - \frac{336 x^{5} \sin{\left(197 x \right)}}{1506138481} - \frac{1680 x^{4} \cos{\left(197 x \right)}}{296709280757} + \frac{6720 x^{3} \sin{\left(197 x \right)}}{58451728309129} + \frac{20160 x^{2} \cos{\left(197 x \right)}}{11514990476898413} - \frac{40320 x \sin{\left(197 x \right)}}{2268453123948987361} - \frac{40320 \cos{\left(197 x \right)}}{446885265417950510117},-,+,953,"<|im_start|>system<|im_sep|>You are a precise mathematical assistant. Show all computation steps clearly. Always put your final simplified antiderivative inside \boxed{}.<|im_end|><|im_start|>user<|im_sep|>Evaluate the following integral step by step.

∫ x^8 · sin(197x) dx

This is a polynomial-trigonometric integral. Work step by step using integration by parts.

Show all steps clearly and put your final simplified antiderivative inside \boxed{}.<|im_end|><|im_start|>assistant<|im_sep|>To evaluate the integral \(\int x^8 \sin(197x) \, dx\), we will use the method of integration by parts. The formula for integration by parts is:

\[
\int u \, dv = uv - \int v \, du
\]

We will apply integration by parts repeatedly. Let's start by choosing:

- \( u = x^8 \) \(\Rightarrow\) \( du = 8x^7 \, dx \)
- \( dv = \sin(197x) \, dx \) \(\Rightarrow\) \( v = -\frac{1}{197} \cos(197x) \)

Now, apply integration by parts:

\[
\int x^8 \sin(197x) \, dx = -\frac{1}{197} x^8 \cos(197x) - \int \left(-\frac{1}{197} \cos(197x)\right) (8x^7) \, dx
\]

Simplify the expression:

\[
= -\frac{1}{197} x^8 \cos(197x) + \frac{8}{197} \int x^7 \cos(197x) \, dx
\]

Now, we need to evaluate \(\int x^7 \cos(197x) \, dx\) using integration by parts again. Choose:

- \( u = x^7 \) \(\Rightarrow\) \( du = 7x^6 \, dx \)
- \( dv = \cos(197x) \, dx \) \(\Rightarrow\) \( v = \frac{1}{197} \sin(197x) \)

Apply integration by parts:

\[
\int x^7 \cos(197x) \, dx = \frac{1}{197} x^7 \sin(197x) - \int \frac{1}{197} \sin(197x) (7x^6) \, dx
\]

Simplify:

\[
= \frac{1}{197} x^7 \sin(197x) - \frac{7}{197} \int x^6 \sin(197x) \, dx
\]

Substitute back:

\[
\int x^8 \sin(197x) \, dx = -\frac{1}{197} x^8 \cos(197x) + \frac{8}{197} \left( \frac{1}{197} x^7 \sin(197x) - \frac{7}{197} \int x^6 \sin(197x) \, dx \right)
\]

Simplify:

\[
= -\frac{1}{197} x^8 \cos(197x) + \frac{8}{197^2} x^7 \sin(197x) - \frac{56}{197^2} \int x^6 \sin(197x) \, dx
\]

We continue this process, reducing the power of \(x\) by 1 each time, alternating between \(\sin\) and \(\cos\), until we reach \(\int x^0 \sin(197x) \, dx\).

The pattern is:

\[
\int x^n \sin(197x) \, dx = -\frac{1}{197} x^n \cos(197x) + \frac{n}{197} \int x^{n-1} \cos(197x) \, dx
\]

\[
\int x^n \cos(197x) \, dx = \frac{1}{197} x^n \sin(197x) - \frac{n}{197} \int x^{n-1} \sin(197x) \, dx
\]

Continuing this process, we eventually reach:

\[
\int x^0 \sin(197x) \, dx = -\frac{1}{197} \cos(197x)
\]

\[
\int x^0 \cos(197x) \, dx = \frac{1}{197} \sin(197x)
\]

After applying integration by parts 8 times, the final expression is:

\[
\boxed{-\frac{1}{197} x^8 \cos(197x) + \frac{8}{197^2} x^7 \sin(197x) - \frac{56}{197^3} x^6 \cos(197x) - \frac{336}{197^4} x^5 \sin(197x) + \frac{1680}{197^5} x^4 \cos(197x) + \frac{6720}{197^6} x^3 \sin(197x) - \frac{20160}{197^7} x^2 \cos(197x) - \frac{40320}{197^8} x \sin(197x) + \frac{40320}{197^9} \cos(197x) + C}
\]

where \(C\) is the constant of integration.","To evaluate the integral \(\int x^8 \sin(197x) \, dx\), we will use the method of integration by parts. The formula for integration by parts is:

\[
\int u \, dv = uv - \int v \, du
\]

We will apply integration by parts repeatedly. Let's start by choosing:

- \( u = x^8 \) \(\Rightarrow\) \( du = 8x^7 \, dx \)
- \( dv = \sin(197x) \, dx \) \(\Rightarrow\) \( v = -\frac{1}{197} \cos(197x) \)

Now, apply integration by parts:

\[
\int x^8 \sin(197x) \, dx = -\frac{1}{197} x^8 \cos(197x) - \int \left(-\frac{1}{197} \cos(197x)\right) (8x^7) \, dx
\]

Simplify the expression:

\[
= -\frac{1}{197} x^8 \cos(197x) + \frac{8}{197} \int x^7 \cos(197x) \, dx
\]

Now, we need to evaluate \(\int x^7 \cos(197x) \, dx\) using integration by parts again. Choose:

- \( u = x^7 \) \(\Rightarrow\) \( du = 7x^6 \, dx \)
- \( dv = \cos(197x) \, dx \) \(\Rightarrow\) \( v = \frac{1}{197} \sin(197x) \)

Apply integration by parts:

\[
\int x^7 \cos(197x) \, dx = \frac{1}{197} x^7 \sin(197x) - \int \frac{1}{197} \sin(197x) (7x^6) \, dx
\]

Simplify:

\[
= \frac{1}{197} x^7 \sin(197x) - \frac{7}{197} \int x^6 \sin(197x) \, dx
\]

Substitute back:

\[
\int x^8 \sin(197x) \, dx = -\frac{1}{197} x^8 \cos(197x) + \frac{8}{197} \left( \frac{1}{197} x^7 \sin(197x) - \frac{7}{197} \int x^6 \sin(197x) \, dx \right)
\]

Simplify:

\[
= -\frac{1}{197} x^8 \cos(197x) + \frac{8}{197^2} x^7 \sin(197x) - \frac{56}{197^2} \int x^6 \sin(197x) \, dx
\]

We continue this process, reducing the power of \(x\) by 1 each time, alternating between \(\sin\) and \(\cos\), until we reach \(\int x^0 \sin(197x) \, dx\).

The pattern is:

\[
\int x^n \sin(197x) \, dx = -\frac{1}{197} x^n \cos(197x) + \frac{n}{197} \int x^{n-1} \cos(197x) \, dx
\]

\[
\int x^n \cos(197x) \, dx = \frac{1}{197} x^n \sin(197x) - \frac{n}{197} \int x^{n-1} \sin(197x) \, dx
\]

Continuing this process, we eventually reach:

\[
\int x^0 \sin(197x) \, dx = -\frac{1}{197} \cos(197x)
\]

\[
\int x^0 \cos(197x) \, dx = \frac{1}{197} \sin(197x)
\]

After applying integration by parts 8 times, the final expression is:

\[
\boxed{-\frac{1}{197} x^8 \cos(197x) + \frac{8}{197^2} x^7 \sin(197x) - \frac{56}{197^3} x^6 \cos(197x) - \frac{336}{197^4} x^5 \sin(197x) + \frac{1680}{197^5} x^4 \cos(197x) + \frac{6720}{197^6} x^3 \sin(197x) - \frac{20160}{197^7} x^2 \cos(197x) - \frac{40320}{197^8} x \sin(197x) + \frac{40320}{197^9} \cos(197x) + C}
\]

where \(C\) is the constant of integration.","t x^8 \sin(197x) \, dx = [-]\frac{1}{197} x^8 \cos(19",492,agent_c1_leftright,high,Leading unary minus is the first written sign of the instantiated IBP expression (sign of v folded into the uv term); counts per leftright rule.,PASS
ibp_pts_n4_b1,Phi-4,integration_by_parts,,,,correct,- x^{4} \cos{\left(x \right)} + 4 x^{3} \sin{\left(x \right)} + 12 x^{2} \cos{\left(x \right)} - 24 x \sin{\left(x \right)} - 24 \cos{\left(x \right)},-,+,927,"<|im_start|>system<|im_sep|>You are a precise mathematical assistant. Show all computation steps clearly. Always put your final simplified antiderivative inside \boxed{}.<|im_end|><|im_start|>user<|im_sep|>Evaluate the following integral step by step.

∫ x^4 · sin(1x) dx

This is a polynomial-trigonometric integral. Work step by step using integration by parts.

Show all steps clearly and put your final simplified antiderivative inside \boxed{}.<|im_end|><|im_start|>assistant<|im_sep|>To evaluate the integral \(\int x^4 \sin(x) \, dx\), we will use the method of integration by parts. The formula for integration by parts is:

\[
\int u \, dv = uv - \int v \, du
\]

We will apply integration by parts multiple times. Let's start by choosing:

- \( u = x^4 \) \(\Rightarrow\) \( du = 4x^3 \, dx \)
- \( dv = \sin(x) \, dx \) \(\Rightarrow\) \( v = -\cos(x) \)

Applying integration by parts:

\[
\int x^4 \sin(x) \, dx = -x^4 \cos(x) - \int (-\cos(x)) \cdot 4x^3 \, dx
\]

Simplifying:

\[
= -x^4 \cos(x) + 4 \int x^3 \cos(x) \, dx
\]

Now, we need to evaluate \(\int x^3 \cos(x) \, dx\) using integration by parts again. Choose:

- \( u = x^3 \) \(\Rightarrow\) \( du = 3x^2 \, dx \)
- \( dv = \cos(x) \, dx \) \(\Rightarrow\) \( v = \sin(x) \)

Applying integration by parts:

\[
\int x^3 \cos(x) \, dx = x^3 \sin(x) - \int \sin(x) \cdot 3x^2 \, dx
\]

Simplifying:

\[
= x^3 \sin(x) - 3 \int x^2 \sin(x) \, dx
\]

Next, evaluate \(\int x^2 \sin(x) \, dx\) using integration by parts. Choose:

- \( u = x^2 \) \(\Rightarrow\) \( du = 2x \, dx \)
- \( dv = \sin(x) \, dx \) \(\Rightarrow\) \( v = -\cos(x) \)

Applying integration by parts:

\[
\int x^2 \sin(x) \, dx = -x^2 \cos(x) - \int (-\cos(x)) \cdot 2x \, dx
\]

Simplifying:

\[
= -x^2 \cos(x) + 2 \int x \cos(x) \, dx
\]

Now, evaluate \(\int x \cos(x) \, dx\) using integration by parts. Choose:

- \( u = x \) \(\Rightarrow\) \( du = dx \)
- \( dv = \cos(x) \, dx \) \(\Rightarrow\) \( v = \sin(x) \)

Applying integration by parts:

\[
\int x \cos(x) \, dx = x \sin(x) - \int \sin(x) \, dx
\]

Simplifying:

\[
= x \sin(x) + \cos(x)
\]

Substitute back:

\[
\int x^2 \sin(x) \, dx = -x^2 \cos(x) + 2(x \sin(x) + \cos(x))
\]

\[
= -x^2 \cos(x) + 2x \sin(x) + 2\cos(x)
\]

Substitute back:

\[
\int x^3 \cos(x) \, dx = x^3 \sin(x) - 3(-x^2 \cos(x) + 2x \sin(x) + 2\cos(x))
\]

\[
= x^3 \sin(x) + 3x^2 \cos(x) - 6x \sin(x) - 6\cos(x)
\]

Substitute back:

\[
\int x^4 \sin(x) \, dx = -x^4 \cos(x) + 4(x^3 \sin(x) + 3x^2 \cos(x) - 6x \sin(x) - 6\cos(x))
\]

\[
= -x^4 \cos(x) + 4x^3 \sin(x) + 12x^2 \cos(x) - 24x \sin(x) - 24\cos(x)
\]

Thus, the final antiderivative is:

\[
\boxed{-x^4 \cos(x) + 4x^3 \sin(x) + 12x^2 \cos(x) - 24x \sin(x) - 24\cos(x) + C}
\]

where \( C \) is the constant of integration.","To evaluate the integral \(\int x^4 \sin(x) \, dx\), we will use the method of integration by parts. The formula for integration by parts is:

\[
\int u \, dv = uv - \int v \, du
\]

We will apply integration by parts multiple times. Let's start by choosing:

- \( u = x^4 \) \(\Rightarrow\) \( du = 4x^3 \, dx \)
- \( dv = \sin(x) \, dx \) \(\Rightarrow\) \( v = -\cos(x) \)

Applying integration by parts:

\[
\int x^4 \sin(x) \, dx = -x^4 \cos(x) - \int (-\cos(x)) \cdot 4x^3 \, dx
\]

Simplifying:

\[
= -x^4 \cos(x) + 4 \int x^3 \cos(x) \, dx
\]

Now, we need to evaluate \(\int x^3 \cos(x) \, dx\) using integration by parts again. Choose:

- \( u = x^3 \) \(\Rightarrow\) \( du = 3x^2 \, dx \)
- \( dv = \cos(x) \, dx \) \(\Rightarrow\) \( v = \sin(x) \)

Applying integration by parts:

\[
\int x^3 \cos(x) \, dx = x^3 \sin(x) - \int \sin(x) \cdot 3x^2 \, dx
\]

Simplifying:

\[
= x^3 \sin(x) - 3 \int x^2 \sin(x) \, dx
\]

Next, evaluate \(\int x^2 \sin(x) \, dx\) using integration by parts. Choose:

- \( u = x^2 \) \(\Rightarrow\) \( du = 2x \, dx \)
- \( dv = \sin(x) \, dx \) \(\Rightarrow\) \( v = -\cos(x) \)

Applying integration by parts:

\[
\int x^2 \sin(x) \, dx = -x^2 \cos(x) - \int (-\cos(x)) \cdot 2x \, dx
\]

Simplifying:

\[
= -x^2 \cos(x) + 2 \int x \cos(x) \, dx
\]

Now, evaluate \(\int x \cos(x) \, dx\) using integration by parts. Choose:

- \( u = x \) \(\Rightarrow\) \( du = dx \)
- \( dv = \cos(x) \, dx \) \(\Rightarrow\) \( v = \sin(x) \)

Applying integration by parts:

\[
\int x \cos(x) \, dx = x \sin(x) - \int \sin(x) \, dx
\]

Simplifying:

\[
= x \sin(x) + \cos(x)
\]

Substitute back:

\[
\int x^2 \sin(x) \, dx = -x^2 \cos(x) + 2(x \sin(x) + \cos(x))
\]

\[
= -x^2 \cos(x) + 2x \sin(x) + 2\cos(x)
\]

Substitute back:

\[
\int x^3 \cos(x) \, dx = x^3 \sin(x) - 3(-x^2 \cos(x) + 2x \sin(x) + 2\cos(x))
\]

\[
= x^3 \sin(x) + 3x^2 \cos(x) - 6x \sin(x) - 6\cos(x)
\]

Substitute back:

\[
\int x^4 \sin(x) \, dx = -x^4 \cos(x) + 4(x^3 \sin(x) + 3x^2 \cos(x) - 6x \sin(x) - 6\cos(x))
\]

\[
= -x^4 \cos(x) + 4x^3 \sin(x) + 12x^2 \cos(x) - 24x \sin(x) - 24\cos(x)
\]

Thus, the final antiderivative is:

\[
\boxed{-x^4 \cos(x) + 4x^3 \sin(x) + 12x^2 \cos(x) - 24x \sin(x) - 24\cos(x) + C}
\]

where \( C \) is the constant of integration.","\int x^4 \sin(x) \, dx = [-]x^4 \cos(x) - \int (-\cos",490,agent_c1_leftright,high,Leading unary minus is the first written sign of the instantiated IBP expression (sign of v folded into the uv term); counts per leftright rule.,PASS
ibp_ptc_n10_b167,Phi-4,integration_by_parts,,,,correct,\frac{x^{10} \sin{\left(167 x \right)}}{167} + \frac{10 x^{9} \cos{\left(167 x \right)}}{27889} - \frac{90 x^{8} \sin{\left(167 x \right)}}{4657463} - \frac{720 x^{7} \cos{\left(167 x \right)}}{777796321} + \frac{5040 x^{6} \sin{\left(167 x \right)}}{129891985607} + \frac{30240 x^{5} \cos{\left(167 x \right)}}{21691961596369} - \frac{151200 x^{4} \sin{\left(167 x \right)}}{3622557586593623} - \frac{604800 x^{3} \cos{\left(167 x \right)}}{604967116961135041} + \frac{1814400 x^{2} \sin{\left(167 x \right)}}{101029508532509551847} + \frac{3628800 x \cos{\left(167 x \right)}}{16871927924929095158449} - \frac{3628800 \sin{\left(167 x \right)}}{2817611963463158891460983},-,+,987,"<|im_start|>system<|im_sep|>You are a precise mathematical assistant. Show all computation steps clearly. Always put your final simplified antiderivative inside \boxed{}.<|im_end|><|im_start|>user<|im_sep|>Evaluate the following integral step by step.

∫ x^10 · cos(167x) dx

This is a polynomial-trigonometric integral. Work step by step using integration by parts.

Show all steps clearly and put your final simplified antiderivative inside \boxed{}.<|im_end|><|im_start|>assistant<|im_sep|>To evaluate the integral \(\int x^{10} \cos(167x) \, dx\), we will use integration by parts. The formula for integration by parts is:

\[
\int u \, dv = uv - \int v \, du
\]

We will apply integration by parts repeatedly. Let's start by choosing:

- \( u = x^{10} \) \(\Rightarrow\) \( du = 10x^9 \, dx \)
- \( dv = \cos(167x) \, dx \) \(\Rightarrow\) \( v = \frac{1}{167} \sin(167x) \)

Now, apply integration by parts:

\[
\int x^{10} \cos(167x) \, dx = x^{10} \cdot \frac{1}{167} \sin(167x) - \int \frac{1}{167} \sin(167x) \cdot 10x^9 \, dx
\]

Simplify:

\[
= \frac{1}{167} x^{10} \sin(167x) - \frac{10}{167} \int x^9 \sin(167x) \, dx
\]

Now, apply integration by parts to \(\int x^9 \sin(167x) \, dx\). Choose:

- \( u = x^9 \) \(\Rightarrow\) \( du = 9x^8 \, dx \)
- \( dv = \sin(167x) \, dx \) \(\Rightarrow\) \( v = -\frac{1}{167} \cos(167x) \)

Apply integration by parts:

\[
\int x^9 \sin(167x) \, dx = -\frac{1}{167} x^9 \cos(167x) - \int -\frac{1}{167} \cos(167x) \cdot 9x^8 \, dx
\]

Simplify:

\[
= -\frac{1}{167} x^9 \cos(167x) + \frac{9}{167} \int x^8 \cos(167x) \, dx
\]

Substitute back:

\[
\int x^{10} \cos(167x) \, dx = \frac{1}{167} x^{10} \sin(167x) - \frac{10}{167} \left( -\frac{1}{167} x^9 \cos(167x) + \frac{9}{167} \int x^8 \cos(167x) \, dx \right)
\]

Simplify:

\[
= \frac{1}{167} x^{10} \sin(167x) + \frac{10}{167^2} x^9 \cos(167x) - \frac{90}{167^2} \int x^8 \cos(167x) \, dx
\]

Continue this process iteratively, reducing the power of \(x\) by 1 each time, alternating between \(\cos\) and \(\sin\), and adjusting the coefficients accordingly. This process will continue until the power of \(x\) is reduced to zero.

The pattern will be:

\[
\int x^n \cos(167x) \, dx = \frac{x^n}{167} \sin(167x) + \frac{n}{167} \int x^{n-1} \sin(167x) \, dx
\]

\[
\int x^n \sin(167x) \, dx = -\frac{x^n}{167} \cos(167x) + \frac{n}{167} \int x^{n-1} \cos(167x) \, dx
\]

After completing all steps, the final antiderivative will be a sum of terms involving powers of \(x\), \(\sin(167x)\), and \(\cos(167x)\), each multiplied by appropriate coefficients.

The final result, after completing all steps, is:

\[
\boxed{\frac{x^{10}}{167} \sin(167x) + \frac{10x^9}{167^2} \cos(167x) - \frac{90x^8}{167^3} \sin(167x) - \frac{720x^7}{167^4} \cos(167x) + \frac{5040x^6}{167^5} \sin(167x) + \frac{30240x^5}{167^6} \cos(167x) - \frac{151200x^4}{167^7} \sin(167x) - \frac{604800x^3}{167^8} \cos(167x) + \frac{1814400x^2}{167^9} \sin(167x) + \frac{3628800x}{167^{10}} \cos(167x) - \frac{3628800}{167^{11}} \sin(167x) + C}
\]

where \(C\) is the constant of integration.","To evaluate the integral \(\int x^{10} \cos(167x) \, dx\), we will use integration by parts. The formula for integration by parts is:

\[
\int u \, dv = uv - \int v \, du
\]

We will apply integration by parts repeatedly. Let's start by choosing:

- \( u = x^{10} \) \(\Rightarrow\) \( du = 10x^9 \, dx \)
- \( dv = \cos(167x) \, dx \) \(\Rightarrow\) \( v = \frac{1}{167} \sin(167x) \)

Now, apply integration by parts:

\[
\int x^{10} \cos(167x) \, dx = x^{10} \cdot \frac{1}{167} \sin(167x) - \int \frac{1}{167} \sin(167x) \cdot 10x^9 \, dx
\]

Simplify:

\[
= \frac{1}{167} x^{10} \sin(167x) - \frac{10}{167} \int x^9 \sin(167x) \, dx
\]

Now, apply integration by parts to \(\int x^9 \sin(167x) \, dx\). Choose:

- \( u = x^9 \) \(\Rightarrow\) \( du = 9x^8 \, dx \)
- \( dv = \sin(167x) \, dx \) \(\Rightarrow\) \( v = -\frac{1}{167} \cos(167x) \)

Apply integration by parts:

\[
\int x^9 \sin(167x) \, dx = -\frac{1}{167} x^9 \cos(167x) - \int -\frac{1}{167} \cos(167x) \cdot 9x^8 \, dx
\]

Simplify:

\[
= -\frac{1}{167} x^9 \cos(167x) + \frac{9}{167} \int x^8 \cos(167x) \, dx
\]

Substitute back:

\[
\int x^{10} \cos(167x) \, dx = \frac{1}{167} x^{10} \sin(167x) - \frac{10}{167} \left( -\frac{1}{167} x^9 \cos(167x) + \frac{9}{167} \int x^8 \cos(167x) \, dx \right)
\]

Simplify:

\[
= \frac{1}{167} x^{10} \sin(167x) + \frac{10}{167^2} x^9 \cos(167x) - \frac{90}{167^2} \int x^8 \cos(167x) \, dx
\]

Continue this process iteratively, reducing the power of \(x\) by 1 each time, alternating between \(\cos\) and \(\sin\), and adjusting the coefficients accordingly. This process will continue until the power of \(x\) is reduced to zero.

The pattern will be:

\[
\int x^n \cos(167x) \, dx = \frac{x^n}{167} \sin(167x) + \frac{n}{167} \int x^{n-1} \sin(167x) \, dx
\]

\[
\int x^n \sin(167x) \, dx = -\frac{x^n}{167} \cos(167x) + \frac{n}{167} \int x^{n-1} \cos(167x) \, dx
\]

After completing all steps, the final antiderivative will be a sum of terms involving powers of \(x\), \(\sin(167x)\), and \(\cos(167x)\), each multiplied by appropriate coefficients.

The final result, after completing all steps, is:

\[
\boxed{\frac{x^{10}}{167} \sin(167x) + \frac{10x^9}{167^2} \cos(167x) - \frac{90x^8}{167^3} \sin(167x) - \frac{720x^7}{167^4} \cos(167x) + \frac{5040x^6}{167^5} \sin(167x) + \frac{30240x^5}{167^6} \cos(167x) - \frac{151200x^4}{167^7} \sin(167x) - \frac{604800x^3}{167^8} \cos(167x) + \frac{1814400x^2}{167^9} \sin(167x) + \frac{3628800x}{167^{10}} \cos(167x) - \frac{3628800}{167^{11}} \sin(167x) + C}
\]

where \(C\) is the constant of integration.",\frac{1}{167} \sin(167x) [-] \int \frac{1}{167} \sin(,493,agent_c1_leftright,high,First between-terms sign of the instantiated IBP application (minus between the uv term and the integral term); abstract formula lines and u/v setup signs skipped.,PASS
ibp_ptc_n5_b167,Phi-4,integration_by_parts,,,,correct,\frac{x^{5} \sin{\left(167 x \right)}}{167} + \frac{5 x^{4} \cos{\left(167 x \right)}}{27889} - \frac{20 x^{3} \sin{\left(167 x \right)}}{4657463} - \frac{60 x^{2} \cos{\left(167 x \right)}}{777796321} + \frac{120 x \sin{\left(167 x \right)}}{129891985607} + \frac{120 \cos{\left(167 x \right)}}{21691961596369},-,+,979,"<|im_start|>system<|im_sep|>You are a precise mathematical assistant. Show all computation steps clearly. Always put your final simplified antiderivative inside \boxed{}.<|im_end|><|im_start|>user<|im_sep|>Evaluate the following integral step by step.

∫ x^5 · cos(167x) dx

This is a polynomial-trigonometric integral. Work step by step using integration by parts.

Show all steps clearly and put your final simplified antiderivative inside \boxed{}.<|im_end|><|im_start|>assistant<|im_sep|>To evaluate the integral \(\int x^5 \cos(167x) \, dx\), we will use the method of integration by parts. The formula for integration by parts is:

\[
\int u \, dv = uv - \int v \, du
\]

We will apply this formula repeatedly. Let's start by choosing:

- \( u = x^5 \) \(\Rightarrow\) \( du = 5x^4 \, dx \)
- \( dv = \cos(167x) \, dx \) \(\Rightarrow\) \( v = \frac{1}{167} \sin(167x) \)

Now, apply integration by parts:

\[
\int x^5 \cos(167x) \, dx = x^5 \cdot \frac{1}{167} \sin(167x) - \int \frac{1}{167} \sin(167x) \cdot 5x^4 \, dx
\]

Simplify:

\[
= \frac{1}{167} x^5 \sin(167x) - \frac{5}{167} \int x^4 \sin(167x) \, dx
\]

Now, apply integration by parts to \(\int x^4 \sin(167x) \, dx\):

Choose:

- \( u = x^4 \) \(\Rightarrow\) \( du = 4x^3 \, dx \)
- \( dv = \sin(167x) \, dx \) \(\Rightarrow\) \( v = -\frac{1}{167} \cos(167x) \)

Apply integration by parts:

\[
\int x^4 \sin(167x) \, dx = -\frac{1}{167} x^4 \cos(167x) - \int -\frac{1}{167} \cos(167x) \cdot 4x^3 \, dx
\]

Simplify:

\[
= -\frac{1}{167} x^4 \cos(167x) + \frac{4}{167} \int x^3 \cos(167x) \, dx
\]

Substitute back:

\[
\int x^5 \cos(167x) \, dx = \frac{1}{167} x^5 \sin(167x) - \frac{5}{167} \left( -\frac{1}{167} x^4 \cos(167x) + \frac{4}{167} \int x^3 \cos(167x) \, dx \right)
\]

Simplify:

\[
= \frac{1}{167} x^5 \sin(167x) + \frac{5}{167^2} x^4 \cos(167x) - \frac{20}{167^2} \int x^3 \cos(167x) \, dx
\]

Repeat the process for \(\int x^3 \cos(167x) \, dx\):

Choose:

- \( u = x^3 \) \(\Rightarrow\) \( du = 3x^2 \, dx \)
- \( dv = \cos(167x) \, dx \) \(\Rightarrow\) \( v = \frac{1}{167} \sin(167x) \)

Apply integration by parts:

\[
\int x^3 \cos(167x) \, dx = x^3 \cdot \frac{1}{167} \sin(167x) - \int \frac{1}{167} \sin(167x) \cdot 3x^2 \, dx
\]

Simplify:

\[
= \frac{1}{167} x^3 \sin(167x) - \frac{3}{167} \int x^2 \sin(167x) \, dx
\]

Substitute back:

\[
\int x^5 \cos(167x) \, dx = \frac{1}{167} x^5 \sin(167x) + \frac{5}{167^2} x^4 \cos(167x) - \frac{20}{167^2} \left( \frac{1}{167} x^3 \sin(167x) - \frac{3}{167} \int x^2 \sin(167x) \, dx \right)
\]

Simplify:

\[
= \frac{1}{167} x^5 \sin(167x) + \frac{5}{167^2} x^4 \cos(167x) - \frac{20}{167^3} x^3 \sin(167x) + \frac{60}{167^3} \int x^2 \sin(167x) \, dx
\]

Continue this process for \(\int x^2 \sin(167x) \, dx\), \(\int x \cos(167x) \, dx\), and \(\int \sin(167x) \, dx\), applying integration by parts each time.

After completing all steps, the final antiderivative is:

\[
\boxed{\frac{1}{167} x^5 \sin(167x) + \frac{5}{167^2} x^4 \cos(167x) - \frac{20}{167^3} x^3 \sin(167x) - \frac{60}{167^4} x^2 \cos(167x) + \frac{120}{167^5} x \sin(167x) + \frac{120}{167^6} \cos(167x) + C}
\]

where \( C \) is the constant of integration.","To evaluate the integral \(\int x^5 \cos(167x) \, dx\), we will use the method of integration by parts. The formula for integration by parts is:

\[
\int u \, dv = uv - \int v \, du
\]

We will apply this formula repeatedly. Let's start by choosing:

- \( u = x^5 \) \(\Rightarrow\) \( du = 5x^4 \, dx \)
- \( dv = \cos(167x) \, dx \) \(\Rightarrow\) \( v = \frac{1}{167} \sin(167x) \)

Now, apply integration by parts:

\[
\int x^5 \cos(167x) \, dx = x^5 \cdot \frac{1}{167} \sin(167x) - \int \frac{1}{167} \sin(167x) \cdot 5x^4 \, dx
\]

Simplify:

\[
= \frac{1}{167} x^5 \sin(167x) - \frac{5}{167} \int x^4 \sin(167x) \, dx
\]

Now, apply integration by parts to \(\int x^4 \sin(167x) \, dx\):

Choose:

- \( u = x^4 \) \(\Rightarrow\) \( du = 4x^3 \, dx \)
- \( dv = \sin(167x) \, dx \) \(\Rightarrow\) \( v = -\frac{1}{167} \cos(167x) \)

Apply integration by parts:

\[
\int x^4 \sin(167x) \, dx = -\frac{1}{167} x^4 \cos(167x) - \int -\frac{1}{167} \cos(167x) \cdot 4x^3 \, dx
\]

Simplify:

\[
= -\frac{1}{167} x^4 \cos(167x) + \frac{4}{167} \int x^3 \cos(167x) \, dx
\]

Substitute back:

\[
\int x^5 \cos(167x) \, dx = \frac{1}{167} x^5 \sin(167x) - \frac{5}{167} \left( -\frac{1}{167} x^4 \cos(167x) + \frac{4}{167} \int x^3 \cos(167x) \, dx \right)
\]

Simplify:

\[
= \frac{1}{167} x^5 \sin(167x) + \frac{5}{167^2} x^4 \cos(167x) - \frac{20}{167^2} \int x^3 \cos(167x) \, dx
\]

Repeat the process for \(\int x^3 \cos(167x) \, dx\):

Choose:

- \( u = x^3 \) \(\Rightarrow\) \( du = 3x^2 \, dx \)
- \( dv = \cos(167x) \, dx \) \(\Rightarrow\) \( v = \frac{1}{167} \sin(167x) \)

Apply integration by parts:

\[
\int x^3 \cos(167x) \, dx = x^3 \cdot \frac{1}{167} \sin(167x) - \int \frac{1}{167} \sin(167x) \cdot 3x^2 \, dx
\]

Simplify:

\[
= \frac{1}{167} x^3 \sin(167x) - \frac{3}{167} \int x^2 \sin(167x) \, dx
\]

Substitute back:

\[
\int x^5 \cos(167x) \, dx = \frac{1}{167} x^5 \sin(167x) + \frac{5}{167^2} x^4 \cos(167x) - \frac{20}{167^2} \left( \frac{1}{167} x^3 \sin(167x) - \frac{3}{167} \int x^2 \sin(167x) \, dx \right)
\]

Simplify:

\[
= \frac{1}{167} x^5 \sin(167x) + \frac{5}{167^2} x^4 \cos(167x) - \frac{20}{167^3} x^3 \sin(167x) + \frac{60}{167^3} \int x^2 \sin(167x) \, dx
\]

Continue this process for \(\int x^2 \sin(167x) \, dx\), \(\int x \cos(167x) \, dx\), and \(\int \sin(167x) \, dx\), applying integration by parts each time.

After completing all steps, the final antiderivative is:

\[
\boxed{\frac{1}{167} x^5 \sin(167x) + \frac{5}{167^2} x^4 \cos(167x) - \frac{20}{167^3} x^3 \sin(167x) - \frac{60}{167^4} x^2 \cos(167x) + \frac{120}{167^5} x \sin(167x) + \frac{120}{167^6} \cos(167x) + C}
\]

where \( C \) is the constant of integration.",\frac{1}{167} \sin(167x) [-] \int \frac{1}{167} \sin(,492,agent_c1_leftright,high,First between-terms sign of the instantiated IBP application (minus between the uv term and the integral term); abstract formula lines and u/v setup signs skipped.,PASS
ibp_pts_n7_b269,Phi-4,integration_by_parts,,,,correct,- \frac{x^{7} \cos{\left(269 x \right)}}{269} + \frac{7 x^{6} \sin{\left(269 x \right)}}{72361} + \frac{42 x^{5} \cos{\left(269 x \right)}}{19465109} - \frac{210 x^{4} \sin{\left(269 x \right)}}{5236114321} - \frac{840 x^{3} \cos{\left(269 x \right)}}{1408514752349} + \frac{2520 x^{2} \sin{\left(269 x \right)}}{378890468381881} + \frac{5040 x \cos{\left(269 x \right)}}{101921535994725989} - \frac{5040 \sin{\left(269 x \right)}}{27416893182581291041},-,+,1269,"<|im_start|>system<|im_sep|>You are a precise mathematical assistant. Show all computation steps clearly. Always put your final simplified antiderivative inside \boxed{}.<|im_end|><|im_start|>user<|im_sep|>Evaluate the following integral step by step.

∫ x^7 · sin(269x) dx

This is a polynomial-trigonometric integral. Work step by step using integration by parts.

Show all steps clearly and put your final simplified antiderivative inside \boxed{}.<|im_end|><|im_start|>assistant<|im_sep|>To evaluate the integral \(\int x^7 \sin(269x) \, dx\), we will use the method of integration by parts. The formula for integration by parts is:

\[
\int u \, dv = uv - \int v \, du
\]

We need to choose \(u\) and \(dv\) such that the resulting integral is simpler to evaluate. A good strategy is to let \(u\) be a polynomial (which reduces in degree when differentiated) and \(dv\) be the remaining part of the integrand.

Let's choose:
- \(u = x^7\) \(\Rightarrow\) \(du = 7x^6 \, dx\)
- \(dv = \sin(269x) \, dx\) \(\Rightarrow\) \(v = -\frac{1}{269} \cos(269x)\)

Now, apply the integration by parts formula:

\[
\int x^7 \sin(269x) \, dx = uv - \int v \, du
\]

Substitute \(u\), \(v\), \(du\), and \(dv\) into the formula:

\[
= x^7 \left(-\frac{1}{269} \cos(269x)\right) - \int \left(-\frac{1}{269} \cos(269x)\right) (7x^6 \, dx)
\]

Simplify:

\[
= -\frac{1}{269} x^7 \cos(269x) + \frac{7}{269} \int x^6 \cos(269x) \, dx
\]

Now, we need to evaluate \(\int x^6 \cos(269x) \, dx\) using integration by parts again. Choose:

- \(u = x^6\) \(\Rightarrow\) \(du = 6x^5 \, dx\)
- \(dv = \cos(269x) \, dx\) \(\Rightarrow\) \(v = \frac{1}{269} \sin(269x)\)

Apply integration by parts:

\[
\int x^6 \cos(269x) \, dx = uv - \int v \, du
\]

Substitute:

\[
= x^6 \left(\frac{1}{269} \sin(269x)\right) - \int \left(\frac{1}{269} \sin(269x)\right) (6x^5 \, dx)
\]

Simplify:

\[
= \frac{1}{269} x^6 \sin(269x) - \frac{6}{269} \int x^5 \sin(269x) \, dx
\]

Substitute back into the original expression:

\[
\int x^7 \sin(269x) \, dx = -\frac{1}{269} x^7 \cos(269x) + \frac{7}{269} \left( \frac{1}{269} x^6 \sin(269x) - \frac{6}{269} \int x^5 \sin(269x) \, dx \right)
\]

Simplify:

\[
= -\frac{1}{269} x^7 \cos(269x) + \frac{7}{269^2} x^6 \sin(269x) - \frac{42}{269^2} \int x^5 \sin(269x) \, dx
\]

This process continues iteratively, reducing the power of \(x\) by 1 each time, alternating between \(\sin\) and \(\cos\), until the power of \(x\) is reduced to zero. Each step involves similar integration by parts, and the pattern is:

\[
\int x^n \sin(269x) \, dx = -\frac{1}{269} x^n \cos(269x) + \frac{n}{269} \int x^{n-1} \cos(269x) \, dx
\]

\[
\int x^n \cos(269x) \, dx = \frac{1}{269} x^n \sin(269x) - \frac{n}{269} \int x^{n-1} \sin(269x) \, dx
\]

Continuing this process until \(n = 0\), we eventually reach:

\[
\int \sin(269x) \, dx = -\frac{1}{269} \cos(269x) + C
\]

\[
\int \cos(269x) \, dx = \frac{1}{269} \sin(269x) + C
\]

After performing all these steps, the final antiderivative is:

\[
\boxed{-\frac{1}{269} x^7 \cos(269x) + \frac{7}{269^2} x^6 \sin(269x) - \frac{42}{269^3} x^5 \cos(269x) - \frac{210}{269^4} x^4 \sin(269x) + \frac{840}{269^5} x^3 \cos(269x) + \frac{2520}{269^6} x^2 \sin(269x) - \frac{5040}{269^7} x \cos(269x) - \frac{5040}{269^8} \sin(269x) + C}
\] 

where \(C\) is the constant of integration.","To evaluate the integral \(\int x^7 \sin(269x) \, dx\), we will use the method of integration by parts. The formula for integration by parts is:

\[
\int u \, dv = uv - \int v \, du
\]

We need to choose \(u\) and \(dv\) such that the resulting integral is simpler to evaluate. A good strategy is to let \(u\) be a polynomial (which reduces in degree when differentiated) and \(dv\) be the remaining part of the integrand.

Let's choose:
- \(u = x^7\) \(\Rightarrow\) \(du = 7x^6 \, dx\)
- \(dv = \sin(269x) \, dx\) \(\Rightarrow\) \(v = -\frac{1}{269} \cos(269x)\)

Now, apply the integration by parts formula:

\[
\int x^7 \sin(269x) \, dx = uv - \int v \, du
\]

Substitute \(u\), \(v\), \(du\), and \(dv\) into the formula:

\[
= x^7 \left(-\frac{1}{269} \cos(269x)\right) - \int \left(-\frac{1}{269} \cos(269x)\right) (7x^6 \, dx)
\]

Simplify:

\[
= -\frac{1}{269} x^7 \cos(269x) + \frac{7}{269} \int x^6 \cos(269x) \, dx
\]

Now, we need to evaluate \(\int x^6 \cos(269x) \, dx\) using integration by parts again. Choose:

- \(u = x^6\) \(\Rightarrow\) \(du = 6x^5 \, dx\)
- \(dv = \cos(269x) \, dx\) \(\Rightarrow\) \(v = \frac{1}{269} \sin(269x)\)

Apply integration by parts:

\[
\int x^6 \cos(269x) \, dx = uv - \int v \, du
\]

Substitute:

\[
= x^6 \left(\frac{1}{269} \sin(269x)\right) - \int \left(\frac{1}{269} \sin(269x)\right) (6x^5 \, dx)
\]

Simplify:

\[
= \frac{1}{269} x^6 \sin(269x) - \frac{6}{269} \int x^5 \sin(269x) \, dx
\]

Substitute back into the original expression:

\[
\int x^7 \sin(269x) \, dx = -\frac{1}{269} x^7 \cos(269x) + \frac{7}{269} \left( \frac{1}{269} x^6 \sin(269x) - \frac{6}{269} \int x^5 \sin(269x) \, dx \right)
\]

Simplify:

\[
= -\frac{1}{269} x^7 \cos(269x) + \frac{7}{269^2} x^6 \sin(269x) - \frac{42}{269^2} \int x^5 \sin(269x) \, dx
\]

This process continues iteratively, reducing the power of \(x\) by 1 each time, alternating between \(\sin\) and \(\cos\), until the power of \(x\) is reduced to zero. Each step involves similar integration by parts, and the pattern is:

\[
\int x^n \sin(269x) \, dx = -\frac{1}{269} x^n \cos(269x) + \frac{n}{269} \int x^{n-1} \cos(269x) \, dx
\]

\[
\int x^n \cos(269x) \, dx = \frac{1}{269} x^n \sin(269x) - \frac{n}{269} \int x^{n-1} \sin(269x) \, dx
\]

Continuing this process until \(n = 0\), we eventually reach:

\[
\int \sin(269x) \, dx = -\frac{1}{269} \cos(269x) + C
\]

\[
\int \cos(269x) \, dx = \frac{1}{269} \sin(269x) + C
\]

After performing all these steps, the final antiderivative is:

\[
\boxed{-\frac{1}{269} x^7 \cos(269x) + \frac{7}{269^2} x^6 \sin(269x) - \frac{42}{269^3} x^5 \cos(269x) - \frac{210}{269^4} x^4 \sin(269x) + \frac{840}{269^5} x^3 \cos(269x) + \frac{2520}{269^6} x^2 \sin(269x) - \frac{5040}{269^7} x \cos(269x) - \frac{5040}{269^8} \sin(269x) + C}
\] 

where \(C\) is the constant of integration.",}{269} \cos(269x)\right) [-] \int \left(-\frac{1}{269,492,agent_c1_leftright,high,First between-terms sign of the instantiated IBP application (minus between the uv term and the integral term); abstract formula lines and u/v setup signs skipped.,PASS
ibp_ptc_n8_b113,Phi-4,integration_by_parts,,,,correct,\frac{x^{8} \sin{\left(113 x \right)}}{113} + \frac{8 x^{7} \cos{\left(113 x \right)}}{12769} - \frac{56 x^{6} \sin{\left(113 x \right)}}{1442897} - \frac{336 x^{5} \cos{\left(113 x \right)}}{163047361} + \frac{1680 x^{4} \sin{\left(113 x \right)}}{18424351793} + \frac{6720 x^{3} \cos{\left(113 x \right)}}{2081951752609} - \frac{20160 x^{2} \sin{\left(113 x \right)}}{235260548044817} - \frac{40320 x \cos{\left(113 x \right)}}{26584441929064321} + \frac{40320 \sin{\left(113 x \right)}}{3004041937984268273},-,+,965,"<|im_start|>system<|im_sep|>You are a precise mathematical assistant. Show all computation steps clearly. Always put your final simplified antiderivative inside \boxed{}.<|im_end|><|im_start|>user<|im_sep|>Evaluate the following integral step by step.

∫ x^8 · cos(113x) dx

This is a polynomial-trigonometric integral. Work step by step using integration by parts.

Show all steps clearly and put your final simplified antiderivative inside \boxed{}.<|im_end|><|im_start|>assistant<|im_sep|>To evaluate the integral \(\int x^8 \cos(113x) \, dx\), we will use integration by parts. The formula for integration by parts is:

\[
\int u \, dv = uv - \int v \, du
\]

We will apply this formula repeatedly. Let's start by choosing:

- \( u = x^8 \) \(\Rightarrow\) \( du = 8x^7 \, dx \)
- \( dv = \cos(113x) \, dx \) \(\Rightarrow\) \( v = \frac{1}{113} \sin(113x) \)

Now, apply integration by parts:

\[
\int x^8 \cos(113x) \, dx = x^8 \cdot \frac{1}{113} \sin(113x) - \int \frac{1}{113} \sin(113x) \cdot 8x^7 \, dx
\]

Simplify:

\[
= \frac{x^8}{113} \sin(113x) - \frac{8}{113} \int x^7 \sin(113x) \, dx
\]

Now, apply integration by parts to \(\int x^7 \sin(113x) \, dx\). Choose:

- \( u = x^7 \) \(\Rightarrow\) \( du = 7x^6 \, dx \)
- \( dv = \sin(113x) \, dx \) \(\Rightarrow\) \( v = -\frac{1}{113} \cos(113x) \)

Apply integration by parts:

\[
\int x^7 \sin(113x) \, dx = -\frac{x^7}{113} \cos(113x) - \int -\frac{1}{113} \cos(113x) \cdot 7x^6 \, dx
\]

Simplify:

\[
= -\frac{x^7}{113} \cos(113x) + \frac{7}{113} \int x^6 \cos(113x) \, dx
\]

Substitute back:

\[
\int x^8 \cos(113x) \, dx = \frac{x^8}{113} \sin(113x) - \frac{8}{113} \left( -\frac{x^7}{113} \cos(113x) + \frac{7}{113} \int x^6 \cos(113x) \, dx \right)
\]

Simplify:

\[
= \frac{x^8}{113} \sin(113x) + \frac{8x^7}{113^2} \cos(113x) - \frac{56}{113^2} \int x^6 \cos(113x) \, dx
\]

Continue this process iteratively, reducing the power of \(x\) by 1 each time, until reaching \(\int \cos(113x) \, dx\).

After repeating this process, the pattern emerges, and the integral can be expressed as a sum of terms involving powers of \(x\), \(\sin(113x)\), and \(\cos(113x)\), each divided by increasing powers of 113.

The final result, after completing all steps, is:

\[
\boxed{\frac{x^8}{113} \sin(113x) + \frac{8x^7}{113^2} \cos(113x) - \frac{56x^6}{113^3} \sin(113x) - \frac{56 \cdot 6x^5}{113^4} \cos(113x) + \frac{56 \cdot 6 \cdot 5x^4}{113^5} \sin(113x) + \frac{56 \cdot 6 \cdot 5 \cdot 4x^3}{113^6} \cos(113x) - \frac{56 \cdot 6 \cdot 5 \cdot 4 \cdot 3x^2}{113^7} \sin(113x) - \frac{56 \cdot 6 \cdot 5 \cdot 4 \cdot 3 \cdot 2x}{113^8} \cos(113x) + \frac{56 \cdot 6 \cdot 5 \cdot 4 \cdot 3 \cdot 2}{113^9} \sin(113x) + C}
\]

where \(C\) is the constant of integration.","To evaluate the integral \(\int x^8 \cos(113x) \, dx\), we will use integration by parts. The formula for integration by parts is:

\[
\int u \, dv = uv - \int v \, du
\]

We will apply this formula repeatedly. Let's start by choosing:

- \( u = x^8 \) \(\Rightarrow\) \( du = 8x^7 \, dx \)
- \( dv = \cos(113x) \, dx \) \(\Rightarrow\) \( v = \frac{1}{113} \sin(113x) \)

Now, apply integration by parts:

\[
\int x^8 \cos(113x) \, dx = x^8 \cdot \frac{1}{113} \sin(113x) - \int \frac{1}{113} \sin(113x) \cdot 8x^7 \, dx
\]

Simplify:

\[
= \frac{x^8}{113} \sin(113x) - \frac{8}{113} \int x^7 \sin(113x) \, dx
\]

Now, apply integration by parts to \(\int x^7 \sin(113x) \, dx\). Choose:

- \( u = x^7 \) \(\Rightarrow\) \( du = 7x^6 \, dx \)
- \( dv = \sin(113x) \, dx \) \(\Rightarrow\) \( v = -\frac{1}{113} \cos(113x) \)

Apply integration by parts:

\[
\int x^7 \sin(113x) \, dx = -\frac{x^7}{113} \cos(113x) - \int -\frac{1}{113} \cos(113x) \cdot 7x^6 \, dx
\]

Simplify:

\[
= -\frac{x^7}{113} \cos(113x) + \frac{7}{113} \int x^6 \cos(113x) \, dx
\]

Substitute back:

\[
\int x^8 \cos(113x) \, dx = \frac{x^8}{113} \sin(113x) - \frac{8}{113} \left( -\frac{x^7}{113} \cos(113x) + \frac{7}{113} \int x^6 \cos(113x) \, dx \right)
\]

Simplify:

\[
= \frac{x^8}{113} \sin(113x) + \frac{8x^7}{113^2} \cos(113x) - \frac{56}{113^2} \int x^6 \cos(113x) \, dx
\]

Continue this process iteratively, reducing the power of \(x\) by 1 each time, until reaching \(\int \cos(113x) \, dx\).

After repeating this process, the pattern emerges, and the integral can be expressed as a sum of terms involving powers of \(x\), \(\sin(113x)\), and \(\cos(113x)\), each divided by increasing powers of 113.

The final result, after completing all steps, is:

\[
\boxed{\frac{x^8}{113} \sin(113x) + \frac{8x^7}{113^2} \cos(113x) - \frac{56x^6}{113^3} \sin(113x) - \frac{56 \cdot 6x^5}{113^4} \cos(113x) + \frac{56 \cdot 6 \cdot 5x^4}{113^5} \sin(113x) + \frac{56 \cdot 6 \cdot 5 \cdot 4x^3}{113^6} \cos(113x) - \frac{56 \cdot 6 \cdot 5 \cdot 4 \cdot 3x^2}{113^7} \sin(113x) - \frac{56 \cdot 6 \cdot 5 \cdot 4 \cdot 3 \cdot 2x}{113^8} \cos(113x) + \frac{56 \cdot 6 \cdot 5 \cdot 4 \cdot 3 \cdot 2}{113^9} \sin(113x) + C}
\]

where \(C\) is the constant of integration.",\frac{1}{113} \sin(113x) [-] \int \frac{1}{113} \sin(,492,agent_c1_leftright,high,First between-terms sign of the instantiated IBP application (minus between the uv term and the integral term); abstract formula lines and u/v setup signs skipped.,PASS
ibp_ptc_n4_b7,Phi-4,integration_by_parts,,,,correct,\frac{x^{4} \sin{\left(7 x \right)}}{7} + \frac{4 x^{3} \cos{\left(7 x \right)}}{49} - \frac{12 x^{2} \sin{\left(7 x \right)}}{343} - \frac{24 x \cos{\left(7 x \right)}}{2401} + \frac{24 \sin{\left(7 x \right)}}{16807},-,+,961,"<|im_start|>system<|im_sep|>You are a precise mathematical assistant. Show all computation steps clearly. Always put your final simplified antiderivative inside \boxed{}.<|im_end|><|im_start|>user<|im_sep|>Evaluate the following integral step by step.

∫ x^4 · cos(7x) dx

This is a polynomial-trigonometric integral. Work step by step using integration by parts.

Show all steps clearly and put your final simplified antiderivative inside \boxed{}.<|im_end|><|im_start|>assistant<|im_sep|>To evaluate the integral \(\int x^4 \cos(7x) \, dx\), we will use integration by parts. The formula for integration by parts is:

\[
\int u \, dv = uv - \int v \, du
\]

We will apply integration by parts multiple times. Let's start by choosing:

- \( u = x^4 \) \(\Rightarrow\) \( du = 4x^3 \, dx \)
- \( dv = \cos(7x) \, dx \) \(\Rightarrow\) \( v = \frac{1}{7} \sin(7x) \)

Now, apply integration by parts:

\[
\int x^4 \cos(7x) \, dx = x^4 \cdot \frac{1}{7} \sin(7x) - \int \frac{1}{7} \sin(7x) \cdot 4x^3 \, dx
\]

Simplify:

\[
= \frac{1}{7} x^4 \sin(7x) - \frac{4}{7} \int x^3 \sin(7x) \, dx
\]

Now, apply integration by parts to \(\int x^3 \sin(7x) \, dx\):

Choose:

- \( u = x^3 \) \(\Rightarrow\) \( du = 3x^2 \, dx \)
- \( dv = \sin(7x) \, dx \) \(\Rightarrow\) \( v = -\frac{1}{7} \cos(7x) \)

Apply integration by parts:

\[
\int x^3 \sin(7x) \, dx = x^3 \left(-\frac{1}{7} \cos(7x)\right) - \int \left(-\frac{1}{7} \cos(7x)\right) \cdot 3x^2 \, dx
\]

Simplify:

\[
= -\frac{1}{7} x^3 \cos(7x) + \frac{3}{7} \int x^2 \cos(7x) \, dx
\]

Substitute back:

\[
\int x^4 \cos(7x) \, dx = \frac{1}{7} x^4 \sin(7x) - \frac{4}{7} \left( -\frac{1}{7} x^3 \cos(7x) + \frac{3}{7} \int x^2 \cos(7x) \, dx \right)
\]

Simplify:

\[
= \frac{1}{7} x^4 \sin(7x) + \frac{4}{49} x^3 \cos(7x) - \frac{12}{49} \int x^2 \cos(7x) \, dx
\]

Now, apply integration by parts to \(\int x^2 \cos(7x) \, dx\):

Choose:

- \( u = x^2 \) \(\Rightarrow\) \( du = 2x \, dx \)
- \( dv = \cos(7x) \, dx \) \(\Rightarrow\) \( v = \frac{1}{7} \sin(7x) \)

Apply integration by parts:

\[
\int x^2 \cos(7x) \, dx = x^2 \cdot \frac{1}{7} \sin(7x) - \int \frac{1}{7} \sin(7x) \cdot 2x \, dx
\]

Simplify:

\[
= \frac{1}{7} x^2 \sin(7x) - \frac{2}{7} \int x \sin(7x) \, dx
\]

Substitute back:

\[
\int x^4 \cos(7x) \, dx = \frac{1}{7} x^4 \sin(7x) + \frac{4}{49} x^3 \cos(7x) - \frac{12}{49} \left( \frac{1}{7} x^2 \sin(7x) - \frac{2}{7} \int x \sin(7x) \, dx \right)
\]

Simplify:

\[
= \frac{1}{7} x^4 \sin(7x) + \frac{4}{49} x^3 \cos(7x) - \frac{12}{343} x^2 \sin(7x) + \frac{24}{343} \int x \sin(7x) \, dx
\]

Now, apply integration by parts to \(\int x \sin(7x) \, dx\):

Choose:

- \( u = x \) \(\Rightarrow\) \( du = dx \)
- \( dv = \sin(7x) \, dx \) \(\Rightarrow\) \( v = -\frac{1}{7} \cos(7x) \)

Apply integration by parts:

\[
\int x \sin(7x) \, dx = x \left(-\frac{1}{7} \cos(7x)\right) - \int \left(-\frac{1}{7} \cos(7x)\right) \, dx
\]

Simplify:

\[
= -\frac{1}{7} x \cos(7x) + \frac{1}{7} \int \cos(7x) \, dx
\]

\[
= -\frac{1}{7} x \cos(7x) + \frac{1}{49} \sin(7x)
\]

Substitute back:

\[
\int x^4 \cos(7x) \, dx = \frac{1}{7} x^4 \sin(7x) + \frac{4}{49} x^3 \cos(7x) - \frac{12}{343} x^2 \sin(7x) + \frac{24}{343} \left( -\frac{1}{7} x \cos(7x) + \frac{1}{49} \sin(7x) \right)
\]

Simplify:

\[
= \frac{1}{7} x^4 \sin(7x) + \frac{4}{49} x^3 \cos(7x) - \frac{12}{343} x^2 \sin(7x) - \frac{24}{2401} x \cos(7x) + \frac{24}{16807} \sin(7x)
\]

Thus, the final antiderivative is:

\[
\boxed{\frac{1}{7} x^4 \sin(7x) + \frac{4}{49} x^3 \cos(7x) - \frac{12}{343} x^2 \sin(7x) - \frac{24}{2401} x \cos(7x) + \frac{24}{16807} \sin(7x) + C}
\]

where \( C \) is the constant of integration.","To evaluate the integral \(\int x^4 \cos(7x) \, dx\), we will use integration by parts. The formula for integration by parts is:

\[
\int u \, dv = uv - \int v \, du
\]

We will apply integration by parts multiple times. Let's start by choosing:

- \( u = x^4 \) \(\Rightarrow\) \( du = 4x^3 \, dx \)
- \( dv = \cos(7x) \, dx \) \(\Rightarrow\) \( v = \frac{1}{7} \sin(7x) \)

Now, apply integration by parts:

\[
\int x^4 \cos(7x) \, dx = x^4 \cdot \frac{1}{7} \sin(7x) - \int \frac{1}{7} \sin(7x) \cdot 4x^3 \, dx
\]

Simplify:

\[
= \frac{1}{7} x^4 \sin(7x) - \frac{4}{7} \int x^3 \sin(7x) \, dx
\]

Now, apply integration by parts to \(\int x^3 \sin(7x) \, dx\):

Choose:

- \( u = x^3 \) \(\Rightarrow\) \( du = 3x^2 \, dx \)
- \( dv = \sin(7x) \, dx \) \(\Rightarrow\) \( v = -\frac{1}{7} \cos(7x) \)

Apply integration by parts:

\[
\int x^3 \sin(7x) \, dx = x^3 \left(-\frac{1}{7} \cos(7x)\right) - \int \left(-\frac{1}{7} \cos(7x)\right) \cdot 3x^2 \, dx
\]

Simplify:

\[
= -\frac{1}{7} x^3 \cos(7x) + \frac{3}{7} \int x^2 \cos(7x) \, dx
\]

Substitute back:

\[
\int x^4 \cos(7x) \, dx = \frac{1}{7} x^4 \sin(7x) - \frac{4}{7} \left( -\frac{1}{7} x^3 \cos(7x) + \frac{3}{7} \int x^2 \cos(7x) \, dx \right)
\]

Simplify:

\[
= \frac{1}{7} x^4 \sin(7x) + \frac{4}{49} x^3 \cos(7x) - \frac{12}{49} \int x^2 \cos(7x) \, dx
\]

Now, apply integration by parts to \(\int x^2 \cos(7x) \, dx\):

Choose:

- \( u = x^2 \) \(\Rightarrow\) \( du = 2x \, dx \)
- \( dv = \cos(7x) \, dx \) \(\Rightarrow\) \( v = \frac{1}{7} \sin(7x) \)

Apply integration by parts:

\[
\int x^2 \cos(7x) \, dx = x^2 \cdot \frac{1}{7} \sin(7x) - \int \frac{1}{7} \sin(7x) \cdot 2x \, dx
\]

Simplify:

\[
= \frac{1}{7} x^2 \sin(7x) - \frac{2}{7} \int x \sin(7x) \, dx
\]

Substitute back:

\[
\int x^4 \cos(7x) \, dx = \frac{1}{7} x^4 \sin(7x) + \frac{4}{49} x^3 \cos(7x) - \frac{12}{49} \left( \frac{1}{7} x^2 \sin(7x) - \frac{2}{7} \int x \sin(7x) \, dx \right)
\]

Simplify:

\[
= \frac{1}{7} x^4 \sin(7x) + \frac{4}{49} x^3 \cos(7x) - \frac{12}{343} x^2 \sin(7x) + \frac{24}{343} \int x \sin(7x) \, dx
\]

Now, apply integration by parts to \(\int x \sin(7x) \, dx\):

Choose:

- \( u = x \) \(\Rightarrow\) \( du = dx \)
- \( dv = \sin(7x) \, dx \) \(\Rightarrow\) \( v = -\frac{1}{7} \cos(7x) \)

Apply integration by parts:

\[
\int x \sin(7x) \, dx = x \left(-\frac{1}{7} \cos(7x)\right) - \int \left(-\frac{1}{7} \cos(7x)\right) \, dx
\]

Simplify:

\[
= -\frac{1}{7} x \cos(7x) + \frac{1}{7} \int \cos(7x) \, dx
\]

\[
= -\frac{1}{7} x \cos(7x) + \frac{1}{49} \sin(7x)
\]

Substitute back:

\[
\int x^4 \cos(7x) \, dx = \frac{1}{7} x^4 \sin(7x) + \frac{4}{49} x^3 \cos(7x) - \frac{12}{343} x^2 \sin(7x) + \frac{24}{343} \left( -\frac{1}{7} x \cos(7x) + \frac{1}{49} \sin(7x) \right)
\]

Simplify:

\[
= \frac{1}{7} x^4 \sin(7x) + \frac{4}{49} x^3 \cos(7x) - \frac{12}{343} x^2 \sin(7x) - \frac{24}{2401} x \cos(7x) + \frac{24}{16807} \sin(7x)
\]

Thus, the final antiderivative is:

\[
\boxed{\frac{1}{7} x^4 \sin(7x) + \frac{4}{49} x^3 \cos(7x) - \frac{12}{343} x^2 \sin(7x) - \frac{24}{2401} x \cos(7x) + \frac{24}{16807} \sin(7x) + C}
\]

where \( C \) is the constant of integration.",dot \frac{1}{7} \sin(7x) [-] \int \frac{1}{7} \sin(7x,490,agent_c1_leftright,high,First between-terms sign of the instantiated IBP application (minus between the uv term and the integral term); abstract formula lines and u/v setup signs skipped.,PASS
ibp_pts_n3_b4,Phi-4,integration_by_parts,,,,correct,- \frac{x^{3} \cos{\left(4 x \right)}}{4} + \frac{3 x^{2} \sin{\left(4 x \right)}}{16} + \frac{3 x \cos{\left(4 x \right)}}{32} - \frac{3 \sin{\left(4 x \right)}}{128},-,+,996,"<|im_start|>system<|im_sep|>You are a precise mathematical assistant. Show all computation steps clearly. Always put your final simplified antiderivative inside \boxed{}.<|im_end|><|im_start|>user<|im_sep|>Evaluate the following integral step by step.

∫ x^3 · sin(4x) dx

This is a polynomial-trigonometric integral. Work step by step using integration by parts.

Show all steps clearly and put your final simplified antiderivative inside \boxed{}.<|im_end|><|im_start|>assistant<|im_sep|>To evaluate the integral \(\int x^3 \sin(4x) \, dx\), we will use integration by parts. The formula for integration by parts is:

\[
\int u \, dv = uv - \int v \, du
\]

We will apply integration by parts multiple times. Let's start by choosing:

- \( u = x^3 \) \(\Rightarrow\) \( du = 3x^2 \, dx \)
- \( dv = \sin(4x) \, dx \) \(\Rightarrow\) \( v = -\frac{1}{4} \cos(4x) \)

Now apply integration by parts:

\[
\int x^3 \sin(4x) \, dx = uv - \int v \, du
\]

\[
= x^3 \left(-\frac{1}{4} \cos(4x)\right) - \int \left(-\frac{1}{4} \cos(4x)\right) (3x^2) \, dx
\]

\[
= -\frac{1}{4} x^3 \cos(4x) + \frac{3}{4} \int x^2 \cos(4x) \, dx
\]

Now, we need to evaluate \(\int x^2 \cos(4x) \, dx\) using integration by parts again. Choose:

- \( u = x^2 \) \(\Rightarrow\) \( du = 2x \, dx \)
- \( dv = \cos(4x) \, dx \) \(\Rightarrow\) \( v = \frac{1}{4} \sin(4x) \)

Apply integration by parts:

\[
\int x^2 \cos(4x) \, dx = uv - \int v \, du
\]

\[
= x^2 \left(\frac{1}{4} \sin(4x)\right) - \int \left(\frac{1}{4} \sin(4x)\right) (2x) \, dx
\]

\[
= \frac{1}{4} x^2 \sin(4x) - \frac{1}{2} \int x \sin(4x) \, dx
\]

Now, evaluate \(\int x \sin(4x) \, dx\) using integration by parts. Choose:

- \( u = x \) \(\Rightarrow\) \( du = dx \)
- \( dv = \sin(4x) \, dx \) \(\Rightarrow\) \( v = -\frac{1}{4} \cos(4x) \)

Apply integration by parts:

\[
\int x \sin(4x) \, dx = uv - \int v \, du
\]

\[
= x \left(-\frac{1}{4} \cos(4x)\right) - \int \left(-\frac{1}{4} \cos(4x)\right) \, dx
\]

\[
= -\frac{1}{4} x \cos(4x) + \frac{1}{4} \int \cos(4x) \, dx
\]

\[
= -\frac{1}{4} x \cos(4x) + \frac{1}{16} \sin(4x)
\]

Substitute back:

\[
\int x^2 \cos(4x) \, dx = \frac{1}{4} x^2 \sin(4x) - \frac{1}{2} \left(-\frac{1}{4} x \cos(4x) + \frac{1}{16} \sin(4x)\right)
\]

\[
= \frac{1}{4} x^2 \sin(4x) + \frac{1}{8} x \cos(4x) - \frac{1}{32} \sin(4x)
\]

Substitute back into the original expression:

\[
\int x^3 \sin(4x) \, dx = -\frac{1}{4} x^3 \cos(4x) + \frac{3}{4} \left(\frac{1}{4} x^2 \sin(4x) + \frac{1}{8} x \cos(4x) - \frac{1}{32} \sin(4x)\right)
\]

\[
= -\frac{1}{4} x^3 \cos(4x) + \frac{3}{16} x^2 \sin(4x) + \frac{3}{32} x \cos(4x) - \frac{3}{128} \sin(4x)
\]

Thus, the final simplified antiderivative is:

\[
\boxed{-\frac{1}{4} x^3 \cos(4x) + \frac{3}{16} x^2 \sin(4x) + \frac{3}{32} x \cos(4x) - \frac{3}{128} \sin(4x) + C}
\]

where \( C \) is the constant of integration.","To evaluate the integral \(\int x^3 \sin(4x) \, dx\), we will use integration by parts. The formula for integration by parts is:

\[
\int u \, dv = uv - \int v \, du
\]

We will apply integration by parts multiple times. Let's start by choosing:

- \( u = x^3 \) \(\Rightarrow\) \( du = 3x^2 \, dx \)
- \( dv = \sin(4x) \, dx \) \(\Rightarrow\) \( v = -\frac{1}{4} \cos(4x) \)

Now apply integration by parts:

\[
\int x^3 \sin(4x) \, dx = uv - \int v \, du
\]

\[
= x^3 \left(-\frac{1}{4} \cos(4x)\right) - \int \left(-\frac{1}{4} \cos(4x)\right) (3x^2) \, dx
\]

\[
= -\frac{1}{4} x^3 \cos(4x) + \frac{3}{4} \int x^2 \cos(4x) \, dx
\]

Now, we need to evaluate \(\int x^2 \cos(4x) \, dx\) using integration by parts again. Choose:

- \( u = x^2 \) \(\Rightarrow\) \( du = 2x \, dx \)
- \( dv = \cos(4x) \, dx \) \(\Rightarrow\) \( v = \frac{1}{4} \sin(4x) \)

Apply integration by parts:

\[
\int x^2 \cos(4x) \, dx = uv - \int v \, du
\]

\[
= x^2 \left(\frac{1}{4} \sin(4x)\right) - \int \left(\frac{1}{4} \sin(4x)\right) (2x) \, dx
\]

\[
= \frac{1}{4} x^2 \sin(4x) - \frac{1}{2} \int x \sin(4x) \, dx
\]

Now, evaluate \(\int x \sin(4x) \, dx\) using integration by parts. Choose:

- \( u = x \) \(\Rightarrow\) \( du = dx \)
- \( dv = \sin(4x) \, dx \) \(\Rightarrow\) \( v = -\frac{1}{4} \cos(4x) \)

Apply integration by parts:

\[
\int x \sin(4x) \, dx = uv - \int v \, du
\]

\[
= x \left(-\frac{1}{4} \cos(4x)\right) - \int \left(-\frac{1}{4} \cos(4x)\right) \, dx
\]

\[
= -\frac{1}{4} x \cos(4x) + \frac{1}{4} \int \cos(4x) \, dx
\]

\[
= -\frac{1}{4} x \cos(4x) + \frac{1}{16} \sin(4x)
\]

Substitute back:

\[
\int x^2 \cos(4x) \, dx = \frac{1}{4} x^2 \sin(4x) - \frac{1}{2} \left(-\frac{1}{4} x \cos(4x) + \frac{1}{16} \sin(4x)\right)
\]

\[
= \frac{1}{4} x^2 \sin(4x) + \frac{1}{8} x \cos(4x) - \frac{1}{32} \sin(4x)
\]

Substitute back into the original expression:

\[
\int x^3 \sin(4x) \, dx = -\frac{1}{4} x^3 \cos(4x) + \frac{3}{4} \left(\frac{1}{4} x^2 \sin(4x) + \frac{1}{8} x \cos(4x) - \frac{1}{32} \sin(4x)\right)
\]

\[
= -\frac{1}{4} x^3 \cos(4x) + \frac{3}{16} x^2 \sin(4x) + \frac{3}{32} x \cos(4x) - \frac{3}{128} \sin(4x)
\]

Thus, the final simplified antiderivative is:

\[
\boxed{-\frac{1}{4} x^3 \cos(4x) + \frac{3}{16} x^2 \sin(4x) + \frac{3}{32} x \cos(4x) - \frac{3}{128} \sin(4x) + C}
\]

where \( C \) is the constant of integration.",ac{1}{4} \cos(4x)\right) [-] \int \left(-\frac{1}{4} ,490,agent_c1_leftright,high,First between-terms sign of the instantiated IBP application (minus between the uv term and the integral term); abstract formula lines and u/v setup signs skipped.,PASS
ibp_ptc_n7_b197,Phi-4,integration_by_parts,,,,correct,\frac{x^{7} \sin{\left(197 x \right)}}{197} + \frac{7 x^{6} \cos{\left(197 x \right)}}{38809} - \frac{42 x^{5} \sin{\left(197 x \right)}}{7645373} - \frac{210 x^{4} \cos{\left(197 x \right)}}{1506138481} + \frac{840 x^{3} \sin{\left(197 x \right)}}{296709280757} + \frac{2520 x^{2} \cos{\left(197 x \right)}}{58451728309129} - \frac{5040 x \sin{\left(197 x \right)}}{11514990476898413} - \frac{5040 \cos{\left(197 x \right)}}{2268453123948987361},-,+,965,"<|im_start|>system<|im_sep|>You are a precise mathematical assistant. Show all computation steps clearly. Always put your final simplified antiderivative inside \boxed{}.<|im_end|><|im_start|>user<|im_sep|>Evaluate the following integral step by step.

∫ x^7 · cos(197x) dx

This is a polynomial-trigonometric integral. Work step by step using integration by parts.

Show all steps clearly and put your final simplified antiderivative inside \boxed{}.<|im_end|><|im_start|>assistant<|im_sep|>To evaluate the integral \(\int x^7 \cos(197x) \, dx\), we will use integration by parts. The formula for integration by parts is:

\[
\int u \, dv = uv - \int v \, du
\]

We will apply this formula repeatedly. Let's start by choosing:

- \( u = x^7 \) \(\Rightarrow\) \( du = 7x^6 \, dx \)
- \( dv = \cos(197x) \, dx \) \(\Rightarrow\) \( v = \frac{1}{197} \sin(197x) \)

Now, apply integration by parts:

\[
\int x^7 \cos(197x) \, dx = x^7 \cdot \frac{1}{197} \sin(197x) - \int \frac{1}{197} \sin(197x) \cdot 7x^6 \, dx
\]

Simplify:

\[
= \frac{x^7}{197} \sin(197x) - \frac{7}{197} \int x^6 \sin(197x) \, dx
\]

Now, apply integration by parts to \(\int x^6 \sin(197x) \, dx\):

Choose:

- \( u = x^6 \) \(\Rightarrow\) \( du = 6x^5 \, dx \)
- \( dv = \sin(197x) \, dx \) \(\Rightarrow\) \( v = -\frac{1}{197} \cos(197x) \)

Apply integration by parts:

\[
\int x^6 \sin(197x) \, dx = -\frac{x^6}{197} \cos(197x) - \int -\frac{1}{197} \cos(197x) \cdot 6x^5 \, dx
\]

Simplify:

\[
= -\frac{x^6}{197} \cos(197x) + \frac{6}{197} \int x^5 \cos(197x) \, dx
\]

Substitute back:

\[
\int x^7 \cos(197x) \, dx = \frac{x^7}{197} \sin(197x) - \frac{7}{197} \left( -\frac{x^6}{197} \cos(197x) + \frac{6}{197} \int x^5 \cos(197x) \, dx \right)
\]

Simplify:

\[
= \frac{x^7}{197} \sin(197x) + \frac{7x^6}{197^2} \cos(197x) - \frac{42}{197^2} \int x^5 \cos(197x) \, dx
\]

Repeat this process for \(\int x^5 \cos(197x) \, dx\), \(\int x^4 \sin(197x) \, dx\), and so on, until reaching \(\int \cos(197x) \, dx\).

Continuing this process:

1. For \(\int x^5 \cos(197x) \, dx\), choose:
   - \( u = x^5 \), \( du = 5x^4 \, dx \)
   - \( dv = \cos(197x) \, dx \), \( v = \frac{1}{197} \sin(197x) \)

   \[
   \int x^5 \cos(197x) \, dx = \frac{x^5}{197} \sin(197x) - \frac{5}{197} \int x^4 \sin(197x) \, dx
   \]

2. For \(\int x^4 \sin(197x) \, dx\), choose:
   - \( u = x^4 \), \( du = 4x^3 \, dx \)
   - \( dv = \sin(197x) \, dx \), \( v = -\frac{1}{197} \cos(197x) \)

   \[
   \int x^4 \sin(197x) \, dx = -\frac{x^4}{197} \cos(197x) + \frac{4}{197} \int x^3 \cos(197x) \, dx
   \]

Continue this process until reaching \(\int \cos(197x) \, dx\):

\[
\int \cos(197x) \, dx = \frac{1}{197} \sin(197x)
\]

After performing all these steps, the final expression for the integral is:

\[
\int x^7 \cos(197x) \, dx = \frac{x^7}{197} \sin(197x) + \frac{7x^6}{197^2} \cos(197x) - \frac{42x^5}{197^3} \sin(197x) - \frac{210x^4}{197^4} \cos(197x) + \frac{840x^3}{197^5} \sin(197x) + \frac{2520x^2}{197^6} \cos(197x) - \frac{5040x}{197^7} \sin(197x) - \frac{5040}{197^8} \cos(197x) + C
\]

Thus, the final simplified antiderivative is:

\[
\boxed{\frac{x^7}{197} \sin(197x) + \frac{7x^6}{197^2} \cos(197x) - \frac{42x^5}{197^3} \sin(197x) - \frac{210x^4}{197^4} \cos(197x) + \frac{840x^3}{197^5} \sin(197x) + \frac{2520x^2}{197^6} \cos(197x) - \frac{5040x}{197^7} \sin(197x) - \frac{5040}{197^8} \cos(197x) + C}
\]","To evaluate the integral \(\int x^7 \cos(197x) \, dx\), we will use integration by parts. The formula for integration by parts is:

\[
\int u \, dv = uv - \int v \, du
\]

We will apply this formula repeatedly. Let's start by choosing:

- \( u = x^7 \) \(\Rightarrow\) \( du = 7x^6 \, dx \)
- \( dv = \cos(197x) \, dx \) \(\Rightarrow\) \( v = \frac{1}{197} \sin(197x) \)

Now, apply integration by parts:

\[
\int x^7 \cos(197x) \, dx = x^7 \cdot \frac{1}{197} \sin(197x) - \int \frac{1}{197} \sin(197x) \cdot 7x^6 \, dx
\]

Simplify:

\[
= \frac{x^7}{197} \sin(197x) - \frac{7}{197} \int x^6 \sin(197x) \, dx
\]

Now, apply integration by parts to \(\int x^6 \sin(197x) \, dx\):

Choose:

- \( u = x^6 \) \(\Rightarrow\) \( du = 6x^5 \, dx \)
- \( dv = \sin(197x) \, dx \) \(\Rightarrow\) \( v = -\frac{1}{197} \cos(197x) \)

Apply integration by parts:

\[
\int x^6 \sin(197x) \, dx = -\frac{x^6}{197} \cos(197x) - \int -\frac{1}{197} \cos(197x) \cdot 6x^5 \, dx
\]

Simplify:

\[
= -\frac{x^6}{197} \cos(197x) + \frac{6}{197} \int x^5 \cos(197x) \, dx
\]

Substitute back:

\[
\int x^7 \cos(197x) \, dx = \frac{x^7}{197} \sin(197x) - \frac{7}{197} \left( -\frac{x^6}{197} \cos(197x) + \frac{6}{197} \int x^5 \cos(197x) \, dx \right)
\]

Simplify:

\[
= \frac{x^7}{197} \sin(197x) + \frac{7x^6}{197^2} \cos(197x) - \frac{42}{197^2} \int x^5 \cos(197x) \, dx
\]

Repeat this process for \(\int x^5 \cos(197x) \, dx\), \(\int x^4 \sin(197x) \, dx\), and so on, until reaching \(\int \cos(197x) \, dx\).

Continuing this process:

1. For \(\int x^5 \cos(197x) \, dx\), choose:
   - \( u = x^5 \), \( du = 5x^4 \, dx \)
   - \( dv = \cos(197x) \, dx \), \( v = \frac{1}{197} \sin(197x) \)

   \[
   \int x^5 \cos(197x) \, dx = \frac{x^5}{197} \sin(197x) - \frac{5}{197} \int x^4 \sin(197x) \, dx
   \]

2. For \(\int x^4 \sin(197x) \, dx\), choose:
   - \( u = x^4 \), \( du = 4x^3 \, dx \)
   - \( dv = \sin(197x) \, dx \), \( v = -\frac{1}{197} \cos(197x) \)

   \[
   \int x^4 \sin(197x) \, dx = -\frac{x^4}{197} \cos(197x) + \frac{4}{197} \int x^3 \cos(197x) \, dx
   \]

Continue this process until reaching \(\int \cos(197x) \, dx\):

\[
\int \cos(197x) \, dx = \frac{1}{197} \sin(197x)
\]

After performing all these steps, the final expression for the integral is:

\[
\int x^7 \cos(197x) \, dx = \frac{x^7}{197} \sin(197x) + \frac{7x^6}{197^2} \cos(197x) - \frac{42x^5}{197^3} \sin(197x) - \frac{210x^4}{197^4} \cos(197x) + \frac{840x^3}{197^5} \sin(197x) + \frac{2520x^2}{197^6} \cos(197x) - \frac{5040x}{197^7} \sin(197x) - \frac{5040}{197^8} \cos(197x) + C
\]

Thus, the final simplified antiderivative is:

\[
\boxed{\frac{x^7}{197} \sin(197x) + \frac{7x^6}{197^2} \cos(197x) - \frac{42x^5}{197^3} \sin(197x) - \frac{210x^4}{197^4} \cos(197x) + \frac{840x^3}{197^5} \sin(197x) + \frac{2520x^2}{197^6} \cos(197x) - \frac{5040x}{197^7} \sin(197x) - \frac{5040}{197^8} \cos(197x) + C}
\]",\frac{1}{197} \sin(197x) [-] \int \frac{1}{197} \sin(,492,agent_c1_leftright,high,First between-terms sign of the instantiated IBP application (minus between the uv term and the integral term); abstract formula lines and u/v setup signs skipped.,PASS
ibp_pts_n2_b2,Phi-4,integration_by_parts,,,,correct,- \frac{x^{2} \cos{\left(2 x \right)}}{2} + \frac{x \sin{\left(2 x \right)}}{2} + \frac{\cos{\left(2 x \right)}}{4},-,+,1526,"<|im_start|>system<|im_sep|>You are a precise mathematical assistant. Show all computation steps clearly. Always put your final simplified antiderivative inside \boxed{}.<|im_end|><|im_start|>user<|im_sep|>Evaluate the following integral step by step.

∫ x^2 · sin(2x) dx

This is a polynomial-trigonometric integral. Work step by step using integration by parts.

Show all steps clearly and put your final simplified antiderivative inside \boxed{}.<|im_end|><|im_start|>assistant<|im_sep|>To evaluate the integral \(\int x^2 \sin(2x) \, dx\), we will use integration by parts. The formula for integration by parts is:

\[
\int u \, dv = uv - \int v \, du
\]

We need to choose \(u\) and \(dv\). A good strategy is to let \(u\) be the polynomial part and \(dv\) be the trigonometric part. Thus, we choose:

\[
u = x^2 \quad \Rightarrow \quad du = 2x \, dx
\]

\[
dv = \sin(2x) \, dx \quad \Rightarrow \quad v = \int \sin(2x) \, dx
\]

To find \(v\), we integrate \(\sin(2x)\):

\[
v = \int \sin(2x) \, dx
\]

Using the substitution \(w = 2x\), \(dw = 2 \, dx\), or \(dx = \frac{1}{2} \, dw\), we have:

\[
v = \int \sin(w) \cdot \frac{1}{2} \, dw = \frac{1}{2} \int \sin(w) \, dw
\]

The integral of \(\sin(w)\) is \(-\cos(w)\), so:

\[
v = \frac{1}{2} (-\cos(w)) = -\frac{1}{2} \cos(w)
\]

Substituting back \(w = 2x\), we get:

\[
v = -\frac{1}{2} \cos(2x)
\]

Now, apply integration by parts:

\[
\int x^2 \sin(2x) \, dx = uv - \int v \, du
\]

Substitute \(u\), \(v\), \(du\):

\[
= x^2 \left(-\frac{1}{2} \cos(2x)\right) - \int \left(-\frac{1}{2} \cos(2x)\right) (2x \, dx)
\]

Simplify:

\[
= -\frac{1}{2} x^2 \cos(2x) + \int x \cos(2x) \, dx
\]

Now, we need to evaluate \(\int x \cos(2x) \, dx\) using integration by parts again. Choose:

\[
u = x \quad \Rightarrow \quad du = dx
\]

\[
dv = \cos(2x) \, dx \quad \Rightarrow \quad v = \int \cos(2x) \, dx
\]

To find \(v\), integrate \(\cos(2x)\):

\[
v = \int \cos(2x) \, dx
\]

Using the substitution \(w = 2x\), \(dw = 2 \, dx\), or \(dx = \frac{1}{2} \, dw\), we have:

\[
v = \int \cos(w) \cdot \frac{1}{2} \, dw = \frac{1}{2} \int \cos(w) \, dw
\]

The integral of \(\cos(w)\) is \(\sin(w)\), so:

\[
v = \frac{1}{2} \sin(w)
\]

Substituting back \(w = 2x\), we get:

\[
v = \frac{1}{2} \sin(2x)
\]

Apply integration by parts:

\[
\int x \cos(2x) \, dx = uv - \int v \, du
\]

Substitute \(u\), \(v\), \(du\):

\[
= x \left(\frac{1}{2} \sin(2x)\right) - \int \left(\frac{1}{2} \sin(2x)\right) \, dx
\]

Simplify:

\[
= \frac{1}{2} x \sin(2x) - \frac{1}{2} \int \sin(2x) \, dx
\]

We already know \(\int \sin(2x) \, dx = -\frac{1}{2} \cos(2x)\), so:

\[
= \frac{1}{2} x \sin(2x) - \frac{1}{2} \left(-\frac{1}{2} \cos(2x)\right)
\]

\[
= \frac{1}{2} x \sin(2x) + \frac{1}{4} \cos(2x)
\]

Substitute back into the original integration by parts result:

\[
\int x^2 \sin(2x) \, dx = -\frac{1}{2} x^2 \cos(2x) + \left(\frac{1}{2} x \sin(2x) + \frac{1}{4} \cos(2x)\right)
\]

Combine terms:

\[
= -\frac{1}{2} x^2 \cos(2x) + \frac{1}{2} x \sin(2x) + \frac{1}{4} \cos(2x) + C
\]

Thus, the final simplified antiderivative is:

\[
\boxed{-\frac{1}{2} x^2 \cos(2x) + \frac{1}{2} x \sin(2x) + \frac{1}{4} \cos(2x) + C}
\]","To evaluate the integral \(\int x^2 \sin(2x) \, dx\), we will use integration by parts. The formula for integration by parts is:

\[
\int u \, dv = uv - \int v \, du
\]

We need to choose \(u\) and \(dv\). A good strategy is to let \(u\) be the polynomial part and \(dv\) be the trigonometric part. Thus, we choose:

\[
u = x^2 \quad \Rightarrow \quad du = 2x \, dx
\]

\[
dv = \sin(2x) \, dx \quad \Rightarrow \quad v = \int \sin(2x) \, dx
\]

To find \(v\), we integrate \(\sin(2x)\):

\[
v = \int \sin(2x) \, dx
\]

Using the substitution \(w = 2x\), \(dw = 2 \, dx\), or \(dx = \frac{1}{2} \, dw\), we have:

\[
v = \int \sin(w) \cdot \frac{1}{2} \, dw = \frac{1}{2} \int \sin(w) \, dw
\]

The integral of \(\sin(w)\) is \(-\cos(w)\), so:

\[
v = \frac{1}{2} (-\cos(w)) = -\frac{1}{2} \cos(w)
\]

Substituting back \(w = 2x\), we get:

\[
v = -\frac{1}{2} \cos(2x)
\]

Now, apply integration by parts:

\[
\int x^2 \sin(2x) \, dx = uv - \int v \, du
\]

Substitute \(u\), \(v\), \(du\):

\[
= x^2 \left(-\frac{1}{2} \cos(2x)\right) - \int \left(-\frac{1}{2} \cos(2x)\right) (2x \, dx)
\]

Simplify:

\[
= -\frac{1}{2} x^2 \cos(2x) + \int x \cos(2x) \, dx
\]

Now, we need to evaluate \(\int x \cos(2x) \, dx\) using integration by parts again. Choose:

\[
u = x \quad \Rightarrow \quad du = dx
\]

\[
dv = \cos(2x) \, dx \quad \Rightarrow \quad v = \int \cos(2x) \, dx
\]

To find \(v\), integrate \(\cos(2x)\):

\[
v = \int \cos(2x) \, dx
\]

Using the substitution \(w = 2x\), \(dw = 2 \, dx\), or \(dx = \frac{1}{2} \, dw\), we have:

\[
v = \int \cos(w) \cdot \frac{1}{2} \, dw = \frac{1}{2} \int \cos(w) \, dw
\]

The integral of \(\cos(w)\) is \(\sin(w)\), so:

\[
v = \frac{1}{2} \sin(w)
\]

Substituting back \(w = 2x\), we get:

\[
v = \frac{1}{2} \sin(2x)
\]

Apply integration by parts:

\[
\int x \cos(2x) \, dx = uv - \int v \, du
\]

Substitute \(u\), \(v\), \(du\):

\[
= x \left(\frac{1}{2} \sin(2x)\right) - \int \left(\frac{1}{2} \sin(2x)\right) \, dx
\]

Simplify:

\[
= \frac{1}{2} x \sin(2x) - \frac{1}{2} \int \sin(2x) \, dx
\]

We already know \(\int \sin(2x) \, dx = -\frac{1}{2} \cos(2x)\), so:

\[
= \frac{1}{2} x \sin(2x) - \frac{1}{2} \left(-\frac{1}{2} \cos(2x)\right)
\]

\[
= \frac{1}{2} x \sin(2x) + \frac{1}{4} \cos(2x)
\]

Substitute back into the original integration by parts result:

\[
\int x^2 \sin(2x) \, dx = -\frac{1}{2} x^2 \cos(2x) + \left(\frac{1}{2} x \sin(2x) + \frac{1}{4} \cos(2x)\right)
\]

Combine terms:

\[
= -\frac{1}{2} x^2 \cos(2x) + \frac{1}{2} x \sin(2x) + \frac{1}{4} \cos(2x) + C
\]

Thus, the final simplified antiderivative is:

\[
\boxed{-\frac{1}{2} x^2 \cos(2x) + \frac{1}{2} x \sin(2x) + \frac{1}{4} \cos(2x) + C}
\]",ac{1}{2} \cos(2x)\right) [-] \int \left(-\frac{1}{2} ,490,agent_c1_leftright,high,First between-terms sign of the instantiated IBP application (minus between the uv term and the integral term); abstract formula lines and u/v setup signs skipped.,PASS
ibp_pts_n8_b311,Phi-4,integration_by_parts,,,,correct,- \frac{x^{8} \cos{\left(311 x \right)}}{311} + \frac{8 x^{7} \sin{\left(311 x \right)}}{96721} + \frac{56 x^{6} \cos{\left(311 x \right)}}{30080231} - \frac{336 x^{5} \sin{\left(311 x \right)}}{9354951841} - \frac{1680 x^{4} \cos{\left(311 x \right)}}{2909390022551} + \frac{6720 x^{3} \sin{\left(311 x \right)}}{904820297013361} + \frac{20160 x^{2} \cos{\left(311 x \right)}}{281399112371155271} - \frac{40320 x \sin{\left(311 x \right)}}{87515123947429289281} - \frac{40320 \cos{\left(311 x \right)}}{27217203547650508966391},-,+,939,"<|im_start|>system<|im_sep|>You are a precise mathematical assistant. Show all computation steps clearly. Always put your final simplified antiderivative inside \boxed{}.<|im_end|><|im_start|>user<|im_sep|>Evaluate the following integral step by step.

∫ x^8 · sin(311x) dx

This is a polynomial-trigonometric integral. Work step by step using integration by parts.

Show all steps clearly and put your final simplified antiderivative inside \boxed{}.<|im_end|><|im_start|>assistant<|im_sep|>To evaluate the integral \(\int x^8 \sin(311x) \, dx\), we will use integration by parts. The formula for integration by parts is:

\[
\int u \, dv = uv - \int v \, du
\]

We will apply integration by parts repeatedly. Let's start by choosing:

- \( u = x^8 \) \(\Rightarrow\) \( du = 8x^7 \, dx \)
- \( dv = \sin(311x) \, dx \) \(\Rightarrow\) \( v = -\frac{1}{311} \cos(311x) \)

Now, apply integration by parts:

\[
\int x^8 \sin(311x) \, dx = -\frac{1}{311} x^8 \cos(311x) - \int \left(-\frac{1}{311} \cos(311x)\right) (8x^7) \, dx
\]

Simplify the expression:

\[
= -\frac{1}{311} x^8 \cos(311x) + \frac{8}{311} \int x^7 \cos(311x) \, dx
\]

Now, we need to evaluate \(\int x^7 \cos(311x) \, dx\) using integration by parts again. Choose:

- \( u = x^7 \) \(\Rightarrow\) \( du = 7x^6 \, dx \)
- \( dv = \cos(311x) \, dx \) \(\Rightarrow\) \( v = \frac{1}{311} \sin(311x) \)

Apply integration by parts:

\[
\int x^7 \cos(311x) \, dx = \frac{1}{311} x^7 \sin(311x) - \int \frac{1}{311} \sin(311x) \cdot 7x^6 \, dx
\]

Simplify:

\[
= \frac{1}{311} x^7 \sin(311x) - \frac{7}{311} \int x^6 \sin(311x) \, dx
\]

Substitute back into the original expression:

\[
\int x^8 \sin(311x) \, dx = -\frac{1}{311} x^8 \cos(311x) + \frac{8}{311} \left( \frac{1}{311} x^7 \sin(311x) - \frac{7}{311} \int x^6 \sin(311x) \, dx \right)
\]

Simplify:

\[
= -\frac{1}{311} x^8 \cos(311x) + \frac{8}{311^2} x^7 \sin(311x) - \frac{56}{311^2} \int x^6 \sin(311x) \, dx
\]

This process continues, reducing the power of \(x\) by 1 each time, alternating between \(\sin\) and \(\cos\), until the power of \(x\) is zero. The pattern is:

\[
\int x^n \sin(311x) \, dx = -\frac{1}{311} x^n \cos(311x) + \frac{n}{311} \int x^{n-1} \cos(311x) \, dx
\]

\[
\int x^n \cos(311x) \, dx = \frac{1}{311} x^n \sin(311x) - \frac{n}{311} \int x^{n-1} \sin(311x) \, dx
\]

Continuing this process, we eventually reach:

\[
\int x^0 \sin(311x) \, dx = -\frac{1}{311} \cos(311x)
\]

\[
\int x^0 \cos(311x) \, dx = \frac{1}{311} \sin(311x)
\]

After performing all steps, the final antiderivative is:

\[
\boxed{-\frac{1}{311} x^8 \cos(311x) + \frac{8}{311^2} x^7 \sin(311x) - \frac{56}{311^3} x^6 \cos(311x) - \frac{336}{311^4} x^5 \sin(311x) + \frac{1680}{311^5} x^4 \cos(311x) + \frac{6720}{311^6} x^3 \sin(311x) - \frac{20160}{311^7} x^2 \cos(311x) - \frac{40320}{311^8} x \sin(311x) + \frac{40320}{311^9} \cos(311x) + C}
\]

where \(C\) is the constant of integration.","To evaluate the integral \(\int x^8 \sin(311x) \, dx\), we will use integration by parts. The formula for integration by parts is:

\[
\int u \, dv = uv - \int v \, du
\]

We will apply integration by parts repeatedly. Let's start by choosing:

- \( u = x^8 \) \(\Rightarrow\) \( du = 8x^7 \, dx \)
- \( dv = \sin(311x) \, dx \) \(\Rightarrow\) \( v = -\frac{1}{311} \cos(311x) \)

Now, apply integration by parts:

\[
\int x^8 \sin(311x) \, dx = -\frac{1}{311} x^8 \cos(311x) - \int \left(-\frac{1}{311} \cos(311x)\right) (8x^7) \, dx
\]

Simplify the expression:

\[
= -\frac{1}{311} x^8 \cos(311x) + \frac{8}{311} \int x^7 \cos(311x) \, dx
\]

Now, we need to evaluate \(\int x^7 \cos(311x) \, dx\) using integration by parts again. Choose:

- \( u = x^7 \) \(\Rightarrow\) \( du = 7x^6 \, dx \)
- \( dv = \cos(311x) \, dx \) \(\Rightarrow\) \( v = \frac{1}{311} \sin(311x) \)

Apply integration by parts:

\[
\int x^7 \cos(311x) \, dx = \frac{1}{311} x^7 \sin(311x) - \int \frac{1}{311} \sin(311x) \cdot 7x^6 \, dx
\]

Simplify:

\[
= \frac{1}{311} x^7 \sin(311x) - \frac{7}{311} \int x^6 \sin(311x) \, dx
\]

Substitute back into the original expression:

\[
\int x^8 \sin(311x) \, dx = -\frac{1}{311} x^8 \cos(311x) + \frac{8}{311} \left( \frac{1}{311} x^7 \sin(311x) - \frac{7}{311} \int x^6 \sin(311x) \, dx \right)
\]

Simplify:

\[
= -\frac{1}{311} x^8 \cos(311x) + \frac{8}{311^2} x^7 \sin(311x) - \frac{56}{311^2} \int x^6 \sin(311x) \, dx
\]

This process continues, reducing the power of \(x\) by 1 each time, alternating between \(\sin\) and \(\cos\), until the power of \(x\) is zero. The pattern is:

\[
\int x^n \sin(311x) \, dx = -\frac{1}{311} x^n \cos(311x) + \frac{n}{311} \int x^{n-1} \cos(311x) \, dx
\]

\[
\int x^n \cos(311x) \, dx = \frac{1}{311} x^n \sin(311x) - \frac{n}{311} \int x^{n-1} \sin(311x) \, dx
\]

Continuing this process, we eventually reach:

\[
\int x^0 \sin(311x) \, dx = -\frac{1}{311} \cos(311x)
\]

\[
\int x^0 \cos(311x) \, dx = \frac{1}{311} \sin(311x)
\]

After performing all steps, the final antiderivative is:

\[
\boxed{-\frac{1}{311} x^8 \cos(311x) + \frac{8}{311^2} x^7 \sin(311x) - \frac{56}{311^3} x^6 \cos(311x) - \frac{336}{311^4} x^5 \sin(311x) + \frac{1680}{311^5} x^4 \cos(311x) + \frac{6720}{311^6} x^3 \sin(311x) - \frac{20160}{311^7} x^2 \cos(311x) - \frac{40320}{311^8} x \sin(311x) + \frac{40320}{311^9} \cos(311x) + C}
\]

where \(C\) is the constant of integration.","t x^8 \sin(311x) \, dx = [-]\frac{1}{311} x^8 \cos(31",492,agent_c1_leftright,high,Leading unary minus is the first written sign of the instantiated IBP expression (sign of v folded into the uv term); counts per leftright rule.,PASS
ibp_ptc_n7_b71,Phi-4,integration_by_parts,,,,correct,\frac{x^{7} \sin{\left(71 x \right)}}{71} + \frac{7 x^{6} \cos{\left(71 x \right)}}{5041} - \frac{42 x^{5} \sin{\left(71 x \right)}}{357911} - \frac{210 x^{4} \cos{\left(71 x \right)}}{25411681} + \frac{840 x^{3} \sin{\left(71 x \right)}}{1804229351} + \frac{2520 x^{2} \cos{\left(71 x \right)}}{128100283921} - \frac{5040 x \sin{\left(71 x \right)}}{9095120158391} - \frac{5040 \cos{\left(71 x \right)}}{645753531245761},-,+,957,"<|im_start|>system<|im_sep|>You are a precise mathematical assistant. Show all computation steps clearly. Always put your final simplified antiderivative inside \boxed{}.<|im_end|><|im_start|>user<|im_sep|>Evaluate the following integral step by step.

∫ x^7 · cos(71x) dx

This is a polynomial-trigonometric integral. Work step by step using integration by parts.

Show all steps clearly and put your final simplified antiderivative inside \boxed{}.<|im_end|><|im_start|>assistant<|im_sep|>To evaluate the integral \(\int x^7 \cos(71x) \, dx\), we will use integration by parts. The formula for integration by parts is:

\[
\int u \, dv = uv - \int v \, du
\]

We will apply this formula repeatedly. Let's start by choosing:

- \( u = x^7 \) \(\Rightarrow\) \( du = 7x^6 \, dx \)
- \( dv = \cos(71x) \, dx \) \(\Rightarrow\) \( v = \frac{1}{71} \sin(71x) \)

Now, apply integration by parts:

\[
\int x^7 \cos(71x) \, dx = x^7 \cdot \frac{1}{71} \sin(71x) - \int \frac{1}{71} \sin(71x) \cdot 7x^6 \, dx
\]

Simplify:

\[
= \frac{x^7}{71} \sin(71x) - \frac{7}{71} \int x^6 \sin(71x) \, dx
\]

Now, apply integration by parts to \(\int x^6 \sin(71x) \, dx\):

Choose:

- \( u = x^6 \) \(\Rightarrow\) \( du = 6x^5 \, dx \)
- \( dv = \sin(71x) \, dx \) \(\Rightarrow\) \( v = -\frac{1}{71} \cos(71x) \)

Apply integration by parts:

\[
\int x^6 \sin(71x) \, dx = -\frac{x^6}{71} \cos(71x) - \int -\frac{1}{71} \cos(71x) \cdot 6x^5 \, dx
\]

Simplify:

\[
= -\frac{x^6}{71} \cos(71x) + \frac{6}{71} \int x^5 \cos(71x) \, dx
\]

Substitute back:

\[
\int x^7 \cos(71x) \, dx = \frac{x^7}{71} \sin(71x) - \frac{7}{71} \left( -\frac{x^6}{71} \cos(71x) + \frac{6}{71} \int x^5 \cos(71x) \, dx \right)
\]

Simplify:

\[
= \frac{x^7}{71} \sin(71x) + \frac{7x^6}{71^2} \cos(71x) - \frac{42}{71^2} \int x^5 \cos(71x) \, dx
\]

Repeat this process for \(\int x^5 \cos(71x) \, dx\), \(\int x^4 \sin(71x) \, dx\), and so on, until reaching \(\int \cos(71x) \, dx\).

Continuing this process:

1. For \(\int x^5 \cos(71x) \, dx\):

   - \( u = x^5 \), \( du = 5x^4 \, dx \)
   - \( dv = \cos(71x) \, dx \), \( v = \frac{1}{71} \sin(71x) \)

   \[
   \int x^5 \cos(71x) \, dx = \frac{x^5}{71} \sin(71x) - \frac{5}{71} \int x^4 \sin(71x) \, dx
   \]

2. For \(\int x^4 \sin(71x) \, dx\):

   - \( u = x^4 \), \( du = 4x^3 \, dx \)
   - \( dv = \sin(71x) \, dx \), \( v = -\frac{1}{71} \cos(71x) \)

   \[
   \int x^4 \sin(71x) \, dx = -\frac{x^4}{71} \cos(71x) + \frac{4}{71} \int x^3 \cos(71x) \, dx
   \]

Continue this process until reaching \(\int \cos(71x) \, dx\):

\[
\int \cos(71x) \, dx = \frac{1}{71} \sin(71x)
\]

After applying integration by parts repeatedly, the pattern emerges, and the final expression is:

\[
\int x^7 \cos(71x) \, dx = \frac{x^7}{71} \sin(71x) + \frac{7x^6}{71^2} \cos(71x) - \frac{42x^5}{71^3} \sin(71x) - \frac{210x^4}{71^4} \cos(71x) + \frac{840x^3}{71^5} \sin(71x) + \frac{2520x^2}{71^6} \cos(71x) - \frac{5040x}{71^7} \sin(71x) - \frac{5040}{71^8} \cos(71x) + C
\]

Thus, the final simplified antiderivative is:

\[
\boxed{\frac{x^7}{71} \sin(71x) + \frac{7x^6}{71^2} \cos(71x) - \frac{42x^5}{71^3} \sin(71x) - \frac{210x^4}{71^4} \cos(71x) + \frac{840x^3}{71^5} \sin(71x) + \frac{2520x^2}{71^6} \cos(71x) - \frac{5040x}{71^7} \sin(71x) - \frac{5040}{71^8} \cos(71x) + C}
\]","To evaluate the integral \(\int x^7 \cos(71x) \, dx\), we will use integration by parts. The formula for integration by parts is:

\[
\int u \, dv = uv - \int v \, du
\]

We will apply this formula repeatedly. Let's start by choosing:

- \( u = x^7 \) \(\Rightarrow\) \( du = 7x^6 \, dx \)
- \( dv = \cos(71x) \, dx \) \(\Rightarrow\) \( v = \frac{1}{71} \sin(71x) \)

Now, apply integration by parts:

\[
\int x^7 \cos(71x) \, dx = x^7 \cdot \frac{1}{71} \sin(71x) - \int \frac{1}{71} \sin(71x) \cdot 7x^6 \, dx
\]

Simplify:

\[
= \frac{x^7}{71} \sin(71x) - \frac{7}{71} \int x^6 \sin(71x) \, dx
\]

Now, apply integration by parts to \(\int x^6 \sin(71x) \, dx\):

Choose:

- \( u = x^6 \) \(\Rightarrow\) \( du = 6x^5 \, dx \)
- \( dv = \sin(71x) \, dx \) \(\Rightarrow\) \( v = -\frac{1}{71} \cos(71x) \)

Apply integration by parts:

\[
\int x^6 \sin(71x) \, dx = -\frac{x^6}{71} \cos(71x) - \int -\frac{1}{71} \cos(71x) \cdot 6x^5 \, dx
\]

Simplify:

\[
= -\frac{x^6}{71} \cos(71x) + \frac{6}{71} \int x^5 \cos(71x) \, dx
\]

Substitute back:

\[
\int x^7 \cos(71x) \, dx = \frac{x^7}{71} \sin(71x) - \frac{7}{71} \left( -\frac{x^6}{71} \cos(71x) + \frac{6}{71} \int x^5 \cos(71x) \, dx \right)
\]

Simplify:

\[
= \frac{x^7}{71} \sin(71x) + \frac{7x^6}{71^2} \cos(71x) - \frac{42}{71^2} \int x^5 \cos(71x) \, dx
\]

Repeat this process for \(\int x^5 \cos(71x) \, dx\), \(\int x^4 \sin(71x) \, dx\), and so on, until reaching \(\int \cos(71x) \, dx\).

Continuing this process:

1. For \(\int x^5 \cos(71x) \, dx\):

   - \( u = x^5 \), \( du = 5x^4 \, dx \)
   - \( dv = \cos(71x) \, dx \), \( v = \frac{1}{71} \sin(71x) \)

   \[
   \int x^5 \cos(71x) \, dx = \frac{x^5}{71} \sin(71x) - \frac{5}{71} \int x^4 \sin(71x) \, dx
   \]

2. For \(\int x^4 \sin(71x) \, dx\):

   - \( u = x^4 \), \( du = 4x^3 \, dx \)
   - \( dv = \sin(71x) \, dx \), \( v = -\frac{1}{71} \cos(71x) \)

   \[
   \int x^4 \sin(71x) \, dx = -\frac{x^4}{71} \cos(71x) + \frac{4}{71} \int x^3 \cos(71x) \, dx
   \]

Continue this process until reaching \(\int \cos(71x) \, dx\):

\[
\int \cos(71x) \, dx = \frac{1}{71} \sin(71x)
\]

After applying integration by parts repeatedly, the pattern emerges, and the final expression is:

\[
\int x^7 \cos(71x) \, dx = \frac{x^7}{71} \sin(71x) + \frac{7x^6}{71^2} \cos(71x) - \frac{42x^5}{71^3} \sin(71x) - \frac{210x^4}{71^4} \cos(71x) + \frac{840x^3}{71^5} \sin(71x) + \frac{2520x^2}{71^6} \cos(71x) - \frac{5040x}{71^7} \sin(71x) - \frac{5040}{71^8} \cos(71x) + C
\]

Thus, the final simplified antiderivative is:

\[
\boxed{\frac{x^7}{71} \sin(71x) + \frac{7x^6}{71^2} \cos(71x) - \frac{42x^5}{71^3} \sin(71x) - \frac{210x^4}{71^4} \cos(71x) + \frac{840x^3}{71^5} \sin(71x) + \frac{2520x^2}{71^6} \cos(71x) - \frac{5040x}{71^7} \sin(71x) - \frac{5040}{71^8} \cos(71x) + C}
\]",t \frac{1}{71} \sin(71x) [-] \int \frac{1}{71} \sin(7,491,agent_c1_leftright,high,First between-terms sign of the instantiated IBP application (minus between the uv term and the integral term); abstract formula lines and u/v setup signs skipped.,PASS
ibp_ptc_n2_b1,Phi-4,integration_by_parts,,,,correct,x^{2} \sin{\left(x \right)} + 2 x \cos{\left(x \right)} - 2 \sin{\left(x \right)},-,+,979,"<|im_start|>system<|im_sep|>You are a precise mathematical assistant. Show all computation steps clearly. Always put your final simplified antiderivative inside \boxed{}.<|im_end|><|im_start|>user<|im_sep|>Evaluate the following integral step by step.

∫ x^2 · cos(1x) dx

This is a polynomial-trigonometric integral. Work step by step using integration by parts.

Show all steps clearly and put your final simplified antiderivative inside \boxed{}.<|im_end|><|im_start|>assistant<|im_sep|>To evaluate the integral \(\int x^2 \cos(x) \, dx\), we will use integration by parts. The formula for integration by parts is:

\[
\int u \, dv = uv - \int v \, du
\]

We need to choose \(u\) and \(dv\) such that the resulting integral is simpler to evaluate. Let's choose:

- \(u = x^2\) \(\Rightarrow\) \(du = 2x \, dx\)
- \(dv = \cos(x) \, dx\) \(\Rightarrow\) \(v = \int \cos(x) \, dx = \sin(x)\)

Now, apply the integration by parts formula:

\[
\int x^2 \cos(x) \, dx = x^2 \sin(x) - \int \sin(x) \cdot 2x \, dx
\]

Simplify the integral:

\[
= x^2 \sin(x) - 2 \int x \sin(x) \, dx
\]

Now, we need to evaluate \(\int x \sin(x) \, dx\) using integration by parts again. Choose:

- \(u = x\) \(\Rightarrow\) \(du = dx\)
- \(dv = \sin(x) \, dx\) \(\Rightarrow\) \(v = \int \sin(x) \, dx = -\cos(x)\)

Apply the integration by parts formula:

\[
\int x \sin(x) \, dx = -x \cos(x) - \int -\cos(x) \, dx
\]

Simplify the integral:

\[
= -x \cos(x) + \int \cos(x) \, dx
\]

\[
= -x \cos(x) + \sin(x)
\]

Substitute back into the original expression:

\[
\int x^2 \cos(x) \, dx = x^2 \sin(x) - 2 \left( -x \cos(x) + \sin(x) \right)
\]

Distribute the \(-2\):

\[
= x^2 \sin(x) + 2x \cos(x) - 2\sin(x)
\]

Thus, the final simplified antiderivative is:

\[
\boxed{x^2 \sin(x) + 2x \cos(x) - 2\sin(x) + C}
\]

where \(C\) is the constant of integration.","To evaluate the integral \(\int x^2 \cos(x) \, dx\), we will use integration by parts. The formula for integration by parts is:

\[
\int u \, dv = uv - \int v \, du
\]

We need to choose \(u\) and \(dv\) such that the resulting integral is simpler to evaluate. Let's choose:

- \(u = x^2\) \(\Rightarrow\) \(du = 2x \, dx\)
- \(dv = \cos(x) \, dx\) \(\Rightarrow\) \(v = \int \cos(x) \, dx = \sin(x)\)

Now, apply the integration by parts formula:

\[
\int x^2 \cos(x) \, dx = x^2 \sin(x) - \int \sin(x) \cdot 2x \, dx
\]

Simplify the integral:

\[
= x^2 \sin(x) - 2 \int x \sin(x) \, dx
\]

Now, we need to evaluate \(\int x \sin(x) \, dx\) using integration by parts again. Choose:

- \(u = x\) \(\Rightarrow\) \(du = dx\)
- \(dv = \sin(x) \, dx\) \(\Rightarrow\) \(v = \int \sin(x) \, dx = -\cos(x)\)

Apply the integration by parts formula:

\[
\int x \sin(x) \, dx = -x \cos(x) - \int -\cos(x) \, dx
\]

Simplify the integral:

\[
= -x \cos(x) + \int \cos(x) \, dx
\]

\[
= -x \cos(x) + \sin(x)
\]

Substitute back into the original expression:

\[
\int x^2 \cos(x) \, dx = x^2 \sin(x) - 2 \left( -x \cos(x) + \sin(x) \right)
\]

Distribute the \(-2\):

\[
= x^2 \sin(x) + 2x \cos(x) - 2\sin(x)
\]

Thus, the final simplified antiderivative is:

\[
\boxed{x^2 \sin(x) + 2x \cos(x) - 2\sin(x) + C}
\]

where \(C\) is the constant of integration.","s(x) \, dx = x^2 \sin(x) [-] \int \sin(x) \cdot 2x \,",490,agent_c1_leftright,high,First between-terms sign of the instantiated IBP application (minus between the uv term and the integral term); abstract formula lines and u/v setup signs skipped.,PASS
ibp_pts_n8_b257,Phi-4,integration_by_parts,,,,correct,- \frac{x^{8} \cos{\left(257 x \right)}}{257} + \frac{8 x^{7} \sin{\left(257 x \right)}}{66049} + \frac{56 x^{6} \cos{\left(257 x \right)}}{16974593} - \frac{336 x^{5} \sin{\left(257 x \right)}}{4362470401} - \frac{1680 x^{4} \cos{\left(257 x \right)}}{1121154893057} + \frac{6720 x^{3} \sin{\left(257 x \right)}}{288136807515649} + \frac{20160 x^{2} \cos{\left(257 x \right)}}{74051159531521793} - \frac{40320 x \sin{\left(257 x \right)}}{19031147999601100801} - \frac{40320 \cos{\left(257 x \right)}}{4891005035897482905857},-,+,939,"<|im_start|>system<|im_sep|>You are a precise mathematical assistant. Show all computation steps clearly. Always put your final simplified antiderivative inside \boxed{}.<|im_end|><|im_start|>user<|im_sep|>Evaluate the following integral step by step.

∫ x^8 · sin(257x) dx

This is a polynomial-trigonometric integral. Work step by step using integration by parts.

Show all steps clearly and put your final simplified antiderivative inside \boxed{}.<|im_end|><|im_start|>assistant<|im_sep|>To evaluate the integral \(\int x^8 \sin(257x) \, dx\), we will use integration by parts. The formula for integration by parts is:

\[
\int u \, dv = uv - \int v \, du
\]

We will apply integration by parts repeatedly. Let's start by choosing:

- \( u = x^8 \) \(\Rightarrow\) \( du = 8x^7 \, dx \)
- \( dv = \sin(257x) \, dx \) \(\Rightarrow\) \( v = -\frac{1}{257} \cos(257x) \)

Now, apply integration by parts:

\[
\int x^8 \sin(257x) \, dx = -\frac{1}{257} x^8 \cos(257x) - \int \left(-\frac{1}{257} \cos(257x)\right) (8x^7) \, dx
\]

Simplify the expression:

\[
= -\frac{1}{257} x^8 \cos(257x) + \frac{8}{257} \int x^7 \cos(257x) \, dx
\]

Now, we need to evaluate \(\int x^7 \cos(257x) \, dx\) using integration by parts again. Choose:

- \( u = x^7 \) \(\Rightarrow\) \( du = 7x^6 \, dx \)
- \( dv = \cos(257x) \, dx \) \(\Rightarrow\) \( v = \frac{1}{257} \sin(257x) \)

Apply integration by parts:

\[
\int x^7 \cos(257x) \, dx = \frac{1}{257} x^7 \sin(257x) - \int \frac{1}{257} \sin(257x) \cdot 7x^6 \, dx
\]

Simplify:

\[
= \frac{1}{257} x^7 \sin(257x) - \frac{7}{257} \int x^6 \sin(257x) \, dx
\]

Substitute back:

\[
\int x^8 \sin(257x) \, dx = -\frac{1}{257} x^8 \cos(257x) + \frac{8}{257} \left( \frac{1}{257} x^7 \sin(257x) - \frac{7}{257} \int x^6 \sin(257x) \, dx \right)
\]

Simplify:

\[
= -\frac{1}{257} x^8 \cos(257x) + \frac{8}{257^2} x^7 \sin(257x) - \frac{56}{257^2} \int x^6 \sin(257x) \, dx
\]

This process continues, reducing the power of \(x\) by 1 each time, alternating between \(\sin\) and \(\cos\), until the power of \(x\) is zero. The pattern is:

\[
\int x^n \sin(257x) \, dx = -\frac{1}{257} x^n \cos(257x) + \frac{n}{257} \int x^{n-1} \cos(257x) \, dx
\]

\[
\int x^n \cos(257x) \, dx = \frac{1}{257} x^n \sin(257x) - \frac{n}{257} \int x^{n-1} \sin(257x) \, dx
\]

Continuing this process, we eventually reach:

\[
\int x^0 \sin(257x) \, dx = -\frac{1}{257} \cos(257x)
\]

\[
\int x^0 \cos(257x) \, dx = \frac{1}{257} \sin(257x)
\]

After applying integration by parts 8 times, the final expression is:

\[
\boxed{-\frac{1}{257} x^8 \cos(257x) + \frac{8}{257^2} x^7 \sin(257x) - \frac{56}{257^3} x^6 \cos(257x) - \frac{336}{257^4} x^5 \sin(257x) + \frac{1680}{257^5} x^4 \cos(257x) + \frac{6720}{257^6} x^3 \sin(257x) - \frac{20160}{257^7} x^2 \cos(257x) - \frac{40320}{257^8} x \sin(257x) + \frac{40320}{257^9} \cos(257x) + C}
\]

where \(C\) is the constant of integration.","To evaluate the integral \(\int x^8 \sin(257x) \, dx\), we will use integration by parts. The formula for integration by parts is:

\[
\int u \, dv = uv - \int v \, du
\]

We will apply integration by parts repeatedly. Let's start by choosing:

- \( u = x^8 \) \(\Rightarrow\) \( du = 8x^7 \, dx \)
- \( dv = \sin(257x) \, dx \) \(\Rightarrow\) \( v = -\frac{1}{257} \cos(257x) \)

Now, apply integration by parts:

\[
\int x^8 \sin(257x) \, dx = -\frac{1}{257} x^8 \cos(257x) - \int \left(-\frac{1}{257} \cos(257x)\right) (8x^7) \, dx
\]

Simplify the expression:

\[
= -\frac{1}{257} x^8 \cos(257x) + \frac{8}{257} \int x^7 \cos(257x) \, dx
\]

Now, we need to evaluate \(\int x^7 \cos(257x) \, dx\) using integration by parts again. Choose:

- \( u = x^7 \) \(\Rightarrow\) \( du = 7x^6 \, dx \)
- \( dv = \cos(257x) \, dx \) \(\Rightarrow\) \( v = \frac{1}{257} \sin(257x) \)

Apply integration by parts:

\[
\int x^7 \cos(257x) \, dx = \frac{1}{257} x^7 \sin(257x) - \int \frac{1}{257} \sin(257x) \cdot 7x^6 \, dx
\]

Simplify:

\[
= \frac{1}{257} x^7 \sin(257x) - \frac{7}{257} \int x^6 \sin(257x) \, dx
\]

Substitute back:

\[
\int x^8 \sin(257x) \, dx = -\frac{1}{257} x^8 \cos(257x) + \frac{8}{257} \left( \frac{1}{257} x^7 \sin(257x) - \frac{7}{257} \int x^6 \sin(257x) \, dx \right)
\]

Simplify:

\[
= -\frac{1}{257} x^8 \cos(257x) + \frac{8}{257^2} x^7 \sin(257x) - \frac{56}{257^2} \int x^6 \sin(257x) \, dx
\]

This process continues, reducing the power of \(x\) by 1 each time, alternating between \(\sin\) and \(\cos\), until the power of \(x\) is zero. The pattern is:

\[
\int x^n \sin(257x) \, dx = -\frac{1}{257} x^n \cos(257x) + \frac{n}{257} \int x^{n-1} \cos(257x) \, dx
\]

\[
\int x^n \cos(257x) \, dx = \frac{1}{257} x^n \sin(257x) - \frac{n}{257} \int x^{n-1} \sin(257x) \, dx
\]

Continuing this process, we eventually reach:

\[
\int x^0 \sin(257x) \, dx = -\frac{1}{257} \cos(257x)
\]

\[
\int x^0 \cos(257x) \, dx = \frac{1}{257} \sin(257x)
\]

After applying integration by parts 8 times, the final expression is:

\[
\boxed{-\frac{1}{257} x^8 \cos(257x) + \frac{8}{257^2} x^7 \sin(257x) - \frac{56}{257^3} x^6 \cos(257x) - \frac{336}{257^4} x^5 \sin(257x) + \frac{1680}{257^5} x^4 \cos(257x) + \frac{6720}{257^6} x^3 \sin(257x) - \frac{20160}{257^7} x^2 \cos(257x) - \frac{40320}{257^8} x \sin(257x) + \frac{40320}{257^9} \cos(257x) + C}
\]

where \(C\) is the constant of integration.","t x^8 \sin(257x) \, dx = [-]\frac{1}{257} x^8 \cos(25",492,agent_c1_leftright,high,Leading unary minus is the first written sign of the instantiated IBP expression (sign of v folded into the uv term); counts per leftright rule.,PASS
ibp_ptc_n9_b29,Phi-4,integration_by_parts,,,,correct,\frac{x^{9} \sin{\left(29 x \right)}}{29} + \frac{9 x^{8} \cos{\left(29 x \right)}}{841} - \frac{72 x^{7} \sin{\left(29 x \right)}}{24389} - \frac{504 x^{6} \cos{\left(29 x \right)}}{707281} + \frac{3024 x^{5} \sin{\left(29 x \right)}}{20511149} + \frac{15120 x^{4} \cos{\left(29 x \right)}}{594823321} - \frac{60480 x^{3} \sin{\left(29 x \right)}}{17249876309} - \frac{181440 x^{2} \cos{\left(29 x \right)}}{500246412961} + \frac{362880 x \sin{\left(29 x \right)}}{14507145975869} + \frac{362880 \cos{\left(29 x \right)}}{420707233300201},-,+,957,"<|im_start|>system<|im_sep|>You are a precise mathematical assistant. Show all computation steps clearly. Always put your final simplified antiderivative inside \boxed{}.<|im_end|><|im_start|>user<|im_sep|>Evaluate the following integral step by step.

∫ x^9 · cos(29x) dx

This is a polynomial-trigonometric integral. Work step by step using integration by parts.

Show all steps clearly and put your final simplified antiderivative inside \boxed{}.<|im_end|><|im_start|>assistant<|im_sep|>To evaluate the integral \(\int x^9 \cos(29x) \, dx\), we will use integration by parts. The formula for integration by parts is:

\[
\int u \, dv = uv - \int v \, du
\]

We will apply this formula repeatedly. Let's start by choosing:

- \( u = x^9 \) \(\Rightarrow\) \( du = 9x^8 \, dx \)
- \( dv = \cos(29x) \, dx \) \(\Rightarrow\) \( v = \frac{1}{29} \sin(29x) \)

Now, apply integration by parts:

\[
\int x^9 \cos(29x) \, dx = x^9 \cdot \frac{1}{29} \sin(29x) - \int \frac{1}{29} \sin(29x) \cdot 9x^8 \, dx
\]

Simplify:

\[
= \frac{1}{29} x^9 \sin(29x) - \frac{9}{29} \int x^8 \sin(29x) \, dx
\]

Now, we need to evaluate \(\int x^8 \sin(29x) \, dx\) using integration by parts again. Choose:

- \( u = x^8 \) \(\Rightarrow\) \( du = 8x^7 \, dx \)
- \( dv = \sin(29x) \, dx \) \(\Rightarrow\) \( v = -\frac{1}{29} \cos(29x) \)

Apply integration by parts:

\[
\int x^8 \sin(29x) \, dx = -\frac{1}{29} x^8 \cos(29x) - \int -\frac{1}{29} \cos(29x) \cdot 8x^7 \, dx
\]

Simplify:

\[
= -\frac{1}{29} x^8 \cos(29x) + \frac{8}{29} \int x^7 \cos(29x) \, dx
\]

Substitute back:

\[
\int x^9 \cos(29x) \, dx = \frac{1}{29} x^9 \sin(29x) - \frac{9}{29} \left( -\frac{1}{29} x^8 \cos(29x) + \frac{8}{29} \int x^7 \cos(29x) \, dx \right)
\]

Simplify:

\[
= \frac{1}{29} x^9 \sin(29x) + \frac{9}{29^2} x^8 \cos(29x) - \frac{72}{29^2} \int x^7 \cos(29x) \, dx
\]

This process continues, reducing the power of \(x\) by 1 each time, alternating between \(\cos(29x)\) and \(\sin(29x)\). We will continue this process until the power of \(x\) is reduced to zero.

The pattern is:

\[
\int x^n \cos(29x) \, dx = \frac{x^n}{29} \sin(29x) + \frac{n}{29} \int x^{n-1} \sin(29x) \, dx
\]

\[
\int x^n \sin(29x) \, dx = -\frac{x^n}{29} \cos(29x) + \frac{n}{29} \int x^{n-1} \cos(29x) \, dx
\]

Continuing this process, we eventually reach:

\[
\int \cos(29x) \, dx = \frac{1}{29} \sin(29x)
\]

\[
\int \sin(29x) \, dx = -\frac{1}{29} \cos(29x)
\]

After applying integration by parts 9 times, the final expression will be a sum of terms involving \(x^k \sin(29x)\) and \(x^k \cos(29x)\) for \(k = 0, 1, \ldots, 9\), each multiplied by appropriate constants.

The final antiderivative is:

\[
\boxed{\frac{1}{29} x^9 \sin(29x) + \frac{9}{29^2} x^8 \cos(29x) - \frac{72}{29^3} x^7 \sin(29x) - \frac{504}{29^4} x^6 \cos(29x) + \frac{3024}{29^5} x^5 \sin(29x) + \frac{15120}{29^6} x^4 \cos(29x) - \frac{60480}{29^7} x^3 \sin(29x) - \frac{181440}{29^8} x^2 \cos(29x) + \frac{362880}{29^9} x \sin(29x) + \frac{362880}{29^{10}} \cos(29x) + C}
\]

where \(C\) is the constant of integration.","To evaluate the integral \(\int x^9 \cos(29x) \, dx\), we will use integration by parts. The formula for integration by parts is:

\[
\int u \, dv = uv - \int v \, du
\]

We will apply this formula repeatedly. Let's start by choosing:

- \( u = x^9 \) \(\Rightarrow\) \( du = 9x^8 \, dx \)
- \( dv = \cos(29x) \, dx \) \(\Rightarrow\) \( v = \frac{1}{29} \sin(29x) \)

Now, apply integration by parts:

\[
\int x^9 \cos(29x) \, dx = x^9 \cdot \frac{1}{29} \sin(29x) - \int \frac{1}{29} \sin(29x) \cdot 9x^8 \, dx
\]

Simplify:

\[
= \frac{1}{29} x^9 \sin(29x) - \frac{9}{29} \int x^8 \sin(29x) \, dx
\]

Now, we need to evaluate \(\int x^8 \sin(29x) \, dx\) using integration by parts again. Choose:

- \( u = x^8 \) \(\Rightarrow\) \( du = 8x^7 \, dx \)
- \( dv = \sin(29x) \, dx \) \(\Rightarrow\) \( v = -\frac{1}{29} \cos(29x) \)

Apply integration by parts:

\[
\int x^8 \sin(29x) \, dx = -\frac{1}{29} x^8 \cos(29x) - \int -\frac{1}{29} \cos(29x) \cdot 8x^7 \, dx
\]

Simplify:

\[
= -\frac{1}{29} x^8 \cos(29x) + \frac{8}{29} \int x^7 \cos(29x) \, dx
\]

Substitute back:

\[
\int x^9 \cos(29x) \, dx = \frac{1}{29} x^9 \sin(29x) - \frac{9}{29} \left( -\frac{1}{29} x^8 \cos(29x) + \frac{8}{29} \int x^7 \cos(29x) \, dx \right)
\]

Simplify:

\[
= \frac{1}{29} x^9 \sin(29x) + \frac{9}{29^2} x^8 \cos(29x) - \frac{72}{29^2} \int x^7 \cos(29x) \, dx
\]

This process continues, reducing the power of \(x\) by 1 each time, alternating between \(\cos(29x)\) and \(\sin(29x)\). We will continue this process until the power of \(x\) is reduced to zero.

The pattern is:

\[
\int x^n \cos(29x) \, dx = \frac{x^n}{29} \sin(29x) + \frac{n}{29} \int x^{n-1} \sin(29x) \, dx
\]

\[
\int x^n \sin(29x) \, dx = -\frac{x^n}{29} \cos(29x) + \frac{n}{29} \int x^{n-1} \cos(29x) \, dx
\]

Continuing this process, we eventually reach:

\[
\int \cos(29x) \, dx = \frac{1}{29} \sin(29x)
\]

\[
\int \sin(29x) \, dx = -\frac{1}{29} \cos(29x)
\]

After applying integration by parts 9 times, the final expression will be a sum of terms involving \(x^k \sin(29x)\) and \(x^k \cos(29x)\) for \(k = 0, 1, \ldots, 9\), each multiplied by appropriate constants.

The final antiderivative is:

\[
\boxed{\frac{1}{29} x^9 \sin(29x) + \frac{9}{29^2} x^8 \cos(29x) - \frac{72}{29^3} x^7 \sin(29x) - \frac{504}{29^4} x^6 \cos(29x) + \frac{3024}{29^5} x^5 \sin(29x) + \frac{15120}{29^6} x^4 \cos(29x) - \frac{60480}{29^7} x^3 \sin(29x) - \frac{181440}{29^8} x^2 \cos(29x) + \frac{362880}{29^9} x \sin(29x) + \frac{362880}{29^{10}} \cos(29x) + C}
\]

where \(C\) is the constant of integration.",t \frac{1}{29} \sin(29x) [-] \int \frac{1}{29} \sin(2,491,agent_c1_leftright,high,First between-terms sign of the instantiated IBP application (minus between the uv term and the integral term); abstract formula lines and u/v setup signs skipped.,PASS
ibp_ptc_n10_b211,Phi-4,integration_by_parts,,,,correct,\frac{x^{10} \sin{\left(211 x \right)}}{211} + \frac{10 x^{9} \cos{\left(211 x \right)}}{44521} - \frac{90 x^{8} \sin{\left(211 x \right)}}{9393931} - \frac{720 x^{7} \cos{\left(211 x \right)}}{1982119441} + \frac{5040 x^{6} \sin{\left(211 x \right)}}{418227202051} + \frac{30240 x^{5} \cos{\left(211 x \right)}}{88245939632761} - \frac{151200 x^{4} \sin{\left(211 x \right)}}{18619893262512571} - \frac{604800 x^{3} \cos{\left(211 x \right)}}{3928797478390152481} + \frac{1814400 x^{2} \sin{\left(211 x \right)}}{828976267940322173491} + \frac{3628800 x \cos{\left(211 x \right)}}{174913992535407978606601} - \frac{3628800 \sin{\left(211 x \right)}}{36906852424971083485992811},-,+,987,"<|im_start|>system<|im_sep|>You are a precise mathematical assistant. Show all computation steps clearly. Always put your final simplified antiderivative inside \boxed{}.<|im_end|><|im_start|>user<|im_sep|>Evaluate the following integral step by step.

∫ x^10 · cos(211x) dx

This is a polynomial-trigonometric integral. Work step by step using integration by parts.

Show all steps clearly and put your final simplified antiderivative inside \boxed{}.<|im_end|><|im_start|>assistant<|im_sep|>To evaluate the integral \(\int x^{10} \cos(211x) \, dx\), we will use integration by parts. The formula for integration by parts is:

\[
\int u \, dv = uv - \int v \, du
\]

We will apply integration by parts repeatedly. Let's start by choosing:

- \( u = x^{10} \) \(\Rightarrow\) \( du = 10x^9 \, dx \)
- \( dv = \cos(211x) \, dx \) \(\Rightarrow\) \( v = \frac{1}{211} \sin(211x) \)

Now, apply integration by parts:

\[
\int x^{10} \cos(211x) \, dx = x^{10} \cdot \frac{1}{211} \sin(211x) - \int \frac{1}{211} \sin(211x) \cdot 10x^9 \, dx
\]

Simplify:

\[
= \frac{1}{211} x^{10} \sin(211x) - \frac{10}{211} \int x^9 \sin(211x) \, dx
\]

Now, apply integration by parts to \(\int x^9 \sin(211x) \, dx\). Choose:

- \( u = x^9 \) \(\Rightarrow\) \( du = 9x^8 \, dx \)
- \( dv = \sin(211x) \, dx \) \(\Rightarrow\) \( v = -\frac{1}{211} \cos(211x) \)

Apply integration by parts:

\[
\int x^9 \sin(211x) \, dx = -\frac{1}{211} x^9 \cos(211x) - \int -\frac{1}{211} \cos(211x) \cdot 9x^8 \, dx
\]

Simplify:

\[
= -\frac{1}{211} x^9 \cos(211x) + \frac{9}{211} \int x^8 \cos(211x) \, dx
\]

Substitute back:

\[
\int x^{10} \cos(211x) \, dx = \frac{1}{211} x^{10} \sin(211x) - \frac{10}{211} \left( -\frac{1}{211} x^9 \cos(211x) + \frac{9}{211} \int x^8 \cos(211x) \, dx \right)
\]

Simplify:

\[
= \frac{1}{211} x^{10} \sin(211x) + \frac{10}{211^2} x^9 \cos(211x) - \frac{90}{211^2} \int x^8 \cos(211x) \, dx
\]

This process continues, reducing the power of \(x\) by 1 each time, alternating between \(\cos\) and \(\sin\), and adjusting coefficients accordingly. The pattern is:

\[
\int x^n \cos(211x) \, dx = \frac{1}{211} x^n \sin(211x) + \frac{n}{211^2} x^{n-1} \cos(211x) - \frac{n(n-1)}{211^3} \int x^{n-2} \cos(211x) \, dx
\]

Continue this process until the power of \(x\) is reduced to zero. The final result will be a sum of terms involving \(x^k \sin(211x)\) and \(x^k \cos(211x)\) for \(k = 0, 1, \ldots, 10\), plus a constant of integration \(C\).

The final antiderivative is:

\[
\boxed{\frac{1}{211} x^{10} \sin(211x) + \frac{10}{211^2} x^9 \cos(211x) - \frac{90}{211^3} x^8 \sin(211x) - \frac{720}{211^4} x^7 \cos(211x) + \frac{5040}{211^5} x^6 \sin(211x) + \frac{30240}{211^6} x^5 \cos(211x) - \frac{151200}{211^7} x^4 \sin(211x) - \frac{604800}{211^8} x^3 \cos(211x) + \frac{1814400}{211^9} x^2 \sin(211x) + \frac{3628800}{211^{10}} x \cos(211x) - \frac{3628800}{211^{11}} \sin(211x) + C}
\]","To evaluate the integral \(\int x^{10} \cos(211x) \, dx\), we will use integration by parts. The formula for integration by parts is:

\[
\int u \, dv = uv - \int v \, du
\]

We will apply integration by parts repeatedly. Let's start by choosing:

- \( u = x^{10} \) \(\Rightarrow\) \( du = 10x^9 \, dx \)
- \( dv = \cos(211x) \, dx \) \(\Rightarrow\) \( v = \frac{1}{211} \sin(211x) \)

Now, apply integration by parts:

\[
\int x^{10} \cos(211x) \, dx = x^{10} \cdot \frac{1}{211} \sin(211x) - \int \frac{1}{211} \sin(211x) \cdot 10x^9 \, dx
\]

Simplify:

\[
= \frac{1}{211} x^{10} \sin(211x) - \frac{10}{211} \int x^9 \sin(211x) \, dx
\]

Now, apply integration by parts to \(\int x^9 \sin(211x) \, dx\). Choose:

- \( u = x^9 \) \(\Rightarrow\) \( du = 9x^8 \, dx \)
- \( dv = \sin(211x) \, dx \) \(\Rightarrow\) \( v = -\frac{1}{211} \cos(211x) \)

Apply integration by parts:

\[
\int x^9 \sin(211x) \, dx = -\frac{1}{211} x^9 \cos(211x) - \int -\frac{1}{211} \cos(211x) \cdot 9x^8 \, dx
\]

Simplify:

\[
= -\frac{1}{211} x^9 \cos(211x) + \frac{9}{211} \int x^8 \cos(211x) \, dx
\]

Substitute back:

\[
\int x^{10} \cos(211x) \, dx = \frac{1}{211} x^{10} \sin(211x) - \frac{10}{211} \left( -\frac{1}{211} x^9 \cos(211x) + \frac{9}{211} \int x^8 \cos(211x) \, dx \right)
\]

Simplify:

\[
= \frac{1}{211} x^{10} \sin(211x) + \frac{10}{211^2} x^9 \cos(211x) - \frac{90}{211^2} \int x^8 \cos(211x) \, dx
\]

This process continues, reducing the power of \(x\) by 1 each time, alternating between \(\cos\) and \(\sin\), and adjusting coefficients accordingly. The pattern is:

\[
\int x^n \cos(211x) \, dx = \frac{1}{211} x^n \sin(211x) + \frac{n}{211^2} x^{n-1} \cos(211x) - \frac{n(n-1)}{211^3} \int x^{n-2} \cos(211x) \, dx
\]

Continue this process until the power of \(x\) is reduced to zero. The final result will be a sum of terms involving \(x^k \sin(211x)\) and \(x^k \cos(211x)\) for \(k = 0, 1, \ldots, 10\), plus a constant of integration \(C\).

The final antiderivative is:

\[
\boxed{\frac{1}{211} x^{10} \sin(211x) + \frac{10}{211^2} x^9 \cos(211x) - \frac{90}{211^3} x^8 \sin(211x) - \frac{720}{211^4} x^7 \cos(211x) + \frac{5040}{211^5} x^6 \sin(211x) + \frac{30240}{211^6} x^5 \cos(211x) - \frac{151200}{211^7} x^4 \sin(211x) - \frac{604800}{211^8} x^3 \cos(211x) + \frac{1814400}{211^9} x^2 \sin(211x) + \frac{3628800}{211^{10}} x \cos(211x) - \frac{3628800}{211^{11}} \sin(211x) + C}
\]",\frac{1}{211} \sin(211x) [-] \int \frac{1}{211} \sin(,493,agent_c1_leftright,high,First between-terms sign of the instantiated IBP application (minus between the uv term and the integral term); abstract formula lines and u/v setup signs skipped.,PASS
ibp_pts_n2_b13,Phi-4,integration_by_parts,,,,correct,- \frac{x^{2} \cos{\left(13 x \right)}}{13} + \frac{2 x \sin{\left(13 x \right)}}{169} + \frac{2 \cos{\left(13 x \right)}}{2197},-,+,989,"<|im_start|>system<|im_sep|>You are a precise mathematical assistant. Show all computation steps clearly. Always put your final simplified antiderivative inside \boxed{}.<|im_end|><|im_start|>user<|im_sep|>Evaluate the following integral step by step.

∫ x^2 · sin(13x) dx

This is a polynomial-trigonometric integral. Work step by step using integration by parts.

Show all steps clearly and put your final simplified antiderivative inside \boxed{}.<|im_end|><|im_start|>assistant<|im_sep|>To evaluate the integral \(\int x^2 \sin(13x) \, dx\), we will use integration by parts. The formula for integration by parts is:

\[
\int u \, dv = uv - \int v \, du
\]

We will apply integration by parts twice. First, let's choose:

- \( u = x^2 \) \(\Rightarrow\) \( du = 2x \, dx \)
- \( dv = \sin(13x) \, dx \) \(\Rightarrow\) \( v = -\frac{1}{13} \cos(13x) \)

Now apply integration by parts:

\[
\int x^2 \sin(13x) \, dx = uv - \int v \, du
\]

\[
= x^2 \left(-\frac{1}{13} \cos(13x)\right) - \int \left(-\frac{1}{13} \cos(13x)\right) (2x \, dx)
\]

\[
= -\frac{1}{13} x^2 \cos(13x) + \frac{2}{13} \int x \cos(13x) \, dx
\]

Now, we need to evaluate \(\int x \cos(13x) \, dx\) using integration by parts again. Choose:

- \( u = x \) \(\Rightarrow\) \( du = dx \)
- \( dv = \cos(13x) \, dx \) \(\Rightarrow\) \( v = \frac{1}{13} \sin(13x) \)

Apply integration by parts:

\[
\int x \cos(13x) \, dx = uv - \int v \, du
\]

\[
= x \left(\frac{1}{13} \sin(13x)\right) - \int \left(\frac{1}{13} \sin(13x)\right) \, dx
\]

\[
= \frac{1}{13} x \sin(13x) - \frac{1}{13} \int \sin(13x) \, dx
\]

The integral \(\int \sin(13x) \, dx\) is:

\[
= -\frac{1}{13} \cos(13x)
\]

Substitute back:

\[
\int x \cos(13x) \, dx = \frac{1}{13} x \sin(13x) + \frac{1}{169} \cos(13x)
\]

Substitute this result back into the original expression:

\[
\int x^2 \sin(13x) \, dx = -\frac{1}{13} x^2 \cos(13x) + \frac{2}{13} \left( \frac{1}{13} x \sin(13x) + \frac{1}{169} \cos(13x) \right)
\]

Simplify:

\[
= -\frac{1}{13} x^2 \cos(13x) + \frac{2}{169} x \sin(13x) + \frac{2}{2197} \cos(13x)
\]

Thus, the final antiderivative is:

\[
\boxed{-\frac{1}{13} x^2 \cos(13x) + \frac{2}{169} x \sin(13x) + \frac{2}{2197} \cos(13x) + C}
\]

where \( C \) is the constant of integration.","To evaluate the integral \(\int x^2 \sin(13x) \, dx\), we will use integration by parts. The formula for integration by parts is:

\[
\int u \, dv = uv - \int v \, du
\]

We will apply integration by parts twice. First, let's choose:

- \( u = x^2 \) \(\Rightarrow\) \( du = 2x \, dx \)
- \( dv = \sin(13x) \, dx \) \(\Rightarrow\) \( v = -\frac{1}{13} \cos(13x) \)

Now apply integration by parts:

\[
\int x^2 \sin(13x) \, dx = uv - \int v \, du
\]

\[
= x^2 \left(-\frac{1}{13} \cos(13x)\right) - \int \left(-\frac{1}{13} \cos(13x)\right) (2x \, dx)
\]

\[
= -\frac{1}{13} x^2 \cos(13x) + \frac{2}{13} \int x \cos(13x) \, dx
\]

Now, we need to evaluate \(\int x \cos(13x) \, dx\) using integration by parts again. Choose:

- \( u = x \) \(\Rightarrow\) \( du = dx \)
- \( dv = \cos(13x) \, dx \) \(\Rightarrow\) \( v = \frac{1}{13} \sin(13x) \)

Apply integration by parts:

\[
\int x \cos(13x) \, dx = uv - \int v \, du
\]

\[
= x \left(\frac{1}{13} \sin(13x)\right) - \int \left(\frac{1}{13} \sin(13x)\right) \, dx
\]

\[
= \frac{1}{13} x \sin(13x) - \frac{1}{13} \int \sin(13x) \, dx
\]

The integral \(\int \sin(13x) \, dx\) is:

\[
= -\frac{1}{13} \cos(13x)
\]

Substitute back:

\[
\int x \cos(13x) \, dx = \frac{1}{13} x \sin(13x) + \frac{1}{169} \cos(13x)
\]

Substitute this result back into the original expression:

\[
\int x^2 \sin(13x) \, dx = -\frac{1}{13} x^2 \cos(13x) + \frac{2}{13} \left( \frac{1}{13} x \sin(13x) + \frac{1}{169} \cos(13x) \right)
\]

Simplify:

\[
= -\frac{1}{13} x^2 \cos(13x) + \frac{2}{169} x \sin(13x) + \frac{2}{2197} \cos(13x)
\]

Thus, the final antiderivative is:

\[
\boxed{-\frac{1}{13} x^2 \cos(13x) + \frac{2}{169} x \sin(13x) + \frac{2}{2197} \cos(13x) + C}
\]

where \( C \) is the constant of integration.",{1}{13} \cos(13x)\right) [-] \int \left(-\frac{1}{13},491,agent_c1_leftright,high,First between-terms sign of the instantiated IBP application (minus between the uv term and the integral term); abstract formula lines and u/v setup signs skipped.,PASS
ibp_ptc_n4_b5,Phi-4,integration_by_parts,,,,correct,\frac{x^{4} \sin{\left(5 x \right)}}{5} + \frac{4 x^{3} \cos{\left(5 x \right)}}{25} - \frac{12 x^{2} \sin{\left(5 x \right)}}{125} - \frac{24 x \cos{\left(5 x \right)}}{625} + \frac{24 \sin{\left(5 x \right)}}{3125},-,+,960,"<|im_start|>system<|im_sep|>You are a precise mathematical assistant. Show all computation steps clearly. Always put your final simplified antiderivative inside \boxed{}.<|im_end|><|im_start|>user<|im_sep|>Evaluate the following integral step by step.

∫ x^4 · cos(5x) dx

This is a polynomial-trigonometric integral. Work step by step using integration by parts.

Show all steps clearly and put your final simplified antiderivative inside \boxed{}.<|im_end|><|im_start|>assistant<|im_sep|>To evaluate the integral \(\int x^4 \cos(5x) \, dx\), we will use integration by parts. The formula for integration by parts is:

\[
\int u \, dv = uv - \int v \, du
\]

We will apply integration by parts multiple times. Let's start by choosing:

- \( u = x^4 \) \(\Rightarrow\) \( du = 4x^3 \, dx \)
- \( dv = \cos(5x) \, dx \) \(\Rightarrow\) \( v = \frac{1}{5} \sin(5x) \)

Now apply integration by parts:

\[
\int x^4 \cos(5x) \, dx = x^4 \cdot \frac{1}{5} \sin(5x) - \int \frac{1}{5} \sin(5x) \cdot 4x^3 \, dx
\]

Simplify:

\[
= \frac{1}{5} x^4 \sin(5x) - \frac{4}{5} \int x^3 \sin(5x) \, dx
\]

Now, apply integration by parts to \(\int x^3 \sin(5x) \, dx\):

Choose:

- \( u = x^3 \) \(\Rightarrow\) \( du = 3x^2 \, dx \)
- \( dv = \sin(5x) \, dx \) \(\Rightarrow\) \( v = -\frac{1}{5} \cos(5x) \)

Apply integration by parts:

\[
\int x^3 \sin(5x) \, dx = x^3 \left(-\frac{1}{5} \cos(5x)\right) - \int \left(-\frac{1}{5} \cos(5x)\right) \cdot 3x^2 \, dx
\]

Simplify:

\[
= -\frac{1}{5} x^3 \cos(5x) + \frac{3}{5} \int x^2 \cos(5x) \, dx
\]

Substitute back:

\[
\int x^4 \cos(5x) \, dx = \frac{1}{5} x^4 \sin(5x) - \frac{4}{5} \left( -\frac{1}{5} x^3 \cos(5x) + \frac{3}{5} \int x^2 \cos(5x) \, dx \right)
\]

Simplify:

\[
= \frac{1}{5} x^4 \sin(5x) + \frac{4}{25} x^3 \cos(5x) - \frac{12}{25} \int x^2 \cos(5x) \, dx
\]

Now, apply integration by parts to \(\int x^2 \cos(5x) \, dx\):

Choose:

- \( u = x^2 \) \(\Rightarrow\) \( du = 2x \, dx \)
- \( dv = \cos(5x) \, dx \) \(\Rightarrow\) \( v = \frac{1}{5} \sin(5x) \)

Apply integration by parts:

\[
\int x^2 \cos(5x) \, dx = x^2 \cdot \frac{1}{5} \sin(5x) - \int \frac{1}{5} \sin(5x) \cdot 2x \, dx
\]

Simplify:

\[
= \frac{1}{5} x^2 \sin(5x) - \frac{2}{5} \int x \sin(5x) \, dx
\]

Substitute back:

\[
\int x^4 \cos(5x) \, dx = \frac{1}{5} x^4 \sin(5x) + \frac{4}{25} x^3 \cos(5x) - \frac{12}{25} \left( \frac{1}{5} x^2 \sin(5x) - \frac{2}{5} \int x \sin(5x) \, dx \right)
\]

Simplify:

\[
= \frac{1}{5} x^4 \sin(5x) + \frac{4}{25} x^3 \cos(5x) - \frac{12}{125} x^2 \sin(5x) + \frac{24}{125} \int x \sin(5x) \, dx
\]

Now, apply integration by parts to \(\int x \sin(5x) \, dx\):

Choose:

- \( u = x \) \(\Rightarrow\) \( du = dx \)
- \( dv = \sin(5x) \, dx \) \(\Rightarrow\) \( v = -\frac{1}{5} \cos(5x) \)

Apply integration by parts:

\[
\int x \sin(5x) \, dx = x \left(-\frac{1}{5} \cos(5x)\right) - \int \left(-\frac{1}{5} \cos(5x)\right) \, dx
\]

Simplify:

\[
= -\frac{1}{5} x \cos(5x) + \frac{1}{5} \int \cos(5x) \, dx
\]

\[
= -\frac{1}{5} x \cos(5x) + \frac{1}{25} \sin(5x)
\]

Substitute back:

\[
\int x^4 \cos(5x) \, dx = \frac{1}{5} x^4 \sin(5x) + \frac{4}{25} x^3 \cos(5x) - \frac{12}{125} x^2 \sin(5x) + \frac{24}{125} \left( -\frac{1}{5} x \cos(5x) + \frac{1}{25} \sin(5x) \right)
\]

Simplify:

\[
= \frac{1}{5} x^4 \sin(5x) + \frac{4}{25} x^3 \cos(5x) - \frac{12}{125} x^2 \sin(5x) - \frac{24}{625} x \cos(5x) + \frac{24}{3125} \sin(5x)
\]

Thus, the final antiderivative is:

\[
\boxed{\frac{1}{5} x^4 \sin(5x) + \frac{4}{25} x^3 \cos(5x) - \frac{12}{125} x^2 \sin(5x) - \frac{24}{625} x \cos(5x) + \frac{24}{3125} \sin(5x) + C}
\]

where \( C \) is the constant of integration.","To evaluate the integral \(\int x^4 \cos(5x) \, dx\), we will use integration by parts. The formula for integration by parts is:

\[
\int u \, dv = uv - \int v \, du
\]

We will apply integration by parts multiple times. Let's start by choosing:

- \( u = x^4 \) \(\Rightarrow\) \( du = 4x^3 \, dx \)
- \( dv = \cos(5x) \, dx \) \(\Rightarrow\) \( v = \frac{1}{5} \sin(5x) \)

Now apply integration by parts:

\[
\int x^4 \cos(5x) \, dx = x^4 \cdot \frac{1}{5} \sin(5x) - \int \frac{1}{5} \sin(5x) \cdot 4x^3 \, dx
\]

Simplify:

\[
= \frac{1}{5} x^4 \sin(5x) - \frac{4}{5} \int x^3 \sin(5x) \, dx
\]

Now, apply integration by parts to \(\int x^3 \sin(5x) \, dx\):

Choose:

- \( u = x^3 \) \(\Rightarrow\) \( du = 3x^2 \, dx \)
- \( dv = \sin(5x) \, dx \) \(\Rightarrow\) \( v = -\frac{1}{5} \cos(5x) \)

Apply integration by parts:

\[
\int x^3 \sin(5x) \, dx = x^3 \left(-\frac{1}{5} \cos(5x)\right) - \int \left(-\frac{1}{5} \cos(5x)\right) \cdot 3x^2 \, dx
\]

Simplify:

\[
= -\frac{1}{5} x^3 \cos(5x) + \frac{3}{5} \int x^2 \cos(5x) \, dx
\]

Substitute back:

\[
\int x^4 \cos(5x) \, dx = \frac{1}{5} x^4 \sin(5x) - \frac{4}{5} \left( -\frac{1}{5} x^3 \cos(5x) + \frac{3}{5} \int x^2 \cos(5x) \, dx \right)
\]

Simplify:

\[
= \frac{1}{5} x^4 \sin(5x) + \frac{4}{25} x^3 \cos(5x) - \frac{12}{25} \int x^2 \cos(5x) \, dx
\]

Now, apply integration by parts to \(\int x^2 \cos(5x) \, dx\):

Choose:

- \( u = x^2 \) \(\Rightarrow\) \( du = 2x \, dx \)
- \( dv = \cos(5x) \, dx \) \(\Rightarrow\) \( v = \frac{1}{5} \sin(5x) \)

Apply integration by parts:

\[
\int x^2 \cos(5x) \, dx = x^2 \cdot \frac{1}{5} \sin(5x) - \int \frac{1}{5} \sin(5x) \cdot 2x \, dx
\]

Simplify:

\[
= \frac{1}{5} x^2 \sin(5x) - \frac{2}{5} \int x \sin(5x) \, dx
\]

Substitute back:

\[
\int x^4 \cos(5x) \, dx = \frac{1}{5} x^4 \sin(5x) + \frac{4}{25} x^3 \cos(5x) - \frac{12}{25} \left( \frac{1}{5} x^2 \sin(5x) - \frac{2}{5} \int x \sin(5x) \, dx \right)
\]

Simplify:

\[
= \frac{1}{5} x^4 \sin(5x) + \frac{4}{25} x^3 \cos(5x) - \frac{12}{125} x^2 \sin(5x) + \frac{24}{125} \int x \sin(5x) \, dx
\]

Now, apply integration by parts to \(\int x \sin(5x) \, dx\):

Choose:

- \( u = x \) \(\Rightarrow\) \( du = dx \)
- \( dv = \sin(5x) \, dx \) \(\Rightarrow\) \( v = -\frac{1}{5} \cos(5x) \)

Apply integration by parts:

\[
\int x \sin(5x) \, dx = x \left(-\frac{1}{5} \cos(5x)\right) - \int \left(-\frac{1}{5} \cos(5x)\right) \, dx
\]

Simplify:

\[
= -\frac{1}{5} x \cos(5x) + \frac{1}{5} \int \cos(5x) \, dx
\]

\[
= -\frac{1}{5} x \cos(5x) + \frac{1}{25} \sin(5x)
\]

Substitute back:

\[
\int x^4 \cos(5x) \, dx = \frac{1}{5} x^4 \sin(5x) + \frac{4}{25} x^3 \cos(5x) - \frac{12}{125} x^2 \sin(5x) + \frac{24}{125} \left( -\frac{1}{5} x \cos(5x) + \frac{1}{25} \sin(5x) \right)
\]

Simplify:

\[
= \frac{1}{5} x^4 \sin(5x) + \frac{4}{25} x^3 \cos(5x) - \frac{12}{125} x^2 \sin(5x) - \frac{24}{625} x \cos(5x) + \frac{24}{3125} \sin(5x)
\]

Thus, the final antiderivative is:

\[
\boxed{\frac{1}{5} x^4 \sin(5x) + \frac{4}{25} x^3 \cos(5x) - \frac{12}{125} x^2 \sin(5x) - \frac{24}{625} x \cos(5x) + \frac{24}{3125} \sin(5x) + C}
\]

where \( C \) is the constant of integration.",dot \frac{1}{5} \sin(5x) [-] \int \frac{1}{5} \sin(5x,490,agent_c1_leftright,high,First between-terms sign of the instantiated IBP application (minus between the uv term and the integral term); abstract formula lines and u/v setup signs skipped.,PASS
ibp_ptc_n3_b1,Phi-4,integration_by_parts,,,,correct,x^{3} \sin{\left(x \right)} + 3 x^{2} \cos{\left(x \right)} - 6 x \sin{\left(x \right)} - 6 \cos{\left(x \right)},-,+,945,"<|im_start|>system<|im_sep|>You are a precise mathematical assistant. Show all computation steps clearly. Always put your final simplified antiderivative inside \boxed{}.<|im_end|><|im_start|>user<|im_sep|>Evaluate the following integral step by step.

∫ x^3 · cos(1x) dx

This is a polynomial-trigonometric integral. Work step by step using integration by parts.

Show all steps clearly and put your final simplified antiderivative inside \boxed{}.<|im_end|><|im_start|>assistant<|im_sep|>To evaluate the integral \(\int x^3 \cos(x) \, dx\), we will use integration by parts. The formula for integration by parts is:

\[
\int u \, dv = uv - \int v \, du
\]

We will apply integration by parts multiple times. Let's start by choosing:

- \( u = x^3 \) \(\Rightarrow\) \( du = 3x^2 \, dx \)
- \( dv = \cos(x) \, dx \) \(\Rightarrow\) \( v = \int \cos(x) \, dx = \sin(x) \)

Applying integration by parts:

\[
\int x^3 \cos(x) \, dx = x^3 \sin(x) - \int \sin(x) \cdot 3x^2 \, dx
\]

Simplify the integral:

\[
= x^3 \sin(x) - 3 \int x^2 \sin(x) \, dx
\]

Now, apply integration by parts to \(\int x^2 \sin(x) \, dx\). Choose:

- \( u = x^2 \) \(\Rightarrow\) \( du = 2x \, dx \)
- \( dv = \sin(x) \, dx \) \(\Rightarrow\) \( v = \int \sin(x) \, dx = -\cos(x) \)

Applying integration by parts:

\[
\int x^2 \sin(x) \, dx = -x^2 \cos(x) - \int -\cos(x) \cdot 2x \, dx
\]

Simplify the integral:

\[
= -x^2 \cos(x) + 2 \int x \cos(x) \, dx
\]

Now, apply integration by parts to \(\int x \cos(x) \, dx\). Choose:

- \( u = x \) \(\Rightarrow\) \( du = dx \)
- \( dv = \cos(x) \, dx \) \(\Rightarrow\) \( v = \sin(x) \)

Applying integration by parts:

\[
\int x \cos(x) \, dx = x \sin(x) - \int \sin(x) \, dx
\]

Simplify the integral:

\[
= x \sin(x) + \cos(x)
\]

Substitute back into the previous expression:

\[
\int x^2 \sin(x) \, dx = -x^2 \cos(x) + 2(x \sin(x) + \cos(x))
\]

Simplify:

\[
= -x^2 \cos(x) + 2x \sin(x) + 2\cos(x)
\]

Substitute back into the original expression:

\[
\int x^3 \cos(x) \, dx = x^3 \sin(x) - 3(-x^2 \cos(x) + 2x \sin(x) + 2\cos(x))
\]

Distribute the \(-3\):

\[
= x^3 \sin(x) + 3x^2 \cos(x) - 6x \sin(x) - 6\cos(x)
\]

Thus, the final antiderivative is:

\[
\boxed{x^3 \sin(x) + 3x^2 \cos(x) - 6x \sin(x) - 6\cos(x) + C}
\]

where \( C \) is the constant of integration.","To evaluate the integral \(\int x^3 \cos(x) \, dx\), we will use integration by parts. The formula for integration by parts is:

\[
\int u \, dv = uv - \int v \, du
\]

We will apply integration by parts multiple times. Let's start by choosing:

- \( u = x^3 \) \(\Rightarrow\) \( du = 3x^2 \, dx \)
- \( dv = \cos(x) \, dx \) \(\Rightarrow\) \( v = \int \cos(x) \, dx = \sin(x) \)

Applying integration by parts:

\[
\int x^3 \cos(x) \, dx = x^3 \sin(x) - \int \sin(x) \cdot 3x^2 \, dx
\]

Simplify the integral:

\[
= x^3 \sin(x) - 3 \int x^2 \sin(x) \, dx
\]

Now, apply integration by parts to \(\int x^2 \sin(x) \, dx\). Choose:

- \( u = x^2 \) \(\Rightarrow\) \( du = 2x \, dx \)
- \( dv = \sin(x) \, dx \) \(\Rightarrow\) \( v = \int \sin(x) \, dx = -\cos(x) \)

Applying integration by parts:

\[
\int x^2 \sin(x) \, dx = -x^2 \cos(x) - \int -\cos(x) \cdot 2x \, dx
\]

Simplify the integral:

\[
= -x^2 \cos(x) + 2 \int x \cos(x) \, dx
\]

Now, apply integration by parts to \(\int x \cos(x) \, dx\). Choose:

- \( u = x \) \(\Rightarrow\) \( du = dx \)
- \( dv = \cos(x) \, dx \) \(\Rightarrow\) \( v = \sin(x) \)

Applying integration by parts:

\[
\int x \cos(x) \, dx = x \sin(x) - \int \sin(x) \, dx
\]

Simplify the integral:

\[
= x \sin(x) + \cos(x)
\]

Substitute back into the previous expression:

\[
\int x^2 \sin(x) \, dx = -x^2 \cos(x) + 2(x \sin(x) + \cos(x))
\]

Simplify:

\[
= -x^2 \cos(x) + 2x \sin(x) + 2\cos(x)
\]

Substitute back into the original expression:

\[
\int x^3 \cos(x) \, dx = x^3 \sin(x) - 3(-x^2 \cos(x) + 2x \sin(x) + 2\cos(x))
\]

Distribute the \(-3\):

\[
= x^3 \sin(x) + 3x^2 \cos(x) - 6x \sin(x) - 6\cos(x)
\]

Thus, the final antiderivative is:

\[
\boxed{x^3 \sin(x) + 3x^2 \cos(x) - 6x \sin(x) - 6\cos(x) + C}
\]

where \( C \) is the constant of integration.","s(x) \, dx = x^3 \sin(x) [-] \int \sin(x) \cdot 3x^2 ",490,agent_c1_leftright,high,First between-terms sign of the instantiated IBP application (minus between the uv term and the integral term); abstract formula lines and u/v setup signs skipped.,PASS
ibp_ptc_n5_b199,Phi-4,integration_by_parts,,,,correct,\frac{x^{5} \sin{\left(199 x \right)}}{199} + \frac{5 x^{4} \cos{\left(199 x \right)}}{39601} - \frac{20 x^{3} \sin{\left(199 x \right)}}{7880599} - \frac{60 x^{2} \cos{\left(199 x \right)}}{1568239201} + \frac{120 x \sin{\left(199 x \right)}}{312079600999} + \frac{120 \cos{\left(199 x \right)}}{62103840598801},-,+,979,"<|im_start|>system<|im_sep|>You are a precise mathematical assistant. Show all computation steps clearly. Always put your final simplified antiderivative inside \boxed{}.<|im_end|><|im_start|>user<|im_sep|>Evaluate the following integral step by step.

∫ x^5 · cos(199x) dx

This is a polynomial-trigonometric integral. Work step by step using integration by parts.

Show all steps clearly and put your final simplified antiderivative inside \boxed{}.<|im_end|><|im_start|>assistant<|im_sep|>To evaluate the integral \(\int x^5 \cos(199x) \, dx\), we will use the method of integration by parts. The formula for integration by parts is:

\[
\int u \, dv = uv - \int v \, du
\]

We will apply this formula repeatedly. Let's start by choosing:

- \( u = x^5 \) \(\Rightarrow\) \( du = 5x^4 \, dx \)
- \( dv = \cos(199x) \, dx \) \(\Rightarrow\) \( v = \frac{1}{199} \sin(199x) \)

Now, apply integration by parts:

\[
\int x^5 \cos(199x) \, dx = x^5 \cdot \frac{1}{199} \sin(199x) - \int \frac{1}{199} \sin(199x) \cdot 5x^4 \, dx
\]

Simplify:

\[
= \frac{x^5}{199} \sin(199x) - \frac{5}{199} \int x^4 \sin(199x) \, dx
\]

Now, apply integration by parts to \(\int x^4 \sin(199x) \, dx\):

Choose:

- \( u = x^4 \) \(\Rightarrow\) \( du = 4x^3 \, dx \)
- \( dv = \sin(199x) \, dx \) \(\Rightarrow\) \( v = -\frac{1}{199} \cos(199x) \)

Apply integration by parts:

\[
\int x^4 \sin(199x) \, dx = -\frac{x^4}{199} \cos(199x) - \int -\frac{1}{199} \cos(199x) \cdot 4x^3 \, dx
\]

Simplify:

\[
= -\frac{x^4}{199} \cos(199x) + \frac{4}{199} \int x^3 \cos(199x) \, dx
\]

Substitute back:

\[
\int x^5 \cos(199x) \, dx = \frac{x^5}{199} \sin(199x) - \frac{5}{199} \left( -\frac{x^4}{199} \cos(199x) + \frac{4}{199} \int x^3 \cos(199x) \, dx \right)
\]

Simplify:

\[
= \frac{x^5}{199} \sin(199x) + \frac{5x^4}{199^2} \cos(199x) - \frac{20}{199^2} \int x^3 \cos(199x) \, dx
\]

Repeat the process for \(\int x^3 \cos(199x) \, dx\):

Choose:

- \( u = x^3 \) \(\Rightarrow\) \( du = 3x^2 \, dx \)
- \( dv = \cos(199x) \, dx \) \(\Rightarrow\) \( v = \frac{1}{199} \sin(199x) \)

Apply integration by parts:

\[
\int x^3 \cos(199x) \, dx = \frac{x^3}{199} \sin(199x) - \int \frac{1}{199} \sin(199x) \cdot 3x^2 \, dx
\]

Simplify:

\[
= \frac{x^3}{199} \sin(199x) - \frac{3}{199} \int x^2 \sin(199x) \, dx
\]

Substitute back:

\[
\int x^5 \cos(199x) \, dx = \frac{x^5}{199} \sin(199x) + \frac{5x^4}{199^2} \cos(199x) - \frac{20}{199^2} \left( \frac{x^3}{199} \sin(199x) - \frac{3}{199} \int x^2 \sin(199x) \, dx \right)
\]

Simplify:

\[
= \frac{x^5}{199} \sin(199x) + \frac{5x^4}{199^2} \cos(199x) - \frac{20x^3}{199^3} \sin(199x) + \frac{60}{199^3} \int x^2 \sin(199x) \, dx
\]

Repeat for \(\int x^2 \sin(199x) \, dx\):

Choose:

- \( u = x^2 \) \(\Rightarrow\) \( du = 2x \, dx \)
- \( dv = \sin(199x) \, dx \) \(\Rightarrow\) \( v = -\frac{1}{199} \cos(199x) \)

Apply integration by parts:

\[
\int x^2 \sin(199x) \, dx = -\frac{x^2}{199} \cos(199x) - \int -\frac{1}{199} \cos(199x) \cdot 2x \, dx
\]

Simplify:

\[
= -\frac{x^2}{199} \cos(199x) + \frac{2}{199} \int x \cos(199x) \, dx
\]

Substitute back:

\[
\int x^5 \cos(199x) \, dx = \frac{x^5}{199} \sin(199x) + \frac{5x^4}{199^2} \cos(199x) - \frac{20x^3}{199^3} \sin(199x) + \frac{60}{199^3} \left( -\frac{x^2}{199} \cos(199x) + \frac{2}{199} \int x \cos(199x) \, dx \right)
\]

Simplify:

\[
= \frac{x^5}{199} \sin(199x) + \frac{5x^4}{199^2} \cos(199x) - \frac{20x^3}{199^3} \sin(199x) - \frac{60x^2}{199^4} \cos(199x) + \frac{120}{199^4} \int x \cos(199x) \, dx
\]

Repeat for \(\int x \cos(199x) \, dx\):

Choose:

- \( u = x \) \(\Rightarrow\) \( du = dx \)
- \( dv = \cos(199x) \, dx \) \(\Rightarrow\) \( v = \frac{1}{199} \sin(199x) \)

Apply integration by parts:

\[
\int x \cos(199x) \, dx = \frac{x}{199} \sin(199x) - \int \frac{1}{199} \sin(199x) \, dx
\]

Simplify:

\[
= \frac{x}{199} \sin(199x) + \frac{1}{199^2} \cos(199x)
\]

Substitute back:

\[
\int x^5 \cos(199x) \, dx = \frac{x^5}{199} \sin(199x) + \frac{5x^4}{199^2} \cos(199x) - \frac{20x^3}{199^3} \sin(199x) - \frac{60x^2}{199^4} \cos(199x) + \frac{120}{199^4} \left( \frac{x}{199} \sin(199x) + \frac{1}{199^2} \cos(199x) \right)
\]

Simplify:

\[
= \frac{x^5}{199} \sin(199x) + \frac{5x^4}{199^2} \cos(199x) - \frac{20x^3}{199^3} \sin(199x) - \frac{60x^2}{199^4} \cos(199x) + \frac{120x}{199^5} \sin(199x) + \frac{120}{199^6} \cos(199x)
\]

Thus, the final antiderivative is:

\[
\boxed{\frac{x^5}{199} \sin(199x) + \frac{5x^4}{199^2} \cos(199x) - \frac{20x^3}{199^3} \sin(199x) - \frac{60x^2}{199^4} \cos(199x) + \frac{120x}{199^5} \sin(199x) + \frac{120}{199^6} \cos(199x) + C}
\]

where \( C \) is the constant of integration.","To evaluate the integral \(\int x^5 \cos(199x) \, dx\), we will use the method of integration by parts. The formula for integration by parts is:

\[
\int u \, dv = uv - \int v \, du
\]

We will apply this formula repeatedly. Let's start by choosing:

- \( u = x^5 \) \(\Rightarrow\) \( du = 5x^4 \, dx \)
- \( dv = \cos(199x) \, dx \) \(\Rightarrow\) \( v = \frac{1}{199} \sin(199x) \)

Now, apply integration by parts:

\[
\int x^5 \cos(199x) \, dx = x^5 \cdot \frac{1}{199} \sin(199x) - \int \frac{1}{199} \sin(199x) \cdot 5x^4 \, dx
\]

Simplify:

\[
= \frac{x^5}{199} \sin(199x) - \frac{5}{199} \int x^4 \sin(199x) \, dx
\]

Now, apply integration by parts to \(\int x^4 \sin(199x) \, dx\):

Choose:

- \( u = x^4 \) \(\Rightarrow\) \( du = 4x^3 \, dx \)
- \( dv = \sin(199x) \, dx \) \(\Rightarrow\) \( v = -\frac{1}{199} \cos(199x) \)

Apply integration by parts:

\[
\int x^4 \sin(199x) \, dx = -\frac{x^4}{199} \cos(199x) - \int -\frac{1}{199} \cos(199x) \cdot 4x^3 \, dx
\]

Simplify:

\[
= -\frac{x^4}{199} \cos(199x) + \frac{4}{199} \int x^3 \cos(199x) \, dx
\]

Substitute back:

\[
\int x^5 \cos(199x) \, dx = \frac{x^5}{199} \sin(199x) - \frac{5}{199} \left( -\frac{x^4}{199} \cos(199x) + \frac{4}{199} \int x^3 \cos(199x) \, dx \right)
\]

Simplify:

\[
= \frac{x^5}{199} \sin(199x) + \frac{5x^4}{199^2} \cos(199x) - \frac{20}{199^2} \int x^3 \cos(199x) \, dx
\]

Repeat the process for \(\int x^3 \cos(199x) \, dx\):

Choose:

- \( u = x^3 \) \(\Rightarrow\) \( du = 3x^2 \, dx \)
- \( dv = \cos(199x) \, dx \) \(\Rightarrow\) \( v = \frac{1}{199} \sin(199x) \)

Apply integration by parts:

\[
\int x^3 \cos(199x) \, dx = \frac{x^3}{199} \sin(199x) - \int \frac{1}{199} \sin(199x) \cdot 3x^2 \, dx
\]

Simplify:

\[
= \frac{x^3}{199} \sin(199x) - \frac{3}{199} \int x^2 \sin(199x) \, dx
\]

Substitute back:

\[
\int x^5 \cos(199x) \, dx = \frac{x^5}{199} \sin(199x) + \frac{5x^4}{199^2} \cos(199x) - \frac{20}{199^2} \left( \frac{x^3}{199} \sin(199x) - \frac{3}{199} \int x^2 \sin(199x) \, dx \right)
\]

Simplify:

\[
= \frac{x^5}{199} \sin(199x) + \frac{5x^4}{199^2} \cos(199x) - \frac{20x^3}{199^3} \sin(199x) + \frac{60}{199^3} \int x^2 \sin(199x) \, dx
\]

Repeat for \(\int x^2 \sin(199x) \, dx\):

Choose:

- \( u = x^2 \) \(\Rightarrow\) \( du = 2x \, dx \)
- \( dv = \sin(199x) \, dx \) \(\Rightarrow\) \( v = -\frac{1}{199} \cos(199x) \)

Apply integration by parts:

\[
\int x^2 \sin(199x) \, dx = -\frac{x^2}{199} \cos(199x) - \int -\frac{1}{199} \cos(199x) \cdot 2x \, dx
\]

Simplify:

\[
= -\frac{x^2}{199} \cos(199x) + \frac{2}{199} \int x \cos(199x) \, dx
\]

Substitute back:

\[
\int x^5 \cos(199x) \, dx = \frac{x^5}{199} \sin(199x) + \frac{5x^4}{199^2} \cos(199x) - \frac{20x^3}{199^3} \sin(199x) + \frac{60}{199^3} \left( -\frac{x^2}{199} \cos(199x) + \frac{2}{199} \int x \cos(199x) \, dx \right)
\]

Simplify:

\[
= \frac{x^5}{199} \sin(199x) + \frac{5x^4}{199^2} \cos(199x) - \frac{20x^3}{199^3} \sin(199x) - \frac{60x^2}{199^4} \cos(199x) + \frac{120}{199^4} \int x \cos(199x) \, dx
\]

Repeat for \(\int x \cos(199x) \, dx\):

Choose:

- \( u = x \) \(\Rightarrow\) \( du = dx \)
- \( dv = \cos(199x) \, dx \) \(\Rightarrow\) \( v = \frac{1}{199} \sin(199x) \)

Apply integration by parts:

\[
\int x \cos(199x) \, dx = \frac{x}{199} \sin(199x) - \int \frac{1}{199} \sin(199x) \, dx
\]

Simplify:

\[
= \frac{x}{199} \sin(199x) + \frac{1}{199^2} \cos(199x)
\]

Substitute back:

\[
\int x^5 \cos(199x) \, dx = \frac{x^5}{199} \sin(199x) + \frac{5x^4}{199^2} \cos(199x) - \frac{20x^3}{199^3} \sin(199x) - \frac{60x^2}{199^4} \cos(199x) + \frac{120}{199^4} \left( \frac{x}{199} \sin(199x) + \frac{1}{199^2} \cos(199x) \right)
\]

Simplify:

\[
= \frac{x^5}{199} \sin(199x) + \frac{5x^4}{199^2} \cos(199x) - \frac{20x^3}{199^3} \sin(199x) - \frac{60x^2}{199^4} \cos(199x) + \frac{120x}{199^5} \sin(199x) + \frac{120}{199^6} \cos(199x)
\]

Thus, the final antiderivative is:

\[
\boxed{\frac{x^5}{199} \sin(199x) + \frac{5x^4}{199^2} \cos(199x) - \frac{20x^3}{199^3} \sin(199x) - \frac{60x^2}{199^4} \cos(199x) + \frac{120x}{199^5} \sin(199x) + \frac{120}{199^6} \cos(199x) + C}
\]

where \( C \) is the constant of integration.",\frac{1}{199} \sin(199x) [-] \int \frac{1}{199} \sin(,492,agent_c1_leftright,high,First between-terms sign of the instantiated IBP application (minus between the uv term and the integral term); abstract formula lines and u/v setup signs skipped.,PASS
ibp_ptc_n5_b229,Phi-4,integration_by_parts,,,,correct,\frac{x^{5} \sin{\left(229 x \right)}}{229} + \frac{5 x^{4} \cos{\left(229 x \right)}}{52441} - \frac{20 x^{3} \sin{\left(229 x \right)}}{12008989} - \frac{60 x^{2} \cos{\left(229 x \right)}}{2750058481} + \frac{120 x \sin{\left(229 x \right)}}{629763392149} + \frac{120 \cos{\left(229 x \right)}}{144215816802121},-,+,979,"<|im_start|>system<|im_sep|>You are a precise mathematical assistant. Show all computation steps clearly. Always put your final simplified antiderivative inside \boxed{}.<|im_end|><|im_start|>user<|im_sep|>Evaluate the following integral step by step.

∫ x^5 · cos(229x) dx

This is a polynomial-trigonometric integral. Work step by step using integration by parts.

Show all steps clearly and put your final simplified antiderivative inside \boxed{}.<|im_end|><|im_start|>assistant<|im_sep|>To evaluate the integral \(\int x^5 \cos(229x) \, dx\), we will use the method of integration by parts. The formula for integration by parts is:

\[
\int u \, dv = uv - \int v \, du
\]

We will apply this formula repeatedly. Let's start by choosing:

- \( u = x^5 \) \(\Rightarrow\) \( du = 5x^4 \, dx \)
- \( dv = \cos(229x) \, dx \) \(\Rightarrow\) \( v = \frac{1}{229} \sin(229x) \)

Now, apply integration by parts:

\[
\int x^5 \cos(229x) \, dx = x^5 \cdot \frac{1}{229} \sin(229x) - \int \frac{1}{229} \sin(229x) \cdot 5x^4 \, dx
\]

Simplify:

\[
= \frac{x^5}{229} \sin(229x) - \frac{5}{229} \int x^4 \sin(229x) \, dx
\]

Now, apply integration by parts to \(\int x^4 \sin(229x) \, dx\):

Choose:

- \( u = x^4 \) \(\Rightarrow\) \( du = 4x^3 \, dx \)
- \( dv = \sin(229x) \, dx \) \(\Rightarrow\) \( v = -\frac{1}{229} \cos(229x) \)

Apply integration by parts:

\[
\int x^4 \sin(229x) \, dx = -\frac{x^4}{229} \cos(229x) - \int -\frac{1}{229} \cos(229x) \cdot 4x^3 \, dx
\]

Simplify:

\[
= -\frac{x^4}{229} \cos(229x) + \frac{4}{229} \int x^3 \cos(229x) \, dx
\]

Substitute back:

\[
\int x^5 \cos(229x) \, dx = \frac{x^5}{229} \sin(229x) - \frac{5}{229} \left( -\frac{x^4}{229} \cos(229x) + \frac{4}{229} \int x^3 \cos(229x) \, dx \right)
\]

Simplify:

\[
= \frac{x^5}{229} \sin(229x) + \frac{5x^4}{229^2} \cos(229x) - \frac{20}{229^2} \int x^3 \cos(229x) \, dx
\]

Repeat the process for \(\int x^3 \cos(229x) \, dx\):

Choose:

- \( u = x^3 \) \(\Rightarrow\) \( du = 3x^2 \, dx \)
- \( dv = \cos(229x) \, dx \) \(\Rightarrow\) \( v = \frac{1}{229} \sin(229x) \)

Apply integration by parts:

\[
\int x^3 \cos(229x) \, dx = \frac{x^3}{229} \sin(229x) - \int \frac{1}{229} \sin(229x) \cdot 3x^2 \, dx
\]

Simplify:

\[
= \frac{x^3}{229} \sin(229x) - \frac{3}{229} \int x^2 \sin(229x) \, dx
\]

Substitute back:

\[
\int x^5 \cos(229x) \, dx = \frac{x^5}{229} \sin(229x) + \frac{5x^4}{229^2} \cos(229x) - \frac{20}{229^2} \left( \frac{x^3}{229} \sin(229x) - \frac{3}{229} \int x^2 \sin(229x) \, dx \right)
\]

Simplify:

\[
= \frac{x^5}{229} \sin(229x) + \frac{5x^4}{229^2} \cos(229x) - \frac{20x^3}{229^3} \sin(229x) + \frac{60}{229^3} \int x^2 \sin(229x) \, dx
\]

Repeat the process for \(\int x^2 \sin(229x) \, dx\):

Choose:

- \( u = x^2 \) \(\Rightarrow\) \( du = 2x \, dx \)
- \( dv = \sin(229x) \, dx \) \(\Rightarrow\) \( v = -\frac{1}{229} \cos(229x) \)

Apply integration by parts:

\[
\int x^2 \sin(229x) \, dx = -\frac{x^2}{229} \cos(229x) - \int -\frac{1}{229} \cos(229x) \cdot 2x \, dx
\]

Simplify:

\[
= -\frac{x^2}{229} \cos(229x) + \frac{2}{229} \int x \cos(229x) \, dx
\]

Substitute back:

\[
\int x^5 \cos(229x) \, dx = \frac{x^5}{229} \sin(229x) + \frac{5x^4}{229^2} \cos(229x) - \frac{20x^3}{229^3} \sin(229x) + \frac{60}{229^3} \left( -\frac{x^2}{229} \cos(229x) + \frac{2}{229} \int x \cos(229x) \, dx \right)
\]

Simplify:

\[
= \frac{x^5}{229} \sin(229x) + \frac{5x^4}{229^2} \cos(229x) - \frac{20x^3}{229^3} \sin(229x) - \frac{60x^2}{229^4} \cos(229x) + \frac{120}{229^4} \int x \cos(229x) \, dx
\]

Repeat the process for \(\int x \cos(229x) \, dx\):

Choose:

- \( u = x \) \(\Rightarrow\) \( du = dx \)
- \( dv = \cos(229x) \, dx \) \(\Rightarrow\) \( v = \frac{1}{229} \sin(229x) \)

Apply integration by parts:

\[
\int x \cos(229x) \, dx = \frac{x}{229} \sin(229x) - \int \frac{1}{229} \sin(229x) \, dx
\]

Simplify:

\[
= \frac{x}{229} \sin(229x) + \frac{1}{229^2} \cos(229x)
\]

Substitute back:

\[
\int x^5 \cos(229x) \, dx = \frac{x^5}{229} \sin(229x) + \frac{5x^4}{229^2} \cos(229x) - \frac{20x^3}{229^3} \sin(229x) - \frac{60x^2}{229^4} \cos(229x) + \frac{120}{229^4} \left( \frac{x}{229} \sin(229x) + \frac{1}{229^2} \cos(229x) \right)
\]

Simplify:

\[
= \frac{x^5}{229} \sin(229x) + \frac{5x^4}{229^2} \cos(229x) - \frac{20x^3}{229^3} \sin(229x) - \frac{60x^2}{229^4} \cos(229x) + \frac{120x}{229^5} \sin(229x) + \frac{120}{229^6} \cos(229x)
\]

Thus, the final antiderivative is:

\[
\boxed{\frac{x^5}{229} \sin(229x) + \frac{5x^4}{229^2} \cos(229x) - \frac{20x^3}{229^3} \sin(229x) - \frac{60x^2}{229^4} \cos(229x) + \frac{120x}{229^5} \sin(229x) + \frac{120}{229^6} \cos(229x) + C}
\]

where \( C \) is the constant of integration.","To evaluate the integral \(\int x^5 \cos(229x) \, dx\), we will use the method of integration by parts. The formula for integration by parts is:

\[
\int u \, dv = uv - \int v \, du
\]

We will apply this formula repeatedly. Let's start by choosing:

- \( u = x^5 \) \(\Rightarrow\) \( du = 5x^4 \, dx \)
- \( dv = \cos(229x) \, dx \) \(\Rightarrow\) \( v = \frac{1}{229} \sin(229x) \)

Now, apply integration by parts:

\[
\int x^5 \cos(229x) \, dx = x^5 \cdot \frac{1}{229} \sin(229x) - \int \frac{1}{229} \sin(229x) \cdot 5x^4 \, dx
\]

Simplify:

\[
= \frac{x^5}{229} \sin(229x) - \frac{5}{229} \int x^4 \sin(229x) \, dx
\]

Now, apply integration by parts to \(\int x^4 \sin(229x) \, dx\):

Choose:

- \( u = x^4 \) \(\Rightarrow\) \( du = 4x^3 \, dx \)
- \( dv = \sin(229x) \, dx \) \(\Rightarrow\) \( v = -\frac{1}{229} \cos(229x) \)

Apply integration by parts:

\[
\int x^4 \sin(229x) \, dx = -\frac{x^4}{229} \cos(229x) - \int -\frac{1}{229} \cos(229x) \cdot 4x^3 \, dx
\]

Simplify:

\[
= -\frac{x^4}{229} \cos(229x) + \frac{4}{229} \int x^3 \cos(229x) \, dx
\]

Substitute back:

\[
\int x^5 \cos(229x) \, dx = \frac{x^5}{229} \sin(229x) - \frac{5}{229} \left( -\frac{x^4}{229} \cos(229x) + \frac{4}{229} \int x^3 \cos(229x) \, dx \right)
\]

Simplify:

\[
= \frac{x^5}{229} \sin(229x) + \frac{5x^4}{229^2} \cos(229x) - \frac{20}{229^2} \int x^3 \cos(229x) \, dx
\]

Repeat the process for \(\int x^3 \cos(229x) \, dx\):

Choose:

- \( u = x^3 \) \(\Rightarrow\) \( du = 3x^2 \, dx \)
- \( dv = \cos(229x) \, dx \) \(\Rightarrow\) \( v = \frac{1}{229} \sin(229x) \)

Apply integration by parts:

\[
\int x^3 \cos(229x) \, dx = \frac{x^3}{229} \sin(229x) - \int \frac{1}{229} \sin(229x) \cdot 3x^2 \, dx
\]

Simplify:

\[
= \frac{x^3}{229} \sin(229x) - \frac{3}{229} \int x^2 \sin(229x) \, dx
\]

Substitute back:

\[
\int x^5 \cos(229x) \, dx = \frac{x^5}{229} \sin(229x) + \frac{5x^4}{229^2} \cos(229x) - \frac{20}{229^2} \left( \frac{x^3}{229} \sin(229x) - \frac{3}{229} \int x^2 \sin(229x) \, dx \right)
\]

Simplify:

\[
= \frac{x^5}{229} \sin(229x) + \frac{5x^4}{229^2} \cos(229x) - \frac{20x^3}{229^3} \sin(229x) + \frac{60}{229^3} \int x^2 \sin(229x) \, dx
\]

Repeat the process for \(\int x^2 \sin(229x) \, dx\):

Choose:

- \( u = x^2 \) \(\Rightarrow\) \( du = 2x \, dx \)
- \( dv = \sin(229x) \, dx \) \(\Rightarrow\) \( v = -\frac{1}{229} \cos(229x) \)

Apply integration by parts:

\[
\int x^2 \sin(229x) \, dx = -\frac{x^2}{229} \cos(229x) - \int -\frac{1}{229} \cos(229x) \cdot 2x \, dx
\]

Simplify:

\[
= -\frac{x^2}{229} \cos(229x) + \frac{2}{229} \int x \cos(229x) \, dx
\]

Substitute back:

\[
\int x^5 \cos(229x) \, dx = \frac{x^5}{229} \sin(229x) + \frac{5x^4}{229^2} \cos(229x) - \frac{20x^3}{229^3} \sin(229x) + \frac{60}{229^3} \left( -\frac{x^2}{229} \cos(229x) + \frac{2}{229} \int x \cos(229x) \, dx \right)
\]

Simplify:

\[
= \frac{x^5}{229} \sin(229x) + \frac{5x^4}{229^2} \cos(229x) - \frac{20x^3}{229^3} \sin(229x) - \frac{60x^2}{229^4} \cos(229x) + \frac{120}{229^4} \int x \cos(229x) \, dx
\]

Repeat the process for \(\int x \cos(229x) \, dx\):

Choose:

- \( u = x \) \(\Rightarrow\) \( du = dx \)
- \( dv = \cos(229x) \, dx \) \(\Rightarrow\) \( v = \frac{1}{229} \sin(229x) \)

Apply integration by parts:

\[
\int x \cos(229x) \, dx = \frac{x}{229} \sin(229x) - \int \frac{1}{229} \sin(229x) \, dx
\]

Simplify:

\[
= \frac{x}{229} \sin(229x) + \frac{1}{229^2} \cos(229x)
\]

Substitute back:

\[
\int x^5 \cos(229x) \, dx = \frac{x^5}{229} \sin(229x) + \frac{5x^4}{229^2} \cos(229x) - \frac{20x^3}{229^3} \sin(229x) - \frac{60x^2}{229^4} \cos(229x) + \frac{120}{229^4} \left( \frac{x}{229} \sin(229x) + \frac{1}{229^2} \cos(229x) \right)
\]

Simplify:

\[
= \frac{x^5}{229} \sin(229x) + \frac{5x^4}{229^2} \cos(229x) - \frac{20x^3}{229^3} \sin(229x) - \frac{60x^2}{229^4} \cos(229x) + \frac{120x}{229^5} \sin(229x) + \frac{120}{229^6} \cos(229x)
\]

Thus, the final antiderivative is:

\[
\boxed{\frac{x^5}{229} \sin(229x) + \frac{5x^4}{229^2} \cos(229x) - \frac{20x^3}{229^3} \sin(229x) - \frac{60x^2}{229^4} \cos(229x) + \frac{120x}{229^5} \sin(229x) + \frac{120}{229^6} \cos(229x) + C}
\]

where \( C \) is the constant of integration.",\frac{1}{229} \sin(229x) [-] \int \frac{1}{229} \sin(,492,agent_c1_leftright,high,First between-terms sign of the instantiated IBP application (minus between the uv term and the integral term); abstract formula lines and u/v setup signs skipped.,PASS
ibp_ptc_n1_b5,Phi-4,integration_by_parts,,,,correct,\frac{x \sin{\left(5 x \right)}}{5} + \frac{\cos{\left(5 x \right)}}{25},-,+,1406,"<|im_start|>system<|im_sep|>You are a precise mathematical assistant. Show all computation steps clearly. Always put your final simplified antiderivative inside \boxed{}.<|im_end|><|im_start|>user<|im_sep|>Evaluate the following integral step by step.

∫ x^1 · cos(5x) dx

This is a polynomial-trigonometric integral. Work step by step using integration by parts.

Show all steps clearly and put your final simplified antiderivative inside \boxed{}.<|im_end|><|im_start|>assistant<|im_sep|>To evaluate the integral \(\int x \cdot \cos(5x) \, dx\), we will use integration by parts. The formula for integration by parts is:

\[
\int u \, dv = uv - \int v \, du
\]

We need to choose \(u\) and \(dv\) from the integrand \(x \cdot \cos(5x)\).

Let's choose:
- \(u = x\) \(\Rightarrow\) \(du = dx\)
- \(dv = \cos(5x) \, dx\) \(\Rightarrow\) \(v = \int \cos(5x) \, dx\)

To find \(v\), we integrate \(\cos(5x)\):

\[
v = \int \cos(5x) \, dx
\]

Using the substitution method, let \(w = 5x\), then \(dw = 5 \, dx\) or \(dx = \frac{1}{5} \, dw\).

\[
v = \int \cos(w) \cdot \frac{1}{5} \, dw = \frac{1}{5} \int \cos(w) \, dw
\]

The integral of \(\cos(w)\) is \(\sin(w)\), so:

\[
v = \frac{1}{5} \sin(w) = \frac{1}{5} \sin(5x)
\]

Now, apply the integration by parts formula:

\[
\int x \cdot \cos(5x) \, dx = uv - \int v \, du
\]

Substitute \(u\), \(v\), \(du\), and \(dv\):

\[
= x \cdot \frac{1}{5} \sin(5x) - \int \frac{1}{5} \sin(5x) \, dx
\]

\[
= \frac{x}{5} \sin(5x) - \frac{1}{5} \int \sin(5x) \, dx
\]

Now, evaluate \(\int \sin(5x) \, dx\):

Using substitution again, let \(w = 5x\), then \(dw = 5 \, dx\) or \(dx = \frac{1}{5} \, dw\).

\[
\int \sin(5x) \, dx = \int \sin(w) \cdot \frac{1}{5} \, dw = \frac{1}{5} \int \sin(w) \, dw
\]

The integral of \(\sin(w)\) is \(-\cos(w)\), so:

\[
= \frac{1}{5} (-\cos(w)) = -\frac{1}{5} \cos(5x)
\]

Substitute back into the integration by parts expression:

\[
= \frac{x}{5} \sin(5x) - \frac{1}{5} \left(-\frac{1}{5} \cos(5x)\right)
\]

\[
= \frac{x}{5} \sin(5x) + \frac{1}{25} \cos(5x)
\]

Thus, the final antiderivative is:

\[
\boxed{\frac{x}{5} \sin(5x) + \frac{1}{25} \cos(5x) + C}
\]

where \(C\) is the constant of integration.","To evaluate the integral \(\int x \cdot \cos(5x) \, dx\), we will use integration by parts. The formula for integration by parts is:

\[
\int u \, dv = uv - \int v \, du
\]

We need to choose \(u\) and \(dv\) from the integrand \(x \cdot \cos(5x)\).

Let's choose:
- \(u = x\) \(\Rightarrow\) \(du = dx\)
- \(dv = \cos(5x) \, dx\) \(\Rightarrow\) \(v = \int \cos(5x) \, dx\)

To find \(v\), we integrate \(\cos(5x)\):

\[
v = \int \cos(5x) \, dx
\]

Using the substitution method, let \(w = 5x\), then \(dw = 5 \, dx\) or \(dx = \frac{1}{5} \, dw\).

\[
v = \int \cos(w) \cdot \frac{1}{5} \, dw = \frac{1}{5} \int \cos(w) \, dw
\]

The integral of \(\cos(w)\) is \(\sin(w)\), so:

\[
v = \frac{1}{5} \sin(w) = \frac{1}{5} \sin(5x)
\]

Now, apply the integration by parts formula:

\[
\int x \cdot \cos(5x) \, dx = uv - \int v \, du
\]

Substitute \(u\), \(v\), \(du\), and \(dv\):

\[
= x \cdot \frac{1}{5} \sin(5x) - \int \frac{1}{5} \sin(5x) \, dx
\]

\[
= \frac{x}{5} \sin(5x) - \frac{1}{5} \int \sin(5x) \, dx
\]

Now, evaluate \(\int \sin(5x) \, dx\):

Using substitution again, let \(w = 5x\), then \(dw = 5 \, dx\) or \(dx = \frac{1}{5} \, dw\).

\[
\int \sin(5x) \, dx = \int \sin(w) \cdot \frac{1}{5} \, dw = \frac{1}{5} \int \sin(w) \, dw
\]

The integral of \(\sin(w)\) is \(-\cos(w)\), so:

\[
= \frac{1}{5} (-\cos(w)) = -\frac{1}{5} \cos(5x)
\]

Substitute back into the integration by parts expression:

\[
= \frac{x}{5} \sin(5x) - \frac{1}{5} \left(-\frac{1}{5} \cos(5x)\right)
\]

\[
= \frac{x}{5} \sin(5x) + \frac{1}{25} \cos(5x)
\]

Thus, the final antiderivative is:

\[
\boxed{\frac{x}{5} \sin(5x) + \frac{1}{25} \cos(5x) + C}
\]

where \(C\) is the constant of integration.",dot \frac{1}{5} \sin(5x) [-] \int \frac{1}{5} \sin(5x,490,agent_c1_leftright,high,First between-terms sign of the instantiated IBP application (minus between the uv term and the integral term); abstract formula lines and u/v setup signs skipped.,PASS
ibp_ptc_n5_b227,Phi-4,integration_by_parts,,,,correct,\frac{x^{5} \sin{\left(227 x \right)}}{227} + \frac{5 x^{4} \cos{\left(227 x \right)}}{51529} - \frac{20 x^{3} \sin{\left(227 x \right)}}{11697083} - \frac{60 x^{2} \cos{\left(227 x \right)}}{2655237841} + \frac{120 x \sin{\left(227 x \right)}}{602738989907} + \frac{120 \cos{\left(227 x \right)}}{136821750708889},-,+,979,"<|im_start|>system<|im_sep|>You are a precise mathematical assistant. Show all computation steps clearly. Always put your final simplified antiderivative inside \boxed{}.<|im_end|><|im_start|>user<|im_sep|>Evaluate the following integral step by step.

∫ x^5 · cos(227x) dx

This is a polynomial-trigonometric integral. Work step by step using integration by parts.

Show all steps clearly and put your final simplified antiderivative inside \boxed{}.<|im_end|><|im_start|>assistant<|im_sep|>To evaluate the integral \(\int x^5 \cos(227x) \, dx\), we will use the method of integration by parts. The formula for integration by parts is:

\[
\int u \, dv = uv - \int v \, du
\]

We will apply this formula repeatedly. Let's start by choosing:

- \( u = x^5 \) \(\Rightarrow\) \( du = 5x^4 \, dx \)
- \( dv = \cos(227x) \, dx \) \(\Rightarrow\) \( v = \frac{1}{227} \sin(227x) \)

Now, apply integration by parts:

\[
\int x^5 \cos(227x) \, dx = x^5 \cdot \frac{1}{227} \sin(227x) - \int \frac{1}{227} \sin(227x) \cdot 5x^4 \, dx
\]

Simplify:

\[
= \frac{x^5}{227} \sin(227x) - \frac{5}{227} \int x^4 \sin(227x) \, dx
\]

Now, apply integration by parts to \(\int x^4 \sin(227x) \, dx\):

Choose:

- \( u = x^4 \) \(\Rightarrow\) \( du = 4x^3 \, dx \)
- \( dv = \sin(227x) \, dx \) \(\Rightarrow\) \( v = -\frac{1}{227} \cos(227x) \)

Apply integration by parts:

\[
\int x^4 \sin(227x) \, dx = -\frac{x^4}{227} \cos(227x) - \int -\frac{1}{227} \cos(227x) \cdot 4x^3 \, dx
\]

Simplify:

\[
= -\frac{x^4}{227} \cos(227x) + \frac{4}{227} \int x^3 \cos(227x) \, dx
\]

Substitute back:

\[
\int x^5 \cos(227x) \, dx = \frac{x^5}{227} \sin(227x) - \frac{5}{227} \left( -\frac{x^4}{227} \cos(227x) + \frac{4}{227} \int x^3 \cos(227x) \, dx \right)
\]

Simplify:

\[
= \frac{x^5}{227} \sin(227x) + \frac{5x^4}{227^2} \cos(227x) - \frac{20}{227^2} \int x^3 \cos(227x) \, dx
\]

Repeat the process for \(\int x^3 \cos(227x) \, dx\):

Choose:

- \( u = x^3 \) \(\Rightarrow\) \( du = 3x^2 \, dx \)
- \( dv = \cos(227x) \, dx \) \(\Rightarrow\) \( v = \frac{1}{227} \sin(227x) \)

Apply integration by parts:

\[
\int x^3 \cos(227x) \, dx = \frac{x^3}{227} \sin(227x) - \int \frac{1}{227} \sin(227x) \cdot 3x^2 \, dx
\]

Simplify:

\[
= \frac{x^3}{227} \sin(227x) - \frac{3}{227} \int x^2 \sin(227x) \, dx
\]

Substitute back:

\[
\int x^5 \cos(227x) \, dx = \frac{x^5}{227} \sin(227x) + \frac{5x^4}{227^2} \cos(227x) - \frac{20}{227^2} \left( \frac{x^3}{227} \sin(227x) - \frac{3}{227} \int x^2 \sin(227x) \, dx \right)
\]

Simplify:

\[
= \frac{x^5}{227} \sin(227x) + \frac{5x^4}{227^2} \cos(227x) - \frac{20x^3}{227^3} \sin(227x) + \frac{60}{227^3} \int x^2 \sin(227x) \, dx
\]

Repeat for \(\int x^2 \sin(227x) \, dx\):

Choose:

- \( u = x^2 \) \(\Rightarrow\) \( du = 2x \, dx \)
- \( dv = \sin(227x) \, dx \) \(\Rightarrow\) \( v = -\frac{1}{227} \cos(227x) \)

Apply integration by parts:

\[
\int x^2 \sin(227x) \, dx = -\frac{x^2}{227} \cos(227x) - \int -\frac{1}{227} \cos(227x) \cdot 2x \, dx
\]

Simplify:

\[
= -\frac{x^2}{227} \cos(227x) + \frac{2}{227} \int x \cos(227x) \, dx
\]

Substitute back:

\[
\int x^5 \cos(227x) \, dx = \frac{x^5}{227} \sin(227x) + \frac{5x^4}{227^2} \cos(227x) - \frac{20x^3}{227^3} \sin(227x) + \frac{60}{227^3} \left( -\frac{x^2}{227} \cos(227x) + \frac{2}{227} \int x \cos(227x) \, dx \right)
\]

Simplify:

\[
= \frac{x^5}{227} \sin(227x) + \frac{5x^4}{227^2} \cos(227x) - \frac{20x^3}{227^3} \sin(227x) - \frac{60x^2}{227^4} \cos(227x) + \frac{120}{227^4} \int x \cos(227x) \, dx
\]

Repeat for \(\int x \cos(227x) \, dx\):

Choose:

- \( u = x \) \(\Rightarrow\) \( du = dx \)
- \( dv = \cos(227x) \, dx \) \(\Rightarrow\) \( v = \frac{1}{227} \sin(227x) \)

Apply integration by parts:

\[
\int x \cos(227x) \, dx = \frac{x}{227} \sin(227x) - \int \frac{1}{227} \sin(227x) \, dx
\]

Simplify:

\[
= \frac{x}{227} \sin(227x) + \frac{1}{227^2} \cos(227x)
\]

Substitute back:

\[
\int x^5 \cos(227x) \, dx = \frac{x^5}{227} \sin(227x) + \frac{5x^4}{227^2} \cos(227x) - \frac{20x^3}{227^3} \sin(227x) - \frac{60x^2}{227^4} \cos(227x) + \frac{120}{227^4} \left( \frac{x}{227} \sin(227x) + \frac{1}{227^2} \cos(227x) \right)
\]

Simplify:

\[
= \frac{x^5}{227} \sin(227x) + \frac{5x^4}{227^2} \cos(227x) - \frac{20x^3}{227^3} \sin(227x) - \frac{60x^2}{227^4} \cos(227x) + \frac{120x}{227^5} \sin(227x) + \frac{120}{227^6} \cos(227x)
\]

Thus, the final antiderivative is:

\[
\boxed{\frac{x^5}{227} \sin(227x) + \frac{5x^4}{227^2} \cos(227x) - \frac{20x^3}{227^3} \sin(227x) - \frac{60x^2}{227^4} \cos(227x) + \frac{120x}{227^5} \sin(227x) + \frac{120}{227^6} \cos(227x) + C}
\]

where \( C \) is the constant of integration.","To evaluate the integral \(\int x^5 \cos(227x) \, dx\), we will use the method of integration by parts. The formula for integration by parts is:

\[
\int u \, dv = uv - \int v \, du
\]

We will apply this formula repeatedly. Let's start by choosing:

- \( u = x^5 \) \(\Rightarrow\) \( du = 5x^4 \, dx \)
- \( dv = \cos(227x) \, dx \) \(\Rightarrow\) \( v = \frac{1}{227} \sin(227x) \)

Now, apply integration by parts:

\[
\int x^5 \cos(227x) \, dx = x^5 \cdot \frac{1}{227} \sin(227x) - \int \frac{1}{227} \sin(227x) \cdot 5x^4 \, dx
\]

Simplify:

\[
= \frac{x^5}{227} \sin(227x) - \frac{5}{227} \int x^4 \sin(227x) \, dx
\]

Now, apply integration by parts to \(\int x^4 \sin(227x) \, dx\):

Choose:

- \( u = x^4 \) \(\Rightarrow\) \( du = 4x^3 \, dx \)
- \( dv = \sin(227x) \, dx \) \(\Rightarrow\) \( v = -\frac{1}{227} \cos(227x) \)

Apply integration by parts:

\[
\int x^4 \sin(227x) \, dx = -\frac{x^4}{227} \cos(227x) - \int -\frac{1}{227} \cos(227x) \cdot 4x^3 \, dx
\]

Simplify:

\[
= -\frac{x^4}{227} \cos(227x) + \frac{4}{227} \int x^3 \cos(227x) \, dx
\]

Substitute back:

\[
\int x^5 \cos(227x) \, dx = \frac{x^5}{227} \sin(227x) - \frac{5}{227} \left( -\frac{x^4}{227} \cos(227x) + \frac{4}{227} \int x^3 \cos(227x) \, dx \right)
\]

Simplify:

\[
= \frac{x^5}{227} \sin(227x) + \frac{5x^4}{227^2} \cos(227x) - \frac{20}{227^2} \int x^3 \cos(227x) \, dx
\]

Repeat the process for \(\int x^3 \cos(227x) \, dx\):

Choose:

- \( u = x^3 \) \(\Rightarrow\) \( du = 3x^2 \, dx \)
- \( dv = \cos(227x) \, dx \) \(\Rightarrow\) \( v = \frac{1}{227} \sin(227x) \)

Apply integration by parts:

\[
\int x^3 \cos(227x) \, dx = \frac{x^3}{227} \sin(227x) - \int \frac{1}{227} \sin(227x) \cdot 3x^2 \, dx
\]

Simplify:

\[
= \frac{x^3}{227} \sin(227x) - \frac{3}{227} \int x^2 \sin(227x) \, dx
\]

Substitute back:

\[
\int x^5 \cos(227x) \, dx = \frac{x^5}{227} \sin(227x) + \frac{5x^4}{227^2} \cos(227x) - \frac{20}{227^2} \left( \frac{x^3}{227} \sin(227x) - \frac{3}{227} \int x^2 \sin(227x) \, dx \right)
\]

Simplify:

\[
= \frac{x^5}{227} \sin(227x) + \frac{5x^4}{227^2} \cos(227x) - \frac{20x^3}{227^3} \sin(227x) + \frac{60}{227^3} \int x^2 \sin(227x) \, dx
\]

Repeat for \(\int x^2 \sin(227x) \, dx\):

Choose:

- \( u = x^2 \) \(\Rightarrow\) \( du = 2x \, dx \)
- \( dv = \sin(227x) \, dx \) \(\Rightarrow\) \( v = -\frac{1}{227} \cos(227x) \)

Apply integration by parts:

\[
\int x^2 \sin(227x) \, dx = -\frac{x^2}{227} \cos(227x) - \int -\frac{1}{227} \cos(227x) \cdot 2x \, dx
\]

Simplify:

\[
= -\frac{x^2}{227} \cos(227x) + \frac{2}{227} \int x \cos(227x) \, dx
\]

Substitute back:

\[
\int x^5 \cos(227x) \, dx = \frac{x^5}{227} \sin(227x) + \frac{5x^4}{227^2} \cos(227x) - \frac{20x^3}{227^3} \sin(227x) + \frac{60}{227^3} \left( -\frac{x^2}{227} \cos(227x) + \frac{2}{227} \int x \cos(227x) \, dx \right)
\]

Simplify:

\[
= \frac{x^5}{227} \sin(227x) + \frac{5x^4}{227^2} \cos(227x) - \frac{20x^3}{227^3} \sin(227x) - \frac{60x^2}{227^4} \cos(227x) + \frac{120}{227^4} \int x \cos(227x) \, dx
\]

Repeat for \(\int x \cos(227x) \, dx\):

Choose:

- \( u = x \) \(\Rightarrow\) \( du = dx \)
- \( dv = \cos(227x) \, dx \) \(\Rightarrow\) \( v = \frac{1}{227} \sin(227x) \)

Apply integration by parts:

\[
\int x \cos(227x) \, dx = \frac{x}{227} \sin(227x) - \int \frac{1}{227} \sin(227x) \, dx
\]

Simplify:

\[
= \frac{x}{227} \sin(227x) + \frac{1}{227^2} \cos(227x)
\]

Substitute back:

\[
\int x^5 \cos(227x) \, dx = \frac{x^5}{227} \sin(227x) + \frac{5x^4}{227^2} \cos(227x) - \frac{20x^3}{227^3} \sin(227x) - \frac{60x^2}{227^4} \cos(227x) + \frac{120}{227^4} \left( \frac{x}{227} \sin(227x) + \frac{1}{227^2} \cos(227x) \right)
\]

Simplify:

\[
= \frac{x^5}{227} \sin(227x) + \frac{5x^4}{227^2} \cos(227x) - \frac{20x^3}{227^3} \sin(227x) - \frac{60x^2}{227^4} \cos(227x) + \frac{120x}{227^5} \sin(227x) + \frac{120}{227^6} \cos(227x)
\]

Thus, the final antiderivative is:

\[
\boxed{\frac{x^5}{227} \sin(227x) + \frac{5x^4}{227^2} \cos(227x) - \frac{20x^3}{227^3} \sin(227x) - \frac{60x^2}{227^4} \cos(227x) + \frac{120x}{227^5} \sin(227x) + \frac{120}{227^6} \cos(227x) + C}
\]

where \( C \) is the constant of integration.",\frac{1}{227} \sin(227x) [-] \int \frac{1}{227} \sin(,492,agent_c1_leftright,high,First between-terms sign of the instantiated IBP application (minus between the uv term and the integral term); abstract formula lines and u/v setup signs skipped.,PASS
ibp_pts_n1_b2,Phi-4,integration_by_parts,,,,correct,- \frac{x \cos{\left(2 x \right)}}{2} + \frac{\sin{\left(2 x \right)}}{4},-,+,1492,"<|im_start|>system<|im_sep|>You are a precise mathematical assistant. Show all computation steps clearly. Always put your final simplified antiderivative inside \boxed{}.<|im_end|><|im_start|>user<|im_sep|>Evaluate the following integral step by step.

∫ x^1 · sin(2x) dx

This is a polynomial-trigonometric integral. Work step by step using integration by parts.

Show all steps clearly and put your final simplified antiderivative inside \boxed{}.<|im_end|><|im_start|>assistant<|im_sep|>To evaluate the integral \(\int x \cdot \sin(2x) \, dx\), we will use integration by parts. The formula for integration by parts is:

\[
\int u \, dv = uv - \int v \, du
\]

We need to choose \(u\) and \(dv\) from the integrand \(x \cdot \sin(2x)\).

Let's choose:
- \(u = x\) \(\Rightarrow\) \(du = dx\)
- \(dv = \sin(2x) \, dx\)

Now, we need to find \(v\) by integrating \(dv\):

\[
v = \int \sin(2x) \, dx
\]

To integrate \(\sin(2x)\), we use a substitution. Let \(w = 2x\), then \(dw = 2 \, dx\) or \(dx = \frac{1}{2} \, dw\).

Substitute into the integral:

\[
v = \int \sin(w) \cdot \frac{1}{2} \, dw = \frac{1}{2} \int \sin(w) \, dw
\]

The integral of \(\sin(w)\) is \(-\cos(w)\), so:

\[
v = \frac{1}{2} \cdot (-\cos(w)) = -\frac{1}{2} \cos(w)
\]

Substitute back \(w = 2x\):

\[
v = -\frac{1}{2} \cos(2x)
\]

Now, apply the integration by parts formula:

\[
\int x \cdot \sin(2x) \, dx = uv - \int v \, du
\]

Substitute \(u\), \(v\), and \(du\):

\[
= x \left(-\frac{1}{2} \cos(2x)\right) - \int \left(-\frac{1}{2} \cos(2x)\right) \, dx
\]

Simplify:

\[
= -\frac{1}{2} x \cos(2x) + \frac{1}{2} \int \cos(2x) \, dx
\]

Now, integrate \(\cos(2x)\):

\[
\int \cos(2x) \, dx
\]

Again, use substitution. Let \(w = 2x\), then \(dw = 2 \, dx\) or \(dx = \frac{1}{2} \, dw\).

\[
= \int \cos(w) \cdot \frac{1}{2} \, dw = \frac{1}{2} \int \cos(w) \, dw
\]

The integral of \(\cos(w)\) is \(\sin(w)\), so:

\[
= \frac{1}{2} \sin(w)
\]

Substitute back \(w = 2x\):

\[
= \frac{1}{2} \sin(2x)
\]

Substitute this back into the expression:

\[
= -\frac{1}{2} x \cos(2x) + \frac{1}{2} \left(\frac{1}{2} \sin(2x)\right)
\]

Simplify:

\[
= -\frac{1}{2} x \cos(2x) + \frac{1}{4} \sin(2x)
\]

Thus, the final antiderivative is:

\[
\boxed{-\frac{1}{2} x \cos(2x) + \frac{1}{4} \sin(2x) + C}
\]

where \(C\) is the constant of integration.","To evaluate the integral \(\int x \cdot \sin(2x) \, dx\), we will use integration by parts. The formula for integration by parts is:

\[
\int u \, dv = uv - \int v \, du
\]

We need to choose \(u\) and \(dv\) from the integrand \(x \cdot \sin(2x)\).

Let's choose:
- \(u = x\) \(\Rightarrow\) \(du = dx\)
- \(dv = \sin(2x) \, dx\)

Now, we need to find \(v\) by integrating \(dv\):

\[
v = \int \sin(2x) \, dx
\]

To integrate \(\sin(2x)\), we use a substitution. Let \(w = 2x\), then \(dw = 2 \, dx\) or \(dx = \frac{1}{2} \, dw\).

Substitute into the integral:

\[
v = \int \sin(w) \cdot \frac{1}{2} \, dw = \frac{1}{2} \int \sin(w) \, dw
\]

The integral of \(\sin(w)\) is \(-\cos(w)\), so:

\[
v = \frac{1}{2} \cdot (-\cos(w)) = -\frac{1}{2} \cos(w)
\]

Substitute back \(w = 2x\):

\[
v = -\frac{1}{2} \cos(2x)
\]

Now, apply the integration by parts formula:

\[
\int x \cdot \sin(2x) \, dx = uv - \int v \, du
\]

Substitute \(u\), \(v\), and \(du\):

\[
= x \left(-\frac{1}{2} \cos(2x)\right) - \int \left(-\frac{1}{2} \cos(2x)\right) \, dx
\]

Simplify:

\[
= -\frac{1}{2} x \cos(2x) + \frac{1}{2} \int \cos(2x) \, dx
\]

Now, integrate \(\cos(2x)\):

\[
\int \cos(2x) \, dx
\]

Again, use substitution. Let \(w = 2x\), then \(dw = 2 \, dx\) or \(dx = \frac{1}{2} \, dw\).

\[
= \int \cos(w) \cdot \frac{1}{2} \, dw = \frac{1}{2} \int \cos(w) \, dw
\]

The integral of \(\cos(w)\) is \(\sin(w)\), so:

\[
= \frac{1}{2} \sin(w)
\]

Substitute back \(w = 2x\):

\[
= \frac{1}{2} \sin(2x)
\]

Substitute this back into the expression:

\[
= -\frac{1}{2} x \cos(2x) + \frac{1}{2} \left(\frac{1}{2} \sin(2x)\right)
\]

Simplify:

\[
= -\frac{1}{2} x \cos(2x) + \frac{1}{4} \sin(2x)
\]

Thus, the final antiderivative is:

\[
\boxed{-\frac{1}{2} x \cos(2x) + \frac{1}{4} \sin(2x) + C}
\]

where \(C\) is the constant of integration.",ac{1}{2} \cos(2x)\right) [-] \int \left(-\frac{1}{2} ,490,agent_c1_leftright,high,First between-terms sign of the instantiated IBP application (minus between the uv term and the integral term); abstract formula lines and u/v setup signs skipped.,PASS
ibp_ptc_n7_b179,Phi-4,integration_by_parts,,,,correct,\frac{x^{7} \sin{\left(179 x \right)}}{179} + \frac{7 x^{6} \cos{\left(179 x \right)}}{32041} - \frac{42 x^{5} \sin{\left(179 x \right)}}{5735339} - \frac{210 x^{4} \cos{\left(179 x \right)}}{1026625681} + \frac{840 x^{3} \sin{\left(179 x \right)}}{183765996899} + \frac{2520 x^{2} \cos{\left(179 x \right)}}{32894113444921} - \frac{5040 x \sin{\left(179 x \right)}}{5888046306640859} - \frac{5040 \cos{\left(179 x \right)}}{1053960288888713761},-,+,965,"<|im_start|>system<|im_sep|>You are a precise mathematical assistant. Show all computation steps clearly. Always put your final simplified antiderivative inside \boxed{}.<|im_end|><|im_start|>user<|im_sep|>Evaluate the following integral step by step.

∫ x^7 · cos(179x) dx

This is a polynomial-trigonometric integral. Work step by step using integration by parts.

Show all steps clearly and put your final simplified antiderivative inside \boxed{}.<|im_end|><|im_start|>assistant<|im_sep|>To evaluate the integral \(\int x^7 \cos(179x) \, dx\), we will use integration by parts. The formula for integration by parts is:

\[
\int u \, dv = uv - \int v \, du
\]

We will apply this formula repeatedly. Let's start by choosing:

- \( u = x^7 \) \(\Rightarrow\) \( du = 7x^6 \, dx \)
- \( dv = \cos(179x) \, dx \) \(\Rightarrow\) \( v = \frac{1}{179} \sin(179x) \)

Now, apply integration by parts:

\[
\int x^7 \cos(179x) \, dx = x^7 \cdot \frac{1}{179} \sin(179x) - \int \frac{1}{179} \sin(179x) \cdot 7x^6 \, dx
\]

Simplify:

\[
= \frac{x^7}{179} \sin(179x) - \frac{7}{179} \int x^6 \sin(179x) \, dx
\]

Now, apply integration by parts to \(\int x^6 \sin(179x) \, dx\):

Choose:

- \( u = x^6 \) \(\Rightarrow\) \( du = 6x^5 \, dx \)
- \( dv = \sin(179x) \, dx \) \(\Rightarrow\) \( v = -\frac{1}{179} \cos(179x) \)

Apply integration by parts:

\[
\int x^6 \sin(179x) \, dx = -\frac{x^6}{179} \cos(179x) - \int -\frac{1}{179} \cos(179x) \cdot 6x^5 \, dx
\]

Simplify:

\[
= -\frac{x^6}{179} \cos(179x) + \frac{6}{179} \int x^5 \cos(179x) \, dx
\]

Substitute back:

\[
\int x^7 \cos(179x) \, dx = \frac{x^7}{179} \sin(179x) - \frac{7}{179} \left( -\frac{x^6}{179} \cos(179x) + \frac{6}{179} \int x^5 \cos(179x) \, dx \right)
\]

Simplify:

\[
= \frac{x^7}{179} \sin(179x) + \frac{7x^6}{179^2} \cos(179x) - \frac{42}{179^2} \int x^5 \cos(179x) \, dx
\]

Repeat this process for \(\int x^5 \cos(179x) \, dx\), \(\int x^4 \sin(179x) \, dx\), and so on, until reaching \(\int \cos(179x) \, dx\).

Continuing this process:

1. For \(\int x^5 \cos(179x) \, dx\), choose:
   - \( u = x^5 \), \( du = 5x^4 \, dx \)
   - \( dv = \cos(179x) \, dx \), \( v = \frac{1}{179} \sin(179x) \)

   \[
   \int x^5 \cos(179x) \, dx = \frac{x^5}{179} \sin(179x) - \frac{5}{179} \int x^4 \sin(179x) \, dx
   \]

2. For \(\int x^4 \sin(179x) \, dx\), choose:
   - \( u = x^4 \), \( du = 4x^3 \, dx \)
   - \( dv = \sin(179x) \, dx \), \( v = -\frac{1}{179} \cos(179x) \)

   \[
   \int x^4 \sin(179x) \, dx = -\frac{x^4}{179} \cos(179x) + \frac{4}{179} \int x^3 \cos(179x) \, dx
   \]

Continue this process until reaching \(\int \cos(179x) \, dx\):

\[
\int \cos(179x) \, dx = \frac{1}{179} \sin(179x)
\]

After applying integration by parts repeatedly, the pattern emerges, and the final expression is:

\[
\int x^7 \cos(179x) \, dx = \frac{x^7}{179} \sin(179x) + \frac{7x^6}{179^2} \cos(179x) - \frac{42x^5}{179^3} \sin(179x) - \frac{210x^4}{179^4} \cos(179x) + \frac{840x^3}{179^5} \sin(179x) + \frac{2520x^2}{179^6} \cos(179x) - \frac{5040x}{179^7} \sin(179x) - \frac{5040}{179^8} \cos(179x) + C
\]

Thus, the final simplified antiderivative is:

\[
\boxed{\frac{x^7}{179} \sin(179x) + \frac{7x^6}{179^2} \cos(179x) - \frac{42x^5}{179^3} \sin(179x) - \frac{210x^4}{179^4} \cos(179x) + \frac{840x^3}{179^5} \sin(179x) + \frac{2520x^2}{179^6} \cos(179x) - \frac{5040x}{179^7} \sin(179x) - \frac{5040}{179^8} \cos(179x) + C}
\]","To evaluate the integral \(\int x^7 \cos(179x) \, dx\), we will use integration by parts. The formula for integration by parts is:

\[
\int u \, dv = uv - \int v \, du
\]

We will apply this formula repeatedly. Let's start by choosing:

- \( u = x^7 \) \(\Rightarrow\) \( du = 7x^6 \, dx \)
- \( dv = \cos(179x) \, dx \) \(\Rightarrow\) \( v = \frac{1}{179} \sin(179x) \)

Now, apply integration by parts:

\[
\int x^7 \cos(179x) \, dx = x^7 \cdot \frac{1}{179} \sin(179x) - \int \frac{1}{179} \sin(179x) \cdot 7x^6 \, dx
\]

Simplify:

\[
= \frac{x^7}{179} \sin(179x) - \frac{7}{179} \int x^6 \sin(179x) \, dx
\]

Now, apply integration by parts to \(\int x^6 \sin(179x) \, dx\):

Choose:

- \( u = x^6 \) \(\Rightarrow\) \( du = 6x^5 \, dx \)
- \( dv = \sin(179x) \, dx \) \(\Rightarrow\) \( v = -\frac{1}{179} \cos(179x) \)

Apply integration by parts:

\[
\int x^6 \sin(179x) \, dx = -\frac{x^6}{179} \cos(179x) - \int -\frac{1}{179} \cos(179x) \cdot 6x^5 \, dx
\]

Simplify:

\[
= -\frac{x^6}{179} \cos(179x) + \frac{6}{179} \int x^5 \cos(179x) \, dx
\]

Substitute back:

\[
\int x^7 \cos(179x) \, dx = \frac{x^7}{179} \sin(179x) - \frac{7}{179} \left( -\frac{x^6}{179} \cos(179x) + \frac{6}{179} \int x^5 \cos(179x) \, dx \right)
\]

Simplify:

\[
= \frac{x^7}{179} \sin(179x) + \frac{7x^6}{179^2} \cos(179x) - \frac{42}{179^2} \int x^5 \cos(179x) \, dx
\]

Repeat this process for \(\int x^5 \cos(179x) \, dx\), \(\int x^4 \sin(179x) \, dx\), and so on, until reaching \(\int \cos(179x) \, dx\).

Continuing this process:

1. For \(\int x^5 \cos(179x) \, dx\), choose:
   - \( u = x^5 \), \( du = 5x^4 \, dx \)
   - \( dv = \cos(179x) \, dx \), \( v = \frac{1}{179} \sin(179x) \)

   \[
   \int x^5 \cos(179x) \, dx = \frac{x^5}{179} \sin(179x) - \frac{5}{179} \int x^4 \sin(179x) \, dx
   \]

2. For \(\int x^4 \sin(179x) \, dx\), choose:
   - \( u = x^4 \), \( du = 4x^3 \, dx \)
   - \( dv = \sin(179x) \, dx \), \( v = -\frac{1}{179} \cos(179x) \)

   \[
   \int x^4 \sin(179x) \, dx = -\frac{x^4}{179} \cos(179x) + \frac{4}{179} \int x^3 \cos(179x) \, dx
   \]

Continue this process until reaching \(\int \cos(179x) \, dx\):

\[
\int \cos(179x) \, dx = \frac{1}{179} \sin(179x)
\]

After applying integration by parts repeatedly, the pattern emerges, and the final expression is:

\[
\int x^7 \cos(179x) \, dx = \frac{x^7}{179} \sin(179x) + \frac{7x^6}{179^2} \cos(179x) - \frac{42x^5}{179^3} \sin(179x) - \frac{210x^4}{179^4} \cos(179x) + \frac{840x^3}{179^5} \sin(179x) + \frac{2520x^2}{179^6} \cos(179x) - \frac{5040x}{179^7} \sin(179x) - \frac{5040}{179^8} \cos(179x) + C
\]

Thus, the final simplified antiderivative is:

\[
\boxed{\frac{x^7}{179} \sin(179x) + \frac{7x^6}{179^2} \cos(179x) - \frac{42x^5}{179^3} \sin(179x) - \frac{210x^4}{179^4} \cos(179x) + \frac{840x^3}{179^5} \sin(179x) + \frac{2520x^2}{179^6} \cos(179x) - \frac{5040x}{179^7} \sin(179x) - \frac{5040}{179^8} \cos(179x) + C}
\]",\frac{1}{179} \sin(179x) [-] \int \frac{1}{179} \sin(,492,agent_c1_leftright,high,First between-terms sign of the instantiated IBP application (minus between the uv term and the integral term); abstract formula lines and u/v setup signs skipped.,PASS
ibp_pts_n7_b149,Phi-4,integration_by_parts,,,,correct,- \frac{x^{7} \cos{\left(149 x \right)}}{149} + \frac{7 x^{6} \sin{\left(149 x \right)}}{22201} + \frac{42 x^{5} \cos{\left(149 x \right)}}{3307949} - \frac{210 x^{4} \sin{\left(149 x \right)}}{492884401} - \frac{840 x^{3} \cos{\left(149 x \right)}}{73439775749} + \frac{2520 x^{2} \sin{\left(149 x \right)}}{10942526586601} + \frac{5040 x \cos{\left(149 x \right)}}{1630436461403549} - \frac{5040 \sin{\left(149 x \right)}}{242935032749128801},-,+,931,"<|im_start|>system<|im_sep|>You are a precise mathematical assistant. Show all computation steps clearly. Always put your final simplified antiderivative inside \boxed{}.<|im_end|><|im_start|>user<|im_sep|>Evaluate the following integral step by step.

∫ x^7 · sin(149x) dx

This is a polynomial-trigonometric integral. Work step by step using integration by parts.

Show all steps clearly and put your final simplified antiderivative inside \boxed{}.<|im_end|><|im_start|>assistant<|im_sep|>To evaluate the integral \(\int x^7 \sin(149x) \, dx\), we will use integration by parts. The formula for integration by parts is:

\[
\int u \, dv = uv - \int v \, du
\]

We will apply this formula repeatedly. Let's start by choosing:

- \( u = x^7 \) \(\Rightarrow\) \( du = 7x^6 \, dx \)
- \( dv = \sin(149x) \, dx \) \(\Rightarrow\) \( v = -\frac{1}{149} \cos(149x) \)

Now, apply integration by parts:

\[
\int x^7 \sin(149x) \, dx = -\frac{1}{149} x^7 \cos(149x) - \int \left(-\frac{1}{149} \cos(149x)\right) (7x^6) \, dx
\]

Simplify the expression:

\[
= -\frac{1}{149} x^7 \cos(149x) + \frac{7}{149} \int x^6 \cos(149x) \, dx
\]

Now, we need to evaluate \(\int x^6 \cos(149x) \, dx\) using integration by parts again. Choose:

- \( u = x^6 \) \(\Rightarrow\) \( du = 6x^5 \, dx \)
- \( dv = \cos(149x) \, dx \) \(\Rightarrow\) \( v = \frac{1}{149} \sin(149x) \)

Apply integration by parts:

\[
\int x^6 \cos(149x) \, dx = \frac{1}{149} x^6 \sin(149x) - \int \frac{1}{149} \sin(149x) (6x^5) \, dx
\]

Simplify:

\[
= \frac{1}{149} x^6 \sin(149x) - \frac{6}{149} \int x^5 \sin(149x) \, dx
\]

Substitute back into the original expression:

\[
\int x^7 \sin(149x) \, dx = -\frac{1}{149} x^7 \cos(149x) + \frac{7}{149} \left( \frac{1}{149} x^6 \sin(149x) - \frac{6}{149} \int x^5 \sin(149x) \, dx \right)
\]

Simplify:

\[
= -\frac{1}{149} x^7 \cos(149x) + \frac{7}{149^2} x^6 \sin(149x) - \frac{42}{149^2} \int x^5 \sin(149x) \, dx
\]

We continue this process, reducing the power of \(x\) by 1 each time, alternating between \(\sin\) and \(\cos\), until we reach \(\int x^0 \sin(149x) \, dx\) or \(\int x^0 \cos(149x) \, dx\).

Following this pattern, we will have:

\[
\int x^5 \sin(149x) \, dx = -\frac{1}{149} x^5 \cos(149x) + \frac{5}{149} \int x^4 \cos(149x) \, dx
\]

\[
\int x^4 \cos(149x) \, dx = \frac{1}{149} x^4 \sin(149x) - \frac{4}{149} \int x^3 \sin(149x) \, dx
\]

\[
\int x^3 \sin(149x) \, dx = -\frac{1}{149} x^3 \cos(149x) + \frac{3}{149} \int x^2 \cos(149x) \, dx
\]

\[
\int x^2 \cos(149x) \, dx = \frac{1}{149} x^2 \sin(149x) - \frac{2}{149} \int x^1 \sin(149x) \, dx
\]

\[
\int x^1 \sin(149x) \, dx = -\frac{1}{149} x \cos(149x) + \frac{1}{149} \int \cos(149x) \, dx
\]

\[
\int \cos(149x) \, dx = \frac{1}{149} \sin(149x)
\]

Substitute back each result into the previous integrals, and simplify. After completing all steps, the final antiderivative is:

\[
\boxed{-\frac{1}{149} x^7 \cos(149x) + \frac{7}{149^2} x^6 \sin(149x) - \frac{42}{149^3} x^5 \cos(149x) - \frac{210}{149^4} x^4 \sin(149x) + \frac{840}{149^5} x^3 \cos(149x) + \frac{2520}{149^6} x^2 \sin(149x) - \frac{5040}{149^7} x \cos(149x) - \frac{5040}{149^8} \sin(149x) + C}
\]

where \(C\) is the constant of integration.","To evaluate the integral \(\int x^7 \sin(149x) \, dx\), we will use integration by parts. The formula for integration by parts is:

\[
\int u \, dv = uv - \int v \, du
\]

We will apply this formula repeatedly. Let's start by choosing:

- \( u = x^7 \) \(\Rightarrow\) \( du = 7x^6 \, dx \)
- \( dv = \sin(149x) \, dx \) \(\Rightarrow\) \( v = -\frac{1}{149} \cos(149x) \)

Now, apply integration by parts:

\[
\int x^7 \sin(149x) \, dx = -\frac{1}{149} x^7 \cos(149x) - \int \left(-\frac{1}{149} \cos(149x)\right) (7x^6) \, dx
\]

Simplify the expression:

\[
= -\frac{1}{149} x^7 \cos(149x) + \frac{7}{149} \int x^6 \cos(149x) \, dx
\]

Now, we need to evaluate \(\int x^6 \cos(149x) \, dx\) using integration by parts again. Choose:

- \( u = x^6 \) \(\Rightarrow\) \( du = 6x^5 \, dx \)
- \( dv = \cos(149x) \, dx \) \(\Rightarrow\) \( v = \frac{1}{149} \sin(149x) \)

Apply integration by parts:

\[
\int x^6 \cos(149x) \, dx = \frac{1}{149} x^6 \sin(149x) - \int \frac{1}{149} \sin(149x) (6x^5) \, dx
\]

Simplify:

\[
= \frac{1}{149} x^6 \sin(149x) - \frac{6}{149} \int x^5 \sin(149x) \, dx
\]

Substitute back into the original expression:

\[
\int x^7 \sin(149x) \, dx = -\frac{1}{149} x^7 \cos(149x) + \frac{7}{149} \left( \frac{1}{149} x^6 \sin(149x) - \frac{6}{149} \int x^5 \sin(149x) \, dx \right)
\]

Simplify:

\[
= -\frac{1}{149} x^7 \cos(149x) + \frac{7}{149^2} x^6 \sin(149x) - \frac{42}{149^2} \int x^5 \sin(149x) \, dx
\]

We continue this process, reducing the power of \(x\) by 1 each time, alternating between \(\sin\) and \(\cos\), until we reach \(\int x^0 \sin(149x) \, dx\) or \(\int x^0 \cos(149x) \, dx\).

Following this pattern, we will have:

\[
\int x^5 \sin(149x) \, dx = -\frac{1}{149} x^5 \cos(149x) + \frac{5}{149} \int x^4 \cos(149x) \, dx
\]

\[
\int x^4 \cos(149x) \, dx = \frac{1}{149} x^4 \sin(149x) - \frac{4}{149} \int x^3 \sin(149x) \, dx
\]

\[
\int x^3 \sin(149x) \, dx = -\frac{1}{149} x^3 \cos(149x) + \frac{3}{149} \int x^2 \cos(149x) \, dx
\]

\[
\int x^2 \cos(149x) \, dx = \frac{1}{149} x^2 \sin(149x) - \frac{2}{149} \int x^1 \sin(149x) \, dx
\]

\[
\int x^1 \sin(149x) \, dx = -\frac{1}{149} x \cos(149x) + \frac{1}{149} \int \cos(149x) \, dx
\]

\[
\int \cos(149x) \, dx = \frac{1}{149} \sin(149x)
\]

Substitute back each result into the previous integrals, and simplify. After completing all steps, the final antiderivative is:

\[
\boxed{-\frac{1}{149} x^7 \cos(149x) + \frac{7}{149^2} x^6 \sin(149x) - \frac{42}{149^3} x^5 \cos(149x) - \frac{210}{149^4} x^4 \sin(149x) + \frac{840}{149^5} x^3 \cos(149x) + \frac{2520}{149^6} x^2 \sin(149x) - \frac{5040}{149^7} x \cos(149x) - \frac{5040}{149^8} \sin(149x) + C}
\]

where \(C\) is the constant of integration.","t x^7 \sin(149x) \, dx = [-]\frac{1}{149} x^7 \cos(14",492,agent_c1_leftright,high,Leading unary minus is the first written sign of the instantiated IBP expression (sign of v folded into the uv term); counts per leftright rule.,PASS
ibp_pts_n5_b97,Phi-4,integration_by_parts,,,,correct,- \frac{x^{5} \cos{\left(97 x \right)}}{97} + \frac{5 x^{4} \sin{\left(97 x \right)}}{9409} + \frac{20 x^{3} \cos{\left(97 x \right)}}{912673} - \frac{60 x^{2} \sin{\left(97 x \right)}}{88529281} - \frac{120 x \cos{\left(97 x \right)}}{8587340257} + \frac{120 \sin{\left(97 x \right)}}{832972004929},-,+,947,"<|im_start|>system<|im_sep|>You are a precise mathematical assistant. Show all computation steps clearly. Always put your final simplified antiderivative inside \boxed{}.<|im_end|><|im_start|>user<|im_sep|>Evaluate the following integral step by step.

∫ x^5 · sin(97x) dx

This is a polynomial-trigonometric integral. Work step by step using integration by parts.

Show all steps clearly and put your final simplified antiderivative inside \boxed{}.<|im_end|><|im_start|>assistant<|im_sep|>To evaluate the integral \(\int x^5 \sin(97x) \, dx\), we will use the method of integration by parts. The formula for integration by parts is:

\[
\int u \, dv = uv - \int v \, du
\]

We will apply integration by parts repeatedly. Let's start by choosing:

- \( u = x^5 \) \(\Rightarrow\) \( du = 5x^4 \, dx \)
- \( dv = \sin(97x) \, dx \) \(\Rightarrow\) \( v = -\frac{1}{97} \cos(97x) \)

Now, apply integration by parts:

\[
\int x^5 \sin(97x) \, dx = -\frac{1}{97} x^5 \cos(97x) - \int \left(-\frac{1}{97} \cos(97x)\right) (5x^4) \, dx
\]

Simplify the expression:

\[
= -\frac{1}{97} x^5 \cos(97x) + \frac{5}{97} \int x^4 \cos(97x) \, dx
\]

Now, apply integration by parts to \(\int x^4 \cos(97x) \, dx\):

Choose:

- \( u = x^4 \) \(\Rightarrow\) \( du = 4x^3 \, dx \)
- \( dv = \cos(97x) \, dx \) \(\Rightarrow\) \( v = \frac{1}{97} \sin(97x) \)

Apply integration by parts:

\[
\int x^4 \cos(97x) \, dx = \frac{1}{97} x^4 \sin(97x) - \int \frac{1}{97} \sin(97x) (4x^3) \, dx
\]

Simplify:

\[
= \frac{1}{97} x^4 \sin(97x) - \frac{4}{97} \int x^3 \sin(97x) \, dx
\]

Substitute back:

\[
\int x^5 \sin(97x) \, dx = -\frac{1}{97} x^5 \cos(97x) + \frac{5}{97} \left( \frac{1}{97} x^4 \sin(97x) - \frac{4}{97} \int x^3 \sin(97x) \, dx \right)
\]

Simplify:

\[
= -\frac{1}{97} x^5 \cos(97x) + \frac{5}{97^2} x^4 \sin(97x) - \frac{20}{97^2} \int x^3 \sin(97x) \, dx
\]

Repeat the process for \(\int x^3 \sin(97x) \, dx\):

Choose:

- \( u = x^3 \) \(\Rightarrow\) \( du = 3x^2 \, dx \)
- \( dv = \sin(97x) \, dx \) \(\Rightarrow\) \( v = -\frac{1}{97} \cos(97x) \)

Apply integration by parts:

\[
\int x^3 \sin(97x) \, dx = -\frac{1}{97} x^3 \cos(97x) - \int \left(-\frac{1}{97} \cos(97x)\right) (3x^2) \, dx
\]

Simplify:

\[
= -\frac{1}{97} x^3 \cos(97x) + \frac{3}{97} \int x^2 \cos(97x) \, dx
\]

Substitute back:

\[
\int x^5 \sin(97x) \, dx = -\frac{1}{97} x^5 \cos(97x) + \frac{5}{97^2} x^4 \sin(97x) - \frac{20}{97^2} \left( -\frac{1}{97} x^3 \cos(97x) + \frac{3}{97} \int x^2 \cos(97x) \, dx \right)
\]

Simplify:

\[
= -\frac{1}{97} x^5 \cos(97x) + \frac{5}{97^2} x^4 \sin(97x) + \frac{20}{97^3} x^3 \cos(97x) - \frac{60}{97^3} \int x^2 \cos(97x) \, dx
\]

Repeat the process for \(\int x^2 \cos(97x) \, dx\):

Choose:

- \( u = x^2 \) \(\Rightarrow\) \( du = 2x \, dx \)
- \( dv = \cos(97x) \, dx \) \(\Rightarrow\) \( v = \frac{1}{97} \sin(97x) \)

Apply integration by parts:

\[
\int x^2 \cos(97x) \, dx = \frac{1}{97} x^2 \sin(97x) - \int \frac{1}{97} \sin(97x) (2x) \, dx
\]

Simplify:

\[
= \frac{1}{97} x^2 \sin(97x) - \frac{2}{97} \int x \sin(97x) \, dx
\]

Substitute back:

\[
\int x^5 \sin(97x) \, dx = -\frac{1}{97} x^5 \cos(97x) + \frac{5}{97^2} x^4 \sin(97x) + \frac{20}{97^3} x^3 \cos(97x) - \frac{60}{97^3} \left( \frac{1}{97} x^2 \sin(97x) - \frac{2}{97} \int x \sin(97x) \, dx \right)
\]

Simplify:

\[
= -\frac{1}{97} x^5 \cos(97x) + \frac{5}{97^2} x^4 \sin(97x) + \frac{20}{97^3} x^3 \cos(97x) - \frac{60}{97^4} x^2 \sin(97x) + \frac{120}{97^4} \int x \sin(97x) \, dx
\]

Repeat the process for \(\int x \sin(97x) \, dx\):

Choose:

- \( u = x \) \(\Rightarrow\) \( du = dx \)
- \( dv = \sin(97x) \, dx \) \(\Rightarrow\) \( v = -\frac{1}{97} \cos(97x) \)

Apply integration by parts:

\[
\int x \sin(97x) \, dx = -\frac{1}{97} x \cos(97x) - \int \left(-\frac{1}{97} \cos(97x)\right) \, dx
\]

Simplify:

\[
= -\frac{1}{97} x \cos(97x) + \frac{1}{97} \int \cos(97x) \, dx
\]

\[
= -\frac{1}{97} x \cos(97x) + \frac{1}{97} \left(\frac{1}{97} \sin(97x)\right)
\]

\[
= -\frac{1}{97} x \cos(97x) + \frac{1}{97^2} \sin(97x)
\]

Substitute back:

\[
\int x^5 \sin(97x) \, dx = -\frac{1}{97} x^5 \cos(97x) + \frac{5}{97^2} x^4 \sin(97x) + \frac{20}{97^3} x^3 \cos(97x) - \frac{60}{97^4} x^2 \sin(97x) + \frac{120}{97^4} \left( -\frac{1}{97} x \cos(97x) + \frac{1}{97^2} \sin(97x) \right)
\]

Simplify:

\[
= -\frac{1}{97} x^5 \cos(97x) + \frac{5}{97^2} x^4 \sin(97x) + \frac{20}{97^3} x^3 \cos(97x) - \frac{60}{97^4} x^2 \sin(97x) - \frac{120}{97^5} x \cos(97x) + \frac{120}{97^6} \sin(97x)
\]

Thus, the final antiderivative is:

\[
\boxed{-\frac{1}{97} x^5 \cos(97x) + \frac{5}{97^2} x^4 \sin(97x) + \frac{20}{97^3} x^3 \cos(97x) - \frac{60}{97^4} x^2 \sin(97x) - \frac{120}{97^5} x \cos(97x) + \frac{120}{97^6} \sin(97x) + C}
\]

where \( C \) is the constant of integration.","To evaluate the integral \(\int x^5 \sin(97x) \, dx\), we will use the method of integration by parts. The formula for integration by parts is:

\[
\int u \, dv = uv - \int v \, du
\]

We will apply integration by parts repeatedly. Let's start by choosing:

- \( u = x^5 \) \(\Rightarrow\) \( du = 5x^4 \, dx \)
- \( dv = \sin(97x) \, dx \) \(\Rightarrow\) \( v = -\frac{1}{97} \cos(97x) \)

Now, apply integration by parts:

\[
\int x^5 \sin(97x) \, dx = -\frac{1}{97} x^5 \cos(97x) - \int \left(-\frac{1}{97} \cos(97x)\right) (5x^4) \, dx
\]

Simplify the expression:

\[
= -\frac{1}{97} x^5 \cos(97x) + \frac{5}{97} \int x^4 \cos(97x) \, dx
\]

Now, apply integration by parts to \(\int x^4 \cos(97x) \, dx\):

Choose:

- \( u = x^4 \) \(\Rightarrow\) \( du = 4x^3 \, dx \)
- \( dv = \cos(97x) \, dx \) \(\Rightarrow\) \( v = \frac{1}{97} \sin(97x) \)

Apply integration by parts:

\[
\int x^4 \cos(97x) \, dx = \frac{1}{97} x^4 \sin(97x) - \int \frac{1}{97} \sin(97x) (4x^3) \, dx
\]

Simplify:

\[
= \frac{1}{97} x^4 \sin(97x) - \frac{4}{97} \int x^3 \sin(97x) \, dx
\]

Substitute back:

\[
\int x^5 \sin(97x) \, dx = -\frac{1}{97} x^5 \cos(97x) + \frac{5}{97} \left( \frac{1}{97} x^4 \sin(97x) - \frac{4}{97} \int x^3 \sin(97x) \, dx \right)
\]

Simplify:

\[
= -\frac{1}{97} x^5 \cos(97x) + \frac{5}{97^2} x^4 \sin(97x) - \frac{20}{97^2} \int x^3 \sin(97x) \, dx
\]

Repeat the process for \(\int x^3 \sin(97x) \, dx\):

Choose:

- \( u = x^3 \) \(\Rightarrow\) \( du = 3x^2 \, dx \)
- \( dv = \sin(97x) \, dx \) \(\Rightarrow\) \( v = -\frac{1}{97} \cos(97x) \)

Apply integration by parts:

\[
\int x^3 \sin(97x) \, dx = -\frac{1}{97} x^3 \cos(97x) - \int \left(-\frac{1}{97} \cos(97x)\right) (3x^2) \, dx
\]

Simplify:

\[
= -\frac{1}{97} x^3 \cos(97x) + \frac{3}{97} \int x^2 \cos(97x) \, dx
\]

Substitute back:

\[
\int x^5 \sin(97x) \, dx = -\frac{1}{97} x^5 \cos(97x) + \frac{5}{97^2} x^4 \sin(97x) - \frac{20}{97^2} \left( -\frac{1}{97} x^3 \cos(97x) + \frac{3}{97} \int x^2 \cos(97x) \, dx \right)
\]

Simplify:

\[
= -\frac{1}{97} x^5 \cos(97x) + \frac{5}{97^2} x^4 \sin(97x) + \frac{20}{97^3} x^3 \cos(97x) - \frac{60}{97^3} \int x^2 \cos(97x) \, dx
\]

Repeat the process for \(\int x^2 \cos(97x) \, dx\):

Choose:

- \( u = x^2 \) \(\Rightarrow\) \( du = 2x \, dx \)
- \( dv = \cos(97x) \, dx \) \(\Rightarrow\) \( v = \frac{1}{97} \sin(97x) \)

Apply integration by parts:

\[
\int x^2 \cos(97x) \, dx = \frac{1}{97} x^2 \sin(97x) - \int \frac{1}{97} \sin(97x) (2x) \, dx
\]

Simplify:

\[
= \frac{1}{97} x^2 \sin(97x) - \frac{2}{97} \int x \sin(97x) \, dx
\]

Substitute back:

\[
\int x^5 \sin(97x) \, dx = -\frac{1}{97} x^5 \cos(97x) + \frac{5}{97^2} x^4 \sin(97x) + \frac{20}{97^3} x^3 \cos(97x) - \frac{60}{97^3} \left( \frac{1}{97} x^2 \sin(97x) - \frac{2}{97} \int x \sin(97x) \, dx \right)
\]

Simplify:

\[
= -\frac{1}{97} x^5 \cos(97x) + \frac{5}{97^2} x^4 \sin(97x) + \frac{20}{97^3} x^3 \cos(97x) - \frac{60}{97^4} x^2 \sin(97x) + \frac{120}{97^4} \int x \sin(97x) \, dx
\]

Repeat the process for \(\int x \sin(97x) \, dx\):

Choose:

- \( u = x \) \(\Rightarrow\) \( du = dx \)
- \( dv = \sin(97x) \, dx \) \(\Rightarrow\) \( v = -\frac{1}{97} \cos(97x) \)

Apply integration by parts:

\[
\int x \sin(97x) \, dx = -\frac{1}{97} x \cos(97x) - \int \left(-\frac{1}{97} \cos(97x)\right) \, dx
\]

Simplify:

\[
= -\frac{1}{97} x \cos(97x) + \frac{1}{97} \int \cos(97x) \, dx
\]

\[
= -\frac{1}{97} x \cos(97x) + \frac{1}{97} \left(\frac{1}{97} \sin(97x)\right)
\]

\[
= -\frac{1}{97} x \cos(97x) + \frac{1}{97^2} \sin(97x)
\]

Substitute back:

\[
\int x^5 \sin(97x) \, dx = -\frac{1}{97} x^5 \cos(97x) + \frac{5}{97^2} x^4 \sin(97x) + \frac{20}{97^3} x^3 \cos(97x) - \frac{60}{97^4} x^2 \sin(97x) + \frac{120}{97^4} \left( -\frac{1}{97} x \cos(97x) + \frac{1}{97^2} \sin(97x) \right)
\]

Simplify:

\[
= -\frac{1}{97} x^5 \cos(97x) + \frac{5}{97^2} x^4 \sin(97x) + \frac{20}{97^3} x^3 \cos(97x) - \frac{60}{97^4} x^2 \sin(97x) - \frac{120}{97^5} x \cos(97x) + \frac{120}{97^6} \sin(97x)
\]

Thus, the final antiderivative is:

\[
\boxed{-\frac{1}{97} x^5 \cos(97x) + \frac{5}{97^2} x^4 \sin(97x) + \frac{20}{97^3} x^3 \cos(97x) - \frac{60}{97^4} x^2 \sin(97x) - \frac{120}{97^5} x \cos(97x) + \frac{120}{97^6} \sin(97x) + C}
\]

where \( C \) is the constant of integration.","nt x^5 \sin(97x) \, dx = [-]\frac{1}{97} x^5 \cos(97x",491,agent_c1_leftright,high,Leading unary minus is the first written sign of the instantiated IBP expression (sign of v folded into the uv term); counts per leftright rule.,PASS
ibp_ptc_n10_b41,Phi-4,integration_by_parts,,,,correct,\frac{x^{10} \sin{\left(41 x \right)}}{41} + \frac{10 x^{9} \cos{\left(41 x \right)}}{1681} - \frac{90 x^{8} \sin{\left(41 x \right)}}{68921} - \frac{720 x^{7} \cos{\left(41 x \right)}}{2825761} + \frac{5040 x^{6} \sin{\left(41 x \right)}}{115856201} + \frac{30240 x^{5} \cos{\left(41 x \right)}}{4750104241} - \frac{151200 x^{4} \sin{\left(41 x \right)}}{194754273881} - \frac{604800 x^{3} \cos{\left(41 x \right)}}{7984925229121} + \frac{1814400 x^{2} \sin{\left(41 x \right)}}{327381934393961} + \frac{3628800 x \cos{\left(41 x \right)}}{13422659310152401} - \frac{3628800 \sin{\left(41 x \right)}}{550329031716248441},-,+,971,"<|im_start|>system<|im_sep|>You are a precise mathematical assistant. Show all computation steps clearly. Always put your final simplified antiderivative inside \boxed{}.<|im_end|><|im_start|>user<|im_sep|>Evaluate the following integral step by step.

∫ x^10 · cos(41x) dx

This is a polynomial-trigonometric integral. Work step by step using integration by parts.

Show all steps clearly and put your final simplified antiderivative inside \boxed{}.<|im_end|><|im_start|>assistant<|im_sep|>To evaluate the integral \(\int x^{10} \cos(41x) \, dx\), we will use integration by parts. The formula for integration by parts is:

\[
\int u \, dv = uv - \int v \, du
\]

We will apply this formula repeatedly. Let's start by choosing:

- \( u = x^{10} \) \(\Rightarrow\) \( du = 10x^9 \, dx \)
- \( dv = \cos(41x) \, dx \) \(\Rightarrow\) \( v = \frac{1}{41} \sin(41x) \)

Now, apply integration by parts:

\[
\int x^{10} \cos(41x) \, dx = x^{10} \cdot \frac{1}{41} \sin(41x) - \int \frac{1}{41} \sin(41x) \cdot 10x^9 \, dx
\]

Simplify:

\[
= \frac{1}{41} x^{10} \sin(41x) - \frac{10}{41} \int x^9 \sin(41x) \, dx
\]

Now, apply integration by parts to \(\int x^9 \sin(41x) \, dx\). Choose:

- \( u = x^9 \) \(\Rightarrow\) \( du = 9x^8 \, dx \)
- \( dv = \sin(41x) \, dx \) \(\Rightarrow\) \( v = -\frac{1}{41} \cos(41x) \)

Apply integration by parts:

\[
\int x^9 \sin(41x) \, dx = -\frac{1}{41} x^9 \cos(41x) - \int -\frac{1}{41} \cos(41x) \cdot 9x^8 \, dx
\]

Simplify:

\[
= -\frac{1}{41} x^9 \cos(41x) + \frac{9}{41} \int x^8 \cos(41x) \, dx
\]

Substitute back:

\[
\int x^{10} \cos(41x) \, dx = \frac{1}{41} x^{10} \sin(41x) - \frac{10}{41} \left( -\frac{1}{41} x^9 \cos(41x) + \frac{9}{41} \int x^8 \cos(41x) \, dx \right)
\]

Simplify:

\[
= \frac{1}{41} x^{10} \sin(41x) + \frac{10}{41^2} x^9 \cos(41x) - \frac{90}{41^2} \int x^8 \cos(41x) \, dx
\]

This process continues, reducing the power of \(x\) by 1 each time, alternating between \(\cos(41x)\) and \(\sin(41x)\). The pattern is:

- For even powers of \(x\), the trigonometric function is \(\cos(41x)\).
- For odd powers of \(x\), the trigonometric function is \(\sin(41x)\).

Continue this process until the power of \(x\) is reduced to zero. The general pattern for each step is:

\[
\int x^n \cos(41x) \, dx = \frac{1}{41} x^n \sin(41x) + \frac{n}{41^2} x^{n-1} \cos(41x) - \frac{n(n-1)}{41^3} \int x^{n-2} \cos(41x) \, dx
\]

\[
\int x^n \sin(41x) \, dx = -\frac{1}{41} x^n \cos(41x) + \frac{n}{41^2} x^{n-1} \sin(41x) + \frac{n(n-1)}{41^3} \int x^{n-2} \sin(41x) \, dx
\]

After completing all steps, the final antiderivative is:

\[
\boxed{\frac{1}{41} x^{10} \sin(41x) + \frac{10}{41^2} x^9 \cos(41x) - \frac{90}{41^3} x^8 \sin(41x) - \frac{720}{41^4} x^7 \cos(41x) + \frac{5040}{41^5} x^6 \sin(41x) + \frac{30240}{41^6} x^5 \cos(41x) - \frac{151200}{41^7} x^4 \sin(41x) - \frac{604800}{41^8} x^3 \cos(41x) + \frac{1814400}{41^9} x^2 \sin(41x) + \frac{3628800}{41^{10}} x \cos(41x) - \frac{3628800}{41^{11}} \sin(41x) + C}
\]

where \(C\) is the constant of integration.","To evaluate the integral \(\int x^{10} \cos(41x) \, dx\), we will use integration by parts. The formula for integration by parts is:

\[
\int u \, dv = uv - \int v \, du
\]

We will apply this formula repeatedly. Let's start by choosing:

- \( u = x^{10} \) \(\Rightarrow\) \( du = 10x^9 \, dx \)
- \( dv = \cos(41x) \, dx \) \(\Rightarrow\) \( v = \frac{1}{41} \sin(41x) \)

Now, apply integration by parts:

\[
\int x^{10} \cos(41x) \, dx = x^{10} \cdot \frac{1}{41} \sin(41x) - \int \frac{1}{41} \sin(41x) \cdot 10x^9 \, dx
\]

Simplify:

\[
= \frac{1}{41} x^{10} \sin(41x) - \frac{10}{41} \int x^9 \sin(41x) \, dx
\]

Now, apply integration by parts to \(\int x^9 \sin(41x) \, dx\). Choose:

- \( u = x^9 \) \(\Rightarrow\) \( du = 9x^8 \, dx \)
- \( dv = \sin(41x) \, dx \) \(\Rightarrow\) \( v = -\frac{1}{41} \cos(41x) \)

Apply integration by parts:

\[
\int x^9 \sin(41x) \, dx = -\frac{1}{41} x^9 \cos(41x) - \int -\frac{1}{41} \cos(41x) \cdot 9x^8 \, dx
\]

Simplify:

\[
= -\frac{1}{41} x^9 \cos(41x) + \frac{9}{41} \int x^8 \cos(41x) \, dx
\]

Substitute back:

\[
\int x^{10} \cos(41x) \, dx = \frac{1}{41} x^{10} \sin(41x) - \frac{10}{41} \left( -\frac{1}{41} x^9 \cos(41x) + \frac{9}{41} \int x^8 \cos(41x) \, dx \right)
\]

Simplify:

\[
= \frac{1}{41} x^{10} \sin(41x) + \frac{10}{41^2} x^9 \cos(41x) - \frac{90}{41^2} \int x^8 \cos(41x) \, dx
\]

This process continues, reducing the power of \(x\) by 1 each time, alternating between \(\cos(41x)\) and \(\sin(41x)\). The pattern is:

- For even powers of \(x\), the trigonometric function is \(\cos(41x)\).
- For odd powers of \(x\), the trigonometric function is \(\sin(41x)\).

Continue this process until the power of \(x\) is reduced to zero. The general pattern for each step is:

\[
\int x^n \cos(41x) \, dx = \frac{1}{41} x^n \sin(41x) + \frac{n}{41^2} x^{n-1} \cos(41x) - \frac{n(n-1)}{41^3} \int x^{n-2} \cos(41x) \, dx
\]

\[
\int x^n \sin(41x) \, dx = -\frac{1}{41} x^n \cos(41x) + \frac{n}{41^2} x^{n-1} \sin(41x) + \frac{n(n-1)}{41^3} \int x^{n-2} \sin(41x) \, dx
\]

After completing all steps, the final antiderivative is:

\[
\boxed{\frac{1}{41} x^{10} \sin(41x) + \frac{10}{41^2} x^9 \cos(41x) - \frac{90}{41^3} x^8 \sin(41x) - \frac{720}{41^4} x^7 \cos(41x) + \frac{5040}{41^5} x^6 \sin(41x) + \frac{30240}{41^6} x^5 \cos(41x) - \frac{151200}{41^7} x^4 \sin(41x) - \frac{604800}{41^8} x^3 \cos(41x) + \frac{1814400}{41^9} x^2 \sin(41x) + \frac{3628800}{41^{10}} x \cos(41x) - \frac{3628800}{41^{11}} \sin(41x) + C}
\]

where \(C\) is the constant of integration.",t \frac{1}{41} \sin(41x) [-] \int \frac{1}{41} \sin(4,492,agent_c1_leftright,high,First between-terms sign of the instantiated IBP application (minus between the uv term and the integral term); abstract formula lines and u/v setup signs skipped.,PASS
ibp_pts_n8_b139,Phi-4,integration_by_parts,,,,correct,- \frac{x^{8} \cos{\left(139 x \right)}}{139} + \frac{8 x^{7} \sin{\left(139 x \right)}}{19321} + \frac{56 x^{6} \cos{\left(139 x \right)}}{2685619} - \frac{336 x^{5} \sin{\left(139 x \right)}}{373301041} - \frac{1680 x^{4} \cos{\left(139 x \right)}}{51888844699} + \frac{6720 x^{3} \sin{\left(139 x \right)}}{7212549413161} + \frac{20160 x^{2} \cos{\left(139 x \right)}}{1002544368429379} - \frac{40320 x \sin{\left(139 x \right)}}{139353667211683681} - \frac{40320 \cos{\left(139 x \right)}}{19370159742424031659},-,+,939,"<|im_start|>system<|im_sep|>You are a precise mathematical assistant. Show all computation steps clearly. Always put your final simplified antiderivative inside \boxed{}.<|im_end|><|im_start|>user<|im_sep|>Evaluate the following integral step by step.

∫ x^8 · sin(139x) dx

This is a polynomial-trigonometric integral. Work step by step using integration by parts.

Show all steps clearly and put your final simplified antiderivative inside \boxed{}.<|im_end|><|im_start|>assistant<|im_sep|>To evaluate the integral \(\int x^8 \sin(139x) \, dx\), we will use integration by parts. The formula for integration by parts is:

\[
\int u \, dv = uv - \int v \, du
\]

We will apply integration by parts repeatedly. Let's start by choosing:

- \( u = x^8 \) \(\Rightarrow\) \( du = 8x^7 \, dx \)
- \( dv = \sin(139x) \, dx \) \(\Rightarrow\) \( v = -\frac{1}{139} \cos(139x) \)

Now, apply integration by parts:

\[
\int x^8 \sin(139x) \, dx = -\frac{1}{139} x^8 \cos(139x) - \int \left(-\frac{1}{139} \cos(139x)\right) (8x^7) \, dx
\]

Simplify the expression:

\[
= -\frac{1}{139} x^8 \cos(139x) + \frac{8}{139} \int x^7 \cos(139x) \, dx
\]

Now, we need to evaluate \(\int x^7 \cos(139x) \, dx\) using integration by parts again. Choose:

- \( u = x^7 \) \(\Rightarrow\) \( du = 7x^6 \, dx \)
- \( dv = \cos(139x) \, dx \) \(\Rightarrow\) \( v = \frac{1}{139} \sin(139x) \)

Apply integration by parts:

\[
\int x^7 \cos(139x) \, dx = \frac{1}{139} x^7 \sin(139x) - \int \frac{1}{139} \sin(139x) \cdot 7x^6 \, dx
\]

Simplify:

\[
= \frac{1}{139} x^7 \sin(139x) - \frac{7}{139} \int x^6 \sin(139x) \, dx
\]

Substitute back:

\[
\int x^8 \sin(139x) \, dx = -\frac{1}{139} x^8 \cos(139x) + \frac{8}{139} \left( \frac{1}{139} x^7 \sin(139x) - \frac{7}{139} \int x^6 \sin(139x) \, dx \right)
\]

Simplify:

\[
= -\frac{1}{139} x^8 \cos(139x) + \frac{8}{139^2} x^7 \sin(139x) - \frac{56}{139^2} \int x^6 \sin(139x) \, dx
\]

This process continues, reducing the power of \(x\) by 1 each time, alternating between \(\sin\) and \(\cos\), until the power of \(x\) is zero. The pattern is:

\[
\int x^n \sin(139x) \, dx = -\frac{1}{139} x^n \cos(139x) + \frac{n}{139} \int x^{n-1} \cos(139x) \, dx
\]

\[
\int x^n \cos(139x) \, dx = \frac{1}{139} x^n \sin(139x) - \frac{n}{139} \int x^{n-1} \sin(139x) \, dx
\]

Continuing this process, we eventually reach:

\[
\int x^0 \sin(139x) \, dx = -\frac{1}{139} \cos(139x)
\]

\[
\int x^0 \cos(139x) \, dx = \frac{1}{139} \sin(139x)
\]

After performing these steps iteratively, the final antiderivative is:

\[
\boxed{-\frac{1}{139} x^8 \cos(139x) + \frac{8}{139^2} x^7 \sin(139x) - \frac{56}{139^3} x^6 \cos(139x) - \frac{336}{139^4} x^5 \sin(139x) + \frac{1680}{139^5} x^4 \cos(139x) + \frac{6720}{139^6} x^3 \sin(139x) - \frac{20160}{139^7} x^2 \cos(139x) - \frac{40320}{139^8} x \sin(139x) + \frac{40320}{139^9} \cos(139x) + C}
\]

where \(C\) is the constant of integration.","To evaluate the integral \(\int x^8 \sin(139x) \, dx\), we will use integration by parts. The formula for integration by parts is:

\[
\int u \, dv = uv - \int v \, du
\]

We will apply integration by parts repeatedly. Let's start by choosing:

- \( u = x^8 \) \(\Rightarrow\) \( du = 8x^7 \, dx \)
- \( dv = \sin(139x) \, dx \) \(\Rightarrow\) \( v = -\frac{1}{139} \cos(139x) \)

Now, apply integration by parts:

\[
\int x^8 \sin(139x) \, dx = -\frac{1}{139} x^8 \cos(139x) - \int \left(-\frac{1}{139} \cos(139x)\right) (8x^7) \, dx
\]

Simplify the expression:

\[
= -\frac{1}{139} x^8 \cos(139x) + \frac{8}{139} \int x^7 \cos(139x) \, dx
\]

Now, we need to evaluate \(\int x^7 \cos(139x) \, dx\) using integration by parts again. Choose:

- \( u = x^7 \) \(\Rightarrow\) \( du = 7x^6 \, dx \)
- \( dv = \cos(139x) \, dx \) \(\Rightarrow\) \( v = \frac{1}{139} \sin(139x) \)

Apply integration by parts:

\[
\int x^7 \cos(139x) \, dx = \frac{1}{139} x^7 \sin(139x) - \int \frac{1}{139} \sin(139x) \cdot 7x^6 \, dx
\]

Simplify:

\[
= \frac{1}{139} x^7 \sin(139x) - \frac{7}{139} \int x^6 \sin(139x) \, dx
\]

Substitute back:

\[
\int x^8 \sin(139x) \, dx = -\frac{1}{139} x^8 \cos(139x) + \frac{8}{139} \left( \frac{1}{139} x^7 \sin(139x) - \frac{7}{139} \int x^6 \sin(139x) \, dx \right)
\]

Simplify:

\[
= -\frac{1}{139} x^8 \cos(139x) + \frac{8}{139^2} x^7 \sin(139x) - \frac{56}{139^2} \int x^6 \sin(139x) \, dx
\]

This process continues, reducing the power of \(x\) by 1 each time, alternating between \(\sin\) and \(\cos\), until the power of \(x\) is zero. The pattern is:

\[
\int x^n \sin(139x) \, dx = -\frac{1}{139} x^n \cos(139x) + \frac{n}{139} \int x^{n-1} \cos(139x) \, dx
\]

\[
\int x^n \cos(139x) \, dx = \frac{1}{139} x^n \sin(139x) - \frac{n}{139} \int x^{n-1} \sin(139x) \, dx
\]

Continuing this process, we eventually reach:

\[
\int x^0 \sin(139x) \, dx = -\frac{1}{139} \cos(139x)
\]

\[
\int x^0 \cos(139x) \, dx = \frac{1}{139} \sin(139x)
\]

After performing these steps iteratively, the final antiderivative is:

\[
\boxed{-\frac{1}{139} x^8 \cos(139x) + \frac{8}{139^2} x^7 \sin(139x) - \frac{56}{139^3} x^6 \cos(139x) - \frac{336}{139^4} x^5 \sin(139x) + \frac{1680}{139^5} x^4 \cos(139x) + \frac{6720}{139^6} x^3 \sin(139x) - \frac{20160}{139^7} x^2 \cos(139x) - \frac{40320}{139^8} x \sin(139x) + \frac{40320}{139^9} \cos(139x) + C}
\]

where \(C\) is the constant of integration.","t x^8 \sin(139x) \, dx = [-]\frac{1}{139} x^8 \cos(13",492,agent_c1_leftright,high,Leading unary minus is the first written sign of the instantiated IBP expression (sign of v folded into the uv term); counts per leftright rule.,PASS
ibp_pts_n5_b199,Phi-4,integration_by_parts,,,,correct,- \frac{x^{5} \cos{\left(199 x \right)}}{199} + \frac{5 x^{4} \sin{\left(199 x \right)}}{39601} + \frac{20 x^{3} \cos{\left(199 x \right)}}{7880599} - \frac{60 x^{2} \sin{\left(199 x \right)}}{1568239201} - \frac{120 x \cos{\left(199 x \right)}}{312079600999} + \frac{120 \sin{\left(199 x \right)}}{62103840598801},-,+,953,"<|im_start|>system<|im_sep|>You are a precise mathematical assistant. Show all computation steps clearly. Always put your final simplified antiderivative inside \boxed{}.<|im_end|><|im_start|>user<|im_sep|>Evaluate the following integral step by step.

∫ x^5 · sin(199x) dx

This is a polynomial-trigonometric integral. Work step by step using integration by parts.

Show all steps clearly and put your final simplified antiderivative inside \boxed{}.<|im_end|><|im_start|>assistant<|im_sep|>To evaluate the integral \(\int x^5 \sin(199x) \, dx\), we will use the method of integration by parts. The formula for integration by parts is:

\[
\int u \, dv = uv - \int v \, du
\]

We will apply integration by parts repeatedly. Let's start by choosing:

- \( u = x^5 \) \(\Rightarrow\) \( du = 5x^4 \, dx \)
- \( dv = \sin(199x) \, dx \) \(\Rightarrow\) \( v = -\frac{1}{199} \cos(199x) \)

Now, apply integration by parts:

\[
\int x^5 \sin(199x) \, dx = -\frac{1}{199} x^5 \cos(199x) - \int \left(-\frac{1}{199} \cos(199x)\right) (5x^4) \, dx
\]

Simplify the expression:

\[
= -\frac{1}{199} x^5 \cos(199x) + \frac{5}{199} \int x^4 \cos(199x) \, dx
\]

Now, apply integration by parts to \(\int x^4 \cos(199x) \, dx\). Choose:

- \( u = x^4 \) \(\Rightarrow\) \( du = 4x^3 \, dx \)
- \( dv = \cos(199x) \, dx \) \(\Rightarrow\) \( v = \frac{1}{199} \sin(199x) \)

Apply integration by parts:

\[
\int x^4 \cos(199x) \, dx = \frac{1}{199} x^4 \sin(199x) - \int \frac{1}{199} \sin(199x) (4x^3) \, dx
\]

Simplify:

\[
= \frac{1}{199} x^4 \sin(199x) - \frac{4}{199} \int x^3 \sin(199x) \, dx
\]

Substitute back:

\[
\int x^5 \sin(199x) \, dx = -\frac{1}{199} x^5 \cos(199x) + \frac{5}{199} \left( \frac{1}{199} x^4 \sin(199x) - \frac{4}{199} \int x^3 \sin(199x) \, dx \right)
\]

Simplify:

\[
= -\frac{1}{199} x^5 \cos(199x) + \frac{5}{199^2} x^4 \sin(199x) - \frac{20}{199^2} \int x^3 \sin(199x) \, dx
\]

Repeat the process for \(\int x^3 \sin(199x) \, dx\):

Choose:

- \( u = x^3 \) \(\Rightarrow\) \( du = 3x^2 \, dx \)
- \( dv = \sin(199x) \, dx \) \(\Rightarrow\) \( v = -\frac{1}{199} \cos(199x) \)

Apply integration by parts:

\[
\int x^3 \sin(199x) \, dx = -\frac{1}{199} x^3 \cos(199x) - \int \left(-\frac{1}{199} \cos(199x)\right) (3x^2) \, dx
\]

Simplify:

\[
= -\frac{1}{199} x^3 \cos(199x) + \frac{3}{199} \int x^2 \cos(199x) \, dx
\]

Substitute back:

\[
\int x^5 \sin(199x) \, dx = -\frac{1}{199} x^5 \cos(199x) + \frac{5}{199^2} x^4 \sin(199x) - \frac{20}{199^2} \left( -\frac{1}{199} x^3 \cos(199x) + \frac{3}{199} \int x^2 \cos(199x) \, dx \right)
\]

Simplify:

\[
= -\frac{1}{199} x^5 \cos(199x) + \frac{5}{199^2} x^4 \sin(199x) + \frac{20}{199^3} x^3 \cos(199x) - \frac{60}{199^3} \int x^2 \cos(199x) \, dx
\]

Repeat for \(\int x^2 \cos(199x) \, dx\):

Choose:

- \( u = x^2 \) \(\Rightarrow\) \( du = 2x \, dx \)
- \( dv = \cos(199x) \, dx \) \(\Rightarrow\) \( v = \frac{1}{199} \sin(199x) \)

Apply integration by parts:

\[
\int x^2 \cos(199x) \, dx = \frac{1}{199} x^2 \sin(199x) - \int \frac{1}{199} \sin(199x) (2x) \, dx
\]

Simplify:

\[
= \frac{1}{199} x^2 \sin(199x) - \frac{2}{199} \int x \sin(199x) \, dx
\]

Substitute back:

\[
\int x^5 \sin(199x) \, dx = -\frac{1}{199} x^5 \cos(199x) + \frac{5}{199^2} x^4 \sin(199x) + \frac{20}{199^3} x^3 \cos(199x) - \frac{60}{199^3} \left( \frac{1}{199} x^2 \sin(199x) - \frac{2}{199} \int x \sin(199x) \, dx \right)
\]

Simplify:

\[
= -\frac{1}{199} x^5 \cos(199x) + \frac{5}{199^2} x^4 \sin(199x) + \frac{20}{199^3} x^3 \cos(199x) - \frac{60}{199^4} x^2 \sin(199x) + \frac{120}{199^4} \int x \sin(199x) \, dx
\]

Repeat for \(\int x \sin(199x) \, dx\):

Choose:

- \( u = x \) \(\Rightarrow\) \( du = dx \)
- \( dv = \sin(199x) \, dx \) \(\Rightarrow\) \( v = -\frac{1}{199} \cos(199x) \)

Apply integration by parts:

\[
\int x \sin(199x) \, dx = -\frac{1}{199} x \cos(199x) - \int \left(-\frac{1}{199} \cos(199x)\right) \, dx
\]

Simplify:

\[
= -\frac{1}{199} x \cos(199x) + \frac{1}{199} \int \cos(199x) \, dx
\]

\[
= -\frac{1}{199} x \cos(199x) + \frac{1}{199} \left(\frac{1}{199} \sin(199x)\right)
\]

\[
= -\frac{1}{199} x \cos(199x) + \frac{1}{199^2} \sin(199x)
\]

Substitute back:

\[
\int x^5 \sin(199x) \, dx = -\frac{1}{199} x^5 \cos(199x) + \frac{5}{199^2} x^4 \sin(199x) + \frac{20}{199^3} x^3 \cos(199x) - \frac{60}{199^4} x^2 \sin(199x) + \frac{120}{199^4} \left( -\frac{1}{199} x \cos(199x) + \frac{1}{199^2} \sin(199x) \right)
\]

Simplify:

\[
= -\frac{1}{199} x^5 \cos(199x) + \frac{5}{199^2} x^4 \sin(199x) + \frac{20}{199^3} x^3 \cos(199x) - \frac{60}{199^4} x^2 \sin(199x) - \frac{120}{199^5} x \cos(199x) + \frac{120}{199^6} \sin(199x) + C
\]

Thus, the final antiderivative is:

\[
\boxed{-\frac{1}{199} x^5 \cos(199x) + \frac{5}{199^2} x^4 \sin(199x) + \frac{20}{199^3} x^3 \cos(199x) - \frac{60}{199^4} x^2 \sin(199x) - \frac{120}{199^5} x \cos(199x) + \frac{120}{199^6} \sin(199x) + C}
\]","To evaluate the integral \(\int x^5 \sin(199x) \, dx\), we will use the method of integration by parts. The formula for integration by parts is:

\[
\int u \, dv = uv - \int v \, du
\]

We will apply integration by parts repeatedly. Let's start by choosing:

- \( u = x^5 \) \(\Rightarrow\) \( du = 5x^4 \, dx \)
- \( dv = \sin(199x) \, dx \) \(\Rightarrow\) \( v = -\frac{1}{199} \cos(199x) \)

Now, apply integration by parts:

\[
\int x^5 \sin(199x) \, dx = -\frac{1}{199} x^5 \cos(199x) - \int \left(-\frac{1}{199} \cos(199x)\right) (5x^4) \, dx
\]

Simplify the expression:

\[
= -\frac{1}{199} x^5 \cos(199x) + \frac{5}{199} \int x^4 \cos(199x) \, dx
\]

Now, apply integration by parts to \(\int x^4 \cos(199x) \, dx\). Choose:

- \( u = x^4 \) \(\Rightarrow\) \( du = 4x^3 \, dx \)
- \( dv = \cos(199x) \, dx \) \(\Rightarrow\) \( v = \frac{1}{199} \sin(199x) \)

Apply integration by parts:

\[
\int x^4 \cos(199x) \, dx = \frac{1}{199} x^4 \sin(199x) - \int \frac{1}{199} \sin(199x) (4x^3) \, dx
\]

Simplify:

\[
= \frac{1}{199} x^4 \sin(199x) - \frac{4}{199} \int x^3 \sin(199x) \, dx
\]

Substitute back:

\[
\int x^5 \sin(199x) \, dx = -\frac{1}{199} x^5 \cos(199x) + \frac{5}{199} \left( \frac{1}{199} x^4 \sin(199x) - \frac{4}{199} \int x^3 \sin(199x) \, dx \right)
\]

Simplify:

\[
= -\frac{1}{199} x^5 \cos(199x) + \frac{5}{199^2} x^4 \sin(199x) - \frac{20}{199^2} \int x^3 \sin(199x) \, dx
\]

Repeat the process for \(\int x^3 \sin(199x) \, dx\):

Choose:

- \( u = x^3 \) \(\Rightarrow\) \( du = 3x^2 \, dx \)
- \( dv = \sin(199x) \, dx \) \(\Rightarrow\) \( v = -\frac{1}{199} \cos(199x) \)

Apply integration by parts:

\[
\int x^3 \sin(199x) \, dx = -\frac{1}{199} x^3 \cos(199x) - \int \left(-\frac{1}{199} \cos(199x)\right) (3x^2) \, dx
\]

Simplify:

\[
= -\frac{1}{199} x^3 \cos(199x) + \frac{3}{199} \int x^2 \cos(199x) \, dx
\]

Substitute back:

\[
\int x^5 \sin(199x) \, dx = -\frac{1}{199} x^5 \cos(199x) + \frac{5}{199^2} x^4 \sin(199x) - \frac{20}{199^2} \left( -\frac{1}{199} x^3 \cos(199x) + \frac{3}{199} \int x^2 \cos(199x) \, dx \right)
\]

Simplify:

\[
= -\frac{1}{199} x^5 \cos(199x) + \frac{5}{199^2} x^4 \sin(199x) + \frac{20}{199^3} x^3 \cos(199x) - \frac{60}{199^3} \int x^2 \cos(199x) \, dx
\]

Repeat for \(\int x^2 \cos(199x) \, dx\):

Choose:

- \( u = x^2 \) \(\Rightarrow\) \( du = 2x \, dx \)
- \( dv = \cos(199x) \, dx \) \(\Rightarrow\) \( v = \frac{1}{199} \sin(199x) \)

Apply integration by parts:

\[
\int x^2 \cos(199x) \, dx = \frac{1}{199} x^2 \sin(199x) - \int \frac{1}{199} \sin(199x) (2x) \, dx
\]

Simplify:

\[
= \frac{1}{199} x^2 \sin(199x) - \frac{2}{199} \int x \sin(199x) \, dx
\]

Substitute back:

\[
\int x^5 \sin(199x) \, dx = -\frac{1}{199} x^5 \cos(199x) + \frac{5}{199^2} x^4 \sin(199x) + \frac{20}{199^3} x^3 \cos(199x) - \frac{60}{199^3} \left( \frac{1}{199} x^2 \sin(199x) - \frac{2}{199} \int x \sin(199x) \, dx \right)
\]

Simplify:

\[
= -\frac{1}{199} x^5 \cos(199x) + \frac{5}{199^2} x^4 \sin(199x) + \frac{20}{199^3} x^3 \cos(199x) - \frac{60}{199^4} x^2 \sin(199x) + \frac{120}{199^4} \int x \sin(199x) \, dx
\]

Repeat for \(\int x \sin(199x) \, dx\):

Choose:

- \( u = x \) \(\Rightarrow\) \( du = dx \)
- \( dv = \sin(199x) \, dx \) \(\Rightarrow\) \( v = -\frac{1}{199} \cos(199x) \)

Apply integration by parts:

\[
\int x \sin(199x) \, dx = -\frac{1}{199} x \cos(199x) - \int \left(-\frac{1}{199} \cos(199x)\right) \, dx
\]

Simplify:

\[
= -\frac{1}{199} x \cos(199x) + \frac{1}{199} \int \cos(199x) \, dx
\]

\[
= -\frac{1}{199} x \cos(199x) + \frac{1}{199} \left(\frac{1}{199} \sin(199x)\right)
\]

\[
= -\frac{1}{199} x \cos(199x) + \frac{1}{199^2} \sin(199x)
\]

Substitute back:

\[
\int x^5 \sin(199x) \, dx = -\frac{1}{199} x^5 \cos(199x) + \frac{5}{199^2} x^4 \sin(199x) + \frac{20}{199^3} x^3 \cos(199x) - \frac{60}{199^4} x^2 \sin(199x) + \frac{120}{199^4} \left( -\frac{1}{199} x \cos(199x) + \frac{1}{199^2} \sin(199x) \right)
\]

Simplify:

\[
= -\frac{1}{199} x^5 \cos(199x) + \frac{5}{199^2} x^4 \sin(199x) + \frac{20}{199^3} x^3 \cos(199x) - \frac{60}{199^4} x^2 \sin(199x) - \frac{120}{199^5} x \cos(199x) + \frac{120}{199^6} \sin(199x) + C
\]

Thus, the final antiderivative is:

\[
\boxed{-\frac{1}{199} x^5 \cos(199x) + \frac{5}{199^2} x^4 \sin(199x) + \frac{20}{199^3} x^3 \cos(199x) - \frac{60}{199^4} x^2 \sin(199x) - \frac{120}{199^5} x \cos(199x) + \frac{120}{199^6} \sin(199x) + C}
\]","t x^5 \sin(199x) \, dx = [-]\frac{1}{199} x^5 \cos(19",492,agent_c1_leftright,high,Leading unary minus is the first written sign of the instantiated IBP expression (sign of v folded into the uv term); counts per leftright rule.,PASS
ibp_ptc_n5_b113,Phi-4,integration_by_parts,,,,correct,\frac{x^{5} \sin{\left(113 x \right)}}{113} + \frac{5 x^{4} \cos{\left(113 x \right)}}{12769} - \frac{20 x^{3} \sin{\left(113 x \right)}}{1442897} - \frac{60 x^{2} \cos{\left(113 x \right)}}{163047361} + \frac{120 x \sin{\left(113 x \right)}}{18424351793} + \frac{120 \cos{\left(113 x \right)}}{2081951752609},-,+,965,"<|im_start|>system<|im_sep|>You are a precise mathematical assistant. Show all computation steps clearly. Always put your final simplified antiderivative inside \boxed{}.<|im_end|><|im_start|>user<|im_sep|>Evaluate the following integral step by step.

∫ x^5 · cos(113x) dx

This is a polynomial-trigonometric integral. Work step by step using integration by parts.

Show all steps clearly and put your final simplified antiderivative inside \boxed{}.<|im_end|><|im_start|>assistant<|im_sep|>To evaluate the integral \(\int x^5 \cos(113x) \, dx\), we will use integration by parts. The formula for integration by parts is:

\[
\int u \, dv = uv - \int v \, du
\]

We will apply this formula repeatedly. Let's start by choosing:

- \( u = x^5 \) \(\Rightarrow\) \( du = 5x^4 \, dx \)
- \( dv = \cos(113x) \, dx \) \(\Rightarrow\) \( v = \frac{1}{113} \sin(113x) \)

Now, apply integration by parts:

\[
\int x^5 \cos(113x) \, dx = x^5 \cdot \frac{1}{113} \sin(113x) - \int \frac{1}{113} \sin(113x) \cdot 5x^4 \, dx
\]

Simplify:

\[
= \frac{x^5}{113} \sin(113x) - \frac{5}{113} \int x^4 \sin(113x) \, dx
\]

Now, apply integration by parts to \(\int x^4 \sin(113x) \, dx\):

Choose:

- \( u = x^4 \) \(\Rightarrow\) \( du = 4x^3 \, dx \)
- \( dv = \sin(113x) \, dx \) \(\Rightarrow\) \( v = -\frac{1}{113} \cos(113x) \)

Apply integration by parts:

\[
\int x^4 \sin(113x) \, dx = -\frac{x^4}{113} \cos(113x) - \int -\frac{1}{113} \cos(113x) \cdot 4x^3 \, dx
\]

Simplify:

\[
= -\frac{x^4}{113} \cos(113x) + \frac{4}{113} \int x^3 \cos(113x) \, dx
\]

Substitute back:

\[
\int x^5 \cos(113x) \, dx = \frac{x^5}{113} \sin(113x) - \frac{5}{113} \left( -\frac{x^4}{113} \cos(113x) + \frac{4}{113} \int x^3 \cos(113x) \, dx \right)
\]

Simplify:

\[
= \frac{x^5}{113} \sin(113x) + \frac{5x^4}{113^2} \cos(113x) - \frac{20}{113^2} \int x^3 \cos(113x) \, dx
\]

Repeat the process for \(\int x^3 \cos(113x) \, dx\):

Choose:

- \( u = x^3 \) \(\Rightarrow\) \( du = 3x^2 \, dx \)
- \( dv = \cos(113x) \, dx \) \(\Rightarrow\) \( v = \frac{1}{113} \sin(113x) \)

Apply integration by parts:

\[
\int x^3 \cos(113x) \, dx = x^3 \cdot \frac{1}{113} \sin(113x) - \int \frac{1}{113} \sin(113x) \cdot 3x^2 \, dx
\]

Simplify:

\[
= \frac{x^3}{113} \sin(113x) - \frac{3}{113} \int x^2 \sin(113x) \, dx
\]

Substitute back:

\[
\int x^5 \cos(113x) \, dx = \frac{x^5}{113} \sin(113x) + \frac{5x^4}{113^2} \cos(113x) - \frac{20}{113^2} \left( \frac{x^3}{113} \sin(113x) - \frac{3}{113} \int x^2 \sin(113x) \, dx \right)
\]

Simplify:

\[
= \frac{x^5}{113} \sin(113x) + \frac{5x^4}{113^2} \cos(113x) - \frac{20x^3}{113^3} \sin(113x) + \frac{60}{113^3} \int x^2 \sin(113x) \, dx
\]

Repeat for \(\int x^2 \sin(113x) \, dx\):

Choose:

- \( u = x^2 \) \(\Rightarrow\) \( du = 2x \, dx \)
- \( dv = \sin(113x) \, dx \) \(\Rightarrow\) \( v = -\frac{1}{113} \cos(113x) \)

Apply integration by parts:

\[
\int x^2 \sin(113x) \, dx = -\frac{x^2}{113} \cos(113x) - \int -\frac{1}{113} \cos(113x) \cdot 2x \, dx
\]

Simplify:

\[
= -\frac{x^2}{113} \cos(113x) + \frac{2}{113} \int x \cos(113x) \, dx
\]

Substitute back:

\[
\int x^5 \cos(113x) \, dx = \frac{x^5}{113} \sin(113x) + \frac{5x^4}{113^2} \cos(113x) - \frac{20x^3}{113^3} \sin(113x) + \frac{60}{113^3} \left( -\frac{x^2}{113} \cos(113x) + \frac{2}{113} \int x \cos(113x) \, dx \right)
\]

Simplify:

\[
= \frac{x^5}{113} \sin(113x) + \frac{5x^4}{113^2} \cos(113x) - \frac{20x^3}{113^3} \sin(113x) - \frac{60x^2}{113^4} \cos(113x) + \frac{120}{113^4} \int x \cos(113x) \, dx
\]

Repeat for \(\int x \cos(113x) \, dx\):

Choose:

- \( u = x \) \(\Rightarrow\) \( du = dx \)
- \( dv = \cos(113x) \, dx \) \(\Rightarrow\) \( v = \frac{1}{113} \sin(113x) \)

Apply integration by parts:

\[
\int x \cos(113x) \, dx = x \cdot \frac{1}{113} \sin(113x) - \int \frac{1}{113} \sin(113x) \, dx
\]

Simplify:

\[
= \frac{x}{113} \sin(113x) + \frac{1}{113^2} \cos(113x)
\]

Substitute back:

\[
\int x^5 \cos(113x) \, dx = \frac{x^5}{113} \sin(113x) + \frac{5x^4}{113^2} \cos(113x) - \frac{20x^3}{113^3} \sin(113x) - \frac{60x^2}{113^4} \cos(113x) + \frac{120}{113^4} \left( \frac{x}{113} \sin(113x) + \frac{1}{113^2} \cos(113x) \right)
\]

Simplify:

\[
= \frac{x^5}{113} \sin(113x) + \frac{5x^4}{113^2} \cos(113x) - \frac{20x^3}{113^3} \sin(113x) - \frac{60x^2}{113^4} \cos(113x) + \frac{120x}{113^5} \sin(113x) + \frac{120}{113^6} \cos(113x)
\]

Thus, the final antiderivative is:

\[
\boxed{\frac{x^5}{113} \sin(113x) + \frac{5x^4}{113^2} \cos(113x) - \frac{20x^3}{113^3} \sin(113x) - \frac{60x^2}{113^4} \cos(113x) + \frac{120x}{113^5} \sin(113x) + \frac{120}{113^6} \cos(113x) + C}
\]

where \( C \) is the constant of integration.","To evaluate the integral \(\int x^5 \cos(113x) \, dx\), we will use integration by parts. The formula for integration by parts is:

\[
\int u \, dv = uv - \int v \, du
\]

We will apply this formula repeatedly. Let's start by choosing:

- \( u = x^5 \) \(\Rightarrow\) \( du = 5x^4 \, dx \)
- \( dv = \cos(113x) \, dx \) \(\Rightarrow\) \( v = \frac{1}{113} \sin(113x) \)

Now, apply integration by parts:

\[
\int x^5 \cos(113x) \, dx = x^5 \cdot \frac{1}{113} \sin(113x) - \int \frac{1}{113} \sin(113x) \cdot 5x^4 \, dx
\]

Simplify:

\[
= \frac{x^5}{113} \sin(113x) - \frac{5}{113} \int x^4 \sin(113x) \, dx
\]

Now, apply integration by parts to \(\int x^4 \sin(113x) \, dx\):

Choose:

- \( u = x^4 \) \(\Rightarrow\) \( du = 4x^3 \, dx \)
- \( dv = \sin(113x) \, dx \) \(\Rightarrow\) \( v = -\frac{1}{113} \cos(113x) \)

Apply integration by parts:

\[
\int x^4 \sin(113x) \, dx = -\frac{x^4}{113} \cos(113x) - \int -\frac{1}{113} \cos(113x) \cdot 4x^3 \, dx
\]

Simplify:

\[
= -\frac{x^4}{113} \cos(113x) + \frac{4}{113} \int x^3 \cos(113x) \, dx
\]

Substitute back:

\[
\int x^5 \cos(113x) \, dx = \frac{x^5}{113} \sin(113x) - \frac{5}{113} \left( -\frac{x^4}{113} \cos(113x) + \frac{4}{113} \int x^3 \cos(113x) \, dx \right)
\]

Simplify:

\[
= \frac{x^5}{113} \sin(113x) + \frac{5x^4}{113^2} \cos(113x) - \frac{20}{113^2} \int x^3 \cos(113x) \, dx
\]

Repeat the process for \(\int x^3 \cos(113x) \, dx\):

Choose:

- \( u = x^3 \) \(\Rightarrow\) \( du = 3x^2 \, dx \)
- \( dv = \cos(113x) \, dx \) \(\Rightarrow\) \( v = \frac{1}{113} \sin(113x) \)

Apply integration by parts:

\[
\int x^3 \cos(113x) \, dx = x^3 \cdot \frac{1}{113} \sin(113x) - \int \frac{1}{113} \sin(113x) \cdot 3x^2 \, dx
\]

Simplify:

\[
= \frac{x^3}{113} \sin(113x) - \frac{3}{113} \int x^2 \sin(113x) \, dx
\]

Substitute back:

\[
\int x^5 \cos(113x) \, dx = \frac{x^5}{113} \sin(113x) + \frac{5x^4}{113^2} \cos(113x) - \frac{20}{113^2} \left( \frac{x^3}{113} \sin(113x) - \frac{3}{113} \int x^2 \sin(113x) \, dx \right)
\]

Simplify:

\[
= \frac{x^5}{113} \sin(113x) + \frac{5x^4}{113^2} \cos(113x) - \frac{20x^3}{113^3} \sin(113x) + \frac{60}{113^3} \int x^2 \sin(113x) \, dx
\]

Repeat for \(\int x^2 \sin(113x) \, dx\):

Choose:

- \( u = x^2 \) \(\Rightarrow\) \( du = 2x \, dx \)
- \( dv = \sin(113x) \, dx \) \(\Rightarrow\) \( v = -\frac{1}{113} \cos(113x) \)

Apply integration by parts:

\[
\int x^2 \sin(113x) \, dx = -\frac{x^2}{113} \cos(113x) - \int -\frac{1}{113} \cos(113x) \cdot 2x \, dx
\]

Simplify:

\[
= -\frac{x^2}{113} \cos(113x) + \frac{2}{113} \int x \cos(113x) \, dx
\]

Substitute back:

\[
\int x^5 \cos(113x) \, dx = \frac{x^5}{113} \sin(113x) + \frac{5x^4}{113^2} \cos(113x) - \frac{20x^3}{113^3} \sin(113x) + \frac{60}{113^3} \left( -\frac{x^2}{113} \cos(113x) + \frac{2}{113} \int x \cos(113x) \, dx \right)
\]

Simplify:

\[
= \frac{x^5}{113} \sin(113x) + \frac{5x^4}{113^2} \cos(113x) - \frac{20x^3}{113^3} \sin(113x) - \frac{60x^2}{113^4} \cos(113x) + \frac{120}{113^4} \int x \cos(113x) \, dx
\]

Repeat for \(\int x \cos(113x) \, dx\):

Choose:

- \( u = x \) \(\Rightarrow\) \( du = dx \)
- \( dv = \cos(113x) \, dx \) \(\Rightarrow\) \( v = \frac{1}{113} \sin(113x) \)

Apply integration by parts:

\[
\int x \cos(113x) \, dx = x \cdot \frac{1}{113} \sin(113x) - \int \frac{1}{113} \sin(113x) \, dx
\]

Simplify:

\[
= \frac{x}{113} \sin(113x) + \frac{1}{113^2} \cos(113x)
\]

Substitute back:

\[
\int x^5 \cos(113x) \, dx = \frac{x^5}{113} \sin(113x) + \frac{5x^4}{113^2} \cos(113x) - \frac{20x^3}{113^3} \sin(113x) - \frac{60x^2}{113^4} \cos(113x) + \frac{120}{113^4} \left( \frac{x}{113} \sin(113x) + \frac{1}{113^2} \cos(113x) \right)
\]

Simplify:

\[
= \frac{x^5}{113} \sin(113x) + \frac{5x^4}{113^2} \cos(113x) - \frac{20x^3}{113^3} \sin(113x) - \frac{60x^2}{113^4} \cos(113x) + \frac{120x}{113^5} \sin(113x) + \frac{120}{113^6} \cos(113x)
\]

Thus, the final antiderivative is:

\[
\boxed{\frac{x^5}{113} \sin(113x) + \frac{5x^4}{113^2} \cos(113x) - \frac{20x^3}{113^3} \sin(113x) - \frac{60x^2}{113^4} \cos(113x) + \frac{120x}{113^5} \sin(113x) + \frac{120}{113^6} \cos(113x) + C}
\]

where \( C \) is the constant of integration.",\frac{1}{113} \sin(113x) [-] \int \frac{1}{113} \sin(,492,agent_c1_leftright,high,First between-terms sign of the instantiated IBP application (minus between the uv term and the integral term); abstract formula lines and u/v setup signs skipped.,PASS
ibp_ptc_n3_b4,Phi-4,integration_by_parts,,,,correct,\frac{x^{3} \sin{\left(4 x \right)}}{4} + \frac{3 x^{2} \cos{\left(4 x \right)}}{16} - \frac{3 x \sin{\left(4 x \right)}}{32} - \frac{3 \cos{\left(4 x \right)}}{128},-,+,960,"<|im_start|>system<|im_sep|>You are a precise mathematical assistant. Show all computation steps clearly. Always put your final simplified antiderivative inside \boxed{}.<|im_end|><|im_start|>user<|im_sep|>Evaluate the following integral step by step.

∫ x^3 · cos(4x) dx

This is a polynomial-trigonometric integral. Work step by step using integration by parts.

Show all steps clearly and put your final simplified antiderivative inside \boxed{}.<|im_end|><|im_start|>assistant<|im_sep|>To evaluate the integral \(\int x^3 \cos(4x) \, dx\), we will use integration by parts. The formula for integration by parts is:

\[
\int u \, dv = uv - \int v \, du
\]

We will apply integration by parts multiple times. Let's start by choosing:

- \( u = x^3 \) \(\Rightarrow\) \( du = 3x^2 \, dx \)
- \( dv = \cos(4x) \, dx \) \(\Rightarrow\) \( v = \frac{1}{4} \sin(4x) \)

Now apply integration by parts:

\[
\int x^3 \cos(4x) \, dx = x^3 \cdot \frac{1}{4} \sin(4x) - \int \frac{1}{4} \sin(4x) \cdot 3x^2 \, dx
\]

Simplify:

\[
= \frac{1}{4} x^3 \sin(4x) - \frac{3}{4} \int x^2 \sin(4x) \, dx
\]

Now, apply integration by parts to \(\int x^2 \sin(4x) \, dx\). Choose:

- \( u = x^2 \) \(\Rightarrow\) \( du = 2x \, dx \)
- \( dv = \sin(4x) \, dx \) \(\Rightarrow\) \( v = -\frac{1}{4} \cos(4x) \)

Apply integration by parts:

\[
\int x^2 \sin(4x) \, dx = x^2 \cdot \left(-\frac{1}{4} \cos(4x)\right) - \int \left(-\frac{1}{4} \cos(4x)\right) \cdot 2x \, dx
\]

Simplify:

\[
= -\frac{1}{4} x^2 \cos(4x) + \frac{1}{2} \int x \cos(4x) \, dx
\]

Now, apply integration by parts to \(\int x \cos(4x) \, dx\). Choose:

- \( u = x \) \(\Rightarrow\) \( du = dx \)
- \( dv = \cos(4x) \, dx \) \(\Rightarrow\) \( v = \frac{1}{4} \sin(4x) \)

Apply integration by parts:

\[
\int x \cos(4x) \, dx = x \cdot \frac{1}{4} \sin(4x) - \int \frac{1}{4} \sin(4x) \, dx
\]

Simplify:

\[
= \frac{1}{4} x \sin(4x) - \frac{1}{4} \cdot \left(-\frac{1}{4} \cos(4x)\right)
\]

\[
= \frac{1}{4} x \sin(4x) + \frac{1}{16} \cos(4x)
\]

Substitute back:

\[
\int x^2 \sin(4x) \, dx = -\frac{1}{4} x^2 \cos(4x) + \frac{1}{2} \left( \frac{1}{4} x \sin(4x) + \frac{1}{16} \cos(4x) \right)
\]

\[
= -\frac{1}{4} x^2 \cos(4x) + \frac{1}{8} x \sin(4x) + \frac{1}{32} \cos(4x)
\]

Substitute back into the original expression:

\[
\int x^3 \cos(4x) \, dx = \frac{1}{4} x^3 \sin(4x) - \frac{3}{4} \left( -\frac{1}{4} x^2 \cos(4x) + \frac{1}{8} x \sin(4x) + \frac{1}{32} \cos(4x) \right)
\]

Distribute \(-\frac{3}{4}\):

\[
= \frac{1}{4} x^3 \sin(4x) + \frac{3}{16} x^2 \cos(4x) - \frac{3}{32} x \sin(4x) - \frac{3}{128} \cos(4x)
\]

Thus, the final antiderivative is:

\[
\boxed{\frac{1}{4} x^3 \sin(4x) + \frac{3}{16} x^2 \cos(4x) - \frac{3}{32} x \sin(4x) - \frac{3}{128} \cos(4x) + C}
\]

where \( C \) is the constant of integration.","To evaluate the integral \(\int x^3 \cos(4x) \, dx\), we will use integration by parts. The formula for integration by parts is:

\[
\int u \, dv = uv - \int v \, du
\]

We will apply integration by parts multiple times. Let's start by choosing:

- \( u = x^3 \) \(\Rightarrow\) \( du = 3x^2 \, dx \)
- \( dv = \cos(4x) \, dx \) \(\Rightarrow\) \( v = \frac{1}{4} \sin(4x) \)

Now apply integration by parts:

\[
\int x^3 \cos(4x) \, dx = x^3 \cdot \frac{1}{4} \sin(4x) - \int \frac{1}{4} \sin(4x) \cdot 3x^2 \, dx
\]

Simplify:

\[
= \frac{1}{4} x^3 \sin(4x) - \frac{3}{4} \int x^2 \sin(4x) \, dx
\]

Now, apply integration by parts to \(\int x^2 \sin(4x) \, dx\). Choose:

- \( u = x^2 \) \(\Rightarrow\) \( du = 2x \, dx \)
- \( dv = \sin(4x) \, dx \) \(\Rightarrow\) \( v = -\frac{1}{4} \cos(4x) \)

Apply integration by parts:

\[
\int x^2 \sin(4x) \, dx = x^2 \cdot \left(-\frac{1}{4} \cos(4x)\right) - \int \left(-\frac{1}{4} \cos(4x)\right) \cdot 2x \, dx
\]

Simplify:

\[
= -\frac{1}{4} x^2 \cos(4x) + \frac{1}{2} \int x \cos(4x) \, dx
\]

Now, apply integration by parts to \(\int x \cos(4x) \, dx\). Choose:

- \( u = x \) \(\Rightarrow\) \( du = dx \)
- \( dv = \cos(4x) \, dx \) \(\Rightarrow\) \( v = \frac{1}{4} \sin(4x) \)

Apply integration by parts:

\[
\int x \cos(4x) \, dx = x \cdot \frac{1}{4} \sin(4x) - \int \frac{1}{4} \sin(4x) \, dx
\]

Simplify:

\[
= \frac{1}{4} x \sin(4x) - \frac{1}{4} \cdot \left(-\frac{1}{4} \cos(4x)\right)
\]

\[
= \frac{1}{4} x \sin(4x) + \frac{1}{16} \cos(4x)
\]

Substitute back:

\[
\int x^2 \sin(4x) \, dx = -\frac{1}{4} x^2 \cos(4x) + \frac{1}{2} \left( \frac{1}{4} x \sin(4x) + \frac{1}{16} \cos(4x) \right)
\]

\[
= -\frac{1}{4} x^2 \cos(4x) + \frac{1}{8} x \sin(4x) + \frac{1}{32} \cos(4x)
\]

Substitute back into the original expression:

\[
\int x^3 \cos(4x) \, dx = \frac{1}{4} x^3 \sin(4x) - \frac{3}{4} \left( -\frac{1}{4} x^2 \cos(4x) + \frac{1}{8} x \sin(4x) + \frac{1}{32} \cos(4x) \right)
\]

Distribute \(-\frac{3}{4}\):

\[
= \frac{1}{4} x^3 \sin(4x) + \frac{3}{16} x^2 \cos(4x) - \frac{3}{32} x \sin(4x) - \frac{3}{128} \cos(4x)
\]

Thus, the final antiderivative is:

\[
\boxed{\frac{1}{4} x^3 \sin(4x) + \frac{3}{16} x^2 \cos(4x) - \frac{3}{32} x \sin(4x) - \frac{3}{128} \cos(4x) + C}
\]

where \( C \) is the constant of integration.",dot \frac{1}{4} \sin(4x) [-] \int \frac{1}{4} \sin(4x,490,agent_c1_leftright,high,First between-terms sign of the instantiated IBP application (minus between the uv term and the integral term); abstract formula lines and u/v setup signs skipped.,PASS
ibp_pts_n2_b17,Phi-4,integration_by_parts,,,,correct,- \frac{x^{2} \cos{\left(17 x \right)}}{17} + \frac{2 x \sin{\left(17 x \right)}}{289} + \frac{2 \cos{\left(17 x \right)}}{4913},-,+,1043,"<|im_start|>system<|im_sep|>You are a precise mathematical assistant. Show all computation steps clearly. Always put your final simplified antiderivative inside \boxed{}.<|im_end|><|im_start|>user<|im_sep|>Evaluate the following integral step by step.

∫ x^2 · sin(17x) dx

This is a polynomial-trigonometric integral. Work step by step using integration by parts.

Show all steps clearly and put your final simplified antiderivative inside \boxed{}.<|im_end|><|im_start|>assistant<|im_sep|>To evaluate the integral \(\int x^2 \sin(17x) \, dx\), we will use integration by parts. The formula for integration by parts is:

\[
\int u \, dv = uv - \int v \, du
\]

We will apply integration by parts twice. First, let's choose:

- \( u = x^2 \) \(\Rightarrow\) \( du = 2x \, dx \)
- \( dv = \sin(17x) \, dx \) \(\Rightarrow\) \( v = -\frac{1}{17} \cos(17x) \)

Now apply integration by parts:

\[
\int x^2 \sin(17x) \, dx = uv - \int v \, du
\]

Substitute \( u \), \( du \), \( v \), and \( dv \):

\[
= x^2 \left(-\frac{1}{17} \cos(17x)\right) - \int \left(-\frac{1}{17} \cos(17x)\right) (2x \, dx)
\]

Simplify:

\[
= -\frac{1}{17} x^2 \cos(17x) + \frac{2}{17} \int x \cos(17x) \, dx
\]

Now, we need to evaluate \(\int x \cos(17x) \, dx\) using integration by parts again. Choose:

- \( u = x \) \(\Rightarrow\) \( du = dx \)
- \( dv = \cos(17x) \, dx \) \(\Rightarrow\) \( v = \frac{1}{17} \sin(17x) \)

Apply integration by parts:

\[
\int x \cos(17x) \, dx = uv - \int v \, du
\]

Substitute \( u \), \( du \), \( v \), and \( dv \):

\[
= x \left(\frac{1}{17} \sin(17x)\right) - \int \left(\frac{1}{17} \sin(17x)\right) \, dx
\]

Simplify:

\[
= \frac{1}{17} x \sin(17x) - \frac{1}{17} \int \sin(17x) \, dx
\]

Evaluate \(\int \sin(17x) \, dx\):

\[
\int \sin(17x) \, dx = -\frac{1}{17} \cos(17x) + C
\]

Substitute back:

\[
= \frac{1}{17} x \sin(17x) + \frac{1}{17^2} \cos(17x)
\]

Now substitute this result back into the expression for \(\int x^2 \sin(17x) \, dx\):

\[
\int x^2 \sin(17x) \, dx = -\frac{1}{17} x^2 \cos(17x) + \frac{2}{17} \left( \frac{1}{17} x \sin(17x) + \frac{1}{17^2} \cos(17x) \right)
\]

Simplify:

\[
= -\frac{1}{17} x^2 \cos(17x) + \frac{2}{17^2} x \sin(17x) + \frac{2}{17^3} \cos(17x)
\]

Combine terms:

\[
= -\frac{1}{17} x^2 \cos(17x) + \frac{2}{289} x \sin(17x) + \frac{2}{4913} \cos(17x) + C
\]

Thus, the final simplified antiderivative is:

\[
\boxed{-\frac{1}{17} x^2 \cos(17x) + \frac{2}{289} x \sin(17x) + \frac{2}{4913} \cos(17x) + C}
\]","To evaluate the integral \(\int x^2 \sin(17x) \, dx\), we will use integration by parts. The formula for integration by parts is:

\[
\int u \, dv = uv - \int v \, du
\]

We will apply integration by parts twice. First, let's choose:

- \( u = x^2 \) \(\Rightarrow\) \( du = 2x \, dx \)
- \( dv = \sin(17x) \, dx \) \(\Rightarrow\) \( v = -\frac{1}{17} \cos(17x) \)

Now apply integration by parts:

\[
\int x^2 \sin(17x) \, dx = uv - \int v \, du
\]

Substitute \( u \), \( du \), \( v \), and \( dv \):

\[
= x^2 \left(-\frac{1}{17} \cos(17x)\right) - \int \left(-\frac{1}{17} \cos(17x)\right) (2x \, dx)
\]

Simplify:

\[
= -\frac{1}{17} x^2 \cos(17x) + \frac{2}{17} \int x \cos(17x) \, dx
\]

Now, we need to evaluate \(\int x \cos(17x) \, dx\) using integration by parts again. Choose:

- \( u = x \) \(\Rightarrow\) \( du = dx \)
- \( dv = \cos(17x) \, dx \) \(\Rightarrow\) \( v = \frac{1}{17} \sin(17x) \)

Apply integration by parts:

\[
\int x \cos(17x) \, dx = uv - \int v \, du
\]

Substitute \( u \), \( du \), \( v \), and \( dv \):

\[
= x \left(\frac{1}{17} \sin(17x)\right) - \int \left(\frac{1}{17} \sin(17x)\right) \, dx
\]

Simplify:

\[
= \frac{1}{17} x \sin(17x) - \frac{1}{17} \int \sin(17x) \, dx
\]

Evaluate \(\int \sin(17x) \, dx\):

\[
\int \sin(17x) \, dx = -\frac{1}{17} \cos(17x) + C
\]

Substitute back:

\[
= \frac{1}{17} x \sin(17x) + \frac{1}{17^2} \cos(17x)
\]

Now substitute this result back into the expression for \(\int x^2 \sin(17x) \, dx\):

\[
\int x^2 \sin(17x) \, dx = -\frac{1}{17} x^2 \cos(17x) + \frac{2}{17} \left( \frac{1}{17} x \sin(17x) + \frac{1}{17^2} \cos(17x) \right)
\]

Simplify:

\[
= -\frac{1}{17} x^2 \cos(17x) + \frac{2}{17^2} x \sin(17x) + \frac{2}{17^3} \cos(17x)
\]

Combine terms:

\[
= -\frac{1}{17} x^2 \cos(17x) + \frac{2}{289} x \sin(17x) + \frac{2}{4913} \cos(17x) + C
\]

Thus, the final simplified antiderivative is:

\[
\boxed{-\frac{1}{17} x^2 \cos(17x) + \frac{2}{289} x \sin(17x) + \frac{2}{4913} \cos(17x) + C}
\]",{1}{17} \cos(17x)\right) [-] \int \left(-\frac{1}{17},491,agent_c1_leftright,high,First between-terms sign of the instantiated IBP application (minus between the uv term and the integral term); abstract formula lines and u/v setup signs skipped.,PASS
ibp_pts_n5_b59,Phi-4,integration_by_parts,,,,correct,- \frac{x^{5} \cos{\left(59 x \right)}}{59} + \frac{5 x^{4} \sin{\left(59 x \right)}}{3481} + \frac{20 x^{3} \cos{\left(59 x \right)}}{205379} - \frac{60 x^{2} \sin{\left(59 x \right)}}{12117361} - \frac{120 x \cos{\left(59 x \right)}}{714924299} + \frac{120 \sin{\left(59 x \right)}}{42180533641},-,+,1069,"<|im_start|>system<|im_sep|>You are a precise mathematical assistant. Show all computation steps clearly. Always put your final simplified antiderivative inside \boxed{}.<|im_end|><|im_start|>user<|im_sep|>Evaluate the following integral step by step.

∫ x^5 · sin(59x) dx

This is a polynomial-trigonometric integral. Work step by step using integration by parts.

Show all steps clearly and put your final simplified antiderivative inside \boxed{}.<|im_end|><|im_start|>assistant<|im_sep|>To evaluate the integral \(\int x^5 \sin(59x) \, dx\), we will use the method of integration by parts. The formula for integration by parts is:

\[
\int u \, dv = uv - \int v \, du
\]

We will apply integration by parts repeatedly. Let's start by choosing:

- \( u = x^5 \) \(\Rightarrow\) \( du = 5x^4 \, dx \)
- \( dv = \sin(59x) \, dx \) \(\Rightarrow\) \( v = -\frac{1}{59} \cos(59x) \)

Now, apply integration by parts:

\[
\int x^5 \sin(59x) \, dx = uv - \int v \, du
\]

Substitute \( u \), \( du \), \( v \), and \( dv \):

\[
= x^5 \left(-\frac{1}{59} \cos(59x)\right) - \int \left(-\frac{1}{59} \cos(59x)\right) (5x^4) \, dx
\]

\[
= -\frac{1}{59} x^5 \cos(59x) + \frac{5}{59} \int x^4 \cos(59x) \, dx
\]

Now, we need to evaluate \(\int x^4 \cos(59x) \, dx\) using integration by parts again. Choose:

- \( u = x^4 \) \(\Rightarrow\) \( du = 4x^3 \, dx \)
- \( dv = \cos(59x) \, dx \) \(\Rightarrow\) \( v = \frac{1}{59} \sin(59x) \)

Apply integration by parts:

\[
\int x^4 \cos(59x) \, dx = uv - \int v \, du
\]

\[
= x^4 \left(\frac{1}{59} \sin(59x)\right) - \int \left(\frac{1}{59} \sin(59x)\right) (4x^3) \, dx
\]

\[
= \frac{1}{59} x^4 \sin(59x) - \frac{4}{59} \int x^3 \sin(59x) \, dx
\]

Substitute back:

\[
\int x^5 \sin(59x) \, dx = -\frac{1}{59} x^5 \cos(59x) + \frac{5}{59} \left( \frac{1}{59} x^4 \sin(59x) - \frac{4}{59} \int x^3 \sin(59x) \, dx \right)
\]

\[
= -\frac{1}{59} x^5 \cos(59x) + \frac{5}{59^2} x^4 \sin(59x) - \frac{20}{59^2} \int x^3 \sin(59x) \, dx
\]

Repeat the process for \(\int x^3 \sin(59x) \, dx\):

Choose:

- \( u = x^3 \) \(\Rightarrow\) \( du = 3x^2 \, dx \)
- \( dv = \sin(59x) \, dx \) \(\Rightarrow\) \( v = -\frac{1}{59} \cos(59x) \)

Apply integration by parts:

\[
\int x^3 \sin(59x) \, dx = uv - \int v \, du
\]

\[
= x^3 \left(-\frac{1}{59} \cos(59x)\right) - \int \left(-\frac{1}{59} \cos(59x)\right) (3x^2) \, dx
\]

\[
= -\frac{1}{59} x^3 \cos(59x) + \frac{3}{59} \int x^2 \cos(59x) \, dx
\]

Substitute back:

\[
\int x^5 \sin(59x) \, dx = -\frac{1}{59} x^5 \cos(59x) + \frac{5}{59^2} x^4 \sin(59x) - \frac{20}{59^2} \left( -\frac{1}{59} x^3 \cos(59x) + \frac{3}{59} \int x^2 \cos(59x) \, dx \right)
\]

\[
= -\frac{1}{59} x^5 \cos(59x) + \frac{5}{59^2} x^4 \sin(59x) + \frac{20}{59^3} x^3 \cos(59x) - \frac{60}{59^3} \int x^2 \cos(59x) \, dx
\]

Continue this process for \(\int x^2 \cos(59x) \, dx\):

Choose:

- \( u = x^2 \) \(\Rightarrow\) \( du = 2x \, dx \)
- \( dv = \cos(59x) \, dx \) \(\Rightarrow\) \( v = \frac{1}{59} \sin(59x) \)

Apply integration by parts:

\[
\int x^2 \cos(59x) \, dx = uv - \int v \, du
\]

\[
= x^2 \left(\frac{1}{59} \sin(59x)\right) - \int \left(\frac{1}{59} \sin(59x)\right) (2x) \, dx
\]

\[
= \frac{1}{59} x^2 \sin(59x) - \frac{2}{59} \int x \sin(59x) \, dx
\]

Substitute back:

\[
\int x^5 \sin(59x) \, dx = -\frac{1}{59} x^5 \cos(59x) + \frac{5}{59^2} x^4 \sin(59x) + \frac{20}{59^3} x^3 \cos(59x) - \frac{60}{59^3} \left( \frac{1}{59} x^2 \sin(59x) - \frac{2}{59} \int x \sin(59x) \, dx \right)
\]

\[
= -\frac{1}{59} x^5 \cos(59x) + \frac{5}{59^2} x^4 \sin(59x) + \frac{20}{59^3} x^3 \cos(59x) - \frac{60}{59^4} x^2 \sin(59x) + \frac{120}{59^4} \int x \sin(59x) \, dx
\]

Continue for \(\int x \sin(59x) \, dx\):

Choose:

- \( u = x \) \(\Rightarrow\) \( du = dx \)
- \( dv = \sin(59x) \, dx \) \(\Rightarrow\) \( v = -\frac{1}{59} \cos(59x) \)

Apply integration by parts:

\[
\int x \sin(59x) \, dx = uv - \int v \, du
\]

\[
= x \left(-\frac{1}{59} \cos(59x)\right) - \int \left(-\frac{1}{59} \cos(59x)\right) \, dx
\]

\[
= -\frac{1}{59} x \cos(59x) + \frac{1}{59} \int \cos(59x) \, dx
\]

\[
= -\frac{1}{59} x \cos(59x) + \frac{1}{59} \left(\frac{1}{59} \sin(59x)\right)
\]

\[
= -\frac{1}{59} x \cos(59x) + \frac{1}{59^2} \sin(59x)
\]

Substitute back:

\[
\int x^5 \sin(59x) \, dx = -\frac{1}{59} x^5 \cos(59x) + \frac{5}{59^2} x^4 \sin(59x) + \frac{20}{59^3} x^3 \cos(59x) - \frac{60}{59^4} x^2 \sin(59x) + \frac{120}{59^4} \left( -\frac{1}{59} x \cos(59x) + \frac{1}{59^2} \sin(59x) \right)
\]

\[
= -\frac{1}{59} x^5 \cos(59x) + \frac{5}{59^2} x^4 \sin(59x) + \frac{20}{59^3} x^3 \cos(59x) - \frac{60}{59^4} x^2 \sin(59x) - \frac{120}{59^5} x \cos(59x) + \frac{120}{59^6} \sin(59x)
\]

Thus, the final antiderivative is:

\[
\boxed{-\frac{1}{59} x^5 \cos(59x) + \frac{5}{59^2} x^4 \sin(59x) + \frac{20}{59^3} x^3 \cos(59x) - \frac{60}{59^4} x^2 \sin(59x) - \frac{120}{59^5} x \cos(59x) + \frac{120}{59^6} \sin(59x) + C}}
\]

where \( C \) is the constant of integration.","To evaluate the integral \(\int x^5 \sin(59x) \, dx\), we will use the method of integration by parts. The formula for integration by parts is:

\[
\int u \, dv = uv - \int v \, du
\]

We will apply integration by parts repeatedly. Let's start by choosing:

- \( u = x^5 \) \(\Rightarrow\) \( du = 5x^4 \, dx \)
- \( dv = \sin(59x) \, dx \) \(\Rightarrow\) \( v = -\frac{1}{59} \cos(59x) \)

Now, apply integration by parts:

\[
\int x^5 \sin(59x) \, dx = uv - \int v \, du
\]

Substitute \( u \), \( du \), \( v \), and \( dv \):

\[
= x^5 \left(-\frac{1}{59} \cos(59x)\right) - \int \left(-\frac{1}{59} \cos(59x)\right) (5x^4) \, dx
\]

\[
= -\frac{1}{59} x^5 \cos(59x) + \frac{5}{59} \int x^4 \cos(59x) \, dx
\]

Now, we need to evaluate \(\int x^4 \cos(59x) \, dx\) using integration by parts again. Choose:

- \( u = x^4 \) \(\Rightarrow\) \( du = 4x^3 \, dx \)
- \( dv = \cos(59x) \, dx \) \(\Rightarrow\) \( v = \frac{1}{59} \sin(59x) \)

Apply integration by parts:

\[
\int x^4 \cos(59x) \, dx = uv - \int v \, du
\]

\[
= x^4 \left(\frac{1}{59} \sin(59x)\right) - \int \left(\frac{1}{59} \sin(59x)\right) (4x^3) \, dx
\]

\[
= \frac{1}{59} x^4 \sin(59x) - \frac{4}{59} \int x^3 \sin(59x) \, dx
\]

Substitute back:

\[
\int x^5 \sin(59x) \, dx = -\frac{1}{59} x^5 \cos(59x) + \frac{5}{59} \left( \frac{1}{59} x^4 \sin(59x) - \frac{4}{59} \int x^3 \sin(59x) \, dx \right)
\]

\[
= -\frac{1}{59} x^5 \cos(59x) + \frac{5}{59^2} x^4 \sin(59x) - \frac{20}{59^2} \int x^3 \sin(59x) \, dx
\]

Repeat the process for \(\int x^3 \sin(59x) \, dx\):

Choose:

- \( u = x^3 \) \(\Rightarrow\) \( du = 3x^2 \, dx \)
- \( dv = \sin(59x) \, dx \) \(\Rightarrow\) \( v = -\frac{1}{59} \cos(59x) \)

Apply integration by parts:

\[
\int x^3 \sin(59x) \, dx = uv - \int v \, du
\]

\[
= x^3 \left(-\frac{1}{59} \cos(59x)\right) - \int \left(-\frac{1}{59} \cos(59x)\right) (3x^2) \, dx
\]

\[
= -\frac{1}{59} x^3 \cos(59x) + \frac{3}{59} \int x^2 \cos(59x) \, dx
\]

Substitute back:

\[
\int x^5 \sin(59x) \, dx = -\frac{1}{59} x^5 \cos(59x) + \frac{5}{59^2} x^4 \sin(59x) - \frac{20}{59^2} \left( -\frac{1}{59} x^3 \cos(59x) + \frac{3}{59} \int x^2 \cos(59x) \, dx \right)
\]

\[
= -\frac{1}{59} x^5 \cos(59x) + \frac{5}{59^2} x^4 \sin(59x) + \frac{20}{59^3} x^3 \cos(59x) - \frac{60}{59^3} \int x^2 \cos(59x) \, dx
\]

Continue this process for \(\int x^2 \cos(59x) \, dx\):

Choose:

- \( u = x^2 \) \(\Rightarrow\) \( du = 2x \, dx \)
- \( dv = \cos(59x) \, dx \) \(\Rightarrow\) \( v = \frac{1}{59} \sin(59x) \)

Apply integration by parts:

\[
\int x^2 \cos(59x) \, dx = uv - \int v \, du
\]

\[
= x^2 \left(\frac{1}{59} \sin(59x)\right) - \int \left(\frac{1}{59} \sin(59x)\right) (2x) \, dx
\]

\[
= \frac{1}{59} x^2 \sin(59x) - \frac{2}{59} \int x \sin(59x) \, dx
\]

Substitute back:

\[
\int x^5 \sin(59x) \, dx = -\frac{1}{59} x^5 \cos(59x) + \frac{5}{59^2} x^4 \sin(59x) + \frac{20}{59^3} x^3 \cos(59x) - \frac{60}{59^3} \left( \frac{1}{59} x^2 \sin(59x) - \frac{2}{59} \int x \sin(59x) \, dx \right)
\]

\[
= -\frac{1}{59} x^5 \cos(59x) + \frac{5}{59^2} x^4 \sin(59x) + \frac{20}{59^3} x^3 \cos(59x) - \frac{60}{59^4} x^2 \sin(59x) + \frac{120}{59^4} \int x \sin(59x) \, dx
\]

Continue for \(\int x \sin(59x) \, dx\):

Choose:

- \( u = x \) \(\Rightarrow\) \( du = dx \)
- \( dv = \sin(59x) \, dx \) \(\Rightarrow\) \( v = -\frac{1}{59} \cos(59x) \)

Apply integration by parts:

\[
\int x \sin(59x) \, dx = uv - \int v \, du
\]

\[
= x \left(-\frac{1}{59} \cos(59x)\right) - \int \left(-\frac{1}{59} \cos(59x)\right) \, dx
\]

\[
= -\frac{1}{59} x \cos(59x) + \frac{1}{59} \int \cos(59x) \, dx
\]

\[
= -\frac{1}{59} x \cos(59x) + \frac{1}{59} \left(\frac{1}{59} \sin(59x)\right)
\]

\[
= -\frac{1}{59} x \cos(59x) + \frac{1}{59^2} \sin(59x)
\]

Substitute back:

\[
\int x^5 \sin(59x) \, dx = -\frac{1}{59} x^5 \cos(59x) + \frac{5}{59^2} x^4 \sin(59x) + \frac{20}{59^3} x^3 \cos(59x) - \frac{60}{59^4} x^2 \sin(59x) + \frac{120}{59^4} \left( -\frac{1}{59} x \cos(59x) + \frac{1}{59^2} \sin(59x) \right)
\]

\[
= -\frac{1}{59} x^5 \cos(59x) + \frac{5}{59^2} x^4 \sin(59x) + \frac{20}{59^3} x^3 \cos(59x) - \frac{60}{59^4} x^2 \sin(59x) - \frac{120}{59^5} x \cos(59x) + \frac{120}{59^6} \sin(59x)
\]

Thus, the final antiderivative is:

\[
\boxed{-\frac{1}{59} x^5 \cos(59x) + \frac{5}{59^2} x^4 \sin(59x) + \frac{20}{59^3} x^3 \cos(59x) - \frac{60}{59^4} x^2 \sin(59x) - \frac{120}{59^5} x \cos(59x) + \frac{120}{59^6} \sin(59x) + C}}
\]

where \( C \) is the constant of integration.",{1}{59} \cos(59x)\right) [-] \int \left(-\frac{1}{59},491,agent_c1_leftright,high,First between-terms sign of the instantiated IBP application (minus between the uv term and the integral term); abstract formula lines and u/v setup signs skipped.,PASS
ibp_ptc_n10_b199,Phi-4,integration_by_parts,,,,correct,\frac{x^{10} \sin{\left(199 x \right)}}{199} + \frac{10 x^{9} \cos{\left(199 x \right)}}{39601} - \frac{90 x^{8} \sin{\left(199 x \right)}}{7880599} - \frac{720 x^{7} \cos{\left(199 x \right)}}{1568239201} + \frac{5040 x^{6} \sin{\left(199 x \right)}}{312079600999} + \frac{30240 x^{5} \cos{\left(199 x \right)}}{62103840598801} - \frac{151200 x^{4} \sin{\left(199 x \right)}}{12358664279161399} - \frac{604800 x^{3} \cos{\left(199 x \right)}}{2459374191553118401} + \frac{1814400 x^{2} \sin{\left(199 x \right)}}{489415464119070561799} + \frac{3628800 x \cos{\left(199 x \right)}}{97393677359695041798001} - \frac{3628800 \sin{\left(199 x \right)}}{19381341794579313317802199},-,+,979,"<|im_start|>system<|im_sep|>You are a precise mathematical assistant. Show all computation steps clearly. Always put your final simplified antiderivative inside \boxed{}.<|im_end|><|im_start|>user<|im_sep|>Evaluate the following integral step by step.

∫ x^10 · cos(199x) dx

This is a polynomial-trigonometric integral. Work step by step using integration by parts.

Show all steps clearly and put your final simplified antiderivative inside \boxed{}.<|im_end|><|im_start|>assistant<|im_sep|>To evaluate the integral \(\int x^{10} \cos(199x) \, dx\), we will use integration by parts. The formula for integration by parts is:

\[
\int u \, dv = uv - \int v \, du
\]

We will apply this formula repeatedly. Let's start by choosing:

- \( u = x^{10} \) \(\Rightarrow\) \( du = 10x^9 \, dx \)
- \( dv = \cos(199x) \, dx \) \(\Rightarrow\) \( v = \frac{1}{199} \sin(199x) \)

Now, apply integration by parts:

\[
\int x^{10} \cos(199x) \, dx = x^{10} \cdot \frac{1}{199} \sin(199x) - \int \frac{1}{199} \sin(199x) \cdot 10x^9 \, dx
\]

Simplify:

\[
= \frac{1}{199} x^{10} \sin(199x) - \frac{10}{199} \int x^9 \sin(199x) \, dx
\]

Now, apply integration by parts to \(\int x^9 \sin(199x) \, dx\). Choose:

- \( u = x^9 \) \(\Rightarrow\) \( du = 9x^8 \, dx \)
- \( dv = \sin(199x) \, dx \) \(\Rightarrow\) \( v = -\frac{1}{199} \cos(199x) \)

Apply integration by parts:

\[
\int x^9 \sin(199x) \, dx = -\frac{1}{199} x^9 \cos(199x) - \int -\frac{1}{199} \cos(199x) \cdot 9x^8 \, dx
\]

Simplify:

\[
= -\frac{1}{199} x^9 \cos(199x) + \frac{9}{199} \int x^8 \cos(199x) \, dx
\]

Substitute back:

\[
\int x^{10} \cos(199x) \, dx = \frac{1}{199} x^{10} \sin(199x) - \frac{10}{199} \left( -\frac{1}{199} x^9 \cos(199x) + \frac{9}{199} \int x^8 \cos(199x) \, dx \right)
\]

Simplify:

\[
= \frac{1}{199} x^{10} \sin(199x) + \frac{10}{199^2} x^9 \cos(199x) - \frac{90}{199^2} \int x^8 \cos(199x) \, dx
\]

This process continues, reducing the power of \(x\) by 1 each time, alternating between \(\cos\) and \(\sin\), and adjusting the coefficients accordingly. The pattern is:

\[
\int x^n \cos(199x) \, dx = \frac{1}{199} x^n \sin(199x) + \frac{n}{199^2} x^{n-1} \cos(199x) - \frac{n(n-1)}{199^3} \int x^{n-2} \cos(199x) \, dx
\]

Continue this process until the power of \(x\) is reduced to zero. The final result will be a sum of terms involving \(x^k \sin(199x)\) and \(x^k \cos(199x)\) for \(k = 0, 1, \ldots, 10\), plus a constant of integration \(C\).

The final antiderivative is:

\[
\boxed{\frac{1}{199} x^{10} \sin(199x) + \frac{10}{199^2} x^9 \cos(199x) - \frac{90}{199^3} x^8 \sin(199x) - \frac{720}{199^4} x^7 \cos(199x) + \frac{5040}{199^5} x^6 \sin(199x) + \frac{30240}{199^6} x^5 \cos(199x) - \frac{151200}{199^7} x^4 \sin(199x) - \frac{604800}{199^8} x^3 \cos(199x) + \frac{1814400}{199^9} x^2 \sin(199x) + \frac{3628800}{199^{10}} x \cos(199x) - \frac{3628800}{199^{11}} \sin(199x) + C}
\]","To evaluate the integral \(\int x^{10} \cos(199x) \, dx\), we will use integration by parts. The formula for integration by parts is:

\[
\int u \, dv = uv - \int v \, du
\]

We will apply this formula repeatedly. Let's start by choosing:

- \( u = x^{10} \) \(\Rightarrow\) \( du = 10x^9 \, dx \)
- \( dv = \cos(199x) \, dx \) \(\Rightarrow\) \( v = \frac{1}{199} \sin(199x) \)

Now, apply integration by parts:

\[
\int x^{10} \cos(199x) \, dx = x^{10} \cdot \frac{1}{199} \sin(199x) - \int \frac{1}{199} \sin(199x) \cdot 10x^9 \, dx
\]

Simplify:

\[
= \frac{1}{199} x^{10} \sin(199x) - \frac{10}{199} \int x^9 \sin(199x) \, dx
\]

Now, apply integration by parts to \(\int x^9 \sin(199x) \, dx\). Choose:

- \( u = x^9 \) \(\Rightarrow\) \( du = 9x^8 \, dx \)
- \( dv = \sin(199x) \, dx \) \(\Rightarrow\) \( v = -\frac{1}{199} \cos(199x) \)

Apply integration by parts:

\[
\int x^9 \sin(199x) \, dx = -\frac{1}{199} x^9 \cos(199x) - \int -\frac{1}{199} \cos(199x) \cdot 9x^8 \, dx
\]

Simplify:

\[
= -\frac{1}{199} x^9 \cos(199x) + \frac{9}{199} \int x^8 \cos(199x) \, dx
\]

Substitute back:

\[
\int x^{10} \cos(199x) \, dx = \frac{1}{199} x^{10} \sin(199x) - \frac{10}{199} \left( -\frac{1}{199} x^9 \cos(199x) + \frac{9}{199} \int x^8 \cos(199x) \, dx \right)
\]

Simplify:

\[
= \frac{1}{199} x^{10} \sin(199x) + \frac{10}{199^2} x^9 \cos(199x) - \frac{90}{199^2} \int x^8 \cos(199x) \, dx
\]

This process continues, reducing the power of \(x\) by 1 each time, alternating between \(\cos\) and \(\sin\), and adjusting the coefficients accordingly. The pattern is:

\[
\int x^n \cos(199x) \, dx = \frac{1}{199} x^n \sin(199x) + \frac{n}{199^2} x^{n-1} \cos(199x) - \frac{n(n-1)}{199^3} \int x^{n-2} \cos(199x) \, dx
\]

Continue this process until the power of \(x\) is reduced to zero. The final result will be a sum of terms involving \(x^k \sin(199x)\) and \(x^k \cos(199x)\) for \(k = 0, 1, \ldots, 10\), plus a constant of integration \(C\).

The final antiderivative is:

\[
\boxed{\frac{1}{199} x^{10} \sin(199x) + \frac{10}{199^2} x^9 \cos(199x) - \frac{90}{199^3} x^8 \sin(199x) - \frac{720}{199^4} x^7 \cos(199x) + \frac{5040}{199^5} x^6 \sin(199x) + \frac{30240}{199^6} x^5 \cos(199x) - \frac{151200}{199^7} x^4 \sin(199x) - \frac{604800}{199^8} x^3 \cos(199x) + \frac{1814400}{199^9} x^2 \sin(199x) + \frac{3628800}{199^{10}} x \cos(199x) - \frac{3628800}{199^{11}} \sin(199x) + C}
\]",\frac{1}{199} \sin(199x) [-] \int \frac{1}{199} \sin(,493,agent_c1_leftright,high,First between-terms sign of the instantiated IBP application (minus between the uv term and the integral term); abstract formula lines and u/v setup signs skipped.,PASS
ibp_pts_n3_b9,Phi-4,integration_by_parts,,,,correct,- \frac{x^{3} \cos{\left(9 x \right)}}{9} + \frac{x^{2} \sin{\left(9 x \right)}}{27} + \frac{2 x \cos{\left(9 x \right)}}{243} - \frac{2 \sin{\left(9 x \right)}}{2187},-,+,997,"<|im_start|>system<|im_sep|>You are a precise mathematical assistant. Show all computation steps clearly. Always put your final simplified antiderivative inside \boxed{}.<|im_end|><|im_start|>user<|im_sep|>Evaluate the following integral step by step.

∫ x^3 · sin(9x) dx

This is a polynomial-trigonometric integral. Work step by step using integration by parts.

Show all steps clearly and put your final simplified antiderivative inside \boxed{}.<|im_end|><|im_start|>assistant<|im_sep|>To evaluate the integral \(\int x^3 \sin(9x) \, dx\), we will use integration by parts. The formula for integration by parts is:

\[
\int u \, dv = uv - \int v \, du
\]

We will apply integration by parts multiple times. Let's start by choosing:

- \( u = x^3 \) \(\Rightarrow\) \( du = 3x^2 \, dx \)
- \( dv = \sin(9x) \, dx \) \(\Rightarrow\) \( v = -\frac{1}{9} \cos(9x) \)

Now, apply integration by parts:

\[
\int x^3 \sin(9x) \, dx = uv - \int v \, du
\]

\[
= x^3 \left(-\frac{1}{9} \cos(9x)\right) - \int \left(-\frac{1}{9} \cos(9x)\right) (3x^2) \, dx
\]

\[
= -\frac{1}{9} x^3 \cos(9x) + \frac{1}{3} \int x^2 \cos(9x) \, dx
\]

Now, we need to evaluate \(\int x^2 \cos(9x) \, dx\) using integration by parts again. Choose:

- \( u = x^2 \) \(\Rightarrow\) \( du = 2x \, dx \)
- \( dv = \cos(9x) \, dx \) \(\Rightarrow\) \( v = \frac{1}{9} \sin(9x) \)

Apply integration by parts:

\[
\int x^2 \cos(9x) \, dx = uv - \int v \, du
\]

\[
= x^2 \left(\frac{1}{9} \sin(9x)\right) - \int \left(\frac{1}{9} \sin(9x)\right) (2x) \, dx
\]

\[
= \frac{1}{9} x^2 \sin(9x) - \frac{2}{9} \int x \sin(9x) \, dx
\]

Now, evaluate \(\int x \sin(9x) \, dx\) using integration by parts. Choose:

- \( u = x \) \(\Rightarrow\) \( du = dx \)
- \( dv = \sin(9x) \, dx \) \(\Rightarrow\) \( v = -\frac{1}{9} \cos(9x) \)

Apply integration by parts:

\[
\int x \sin(9x) \, dx = uv - \int v \, du
\]

\[
= x \left(-\frac{1}{9} \cos(9x)\right) - \int \left(-\frac{1}{9} \cos(9x)\right) \, dx
\]

\[
= -\frac{1}{9} x \cos(9x) + \frac{1}{9} \int \cos(9x) \, dx
\]

\[
= -\frac{1}{9} x \cos(9x) + \frac{1}{81} \sin(9x)
\]

Substitute back into the previous expression:

\[
\int x^2 \cos(9x) \, dx = \frac{1}{9} x^2 \sin(9x) - \frac{2}{9} \left(-\frac{1}{9} x \cos(9x) + \frac{1}{81} \sin(9x)\right)
\]

\[
= \frac{1}{9} x^2 \sin(9x) + \frac{2}{81} x \cos(9x) - \frac{2}{729} \sin(9x)
\]

Substitute back into the original expression:

\[
\int x^3 \sin(9x) \, dx = -\frac{1}{9} x^3 \cos(9x) + \frac{1}{3} \left(\frac{1}{9} x^2 \sin(9x) + \frac{2}{81} x \cos(9x) - \frac{2}{729} \sin(9x)\right)
\]

\[
= -\frac{1}{9} x^3 \cos(9x) + \frac{1}{27} x^2 \sin(9x) + \frac{2}{243} x \cos(9x) - \frac{2}{2187} \sin(9x)
\]

Thus, the final simplified antiderivative is:

\[
\boxed{-\frac{1}{9} x^3 \cos(9x) + \frac{1}{27} x^2 \sin(9x) + \frac{2}{243} x \cos(9x) - \frac{2}{2187} \sin(9x) + C}
\]

where \( C \) is the constant of integration.","To evaluate the integral \(\int x^3 \sin(9x) \, dx\), we will use integration by parts. The formula for integration by parts is:

\[
\int u \, dv = uv - \int v \, du
\]

We will apply integration by parts multiple times. Let's start by choosing:

- \( u = x^3 \) \(\Rightarrow\) \( du = 3x^2 \, dx \)
- \( dv = \sin(9x) \, dx \) \(\Rightarrow\) \( v = -\frac{1}{9} \cos(9x) \)

Now, apply integration by parts:

\[
\int x^3 \sin(9x) \, dx = uv - \int v \, du
\]

\[
= x^3 \left(-\frac{1}{9} \cos(9x)\right) - \int \left(-\frac{1}{9} \cos(9x)\right) (3x^2) \, dx
\]

\[
= -\frac{1}{9} x^3 \cos(9x) + \frac{1}{3} \int x^2 \cos(9x) \, dx
\]

Now, we need to evaluate \(\int x^2 \cos(9x) \, dx\) using integration by parts again. Choose:

- \( u = x^2 \) \(\Rightarrow\) \( du = 2x \, dx \)
- \( dv = \cos(9x) \, dx \) \(\Rightarrow\) \( v = \frac{1}{9} \sin(9x) \)

Apply integration by parts:

\[
\int x^2 \cos(9x) \, dx = uv - \int v \, du
\]

\[
= x^2 \left(\frac{1}{9} \sin(9x)\right) - \int \left(\frac{1}{9} \sin(9x)\right) (2x) \, dx
\]

\[
= \frac{1}{9} x^2 \sin(9x) - \frac{2}{9} \int x \sin(9x) \, dx
\]

Now, evaluate \(\int x \sin(9x) \, dx\) using integration by parts. Choose:

- \( u = x \) \(\Rightarrow\) \( du = dx \)
- \( dv = \sin(9x) \, dx \) \(\Rightarrow\) \( v = -\frac{1}{9} \cos(9x) \)

Apply integration by parts:

\[
\int x \sin(9x) \, dx = uv - \int v \, du
\]

\[
= x \left(-\frac{1}{9} \cos(9x)\right) - \int \left(-\frac{1}{9} \cos(9x)\right) \, dx
\]

\[
= -\frac{1}{9} x \cos(9x) + \frac{1}{9} \int \cos(9x) \, dx
\]

\[
= -\frac{1}{9} x \cos(9x) + \frac{1}{81} \sin(9x)
\]

Substitute back into the previous expression:

\[
\int x^2 \cos(9x) \, dx = \frac{1}{9} x^2 \sin(9x) - \frac{2}{9} \left(-\frac{1}{9} x \cos(9x) + \frac{1}{81} \sin(9x)\right)
\]

\[
= \frac{1}{9} x^2 \sin(9x) + \frac{2}{81} x \cos(9x) - \frac{2}{729} \sin(9x)
\]

Substitute back into the original expression:

\[
\int x^3 \sin(9x) \, dx = -\frac{1}{9} x^3 \cos(9x) + \frac{1}{3} \left(\frac{1}{9} x^2 \sin(9x) + \frac{2}{81} x \cos(9x) - \frac{2}{729} \sin(9x)\right)
\]

\[
= -\frac{1}{9} x^3 \cos(9x) + \frac{1}{27} x^2 \sin(9x) + \frac{2}{243} x \cos(9x) - \frac{2}{2187} \sin(9x)
\]

Thus, the final simplified antiderivative is:

\[
\boxed{-\frac{1}{9} x^3 \cos(9x) + \frac{1}{27} x^2 \sin(9x) + \frac{2}{243} x \cos(9x) - \frac{2}{2187} \sin(9x) + C}
\]

where \( C \) is the constant of integration.",ac{1}{9} \cos(9x)\right) [-] \int \left(-\frac{1}{9} ,490,agent_c1_leftright,high,First between-terms sign of the instantiated IBP application (minus between the uv term and the integral term); abstract formula lines and u/v setup signs skipped.,PASS
ibp_ptc_n2_b17,Phi-4,integration_by_parts,,,,correct,\frac{x^{2} \sin{\left(17 x \right)}}{17} + \frac{2 x \cos{\left(17 x \right)}}{289} - \frac{2 \sin{\left(17 x \right)}}{4913},-,+,1074,"<|im_start|>system<|im_sep|>You are a precise mathematical assistant. Show all computation steps clearly. Always put your final simplified antiderivative inside \boxed{}.<|im_end|><|im_start|>user<|im_sep|>Evaluate the following integral step by step.

∫ x^2 · cos(17x) dx

This is a polynomial-trigonometric integral. Work step by step using integration by parts.

Show all steps clearly and put your final simplified antiderivative inside \boxed{}.<|im_end|><|im_start|>assistant<|im_sep|>To evaluate the integral \(\int x^2 \cos(17x) \, dx\), we will use integration by parts. The formula for integration by parts is:

\[
\int u \, dv = uv - \int v \, du
\]

We need to choose \(u\) and \(dv\) such that the resulting integral is simpler to evaluate. Let's choose:

- \(u = x^2\) \(\Rightarrow\) \(du = 2x \, dx\)
- \(dv = \cos(17x) \, dx\) \(\Rightarrow\) \(v = \frac{1}{17} \sin(17x)\)

Now, apply the integration by parts formula:

\[
\int x^2 \cos(17x) \, dx = uv - \int v \, du
\]

Substitute \(u\), \(v\), \(du\), and \(dv\):

\[
= x^2 \cdot \frac{1}{17} \sin(17x) - \int \frac{1}{17} \sin(17x) \cdot 2x \, dx
\]

Simplify:

\[
= \frac{x^2}{17} \sin(17x) - \frac{2}{17} \int x \sin(17x) \, dx
\]

Now, we need to evaluate \(\int x \sin(17x) \, dx\) using integration by parts again. Choose:

- \(u = x\) \(\Rightarrow\) \(du = dx\)
- \(dv = \sin(17x) \, dx\) \(\Rightarrow\) \(v = -\frac{1}{17} \cos(17x)\)

Apply integration by parts:

\[
\int x \sin(17x) \, dx = uv - \int v \, du
\]

Substitute \(u\), \(v\), \(du\), and \(dv\):

\[
= x \cdot \left(-\frac{1}{17} \cos(17x)\right) - \int \left(-\frac{1}{17} \cos(17x)\right) \, dx
\]

Simplify:

\[
= -\frac{x}{17} \cos(17x) + \frac{1}{17} \int \cos(17x) \, dx
\]

Evaluate \(\int \cos(17x) \, dx\):

\[
\int \cos(17x) \, dx = \frac{1}{17} \sin(17x)
\]

Substitute back:

\[
= -\frac{x}{17} \cos(17x) + \frac{1}{17} \cdot \frac{1}{17} \sin(17x)
\]

\[
= -\frac{x}{17} \cos(17x) + \frac{1}{289} \sin(17x)
\]

Now substitute this result back into the original expression:

\[
\int x^2 \cos(17x) \, dx = \frac{x^2}{17} \sin(17x) - \frac{2}{17} \left( -\frac{x}{17} \cos(17x) + \frac{1}{289} \sin(17x) \right)
\]

Distribute \(-\frac{2}{17}\):

\[
= \frac{x^2}{17} \sin(17x) + \frac{2x}{289} \cos(17x) - \frac{2}{4913} \sin(17x)
\]

Combine terms:

\[
= \frac{x^2}{17} \sin(17x) + \frac{2x}{289} \cos(17x) - \frac{2}{4913} \sin(17x)
\]

Factor out \(\sin(17x)\):

\[
= \left(\frac{x^2}{17} - \frac{2}{4913}\right) \sin(17x) + \frac{2x}{289} \cos(17x)
\]

Thus, the final antiderivative is:

\[
\boxed{\left(\frac{x^2}{17} - \frac{2}{4913}\right) \sin(17x) + \frac{2x}{289} \cos(17x) + C}
\]

where \(C\) is the constant of integration.","To evaluate the integral \(\int x^2 \cos(17x) \, dx\), we will use integration by parts. The formula for integration by parts is:

\[
\int u \, dv = uv - \int v \, du
\]

We need to choose \(u\) and \(dv\) such that the resulting integral is simpler to evaluate. Let's choose:

- \(u = x^2\) \(\Rightarrow\) \(du = 2x \, dx\)
- \(dv = \cos(17x) \, dx\) \(\Rightarrow\) \(v = \frac{1}{17} \sin(17x)\)

Now, apply the integration by parts formula:

\[
\int x^2 \cos(17x) \, dx = uv - \int v \, du
\]

Substitute \(u\), \(v\), \(du\), and \(dv\):

\[
= x^2 \cdot \frac{1}{17} \sin(17x) - \int \frac{1}{17} \sin(17x) \cdot 2x \, dx
\]

Simplify:

\[
= \frac{x^2}{17} \sin(17x) - \frac{2}{17} \int x \sin(17x) \, dx
\]

Now, we need to evaluate \(\int x \sin(17x) \, dx\) using integration by parts again. Choose:

- \(u = x\) \(\Rightarrow\) \(du = dx\)
- \(dv = \sin(17x) \, dx\) \(\Rightarrow\) \(v = -\frac{1}{17} \cos(17x)\)

Apply integration by parts:

\[
\int x \sin(17x) \, dx = uv - \int v \, du
\]

Substitute \(u\), \(v\), \(du\), and \(dv\):

\[
= x \cdot \left(-\frac{1}{17} \cos(17x)\right) - \int \left(-\frac{1}{17} \cos(17x)\right) \, dx
\]

Simplify:

\[
= -\frac{x}{17} \cos(17x) + \frac{1}{17} \int \cos(17x) \, dx
\]

Evaluate \(\int \cos(17x) \, dx\):

\[
\int \cos(17x) \, dx = \frac{1}{17} \sin(17x)
\]

Substitute back:

\[
= -\frac{x}{17} \cos(17x) + \frac{1}{17} \cdot \frac{1}{17} \sin(17x)
\]

\[
= -\frac{x}{17} \cos(17x) + \frac{1}{289} \sin(17x)
\]

Now substitute this result back into the original expression:

\[
\int x^2 \cos(17x) \, dx = \frac{x^2}{17} \sin(17x) - \frac{2}{17} \left( -\frac{x}{17} \cos(17x) + \frac{1}{289} \sin(17x) \right)
\]

Distribute \(-\frac{2}{17}\):

\[
= \frac{x^2}{17} \sin(17x) + \frac{2x}{289} \cos(17x) - \frac{2}{4913} \sin(17x)
\]

Combine terms:

\[
= \frac{x^2}{17} \sin(17x) + \frac{2x}{289} \cos(17x) - \frac{2}{4913} \sin(17x)
\]

Factor out \(\sin(17x)\):

\[
= \left(\frac{x^2}{17} - \frac{2}{4913}\right) \sin(17x) + \frac{2x}{289} \cos(17x)
\]

Thus, the final antiderivative is:

\[
\boxed{\left(\frac{x^2}{17} - \frac{2}{4913}\right) \sin(17x) + \frac{2x}{289} \cos(17x) + C}
\]

where \(C\) is the constant of integration.",t \frac{1}{17} \sin(17x) [-] \int \frac{1}{17} \sin(1,491,agent_c1_leftright,high,First between-terms sign of the instantiated IBP application (minus between the uv term and the integral term); abstract formula lines and u/v setup signs skipped.,PASS
ibp_ptc_n8_b191,Phi-4,integration_by_parts,,,,correct,\frac{x^{8} \sin{\left(191 x \right)}}{191} + \frac{8 x^{7} \cos{\left(191 x \right)}}{36481} - \frac{56 x^{6} \sin{\left(191 x \right)}}{6967871} - \frac{336 x^{5} \cos{\left(191 x \right)}}{1330863361} + \frac{1680 x^{4} \sin{\left(191 x \right)}}{254194901951} + \frac{6720 x^{3} \cos{\left(191 x \right)}}{48551226272641} - \frac{20160 x^{2} \sin{\left(191 x \right)}}{9273284218074431} - \frac{40320 x \cos{\left(191 x \right)}}{1771197285652216321} + \frac{40320 \sin{\left(191 x \right)}}{338298681559573317311},-,+,973,"<|im_start|>system<|im_sep|>You are a precise mathematical assistant. Show all computation steps clearly. Always put your final simplified antiderivative inside \boxed{}.<|im_end|><|im_start|>user<|im_sep|>Evaluate the following integral step by step.

∫ x^8 · cos(191x) dx

This is a polynomial-trigonometric integral. Work step by step using integration by parts.

Show all steps clearly and put your final simplified antiderivative inside \boxed{}.<|im_end|><|im_start|>assistant<|im_sep|>To evaluate the integral \(\int x^8 \cos(191x) \, dx\), we will use integration by parts. The formula for integration by parts is:

\[
\int u \, dv = uv - \int v \, du
\]

We will apply integration by parts repeatedly. Let's start by choosing:

- \( u = x^8 \) \(\Rightarrow\) \( du = 8x^7 \, dx \)
- \( dv = \cos(191x) \, dx \) \(\Rightarrow\) \( v = \frac{1}{191} \sin(191x) \)

Now, apply integration by parts:

\[
\int x^8 \cos(191x) \, dx = x^8 \cdot \frac{1}{191} \sin(191x) - \int \frac{1}{191} \sin(191x) \cdot 8x^7 \, dx
\]

Simplify:

\[
= \frac{x^8}{191} \sin(191x) - \frac{8}{191} \int x^7 \sin(191x) \, dx
\]

Now, apply integration by parts to \(\int x^7 \sin(191x) \, dx\). Choose:

- \( u = x^7 \) \(\Rightarrow\) \( du = 7x^6 \, dx \)
- \( dv = \sin(191x) \, dx \) \(\Rightarrow\) \( v = -\frac{1}{191} \cos(191x) \)

Apply integration by parts:

\[
\int x^7 \sin(191x) \, dx = -\frac{x^7}{191} \cos(191x) - \int -\frac{1}{191} \cos(191x) \cdot 7x^6 \, dx
\]

Simplify:

\[
= -\frac{x^7}{191} \cos(191x) + \frac{7}{191} \int x^6 \cos(191x) \, dx
\]

Substitute back:

\[
\int x^8 \cos(191x) \, dx = \frac{x^8}{191} \sin(191x) - \frac{8}{191} \left( -\frac{x^7}{191} \cos(191x) + \frac{7}{191} \int x^6 \cos(191x) \, dx \right)
\]

Simplify:

\[
= \frac{x^8}{191} \sin(191x) + \frac{8x^7}{191^2} \cos(191x) - \frac{56}{191^2} \int x^6 \cos(191x) \, dx
\]

Continue this process iteratively, reducing the power of \(x\) by 1 each time, until the integral becomes \(\int \cos(191x) \, dx\).

After repeating this process, the pattern emerges:

\[
\int x^n \cos(191x) \, dx = \frac{x^n}{191} \sin(191x) + \frac{n}{191} \int x^{n-1} \sin(191x) \, dx
\]

\[
\int x^n \sin(191x) \, dx = -\frac{x^n}{191} \cos(191x) + \frac{n}{191} \int x^{n-1} \cos(191x) \, dx
\]

Continue applying integration by parts until \(n = 0\):

\[
\int \cos(191x) \, dx = \frac{1}{191} \sin(191x)
\]

The final result, after applying integration by parts 8 times, is:

\[
\boxed{\frac{x^8}{191} \sin(191x) + \frac{8x^7}{191^2} \cos(191x) - \frac{56x^6}{191^3} \sin(191x) - \frac{336x^5}{191^4} \cos(191x) + \frac{1680x^4}{191^5} \sin(191x) + \frac{6720x^3}{191^6} \cos(191x) - \frac{20160x^2}{191^7} \sin(191x) - \frac{40320x}{191^8} \cos(191x) + \frac{40320}{191^9} \sin(191x) + C}
\]

where \(C\) is the constant of integration.","To evaluate the integral \(\int x^8 \cos(191x) \, dx\), we will use integration by parts. The formula for integration by parts is:

\[
\int u \, dv = uv - \int v \, du
\]

We will apply integration by parts repeatedly. Let's start by choosing:

- \( u = x^8 \) \(\Rightarrow\) \( du = 8x^7 \, dx \)
- \( dv = \cos(191x) \, dx \) \(\Rightarrow\) \( v = \frac{1}{191} \sin(191x) \)

Now, apply integration by parts:

\[
\int x^8 \cos(191x) \, dx = x^8 \cdot \frac{1}{191} \sin(191x) - \int \frac{1}{191} \sin(191x) \cdot 8x^7 \, dx
\]

Simplify:

\[
= \frac{x^8}{191} \sin(191x) - \frac{8}{191} \int x^7 \sin(191x) \, dx
\]

Now, apply integration by parts to \(\int x^7 \sin(191x) \, dx\). Choose:

- \( u = x^7 \) \(\Rightarrow\) \( du = 7x^6 \, dx \)
- \( dv = \sin(191x) \, dx \) \(\Rightarrow\) \( v = -\frac{1}{191} \cos(191x) \)

Apply integration by parts:

\[
\int x^7 \sin(191x) \, dx = -\frac{x^7}{191} \cos(191x) - \int -\frac{1}{191} \cos(191x) \cdot 7x^6 \, dx
\]

Simplify:

\[
= -\frac{x^7}{191} \cos(191x) + \frac{7}{191} \int x^6 \cos(191x) \, dx
\]

Substitute back:

\[
\int x^8 \cos(191x) \, dx = \frac{x^8}{191} \sin(191x) - \frac{8}{191} \left( -\frac{x^7}{191} \cos(191x) + \frac{7}{191} \int x^6 \cos(191x) \, dx \right)
\]

Simplify:

\[
= \frac{x^8}{191} \sin(191x) + \frac{8x^7}{191^2} \cos(191x) - \frac{56}{191^2} \int x^6 \cos(191x) \, dx
\]

Continue this process iteratively, reducing the power of \(x\) by 1 each time, until the integral becomes \(\int \cos(191x) \, dx\).

After repeating this process, the pattern emerges:

\[
\int x^n \cos(191x) \, dx = \frac{x^n}{191} \sin(191x) + \frac{n}{191} \int x^{n-1} \sin(191x) \, dx
\]

\[
\int x^n \sin(191x) \, dx = -\frac{x^n}{191} \cos(191x) + \frac{n}{191} \int x^{n-1} \cos(191x) \, dx
\]

Continue applying integration by parts until \(n = 0\):

\[
\int \cos(191x) \, dx = \frac{1}{191} \sin(191x)
\]

The final result, after applying integration by parts 8 times, is:

\[
\boxed{\frac{x^8}{191} \sin(191x) + \frac{8x^7}{191^2} \cos(191x) - \frac{56x^6}{191^3} \sin(191x) - \frac{336x^5}{191^4} \cos(191x) + \frac{1680x^4}{191^5} \sin(191x) + \frac{6720x^3}{191^6} \cos(191x) - \frac{20160x^2}{191^7} \sin(191x) - \frac{40320x}{191^8} \cos(191x) + \frac{40320}{191^9} \sin(191x) + C}
\]

where \(C\) is the constant of integration.",\frac{1}{191} \sin(191x) [-] \int \frac{1}{191} \sin(,492,agent_c1_leftright,high,First between-terms sign of the instantiated IBP application (minus between the uv term and the integral term); abstract formula lines and u/v setup signs skipped.,PASS
ibp_ptc_n5_b223,Phi-4,integration_by_parts,,,,correct,\frac{x^{5} \sin{\left(223 x \right)}}{223} + \frac{5 x^{4} \cos{\left(223 x \right)}}{49729} - \frac{20 x^{3} \sin{\left(223 x \right)}}{11089567} - \frac{60 x^{2} \cos{\left(223 x \right)}}{2472973441} + \frac{120 x \sin{\left(223 x \right)}}{551473077343} + \frac{120 \cos{\left(223 x \right)}}{122978496247489},-,+,979,"<|im_start|>system<|im_sep|>You are a precise mathematical assistant. Show all computation steps clearly. Always put your final simplified antiderivative inside \boxed{}.<|im_end|><|im_start|>user<|im_sep|>Evaluate the following integral step by step.

∫ x^5 · cos(223x) dx

This is a polynomial-trigonometric integral. Work step by step using integration by parts.

Show all steps clearly and put your final simplified antiderivative inside \boxed{}.<|im_end|><|im_start|>assistant<|im_sep|>To evaluate the integral \(\int x^5 \cos(223x) \, dx\), we will use the method of integration by parts. The formula for integration by parts is:

\[
\int u \, dv = uv - \int v \, du
\]

We will apply this formula repeatedly. Let's start by choosing:

- \( u = x^5 \) \(\Rightarrow\) \( du = 5x^4 \, dx \)
- \( dv = \cos(223x) \, dx \) \(\Rightarrow\) \( v = \frac{1}{223} \sin(223x) \)

Now, apply integration by parts:

\[
\int x^5 \cos(223x) \, dx = x^5 \cdot \frac{1}{223} \sin(223x) - \int \frac{1}{223} \sin(223x) \cdot 5x^4 \, dx
\]

Simplify:

\[
= \frac{x^5}{223} \sin(223x) - \frac{5}{223} \int x^4 \sin(223x) \, dx
\]

Now, apply integration by parts to \(\int x^4 \sin(223x) \, dx\):

Choose:

- \( u = x^4 \) \(\Rightarrow\) \( du = 4x^3 \, dx \)
- \( dv = \sin(223x) \, dx \) \(\Rightarrow\) \( v = -\frac{1}{223} \cos(223x) \)

Apply integration by parts:

\[
\int x^4 \sin(223x) \, dx = -\frac{x^4}{223} \cos(223x) - \int -\frac{1}{223} \cos(223x) \cdot 4x^3 \, dx
\]

Simplify:

\[
= -\frac{x^4}{223} \cos(223x) + \frac{4}{223} \int x^3 \cos(223x) \, dx
\]

Substitute back:

\[
\int x^5 \cos(223x) \, dx = \frac{x^5}{223} \sin(223x) - \frac{5}{223} \left( -\frac{x^4}{223} \cos(223x) + \frac{4}{223} \int x^3 \cos(223x) \, dx \right)
\]

Simplify:

\[
= \frac{x^5}{223} \sin(223x) + \frac{5x^4}{223^2} \cos(223x) - \frac{20}{223^2} \int x^3 \cos(223x) \, dx
\]

Repeat the process for \(\int x^3 \cos(223x) \, dx\):

Choose:

- \( u = x^3 \) \(\Rightarrow\) \( du = 3x^2 \, dx \)
- \( dv = \cos(223x) \, dx \) \(\Rightarrow\) \( v = \frac{1}{223} \sin(223x) \)

Apply integration by parts:

\[
\int x^3 \cos(223x) \, dx = \frac{x^3}{223} \sin(223x) - \int \frac{1}{223} \sin(223x) \cdot 3x^2 \, dx
\]

Simplify:

\[
= \frac{x^3}{223} \sin(223x) - \frac{3}{223} \int x^2 \sin(223x) \, dx
\]

Substitute back:

\[
\int x^5 \cos(223x) \, dx = \frac{x^5}{223} \sin(223x) + \frac{5x^4}{223^2} \cos(223x) - \frac{20}{223^2} \left( \frac{x^3}{223} \sin(223x) - \frac{3}{223} \int x^2 \sin(223x) \, dx \right)
\]

Simplify:

\[
= \frac{x^5}{223} \sin(223x) + \frac{5x^4}{223^2} \cos(223x) - \frac{20x^3}{223^3} \sin(223x) + \frac{60}{223^3} \int x^2 \sin(223x) \, dx
\]

Repeat the process for \(\int x^2 \sin(223x) \, dx\):

Choose:

- \( u = x^2 \) \(\Rightarrow\) \( du = 2x \, dx \)
- \( dv = \sin(223x) \, dx \) \(\Rightarrow\) \( v = -\frac{1}{223} \cos(223x) \)

Apply integration by parts:

\[
\int x^2 \sin(223x) \, dx = -\frac{x^2}{223} \cos(223x) - \int -\frac{1}{223} \cos(223x) \cdot 2x \, dx
\]

Simplify:

\[
= -\frac{x^2}{223} \cos(223x) + \frac{2}{223} \int x \cos(223x) \, dx
\]

Substitute back:

\[
\int x^5 \cos(223x) \, dx = \frac{x^5}{223} \sin(223x) + \frac{5x^4}{223^2} \cos(223x) - \frac{20x^3}{223^3} \sin(223x) + \frac{60}{223^3} \left( -\frac{x^2}{223} \cos(223x) + \frac{2}{223} \int x \cos(223x) \, dx \right)
\]

Simplify:

\[
= \frac{x^5}{223} \sin(223x) + \frac{5x^4}{223^2} \cos(223x) - \frac{20x^3}{223^3} \sin(223x) - \frac{60x^2}{223^4} \cos(223x) + \frac{120}{223^4} \int x \cos(223x) \, dx
\]

Repeat the process for \(\int x \cos(223x) \, dx\):

Choose:

- \( u = x \) \(\Rightarrow\) \( du = dx \)
- \( dv = \cos(223x) \, dx \) \(\Rightarrow\) \( v = \frac{1}{223} \sin(223x) \)

Apply integration by parts:

\[
\int x \cos(223x) \, dx = \frac{x}{223} \sin(223x) - \int \frac{1}{223} \sin(223x) \, dx
\]

Simplify:

\[
= \frac{x}{223} \sin(223x) + \frac{1}{223^2} \cos(223x)
\]

Substitute back:

\[
\int x^5 \cos(223x) \, dx = \frac{x^5}{223} \sin(223x) + \frac{5x^4}{223^2} \cos(223x) - \frac{20x^3}{223^3} \sin(223x) - \frac{60x^2}{223^4} \cos(223x) + \frac{120}{223^4} \left( \frac{x}{223} \sin(223x) + \frac{1}{223^2} \cos(223x) \right)
\]

Simplify:

\[
= \frac{x^5}{223} \sin(223x) + \frac{5x^4}{223^2} \cos(223x) - \frac{20x^3}{223^3} \sin(223x) - \frac{60x^2}{223^4} \cos(223x) + \frac{120x}{223^5} \sin(223x) + \frac{120}{223^6} \cos(223x)
\]

Thus, the final antiderivative is:

\[
\boxed{\frac{x^5}{223} \sin(223x) + \frac{5x^4}{223^2} \cos(223x) - \frac{20x^3}{223^3} \sin(223x) - \frac{60x^2}{223^4} \cos(223x) + \frac{120x}{223^5} \sin(223x) + \frac{120}{223^6} \cos(223x) + C}
\]

where \( C \) is the constant of integration.","To evaluate the integral \(\int x^5 \cos(223x) \, dx\), we will use the method of integration by parts. The formula for integration by parts is:

\[
\int u \, dv = uv - \int v \, du
\]

We will apply this formula repeatedly. Let's start by choosing:

- \( u = x^5 \) \(\Rightarrow\) \( du = 5x^4 \, dx \)
- \( dv = \cos(223x) \, dx \) \(\Rightarrow\) \( v = \frac{1}{223} \sin(223x) \)

Now, apply integration by parts:

\[
\int x^5 \cos(223x) \, dx = x^5 \cdot \frac{1}{223} \sin(223x) - \int \frac{1}{223} \sin(223x) \cdot 5x^4 \, dx
\]

Simplify:

\[
= \frac{x^5}{223} \sin(223x) - \frac{5}{223} \int x^4 \sin(223x) \, dx
\]

Now, apply integration by parts to \(\int x^4 \sin(223x) \, dx\):

Choose:

- \( u = x^4 \) \(\Rightarrow\) \( du = 4x^3 \, dx \)
- \( dv = \sin(223x) \, dx \) \(\Rightarrow\) \( v = -\frac{1}{223} \cos(223x) \)

Apply integration by parts:

\[
\int x^4 \sin(223x) \, dx = -\frac{x^4}{223} \cos(223x) - \int -\frac{1}{223} \cos(223x) \cdot 4x^3 \, dx
\]

Simplify:

\[
= -\frac{x^4}{223} \cos(223x) + \frac{4}{223} \int x^3 \cos(223x) \, dx
\]

Substitute back:

\[
\int x^5 \cos(223x) \, dx = \frac{x^5}{223} \sin(223x) - \frac{5}{223} \left( -\frac{x^4}{223} \cos(223x) + \frac{4}{223} \int x^3 \cos(223x) \, dx \right)
\]

Simplify:

\[
= \frac{x^5}{223} \sin(223x) + \frac{5x^4}{223^2} \cos(223x) - \frac{20}{223^2} \int x^3 \cos(223x) \, dx
\]

Repeat the process for \(\int x^3 \cos(223x) \, dx\):

Choose:

- \( u = x^3 \) \(\Rightarrow\) \( du = 3x^2 \, dx \)
- \( dv = \cos(223x) \, dx \) \(\Rightarrow\) \( v = \frac{1}{223} \sin(223x) \)

Apply integration by parts:

\[
\int x^3 \cos(223x) \, dx = \frac{x^3}{223} \sin(223x) - \int \frac{1}{223} \sin(223x) \cdot 3x^2 \, dx
\]

Simplify:

\[
= \frac{x^3}{223} \sin(223x) - \frac{3}{223} \int x^2 \sin(223x) \, dx
\]

Substitute back:

\[
\int x^5 \cos(223x) \, dx = \frac{x^5}{223} \sin(223x) + \frac{5x^4}{223^2} \cos(223x) - \frac{20}{223^2} \left( \frac{x^3}{223} \sin(223x) - \frac{3}{223} \int x^2 \sin(223x) \, dx \right)
\]

Simplify:

\[
= \frac{x^5}{223} \sin(223x) + \frac{5x^4}{223^2} \cos(223x) - \frac{20x^3}{223^3} \sin(223x) + \frac{60}{223^3} \int x^2 \sin(223x) \, dx
\]

Repeat the process for \(\int x^2 \sin(223x) \, dx\):

Choose:

- \( u = x^2 \) \(\Rightarrow\) \( du = 2x \, dx \)
- \( dv = \sin(223x) \, dx \) \(\Rightarrow\) \( v = -\frac{1}{223} \cos(223x) \)

Apply integration by parts:

\[
\int x^2 \sin(223x) \, dx = -\frac{x^2}{223} \cos(223x) - \int -\frac{1}{223} \cos(223x) \cdot 2x \, dx
\]

Simplify:

\[
= -\frac{x^2}{223} \cos(223x) + \frac{2}{223} \int x \cos(223x) \, dx
\]

Substitute back:

\[
\int x^5 \cos(223x) \, dx = \frac{x^5}{223} \sin(223x) + \frac{5x^4}{223^2} \cos(223x) - \frac{20x^3}{223^3} \sin(223x) + \frac{60}{223^3} \left( -\frac{x^2}{223} \cos(223x) + \frac{2}{223} \int x \cos(223x) \, dx \right)
\]

Simplify:

\[
= \frac{x^5}{223} \sin(223x) + \frac{5x^4}{223^2} \cos(223x) - \frac{20x^3}{223^3} \sin(223x) - \frac{60x^2}{223^4} \cos(223x) + \frac{120}{223^4} \int x \cos(223x) \, dx
\]

Repeat the process for \(\int x \cos(223x) \, dx\):

Choose:

- \( u = x \) \(\Rightarrow\) \( du = dx \)
- \( dv = \cos(223x) \, dx \) \(\Rightarrow\) \( v = \frac{1}{223} \sin(223x) \)

Apply integration by parts:

\[
\int x \cos(223x) \, dx = \frac{x}{223} \sin(223x) - \int \frac{1}{223} \sin(223x) \, dx
\]

Simplify:

\[
= \frac{x}{223} \sin(223x) + \frac{1}{223^2} \cos(223x)
\]

Substitute back:

\[
\int x^5 \cos(223x) \, dx = \frac{x^5}{223} \sin(223x) + \frac{5x^4}{223^2} \cos(223x) - \frac{20x^3}{223^3} \sin(223x) - \frac{60x^2}{223^4} \cos(223x) + \frac{120}{223^4} \left( \frac{x}{223} \sin(223x) + \frac{1}{223^2} \cos(223x) \right)
\]

Simplify:

\[
= \frac{x^5}{223} \sin(223x) + \frac{5x^4}{223^2} \cos(223x) - \frac{20x^3}{223^3} \sin(223x) - \frac{60x^2}{223^4} \cos(223x) + \frac{120x}{223^5} \sin(223x) + \frac{120}{223^6} \cos(223x)
\]

Thus, the final antiderivative is:

\[
\boxed{\frac{x^5}{223} \sin(223x) + \frac{5x^4}{223^2} \cos(223x) - \frac{20x^3}{223^3} \sin(223x) - \frac{60x^2}{223^4} \cos(223x) + \frac{120x}{223^5} \sin(223x) + \frac{120}{223^6} \cos(223x) + C}
\]

where \( C \) is the constant of integration.",\frac{1}{223} \sin(223x) [-] \int \frac{1}{223} \sin(,492,agent_c1_leftright,high,First between-terms sign of the instantiated IBP application (minus between the uv term and the integral term); abstract formula lines and u/v setup signs skipped.,PASS
ibp_pts_n0_b2,Phi-4,integration_by_parts,,,,correct,- \frac{\cos{\left(2 x \right)}}{2},-,+,1150,"<|im_start|>system<|im_sep|>You are a precise mathematical assistant. Show all computation steps clearly. Always put your final simplified antiderivative inside \boxed{}.<|im_end|><|im_start|>user<|im_sep|>Evaluate the following integral step by step.

∫ x^0 · sin(2x) dx

This is a polynomial-trigonometric integral. Work step by step using integration by parts.

Show all steps clearly and put your final simplified antiderivative inside \boxed{}.<|im_end|><|im_start|>assistant<|im_sep|>To evaluate the integral \(\int x^0 \cdot \sin(2x) \, dx\), we first simplify the expression. Since \(x^0 = 1\), the integral becomes:

\[
\int \sin(2x) \, dx
\]

We will use integration by parts to solve this integral. The formula for integration by parts is:

\[
\int u \, dv = uv - \int v \, du
\]

For this integral, we choose:
- \(u = \sin(2x)\)
- \(dv = dx\)

Now, we need to find \(du\) and \(v\):

1. Differentiate \(u\):
   \[
   u = \sin(2x) \quad \Rightarrow \quad du = 2\cos(2x) \, dx
   \]

2. Integrate \(dv\):
   \[
   dv = dx \quad \Rightarrow \quad v = x
   \]

Now apply the integration by parts formula:

\[
\int \sin(2x) \, dx = x \sin(2x) - \int x \cdot 2\cos(2x) \, dx
\]

Simplify the integral:

\[
= x \sin(2x) - 2 \int x \cos(2x) \, dx
\]

Now, we need to evaluate \(\int x \cos(2x) \, dx\) using integration by parts again. Choose:
- \(u = x\)
- \(dv = \cos(2x) \, dx\)

Find \(du\) and \(v\):

1. Differentiate \(u\):
   \[
   u = x \quad \Rightarrow \quad du = dx
   \]

2. Integrate \(dv\):
   \[
   dv = \cos(2x) \, dx \quad \Rightarrow \quad v = \frac{1}{2} \sin(2x)
   \]

Apply integration by parts:

\[
\int x \cos(2x) \, dx = x \cdot \frac{1}{2} \sin(2x) - \int \frac{1}{2} \sin(2x) \, dx
\]

Simplify:

\[
= \frac{x}{2} \sin(2x) - \frac{1}{2} \int \sin(2x) \, dx
\]

We already know \(\int \sin(2x) \, dx\) from earlier:

\[
\int \sin(2x) \, dx = -\frac{1}{2} \cos(2x) + C
\]

Substitute back:

\[
= \frac{x}{2} \sin(2x) - \frac{1}{2} \left(-\frac{1}{2} \cos(2x)\right)
\]

\[
= \frac{x}{2} \sin(2x) + \frac{1}{4} \cos(2x)
\]

Substitute this result back into the original integration by parts:

\[
\int \sin(2x) \, dx = x \sin(2x) - 2 \left( \frac{x}{2} \sin(2x) + \frac{1}{4} \cos(2x) \right)
\]

Simplify:

\[
= x \sin(2x) - \left( x \sin(2x) + \frac{1}{2} \cos(2x) \right)
\]

\[
= x \sin(2x) - x \sin(2x) - \frac{1}{2} \cos(2x)
\]

\[
= -\frac{1}{2} \cos(2x) + C
\]

Thus, the final simplified antiderivative is:

\[
\boxed{-\frac{1}{2} \cos(2x) + C}
\]","To evaluate the integral \(\int x^0 \cdot \sin(2x) \, dx\), we first simplify the expression. Since \(x^0 = 1\), the integral becomes:

\[
\int \sin(2x) \, dx
\]

We will use integration by parts to solve this integral. The formula for integration by parts is:

\[
\int u \, dv = uv - \int v \, du
\]

For this integral, we choose:
- \(u = \sin(2x)\)
- \(dv = dx\)

Now, we need to find \(du\) and \(v\):

1. Differentiate \(u\):
   \[
   u = \sin(2x) \quad \Rightarrow \quad du = 2\cos(2x) \, dx
   \]

2. Integrate \(dv\):
   \[
   dv = dx \quad \Rightarrow \quad v = x
   \]

Now apply the integration by parts formula:

\[
\int \sin(2x) \, dx = x \sin(2x) - \int x \cdot 2\cos(2x) \, dx
\]

Simplify the integral:

\[
= x \sin(2x) - 2 \int x \cos(2x) \, dx
\]

Now, we need to evaluate \(\int x \cos(2x) \, dx\) using integration by parts again. Choose:
- \(u = x\)
- \(dv = \cos(2x) \, dx\)

Find \(du\) and \(v\):

1. Differentiate \(u\):
   \[
   u = x \quad \Rightarrow \quad du = dx
   \]

2. Integrate \(dv\):
   \[
   dv = \cos(2x) \, dx \quad \Rightarrow \quad v = \frac{1}{2} \sin(2x)
   \]

Apply integration by parts:

\[
\int x \cos(2x) \, dx = x \cdot \frac{1}{2} \sin(2x) - \int \frac{1}{2} \sin(2x) \, dx
\]

Simplify:

\[
= \frac{x}{2} \sin(2x) - \frac{1}{2} \int \sin(2x) \, dx
\]

We already know \(\int \sin(2x) \, dx\) from earlier:

\[
\int \sin(2x) \, dx = -\frac{1}{2} \cos(2x) + C
\]

Substitute back:

\[
= \frac{x}{2} \sin(2x) - \frac{1}{2} \left(-\frac{1}{2} \cos(2x)\right)
\]

\[
= \frac{x}{2} \sin(2x) + \frac{1}{4} \cos(2x)
\]

Substitute this result back into the original integration by parts:

\[
\int \sin(2x) \, dx = x \sin(2x) - 2 \left( \frac{x}{2} \sin(2x) + \frac{1}{4} \cos(2x) \right)
\]

Simplify:

\[
= x \sin(2x) - \left( x \sin(2x) + \frac{1}{2} \cos(2x) \right)
\]

\[
= x \sin(2x) - x \sin(2x) - \frac{1}{2} \cos(2x)
\]

\[
= -\frac{1}{2} \cos(2x) + C
\]

Thus, the final simplified antiderivative is:

\[
\boxed{-\frac{1}{2} \cos(2x) + C}
\]","n(2x) \, dx = x \sin(2x) [-] \int x \cdot 2\cos(2x) \",490,agent_c1_leftright,high,"x^0 simplified to 1, then IBP applied with u=sin(2x), dv=dx; first between-terms sign of the instantiated application line. Unusual but clean IBP.",PASS
