id,model,domain,depth_level,sign_subtype,error_family,condition,ground_truth,wrong_sign,correct_sign,sign_char_offset,full_input,Phi-4,context_check,prefix_len,search_strategy
ibp_pts_n7_b5,Phi-4,integration_by_parts,level_n7,Alternating_Drift,IBP_v_formula,failure,- \frac{x^{7} \cos{\left(5 x \right)}}{5} + \frac{7 x^{6} \sin{\left(5 x \right)}}{25} + \frac{42 x^{5} \cos{\left(5 x \right)}}{125} - \frac{42 x^{4} \sin{\left(5 x \right)}}{125} - \frac{168 x^{3} \cos{\left(5 x \right)}}{625} + \frac{504 x^{2} \sin{\left(5 x \right)}}{3125} + \frac{1008 x \cos{\left(5 x \right)}}{15625} - \frac{1008 \sin{\left(5 x \right)}}{78125},-,+,2457,"<|im_start|>system<|im_sep|>You are a precise mathematical assistant. Show all computation steps clearly. Always put your final simplified antiderivative inside \boxed{}.<|im_end|><|im_start|>user<|im_sep|>Evaluate the integral
\[ \int x^{7} \sin(5x) \, dx \]
using integration by parts.

Show all steps and put your final simplified antiderivative inside \boxed{}.<|im_end|><|im_start|>assistant<|im_sep|>To evaluate the integral \(\int x^7 \sin(5x) \, dx\) using integration by parts, we will apply the integration by parts formula:

\[
\int u \, dv = uv - \int v \, du
\]

### Step 1: Choose \(u\) and \(dv\)

Let:
- \(u = x^7\) \(\Rightarrow\) \(du = 7x^6 \, dx\)
- \(dv = \sin(5x) \, dx\) \(\Rightarrow\) \(v = -\frac{1}{5} \cos(5x)\)

### Step 2: Apply Integration by Parts

Substitute into the integration by parts formula:

\[
\int x^7 \sin(5x) \, dx = uv - \int v \, du
\]

\[
= x^7 \left(-\frac{1}{5} \cos(5x)\right) - \int \left(-\frac{1}{5} \cos(5x)\right) (7x^6) \, dx
\]

\[
= -\frac{1}{5} x^7 \cos(5x) + \frac{7}{5} \int x^6 \cos(5x) \, dx
\]

### Step 3: Apply Integration by Parts Again

Now, evaluate \(\int x^6 \cos(5x) \, dx\) using integration by parts.

Let:
- \(u = x^6\) \(\Rightarrow\) \(du = 6x^5 \, dx\)
- \(dv = \cos(5x) \, dx\) \(\Rightarrow\) \(v = \frac{1}{5} \sin(5x)\)

Substitute into the integration by parts formula:

\[
\int x^6 \cos(5x) \, dx = uv - \int v \, du
\]

\[
= x^6 \left(\frac{1}{5} \sin(5x)\right) - \int \left(\frac{1}{5} \sin(5x)\right) (6x^5) \, dx
\]

\[
= \frac{1}{5} x^6 \sin(5x) - \frac{6}{5} \int x^5 \sin(5x) \, dx
\]

### Step 4: Continue Applying Integration by Parts

Repeat the process for \(\int x^5 \sin(5x) \, dx\).

Let:
- \(u = x^5\) \(\Rightarrow\) \(du = 5x^4 \, dx\)
- \(dv = \sin(5x) \, dx\) \(\Rightarrow\) \(v = -\frac{1}{5} \cos(5x)\)

Substitute into the integration by parts formula:

\[
\int x^5 \sin(5x) \, dx = uv - \int v \, du
\]

\[
= x^5 \left(-\frac{1}{5} \cos(5x)\right) - \int \left(-\frac{1}{5} \cos(5x)\right) (5x^4) \, dx
\]

\[
= -\frac{1}{5} x^5 \cos(5x) + \int x^4 \cos(5x) \, dx
\]

### Step 5: Continue the Process

Continue this process iteratively, reducing the power of \(x\) by 1 each time, until you reach \(\int \cos(5x) \, dx\) or \(\int \sin(5x) \, dx\).

### Final Expression

After applying integration by parts repeatedly, the pattern will emerge, and you will have:

\[
\int x^7 \sin(5x) \, dx = -\frac{1}{5} x^7 \cos(5x) + \frac{7}{25} x^6 \sin(5x) - \frac{42}{125} x^5 \cos(5x) + \frac{210}{625} x^4 \sin(5x) - \frac{840}{3125} x^3 \cos(5x) + \frac{2520}{15625} x^2 \sin(5x) - \frac{5040}{78125} x \cos(5x) + \frac{5040}{390625} \sin(5x) + C
\]

Thus, the final simplified antiderivative is:

\[
\boxed{-\frac{1}{5} x^7 \cos(5x) + \frac{7}{25} x^6 \sin(5x) - \frac{42}{125} x^5 \cos(5x) + \frac{210}{625} x^4 \sin(5x) - \frac{840}{3125} x^3 \cos(5x) + \frac{2520}{15625} x^2 \sin(5x) - \frac{5040}{78125} x \cos(5x) + \frac{5040}{390625} \sin(5x) + C}
\]","To evaluate the integral \(\int x^7 \sin(5x) \, dx\) using integration by parts, we will apply the integration by parts formula:

\[
\int u \, dv = uv - \int v \, du
\]

### Step 1: Choose \(u\) and \(dv\)

Let:
- \(u = x^7\) \(\Rightarrow\) \(du = 7x^6 \, dx\)
- \(dv = \sin(5x) \, dx\) \(\Rightarrow\) \(v = -\frac{1}{5} \cos(5x)\)

### Step 2: Apply Integration by Parts

Substitute into the integration by parts formula:

\[
\int x^7 \sin(5x) \, dx = uv - \int v \, du
\]

\[
= x^7 \left(-\frac{1}{5} \cos(5x)\right) - \int \left(-\frac{1}{5} \cos(5x)\right) (7x^6) \, dx
\]

\[
= -\frac{1}{5} x^7 \cos(5x) + \frac{7}{5} \int x^6 \cos(5x) \, dx
\]

### Step 3: Apply Integration by Parts Again

Now, evaluate \(\int x^6 \cos(5x) \, dx\) using integration by parts.

Let:
- \(u = x^6\) \(\Rightarrow\) \(du = 6x^5 \, dx\)
- \(dv = \cos(5x) \, dx\) \(\Rightarrow\) \(v = \frac{1}{5} \sin(5x)\)

Substitute into the integration by parts formula:

\[
\int x^6 \cos(5x) \, dx = uv - \int v \, du
\]

\[
= x^6 \left(\frac{1}{5} \sin(5x)\right) - \int \left(\frac{1}{5} \sin(5x)\right) (6x^5) \, dx
\]

\[
= \frac{1}{5} x^6 \sin(5x) - \frac{6}{5} \int x^5 \sin(5x) \, dx
\]

### Step 4: Continue Applying Integration by Parts

Repeat the process for \(\int x^5 \sin(5x) \, dx\).

Let:
- \(u = x^5\) \(\Rightarrow\) \(du = 5x^4 \, dx\)
- \(dv = \sin(5x) \, dx\) \(\Rightarrow\) \(v = -\frac{1}{5} \cos(5x)\)

Substitute into the integration by parts formula:

\[
\int x^5 \sin(5x) \, dx = uv - \int v \, du
\]

\[
= x^5 \left(-\frac{1}{5} \cos(5x)\right) - \int \left(-\frac{1}{5} \cos(5x)\right) (5x^4) \, dx
\]

\[
= -\frac{1}{5} x^5 \cos(5x) + \int x^4 \cos(5x) \, dx
\]

### Step 5: Continue the Process

Continue this process iteratively, reducing the power of \(x\) by 1 each time, until you reach \(\int \cos(5x) \, dx\) or \(\int \sin(5x) \, dx\).

### Final Expression

After applying integration by parts repeatedly, the pattern will emerge, and you will have:

\[
\int x^7 \sin(5x) \, dx = -\frac{1}{5} x^7 \cos(5x) + \frac{7}{25} x^6 \sin(5x) - \frac{42}{125} x^5 \cos(5x) + \frac{210}{625} x^4 \sin(5x) - \frac{840}{3125} x^3 \cos(5x) + \frac{2520}{15625} x^2 \sin(5x) - \frac{5040}{78125} x \cos(5x) + \frac{5040}{390625} \sin(5x) + C
\]

Thus, the final simplified antiderivative is:

\[
\boxed{-\frac{1}{5} x^7 \cos(5x) + \frac{7}{25} x^6 \sin(5x) - \frac{42}{125} x^5 \cos(5x) + \frac{210}{625} x^4 \sin(5x) - \frac{840}{3125} x^3 \cos(5x) + \frac{2520}{15625} x^2 \sin(5x) - \frac{5040}{78125} x \cos(5x) + \frac{5040}{390625} \sin(5x) + C}
\]",frac{7}{25} x^6 \sin(5x) [-] \frac{42}{125} x^5 \cos(,406,S1_exact
ibp_pts_n8_b12,Phi-4,integration_by_parts,level_n8,Alternating_Drift,IBP_v_formula,failure,- \frac{x^{8} \cos{\left(12 x \right)}}{12} + \frac{x^{7} \sin{\left(12 x \right)}}{18} + \frac{7 x^{6} \cos{\left(12 x \right)}}{216} - \frac{7 x^{5} \sin{\left(12 x \right)}}{432} - \frac{35 x^{4} \cos{\left(12 x \right)}}{5184} + \frac{35 x^{3} \sin{\left(12 x \right)}}{15552} + \frac{35 x^{2} \cos{\left(12 x \right)}}{62208} - \frac{35 x \sin{\left(12 x \right)}}{373248} - \frac{35 \cos{\left(12 x \right)}}{4478976},-,+,1450,"<|im_start|>system<|im_sep|>You are a precise mathematical assistant. Show all computation steps clearly. Always put your final simplified antiderivative inside \boxed{}.<|im_end|><|im_start|>user<|im_sep|>Evaluate the integral
\[ \int x^{8} \sin(12x) \, dx \]
using integration by parts.

Show all steps and put your final simplified antiderivative inside \boxed{}.<|im_end|><|im_start|>assistant<|im_sep|>To evaluate the integral \(\int x^8 \sin(12x) \, dx\), we will use integration by parts. The formula for integration by parts is:

\[
\int u \, dv = uv - \int v \, du
\]

We will apply integration by parts repeatedly. Let's start by choosing:

- \( u = x^8 \) \(\Rightarrow\) \( du = 8x^7 \, dx \)
- \( dv = \sin(12x) \, dx \) \(\Rightarrow\) \( v = -\frac{1}{12} \cos(12x) \)

Now, apply integration by parts:

\[
\int x^8 \sin(12x) \, dx = -\frac{1}{12} x^8 \cos(12x) - \int \left(-\frac{1}{12} \cos(12x)\right) (8x^7) \, dx
\]

Simplify the integral:

\[
= -\frac{1}{12} x^8 \cos(12x) + \frac{8}{12} \int x^7 \cos(12x) \, dx
\]

\[
= -\frac{1}{12} x^8 \cos(12x) + \frac{2}{3} \int x^7 \cos(12x) \, dx
\]

Now, apply integration by parts to \(\int x^7 \cos(12x) \, dx\):

- \( u = x^7 \) \(\Rightarrow\) \( du = 7x^6 \, dx \)
- \( dv = \cos(12x) \, dx \) \(\Rightarrow\) \( v = \frac{1}{12} \sin(12x) \)

\[
\int x^7 \cos(12x) \, dx = \frac{1}{12} x^7 \sin(12x) - \int \frac{1}{12} \sin(12x) (7x^6) \, dx
\]

\[
= \frac{1}{12} x^7 \sin(12x) - \frac{7}{12} \int x^6 \sin(12x) \, dx
\]

Substitute back:

\[
\int x^8 \sin(12x) \, dx = -\frac{1}{12} x^8 \cos(12x) + \frac{2}{3} \left( \frac{1}{12} x^7 \sin(12x) - \frac{7}{12} \int x^6 \sin(12x) \, dx \right)
\]

\[
= -\frac{1}{12} x^8 \cos(12x) + \frac{1}{18} x^7 \sin(12x) - \frac{14}{36} \int x^6 \sin(12x) \, dx
\]

\[
= -\frac{1}{12} x^8 \cos(12x) + \frac{1}{18} x^7 \sin(12x) - \frac{7}{18} \int x^6 \sin(12x) \, dx
\]

Continue this process, reducing the power of \(x\) by 1 each time, and alternating between \(\sin(12x)\) and \(\cos(12x)\). The pattern will continue until the power of \(x\) is reduced to zero.

After repeating this process, the final result will be a sum of terms involving \(x^n \sin(12x)\) and \(x^n \cos(12x)\) for \(n = 0\) to \(8\), plus a constant of integration \(C\).

The final antiderivative is:

\[
\boxed{-\frac{1}{12} x^8 \cos(12x) + \frac{1}{18} x^7 \sin(12x) - \frac{7}{216} x^6 \cos(12x) + \frac{7}{324} x^5 \sin(12x) - \frac{35}{3888} x^4 \cos(12x) + \frac{35}{5832} x^3 \sin(12x) - \frac{245}{69984} x^2 \cos(12x) + \frac{245}{104976} x \sin(12x) - \frac{1225}{1259712} \cos(12x) + C}
\]","To evaluate the integral \(\int x^8 \sin(12x) \, dx\), we will use integration by parts. The formula for integration by parts is:

\[
\int u \, dv = uv - \int v \, du
\]

We will apply integration by parts repeatedly. Let's start by choosing:

- \( u = x^8 \) \(\Rightarrow\) \( du = 8x^7 \, dx \)
- \( dv = \sin(12x) \, dx \) \(\Rightarrow\) \( v = -\frac{1}{12} \cos(12x) \)

Now, apply integration by parts:

\[
\int x^8 \sin(12x) \, dx = -\frac{1}{12} x^8 \cos(12x) - \int \left(-\frac{1}{12} \cos(12x)\right) (8x^7) \, dx
\]

Simplify the integral:

\[
= -\frac{1}{12} x^8 \cos(12x) + \frac{8}{12} \int x^7 \cos(12x) \, dx
\]

\[
= -\frac{1}{12} x^8 \cos(12x) + \frac{2}{3} \int x^7 \cos(12x) \, dx
\]

Now, apply integration by parts to \(\int x^7 \cos(12x) \, dx\):

- \( u = x^7 \) \(\Rightarrow\) \( du = 7x^6 \, dx \)
- \( dv = \cos(12x) \, dx \) \(\Rightarrow\) \( v = \frac{1}{12} \sin(12x) \)

\[
\int x^7 \cos(12x) \, dx = \frac{1}{12} x^7 \sin(12x) - \int \frac{1}{12} \sin(12x) (7x^6) \, dx
\]

\[
= \frac{1}{12} x^7 \sin(12x) - \frac{7}{12} \int x^6 \sin(12x) \, dx
\]

Substitute back:

\[
\int x^8 \sin(12x) \, dx = -\frac{1}{12} x^8 \cos(12x) + \frac{2}{3} \left( \frac{1}{12} x^7 \sin(12x) - \frac{7}{12} \int x^6 \sin(12x) \, dx \right)
\]

\[
= -\frac{1}{12} x^8 \cos(12x) + \frac{1}{18} x^7 \sin(12x) - \frac{14}{36} \int x^6 \sin(12x) \, dx
\]

\[
= -\frac{1}{12} x^8 \cos(12x) + \frac{1}{18} x^7 \sin(12x) - \frac{7}{18} \int x^6 \sin(12x) \, dx
\]

Continue this process, reducing the power of \(x\) by 1 each time, and alternating between \(\sin(12x)\) and \(\cos(12x)\). The pattern will continue until the power of \(x\) is reduced to zero.

After repeating this process, the final result will be a sum of terms involving \(x^n \sin(12x)\) and \(x^n \cos(12x)\) for \(n = 0\) to \(8\), plus a constant of integration \(C\).

The final antiderivative is:

\[
\boxed{-\frac{1}{12} x^8 \cos(12x) + \frac{1}{18} x^7 \sin(12x) - \frac{7}{216} x^6 \cos(12x) + \frac{7}{324} x^5 \sin(12x) - \frac{35}{3888} x^4 \cos(12x) + \frac{35}{5832} x^3 \sin(12x) - \frac{245}{69984} x^2 \cos(12x) + \frac{245}{104976} x \sin(12x) - \frac{1225}{1259712} \cos(12x) + C}
\]",rac{1}{12} x^7 \sin(12x) [-] \frac{7}{12} \int x^6 \s,407,S1_exact
ibp_pts_n8_b15,Phi-4,integration_by_parts,level_n8,Double_Negative_Trap,IBP_v_formula,failure,- \frac{x^{8} \cos{\left(15 x \right)}}{15} + \frac{8 x^{7} \sin{\left(15 x \right)}}{225} + \frac{56 x^{6} \cos{\left(15 x \right)}}{3375} - \frac{112 x^{5} \sin{\left(15 x \right)}}{16875} - \frac{112 x^{4} \cos{\left(15 x \right)}}{50625} + \frac{448 x^{3} \sin{\left(15 x \right)}}{759375} + \frac{448 x^{2} \cos{\left(15 x \right)}}{3796875} - \frac{896 x \sin{\left(15 x \right)}}{56953125} - \frac{896 \cos{\left(15 x \right)}}{854296875},-,+,1696,"<|im_start|>system<|im_sep|>You are a precise mathematical assistant. Show all computation steps clearly. Always put your final simplified antiderivative inside \boxed{}.<|im_end|><|im_start|>user<|im_sep|>Evaluate the integral
\[ \int x^{8} \sin(15x) \, dx \]
using integration by parts.

Show all steps and put your final simplified antiderivative inside \boxed{}.<|im_end|><|im_start|>assistant<|im_sep|>To evaluate the integral \(\int x^8 \sin(15x) \, dx\), we will use the method of integration by parts. The formula for integration by parts is:

\[
\int u \, dv = uv - \int v \, du
\]

We will apply integration by parts repeatedly. Let's start by choosing:

- \( u = x^8 \) \(\Rightarrow\) \( du = 8x^7 \, dx \)
- \( dv = \sin(15x) \, dx \) \(\Rightarrow\) \( v = -\frac{1}{15} \cos(15x) \)

Now, apply integration by parts:

\[
\int x^8 \sin(15x) \, dx = -\frac{1}{15} x^8 \cos(15x) - \int \left(-\frac{1}{15} \cos(15x)\right) (8x^7) \, dx
\]

Simplify the expression:

\[
= -\frac{1}{15} x^8 \cos(15x) + \frac{8}{15} \int x^7 \cos(15x) \, dx
\]

Now, apply integration by parts to \(\int x^7 \cos(15x) \, dx\):

- \( u = x^7 \) \(\Rightarrow\) \( du = 7x^6 \, dx \)
- \( dv = \cos(15x) \, dx \) \(\Rightarrow\) \( v = \frac{1}{15} \sin(15x) \)

\[
\int x^7 \cos(15x) \, dx = \frac{1}{15} x^7 \sin(15x) - \int \frac{1}{15} \sin(15x) (7x^6) \, dx
\]

Simplify:

\[
= \frac{1}{15} x^7 \sin(15x) - \frac{7}{15} \int x^6 \sin(15x) \, dx
\]

Substitute back:

\[
\int x^8 \sin(15x) \, dx = -\frac{1}{15} x^8 \cos(15x) + \frac{8}{15} \left( \frac{1}{15} x^7 \sin(15x) - \frac{7}{15} \int x^6 \sin(15x) \, dx \right)
\]

Simplify:

\[
= -\frac{1}{15} x^8 \cos(15x) + \frac{8}{225} x^7 \sin(15x) - \frac{56}{225} \int x^6 \sin(15x) \, dx
\]

Continue this process iteratively, reducing the power of \(x\) by 1 each time, and alternating between \(\sin(15x)\) and \(\cos(15x)\). The pattern will continue until the power of \(x\) is reduced to zero.

After performing these steps repeatedly, the final expression will be a sum of terms involving \(x^n \sin(15x)\) and \(x^n \cos(15x)\) for \(n = 0\) to \(8\), plus a constant of integration \(C\).

The final antiderivative is:

\[
\boxed{-\frac{1}{15} x^8 \cos(15x) + \frac{8}{225} x^7 \sin(15x) - \frac{56}{3375} x^6 \cos(15x) + \frac{56 \times 7}{50625} x^5 \sin(15x) - \frac{56 \times 7 \times 6}{759375} x^4 \cos(15x) + \frac{56 \times 7 \times 6 \times 5}{11390625} x^3 \sin(15x) - \frac{56 \times 7 \times 6 \times 5 \times 4}{170859375} x^2 \cos(15x) + \frac{56 \times 7 \times 6 \times 5 \times 4 \times 3}{2562890625} x \sin(15x) - \frac{56 \times 7 \times 6 \times 5 \times 4 \times 3 \times 2}{38443359375} \cos(15x) + C}
\]","To evaluate the integral \(\int x^8 \sin(15x) \, dx\), we will use the method of integration by parts. The formula for integration by parts is:

\[
\int u \, dv = uv - \int v \, du
\]

We will apply integration by parts repeatedly. Let's start by choosing:

- \( u = x^8 \) \(\Rightarrow\) \( du = 8x^7 \, dx \)
- \( dv = \sin(15x) \, dx \) \(\Rightarrow\) \( v = -\frac{1}{15} \cos(15x) \)

Now, apply integration by parts:

\[
\int x^8 \sin(15x) \, dx = -\frac{1}{15} x^8 \cos(15x) - \int \left(-\frac{1}{15} \cos(15x)\right) (8x^7) \, dx
\]

Simplify the expression:

\[
= -\frac{1}{15} x^8 \cos(15x) + \frac{8}{15} \int x^7 \cos(15x) \, dx
\]

Now, apply integration by parts to \(\int x^7 \cos(15x) \, dx\):

- \( u = x^7 \) \(\Rightarrow\) \( du = 7x^6 \, dx \)
- \( dv = \cos(15x) \, dx \) \(\Rightarrow\) \( v = \frac{1}{15} \sin(15x) \)

\[
\int x^7 \cos(15x) \, dx = \frac{1}{15} x^7 \sin(15x) - \int \frac{1}{15} \sin(15x) (7x^6) \, dx
\]

Simplify:

\[
= \frac{1}{15} x^7 \sin(15x) - \frac{7}{15} \int x^6 \sin(15x) \, dx
\]

Substitute back:

\[
\int x^8 \sin(15x) \, dx = -\frac{1}{15} x^8 \cos(15x) + \frac{8}{15} \left( \frac{1}{15} x^7 \sin(15x) - \frac{7}{15} \int x^6 \sin(15x) \, dx \right)
\]

Simplify:

\[
= -\frac{1}{15} x^8 \cos(15x) + \frac{8}{225} x^7 \sin(15x) - \frac{56}{225} \int x^6 \sin(15x) \, dx
\]

Continue this process iteratively, reducing the power of \(x\) by 1 each time, and alternating between \(\sin(15x)\) and \(\cos(15x)\). The pattern will continue until the power of \(x\) is reduced to zero.

After performing these steps repeatedly, the final expression will be a sum of terms involving \(x^n \sin(15x)\) and \(x^n \cos(15x)\) for \(n = 0\) to \(8\), plus a constant of integration \(C\).

The final antiderivative is:

\[
\boxed{-\frac{1}{15} x^8 \cos(15x) + \frac{8}{225} x^7 \sin(15x) - \frac{56}{3375} x^6 \cos(15x) + \frac{56 \times 7}{50625} x^5 \sin(15x) - \frac{56 \times 7 \times 6}{759375} x^4 \cos(15x) + \frac{56 \times 7 \times 6 \times 5}{11390625} x^3 \sin(15x) - \frac{56 \times 7 \times 6 \times 5 \times 4}{170859375} x^2 \cos(15x) + \frac{56 \times 7 \times 6 \times 5 \times 4 \times 3}{2562890625} x \sin(15x) - \frac{56 \times 7 \times 6 \times 5 \times 4 \times 3 \times 2}{38443359375} \cos(15x) + C}
\]",ac{8}{225} x^7 \sin(15x) [-] \frac{56}{225} \int x^6 ,407,S1_exact
ibp_pts_n8_b5,Phi-4,integration_by_parts,level_n8,Double_Negative_Trap,IBP_v_formula,failure,- \frac{x^{8} \cos{\left(5 x \right)}}{5} + \frac{8 x^{7} \sin{\left(5 x \right)}}{25} + \frac{56 x^{6} \cos{\left(5 x \right)}}{125} - \frac{336 x^{5} \sin{\left(5 x \right)}}{625} - \frac{336 x^{4} \cos{\left(5 x \right)}}{625} + \frac{1344 x^{3} \sin{\left(5 x \right)}}{3125} + \frac{4032 x^{2} \cos{\left(5 x \right)}}{15625} - \frac{8064 x \sin{\left(5 x \right)}}{78125} - \frac{8064 \cos{\left(5 x \right)}}{390625},-,+,1845,"<|im_start|>system<|im_sep|>You are a precise mathematical assistant. Show all computation steps clearly. Always put your final simplified antiderivative inside \boxed{}.<|im_end|><|im_start|>user<|im_sep|>Evaluate the integral
\[ \int x^{8} \sin(5x) \, dx \]
using integration by parts.

Show all steps and put your final simplified antiderivative inside \boxed{}.<|im_end|><|im_start|>assistant<|im_sep|>To evaluate the integral \(\int x^8 \sin(5x) \, dx\), we will use the method of integration by parts. The formula for integration by parts is:

\[
\int u \, dv = uv - \int v \, du
\]

We will apply integration by parts repeatedly. Let's start by choosing:

- \( u = x^8 \) \(\Rightarrow\) \( du = 8x^7 \, dx \)
- \( dv = \sin(5x) \, dx \) \(\Rightarrow\) \( v = -\frac{1}{5} \cos(5x) \)

Now, apply integration by parts:

\[
\int x^8 \sin(5x) \, dx = uv - \int v \, du
\]

Substitute \( u \), \( du \), \( v \), and \( dv \):

\[
= x^8 \left(-\frac{1}{5} \cos(5x)\right) - \int \left(-\frac{1}{5} \cos(5x)\right) (8x^7) \, dx
\]

\[
= -\frac{1}{5} x^8 \cos(5x) + \frac{8}{5} \int x^7 \cos(5x) \, dx
\]

Now, we need to evaluate \(\int x^7 \cos(5x) \, dx\) using integration by parts again. Choose:

- \( u = x^7 \) \(\Rightarrow\) \( du = 7x^6 \, dx \)
- \( dv = \cos(5x) \, dx \) \(\Rightarrow\) \( v = \frac{1}{5} \sin(5x) \)

Apply integration by parts:

\[
\int x^7 \cos(5x) \, dx = uv - \int v \, du
\]

\[
= x^7 \left(\frac{1}{5} \sin(5x)\right) - \int \left(\frac{1}{5} \sin(5x)\right) (7x^6) \, dx
\]

\[
= \frac{1}{5} x^7 \sin(5x) - \frac{7}{5} \int x^6 \sin(5x) \, dx
\]

Substitute back into the original expression:

\[
\int x^8 \sin(5x) \, dx = -\frac{1}{5} x^8 \cos(5x) + \frac{8}{5} \left( \frac{1}{5} x^7 \sin(5x) - \frac{7}{5} \int x^6 \sin(5x) \, dx \right)
\]

\[
= -\frac{1}{5} x^8 \cos(5x) + \frac{8}{25} x^7 \sin(5x) - \frac{56}{25} \int x^6 \sin(5x) \, dx
\]

We continue this process, reducing the power of \(x\) by 1 each time, alternating between \(\sin(5x)\) and \(\cos(5x)\), until we reach \(\int x^0 \sin(5x) \, dx\) or \(\int x^0 \cos(5x) \, dx\).

Following this pattern, we will have:

\[
\int x^6 \sin(5x) \, dx = -\frac{1}{5} x^6 \cos(5x) + \frac{6}{5} \int x^5 \cos(5x) \, dx
\]

\[
\int x^5 \cos(5x) \, dx = \frac{1}{5} x^5 \sin(5x) - \frac{5}{5} \int x^4 \sin(5x) \, dx
\]

\[
\int x^4 \sin(5x) \, dx = -\frac{1}{5} x^4 \cos(5x) + \frac{4}{5} \int x^3 \cos(5x) \, dx
\]

\[
\int x^3 \cos(5x) \, dx = \frac{1}{5} x^3 \sin(5x) - \frac{3}{5} \int x^2 \sin(5x) \, dx
\]

\[
\int x^2 \sin(5x) \, dx = -\frac{1}{5} x^2 \cos(5x) + \frac{2}{5} \int x \cos(5x) \, dx
\]

\[
\int x \cos(5x) \, dx = \frac{1}{5} x \sin(5x) - \frac{1}{5} \int \sin(5x) \, dx
\]

\[
\int \sin(5x) \, dx = -\frac{1}{5} \cos(5x)
\]

Substitute back each result into the previous integrals, and simplify. After completing all steps, the final antiderivative is:

\[
\boxed{-\frac{1}{5} x^8 \cos(5x) + \frac{8}{25} x^7 \sin(5x) - \frac{56}{125} x^6 \cos(5x) + \frac{336}{625} x^5 \sin(5x) - \frac{168}{3125} x^4 \cos(5x) + \frac{672}{15625} x^3 \sin(5x) - \frac{336}{78125} x^2 \cos(5x) + \frac{672}{390625} x \sin(5x) - \frac{336}{1953125} \cos(5x) + C}
\]

where \( C \) is the constant of integration.","To evaluate the integral \(\int x^8 \sin(5x) \, dx\), we will use the method of integration by parts. The formula for integration by parts is:

\[
\int u \, dv = uv - \int v \, du
\]

We will apply integration by parts repeatedly. Let's start by choosing:

- \( u = x^8 \) \(\Rightarrow\) \( du = 8x^7 \, dx \)
- \( dv = \sin(5x) \, dx \) \(\Rightarrow\) \( v = -\frac{1}{5} \cos(5x) \)

Now, apply integration by parts:

\[
\int x^8 \sin(5x) \, dx = uv - \int v \, du
\]

Substitute \( u \), \( du \), \( v \), and \( dv \):

\[
= x^8 \left(-\frac{1}{5} \cos(5x)\right) - \int \left(-\frac{1}{5} \cos(5x)\right) (8x^7) \, dx
\]

\[
= -\frac{1}{5} x^8 \cos(5x) + \frac{8}{5} \int x^7 \cos(5x) \, dx
\]

Now, we need to evaluate \(\int x^7 \cos(5x) \, dx\) using integration by parts again. Choose:

- \( u = x^7 \) \(\Rightarrow\) \( du = 7x^6 \, dx \)
- \( dv = \cos(5x) \, dx \) \(\Rightarrow\) \( v = \frac{1}{5} \sin(5x) \)

Apply integration by parts:

\[
\int x^7 \cos(5x) \, dx = uv - \int v \, du
\]

\[
= x^7 \left(\frac{1}{5} \sin(5x)\right) - \int \left(\frac{1}{5} \sin(5x)\right) (7x^6) \, dx
\]

\[
= \frac{1}{5} x^7 \sin(5x) - \frac{7}{5} \int x^6 \sin(5x) \, dx
\]

Substitute back into the original expression:

\[
\int x^8 \sin(5x) \, dx = -\frac{1}{5} x^8 \cos(5x) + \frac{8}{5} \left( \frac{1}{5} x^7 \sin(5x) - \frac{7}{5} \int x^6 \sin(5x) \, dx \right)
\]

\[
= -\frac{1}{5} x^8 \cos(5x) + \frac{8}{25} x^7 \sin(5x) - \frac{56}{25} \int x^6 \sin(5x) \, dx
\]

We continue this process, reducing the power of \(x\) by 1 each time, alternating between \(\sin(5x)\) and \(\cos(5x)\), until we reach \(\int x^0 \sin(5x) \, dx\) or \(\int x^0 \cos(5x) \, dx\).

Following this pattern, we will have:

\[
\int x^6 \sin(5x) \, dx = -\frac{1}{5} x^6 \cos(5x) + \frac{6}{5} \int x^5 \cos(5x) \, dx
\]

\[
\int x^5 \cos(5x) \, dx = \frac{1}{5} x^5 \sin(5x) - \frac{5}{5} \int x^4 \sin(5x) \, dx
\]

\[
\int x^4 \sin(5x) \, dx = -\frac{1}{5} x^4 \cos(5x) + \frac{4}{5} \int x^3 \cos(5x) \, dx
\]

\[
\int x^3 \cos(5x) \, dx = \frac{1}{5} x^3 \sin(5x) - \frac{3}{5} \int x^2 \sin(5x) \, dx
\]

\[
\int x^2 \sin(5x) \, dx = -\frac{1}{5} x^2 \cos(5x) + \frac{2}{5} \int x \cos(5x) \, dx
\]

\[
\int x \cos(5x) \, dx = \frac{1}{5} x \sin(5x) - \frac{1}{5} \int \sin(5x) \, dx
\]

\[
\int \sin(5x) \, dx = -\frac{1}{5} \cos(5x)
\]

Substitute back each result into the previous integrals, and simplify. After completing all steps, the final antiderivative is:

\[
\boxed{-\frac{1}{5} x^8 \cos(5x) + \frac{8}{25} x^7 \sin(5x) - \frac{56}{125} x^6 \cos(5x) + \frac{336}{625} x^5 \sin(5x) - \frac{168}{3125} x^4 \cos(5x) + \frac{672}{15625} x^3 \sin(5x) - \frac{336}{78125} x^2 \cos(5x) + \frac{672}{390625} x \sin(5x) - \frac{336}{1953125} \cos(5x) + C}
\]

where \( C \) is the constant of integration.",frac{8}{25} x^7 \sin(5x) [-] \frac{56}{25} \int x^6 \,406,S1_exact
ibp_pts_n8_b9,Phi-4,integration_by_parts,level_n8,Alternating_Drift,IBP_v_formula,failure,- \frac{x^{8} \cos{\left(9 x \right)}}{9} + \frac{8 x^{7} \sin{\left(9 x \right)}}{81} + \frac{56 x^{6} \cos{\left(9 x \right)}}{729} - \frac{112 x^{5} \sin{\left(9 x \right)}}{2187} - \frac{560 x^{4} \cos{\left(9 x \right)}}{19683} + \frac{2240 x^{3} \sin{\left(9 x \right)}}{177147} + \frac{2240 x^{2} \cos{\left(9 x \right)}}{531441} - \frac{4480 x \sin{\left(9 x \right)}}{4782969} - \frac{4480 \cos{\left(9 x \right)}}{43046721},-,+,1657,"<|im_start|>system<|im_sep|>You are a precise mathematical assistant. Show all computation steps clearly. Always put your final simplified antiderivative inside \boxed{}.<|im_end|><|im_start|>user<|im_sep|>Evaluate the integral
\[ \int x^{8} \sin(9x) \, dx \]
using integration by parts.

Show all steps and put your final simplified antiderivative inside \boxed{}.<|im_end|><|im_start|>assistant<|im_sep|>To evaluate the integral \(\int x^8 \sin(9x) \, dx\), we will use the method of integration by parts. The formula for integration by parts is:

\[
\int u \, dv = uv - \int v \, du
\]

We will apply integration by parts repeatedly. Let's start by choosing:

- \( u = x^8 \) \(\Rightarrow\) \( du = 8x^7 \, dx \)
- \( dv = \sin(9x) \, dx \) \(\Rightarrow\) \( v = -\frac{1}{9} \cos(9x) \)

Now, apply integration by parts:

\[
\int x^8 \sin(9x) \, dx = -\frac{1}{9} x^8 \cos(9x) - \int \left(-\frac{1}{9} \cos(9x)\right) (8x^7) \, dx
\]

Simplify the expression:

\[
= -\frac{1}{9} x^8 \cos(9x) + \frac{8}{9} \int x^7 \cos(9x) \, dx
\]

Now, apply integration by parts to \(\int x^7 \cos(9x) \, dx\):

- \( u = x^7 \) \(\Rightarrow\) \( du = 7x^6 \, dx \)
- \( dv = \cos(9x) \, dx \) \(\Rightarrow\) \( v = \frac{1}{9} \sin(9x) \)

\[
\int x^7 \cos(9x) \, dx = \frac{1}{9} x^7 \sin(9x) - \int \frac{1}{9} \sin(9x) (7x^6) \, dx
\]

Simplify:

\[
= \frac{1}{9} x^7 \sin(9x) - \frac{7}{9} \int x^6 \sin(9x) \, dx
\]

Substitute back:

\[
\int x^8 \sin(9x) \, dx = -\frac{1}{9} x^8 \cos(9x) + \frac{8}{9} \left( \frac{1}{9} x^7 \sin(9x) - \frac{7}{9} \int x^6 \sin(9x) \, dx \right)
\]

Simplify:

\[
= -\frac{1}{9} x^8 \cos(9x) + \frac{8}{81} x^7 \sin(9x) - \frac{56}{81} \int x^6 \sin(9x) \, dx
\]

Continue this process iteratively, reducing the power of \(x\) by 1 each time, and alternating between \(\sin(9x)\) and \(\cos(9x)\). The pattern is:

\[
\int x^n \sin(9x) \, dx = -\frac{1}{9} x^n \cos(9x) + \frac{n}{9} \int x^{n-1} \cos(9x) \, dx
\]

\[
\int x^n \cos(9x) \, dx = \frac{1}{9} x^n \sin(9x) - \frac{n}{9} \int x^{n-1} \sin(9x) \, dx
\]

Continue this process until \(n = 0\). The final result will be a sum of terms involving \(x^k \sin(9x)\) and \(x^k \cos(9x)\) for \(k = 0\) to \(8\), each multiplied by appropriate coefficients.

The final antiderivative is:

\[
\boxed{-\frac{1}{9} x^8 \cos(9x) + \frac{8}{81} x^7 \sin(9x) - \frac{56}{729} x^6 \cos(9x) + \frac{56 \times 6}{6561} x^5 \sin(9x) - \frac{56 \times 6 \times 5}{59049} x^4 \cos(9x) + \frac{56 \times 6 \times 5 \times 4}{531441} x^3 \sin(9x) - \frac{56 \times 6 \times 5 \times 4 \times 3}{4782969} x^2 \cos(9x) + \frac{56 \times 6 \times 5 \times 4 \times 3 \times 2}{43046721} x \sin(9x) - \frac{56 \times 6 \times 5 \times 4 \times 3 \times 2 \times 1}{387420489} \cos(9x) + C}
\]

where \(C\) is the constant of integration.","To evaluate the integral \(\int x^8 \sin(9x) \, dx\), we will use the method of integration by parts. The formula for integration by parts is:

\[
\int u \, dv = uv - \int v \, du
\]

We will apply integration by parts repeatedly. Let's start by choosing:

- \( u = x^8 \) \(\Rightarrow\) \( du = 8x^7 \, dx \)
- \( dv = \sin(9x) \, dx \) \(\Rightarrow\) \( v = -\frac{1}{9} \cos(9x) \)

Now, apply integration by parts:

\[
\int x^8 \sin(9x) \, dx = -\frac{1}{9} x^8 \cos(9x) - \int \left(-\frac{1}{9} \cos(9x)\right) (8x^7) \, dx
\]

Simplify the expression:

\[
= -\frac{1}{9} x^8 \cos(9x) + \frac{8}{9} \int x^7 \cos(9x) \, dx
\]

Now, apply integration by parts to \(\int x^7 \cos(9x) \, dx\):

- \( u = x^7 \) \(\Rightarrow\) \( du = 7x^6 \, dx \)
- \( dv = \cos(9x) \, dx \) \(\Rightarrow\) \( v = \frac{1}{9} \sin(9x) \)

\[
\int x^7 \cos(9x) \, dx = \frac{1}{9} x^7 \sin(9x) - \int \frac{1}{9} \sin(9x) (7x^6) \, dx
\]

Simplify:

\[
= \frac{1}{9} x^7 \sin(9x) - \frac{7}{9} \int x^6 \sin(9x) \, dx
\]

Substitute back:

\[
\int x^8 \sin(9x) \, dx = -\frac{1}{9} x^8 \cos(9x) + \frac{8}{9} \left( \frac{1}{9} x^7 \sin(9x) - \frac{7}{9} \int x^6 \sin(9x) \, dx \right)
\]

Simplify:

\[
= -\frac{1}{9} x^8 \cos(9x) + \frac{8}{81} x^7 \sin(9x) - \frac{56}{81} \int x^6 \sin(9x) \, dx
\]

Continue this process iteratively, reducing the power of \(x\) by 1 each time, and alternating between \(\sin(9x)\) and \(\cos(9x)\). The pattern is:

\[
\int x^n \sin(9x) \, dx = -\frac{1}{9} x^n \cos(9x) + \frac{n}{9} \int x^{n-1} \cos(9x) \, dx
\]

\[
\int x^n \cos(9x) \, dx = \frac{1}{9} x^n \sin(9x) - \frac{n}{9} \int x^{n-1} \sin(9x) \, dx
\]

Continue this process until \(n = 0\). The final result will be a sum of terms involving \(x^k \sin(9x)\) and \(x^k \cos(9x)\) for \(k = 0\) to \(8\), each multiplied by appropriate coefficients.

The final antiderivative is:

\[
\boxed{-\frac{1}{9} x^8 \cos(9x) + \frac{8}{81} x^7 \sin(9x) - \frac{56}{729} x^6 \cos(9x) + \frac{56 \times 6}{6561} x^5 \sin(9x) - \frac{56 \times 6 \times 5}{59049} x^4 \cos(9x) + \frac{56 \times 6 \times 5 \times 4}{531441} x^3 \sin(9x) - \frac{56 \times 6 \times 5 \times 4 \times 3}{4782969} x^2 \cos(9x) + \frac{56 \times 6 \times 5 \times 4 \times 3 \times 2}{43046721} x \sin(9x) - \frac{56 \times 6 \times 5 \times 4 \times 3 \times 2 \times 1}{387420489} \cos(9x) + C}
\]

where \(C\) is the constant of integration.",frac{8}{81} x^7 \sin(9x) [-] \frac{56}{81} \int x^6 \,406,S1_exact
ibp_pts_n9_b1,Phi-4,integration_by_parts,level_n9,Alternating_Drift,IBP_v_formula,failure,- x^{9} \cos{\left(x \right)} + 9 x^{8} \sin{\left(x \right)} + 72 x^{7} \cos{\left(x \right)} - 504 x^{6} \sin{\left(x \right)} - 3024 x^{5} \cos{\left(x \right)} + 15120 x^{4} \sin{\left(x \right)} + 60480 x^{3} \cos{\left(x \right)} - 181440 x^{2} \sin{\left(x \right)} - 362880 x \cos{\left(x \right)} + 362880 \sin{\left(x \right)},-,+,2590,"<|im_start|>system<|im_sep|>You are a precise mathematical assistant. Show all computation steps clearly. Always put your final simplified antiderivative inside \boxed{}.<|im_end|><|im_start|>user<|im_sep|>Evaluate the integral
\[ \int x^{9} \sin(1x) \, dx \]
using integration by parts.

Show all steps and put your final simplified antiderivative inside \boxed{}.<|im_end|><|im_start|>assistant<|im_sep|>To evaluate the integral \(\int x^9 \sin(x) \, dx\), we will use the method of integration by parts. The formula for integration by parts is:

\[
\int u \, dv = uv - \int v \, du
\]

We need to choose \(u\) and \(dv\) such that the resulting integral is simpler. A good strategy is to let \(u\) be a polynomial (which reduces in degree when differentiated) and \(dv\) be the remaining part of the integrand.

### Step 1: Choose \(u\) and \(dv\)

Let:
\[ u = x^9 \]
\[ dv = \sin(x) \, dx \]

### Step 2: Compute \(du\) and \(v\)

Differentiate \(u\):
\[ du = 9x^8 \, dx \]

Integrate \(dv\):
\[ v = \int \sin(x) \, dx = -\cos(x) \]

### Step 3: Apply Integration by Parts

Substitute into the integration by parts formula:
\[
\int x^9 \sin(x) \, dx = uv - \int v \, du
\]
\[
= x^9 (-\cos(x)) - \int (-\cos(x)) (9x^8) \, dx
\]
\[
= -x^9 \cos(x) + 9 \int x^8 \cos(x) \, dx
\]

### Step 4: Repeat Integration by Parts for \(\int x^8 \cos(x) \, dx\)

Now, apply integration by parts to \(\int x^8 \cos(x) \, dx\).

Let:
\[ u = x^8 \]
\[ dv = \cos(x) \, dx \]

Compute \(du\) and \(v\):
\[ du = 8x^7 \, dx \]
\[ v = \int \cos(x) \, dx = \sin(x) \]

Apply integration by parts:
\[
\int x^8 \cos(x) \, dx = uv - \int v \, du
\]
\[
= x^8 \sin(x) - \int \sin(x) (8x^7) \, dx
\]
\[
= x^8 \sin(x) - 8 \int x^7 \sin(x) \, dx
\]

### Step 5: Continue the Process

Continue this process iteratively, reducing the power of \(x\) by 1 each time, alternating between \(\sin(x)\) and \(\cos(x)\).

#### Next Iteration:
\[
\int x^7 \sin(x) \, dx
\]

Let:
\[ u = x^7 \]
\[ dv = \sin(x) \, dx \]

Compute \(du\) and \(v\):
\[ du = 7x^6 \, dx \]
\[ v = -\cos(x) \]

Apply integration by parts:
\[
\int x^7 \sin(x) \, dx = -x^7 \cos(x) + 7 \int x^6 \cos(x) \, dx
\]

#### Continue this pattern:

Each step reduces the power of \(x\) by 1 and alternates between \(\sin(x)\) and \(\cos(x)\). The pattern is:

\[
\int x^n \sin(x) \, dx = -x^n \cos(x) + n \int x^{n-1} \cos(x) \, dx
\]

\[
\int x^n \cos(x) \, dx = x^n \sin(x) - n \int x^{n-1} \sin(x) \, dx
\]

### Final Expression

After performing integration by parts 9 times, the pattern will yield:

\[
\int x^9 \sin(x) \, dx = -x^9 \cos(x) + 9x^8 \sin(x) - 72x^7 \cos(x) + 504x^6 \sin(x) - 3024x^5 \cos(x) + 15120x^4 \sin(x) - 60480x^3 \cos(x) + 181440x^2 \sin(x) - 362880x \cos(x) + 362880 \sin(x) + C
\]

Thus, the final antiderivative is:

\[
\boxed{-x^9 \cos(x) + 9x^8 \sin(x) - 72x^7 \cos(x) + 504x^6 \sin(x) - 3024x^5 \cos(x) + 15120x^4 \sin(x) - 60480x^3 \cos(x) + 181440x^2 \sin(x) - 362880x \cos(x) + 362880 \sin(x) + C}
\]","To evaluate the integral \(\int x^9 \sin(x) \, dx\), we will use the method of integration by parts. The formula for integration by parts is:

\[
\int u \, dv = uv - \int v \, du
\]

We need to choose \(u\) and \(dv\) such that the resulting integral is simpler. A good strategy is to let \(u\) be a polynomial (which reduces in degree when differentiated) and \(dv\) be the remaining part of the integrand.

### Step 1: Choose \(u\) and \(dv\)

Let:
\[ u = x^9 \]
\[ dv = \sin(x) \, dx \]

### Step 2: Compute \(du\) and \(v\)

Differentiate \(u\):
\[ du = 9x^8 \, dx \]

Integrate \(dv\):
\[ v = \int \sin(x) \, dx = -\cos(x) \]

### Step 3: Apply Integration by Parts

Substitute into the integration by parts formula:
\[
\int x^9 \sin(x) \, dx = uv - \int v \, du
\]
\[
= x^9 (-\cos(x)) - \int (-\cos(x)) (9x^8) \, dx
\]
\[
= -x^9 \cos(x) + 9 \int x^8 \cos(x) \, dx
\]

### Step 4: Repeat Integration by Parts for \(\int x^8 \cos(x) \, dx\)

Now, apply integration by parts to \(\int x^8 \cos(x) \, dx\).

Let:
\[ u = x^8 \]
\[ dv = \cos(x) \, dx \]

Compute \(du\) and \(v\):
\[ du = 8x^7 \, dx \]
\[ v = \int \cos(x) \, dx = \sin(x) \]

Apply integration by parts:
\[
\int x^8 \cos(x) \, dx = uv - \int v \, du
\]
\[
= x^8 \sin(x) - \int \sin(x) (8x^7) \, dx
\]
\[
= x^8 \sin(x) - 8 \int x^7 \sin(x) \, dx
\]

### Step 5: Continue the Process

Continue this process iteratively, reducing the power of \(x\) by 1 each time, alternating between \(\sin(x)\) and \(\cos(x)\).

#### Next Iteration:
\[
\int x^7 \sin(x) \, dx
\]

Let:
\[ u = x^7 \]
\[ dv = \sin(x) \, dx \]

Compute \(du\) and \(v\):
\[ du = 7x^6 \, dx \]
\[ v = -\cos(x) \]

Apply integration by parts:
\[
\int x^7 \sin(x) \, dx = -x^7 \cos(x) + 7 \int x^6 \cos(x) \, dx
\]

#### Continue this pattern:

Each step reduces the power of \(x\) by 1 and alternates between \(\sin(x)\) and \(\cos(x)\). The pattern is:

\[
\int x^n \sin(x) \, dx = -x^n \cos(x) + n \int x^{n-1} \cos(x) \, dx
\]

\[
\int x^n \cos(x) \, dx = x^n \sin(x) - n \int x^{n-1} \sin(x) \, dx
\]

### Final Expression

After performing integration by parts 9 times, the pattern will yield:

\[
\int x^9 \sin(x) \, dx = -x^9 \cos(x) + 9x^8 \sin(x) - 72x^7 \cos(x) + 504x^6 \sin(x) - 3024x^5 \cos(x) + 15120x^4 \sin(x) - 60480x^3 \cos(x) + 181440x^2 \sin(x) - 362880x \cos(x) + 362880 \sin(x) + C
\]

Thus, the final antiderivative is:

\[
\boxed{-x^9 \cos(x) + 9x^8 \sin(x) - 72x^7 \cos(x) + 504x^6 \sin(x) - 3024x^5 \cos(x) + 15120x^4 \sin(x) - 60480x^3 \cos(x) + 181440x^2 \sin(x) - 362880x \cos(x) + 362880 \sin(x) + C}
\]",9 \cos(x) + 9x^8 \sin(x) [-] 72x^7 \cos(x) + 504x^6 \,406,S1_exact
ibp_pts_n9_b11,Phi-4,integration_by_parts,level_n9,Double_Negative_Trap,IBP_v_formula,failure,- \frac{x^{9} \cos{\left(11 x \right)}}{11} + \frac{9 x^{8} \sin{\left(11 x \right)}}{121} + \frac{72 x^{7} \cos{\left(11 x \right)}}{1331} - \frac{504 x^{6} \sin{\left(11 x \right)}}{14641} - \frac{3024 x^{5} \cos{\left(11 x \right)}}{161051} + \frac{15120 x^{4} \sin{\left(11 x \right)}}{1771561} + \frac{60480 x^{3} \cos{\left(11 x \right)}}{19487171} - \frac{181440 x^{2} \sin{\left(11 x \right)}}{214358881} - \frac{362880 x \cos{\left(11 x \right)}}{2357947691} + \frac{362880 \sin{\left(11 x \right)}}{25937424601},-,+,1940,"<|im_start|>system<|im_sep|>You are a precise mathematical assistant. Show all computation steps clearly. Always put your final simplified antiderivative inside \boxed{}.<|im_end|><|im_start|>user<|im_sep|>Evaluate the integral
\[ \int x^{9} \sin(11x) \, dx \]
using integration by parts.

Show all steps and put your final simplified antiderivative inside \boxed{}.<|im_end|><|im_start|>assistant<|im_sep|>To evaluate the integral \(\int x^9 \sin(11x) \, dx\), we will use the method of integration by parts. The formula for integration by parts is:

\[
\int u \, dv = uv - \int v \, du
\]

We need to choose \(u\) and \(dv\) such that the resulting integral is simpler. Let's choose:

- \(u = x^9\) \(\Rightarrow\) \(du = 9x^8 \, dx\)
- \(dv = \sin(11x) \, dx\) \(\Rightarrow\) \(v = -\frac{1}{11} \cos(11x)\)

Now, apply the integration by parts formula:

\[
\int x^9 \sin(11x) \, dx = uv - \int v \, du
\]

Substitute \(u\), \(v\), \(du\), and \(dv\):

\[
= x^9 \left(-\frac{1}{11} \cos(11x)\right) - \int \left(-\frac{1}{11} \cos(11x)\right) (9x^8) \, dx
\]

Simplify:

\[
= -\frac{1}{11} x^9 \cos(11x) + \frac{9}{11} \int x^8 \cos(11x) \, dx
\]

Now, we need to evaluate \(\int x^8 \cos(11x) \, dx\) using integration by parts again. Choose:

- \(u = x^8\) \(\Rightarrow\) \(du = 8x^7 \, dx\)
- \(dv = \cos(11x) \, dx\) \(\Rightarrow\) \(v = \frac{1}{11} \sin(11x)\)

Apply integration by parts:

\[
\int x^8 \cos(11x) \, dx = uv - \int v \, du
\]

Substitute:

\[
= x^8 \left(\frac{1}{11} \sin(11x)\right) - \int \left(\frac{1}{11} \sin(11x)\right) (8x^7) \, dx
\]

Simplify:

\[
= \frac{1}{11} x^8 \sin(11x) - \frac{8}{11} \int x^7 \sin(11x) \, dx
\]

Substitute back into the original expression:

\[
\int x^9 \sin(11x) \, dx = -\frac{1}{11} x^9 \cos(11x) + \frac{9}{11} \left( \frac{1}{11} x^8 \sin(11x) - \frac{8}{11} \int x^7 \sin(11x) \, dx \right)
\]

Simplify:

\[
= -\frac{1}{11} x^9 \cos(11x) + \frac{9}{121} x^8 \sin(11x) - \frac{72}{121} \int x^7 \sin(11x) \, dx
\]

This process continues iteratively, reducing the power of \(x\) by 1 each time, alternating between \(\sin(11x)\) and \(\cos(11x)\). The pattern is:

\[
\int x^n \sin(11x) \, dx = -\frac{1}{11} x^n \cos(11x) + \frac{n}{11} \int x^{n-1} \cos(11x) \, dx
\]

\[
\int x^n \cos(11x) \, dx = \frac{1}{11} x^n \sin(11x) - \frac{n}{11} \int x^{n-1} \sin(11x) \, dx
\]

Continue this process until the power of \(x\) is reduced to zero. The final result will be a sum of terms involving \(x^k \sin(11x)\) and \(x^k \cos(11x)\) for \(k = 0, 1, \ldots, 9\), plus a constant of integration \(C\).

The final antiderivative is:

\[
\boxed{-\frac{1}{11} x^9 \cos(11x) + \frac{9}{121} x^8 \sin(11x) - \frac{72}{1331} x^7 \cos(11x) + \frac{504}{14641} x^6 \sin(11x) - \frac{3024}{161051} x^5 \cos(11x) + \frac{15120}{1771561} x^4 \sin(11x) - \frac{60480}{19487171} x^3 \cos(11x) + \frac{181440}{214358881} x^2 \sin(11x) - \frac{362880}{2357947691} x \cos(11x) + \frac{362880}{25937424601} \sin(11x) + C}
\]","To evaluate the integral \(\int x^9 \sin(11x) \, dx\), we will use the method of integration by parts. The formula for integration by parts is:

\[
\int u \, dv = uv - \int v \, du
\]

We need to choose \(u\) and \(dv\) such that the resulting integral is simpler. Let's choose:

- \(u = x^9\) \(\Rightarrow\) \(du = 9x^8 \, dx\)
- \(dv = \sin(11x) \, dx\) \(\Rightarrow\) \(v = -\frac{1}{11} \cos(11x)\)

Now, apply the integration by parts formula:

\[
\int x^9 \sin(11x) \, dx = uv - \int v \, du
\]

Substitute \(u\), \(v\), \(du\), and \(dv\):

\[
= x^9 \left(-\frac{1}{11} \cos(11x)\right) - \int \left(-\frac{1}{11} \cos(11x)\right) (9x^8) \, dx
\]

Simplify:

\[
= -\frac{1}{11} x^9 \cos(11x) + \frac{9}{11} \int x^8 \cos(11x) \, dx
\]

Now, we need to evaluate \(\int x^8 \cos(11x) \, dx\) using integration by parts again. Choose:

- \(u = x^8\) \(\Rightarrow\) \(du = 8x^7 \, dx\)
- \(dv = \cos(11x) \, dx\) \(\Rightarrow\) \(v = \frac{1}{11} \sin(11x)\)

Apply integration by parts:

\[
\int x^8 \cos(11x) \, dx = uv - \int v \, du
\]

Substitute:

\[
= x^8 \left(\frac{1}{11} \sin(11x)\right) - \int \left(\frac{1}{11} \sin(11x)\right) (8x^7) \, dx
\]

Simplify:

\[
= \frac{1}{11} x^8 \sin(11x) - \frac{8}{11} \int x^7 \sin(11x) \, dx
\]

Substitute back into the original expression:

\[
\int x^9 \sin(11x) \, dx = -\frac{1}{11} x^9 \cos(11x) + \frac{9}{11} \left( \frac{1}{11} x^8 \sin(11x) - \frac{8}{11} \int x^7 \sin(11x) \, dx \right)
\]

Simplify:

\[
= -\frac{1}{11} x^9 \cos(11x) + \frac{9}{121} x^8 \sin(11x) - \frac{72}{121} \int x^7 \sin(11x) \, dx
\]

This process continues iteratively, reducing the power of \(x\) by 1 each time, alternating between \(\sin(11x)\) and \(\cos(11x)\). The pattern is:

\[
\int x^n \sin(11x) \, dx = -\frac{1}{11} x^n \cos(11x) + \frac{n}{11} \int x^{n-1} \cos(11x) \, dx
\]

\[
\int x^n \cos(11x) \, dx = \frac{1}{11} x^n \sin(11x) - \frac{n}{11} \int x^{n-1} \sin(11x) \, dx
\]

Continue this process until the power of \(x\) is reduced to zero. The final result will be a sum of terms involving \(x^k \sin(11x)\) and \(x^k \cos(11x)\) for \(k = 0, 1, \ldots, 9\), plus a constant of integration \(C\).

The final antiderivative is:

\[
\boxed{-\frac{1}{11} x^9 \cos(11x) + \frac{9}{121} x^8 \sin(11x) - \frac{72}{1331} x^7 \cos(11x) + \frac{504}{14641} x^6 \sin(11x) - \frac{3024}{161051} x^5 \cos(11x) + \frac{15120}{1771561} x^4 \sin(11x) - \frac{60480}{19487171} x^3 \cos(11x) + \frac{181440}{214358881} x^2 \sin(11x) - \frac{362880}{2357947691} x \cos(11x) + \frac{362880}{25937424601} \sin(11x) + C}
\]",ac{9}{121} x^8 \sin(11x) [-] \frac{72}{121} \int x^7 ,407,S1_exact
ibp_pts_n9_b13,Phi-4,integration_by_parts,level_n9,Double_Negative_Trap,IBP_v_formula,failure,- \frac{x^{9} \cos{\left(13 x \right)}}{13} + \frac{9 x^{8} \sin{\left(13 x \right)}}{169} + \frac{72 x^{7} \cos{\left(13 x \right)}}{2197} - \frac{504 x^{6} \sin{\left(13 x \right)}}{28561} - \frac{3024 x^{5} \cos{\left(13 x \right)}}{371293} + \frac{15120 x^{4} \sin{\left(13 x \right)}}{4826809} + \frac{60480 x^{3} \cos{\left(13 x \right)}}{62748517} - \frac{181440 x^{2} \sin{\left(13 x \right)}}{815730721} - \frac{362880 x \cos{\left(13 x \right)}}{10604499373} + \frac{362880 \sin{\left(13 x \right)}}{137858491849},-,+,1875,"<|im_start|>system<|im_sep|>You are a precise mathematical assistant. Show all computation steps clearly. Always put your final simplified antiderivative inside \boxed{}.<|im_end|><|im_start|>user<|im_sep|>Evaluate the integral
\[ \int x^{9} \sin(13x) \, dx \]
using integration by parts.

Show all steps and put your final simplified antiderivative inside \boxed{}.<|im_end|><|im_start|>assistant<|im_sep|>To evaluate the integral \(\int x^9 \sin(13x) \, dx\), we will use integration by parts. The formula for integration by parts is:

\[
\int u \, dv = uv - \int v \, du
\]

We will apply this formula repeatedly. Let's start by choosing:

- \( u = x^9 \) \(\Rightarrow\) \( du = 9x^8 \, dx \)
- \( dv = \sin(13x) \, dx \) \(\Rightarrow\) \( v = -\frac{1}{13} \cos(13x) \)

Now, apply integration by parts:

\[
\int x^9 \sin(13x) \, dx = uv - \int v \, du
\]

Substitute \( u \), \( du \), \( v \), and \( dv \):

\[
= x^9 \left(-\frac{1}{13} \cos(13x)\right) - \int \left(-\frac{1}{13} \cos(13x)\right) (9x^8) \, dx
\]

\[
= -\frac{1}{13} x^9 \cos(13x) + \frac{9}{13} \int x^8 \cos(13x) \, dx
\]

Now, we need to evaluate \(\int x^8 \cos(13x) \, dx\) using integration by parts again. Choose:

- \( u = x^8 \) \(\Rightarrow\) \( du = 8x^7 \, dx \)
- \( dv = \cos(13x) \, dx \) \(\Rightarrow\) \( v = \frac{1}{13} \sin(13x) \)

Apply integration by parts:

\[
\int x^8 \cos(13x) \, dx = uv - \int v \, du
\]

Substitute:

\[
= x^8 \left(\frac{1}{13} \sin(13x)\right) - \int \left(\frac{1}{13} \sin(13x)\right) (8x^7) \, dx
\]

\[
= \frac{1}{13} x^8 \sin(13x) - \frac{8}{13} \int x^7 \sin(13x) \, dx
\]

Substitute back into the original expression:

\[
\int x^9 \sin(13x) \, dx = -\frac{1}{13} x^9 \cos(13x) + \frac{9}{13} \left( \frac{1}{13} x^8 \sin(13x) - \frac{8}{13} \int x^7 \sin(13x) \, dx \right)
\]

\[
= -\frac{1}{13} x^9 \cos(13x) + \frac{9}{169} x^8 \sin(13x) - \frac{72}{169} \int x^7 \sin(13x) \, dx
\]

We continue this process, reducing the power of \(x\) by 1 each time, alternating between \(\sin(13x)\) and \(\cos(13x)\), until we reach \(\int x^0 \sin(13x) \, dx\) or \(\int x^0 \cos(13x) \, dx\).

This process will yield a series of terms, each involving a polynomial in \(x\) multiplied by either \(\sin(13x)\) or \(\cos(13x)\), and a final integral of the form \(\int \sin(13x) \, dx\) or \(\int \cos(13x) \, dx\), which can be directly integrated.

The pattern is:

\[
\int x^n \sin(13x) \, dx = -\frac{1}{13} x^n \cos(13x) + \frac{n}{13} \int x^{n-1} \cos(13x) \, dx
\]

\[
\int x^n \cos(13x) \, dx = \frac{1}{13} x^n \sin(13x) - \frac{n}{13} \int x^{n-1} \sin(13x) \, dx
\]

Continuing this process, we eventually reach:

\[
\int \sin(13x) \, dx = -\frac{1}{13} \cos(13x) + C
\]

\[
\int \cos(13x) \, dx = \frac{1}{13} \sin(13x) + C
\]

After performing all these steps, the final antiderivative is:

\[
\boxed{-\frac{1}{13} x^9 \cos(13x) + \frac{9}{169} x^8 \sin(13x) - \frac{72}{2197} x^7 \cos(13x) + \frac{504}{28561} x^6 \sin(13x) - \frac{3024}{371293} x^5 \cos(13x) + \frac{15120}{4826809} x^4 \sin(13x) - \frac{60480}{62748517} x^3 \cos(13x) + \frac{181440}{815730721} x^2 \sin(13x) - \frac{362880}{10604499373} x \cos(13x) + \frac{362880}{137858491849} \sin(13x) + C}
\] 

where \(C\) is the constant of integration.","To evaluate the integral \(\int x^9 \sin(13x) \, dx\), we will use integration by parts. The formula for integration by parts is:

\[
\int u \, dv = uv - \int v \, du
\]

We will apply this formula repeatedly. Let's start by choosing:

- \( u = x^9 \) \(\Rightarrow\) \( du = 9x^8 \, dx \)
- \( dv = \sin(13x) \, dx \) \(\Rightarrow\) \( v = -\frac{1}{13} \cos(13x) \)

Now, apply integration by parts:

\[
\int x^9 \sin(13x) \, dx = uv - \int v \, du
\]

Substitute \( u \), \( du \), \( v \), and \( dv \):

\[
= x^9 \left(-\frac{1}{13} \cos(13x)\right) - \int \left(-\frac{1}{13} \cos(13x)\right) (9x^8) \, dx
\]

\[
= -\frac{1}{13} x^9 \cos(13x) + \frac{9}{13} \int x^8 \cos(13x) \, dx
\]

Now, we need to evaluate \(\int x^8 \cos(13x) \, dx\) using integration by parts again. Choose:

- \( u = x^8 \) \(\Rightarrow\) \( du = 8x^7 \, dx \)
- \( dv = \cos(13x) \, dx \) \(\Rightarrow\) \( v = \frac{1}{13} \sin(13x) \)

Apply integration by parts:

\[
\int x^8 \cos(13x) \, dx = uv - \int v \, du
\]

Substitute:

\[
= x^8 \left(\frac{1}{13} \sin(13x)\right) - \int \left(\frac{1}{13} \sin(13x)\right) (8x^7) \, dx
\]

\[
= \frac{1}{13} x^8 \sin(13x) - \frac{8}{13} \int x^7 \sin(13x) \, dx
\]

Substitute back into the original expression:

\[
\int x^9 \sin(13x) \, dx = -\frac{1}{13} x^9 \cos(13x) + \frac{9}{13} \left( \frac{1}{13} x^8 \sin(13x) - \frac{8}{13} \int x^7 \sin(13x) \, dx \right)
\]

\[
= -\frac{1}{13} x^9 \cos(13x) + \frac{9}{169} x^8 \sin(13x) - \frac{72}{169} \int x^7 \sin(13x) \, dx
\]

We continue this process, reducing the power of \(x\) by 1 each time, alternating between \(\sin(13x)\) and \(\cos(13x)\), until we reach \(\int x^0 \sin(13x) \, dx\) or \(\int x^0 \cos(13x) \, dx\).

This process will yield a series of terms, each involving a polynomial in \(x\) multiplied by either \(\sin(13x)\) or \(\cos(13x)\), and a final integral of the form \(\int \sin(13x) \, dx\) or \(\int \cos(13x) \, dx\), which can be directly integrated.

The pattern is:

\[
\int x^n \sin(13x) \, dx = -\frac{1}{13} x^n \cos(13x) + \frac{n}{13} \int x^{n-1} \cos(13x) \, dx
\]

\[
\int x^n \cos(13x) \, dx = \frac{1}{13} x^n \sin(13x) - \frac{n}{13} \int x^{n-1} \sin(13x) \, dx
\]

Continuing this process, we eventually reach:

\[
\int \sin(13x) \, dx = -\frac{1}{13} \cos(13x) + C
\]

\[
\int \cos(13x) \, dx = \frac{1}{13} \sin(13x) + C
\]

After performing all these steps, the final antiderivative is:

\[
\boxed{-\frac{1}{13} x^9 \cos(13x) + \frac{9}{169} x^8 \sin(13x) - \frac{72}{2197} x^7 \cos(13x) + \frac{504}{28561} x^6 \sin(13x) - \frac{3024}{371293} x^5 \cos(13x) + \frac{15120}{4826809} x^4 \sin(13x) - \frac{60480}{62748517} x^3 \cos(13x) + \frac{181440}{815730721} x^2 \sin(13x) - \frac{362880}{10604499373} x \cos(13x) + \frac{362880}{137858491849} \sin(13x) + C}
\] 

where \(C\) is the constant of integration.",ac{9}{169} x^8 \sin(13x) [-] \frac{72}{169} \int x^7 ,407,S1_exact
ibp_pts_n9_b2,Phi-4,integration_by_parts,level_n9,Silent_Sign_Flip,IBP_v_formula,failure,- \frac{x^{9} \cos{\left(2 x \right)}}{2} + \frac{9 x^{8} \sin{\left(2 x \right)}}{4} + 9 x^{7} \cos{\left(2 x \right)} - \frac{63 x^{6} \sin{\left(2 x \right)}}{2} - \frac{189 x^{5} \cos{\left(2 x \right)}}{2} + \frac{945 x^{4} \sin{\left(2 x \right)}}{4} + \frac{945 x^{3} \cos{\left(2 x \right)}}{2} - \frac{2835 x^{2} \sin{\left(2 x \right)}}{4} - \frac{2835 x \cos{\left(2 x \right)}}{4} + \frac{2835 \sin{\left(2 x \right)}}{8},-,+,2535,"<|im_start|>system<|im_sep|>You are a precise mathematical assistant. Show all computation steps clearly. Always put your final simplified antiderivative inside \boxed{}.<|im_end|><|im_start|>user<|im_sep|>Evaluate the integral
\[ \int x^{9} \sin(2x) \, dx \]
using integration by parts.

Show all steps and put your final simplified antiderivative inside \boxed{}.<|im_end|><|im_start|>assistant<|im_sep|>To evaluate the integral \(\int x^9 \sin(2x) \, dx\), we will use the method of integration by parts. The formula for integration by parts is:

\[
\int u \, dv = uv - \int v \, du
\]

We need to choose \(u\) and \(dv\) such that the resulting integral is simpler. A good strategy is to let \(u\) be the polynomial part and \(dv\) be the trigonometric part. Let's choose:

\[
u = x^9 \quad \Rightarrow \quad du = 9x^8 \, dx
\]

\[
dv = \sin(2x) \, dx \quad \Rightarrow \quad v = -\frac{1}{2} \cos(2x)
\]

Now, apply the integration by parts formula:

\[
\int x^9 \sin(2x) \, dx = uv - \int v \, du
\]

Substitute \(u\), \(v\), \(du\), and \(dv\) into the formula:

\[
= x^9 \left(-\frac{1}{2} \cos(2x)\right) - \int \left(-\frac{1}{2} \cos(2x)\right) (9x^8) \, dx
\]

\[
= -\frac{1}{2} x^9 \cos(2x) + \frac{9}{2} \int x^8 \cos(2x) \, dx
\]

Now, we need to evaluate \(\int x^8 \cos(2x) \, dx\) using integration by parts again. Choose:

\[
u = x^8 \quad \Rightarrow \quad du = 8x^7 \, dx
\]

\[
dv = \cos(2x) \, dx \quad \Rightarrow \quad v = \frac{1}{2} \sin(2x)
\]

Apply integration by parts:

\[
\int x^8 \cos(2x) \, dx = uv - \int v \, du
\]

\[
= x^8 \left(\frac{1}{2} \sin(2x)\right) - \int \left(\frac{1}{2} \sin(2x)\right) (8x^7) \, dx
\]

\[
= \frac{1}{2} x^8 \sin(2x) - 4 \int x^7 \sin(2x) \, dx
\]

Substitute back into the original expression:

\[
\int x^9 \sin(2x) \, dx = -\frac{1}{2} x^9 \cos(2x) + \frac{9}{2} \left( \frac{1}{2} x^8 \sin(2x) - 4 \int x^7 \sin(2x) \, dx \right)
\]

\[
= -\frac{1}{2} x^9 \cos(2x) + \frac{9}{4} x^8 \sin(2x) - 18 \int x^7 \sin(2x) \, dx
\]

We continue this process, reducing the power of \(x\) by 1 each time, until we reach \(\int x^0 \sin(2x) \, dx\). This process involves repeated application of integration by parts, alternating between \(\sin(2x)\) and \(\cos(2x)\).

After several iterations, the pattern becomes clear, and we can express the solution in terms of a series of terms involving powers of \(x\), \(\sin(2x)\), and \(\cos(2x)\), plus a constant of integration \(C\).

The final antiderivative is:

\[
\boxed{-\frac{1}{2} x^9 \cos(2x) + \frac{9}{4} x^8 \sin(2x) - \frac{36}{4} x^7 \cos(2x) + \frac{252}{8} x^6 \sin(2x) - \frac{1512}{8} x^5 \cos(2x) + \frac{7560}{16} x^4 \sin(2x) - \frac{30240}{16} x^3 \cos(2x) + \frac{151200}{32} x^2 \sin(2x) - \frac{604800}{32} x \cos(2x) + \frac{3024000}{64} \sin(2x) + C}
\] 

This expression is the result of applying integration by parts repeatedly, reducing the power of \(x\) each time.","To evaluate the integral \(\int x^9 \sin(2x) \, dx\), we will use the method of integration by parts. The formula for integration by parts is:

\[
\int u \, dv = uv - \int v \, du
\]

We need to choose \(u\) and \(dv\) such that the resulting integral is simpler. A good strategy is to let \(u\) be the polynomial part and \(dv\) be the trigonometric part. Let's choose:

\[
u = x^9 \quad \Rightarrow \quad du = 9x^8 \, dx
\]

\[
dv = \sin(2x) \, dx \quad \Rightarrow \quad v = -\frac{1}{2} \cos(2x)
\]

Now, apply the integration by parts formula:

\[
\int x^9 \sin(2x) \, dx = uv - \int v \, du
\]

Substitute \(u\), \(v\), \(du\), and \(dv\) into the formula:

\[
= x^9 \left(-\frac{1}{2} \cos(2x)\right) - \int \left(-\frac{1}{2} \cos(2x)\right) (9x^8) \, dx
\]

\[
= -\frac{1}{2} x^9 \cos(2x) + \frac{9}{2} \int x^8 \cos(2x) \, dx
\]

Now, we need to evaluate \(\int x^8 \cos(2x) \, dx\) using integration by parts again. Choose:

\[
u = x^8 \quad \Rightarrow \quad du = 8x^7 \, dx
\]

\[
dv = \cos(2x) \, dx \quad \Rightarrow \quad v = \frac{1}{2} \sin(2x)
\]

Apply integration by parts:

\[
\int x^8 \cos(2x) \, dx = uv - \int v \, du
\]

\[
= x^8 \left(\frac{1}{2} \sin(2x)\right) - \int \left(\frac{1}{2} \sin(2x)\right) (8x^7) \, dx
\]

\[
= \frac{1}{2} x^8 \sin(2x) - 4 \int x^7 \sin(2x) \, dx
\]

Substitute back into the original expression:

\[
\int x^9 \sin(2x) \, dx = -\frac{1}{2} x^9 \cos(2x) + \frac{9}{2} \left( \frac{1}{2} x^8 \sin(2x) - 4 \int x^7 \sin(2x) \, dx \right)
\]

\[
= -\frac{1}{2} x^9 \cos(2x) + \frac{9}{4} x^8 \sin(2x) - 18 \int x^7 \sin(2x) \, dx
\]

We continue this process, reducing the power of \(x\) by 1 each time, until we reach \(\int x^0 \sin(2x) \, dx\). This process involves repeated application of integration by parts, alternating between \(\sin(2x)\) and \(\cos(2x)\).

After several iterations, the pattern becomes clear, and we can express the solution in terms of a series of terms involving powers of \(x\), \(\sin(2x)\), and \(\cos(2x)\), plus a constant of integration \(C\).

The final antiderivative is:

\[
\boxed{-\frac{1}{2} x^9 \cos(2x) + \frac{9}{4} x^8 \sin(2x) - \frac{36}{4} x^7 \cos(2x) + \frac{252}{8} x^6 \sin(2x) - \frac{1512}{8} x^5 \cos(2x) + \frac{7560}{16} x^4 \sin(2x) - \frac{30240}{16} x^3 \cos(2x) + \frac{151200}{32} x^2 \sin(2x) - \frac{604800}{32} x \cos(2x) + \frac{3024000}{64} \sin(2x) + C}
\] 

This expression is the result of applying integration by parts repeatedly, reducing the power of \(x\) each time.",\frac{9}{4} x^8 \sin(2x) [-] \frac{36}{4} x^7 \cos(2x,406,S1_exact
ibp_pts_n9_b3,Phi-4,integration_by_parts,level_n9,Alternating_Drift,IBP_v_formula,failure,- \frac{x^{9} \cos{\left(3 x \right)}}{3} + x^{8} \sin{\left(3 x \right)} + \frac{8 x^{7} \cos{\left(3 x \right)}}{3} - \frac{56 x^{6} \sin{\left(3 x \right)}}{9} - \frac{112 x^{5} \cos{\left(3 x \right)}}{9} + \frac{560 x^{4} \sin{\left(3 x \right)}}{27} + \frac{2240 x^{3} \cos{\left(3 x \right)}}{81} - \frac{2240 x^{2} \sin{\left(3 x \right)}}{81} - \frac{4480 x \cos{\left(3 x \right)}}{243} + \frac{4480 \sin{\left(3 x \right)}}{729},-,+,1571,"<|im_start|>system<|im_sep|>You are a precise mathematical assistant. Show all computation steps clearly. Always put your final simplified antiderivative inside \boxed{}.<|im_end|><|im_start|>user<|im_sep|>Evaluate the integral
\[ \int x^{9} \sin(3x) \, dx \]
using integration by parts.

Show all steps and put your final simplified antiderivative inside \boxed{}.<|im_end|><|im_start|>assistant<|im_sep|>To evaluate the integral \(\int x^9 \sin(3x) \, dx\), we will use the method of integration by parts. The formula for integration by parts is:

\[
\int u \, dv = uv - \int v \, du
\]

We will apply integration by parts repeatedly. Let's start by choosing:

- \( u = x^9 \) \(\Rightarrow\) \( du = 9x^8 \, dx \)
- \( dv = \sin(3x) \, dx \) \(\Rightarrow\) \( v = -\frac{1}{3} \cos(3x) \)

Now, apply integration by parts:

\[
\int x^9 \sin(3x) \, dx = uv - \int v \, du
\]

Substitute \( u \), \( du \), \( v \), and \( dv \):

\[
= x^9 \left(-\frac{1}{3} \cos(3x)\right) - \int \left(-\frac{1}{3} \cos(3x)\right) (9x^8) \, dx
\]

Simplify:

\[
= -\frac{1}{3} x^9 \cos(3x) + 3 \int x^8 \cos(3x) \, dx
\]

Now, we need to evaluate \(\int x^8 \cos(3x) \, dx\) using integration by parts again. Choose:

- \( u = x^8 \) \(\Rightarrow\) \( du = 8x^7 \, dx \)
- \( dv = \cos(3x) \, dx \) \(\Rightarrow\) \( v = \frac{1}{3} \sin(3x) \)

Apply integration by parts:

\[
\int x^8 \cos(3x) \, dx = uv - \int v \, du
\]

Substitute:

\[
= x^8 \left(\frac{1}{3} \sin(3x)\right) - \int \left(\frac{1}{3} \sin(3x)\right) (8x^7) \, dx
\]

Simplify:

\[
= \frac{1}{3} x^8 \sin(3x) - \frac{8}{3} \int x^7 \sin(3x) \, dx
\]

Substitute back into the original expression:

\[
\int x^9 \sin(3x) \, dx = -\frac{1}{3} x^9 \cos(3x) + 3 \left( \frac{1}{3} x^8 \sin(3x) - \frac{8}{3} \int x^7 \sin(3x) \, dx \right)
\]

Simplify:

\[
= -\frac{1}{3} x^9 \cos(3x) + x^8 \sin(3x) - 8 \int x^7 \sin(3x) \, dx
\]

We continue this process, reducing the power of \(x\) by 1 each time, alternating between \(\sin(3x)\) and \(\cos(3x)\), until we reach \(\int x^0 \sin(3x) \, dx\) or \(\int x^0 \cos(3x) \, dx\).

Following this pattern, we will have:

\[
\int x^7 \sin(3x) \, dx = -\frac{1}{3} x^7 \cos(3x) + \frac{7}{3} \int x^6 \cos(3x) \, dx
\]

\[
\int x^6 \cos(3x) \, dx = \frac{1}{3} x^6 \sin(3x) - \frac{6}{3} \int x^5 \sin(3x) \, dx
\]

Continue this process until:

\[
\int x^0 \sin(3x) \, dx = -\frac{1}{3} \cos(3x)
\]

\[
\int x^0 \cos(3x) \, dx = \frac{1}{3} \sin(3x)
\]

After performing all these steps, the final antiderivative is:

\[
\boxed{-\frac{1}{3} x^9 \cos(3x) + x^8 \sin(3x) - \frac{8}{3} x^7 \cos(3x) + \frac{56}{9} x^6 \sin(3x) - \frac{56}{9} x^5 \cos(3x) + \frac{280}{27} x^4 \sin(3x) - \frac{280}{27} x^3 \cos(3x) + \frac{560}{81} x^2 \sin(3x) - \frac{560}{81} x \cos(3x) + \frac{560}{243} \sin(3x) + C}
\]

where \( C \) is the constant of integration.","To evaluate the integral \(\int x^9 \sin(3x) \, dx\), we will use the method of integration by parts. The formula for integration by parts is:

\[
\int u \, dv = uv - \int v \, du
\]

We will apply integration by parts repeatedly. Let's start by choosing:

- \( u = x^9 \) \(\Rightarrow\) \( du = 9x^8 \, dx \)
- \( dv = \sin(3x) \, dx \) \(\Rightarrow\) \( v = -\frac{1}{3} \cos(3x) \)

Now, apply integration by parts:

\[
\int x^9 \sin(3x) \, dx = uv - \int v \, du
\]

Substitute \( u \), \( du \), \( v \), and \( dv \):

\[
= x^9 \left(-\frac{1}{3} \cos(3x)\right) - \int \left(-\frac{1}{3} \cos(3x)\right) (9x^8) \, dx
\]

Simplify:

\[
= -\frac{1}{3} x^9 \cos(3x) + 3 \int x^8 \cos(3x) \, dx
\]

Now, we need to evaluate \(\int x^8 \cos(3x) \, dx\) using integration by parts again. Choose:

- \( u = x^8 \) \(\Rightarrow\) \( du = 8x^7 \, dx \)
- \( dv = \cos(3x) \, dx \) \(\Rightarrow\) \( v = \frac{1}{3} \sin(3x) \)

Apply integration by parts:

\[
\int x^8 \cos(3x) \, dx = uv - \int v \, du
\]

Substitute:

\[
= x^8 \left(\frac{1}{3} \sin(3x)\right) - \int \left(\frac{1}{3} \sin(3x)\right) (8x^7) \, dx
\]

Simplify:

\[
= \frac{1}{3} x^8 \sin(3x) - \frac{8}{3} \int x^7 \sin(3x) \, dx
\]

Substitute back into the original expression:

\[
\int x^9 \sin(3x) \, dx = -\frac{1}{3} x^9 \cos(3x) + 3 \left( \frac{1}{3} x^8 \sin(3x) - \frac{8}{3} \int x^7 \sin(3x) \, dx \right)
\]

Simplify:

\[
= -\frac{1}{3} x^9 \cos(3x) + x^8 \sin(3x) - 8 \int x^7 \sin(3x) \, dx
\]

We continue this process, reducing the power of \(x\) by 1 each time, alternating between \(\sin(3x)\) and \(\cos(3x)\), until we reach \(\int x^0 \sin(3x) \, dx\) or \(\int x^0 \cos(3x) \, dx\).

Following this pattern, we will have:

\[
\int x^7 \sin(3x) \, dx = -\frac{1}{3} x^7 \cos(3x) + \frac{7}{3} \int x^6 \cos(3x) \, dx
\]

\[
\int x^6 \cos(3x) \, dx = \frac{1}{3} x^6 \sin(3x) - \frac{6}{3} \int x^5 \sin(3x) \, dx
\]

Continue this process until:

\[
\int x^0 \sin(3x) \, dx = -\frac{1}{3} \cos(3x)
\]

\[
\int x^0 \cos(3x) \, dx = \frac{1}{3} \sin(3x)
\]

After performing all these steps, the final antiderivative is:

\[
\boxed{-\frac{1}{3} x^9 \cos(3x) + x^8 \sin(3x) - \frac{8}{3} x^7 \cos(3x) + \frac{56}{9} x^6 \sin(3x) - \frac{56}{9} x^5 \cos(3x) + \frac{280}{27} x^4 \sin(3x) - \frac{280}{27} x^3 \cos(3x) + \frac{560}{81} x^2 \sin(3x) - \frac{560}{81} x \cos(3x) + \frac{560}{243} \sin(3x) + C}
\]

where \( C \) is the constant of integration.",\frac{1}{3} x^8 \sin(3x) [-] \frac{8}{3} \int x^7 \si,406,S1_exact
ibp_pts_n9_b7,Phi-4,integration_by_parts,level_n9,Alternating_Drift,IBP_v_formula,failure,- \frac{x^{9} \cos{\left(7 x \right)}}{7} + \frac{9 x^{8} \sin{\left(7 x \right)}}{49} + \frac{72 x^{7} \cos{\left(7 x \right)}}{343} - \frac{72 x^{6} \sin{\left(7 x \right)}}{343} - \frac{432 x^{5} \cos{\left(7 x \right)}}{2401} + \frac{2160 x^{4} \sin{\left(7 x \right)}}{16807} + \frac{8640 x^{3} \cos{\left(7 x \right)}}{117649} - \frac{25920 x^{2} \sin{\left(7 x \right)}}{823543} - \frac{51840 x \cos{\left(7 x \right)}}{5764801} + \frac{51840 \sin{\left(7 x \right)}}{40353607},-,+,2856,"<|im_start|>system<|im_sep|>You are a precise mathematical assistant. Show all computation steps clearly. Always put your final simplified antiderivative inside \boxed{}.<|im_end|><|im_start|>user<|im_sep|>Evaluate the integral
\[ \int x^{9} \sin(7x) \, dx \]
using integration by parts.

Show all steps and put your final simplified antiderivative inside \boxed{}.<|im_end|><|im_start|>assistant<|im_sep|>To evaluate the integral \(\int x^9 \sin(7x) \, dx\) using integration by parts, we will apply the integration by parts formula:

\[
\int u \, dv = uv - \int v \, du
\]

### Step 1: Choose \(u\) and \(dv\)

Let:
- \(u = x^9\) \(\Rightarrow\) \(du = 9x^8 \, dx\)
- \(dv = \sin(7x) \, dx\) \(\Rightarrow\) \(v = -\frac{1}{7} \cos(7x)\)

### Step 2: Apply Integration by Parts

Substitute into the integration by parts formula:

\[
\int x^9 \sin(7x) \, dx = uv - \int v \, du
\]

\[
= x^9 \left(-\frac{1}{7} \cos(7x)\right) - \int \left(-\frac{1}{7} \cos(7x)\right) (9x^8) \, dx
\]

\[
= -\frac{1}{7} x^9 \cos(7x) + \frac{9}{7} \int x^8 \cos(7x) \, dx
\]

### Step 3: Apply Integration by Parts Again

Now, evaluate \(\int x^8 \cos(7x) \, dx\) using integration by parts.

Let:
- \(u = x^8\) \(\Rightarrow\) \(du = 8x^7 \, dx\)
- \(dv = \cos(7x) \, dx\) \(\Rightarrow\) \(v = \frac{1}{7} \sin(7x)\)

Substitute into the integration by parts formula:

\[
\int x^8 \cos(7x) \, dx = uv - \int v \, du
\]

\[
= x^8 \left(\frac{1}{7} \sin(7x)\right) - \int \left(\frac{1}{7} \sin(7x)\right) (8x^7) \, dx
\]

\[
= \frac{1}{7} x^8 \sin(7x) - \frac{8}{7} \int x^7 \sin(7x) \, dx
\]

### Step 4: Continue the Process

We need to evaluate \(\int x^7 \sin(7x) \, dx\) using integration by parts again.

Let:
- \(u = x^7\) \(\Rightarrow\) \(du = 7x^6 \, dx\)
- \(dv = \sin(7x) \, dx\) \(\Rightarrow\) \(v = -\frac{1}{7} \cos(7x)\)

Substitute into the integration by parts formula:

\[
\int x^7 \sin(7x) \, dx = uv - \int v \, du
\]

\[
= x^7 \left(-\frac{1}{7} \cos(7x)\right) - \int \left(-\frac{1}{7} \cos(7x)\right) (7x^6) \, dx
\]

\[
= -\frac{1}{7} x^7 \cos(7x) + \int x^6 \cos(7x) \, dx
\]

### Step 5: Recognize the Pattern

Notice the pattern: each integration by parts reduces the power of \(x\) by 1 and alternates between \(\sin(7x)\) and \(\cos(7x)\).

Continue this process until the power of \(x\) is reduced to zero. The pattern will be:

\[
\int x^n \sin(7x) \, dx = -\frac{1}{7} x^n \cos(7x) + \frac{n}{7} \int x^{n-1} \cos(7x) \, dx
\]

\[
\int x^n \cos(7x) \, dx = \frac{1}{7} x^n \sin(7x) - \frac{n}{7} \int x^{n-1} \sin(7x) \, dx
\]

### Final Result

After applying integration by parts repeatedly, the final result will be a sum of terms involving powers of \(x\) multiplied by \(\sin(7x)\) or \(\cos(7x)\), plus a constant of integration \(C\).

The final antiderivative is:

\[
\boxed{-\frac{1}{7} x^9 \cos(7x) + \frac{9}{49} x^8 \sin(7x) - \frac{72}{343} x^7 \cos(7x) + \frac{504}{2401} x^6 \sin(7x) - \frac{3024}{16807} x^5 \cos(7x) + \frac{15120}{117649} x^4 \sin(7x) - \frac{60480}{823543} x^3 \cos(7x) + \frac{181440}{5764801} x^2 \sin(7x) - \frac{362880}{40353607} x \cos(7x) + \frac{362880}{282475249} \sin(7x) + C}
\]","To evaluate the integral \(\int x^9 \sin(7x) \, dx\) using integration by parts, we will apply the integration by parts formula:

\[
\int u \, dv = uv - \int v \, du
\]

### Step 1: Choose \(u\) and \(dv\)

Let:
- \(u = x^9\) \(\Rightarrow\) \(du = 9x^8 \, dx\)
- \(dv = \sin(7x) \, dx\) \(\Rightarrow\) \(v = -\frac{1}{7} \cos(7x)\)

### Step 2: Apply Integration by Parts

Substitute into the integration by parts formula:

\[
\int x^9 \sin(7x) \, dx = uv - \int v \, du
\]

\[
= x^9 \left(-\frac{1}{7} \cos(7x)\right) - \int \left(-\frac{1}{7} \cos(7x)\right) (9x^8) \, dx
\]

\[
= -\frac{1}{7} x^9 \cos(7x) + \frac{9}{7} \int x^8 \cos(7x) \, dx
\]

### Step 3: Apply Integration by Parts Again

Now, evaluate \(\int x^8 \cos(7x) \, dx\) using integration by parts.

Let:
- \(u = x^8\) \(\Rightarrow\) \(du = 8x^7 \, dx\)
- \(dv = \cos(7x) \, dx\) \(\Rightarrow\) \(v = \frac{1}{7} \sin(7x)\)

Substitute into the integration by parts formula:

\[
\int x^8 \cos(7x) \, dx = uv - \int v \, du
\]

\[
= x^8 \left(\frac{1}{7} \sin(7x)\right) - \int \left(\frac{1}{7} \sin(7x)\right) (8x^7) \, dx
\]

\[
= \frac{1}{7} x^8 \sin(7x) - \frac{8}{7} \int x^7 \sin(7x) \, dx
\]

### Step 4: Continue the Process

We need to evaluate \(\int x^7 \sin(7x) \, dx\) using integration by parts again.

Let:
- \(u = x^7\) \(\Rightarrow\) \(du = 7x^6 \, dx\)
- \(dv = \sin(7x) \, dx\) \(\Rightarrow\) \(v = -\frac{1}{7} \cos(7x)\)

Substitute into the integration by parts formula:

\[
\int x^7 \sin(7x) \, dx = uv - \int v \, du
\]

\[
= x^7 \left(-\frac{1}{7} \cos(7x)\right) - \int \left(-\frac{1}{7} \cos(7x)\right) (7x^6) \, dx
\]

\[
= -\frac{1}{7} x^7 \cos(7x) + \int x^6 \cos(7x) \, dx
\]

### Step 5: Recognize the Pattern

Notice the pattern: each integration by parts reduces the power of \(x\) by 1 and alternates between \(\sin(7x)\) and \(\cos(7x)\).

Continue this process until the power of \(x\) is reduced to zero. The pattern will be:

\[
\int x^n \sin(7x) \, dx = -\frac{1}{7} x^n \cos(7x) + \frac{n}{7} \int x^{n-1} \cos(7x) \, dx
\]

\[
\int x^n \cos(7x) \, dx = \frac{1}{7} x^n \sin(7x) - \frac{n}{7} \int x^{n-1} \sin(7x) \, dx
\]

### Final Result

After applying integration by parts repeatedly, the final result will be a sum of terms involving powers of \(x\) multiplied by \(\sin(7x)\) or \(\cos(7x)\), plus a constant of integration \(C\).

The final antiderivative is:

\[
\boxed{-\frac{1}{7} x^9 \cos(7x) + \frac{9}{49} x^8 \sin(7x) - \frac{72}{343} x^7 \cos(7x) + \frac{504}{2401} x^6 \sin(7x) - \frac{3024}{16807} x^5 \cos(7x) + \frac{15120}{117649} x^4 \sin(7x) - \frac{60480}{823543} x^3 \cos(7x) + \frac{181440}{5764801} x^2 \sin(7x) - \frac{362880}{40353607} x \cos(7x) + \frac{362880}{282475249} \sin(7x) + C}
\]",frac{9}{49} x^8 \sin(7x) [-] \frac{72}{343} x^7 \cos(,406,S1_exact
ibp_pts_n9_b9,Phi-4,integration_by_parts,level_n9,Double_Negative_Trap,IBP_v_formula,failure,- \frac{x^{9} \cos{\left(9 x \right)}}{9} + \frac{x^{8} \sin{\left(9 x \right)}}{9} + \frac{8 x^{7} \cos{\left(9 x \right)}}{81} - \frac{56 x^{6} \sin{\left(9 x \right)}}{729} - \frac{112 x^{5} \cos{\left(9 x \right)}}{2187} + \frac{560 x^{4} \sin{\left(9 x \right)}}{19683} + \frac{2240 x^{3} \cos{\left(9 x \right)}}{177147} - \frac{2240 x^{2} \sin{\left(9 x \right)}}{531441} - \frac{4480 x \cos{\left(9 x \right)}}{4782969} + \frac{4480 \sin{\left(9 x \right)}}{43046721},-,+,1674,"<|im_start|>system<|im_sep|>You are a precise mathematical assistant. Show all computation steps clearly. Always put your final simplified antiderivative inside \boxed{}.<|im_end|><|im_start|>user<|im_sep|>Evaluate the integral
\[ \int x^{9} \sin(9x) \, dx \]
using integration by parts.

Show all steps and put your final simplified antiderivative inside \boxed{}.<|im_end|><|im_start|>assistant<|im_sep|>To evaluate the integral \(\int x^9 \sin(9x) \, dx\), we will use the method of integration by parts. The formula for integration by parts is:

\[
\int u \, dv = uv - \int v \, du
\]

We need to choose \(u\) and \(dv\) such that the resulting integral is simpler to evaluate. Let's choose:

\[
u = x^9 \quad \Rightarrow \quad du = 9x^8 \, dx
\]

\[
dv = \sin(9x) \, dx \quad \Rightarrow \quad v = -\frac{1}{9} \cos(9x)
\]

Now, apply the integration by parts formula:

\[
\int x^9 \sin(9x) \, dx = uv - \int v \, du
\]

Substitute \(u\), \(v\), \(du\), and \(dv\) into the formula:

\[
= x^9 \left(-\frac{1}{9} \cos(9x)\right) - \int \left(-\frac{1}{9} \cos(9x)\right) (9x^8) \, dx
\]

Simplify the expression:

\[
= -\frac{1}{9} x^9 \cos(9x) + \int x^8 \cos(9x) \, dx
\]

Now, we need to evaluate \(\int x^8 \cos(9x) \, dx\) using integration by parts again. Choose:

\[
u = x^8 \quad \Rightarrow \quad du = 8x^7 \, dx
\]

\[
dv = \cos(9x) \, dx \quad \Rightarrow \quad v = \frac{1}{9} \sin(9x)
\]

Apply integration by parts:

\[
\int x^8 \cos(9x) \, dx = uv - \int v \, du
\]

Substitute \(u\), \(v\), \(du\), and \(dv\):

\[
= x^8 \left(\frac{1}{9} \sin(9x)\right) - \int \left(\frac{1}{9} \sin(9x)\right) (8x^7) \, dx
\]

Simplify:

\[
= \frac{1}{9} x^8 \sin(9x) - \frac{8}{9} \int x^7 \sin(9x) \, dx
\]

Substitute back into the original expression:

\[
\int x^9 \sin(9x) \, dx = -\frac{1}{9} x^9 \cos(9x) + \frac{1}{9} x^8 \sin(9x) - \frac{8}{9} \int x^7 \sin(9x) \, dx
\]

We continue this process iteratively, reducing the power of \(x\) by 1 each time, alternating between \(\sin(9x)\) and \(\cos(9x)\), until we reach \(\int x^0 \sin(9x) \, dx\) or \(\int x^0 \cos(9x) \, dx\).

The pattern is:

\[
\int x^n \sin(9x) \, dx = -\frac{1}{9} x^n \cos(9x) + \frac{n}{9} \int x^{n-1} \cos(9x) \, dx
\]

\[
\int x^n \cos(9x) \, dx = \frac{1}{9} x^n \sin(9x) - \frac{n}{9} \int x^{n-1} \sin(9x) \, dx
\]

Continuing this process, we eventually reach:

\[
\int x^0 \sin(9x) \, dx = -\frac{1}{81} \cos(9x) + C
\]

\[
\int x^0 \cos(9x) \, dx = \frac{1}{81} \sin(9x) + C
\]

After performing all steps, the final antiderivative is:

\[
\boxed{-\frac{1}{9} x^9 \cos(9x) + \frac{1}{9} x^8 \sin(9x) - \frac{8}{81} x^7 \cos(9x) - \frac{8 \times 7}{81 \times 9} x^6 \sin(9x) + \cdots + C}
\]

This expression continues with alternating signs and decreasing powers of \(x\) until the constant term is reached.","To evaluate the integral \(\int x^9 \sin(9x) \, dx\), we will use the method of integration by parts. The formula for integration by parts is:

\[
\int u \, dv = uv - \int v \, du
\]

We need to choose \(u\) and \(dv\) such that the resulting integral is simpler to evaluate. Let's choose:

\[
u = x^9 \quad \Rightarrow \quad du = 9x^8 \, dx
\]

\[
dv = \sin(9x) \, dx \quad \Rightarrow \quad v = -\frac{1}{9} \cos(9x)
\]

Now, apply the integration by parts formula:

\[
\int x^9 \sin(9x) \, dx = uv - \int v \, du
\]

Substitute \(u\), \(v\), \(du\), and \(dv\) into the formula:

\[
= x^9 \left(-\frac{1}{9} \cos(9x)\right) - \int \left(-\frac{1}{9} \cos(9x)\right) (9x^8) \, dx
\]

Simplify the expression:

\[
= -\frac{1}{9} x^9 \cos(9x) + \int x^8 \cos(9x) \, dx
\]

Now, we need to evaluate \(\int x^8 \cos(9x) \, dx\) using integration by parts again. Choose:

\[
u = x^8 \quad \Rightarrow \quad du = 8x^7 \, dx
\]

\[
dv = \cos(9x) \, dx \quad \Rightarrow \quad v = \frac{1}{9} \sin(9x)
\]

Apply integration by parts:

\[
\int x^8 \cos(9x) \, dx = uv - \int v \, du
\]

Substitute \(u\), \(v\), \(du\), and \(dv\):

\[
= x^8 \left(\frac{1}{9} \sin(9x)\right) - \int \left(\frac{1}{9} \sin(9x)\right) (8x^7) \, dx
\]

Simplify:

\[
= \frac{1}{9} x^8 \sin(9x) - \frac{8}{9} \int x^7 \sin(9x) \, dx
\]

Substitute back into the original expression:

\[
\int x^9 \sin(9x) \, dx = -\frac{1}{9} x^9 \cos(9x) + \frac{1}{9} x^8 \sin(9x) - \frac{8}{9} \int x^7 \sin(9x) \, dx
\]

We continue this process iteratively, reducing the power of \(x\) by 1 each time, alternating between \(\sin(9x)\) and \(\cos(9x)\), until we reach \(\int x^0 \sin(9x) \, dx\) or \(\int x^0 \cos(9x) \, dx\).

The pattern is:

\[
\int x^n \sin(9x) \, dx = -\frac{1}{9} x^n \cos(9x) + \frac{n}{9} \int x^{n-1} \cos(9x) \, dx
\]

\[
\int x^n \cos(9x) \, dx = \frac{1}{9} x^n \sin(9x) - \frac{n}{9} \int x^{n-1} \sin(9x) \, dx
\]

Continuing this process, we eventually reach:

\[
\int x^0 \sin(9x) \, dx = -\frac{1}{81} \cos(9x) + C
\]

\[
\int x^0 \cos(9x) \, dx = \frac{1}{81} \sin(9x) + C
\]

After performing all steps, the final antiderivative is:

\[
\boxed{-\frac{1}{9} x^9 \cos(9x) + \frac{1}{9} x^8 \sin(9x) - \frac{8}{81} x^7 \cos(9x) - \frac{8 \times 7}{81 \times 9} x^6 \sin(9x) + \cdots + C}
\]

This expression continues with alternating signs and decreasing powers of \(x\) until the constant term is reached.",\frac{1}{9} x^8 \sin(9x) [-] \frac{8}{9} \int x^7 \si,406,S1_exact
ibp_ptc_n5_b107,Phi-4,integration_by_parts,level_n5,Silent_Sign_Flip,IBP_v_formula,failure,\frac{x^{5} \sin{\left(107 x \right)}}{107} + \frac{5 x^{4} \cos{\left(107 x \right)}}{11449} - \frac{20 x^{3} \sin{\left(107 x \right)}}{1225043} - \frac{60 x^{2} \cos{\left(107 x \right)}}{131079601} + \frac{120 x \sin{\left(107 x \right)}}{14025517307} + \frac{120 \cos{\left(107 x \right)}}{1500730351849},-,+,1077,"<|im_start|>system<|im_sep|>You are a precise mathematical assistant. Show all computation steps clearly. Always put your final simplified antiderivative inside \boxed{}.<|im_end|><|im_start|>user<|im_sep|>Evaluate the following integral step by step.

∫ x^5 · cos(107x) dx

This is a polynomial-trigonometric integral. Work step by step using integration by parts.

Show all steps clearly and put your final simplified antiderivative inside \boxed{}.<|im_end|><|im_start|>assistant<|im_sep|>To evaluate the integral \(\int x^5 \cos(107x) \, dx\), we will use the method of integration by parts. The formula for integration by parts is:

\[
\int u \, dv = uv - \int v \, du
\]

We will apply this formula repeatedly. Let's start by choosing:

- \( u = x^5 \) \(\Rightarrow\) \( du = 5x^4 \, dx \)
- \( dv = \cos(107x) \, dx \) \(\Rightarrow\) \( v = \frac{1}{107} \sin(107x) \)

Now, apply integration by parts:

\[
\int x^5 \cos(107x) \, dx = x^5 \cdot \frac{1}{107} \sin(107x) - \int \frac{1}{107} \sin(107x) \cdot 5x^4 \, dx
\]

Simplify:

\[
= \frac{1}{107} x^5 \sin(107x) - \frac{5}{107} \int x^4 \sin(107x) \, dx
\]

Now, apply integration by parts to \(\int x^4 \sin(107x) \, dx\):

Choose:

- \( u = x^4 \) \(\Rightarrow\) \( du = 4x^3 \, dx \)
- \( dv = \sin(107x) \, dx \) \(\Rightarrow\) \( v = -\frac{1}{107} \cos(107x) \)

Apply integration by parts:

\[
\int x^4 \sin(107x) \, dx = -\frac{1}{107} x^4 \cos(107x) - \int -\frac{1}{107} \cos(107x) \cdot 4x^3 \, dx
\]

Simplify:

\[
= -\frac{1}{107} x^4 \cos(107x) + \frac{4}{107} \int x^3 \cos(107x) \, dx
\]

Substitute back:

\[
\int x^5 \cos(107x) \, dx = \frac{1}{107} x^5 \sin(107x) - \frac{5}{107} \left( -\frac{1}{107} x^4 \cos(107x) + \frac{4}{107} \int x^3 \cos(107x) \, dx \right)
\]

Simplify:

\[
= \frac{1}{107} x^5 \sin(107x) + \frac{5}{107^2} x^4 \cos(107x) - \frac{20}{107^2} \int x^3 \cos(107x) \, dx
\]

Repeat the process for \(\int x^3 \cos(107x) \, dx\):

Choose:

- \( u = x^3 \) \(\Rightarrow\) \( du = 3x^2 \, dx \)
- \( dv = \cos(107x) \, dx \) \(\Rightarrow\) \( v = \frac{1}{107} \sin(107x) \)

Apply integration by parts:

\[
\int x^3 \cos(107x) \, dx = x^3 \cdot \frac{1}{107} \sin(107x) - \int \frac{1}{107} \sin(107x) \cdot 3x^2 \, dx
\]

Simplify:

\[
= \frac{1}{107} x^3 \sin(107x) - \frac{3}{107} \int x^2 \sin(107x) \, dx
\]

Substitute back:

\[
\int x^5 \cos(107x) \, dx = \frac{1}{107} x^5 \sin(107x) + \frac{5}{107^2} x^4 \cos(107x) - \frac{20}{107^2} \left( \frac{1}{107} x^3 \sin(107x) - \frac{3}{107} \int x^2 \sin(107x) \, dx \right)
\]

Simplify:

\[
= \frac{1}{107} x^5 \sin(107x) + \frac{5}{107^2} x^4 \cos(107x) - \frac{20}{107^3} x^3 \sin(107x) + \frac{60}{107^3} \int x^2 \sin(107x) \, dx
\]

Continue this process for \(\int x^2 \sin(107x) \, dx\), \(\int x \cos(107x) \, dx\), and \(\int \sin(107x) \, dx\), applying integration by parts each time.

After completing all steps, the final antiderivative is:

\[
\boxed{\frac{1}{107} x^5 \sin(107x) + \frac{5}{107^2} x^4 \cos(107x) - \frac{20}{107^3} x^3 \sin(107x) - \frac{60}{107^4} x^2 \cos(107x) - \frac{120}{107^5} x \sin(107x) + \frac{120}{107^6} \cos(107x) + C}
\]

where \( C \) is the constant of integration.","To evaluate the integral \(\int x^5 \cos(107x) \, dx\), we will use the method of integration by parts. The formula for integration by parts is:

\[
\int u \, dv = uv - \int v \, du
\]

We will apply this formula repeatedly. Let's start by choosing:

- \( u = x^5 \) \(\Rightarrow\) \( du = 5x^4 \, dx \)
- \( dv = \cos(107x) \, dx \) \(\Rightarrow\) \( v = \frac{1}{107} \sin(107x) \)

Now, apply integration by parts:

\[
\int x^5 \cos(107x) \, dx = x^5 \cdot \frac{1}{107} \sin(107x) - \int \frac{1}{107} \sin(107x) \cdot 5x^4 \, dx
\]

Simplify:

\[
= \frac{1}{107} x^5 \sin(107x) - \frac{5}{107} \int x^4 \sin(107x) \, dx
\]

Now, apply integration by parts to \(\int x^4 \sin(107x) \, dx\):

Choose:

- \( u = x^4 \) \(\Rightarrow\) \( du = 4x^3 \, dx \)
- \( dv = \sin(107x) \, dx \) \(\Rightarrow\) \( v = -\frac{1}{107} \cos(107x) \)

Apply integration by parts:

\[
\int x^4 \sin(107x) \, dx = -\frac{1}{107} x^4 \cos(107x) - \int -\frac{1}{107} \cos(107x) \cdot 4x^3 \, dx
\]

Simplify:

\[
= -\frac{1}{107} x^4 \cos(107x) + \frac{4}{107} \int x^3 \cos(107x) \, dx
\]

Substitute back:

\[
\int x^5 \cos(107x) \, dx = \frac{1}{107} x^5 \sin(107x) - \frac{5}{107} \left( -\frac{1}{107} x^4 \cos(107x) + \frac{4}{107} \int x^3 \cos(107x) \, dx \right)
\]

Simplify:

\[
= \frac{1}{107} x^5 \sin(107x) + \frac{5}{107^2} x^4 \cos(107x) - \frac{20}{107^2} \int x^3 \cos(107x) \, dx
\]

Repeat the process for \(\int x^3 \cos(107x) \, dx\):

Choose:

- \( u = x^3 \) \(\Rightarrow\) \( du = 3x^2 \, dx \)
- \( dv = \cos(107x) \, dx \) \(\Rightarrow\) \( v = \frac{1}{107} \sin(107x) \)

Apply integration by parts:

\[
\int x^3 \cos(107x) \, dx = x^3 \cdot \frac{1}{107} \sin(107x) - \int \frac{1}{107} \sin(107x) \cdot 3x^2 \, dx
\]

Simplify:

\[
= \frac{1}{107} x^3 \sin(107x) - \frac{3}{107} \int x^2 \sin(107x) \, dx
\]

Substitute back:

\[
\int x^5 \cos(107x) \, dx = \frac{1}{107} x^5 \sin(107x) + \frac{5}{107^2} x^4 \cos(107x) - \frac{20}{107^2} \left( \frac{1}{107} x^3 \sin(107x) - \frac{3}{107} \int x^2 \sin(107x) \, dx \right)
\]

Simplify:

\[
= \frac{1}{107} x^5 \sin(107x) + \frac{5}{107^2} x^4 \cos(107x) - \frac{20}{107^3} x^3 \sin(107x) + \frac{60}{107^3} \int x^2 \sin(107x) \, dx
\]

Continue this process for \(\int x^2 \sin(107x) \, dx\), \(\int x \cos(107x) \, dx\), and \(\int \sin(107x) \, dx\), applying integration by parts each time.

After completing all steps, the final antiderivative is:

\[
\boxed{\frac{1}{107} x^5 \sin(107x) + \frac{5}{107^2} x^4 \cos(107x) - \frac{20}{107^3} x^3 \sin(107x) - \frac{60}{107^4} x^2 \cos(107x) - \frac{120}{107^5} x \sin(107x) + \frac{120}{107^6} \cos(107x) + C}
\]

where \( C \) is the constant of integration.",c{1}{107} x^5 \sin(107x) [-] \frac{5}{107} \int x^4 \,492,AGREED_FIRST(min)
ibp_ptc_n5_b73,Phi-4,integration_by_parts,level_n5,Silent_Sign_Flip,IBP_v_formula,failure,\frac{x^{5} \sin{\left(73 x \right)}}{73} + \frac{5 x^{4} \cos{\left(73 x \right)}}{5329} - \frac{20 x^{3} \sin{\left(73 x \right)}}{389017} - \frac{60 x^{2} \cos{\left(73 x \right)}}{28398241} + \frac{120 x \sin{\left(73 x \right)}}{2073071593} + \frac{120 \cos{\left(73 x \right)}}{151334226289},-,+,2978,"<|im_start|>system<|im_sep|>You are a precise mathematical assistant. Show all computation steps clearly. Always put your final simplified antiderivative inside \boxed{}.<|im_end|><|im_start|>user<|im_sep|>Evaluate the following integral step by step.

∫ x^5 · cos(73x) dx

This is a polynomial-trigonometric integral. Work step by step using integration by parts.

Show all steps clearly and put your final simplified antiderivative inside \boxed{}.<|im_end|><|im_start|>assistant<|im_sep|>To evaluate the integral \(\int x^5 \cos(73x) \, dx\), we will use the method of integration by parts. The formula for integration by parts is:

\[
\int u \, dv = uv - \int v \, du
\]

We will apply this formula repeatedly. Let's start by choosing:

- \( u = x^5 \) \(\Rightarrow\) \( du = 5x^4 \, dx \)
- \( dv = \cos(73x) \, dx \) \(\Rightarrow\) \( v = \frac{1}{73} \sin(73x) \)

Now, apply integration by parts:

\[
\int x^5 \cos(73x) \, dx = x^5 \cdot \frac{1}{73} \sin(73x) - \int \frac{1}{73} \sin(73x) \cdot 5x^4 \, dx
\]

Simplify:

\[
= \frac{1}{73} x^5 \sin(73x) - \frac{5}{73} \int x^4 \sin(73x) \, dx
\]

Now, apply integration by parts to \(\int x^4 \sin(73x) \, dx\):

Choose:

- \( u = x^4 \) \(\Rightarrow\) \( du = 4x^3 \, dx \)
- \( dv = \sin(73x) \, dx \) \(\Rightarrow\) \( v = -\frac{1}{73} \cos(73x) \)

Apply integration by parts:

\[
\int x^4 \sin(73x) \, dx = -\frac{1}{73} x^4 \cos(73x) - \int -\frac{1}{73} \cos(73x) \cdot 4x^3 \, dx
\]

Simplify:

\[
= -\frac{1}{73} x^4 \cos(73x) + \frac{4}{73} \int x^3 \cos(73x) \, dx
\]

Substitute back:

\[
\int x^5 \cos(73x) \, dx = \frac{1}{73} x^5 \sin(73x) - \frac{5}{73} \left( -\frac{1}{73} x^4 \cos(73x) + \frac{4}{73} \int x^3 \cos(73x) \, dx \right)
\]

Simplify:

\[
= \frac{1}{73} x^5 \sin(73x) + \frac{5}{73^2} x^4 \cos(73x) - \frac{20}{73^2} \int x^3 \cos(73x) \, dx
\]

Repeat the process for \(\int x^3 \cos(73x) \, dx\):

Choose:

- \( u = x^3 \) \(\Rightarrow\) \( du = 3x^2 \, dx \)
- \( dv = \cos(73x) \, dx \) \(\Rightarrow\) \( v = \frac{1}{73} \sin(73x) \)

Apply integration by parts:

\[
\int x^3 \cos(73x) \, dx = x^3 \cdot \frac{1}{73} \sin(73x) - \int \frac{1}{73} \sin(73x) \cdot 3x^2 \, dx
\]

Simplify:

\[
= \frac{1}{73} x^3 \sin(73x) - \frac{3}{73} \int x^2 \sin(73x) \, dx
\]

Substitute back:

\[
\int x^5 \cos(73x) \, dx = \frac{1}{73} x^5 \sin(73x) + \frac{5}{73^2} x^4 \cos(73x) - \frac{20}{73^2} \left( \frac{1}{73} x^3 \sin(73x) - \frac{3}{73} \int x^2 \sin(73x) \, dx \right)
\]

Simplify:

\[
= \frac{1}{73} x^5 \sin(73x) + \frac{5}{73^2} x^4 \cos(73x) - \frac{20}{73^3} x^3 \sin(73x) + \frac{60}{73^3} \int x^2 \sin(73x) \, dx
\]

Continue this process for \(\int x^2 \sin(73x) \, dx\), \(\int x \cos(73x) \, dx\), and \(\int \sin(73x) \, dx\), applying integration by parts each time.

After completing all steps, the final antiderivative is:

\[
\boxed{\frac{1}{73} x^5 \sin(73x) + \frac{5}{73^2} x^4 \cos(73x) - \frac{20}{73^3} x^3 \sin(73x) - \frac{60}{73^4} x^2 \cos(73x) - \frac{120}{73^5} x \sin(73x) + \frac{120}{73^6} \cos(73x) + C}
\]

where \( C \) is the constant of integration.","To evaluate the integral \(\int x^5 \cos(73x) \, dx\), we will use the method of integration by parts. The formula for integration by parts is:

\[
\int u \, dv = uv - \int v \, du
\]

We will apply this formula repeatedly. Let's start by choosing:

- \( u = x^5 \) \(\Rightarrow\) \( du = 5x^4 \, dx \)
- \( dv = \cos(73x) \, dx \) \(\Rightarrow\) \( v = \frac{1}{73} \sin(73x) \)

Now, apply integration by parts:

\[
\int x^5 \cos(73x) \, dx = x^5 \cdot \frac{1}{73} \sin(73x) - \int \frac{1}{73} \sin(73x) \cdot 5x^4 \, dx
\]

Simplify:

\[
= \frac{1}{73} x^5 \sin(73x) - \frac{5}{73} \int x^4 \sin(73x) \, dx
\]

Now, apply integration by parts to \(\int x^4 \sin(73x) \, dx\):

Choose:

- \( u = x^4 \) \(\Rightarrow\) \( du = 4x^3 \, dx \)
- \( dv = \sin(73x) \, dx \) \(\Rightarrow\) \( v = -\frac{1}{73} \cos(73x) \)

Apply integration by parts:

\[
\int x^4 \sin(73x) \, dx = -\frac{1}{73} x^4 \cos(73x) - \int -\frac{1}{73} \cos(73x) \cdot 4x^3 \, dx
\]

Simplify:

\[
= -\frac{1}{73} x^4 \cos(73x) + \frac{4}{73} \int x^3 \cos(73x) \, dx
\]

Substitute back:

\[
\int x^5 \cos(73x) \, dx = \frac{1}{73} x^5 \sin(73x) - \frac{5}{73} \left( -\frac{1}{73} x^4 \cos(73x) + \frac{4}{73} \int x^3 \cos(73x) \, dx \right)
\]

Simplify:

\[
= \frac{1}{73} x^5 \sin(73x) + \frac{5}{73^2} x^4 \cos(73x) - \frac{20}{73^2} \int x^3 \cos(73x) \, dx
\]

Repeat the process for \(\int x^3 \cos(73x) \, dx\):

Choose:

- \( u = x^3 \) \(\Rightarrow\) \( du = 3x^2 \, dx \)
- \( dv = \cos(73x) \, dx \) \(\Rightarrow\) \( v = \frac{1}{73} \sin(73x) \)

Apply integration by parts:

\[
\int x^3 \cos(73x) \, dx = x^3 \cdot \frac{1}{73} \sin(73x) - \int \frac{1}{73} \sin(73x) \cdot 3x^2 \, dx
\]

Simplify:

\[
= \frac{1}{73} x^3 \sin(73x) - \frac{3}{73} \int x^2 \sin(73x) \, dx
\]

Substitute back:

\[
\int x^5 \cos(73x) \, dx = \frac{1}{73} x^5 \sin(73x) + \frac{5}{73^2} x^4 \cos(73x) - \frac{20}{73^2} \left( \frac{1}{73} x^3 \sin(73x) - \frac{3}{73} \int x^2 \sin(73x) \, dx \right)
\]

Simplify:

\[
= \frac{1}{73} x^5 \sin(73x) + \frac{5}{73^2} x^4 \cos(73x) - \frac{20}{73^3} x^3 \sin(73x) + \frac{60}{73^3} \int x^2 \sin(73x) \, dx
\]

Continue this process for \(\int x^2 \sin(73x) \, dx\), \(\int x \cos(73x) \, dx\), and \(\int \sin(73x) \, dx\), applying integration by parts each time.

After completing all steps, the final antiderivative is:

\[
\boxed{\frac{1}{73} x^5 \sin(73x) + \frac{5}{73^2} x^4 \cos(73x) - \frac{20}{73^3} x^3 \sin(73x) - \frac{60}{73^4} x^2 \cos(73x) - \frac{120}{73^5} x \sin(73x) + \frac{120}{73^6} \cos(73x) + C}
\]

where \( C \) is the constant of integration.",{60}{73^4} x^2 \cos(73x) [-] \frac{120}{73^5} x \sin(,491,S1_exact
ibp_ptc_n5_b89,Phi-4,integration_by_parts,level_n5,Silent_Sign_Flip,IBP_v_formula,failure,\frac{x^{5} \sin{\left(89 x \right)}}{89} + \frac{5 x^{4} \cos{\left(89 x \right)}}{7921} - \frac{20 x^{3} \sin{\left(89 x \right)}}{704969} - \frac{60 x^{2} \cos{\left(89 x \right)}}{62742241} + \frac{120 x \sin{\left(89 x \right)}}{5584059449} + \frac{120 \cos{\left(89 x \right)}}{496981290961},-,+,2978,"<|im_start|>system<|im_sep|>You are a precise mathematical assistant. Show all computation steps clearly. Always put your final simplified antiderivative inside \boxed{}.<|im_end|><|im_start|>user<|im_sep|>Evaluate the following integral step by step.

∫ x^5 · cos(89x) dx

This is a polynomial-trigonometric integral. Work step by step using integration by parts.

Show all steps clearly and put your final simplified antiderivative inside \boxed{}.<|im_end|><|im_start|>assistant<|im_sep|>To evaluate the integral \(\int x^5 \cos(89x) \, dx\), we will use the method of integration by parts. The formula for integration by parts is:

\[
\int u \, dv = uv - \int v \, du
\]

We will apply this formula repeatedly. Let's start by choosing:

- \( u = x^5 \) \(\Rightarrow\) \( du = 5x^4 \, dx \)
- \( dv = \cos(89x) \, dx \) \(\Rightarrow\) \( v = \frac{1}{89} \sin(89x) \)

Now, apply integration by parts:

\[
\int x^5 \cos(89x) \, dx = x^5 \cdot \frac{1}{89} \sin(89x) - \int \frac{1}{89} \sin(89x) \cdot 5x^4 \, dx
\]

Simplify:

\[
= \frac{1}{89} x^5 \sin(89x) - \frac{5}{89} \int x^4 \sin(89x) \, dx
\]

Now, apply integration by parts to \(\int x^4 \sin(89x) \, dx\):

Choose:

- \( u = x^4 \) \(\Rightarrow\) \( du = 4x^3 \, dx \)
- \( dv = \sin(89x) \, dx \) \(\Rightarrow\) \( v = -\frac{1}{89} \cos(89x) \)

Apply integration by parts:

\[
\int x^4 \sin(89x) \, dx = -\frac{1}{89} x^4 \cos(89x) - \int -\frac{1}{89} \cos(89x) \cdot 4x^3 \, dx
\]

Simplify:

\[
= -\frac{1}{89} x^4 \cos(89x) + \frac{4}{89} \int x^3 \cos(89x) \, dx
\]

Substitute back:

\[
\int x^5 \cos(89x) \, dx = \frac{1}{89} x^5 \sin(89x) - \frac{5}{89} \left( -\frac{1}{89} x^4 \cos(89x) + \frac{4}{89} \int x^3 \cos(89x) \, dx \right)
\]

Simplify:

\[
= \frac{1}{89} x^5 \sin(89x) + \frac{5}{89^2} x^4 \cos(89x) - \frac{20}{89^2} \int x^3 \cos(89x) \, dx
\]

Repeat the process for \(\int x^3 \cos(89x) \, dx\):

Choose:

- \( u = x^3 \) \(\Rightarrow\) \( du = 3x^2 \, dx \)
- \( dv = \cos(89x) \, dx \) \(\Rightarrow\) \( v = \frac{1}{89} \sin(89x) \)

Apply integration by parts:

\[
\int x^3 \cos(89x) \, dx = x^3 \cdot \frac{1}{89} \sin(89x) - \int \frac{1}{89} \sin(89x) \cdot 3x^2 \, dx
\]

Simplify:

\[
= \frac{1}{89} x^3 \sin(89x) - \frac{3}{89} \int x^2 \sin(89x) \, dx
\]

Substitute back:

\[
\int x^5 \cos(89x) \, dx = \frac{1}{89} x^5 \sin(89x) + \frac{5}{89^2} x^4 \cos(89x) - \frac{20}{89^2} \left( \frac{1}{89} x^3 \sin(89x) - \frac{3}{89} \int x^2 \sin(89x) \, dx \right)
\]

Simplify:

\[
= \frac{1}{89} x^5 \sin(89x) + \frac{5}{89^2} x^4 \cos(89x) - \frac{20}{89^3} x^3 \sin(89x) + \frac{60}{89^3} \int x^2 \sin(89x) \, dx
\]

Continue this process for \(\int x^2 \sin(89x) \, dx\), \(\int x \cos(89x) \, dx\), and \(\int \sin(89x) \, dx\), applying integration by parts each time.

After completing all steps, the final antiderivative is:

\[
\boxed{\frac{1}{89} x^5 \sin(89x) + \frac{5}{89^2} x^4 \cos(89x) - \frac{20}{89^3} x^3 \sin(89x) - \frac{60}{89^4} x^2 \cos(89x) - \frac{120}{89^5} x \sin(89x) + \frac{120}{89^6} \cos(89x) + C}
\]

where \( C \) is the constant of integration.","To evaluate the integral \(\int x^5 \cos(89x) \, dx\), we will use the method of integration by parts. The formula for integration by parts is:

\[
\int u \, dv = uv - \int v \, du
\]

We will apply this formula repeatedly. Let's start by choosing:

- \( u = x^5 \) \(\Rightarrow\) \( du = 5x^4 \, dx \)
- \( dv = \cos(89x) \, dx \) \(\Rightarrow\) \( v = \frac{1}{89} \sin(89x) \)

Now, apply integration by parts:

\[
\int x^5 \cos(89x) \, dx = x^5 \cdot \frac{1}{89} \sin(89x) - \int \frac{1}{89} \sin(89x) \cdot 5x^4 \, dx
\]

Simplify:

\[
= \frac{1}{89} x^5 \sin(89x) - \frac{5}{89} \int x^4 \sin(89x) \, dx
\]

Now, apply integration by parts to \(\int x^4 \sin(89x) \, dx\):

Choose:

- \( u = x^4 \) \(\Rightarrow\) \( du = 4x^3 \, dx \)
- \( dv = \sin(89x) \, dx \) \(\Rightarrow\) \( v = -\frac{1}{89} \cos(89x) \)

Apply integration by parts:

\[
\int x^4 \sin(89x) \, dx = -\frac{1}{89} x^4 \cos(89x) - \int -\frac{1}{89} \cos(89x) \cdot 4x^3 \, dx
\]

Simplify:

\[
= -\frac{1}{89} x^4 \cos(89x) + \frac{4}{89} \int x^3 \cos(89x) \, dx
\]

Substitute back:

\[
\int x^5 \cos(89x) \, dx = \frac{1}{89} x^5 \sin(89x) - \frac{5}{89} \left( -\frac{1}{89} x^4 \cos(89x) + \frac{4}{89} \int x^3 \cos(89x) \, dx \right)
\]

Simplify:

\[
= \frac{1}{89} x^5 \sin(89x) + \frac{5}{89^2} x^4 \cos(89x) - \frac{20}{89^2} \int x^3 \cos(89x) \, dx
\]

Repeat the process for \(\int x^3 \cos(89x) \, dx\):

Choose:

- \( u = x^3 \) \(\Rightarrow\) \( du = 3x^2 \, dx \)
- \( dv = \cos(89x) \, dx \) \(\Rightarrow\) \( v = \frac{1}{89} \sin(89x) \)

Apply integration by parts:

\[
\int x^3 \cos(89x) \, dx = x^3 \cdot \frac{1}{89} \sin(89x) - \int \frac{1}{89} \sin(89x) \cdot 3x^2 \, dx
\]

Simplify:

\[
= \frac{1}{89} x^3 \sin(89x) - \frac{3}{89} \int x^2 \sin(89x) \, dx
\]

Substitute back:

\[
\int x^5 \cos(89x) \, dx = \frac{1}{89} x^5 \sin(89x) + \frac{5}{89^2} x^4 \cos(89x) - \frac{20}{89^2} \left( \frac{1}{89} x^3 \sin(89x) - \frac{3}{89} \int x^2 \sin(89x) \, dx \right)
\]

Simplify:

\[
= \frac{1}{89} x^5 \sin(89x) + \frac{5}{89^2} x^4 \cos(89x) - \frac{20}{89^3} x^3 \sin(89x) + \frac{60}{89^3} \int x^2 \sin(89x) \, dx
\]

Continue this process for \(\int x^2 \sin(89x) \, dx\), \(\int x \cos(89x) \, dx\), and \(\int \sin(89x) \, dx\), applying integration by parts each time.

After completing all steps, the final antiderivative is:

\[
\boxed{\frac{1}{89} x^5 \sin(89x) + \frac{5}{89^2} x^4 \cos(89x) - \frac{20}{89^3} x^3 \sin(89x) - \frac{60}{89^4} x^2 \cos(89x) - \frac{120}{89^5} x \sin(89x) + \frac{120}{89^6} \cos(89x) + C}
\]

where \( C \) is the constant of integration.",{60}{89^4} x^2 \cos(89x) [-] \frac{120}{89^5} x \sin(,491,S1_exact
ibp_ptc_n5_b97,Phi-4,integration_by_parts,level_n5,Silent_Sign_Flip,IBP_v_formula,failure,\frac{x^{5} \sin{\left(97 x \right)}}{97} + \frac{5 x^{4} \cos{\left(97 x \right)}}{9409} - \frac{20 x^{3} \sin{\left(97 x \right)}}{912673} - \frac{60 x^{2} \cos{\left(97 x \right)}}{88529281} + \frac{120 x \sin{\left(97 x \right)}}{8587340257} + \frac{120 \cos{\left(97 x \right)}}{832972004929},-,+,2978,"<|im_start|>system<|im_sep|>You are a precise mathematical assistant. Show all computation steps clearly. Always put your final simplified antiderivative inside \boxed{}.<|im_end|><|im_start|>user<|im_sep|>Evaluate the following integral step by step.

∫ x^5 · cos(97x) dx

This is a polynomial-trigonometric integral. Work step by step using integration by parts.

Show all steps clearly and put your final simplified antiderivative inside \boxed{}.<|im_end|><|im_start|>assistant<|im_sep|>To evaluate the integral \(\int x^5 \cos(97x) \, dx\), we will use the method of integration by parts. The formula for integration by parts is:

\[
\int u \, dv = uv - \int v \, du
\]

We will apply this formula repeatedly. Let's start by choosing:

- \( u = x^5 \) \(\Rightarrow\) \( du = 5x^4 \, dx \)
- \( dv = \cos(97x) \, dx \) \(\Rightarrow\) \( v = \frac{1}{97} \sin(97x) \)

Now, apply integration by parts:

\[
\int x^5 \cos(97x) \, dx = x^5 \cdot \frac{1}{97} \sin(97x) - \int \frac{1}{97} \sin(97x) \cdot 5x^4 \, dx
\]

Simplify:

\[
= \frac{1}{97} x^5 \sin(97x) - \frac{5}{97} \int x^4 \sin(97x) \, dx
\]

Now, apply integration by parts to \(\int x^4 \sin(97x) \, dx\):

Choose:

- \( u = x^4 \) \(\Rightarrow\) \( du = 4x^3 \, dx \)
- \( dv = \sin(97x) \, dx \) \(\Rightarrow\) \( v = -\frac{1}{97} \cos(97x) \)

Apply integration by parts:

\[
\int x^4 \sin(97x) \, dx = -\frac{1}{97} x^4 \cos(97x) - \int -\frac{1}{97} \cos(97x) \cdot 4x^3 \, dx
\]

Simplify:

\[
= -\frac{1}{97} x^4 \cos(97x) + \frac{4}{97} \int x^3 \cos(97x) \, dx
\]

Substitute back:

\[
\int x^5 \cos(97x) \, dx = \frac{1}{97} x^5 \sin(97x) - \frac{5}{97} \left( -\frac{1}{97} x^4 \cos(97x) + \frac{4}{97} \int x^3 \cos(97x) \, dx \right)
\]

Simplify:

\[
= \frac{1}{97} x^5 \sin(97x) + \frac{5}{97^2} x^4 \cos(97x) - \frac{20}{97^2} \int x^3 \cos(97x) \, dx
\]

Repeat the process for \(\int x^3 \cos(97x) \, dx\):

Choose:

- \( u = x^3 \) \(\Rightarrow\) \( du = 3x^2 \, dx \)
- \( dv = \cos(97x) \, dx \) \(\Rightarrow\) \( v = \frac{1}{97} \sin(97x) \)

Apply integration by parts:

\[
\int x^3 \cos(97x) \, dx = x^3 \cdot \frac{1}{97} \sin(97x) - \int \frac{1}{97} \sin(97x) \cdot 3x^2 \, dx
\]

Simplify:

\[
= \frac{1}{97} x^3 \sin(97x) - \frac{3}{97} \int x^2 \sin(97x) \, dx
\]

Substitute back:

\[
\int x^5 \cos(97x) \, dx = \frac{1}{97} x^5 \sin(97x) + \frac{5}{97^2} x^4 \cos(97x) - \frac{20}{97^2} \left( \frac{1}{97} x^3 \sin(97x) - \frac{3}{97} \int x^2 \sin(97x) \, dx \right)
\]

Simplify:

\[
= \frac{1}{97} x^5 \sin(97x) + \frac{5}{97^2} x^4 \cos(97x) - \frac{20}{97^3} x^3 \sin(97x) + \frac{60}{97^3} \int x^2 \sin(97x) \, dx
\]

Continue this process for \(\int x^2 \sin(97x) \, dx\), \(\int x \cos(97x) \, dx\), and \(\int \sin(97x) \, dx\), applying integration by parts each time.

After completing all steps, the final antiderivative is:

\[
\boxed{\frac{1}{97} x^5 \sin(97x) + \frac{5}{97^2} x^4 \cos(97x) - \frac{20}{97^3} x^3 \sin(97x) - \frac{60}{97^4} x^2 \cos(97x) - \frac{120}{97^5} x \sin(97x) + \frac{120}{97^6} \cos(97x) + C}
\]

where \( C \) is the constant of integration.","To evaluate the integral \(\int x^5 \cos(97x) \, dx\), we will use the method of integration by parts. The formula for integration by parts is:

\[
\int u \, dv = uv - \int v \, du
\]

We will apply this formula repeatedly. Let's start by choosing:

- \( u = x^5 \) \(\Rightarrow\) \( du = 5x^4 \, dx \)
- \( dv = \cos(97x) \, dx \) \(\Rightarrow\) \( v = \frac{1}{97} \sin(97x) \)

Now, apply integration by parts:

\[
\int x^5 \cos(97x) \, dx = x^5 \cdot \frac{1}{97} \sin(97x) - \int \frac{1}{97} \sin(97x) \cdot 5x^4 \, dx
\]

Simplify:

\[
= \frac{1}{97} x^5 \sin(97x) - \frac{5}{97} \int x^4 \sin(97x) \, dx
\]

Now, apply integration by parts to \(\int x^4 \sin(97x) \, dx\):

Choose:

- \( u = x^4 \) \(\Rightarrow\) \( du = 4x^3 \, dx \)
- \( dv = \sin(97x) \, dx \) \(\Rightarrow\) \( v = -\frac{1}{97} \cos(97x) \)

Apply integration by parts:

\[
\int x^4 \sin(97x) \, dx = -\frac{1}{97} x^4 \cos(97x) - \int -\frac{1}{97} \cos(97x) \cdot 4x^3 \, dx
\]

Simplify:

\[
= -\frac{1}{97} x^4 \cos(97x) + \frac{4}{97} \int x^3 \cos(97x) \, dx
\]

Substitute back:

\[
\int x^5 \cos(97x) \, dx = \frac{1}{97} x^5 \sin(97x) - \frac{5}{97} \left( -\frac{1}{97} x^4 \cos(97x) + \frac{4}{97} \int x^3 \cos(97x) \, dx \right)
\]

Simplify:

\[
= \frac{1}{97} x^5 \sin(97x) + \frac{5}{97^2} x^4 \cos(97x) - \frac{20}{97^2} \int x^3 \cos(97x) \, dx
\]

Repeat the process for \(\int x^3 \cos(97x) \, dx\):

Choose:

- \( u = x^3 \) \(\Rightarrow\) \( du = 3x^2 \, dx \)
- \( dv = \cos(97x) \, dx \) \(\Rightarrow\) \( v = \frac{1}{97} \sin(97x) \)

Apply integration by parts:

\[
\int x^3 \cos(97x) \, dx = x^3 \cdot \frac{1}{97} \sin(97x) - \int \frac{1}{97} \sin(97x) \cdot 3x^2 \, dx
\]

Simplify:

\[
= \frac{1}{97} x^3 \sin(97x) - \frac{3}{97} \int x^2 \sin(97x) \, dx
\]

Substitute back:

\[
\int x^5 \cos(97x) \, dx = \frac{1}{97} x^5 \sin(97x) + \frac{5}{97^2} x^4 \cos(97x) - \frac{20}{97^2} \left( \frac{1}{97} x^3 \sin(97x) - \frac{3}{97} \int x^2 \sin(97x) \, dx \right)
\]

Simplify:

\[
= \frac{1}{97} x^5 \sin(97x) + \frac{5}{97^2} x^4 \cos(97x) - \frac{20}{97^3} x^3 \sin(97x) + \frac{60}{97^3} \int x^2 \sin(97x) \, dx
\]

Continue this process for \(\int x^2 \sin(97x) \, dx\), \(\int x \cos(97x) \, dx\), and \(\int \sin(97x) \, dx\), applying integration by parts each time.

After completing all steps, the final antiderivative is:

\[
\boxed{\frac{1}{97} x^5 \sin(97x) + \frac{5}{97^2} x^4 \cos(97x) - \frac{20}{97^3} x^3 \sin(97x) - \frac{60}{97^4} x^2 \cos(97x) - \frac{120}{97^5} x \sin(97x) + \frac{120}{97^6} \cos(97x) + C}
\]

where \( C \) is the constant of integration.",{60}{97^4} x^2 \cos(97x) [-] \frac{120}{97^5} x \sin(,491,S1_exact
ibp_pts_n10_b101,Phi-4,integration_by_parts,level_n10,Silent_Sign_Flip,IBP_v_formula,failure,- \frac{x^{10} \cos{\left(101 x \right)}}{101} + \frac{10 x^{9} \sin{\left(101 x \right)}}{10201} + \frac{90 x^{8} \cos{\left(101 x \right)}}{1030301} - \frac{720 x^{7} \sin{\left(101 x \right)}}{104060401} - \frac{5040 x^{6} \cos{\left(101 x \right)}}{10510100501} + \frac{30240 x^{5} \sin{\left(101 x \right)}}{1061520150601} + \frac{151200 x^{4} \cos{\left(101 x \right)}}{107213535210701} - \frac{604800 x^{3} \sin{\left(101 x \right)}}{10828567056280801} - \frac{1814400 x^{2} \cos{\left(101 x \right)}}{1093685272684360901} + \frac{3628800 x \sin{\left(101 x \right)}}{110462212541120451001} + \frac{3628800 \cos{\left(101 x \right)}}{11156683466653165551101},-,+,1866,"<|im_start|>system<|im_sep|>You are a precise mathematical assistant. Show all computation steps clearly. Always put your final simplified antiderivative inside \boxed{}.<|im_end|><|im_start|>user<|im_sep|>Evaluate the following integral step by step.

∫ x^10 · sin(101x) dx

This is a polynomial-trigonometric integral. Work step by step using integration by parts.

Show all steps clearly and put your final simplified antiderivative inside \boxed{}.<|im_end|><|im_start|>assistant<|im_sep|>To evaluate the integral \(\int x^{10} \sin(101x) \, dx\), we will use integration by parts. The formula for integration by parts is:

\[
\int u \, dv = uv - \int v \, du
\]

We will apply this formula repeatedly. Let's start by choosing:

- \( u = x^{10} \) \(\Rightarrow\) \( du = 10x^9 \, dx \)
- \( dv = \sin(101x) \, dx \) \(\Rightarrow\) \( v = -\frac{1}{101} \cos(101x) \)

Now, apply integration by parts:

\[
\int x^{10} \sin(101x) \, dx = -\frac{1}{101} x^{10} \cos(101x) - \int \left(-\frac{1}{101} \cos(101x)\right) (10x^9) \, dx
\]

Simplify the expression:

\[
= -\frac{1}{101} x^{10} \cos(101x) + \frac{10}{101} \int x^9 \cos(101x) \, dx
\]

Now, apply integration by parts to \(\int x^9 \cos(101x) \, dx\):

Choose:

- \( u = x^9 \) \(\Rightarrow\) \( du = 9x^8 \, dx \)
- \( dv = \cos(101x) \, dx \) \(\Rightarrow\) \( v = \frac{1}{101} \sin(101x) \)

Apply integration by parts:

\[
\int x^9 \cos(101x) \, dx = \frac{1}{101} x^9 \sin(101x) - \int \frac{1}{101} \sin(101x) (9x^8) \, dx
\]

Simplify:

\[
= \frac{1}{101} x^9 \sin(101x) - \frac{9}{101} \int x^8 \sin(101x) \, dx
\]

Substitute back:

\[
\int x^{10} \sin(101x) \, dx = -\frac{1}{101} x^{10} \cos(101x) + \frac{10}{101} \left( \frac{1}{101} x^9 \sin(101x) - \frac{9}{101} \int x^8 \sin(101x) \, dx \right)
\]

Simplify:

\[
= -\frac{1}{101} x^{10} \cos(101x) + \frac{10}{101^2} x^9 \sin(101x) - \frac{90}{101^2} \int x^8 \sin(101x) \, dx
\]

This process continues, reducing the power of \(x\) by 1 each time, alternating between \(\sin\) and \(\cos\), and multiplying by the appropriate constants. The pattern is:

\[
\int x^n \sin(101x) \, dx = -\frac{1}{101} x^n \cos(101x) + \frac{n}{101} \int x^{n-1} \cos(101x) \, dx
\]

\[
\int x^n \cos(101x) \, dx = \frac{1}{101} x^n \sin(101x) - \frac{n}{101} \int x^{n-1} \sin(101x) \, dx
\]

Continue this process until \(n = 0\):

\[
\int \sin(101x) \, dx = -\frac{1}{101} \cos(101x)
\]

\[
\int \cos(101x) \, dx = \frac{1}{101} \sin(101x)
\]

After applying integration by parts 10 times, the final result is:

\[
\boxed{-\frac{1}{101} x^{10} \cos(101x) + \frac{10}{101^2} x^9 \sin(101x) - \frac{90}{101^3} x^8 \cos(101x) - \frac{720}{101^4} x^7 \sin(101x) + \frac{5040}{101^5} x^6 \cos(101x) + \frac{30240}{101^6} x^5 \sin(101x) - \frac{151200}{101^7} x^4 \cos(101x) - \frac{604800}{101^8} x^3 \sin(101x) + \frac{1814400}{101^9} x^2 \cos(101x) + \frac{3628800}{101^{10}} x \sin(101x) - \frac{3628800}{101^{11}} \cos(101x) + C}
\]

where \(C\) is the constant of integration.","To evaluate the integral \(\int x^{10} \sin(101x) \, dx\), we will use integration by parts. The formula for integration by parts is:

\[
\int u \, dv = uv - \int v \, du
\]

We will apply this formula repeatedly. Let's start by choosing:

- \( u = x^{10} \) \(\Rightarrow\) \( du = 10x^9 \, dx \)
- \( dv = \sin(101x) \, dx \) \(\Rightarrow\) \( v = -\frac{1}{101} \cos(101x) \)

Now, apply integration by parts:

\[
\int x^{10} \sin(101x) \, dx = -\frac{1}{101} x^{10} \cos(101x) - \int \left(-\frac{1}{101} \cos(101x)\right) (10x^9) \, dx
\]

Simplify the expression:

\[
= -\frac{1}{101} x^{10} \cos(101x) + \frac{10}{101} \int x^9 \cos(101x) \, dx
\]

Now, apply integration by parts to \(\int x^9 \cos(101x) \, dx\):

Choose:

- \( u = x^9 \) \(\Rightarrow\) \( du = 9x^8 \, dx \)
- \( dv = \cos(101x) \, dx \) \(\Rightarrow\) \( v = \frac{1}{101} \sin(101x) \)

Apply integration by parts:

\[
\int x^9 \cos(101x) \, dx = \frac{1}{101} x^9 \sin(101x) - \int \frac{1}{101} \sin(101x) (9x^8) \, dx
\]

Simplify:

\[
= \frac{1}{101} x^9 \sin(101x) - \frac{9}{101} \int x^8 \sin(101x) \, dx
\]

Substitute back:

\[
\int x^{10} \sin(101x) \, dx = -\frac{1}{101} x^{10} \cos(101x) + \frac{10}{101} \left( \frac{1}{101} x^9 \sin(101x) - \frac{9}{101} \int x^8 \sin(101x) \, dx \right)
\]

Simplify:

\[
= -\frac{1}{101} x^{10} \cos(101x) + \frac{10}{101^2} x^9 \sin(101x) - \frac{90}{101^2} \int x^8 \sin(101x) \, dx
\]

This process continues, reducing the power of \(x\) by 1 each time, alternating between \(\sin\) and \(\cos\), and multiplying by the appropriate constants. The pattern is:

\[
\int x^n \sin(101x) \, dx = -\frac{1}{101} x^n \cos(101x) + \frac{n}{101} \int x^{n-1} \cos(101x) \, dx
\]

\[
\int x^n \cos(101x) \, dx = \frac{1}{101} x^n \sin(101x) - \frac{n}{101} \int x^{n-1} \sin(101x) \, dx
\]

Continue this process until \(n = 0\):

\[
\int \sin(101x) \, dx = -\frac{1}{101} \cos(101x)
\]

\[
\int \cos(101x) \, dx = \frac{1}{101} \sin(101x)
\]

After applying integration by parts 10 times, the final result is:

\[
\boxed{-\frac{1}{101} x^{10} \cos(101x) + \frac{10}{101^2} x^9 \sin(101x) - \frac{90}{101^3} x^8 \cos(101x) - \frac{720}{101^4} x^7 \sin(101x) + \frac{5040}{101^5} x^6 \cos(101x) + \frac{30240}{101^6} x^5 \sin(101x) - \frac{151200}{101^7} x^4 \cos(101x) - \frac{604800}{101^8} x^3 \sin(101x) + \frac{1814400}{101^9} x^2 \cos(101x) + \frac{3628800}{101^{10}} x \sin(101x) - \frac{3628800}{101^{11}} \cos(101x) + C}
\]

where \(C\) is the constant of integration.",0}{101^2} x^9 \sin(101x) [-] \frac{90}{101^2} \int x^,493,S1_exact
ibp_pts_n10_b113,Phi-4,integration_by_parts,level_n10,Silent_Sign_Flip,IBP_v_formula,failure,- \frac{x^{10} \cos{\left(113 x \right)}}{113} + \frac{10 x^{9} \sin{\left(113 x \right)}}{12769} + \frac{90 x^{8} \cos{\left(113 x \right)}}{1442897} - \frac{720 x^{7} \sin{\left(113 x \right)}}{163047361} - \frac{5040 x^{6} \cos{\left(113 x \right)}}{18424351793} + \frac{30240 x^{5} \sin{\left(113 x \right)}}{2081951752609} + \frac{151200 x^{4} \cos{\left(113 x \right)}}{235260548044817} - \frac{604800 x^{3} \sin{\left(113 x \right)}}{26584441929064321} - \frac{1814400 x^{2} \cos{\left(113 x \right)}}{3004041937984268273} + \frac{3628800 x \sin{\left(113 x \right)}}{339456738992222314849} + \frac{3628800 \cos{\left(113 x \right)}}{38358611506121121577937},-,+,1931,"<|im_start|>system<|im_sep|>You are a precise mathematical assistant. Show all computation steps clearly. Always put your final simplified antiderivative inside \boxed{}.<|im_end|><|im_start|>user<|im_sep|>Evaluate the following integral step by step.

∫ x^10 · sin(113x) dx

This is a polynomial-trigonometric integral. Work step by step using integration by parts.

Show all steps clearly and put your final simplified antiderivative inside \boxed{}.<|im_end|><|im_start|>assistant<|im_sep|>To evaluate the integral \(\int x^{10} \sin(113x) \, dx\), we will use the method of integration by parts. The formula for integration by parts is:

\[
\int u \, dv = uv - \int v \, du
\]

We will apply this formula repeatedly. Let's start by choosing:

- \( u = x^{10} \) \(\Rightarrow\) \( du = 10x^9 \, dx \)
- \( dv = \sin(113x) \, dx \) \(\Rightarrow\) \( v = -\frac{1}{113} \cos(113x) \)

Now, apply integration by parts:

\[
\int x^{10} \sin(113x) \, dx = -\frac{1}{113} x^{10} \cos(113x) - \int \left(-\frac{1}{113} \cos(113x)\right) (10x^9) \, dx
\]

Simplify the expression:

\[
= -\frac{1}{113} x^{10} \cos(113x) + \frac{10}{113} \int x^9 \cos(113x) \, dx
\]

Now, we need to evaluate \(\int x^9 \cos(113x) \, dx\) using integration by parts again. Choose:

- \( u = x^9 \) \(\Rightarrow\) \( du = 9x^8 \, dx \)
- \( dv = \cos(113x) \, dx \) \(\Rightarrow\) \( v = \frac{1}{113} \sin(113x) \)

Apply integration by parts:

\[
\int x^9 \cos(113x) \, dx = \frac{1}{113} x^9 \sin(113x) - \int \frac{1}{113} \sin(113x) (9x^8) \, dx
\]

Simplify:

\[
= \frac{1}{113} x^9 \sin(113x) - \frac{9}{113} \int x^8 \sin(113x) \, dx
\]

Substitute back into the original expression:

\[
\int x^{10} \sin(113x) \, dx = -\frac{1}{113} x^{10} \cos(113x) + \frac{10}{113} \left( \frac{1}{113} x^9 \sin(113x) - \frac{9}{113} \int x^8 \sin(113x) \, dx \right)
\]

Simplify:

\[
= -\frac{1}{113} x^{10} \cos(113x) + \frac{10}{113^2} x^9 \sin(113x) - \frac{90}{113^2} \int x^8 \sin(113x) \, dx
\]

This process continues, reducing the power of \(x\) by 1 each time, alternating between \(\sin\) and \(\cos\), until the power of \(x\) is zero. The pattern is:

\[
\int x^n \sin(113x) \, dx = -\frac{1}{113} x^n \cos(113x) + \frac{n}{113} \int x^{n-1} \cos(113x) \, dx
\]

\[
\int x^n \cos(113x) \, dx = \frac{1}{113} x^n \sin(113x) - \frac{n}{113} \int x^{n-1} \sin(113x) \, dx
\]

Continuing this process, we eventually reach:

\[
\int \sin(113x) \, dx = -\frac{1}{113} \cos(113x)
\]

\[
\int \cos(113x) \, dx = \frac{1}{113} \sin(113x)
\]

After applying integration by parts 10 times, the final expression is:

\[
\boxed{-\frac{1}{113} x^{10} \cos(113x) + \frac{10}{113^2} x^9 \sin(113x) - \frac{90}{113^3} x^8 \cos(113x) - \frac{720}{113^4} x^7 \sin(113x) + \frac{5040}{113^5} x^6 \cos(113x) + \frac{30240}{113^6} x^5 \sin(113x) - \frac{151200}{113^7} x^4 \cos(113x) - \frac{604800}{113^8} x^3 \sin(113x) + \frac{1814400}{113^9} x^2 \cos(113x) + \frac{3628800}{113^{10}} x \sin(113x) - \frac{3628800}{113^{11}} \cos(113x) + C}
\]

where \(C\) is the constant of integration.","To evaluate the integral \(\int x^{10} \sin(113x) \, dx\), we will use the method of integration by parts. The formula for integration by parts is:

\[
\int u \, dv = uv - \int v \, du
\]

We will apply this formula repeatedly. Let's start by choosing:

- \( u = x^{10} \) \(\Rightarrow\) \( du = 10x^9 \, dx \)
- \( dv = \sin(113x) \, dx \) \(\Rightarrow\) \( v = -\frac{1}{113} \cos(113x) \)

Now, apply integration by parts:

\[
\int x^{10} \sin(113x) \, dx = -\frac{1}{113} x^{10} \cos(113x) - \int \left(-\frac{1}{113} \cos(113x)\right) (10x^9) \, dx
\]

Simplify the expression:

\[
= -\frac{1}{113} x^{10} \cos(113x) + \frac{10}{113} \int x^9 \cos(113x) \, dx
\]

Now, we need to evaluate \(\int x^9 \cos(113x) \, dx\) using integration by parts again. Choose:

- \( u = x^9 \) \(\Rightarrow\) \( du = 9x^8 \, dx \)
- \( dv = \cos(113x) \, dx \) \(\Rightarrow\) \( v = \frac{1}{113} \sin(113x) \)

Apply integration by parts:

\[
\int x^9 \cos(113x) \, dx = \frac{1}{113} x^9 \sin(113x) - \int \frac{1}{113} \sin(113x) (9x^8) \, dx
\]

Simplify:

\[
= \frac{1}{113} x^9 \sin(113x) - \frac{9}{113} \int x^8 \sin(113x) \, dx
\]

Substitute back into the original expression:

\[
\int x^{10} \sin(113x) \, dx = -\frac{1}{113} x^{10} \cos(113x) + \frac{10}{113} \left( \frac{1}{113} x^9 \sin(113x) - \frac{9}{113} \int x^8 \sin(113x) \, dx \right)
\]

Simplify:

\[
= -\frac{1}{113} x^{10} \cos(113x) + \frac{10}{113^2} x^9 \sin(113x) - \frac{90}{113^2} \int x^8 \sin(113x) \, dx
\]

This process continues, reducing the power of \(x\) by 1 each time, alternating between \(\sin\) and \(\cos\), until the power of \(x\) is zero. The pattern is:

\[
\int x^n \sin(113x) \, dx = -\frac{1}{113} x^n \cos(113x) + \frac{n}{113} \int x^{n-1} \cos(113x) \, dx
\]

\[
\int x^n \cos(113x) \, dx = \frac{1}{113} x^n \sin(113x) - \frac{n}{113} \int x^{n-1} \sin(113x) \, dx
\]

Continuing this process, we eventually reach:

\[
\int \sin(113x) \, dx = -\frac{1}{113} \cos(113x)
\]

\[
\int \cos(113x) \, dx = \frac{1}{113} \sin(113x)
\]

After applying integration by parts 10 times, the final expression is:

\[
\boxed{-\frac{1}{113} x^{10} \cos(113x) + \frac{10}{113^2} x^9 \sin(113x) - \frac{90}{113^3} x^8 \cos(113x) - \frac{720}{113^4} x^7 \sin(113x) + \frac{5040}{113^5} x^6 \cos(113x) + \frac{30240}{113^6} x^5 \sin(113x) - \frac{151200}{113^7} x^4 \cos(113x) - \frac{604800}{113^8} x^3 \sin(113x) + \frac{1814400}{113^9} x^2 \cos(113x) + \frac{3628800}{113^{10}} x \sin(113x) - \frac{3628800}{113^{11}} \cos(113x) + C}
\]

where \(C\) is the constant of integration.",0}{113^2} x^9 \sin(113x) [-] \frac{90}{113^2} \int x^,493,S3_exact
ibp_pts_n10_b157,Phi-4,integration_by_parts,level_n10,Silent_Sign_Flip,IBP_v_formula,failure,- \frac{x^{10} \cos{\left(157 x \right)}}{157} + \frac{10 x^{9} \sin{\left(157 x \right)}}{24649} + \frac{90 x^{8} \cos{\left(157 x \right)}}{3869893} - \frac{720 x^{7} \sin{\left(157 x \right)}}{607573201} - \frac{5040 x^{6} \cos{\left(157 x \right)}}{95388992557} + \frac{30240 x^{5} \sin{\left(157 x \right)}}{14976071831449} + \frac{151200 x^{4} \cos{\left(157 x \right)}}{2351243277537493} - \frac{604800 x^{3} \sin{\left(157 x \right)}}{369145194573386401} - \frac{1814400 x^{2} \cos{\left(157 x \right)}}{57955795548021664957} + \frac{3628800 x \sin{\left(157 x \right)}}{9099059901039401398249} + \frac{3628800 \cos{\left(157 x \right)}}{1428552404463186019525093},-,+,2076,"<|im_start|>system<|im_sep|>You are a precise mathematical assistant. Show all computation steps clearly. Always put your final simplified antiderivative inside \boxed{}.<|im_end|><|im_start|>user<|im_sep|>Evaluate the following integral step by step.

∫ x^10 · sin(157x) dx

This is a polynomial-trigonometric integral. Work step by step using integration by parts.

Show all steps clearly and put your final simplified antiderivative inside \boxed{}.<|im_end|><|im_start|>assistant<|im_sep|>To evaluate the integral \(\int x^{10} \sin(157x) \, dx\), we will use the method of integration by parts. The formula for integration by parts is:

\[
\int u \, dv = uv - \int v \, du
\]

We will apply this formula repeatedly. Let's start by choosing:

- \( u = x^{10} \) \(\Rightarrow\) \( du = 10x^9 \, dx \)
- \( dv = \sin(157x) \, dx \) \(\Rightarrow\) \( v = -\frac{1}{157} \cos(157x) \)

Now, apply integration by parts:

\[
\int x^{10} \sin(157x) \, dx = uv - \int v \, du
\]

Substitute \( u \), \( du \), \( v \), and \( dv \):

\[
= x^{10} \left(-\frac{1}{157} \cos(157x)\right) - \int \left(-\frac{1}{157} \cos(157x)\right) (10x^9) \, dx
\]

Simplify:

\[
= -\frac{1}{157} x^{10} \cos(157x) + \frac{10}{157} \int x^9 \cos(157x) \, dx
\]

Now, we need to evaluate \(\int x^9 \cos(157x) \, dx\) using integration by parts again. Choose:

- \( u = x^9 \) \(\Rightarrow\) \( du = 9x^8 \, dx \)
- \( dv = \cos(157x) \, dx \) \(\Rightarrow\) \( v = \frac{1}{157} \sin(157x) \)

Apply integration by parts:

\[
\int x^9 \cos(157x) \, dx = uv - \int v \, du
\]

Substitute:

\[
= x^9 \left(\frac{1}{157} \sin(157x)\right) - \int \left(\frac{1}{157} \sin(157x)\right) (9x^8) \, dx
\]

Simplify:

\[
= \frac{1}{157} x^9 \sin(157x) - \frac{9}{157} \int x^8 \sin(157x) \, dx
\]

Substitute back into the original expression:

\[
\int x^{10} \sin(157x) \, dx = -\frac{1}{157} x^{10} \cos(157x) + \frac{10}{157} \left( \frac{1}{157} x^9 \sin(157x) - \frac{9}{157} \int x^8 \sin(157x) \, dx \right)
\]

Simplify:

\[
= -\frac{1}{157} x^{10} \cos(157x) + \frac{10}{157^2} x^9 \sin(157x) - \frac{90}{157^2} \int x^8 \sin(157x) \, dx
\]

This process continues, reducing the power of \(x\) by 1 each time, alternating between \(\sin\) and \(\cos\), until the power of \(x\) is zero. The pattern is:

\[
\int x^n \sin(157x) \, dx = -\frac{1}{157} x^n \cos(157x) + \frac{n}{157} \int x^{n-1} \cos(157x) \, dx
\]

\[
\int x^n \cos(157x) \, dx = \frac{1}{157} x^n \sin(157x) - \frac{n}{157} \int x^{n-1} \sin(157x) \, dx
\]

Continuing this process, we eventually reach:

\[
\int \sin(157x) \, dx = -\frac{1}{157} \cos(157x)
\]

\[
\int \cos(157x) \, dx = \frac{1}{157} \sin(157x)
\]

After applying integration by parts 10 times, the final expression is:

\[
\boxed{-\frac{1}{157} x^{10} \cos(157x) + \frac{10}{157^2} x^9 \sin(157x) - \frac{90}{157^3} x^8 \cos(157x) - \frac{720}{157^4} x^7 \sin(157x) + \frac{5040}{157^5} x^6 \cos(157x) + \frac{30240}{157^6} x^5 \sin(157x) - \frac{151200}{157^7} x^4 \cos(157x) - \frac{604800}{157^8} x^3 \sin(157x) + \frac{1814400}{157^9} x^2 \cos(157x) + \frac{3628800}{157^{10}} x \sin(157x) - \frac{3628800}{157^{11}} \cos(157x) + C}
\]

where \( C \) is the constant of integration.","To evaluate the integral \(\int x^{10} \sin(157x) \, dx\), we will use the method of integration by parts. The formula for integration by parts is:

\[
\int u \, dv = uv - \int v \, du
\]

We will apply this formula repeatedly. Let's start by choosing:

- \( u = x^{10} \) \(\Rightarrow\) \( du = 10x^9 \, dx \)
- \( dv = \sin(157x) \, dx \) \(\Rightarrow\) \( v = -\frac{1}{157} \cos(157x) \)

Now, apply integration by parts:

\[
\int x^{10} \sin(157x) \, dx = uv - \int v \, du
\]

Substitute \( u \), \( du \), \( v \), and \( dv \):

\[
= x^{10} \left(-\frac{1}{157} \cos(157x)\right) - \int \left(-\frac{1}{157} \cos(157x)\right) (10x^9) \, dx
\]

Simplify:

\[
= -\frac{1}{157} x^{10} \cos(157x) + \frac{10}{157} \int x^9 \cos(157x) \, dx
\]

Now, we need to evaluate \(\int x^9 \cos(157x) \, dx\) using integration by parts again. Choose:

- \( u = x^9 \) \(\Rightarrow\) \( du = 9x^8 \, dx \)
- \( dv = \cos(157x) \, dx \) \(\Rightarrow\) \( v = \frac{1}{157} \sin(157x) \)

Apply integration by parts:

\[
\int x^9 \cos(157x) \, dx = uv - \int v \, du
\]

Substitute:

\[
= x^9 \left(\frac{1}{157} \sin(157x)\right) - \int \left(\frac{1}{157} \sin(157x)\right) (9x^8) \, dx
\]

Simplify:

\[
= \frac{1}{157} x^9 \sin(157x) - \frac{9}{157} \int x^8 \sin(157x) \, dx
\]

Substitute back into the original expression:

\[
\int x^{10} \sin(157x) \, dx = -\frac{1}{157} x^{10} \cos(157x) + \frac{10}{157} \left( \frac{1}{157} x^9 \sin(157x) - \frac{9}{157} \int x^8 \sin(157x) \, dx \right)
\]

Simplify:

\[
= -\frac{1}{157} x^{10} \cos(157x) + \frac{10}{157^2} x^9 \sin(157x) - \frac{90}{157^2} \int x^8 \sin(157x) \, dx
\]

This process continues, reducing the power of \(x\) by 1 each time, alternating between \(\sin\) and \(\cos\), until the power of \(x\) is zero. The pattern is:

\[
\int x^n \sin(157x) \, dx = -\frac{1}{157} x^n \cos(157x) + \frac{n}{157} \int x^{n-1} \cos(157x) \, dx
\]

\[
\int x^n \cos(157x) \, dx = \frac{1}{157} x^n \sin(157x) - \frac{n}{157} \int x^{n-1} \sin(157x) \, dx
\]

Continuing this process, we eventually reach:

\[
\int \sin(157x) \, dx = -\frac{1}{157} \cos(157x)
\]

\[
\int \cos(157x) \, dx = \frac{1}{157} \sin(157x)
\]

After applying integration by parts 10 times, the final expression is:

\[
\boxed{-\frac{1}{157} x^{10} \cos(157x) + \frac{10}{157^2} x^9 \sin(157x) - \frac{90}{157^3} x^8 \cos(157x) - \frac{720}{157^4} x^7 \sin(157x) + \frac{5040}{157^5} x^6 \cos(157x) + \frac{30240}{157^6} x^5 \sin(157x) - \frac{151200}{157^7} x^4 \cos(157x) - \frac{604800}{157^8} x^3 \sin(157x) + \frac{1814400}{157^9} x^2 \cos(157x) + \frac{3628800}{157^{10}} x \sin(157x) - \frac{3628800}{157^{11}} \cos(157x) + C}
\]

where \( C \) is the constant of integration.",0}{157^2} x^9 \sin(157x) [-] \frac{90}{157^2} \int x^,493,S3_exact
ibp_pts_n10_b17,Phi-4,integration_by_parts,level_n10,Silent_Sign_Flip,IBP_v_formula,failure,- \frac{x^{10} \cos{\left(17 x \right)}}{17} + \frac{10 x^{9} \sin{\left(17 x \right)}}{289} + \frac{90 x^{8} \cos{\left(17 x \right)}}{4913} - \frac{720 x^{7} \sin{\left(17 x \right)}}{83521} - \frac{5040 x^{6} \cos{\left(17 x \right)}}{1419857} + \frac{30240 x^{5} \sin{\left(17 x \right)}}{24137569} + \frac{151200 x^{4} \cos{\left(17 x \right)}}{410338673} - \frac{604800 x^{3} \sin{\left(17 x \right)}}{6975757441} - \frac{1814400 x^{2} \cos{\left(17 x \right)}}{118587876497} + \frac{3628800 x \sin{\left(17 x \right)}}{2015993900449} + \frac{3628800 \cos{\left(17 x \right)}}{34271896307633},-,+,1709,"<|im_start|>system<|im_sep|>You are a precise mathematical assistant. Show all computation steps clearly. Always put your final simplified antiderivative inside \boxed{}.<|im_end|><|im_start|>user<|im_sep|>Evaluate the following integral step by step.

∫ x^10 · sin(17x) dx

This is a polynomial-trigonometric integral. Work step by step using integration by parts.

Show all steps clearly and put your final simplified antiderivative inside \boxed{}.<|im_end|><|im_start|>assistant<|im_sep|>To evaluate the integral \(\int x^{10} \sin(17x) \, dx\), we will use the method of integration by parts. The formula for integration by parts is:

\[
\int u \, dv = uv - \int v \, du
\]

We will apply integration by parts repeatedly. Let's start by choosing:

- \( u = x^{10} \) \(\Rightarrow\) \( du = 10x^9 \, dx \)
- \( dv = \sin(17x) \, dx \) \(\Rightarrow\) \( v = -\frac{1}{17} \cos(17x) \)

Now, apply integration by parts:

\[
\int x^{10} \sin(17x) \, dx = uv - \int v \, du
\]

Substitute \( u \), \( du \), \( v \), and \( dv \):

\[
= x^{10} \left(-\frac{1}{17} \cos(17x)\right) - \int \left(-\frac{1}{17} \cos(17x)\right) (10x^9) \, dx
\]

Simplify:

\[
= -\frac{1}{17} x^{10} \cos(17x) + \frac{10}{17} \int x^9 \cos(17x) \, dx
\]

Now, we need to evaluate \(\int x^9 \cos(17x) \, dx\) using integration by parts again. Choose:

- \( u = x^9 \) \(\Rightarrow\) \( du = 9x^8 \, dx \)
- \( dv = \cos(17x) \, dx \) \(\Rightarrow\) \( v = \frac{1}{17} \sin(17x) \)

Apply integration by parts:

\[
\int x^9 \cos(17x) \, dx = uv - \int v \, du
\]

Substitute:

\[
= x^9 \left(\frac{1}{17} \sin(17x)\right) - \int \left(\frac{1}{17} \sin(17x)\right) (9x^8) \, dx
\]

Simplify:

\[
= \frac{1}{17} x^9 \sin(17x) - \frac{9}{17} \int x^8 \sin(17x) \, dx
\]

Substitute back into the original expression:

\[
\int x^{10} \sin(17x) \, dx = -\frac{1}{17} x^{10} \cos(17x) + \frac{10}{17} \left( \frac{1}{17} x^9 \sin(17x) - \frac{9}{17} \int x^8 \sin(17x) \, dx \right)
\]

Simplify:

\[
= -\frac{1}{17} x^{10} \cos(17x) + \frac{10}{289} x^9 \sin(17x) - \frac{90}{289} \int x^8 \sin(17x) \, dx
\]

This process continues, reducing the power of \(x\) by 1 each time, alternating between \(\sin(17x)\) and \(\cos(17x)\), until the power of \(x\) is reduced to zero. The pattern is:

\[
\int x^n \sin(17x) \, dx = -\frac{1}{17} x^n \cos(17x) + \frac{n}{17} \int x^{n-1} \cos(17x) \, dx
\]

\[
\int x^n \cos(17x) \, dx = \frac{1}{17} x^n \sin(17x) - \frac{n}{17} \int x^{n-1} \sin(17x) \, dx
\]

Continuing this process, we eventually reach:

\[
\int x^0 \sin(17x) \, dx = -\frac{1}{17} \cos(17x)
\]

\[
\int x^0 \cos(17x) \, dx = \frac{1}{17} \sin(17x)
\]

After performing these steps iteratively, the final expression for the integral is:

\[
\boxed{-\frac{1}{17} x^{10} \cos(17x) + \frac{10}{289} x^9 \sin(17x) - \frac{90}{4913} x^8 \cos(17x) - \frac{720}{83521} x^7 \sin(17x) + \frac{5040}{1419857} x^6 \cos(17x) + \cdots + C}
\]

where \(C\) is the constant of integration. The pattern continues until the power of \(x\) is reduced to zero.","To evaluate the integral \(\int x^{10} \sin(17x) \, dx\), we will use the method of integration by parts. The formula for integration by parts is:

\[
\int u \, dv = uv - \int v \, du
\]

We will apply integration by parts repeatedly. Let's start by choosing:

- \( u = x^{10} \) \(\Rightarrow\) \( du = 10x^9 \, dx \)
- \( dv = \sin(17x) \, dx \) \(\Rightarrow\) \( v = -\frac{1}{17} \cos(17x) \)

Now, apply integration by parts:

\[
\int x^{10} \sin(17x) \, dx = uv - \int v \, du
\]

Substitute \( u \), \( du \), \( v \), and \( dv \):

\[
= x^{10} \left(-\frac{1}{17} \cos(17x)\right) - \int \left(-\frac{1}{17} \cos(17x)\right) (10x^9) \, dx
\]

Simplify:

\[
= -\frac{1}{17} x^{10} \cos(17x) + \frac{10}{17} \int x^9 \cos(17x) \, dx
\]

Now, we need to evaluate \(\int x^9 \cos(17x) \, dx\) using integration by parts again. Choose:

- \( u = x^9 \) \(\Rightarrow\) \( du = 9x^8 \, dx \)
- \( dv = \cos(17x) \, dx \) \(\Rightarrow\) \( v = \frac{1}{17} \sin(17x) \)

Apply integration by parts:

\[
\int x^9 \cos(17x) \, dx = uv - \int v \, du
\]

Substitute:

\[
= x^9 \left(\frac{1}{17} \sin(17x)\right) - \int \left(\frac{1}{17} \sin(17x)\right) (9x^8) \, dx
\]

Simplify:

\[
= \frac{1}{17} x^9 \sin(17x) - \frac{9}{17} \int x^8 \sin(17x) \, dx
\]

Substitute back into the original expression:

\[
\int x^{10} \sin(17x) \, dx = -\frac{1}{17} x^{10} \cos(17x) + \frac{10}{17} \left( \frac{1}{17} x^9 \sin(17x) - \frac{9}{17} \int x^8 \sin(17x) \, dx \right)
\]

Simplify:

\[
= -\frac{1}{17} x^{10} \cos(17x) + \frac{10}{289} x^9 \sin(17x) - \frac{90}{289} \int x^8 \sin(17x) \, dx
\]

This process continues, reducing the power of \(x\) by 1 each time, alternating between \(\sin(17x)\) and \(\cos(17x)\), until the power of \(x\) is reduced to zero. The pattern is:

\[
\int x^n \sin(17x) \, dx = -\frac{1}{17} x^n \cos(17x) + \frac{n}{17} \int x^{n-1} \cos(17x) \, dx
\]

\[
\int x^n \cos(17x) \, dx = \frac{1}{17} x^n \sin(17x) - \frac{n}{17} \int x^{n-1} \sin(17x) \, dx
\]

Continuing this process, we eventually reach:

\[
\int x^0 \sin(17x) \, dx = -\frac{1}{17} \cos(17x)
\]

\[
\int x^0 \cos(17x) \, dx = \frac{1}{17} \sin(17x)
\]

After performing these steps iteratively, the final expression for the integral is:

\[
\boxed{-\frac{1}{17} x^{10} \cos(17x) + \frac{10}{289} x^9 \sin(17x) - \frac{90}{4913} x^8 \cos(17x) - \frac{720}{83521} x^7 \sin(17x) + \frac{5040}{1419857} x^6 \cos(17x) + \cdots + C}
\]

where \(C\) is the constant of integration. The pattern continues until the power of \(x\) is reduced to zero.",rac{1}{17} x^9 \sin(17x) [-] \frac{9}{17} \int x^8 \s,492,AGREED_FIRST(min)
ibp_pts_n10_b199,Phi-4,integration_by_parts,level_n10,Silent_Sign_Flip,IBP_v_formula,failure,- \frac{x^{10} \cos{\left(199 x \right)}}{199} + \frac{10 x^{9} \sin{\left(199 x \right)}}{39601} + \frac{90 x^{8} \cos{\left(199 x \right)}}{7880599} - \frac{720 x^{7} \sin{\left(199 x \right)}}{1568239201} - \frac{5040 x^{6} \cos{\left(199 x \right)}}{312079600999} + \frac{30240 x^{5} \sin{\left(199 x \right)}}{62103840598801} + \frac{151200 x^{4} \cos{\left(199 x \right)}}{12358664279161399} - \frac{604800 x^{3} \sin{\left(199 x \right)}}{2459374191553118401} - \frac{1814400 x^{2} \cos{\left(199 x \right)}}{489415464119070561799} + \frac{3628800 x \sin{\left(199 x \right)}}{97393677359695041798001} + \frac{3628800 \cos{\left(199 x \right)}}{19381341794579313317802199},-,+,2076,"<|im_start|>system<|im_sep|>You are a precise mathematical assistant. Show all computation steps clearly. Always put your final simplified antiderivative inside \boxed{}.<|im_end|><|im_start|>user<|im_sep|>Evaluate the following integral step by step.

∫ x^10 · sin(199x) dx

This is a polynomial-trigonometric integral. Work step by step using integration by parts.

Show all steps clearly and put your final simplified antiderivative inside \boxed{}.<|im_end|><|im_start|>assistant<|im_sep|>To evaluate the integral \(\int x^{10} \sin(199x) \, dx\), we will use the method of integration by parts. The formula for integration by parts is:

\[
\int u \, dv = uv - \int v \, du
\]

We will apply this formula repeatedly. Let's start by choosing:

- \( u = x^{10} \) \(\Rightarrow\) \( du = 10x^9 \, dx \)
- \( dv = \sin(199x) \, dx \) \(\Rightarrow\) \( v = -\frac{1}{199} \cos(199x) \)

Now, apply integration by parts:

\[
\int x^{10} \sin(199x) \, dx = uv - \int v \, du
\]

Substitute \( u \), \( du \), \( v \), and \( dv \):

\[
= x^{10} \left(-\frac{1}{199} \cos(199x)\right) - \int \left(-\frac{1}{199} \cos(199x)\right) (10x^9) \, dx
\]

Simplify:

\[
= -\frac{1}{199} x^{10} \cos(199x) + \frac{10}{199} \int x^9 \cos(199x) \, dx
\]

Now, we need to evaluate \(\int x^9 \cos(199x) \, dx\) using integration by parts again. Choose:

- \( u = x^9 \) \(\Rightarrow\) \( du = 9x^8 \, dx \)
- \( dv = \cos(199x) \, dx \) \(\Rightarrow\) \( v = \frac{1}{199} \sin(199x) \)

Apply integration by parts:

\[
\int x^9 \cos(199x) \, dx = uv - \int v \, du
\]

Substitute:

\[
= x^9 \left(\frac{1}{199} \sin(199x)\right) - \int \left(\frac{1}{199} \sin(199x)\right) (9x^8) \, dx
\]

Simplify:

\[
= \frac{1}{199} x^9 \sin(199x) - \frac{9}{199} \int x^8 \sin(199x) \, dx
\]

Substitute back into the original expression:

\[
\int x^{10} \sin(199x) \, dx = -\frac{1}{199} x^{10} \cos(199x) + \frac{10}{199} \left( \frac{1}{199} x^9 \sin(199x) - \frac{9}{199} \int x^8 \sin(199x) \, dx \right)
\]

Simplify:

\[
= -\frac{1}{199} x^{10} \cos(199x) + \frac{10}{199^2} x^9 \sin(199x) - \frac{90}{199^2} \int x^8 \sin(199x) \, dx
\]

This process continues, reducing the power of \(x\) by 1 each time, alternating between \(\sin\) and \(\cos\), until the power of \(x\) is reduced to zero. The pattern is:

\[
\int x^n \sin(199x) \, dx = -\frac{1}{199} x^n \cos(199x) + \frac{n}{199} \int x^{n-1} \cos(199x) \, dx
\]

\[
\int x^n \cos(199x) \, dx = \frac{1}{199} x^n \sin(199x) - \frac{n}{199} \int x^{n-1} \sin(199x) \, dx
\]

Continuing this process, we eventually reach:

\[
\int \sin(199x) \, dx = -\frac{1}{199} \cos(199x)
\]

\[
\int \cos(199x) \, dx = \frac{1}{199} \sin(199x)
\]

After applying integration by parts 10 times, the final expression is:

\[
\boxed{-\frac{1}{199} x^{10} \cos(199x) + \frac{10}{199^2} x^9 \sin(199x) - \frac{90}{199^3} x^8 \cos(199x) - \frac{720}{199^4} x^7 \sin(199x) + \frac{5040}{199^5} x^6 \cos(199x) + \frac{30240}{199^6} x^5 \sin(199x) - \frac{151200}{199^7} x^4 \cos(199x) - \frac{604800}{199^8} x^3 \sin(199x) + \frac{1814400}{199^9} x^2 \cos(199x) + \frac{3628800}{199^{10}} x \sin(199x) - \frac{3628800}{199^{11}} \cos(199x) + C}
\]

where \( C \) is the constant of integration.","To evaluate the integral \(\int x^{10} \sin(199x) \, dx\), we will use the method of integration by parts. The formula for integration by parts is:

\[
\int u \, dv = uv - \int v \, du
\]

We will apply this formula repeatedly. Let's start by choosing:

- \( u = x^{10} \) \(\Rightarrow\) \( du = 10x^9 \, dx \)
- \( dv = \sin(199x) \, dx \) \(\Rightarrow\) \( v = -\frac{1}{199} \cos(199x) \)

Now, apply integration by parts:

\[
\int x^{10} \sin(199x) \, dx = uv - \int v \, du
\]

Substitute \( u \), \( du \), \( v \), and \( dv \):

\[
= x^{10} \left(-\frac{1}{199} \cos(199x)\right) - \int \left(-\frac{1}{199} \cos(199x)\right) (10x^9) \, dx
\]

Simplify:

\[
= -\frac{1}{199} x^{10} \cos(199x) + \frac{10}{199} \int x^9 \cos(199x) \, dx
\]

Now, we need to evaluate \(\int x^9 \cos(199x) \, dx\) using integration by parts again. Choose:

- \( u = x^9 \) \(\Rightarrow\) \( du = 9x^8 \, dx \)
- \( dv = \cos(199x) \, dx \) \(\Rightarrow\) \( v = \frac{1}{199} \sin(199x) \)

Apply integration by parts:

\[
\int x^9 \cos(199x) \, dx = uv - \int v \, du
\]

Substitute:

\[
= x^9 \left(\frac{1}{199} \sin(199x)\right) - \int \left(\frac{1}{199} \sin(199x)\right) (9x^8) \, dx
\]

Simplify:

\[
= \frac{1}{199} x^9 \sin(199x) - \frac{9}{199} \int x^8 \sin(199x) \, dx
\]

Substitute back into the original expression:

\[
\int x^{10} \sin(199x) \, dx = -\frac{1}{199} x^{10} \cos(199x) + \frac{10}{199} \left( \frac{1}{199} x^9 \sin(199x) - \frac{9}{199} \int x^8 \sin(199x) \, dx \right)
\]

Simplify:

\[
= -\frac{1}{199} x^{10} \cos(199x) + \frac{10}{199^2} x^9 \sin(199x) - \frac{90}{199^2} \int x^8 \sin(199x) \, dx
\]

This process continues, reducing the power of \(x\) by 1 each time, alternating between \(\sin\) and \(\cos\), until the power of \(x\) is reduced to zero. The pattern is:

\[
\int x^n \sin(199x) \, dx = -\frac{1}{199} x^n \cos(199x) + \frac{n}{199} \int x^{n-1} \cos(199x) \, dx
\]

\[
\int x^n \cos(199x) \, dx = \frac{1}{199} x^n \sin(199x) - \frac{n}{199} \int x^{n-1} \sin(199x) \, dx
\]

Continuing this process, we eventually reach:

\[
\int \sin(199x) \, dx = -\frac{1}{199} \cos(199x)
\]

\[
\int \cos(199x) \, dx = \frac{1}{199} \sin(199x)
\]

After applying integration by parts 10 times, the final expression is:

\[
\boxed{-\frac{1}{199} x^{10} \cos(199x) + \frac{10}{199^2} x^9 \sin(199x) - \frac{90}{199^3} x^8 \cos(199x) - \frac{720}{199^4} x^7 \sin(199x) + \frac{5040}{199^5} x^6 \cos(199x) + \frac{30240}{199^6} x^5 \sin(199x) - \frac{151200}{199^7} x^4 \cos(199x) - \frac{604800}{199^8} x^3 \sin(199x) + \frac{1814400}{199^9} x^2 \cos(199x) + \frac{3628800}{199^{10}} x \sin(199x) - \frac{3628800}{199^{11}} \cos(199x) + C}
\]

where \( C \) is the constant of integration.",0}{199^2} x^9 \sin(199x) [-] \frac{90}{199^2} \int x^,493,S1_exact
ibp_pts_n10_b227,Phi-4,integration_by_parts,level_n10,Double_Negative_Trap,IBP_v_formula,failure,- \frac{x^{10} \cos{\left(227 x \right)}}{227} + \frac{10 x^{9} \sin{\left(227 x \right)}}{51529} + \frac{90 x^{8} \cos{\left(227 x \right)}}{11697083} - \frac{720 x^{7} \sin{\left(227 x \right)}}{2655237841} - \frac{5040 x^{6} \cos{\left(227 x \right)}}{602738989907} + \frac{30240 x^{5} \sin{\left(227 x \right)}}{136821750708889} + \frac{151200 x^{4} \cos{\left(227 x \right)}}{31058537410917803} - \frac{604800 x^{3} \sin{\left(227 x \right)}}{7050287992278341281} - \frac{1814400 x^{2} \cos{\left(227 x \right)}}{1600415374247183470787} + \frac{3628800 x \sin{\left(227 x \right)}}{363294289954110647868649} + \frac{3628800 \cos{\left(227 x \right)}}{82467803819583117066183323},-,+,2084,"<|im_start|>system<|im_sep|>You are a precise mathematical assistant. Show all computation steps clearly. Always put your final simplified antiderivative inside \boxed{}.<|im_end|><|im_start|>user<|im_sep|>Evaluate the following integral step by step.

∫ x^10 · sin(227x) dx

This is a polynomial-trigonometric integral. Work step by step using integration by parts.

Show all steps clearly and put your final simplified antiderivative inside \boxed{}.<|im_end|><|im_start|>assistant<|im_sep|>To evaluate the integral \(\int x^{10} \sin(227x) \, dx\), we will use the method of integration by parts. The formula for integration by parts is:

\[
\int u \, dv = uv - \int v \, du
\]

We will apply integration by parts repeatedly. Let's start by choosing:

- \( u = x^{10} \) \(\Rightarrow\) \( du = 10x^9 \, dx \)
- \( dv = \sin(227x) \, dx \) \(\Rightarrow\) \( v = -\frac{1}{227} \cos(227x) \)

Now, apply integration by parts:

\[
\int x^{10} \sin(227x) \, dx = uv - \int v \, du
\]

Substitute \( u \), \( du \), \( v \), and \( dv \):

\[
= x^{10} \left(-\frac{1}{227} \cos(227x)\right) - \int \left(-\frac{1}{227} \cos(227x)\right) (10x^9) \, dx
\]

Simplify:

\[
= -\frac{1}{227} x^{10} \cos(227x) + \frac{10}{227} \int x^9 \cos(227x) \, dx
\]

Now, we need to evaluate \(\int x^9 \cos(227x) \, dx\) using integration by parts again. Choose:

- \( u = x^9 \) \(\Rightarrow\) \( du = 9x^8 \, dx \)
- \( dv = \cos(227x) \, dx \) \(\Rightarrow\) \( v = \frac{1}{227} \sin(227x) \)

Apply integration by parts:

\[
\int x^9 \cos(227x) \, dx = uv - \int v \, du
\]

Substitute:

\[
= x^9 \left(\frac{1}{227} \sin(227x)\right) - \int \left(\frac{1}{227} \sin(227x)\right) (9x^8) \, dx
\]

Simplify:

\[
= \frac{1}{227} x^9 \sin(227x) - \frac{9}{227} \int x^8 \sin(227x) \, dx
\]

Substitute back into the original expression:

\[
\int x^{10} \sin(227x) \, dx = -\frac{1}{227} x^{10} \cos(227x) + \frac{10}{227} \left( \frac{1}{227} x^9 \sin(227x) - \frac{9}{227} \int x^8 \sin(227x) \, dx \right)
\]

Simplify:

\[
= -\frac{1}{227} x^{10} \cos(227x) + \frac{10}{227^2} x^9 \sin(227x) - \frac{90}{227^2} \int x^8 \sin(227x) \, dx
\]

This process continues, reducing the power of \(x\) by 1 each time, alternating between \(\sin\) and \(\cos\), until the power of \(x\) is reduced to zero. The pattern is:

\[
\int x^n \sin(227x) \, dx = -\frac{1}{227} x^n \cos(227x) + \frac{n}{227} \int x^{n-1} \cos(227x) \, dx
\]

\[
\int x^n \cos(227x) \, dx = \frac{1}{227} x^n \sin(227x) - \frac{n}{227} \int x^{n-1} \sin(227x) \, dx
\]

Continuing this process, we eventually reach:

\[
\int \sin(227x) \, dx = -\frac{1}{227} \cos(227x)
\]

\[
\int \cos(227x) \, dx = \frac{1}{227} \sin(227x)
\]

After applying integration by parts 10 times, the final expression is:

\[
\boxed{-\frac{1}{227} x^{10} \cos(227x) + \frac{10}{227^2} x^9 \sin(227x) - \frac{90}{227^3} x^8 \cos(227x) - \frac{720}{227^4} x^7 \sin(227x) + \frac{5040}{227^5} x^6 \cos(227x) + \frac{30240}{227^6} x^5 \sin(227x) - \frac{151200}{227^7} x^4 \cos(227x) - \frac{604800}{227^8} x^3 \sin(227x) + \frac{1814400}{227^9} x^2 \cos(227x) + \frac{3628800}{227^{10}} x \sin(227x) - \frac{3628800}{227^{11}} \cos(227x) + C}
\]

where \( C \) is the constant of integration.","To evaluate the integral \(\int x^{10} \sin(227x) \, dx\), we will use the method of integration by parts. The formula for integration by parts is:

\[
\int u \, dv = uv - \int v \, du
\]

We will apply integration by parts repeatedly. Let's start by choosing:

- \( u = x^{10} \) \(\Rightarrow\) \( du = 10x^9 \, dx \)
- \( dv = \sin(227x) \, dx \) \(\Rightarrow\) \( v = -\frac{1}{227} \cos(227x) \)

Now, apply integration by parts:

\[
\int x^{10} \sin(227x) \, dx = uv - \int v \, du
\]

Substitute \( u \), \( du \), \( v \), and \( dv \):

\[
= x^{10} \left(-\frac{1}{227} \cos(227x)\right) - \int \left(-\frac{1}{227} \cos(227x)\right) (10x^9) \, dx
\]

Simplify:

\[
= -\frac{1}{227} x^{10} \cos(227x) + \frac{10}{227} \int x^9 \cos(227x) \, dx
\]

Now, we need to evaluate \(\int x^9 \cos(227x) \, dx\) using integration by parts again. Choose:

- \( u = x^9 \) \(\Rightarrow\) \( du = 9x^8 \, dx \)
- \( dv = \cos(227x) \, dx \) \(\Rightarrow\) \( v = \frac{1}{227} \sin(227x) \)

Apply integration by parts:

\[
\int x^9 \cos(227x) \, dx = uv - \int v \, du
\]

Substitute:

\[
= x^9 \left(\frac{1}{227} \sin(227x)\right) - \int \left(\frac{1}{227} \sin(227x)\right) (9x^8) \, dx
\]

Simplify:

\[
= \frac{1}{227} x^9 \sin(227x) - \frac{9}{227} \int x^8 \sin(227x) \, dx
\]

Substitute back into the original expression:

\[
\int x^{10} \sin(227x) \, dx = -\frac{1}{227} x^{10} \cos(227x) + \frac{10}{227} \left( \frac{1}{227} x^9 \sin(227x) - \frac{9}{227} \int x^8 \sin(227x) \, dx \right)
\]

Simplify:

\[
= -\frac{1}{227} x^{10} \cos(227x) + \frac{10}{227^2} x^9 \sin(227x) - \frac{90}{227^2} \int x^8 \sin(227x) \, dx
\]

This process continues, reducing the power of \(x\) by 1 each time, alternating between \(\sin\) and \(\cos\), until the power of \(x\) is reduced to zero. The pattern is:

\[
\int x^n \sin(227x) \, dx = -\frac{1}{227} x^n \cos(227x) + \frac{n}{227} \int x^{n-1} \cos(227x) \, dx
\]

\[
\int x^n \cos(227x) \, dx = \frac{1}{227} x^n \sin(227x) - \frac{n}{227} \int x^{n-1} \sin(227x) \, dx
\]

Continuing this process, we eventually reach:

\[
\int \sin(227x) \, dx = -\frac{1}{227} \cos(227x)
\]

\[
\int \cos(227x) \, dx = \frac{1}{227} \sin(227x)
\]

After applying integration by parts 10 times, the final expression is:

\[
\boxed{-\frac{1}{227} x^{10} \cos(227x) + \frac{10}{227^2} x^9 \sin(227x) - \frac{90}{227^3} x^8 \cos(227x) - \frac{720}{227^4} x^7 \sin(227x) + \frac{5040}{227^5} x^6 \cos(227x) + \frac{30240}{227^6} x^5 \sin(227x) - \frac{151200}{227^7} x^4 \cos(227x) - \frac{604800}{227^8} x^3 \sin(227x) + \frac{1814400}{227^9} x^2 \cos(227x) + \frac{3628800}{227^{10}} x \sin(227x) - \frac{3628800}{227^{11}} \cos(227x) + C}
\]

where \( C \) is the constant of integration.",0}{227^2} x^9 \sin(227x) [-] \frac{90}{227^2} \int x^,493,S1_exact
ibp_pts_n10_b23,Phi-4,integration_by_parts,level_n10,Silent_Sign_Flip,IBP_v_formula,failure,- \frac{x^{10} \cos{\left(23 x \right)}}{23} + \frac{10 x^{9} \sin{\left(23 x \right)}}{529} + \frac{90 x^{8} \cos{\left(23 x \right)}}{12167} - \frac{720 x^{7} \sin{\left(23 x \right)}}{279841} - \frac{5040 x^{6} \cos{\left(23 x \right)}}{6436343} + \frac{30240 x^{5} \sin{\left(23 x \right)}}{148035889} + \frac{151200 x^{4} \cos{\left(23 x \right)}}{3404825447} - \frac{604800 x^{3} \sin{\left(23 x \right)}}{78310985281} - \frac{1814400 x^{2} \cos{\left(23 x \right)}}{1801152661463} + \frac{3628800 x \sin{\left(23 x \right)}}{41426511213649} + \frac{3628800 \cos{\left(23 x \right)}}{952809757913927},-,+,2228,"<|im_start|>system<|im_sep|>You are a precise mathematical assistant. Show all computation steps clearly. Always put your final simplified antiderivative inside \boxed{}.<|im_end|><|im_start|>user<|im_sep|>Evaluate the following integral step by step.

∫ x^10 · sin(23x) dx

This is a polynomial-trigonometric integral. Work step by step using integration by parts.

Show all steps clearly and put your final simplified antiderivative inside \boxed{}.<|im_end|><|im_start|>assistant<|im_sep|>To evaluate the integral \(\int x^{10} \sin(23x) \, dx\), we will use the method of integration by parts. The formula for integration by parts is:

\[
\int u \, dv = uv - \int v \, du
\]

We need to choose \(u\) and \(dv\) such that the resulting integral is simpler to evaluate. A good strategy is to let \(u\) be a polynomial (which reduces in degree when differentiated) and \(dv\) be the remaining part of the integrand.

Let's choose:
- \(u = x^{10}\) \(\Rightarrow\) \(du = 10x^9 \, dx\)
- \(dv = \sin(23x) \, dx\) \(\Rightarrow\) \(v = -\frac{1}{23} \cos(23x)\)

Now, apply the integration by parts formula:

\[
\int x^{10} \sin(23x) \, dx = uv - \int v \, du
\]

Substitute \(u\), \(v\), \(du\), and \(dv\) into the formula:

\[
= x^{10} \left(-\frac{1}{23} \cos(23x)\right) - \int \left(-\frac{1}{23} \cos(23x)\right) (10x^9 \, dx)
\]

Simplify:

\[
= -\frac{1}{23} x^{10} \cos(23x) + \frac{10}{23} \int x^9 \cos(23x) \, dx
\]

Now, we need to evaluate \(\int x^9 \cos(23x) \, dx\) using integration by parts again. Choose:

- \(u = x^9\) \(\Rightarrow\) \(du = 9x^8 \, dx\)
- \(dv = \cos(23x) \, dx\) \(\Rightarrow\) \(v = \frac{1}{23} \sin(23x)\)

Apply integration by parts:

\[
\int x^9 \cos(23x) \, dx = uv - \int v \, du
\]

Substitute:

\[
= x^9 \left(\frac{1}{23} \sin(23x)\right) - \int \left(\frac{1}{23} \sin(23x)\right) (9x^8 \, dx)
\]

Simplify:

\[
= \frac{1}{23} x^9 \sin(23x) - \frac{9}{23} \int x^8 \sin(23x) \, dx
\]

Substitute back into the original expression:

\[
\int x^{10} \sin(23x) \, dx = -\frac{1}{23} x^{10} \cos(23x) + \frac{10}{23} \left( \frac{1}{23} x^9 \sin(23x) - \frac{9}{23} \int x^8 \sin(23x) \, dx \right)
\]

Simplify:

\[
= -\frac{1}{23} x^{10} \cos(23x) + \frac{10}{529} x^9 \sin(23x) - \frac{90}{529} \int x^8 \sin(23x) \, dx
\]

This process of integration by parts will continue, reducing the power of \(x\) by 1 each time, until we reach \(\int x^0 \sin(23x) \, dx\), which can be directly integrated.

The pattern is clear: each step involves reducing the power of \(x\) by 1 and alternating between \(\sin\) and \(\cos\). The coefficients will involve powers of 23 and factorials of the powers of \(x\).

The final result, after completing all steps, is:

\[
\boxed{-\frac{1}{23} x^{10} \cos(23x) + \frac{10}{529} x^9 \sin(23x) - \frac{90}{12167} x^8 \cos(23x) - \frac{720}{279841} x^7 \sin(23x) + \frac{5040}{6436343} x^6 \cos(23x) - \frac{30240}{148154609} x^5 \sin(23x) + \frac{151200}{3404822667} x^4 \cos(23x) - \frac{604800}{78583261841} x^3 \sin(23x) + \frac{1814400}{1801089746783} x^2 \cos(23x) - \frac{3628800}{41477668696069} x \sin(23x) + \frac{3628800}{954289961394007} \cos(23x) + C}
\]

where \(C\) is the constant of integration.","To evaluate the integral \(\int x^{10} \sin(23x) \, dx\), we will use the method of integration by parts. The formula for integration by parts is:

\[
\int u \, dv = uv - \int v \, du
\]

We need to choose \(u\) and \(dv\) such that the resulting integral is simpler to evaluate. A good strategy is to let \(u\) be a polynomial (which reduces in degree when differentiated) and \(dv\) be the remaining part of the integrand.

Let's choose:
- \(u = x^{10}\) \(\Rightarrow\) \(du = 10x^9 \, dx\)
- \(dv = \sin(23x) \, dx\) \(\Rightarrow\) \(v = -\frac{1}{23} \cos(23x)\)

Now, apply the integration by parts formula:

\[
\int x^{10} \sin(23x) \, dx = uv - \int v \, du
\]

Substitute \(u\), \(v\), \(du\), and \(dv\) into the formula:

\[
= x^{10} \left(-\frac{1}{23} \cos(23x)\right) - \int \left(-\frac{1}{23} \cos(23x)\right) (10x^9 \, dx)
\]

Simplify:

\[
= -\frac{1}{23} x^{10} \cos(23x) + \frac{10}{23} \int x^9 \cos(23x) \, dx
\]

Now, we need to evaluate \(\int x^9 \cos(23x) \, dx\) using integration by parts again. Choose:

- \(u = x^9\) \(\Rightarrow\) \(du = 9x^8 \, dx\)
- \(dv = \cos(23x) \, dx\) \(\Rightarrow\) \(v = \frac{1}{23} \sin(23x)\)

Apply integration by parts:

\[
\int x^9 \cos(23x) \, dx = uv - \int v \, du
\]

Substitute:

\[
= x^9 \left(\frac{1}{23} \sin(23x)\right) - \int \left(\frac{1}{23} \sin(23x)\right) (9x^8 \, dx)
\]

Simplify:

\[
= \frac{1}{23} x^9 \sin(23x) - \frac{9}{23} \int x^8 \sin(23x) \, dx
\]

Substitute back into the original expression:

\[
\int x^{10} \sin(23x) \, dx = -\frac{1}{23} x^{10} \cos(23x) + \frac{10}{23} \left( \frac{1}{23} x^9 \sin(23x) - \frac{9}{23} \int x^8 \sin(23x) \, dx \right)
\]

Simplify:

\[
= -\frac{1}{23} x^{10} \cos(23x) + \frac{10}{529} x^9 \sin(23x) - \frac{90}{529} \int x^8 \sin(23x) \, dx
\]

This process of integration by parts will continue, reducing the power of \(x\) by 1 each time, until we reach \(\int x^0 \sin(23x) \, dx\), which can be directly integrated.

The pattern is clear: each step involves reducing the power of \(x\) by 1 and alternating between \(\sin\) and \(\cos\). The coefficients will involve powers of 23 and factorials of the powers of \(x\).

The final result, after completing all steps, is:

\[
\boxed{-\frac{1}{23} x^{10} \cos(23x) + \frac{10}{529} x^9 \sin(23x) - \frac{90}{12167} x^8 \cos(23x) - \frac{720}{279841} x^7 \sin(23x) + \frac{5040}{6436343} x^6 \cos(23x) - \frac{30240}{148154609} x^5 \sin(23x) + \frac{151200}{3404822667} x^4 \cos(23x) - \frac{604800}{78583261841} x^3 \sin(23x) + \frac{1814400}{1801089746783} x^2 \cos(23x) - \frac{3628800}{41477668696069} x \sin(23x) + \frac{3628800}{954289961394007} \cos(23x) + C}
\]

where \(C\) is the constant of integration.",c{10}{529} x^9 \sin(23x) [-] \frac{90}{529} \int x^8 ,492,AGREED_FIRST(min)
ibp_pts_n10_b31,Phi-4,integration_by_parts,level_n10,Silent_Sign_Flip,IBP_v_formula,failure,- \frac{x^{10} \cos{\left(31 x \right)}}{31} + \frac{10 x^{9} \sin{\left(31 x \right)}}{961} + \frac{90 x^{8} \cos{\left(31 x \right)}}{29791} - \frac{720 x^{7} \sin{\left(31 x \right)}}{923521} - \frac{5040 x^{6} \cos{\left(31 x \right)}}{28629151} + \frac{30240 x^{5} \sin{\left(31 x \right)}}{887503681} + \frac{151200 x^{4} \cos{\left(31 x \right)}}{27512614111} - \frac{604800 x^{3} \sin{\left(31 x \right)}}{852891037441} - \frac{1814400 x^{2} \cos{\left(31 x \right)}}{26439622160671} + \frac{3628800 x \sin{\left(31 x \right)}}{819628286980801} + \frac{3628800 \cos{\left(31 x \right)}}{25408476896404831},-,+,2228,"<|im_start|>system<|im_sep|>You are a precise mathematical assistant. Show all computation steps clearly. Always put your final simplified antiderivative inside \boxed{}.<|im_end|><|im_start|>user<|im_sep|>Evaluate the following integral step by step.

∫ x^10 · sin(31x) dx

This is a polynomial-trigonometric integral. Work step by step using integration by parts.

Show all steps clearly and put your final simplified antiderivative inside \boxed{}.<|im_end|><|im_start|>assistant<|im_sep|>To evaluate the integral \(\int x^{10} \sin(31x) \, dx\), we will use the method of integration by parts. The formula for integration by parts is:

\[
\int u \, dv = uv - \int v \, du
\]

We need to choose \(u\) and \(dv\) such that the resulting integral is simpler to evaluate. A good strategy is to let \(u\) be a polynomial (which reduces in degree when differentiated) and \(dv\) be the remaining part of the integrand.

Let's choose:
- \(u = x^{10}\) \(\Rightarrow\) \(du = 10x^9 \, dx\)
- \(dv = \sin(31x) \, dx\) \(\Rightarrow\) \(v = -\frac{1}{31} \cos(31x)\)

Now apply the integration by parts formula:

\[
\int x^{10} \sin(31x) \, dx = uv - \int v \, du
\]

Substitute \(u\), \(v\), \(du\), and \(dv\) into the formula:

\[
= x^{10} \left(-\frac{1}{31} \cos(31x)\right) - \int \left(-\frac{1}{31} \cos(31x)\right) (10x^9) \, dx
\]

Simplify:

\[
= -\frac{1}{31} x^{10} \cos(31x) + \frac{10}{31} \int x^9 \cos(31x) \, dx
\]

Now, we need to evaluate \(\int x^9 \cos(31x) \, dx\) using integration by parts again. Choose:

- \(u = x^9\) \(\Rightarrow\) \(du = 9x^8 \, dx\)
- \(dv = \cos(31x) \, dx\) \(\Rightarrow\) \(v = \frac{1}{31} \sin(31x)\)

Apply integration by parts:

\[
\int x^9 \cos(31x) \, dx = uv - \int v \, du
\]

Substitute:

\[
= x^9 \left(\frac{1}{31} \sin(31x)\right) - \int \left(\frac{1}{31} \sin(31x)\right) (9x^8) \, dx
\]

Simplify:

\[
= \frac{1}{31} x^9 \sin(31x) - \frac{9}{31} \int x^8 \sin(31x) \, dx
\]

Substitute back into the original expression:

\[
\int x^{10} \sin(31x) \, dx = -\frac{1}{31} x^{10} \cos(31x) + \frac{10}{31} \left( \frac{1}{31} x^9 \sin(31x) - \frac{9}{31} \int x^8 \sin(31x) \, dx \right)
\]

Simplify:

\[
= -\frac{1}{31} x^{10} \cos(31x) + \frac{10}{31^2} x^9 \sin(31x) - \frac{90}{31^2} \int x^8 \sin(31x) \, dx
\]

This process of integration by parts will continue, reducing the power of \(x\) by 1 each time, until we reach \(\int x^0 \sin(31x) \, dx\), which can be directly integrated.

The pattern is clear: each step involves reducing the power of \(x\) by 1 and alternating between \(\sin\) and \(\cos\). The coefficients involve powers of 31 and factorials of the powers of \(x\).

The final result, after completing all steps, is:

\[
\boxed{-\frac{1}{31} x^{10} \cos(31x) + \frac{10}{31^2} x^9 \sin(31x) - \frac{90}{31^3} x^8 \cos(31x) + \frac{720}{31^4} x^7 \sin(31x) - \frac{5040}{31^5} x^6 \cos(31x) + \frac{30240}{31^6} x^5 \sin(31x) - \frac{151200}{31^7} x^4 \cos(31x) + \frac{604800}{31^8} x^3 \sin(31x) - \frac{1814400}{31^9} x^2 \cos(31x) + \frac{3628800}{31^{10}} x \sin(31x) - \frac{3628800}{31^{11}} \cos(31x) + C}
\]

where \(C\) is the constant of integration.","To evaluate the integral \(\int x^{10} \sin(31x) \, dx\), we will use the method of integration by parts. The formula for integration by parts is:

\[
\int u \, dv = uv - \int v \, du
\]

We need to choose \(u\) and \(dv\) such that the resulting integral is simpler to evaluate. A good strategy is to let \(u\) be a polynomial (which reduces in degree when differentiated) and \(dv\) be the remaining part of the integrand.

Let's choose:
- \(u = x^{10}\) \(\Rightarrow\) \(du = 10x^9 \, dx\)
- \(dv = \sin(31x) \, dx\) \(\Rightarrow\) \(v = -\frac{1}{31} \cos(31x)\)

Now apply the integration by parts formula:

\[
\int x^{10} \sin(31x) \, dx = uv - \int v \, du
\]

Substitute \(u\), \(v\), \(du\), and \(dv\) into the formula:

\[
= x^{10} \left(-\frac{1}{31} \cos(31x)\right) - \int \left(-\frac{1}{31} \cos(31x)\right) (10x^9) \, dx
\]

Simplify:

\[
= -\frac{1}{31} x^{10} \cos(31x) + \frac{10}{31} \int x^9 \cos(31x) \, dx
\]

Now, we need to evaluate \(\int x^9 \cos(31x) \, dx\) using integration by parts again. Choose:

- \(u = x^9\) \(\Rightarrow\) \(du = 9x^8 \, dx\)
- \(dv = \cos(31x) \, dx\) \(\Rightarrow\) \(v = \frac{1}{31} \sin(31x)\)

Apply integration by parts:

\[
\int x^9 \cos(31x) \, dx = uv - \int v \, du
\]

Substitute:

\[
= x^9 \left(\frac{1}{31} \sin(31x)\right) - \int \left(\frac{1}{31} \sin(31x)\right) (9x^8) \, dx
\]

Simplify:

\[
= \frac{1}{31} x^9 \sin(31x) - \frac{9}{31} \int x^8 \sin(31x) \, dx
\]

Substitute back into the original expression:

\[
\int x^{10} \sin(31x) \, dx = -\frac{1}{31} x^{10} \cos(31x) + \frac{10}{31} \left( \frac{1}{31} x^9 \sin(31x) - \frac{9}{31} \int x^8 \sin(31x) \, dx \right)
\]

Simplify:

\[
= -\frac{1}{31} x^{10} \cos(31x) + \frac{10}{31^2} x^9 \sin(31x) - \frac{90}{31^2} \int x^8 \sin(31x) \, dx
\]

This process of integration by parts will continue, reducing the power of \(x\) by 1 each time, until we reach \(\int x^0 \sin(31x) \, dx\), which can be directly integrated.

The pattern is clear: each step involves reducing the power of \(x\) by 1 and alternating between \(\sin\) and \(\cos\). The coefficients involve powers of 31 and factorials of the powers of \(x\).

The final result, after completing all steps, is:

\[
\boxed{-\frac{1}{31} x^{10} \cos(31x) + \frac{10}{31^2} x^9 \sin(31x) - \frac{90}{31^3} x^8 \cos(31x) + \frac{720}{31^4} x^7 \sin(31x) - \frac{5040}{31^5} x^6 \cos(31x) + \frac{30240}{31^6} x^5 \sin(31x) - \frac{151200}{31^7} x^4 \cos(31x) + \frac{604800}{31^8} x^3 \sin(31x) - \frac{1814400}{31^9} x^2 \cos(31x) + \frac{3628800}{31^{10}} x \sin(31x) - \frac{3628800}{31^{11}} \cos(31x) + C}
\]

where \(C\) is the constant of integration.",{10}{31^2} x^9 \sin(31x) [-] \frac{90}{31^2} \int x^8,492,S3_exact
ibp_pts_n10_b41,Phi-4,integration_by_parts,level_n10,Silent_Sign_Flip,IBP_v_formula,failure,- \frac{x^{10} \cos{\left(41 x \right)}}{41} + \frac{10 x^{9} \sin{\left(41 x \right)}}{1681} + \frac{90 x^{8} \cos{\left(41 x \right)}}{68921} - \frac{720 x^{7} \sin{\left(41 x \right)}}{2825761} - \frac{5040 x^{6} \cos{\left(41 x \right)}}{115856201} + \frac{30240 x^{5} \sin{\left(41 x \right)}}{4750104241} + \frac{151200 x^{4} \cos{\left(41 x \right)}}{194754273881} - \frac{604800 x^{3} \sin{\left(41 x \right)}}{7984925229121} - \frac{1814400 x^{2} \cos{\left(41 x \right)}}{327381934393961} + \frac{3628800 x \sin{\left(41 x \right)}}{13422659310152401} + \frac{3628800 \cos{\left(41 x \right)}}{550329031716248441},-,+,1878,"<|im_start|>system<|im_sep|>You are a precise mathematical assistant. Show all computation steps clearly. Always put your final simplified antiderivative inside \boxed{}.<|im_end|><|im_start|>user<|im_sep|>Evaluate the following integral step by step.

∫ x^10 · sin(41x) dx

This is a polynomial-trigonometric integral. Work step by step using integration by parts.

Show all steps clearly and put your final simplified antiderivative inside \boxed{}.<|im_end|><|im_start|>assistant<|im_sep|>To evaluate the integral \(\int x^{10} \sin(41x) \, dx\), we will use integration by parts. The formula for integration by parts is:

\[
\int u \, dv = uv - \int v \, du
\]

We will apply this formula repeatedly. Let's start by choosing:

- \( u = x^{10} \) \(\Rightarrow\) \( du = 10x^9 \, dx \)
- \( dv = \sin(41x) \, dx \) \(\Rightarrow\) \( v = -\frac{1}{41} \cos(41x) \)

Now, apply integration by parts:

\[
\int x^{10} \sin(41x) \, dx = -\frac{1}{41} x^{10} \cos(41x) - \int \left(-\frac{1}{41} \cos(41x)\right) (10x^9) \, dx
\]

Simplify the expression:

\[
= -\frac{1}{41} x^{10} \cos(41x) + \frac{10}{41} \int x^9 \cos(41x) \, dx
\]

Now, we need to evaluate \(\int x^9 \cos(41x) \, dx\) using integration by parts again. Choose:

- \( u = x^9 \) \(\Rightarrow\) \( du = 9x^8 \, dx \)
- \( dv = \cos(41x) \, dx \) \(\Rightarrow\) \( v = \frac{1}{41} \sin(41x) \)

Apply integration by parts:

\[
\int x^9 \cos(41x) \, dx = \frac{1}{41} x^9 \sin(41x) - \int \frac{1}{41} \sin(41x) (9x^8) \, dx
\]

Simplify:

\[
= \frac{1}{41} x^9 \sin(41x) - \frac{9}{41} \int x^8 \sin(41x) \, dx
\]

Substitute back into the original expression:

\[
\int x^{10} \sin(41x) \, dx = -\frac{1}{41} x^{10} \cos(41x) + \frac{10}{41} \left( \frac{1}{41} x^9 \sin(41x) - \frac{9}{41} \int x^8 \sin(41x) \, dx \right)
\]

Simplify:

\[
= -\frac{1}{41} x^{10} \cos(41x) + \frac{10}{41^2} x^9 \sin(41x) - \frac{90}{41^2} \int x^8 \sin(41x) \, dx
\]

This process will continue, reducing the power of \(x\) by 1 each time, alternating between \(\sin(41x)\) and \(\cos(41x)\). The pattern is:

\[
\int x^n \sin(41x) \, dx = -\frac{1}{41} x^n \cos(41x) + \frac{n}{41} \int x^{n-1} \cos(41x) \, dx
\]

\[
\int x^n \cos(41x) \, dx = \frac{1}{41} x^n \sin(41x) - \frac{n}{41} \int x^{n-1} \sin(41x) \, dx
\]

Continue this process until the power of \(x\) is reduced to zero. The final result will be a sum of terms involving \(x^k \sin(41x)\) and \(x^k \cos(41x)\) for \(k = 0, 1, \ldots, 10\).

The final antiderivative is:

\[
\boxed{-\frac{1}{41} x^{10} \cos(41x) + \frac{10}{41^2} x^9 \sin(41x) - \frac{90}{41^3} x^8 \cos(41x) - \frac{720}{41^4} x^7 \sin(41x) + \frac{5040}{41^5} x^6 \cos(41x) - \frac{30240}{41^6} x^5 \sin(41x) + \frac{151200}{41^7} x^4 \cos(41x) - \frac{604800}{41^8} x^3 \sin(41x) + \frac{1814400}{41^9} x^2 \cos(41x) - \frac{3628800}{41^{10}} x \sin(41x) + \frac{3628800}{41^{11}} \cos(41x) + C}
\]

where \(C\) is the constant of integration.","To evaluate the integral \(\int x^{10} \sin(41x) \, dx\), we will use integration by parts. The formula for integration by parts is:

\[
\int u \, dv = uv - \int v \, du
\]

We will apply this formula repeatedly. Let's start by choosing:

- \( u = x^{10} \) \(\Rightarrow\) \( du = 10x^9 \, dx \)
- \( dv = \sin(41x) \, dx \) \(\Rightarrow\) \( v = -\frac{1}{41} \cos(41x) \)

Now, apply integration by parts:

\[
\int x^{10} \sin(41x) \, dx = -\frac{1}{41} x^{10} \cos(41x) - \int \left(-\frac{1}{41} \cos(41x)\right) (10x^9) \, dx
\]

Simplify the expression:

\[
= -\frac{1}{41} x^{10} \cos(41x) + \frac{10}{41} \int x^9 \cos(41x) \, dx
\]

Now, we need to evaluate \(\int x^9 \cos(41x) \, dx\) using integration by parts again. Choose:

- \( u = x^9 \) \(\Rightarrow\) \( du = 9x^8 \, dx \)
- \( dv = \cos(41x) \, dx \) \(\Rightarrow\) \( v = \frac{1}{41} \sin(41x) \)

Apply integration by parts:

\[
\int x^9 \cos(41x) \, dx = \frac{1}{41} x^9 \sin(41x) - \int \frac{1}{41} \sin(41x) (9x^8) \, dx
\]

Simplify:

\[
= \frac{1}{41} x^9 \sin(41x) - \frac{9}{41} \int x^8 \sin(41x) \, dx
\]

Substitute back into the original expression:

\[
\int x^{10} \sin(41x) \, dx = -\frac{1}{41} x^{10} \cos(41x) + \frac{10}{41} \left( \frac{1}{41} x^9 \sin(41x) - \frac{9}{41} \int x^8 \sin(41x) \, dx \right)
\]

Simplify:

\[
= -\frac{1}{41} x^{10} \cos(41x) + \frac{10}{41^2} x^9 \sin(41x) - \frac{90}{41^2} \int x^8 \sin(41x) \, dx
\]

This process will continue, reducing the power of \(x\) by 1 each time, alternating between \(\sin(41x)\) and \(\cos(41x)\). The pattern is:

\[
\int x^n \sin(41x) \, dx = -\frac{1}{41} x^n \cos(41x) + \frac{n}{41} \int x^{n-1} \cos(41x) \, dx
\]

\[
\int x^n \cos(41x) \, dx = \frac{1}{41} x^n \sin(41x) - \frac{n}{41} \int x^{n-1} \sin(41x) \, dx
\]

Continue this process until the power of \(x\) is reduced to zero. The final result will be a sum of terms involving \(x^k \sin(41x)\) and \(x^k \cos(41x)\) for \(k = 0, 1, \ldots, 10\).

The final antiderivative is:

\[
\boxed{-\frac{1}{41} x^{10} \cos(41x) + \frac{10}{41^2} x^9 \sin(41x) - \frac{90}{41^3} x^8 \cos(41x) - \frac{720}{41^4} x^7 \sin(41x) + \frac{5040}{41^5} x^6 \cos(41x) - \frac{30240}{41^6} x^5 \sin(41x) + \frac{151200}{41^7} x^4 \cos(41x) - \frac{604800}{41^8} x^3 \sin(41x) + \frac{1814400}{41^9} x^2 \cos(41x) - \frac{3628800}{41^{10}} x \sin(41x) + \frac{3628800}{41^{11}} \cos(41x) + C}
\]

where \(C\) is the constant of integration.",{10}{41^2} x^9 \sin(41x) [-] \frac{90}{41^2} \int x^8,492,S1_exact
ibp_pts_n10_b43,Phi-4,integration_by_parts,level_n10,Silent_Sign_Flip,IBP_v_formula,failure,- \frac{x^{10} \cos{\left(43 x \right)}}{43} + \frac{10 x^{9} \sin{\left(43 x \right)}}{1849} + \frac{90 x^{8} \cos{\left(43 x \right)}}{79507} - \frac{720 x^{7} \sin{\left(43 x \right)}}{3418801} - \frac{5040 x^{6} \cos{\left(43 x \right)}}{147008443} + \frac{30240 x^{5} \sin{\left(43 x \right)}}{6321363049} + \frac{151200 x^{4} \cos{\left(43 x \right)}}{271818611107} - \frac{604800 x^{3} \sin{\left(43 x \right)}}{11688200277601} - \frac{1814400 x^{2} \cos{\left(43 x \right)}}{502592611936843} + \frac{3628800 x \sin{\left(43 x \right)}}{21611482313284249} + \frac{3628800 \cos{\left(43 x \right)}}{929293739471222707},-,+,1878,"<|im_start|>system<|im_sep|>You are a precise mathematical assistant. Show all computation steps clearly. Always put your final simplified antiderivative inside \boxed{}.<|im_end|><|im_start|>user<|im_sep|>Evaluate the following integral step by step.

∫ x^10 · sin(43x) dx

This is a polynomial-trigonometric integral. Work step by step using integration by parts.

Show all steps clearly and put your final simplified antiderivative inside \boxed{}.<|im_end|><|im_start|>assistant<|im_sep|>To evaluate the integral \(\int x^{10} \sin(43x) \, dx\), we will use integration by parts. The formula for integration by parts is:

\[
\int u \, dv = uv - \int v \, du
\]

We will apply this formula repeatedly. Let's start by choosing:

- \( u = x^{10} \) \(\Rightarrow\) \( du = 10x^9 \, dx \)
- \( dv = \sin(43x) \, dx \) \(\Rightarrow\) \( v = -\frac{1}{43} \cos(43x) \)

Now, apply integration by parts:

\[
\int x^{10} \sin(43x) \, dx = -\frac{1}{43} x^{10} \cos(43x) - \int \left(-\frac{1}{43} \cos(43x)\right) (10x^9) \, dx
\]

Simplify the expression:

\[
= -\frac{1}{43} x^{10} \cos(43x) + \frac{10}{43} \int x^9 \cos(43x) \, dx
\]

Now, we need to evaluate \(\int x^9 \cos(43x) \, dx\) using integration by parts again. Choose:

- \( u = x^9 \) \(\Rightarrow\) \( du = 9x^8 \, dx \)
- \( dv = \cos(43x) \, dx \) \(\Rightarrow\) \( v = \frac{1}{43} \sin(43x) \)

Apply integration by parts:

\[
\int x^9 \cos(43x) \, dx = \frac{1}{43} x^9 \sin(43x) - \int \frac{1}{43} \sin(43x) (9x^8) \, dx
\]

Simplify:

\[
= \frac{1}{43} x^9 \sin(43x) - \frac{9}{43} \int x^8 \sin(43x) \, dx
\]

Substitute back into the original expression:

\[
\int x^{10} \sin(43x) \, dx = -\frac{1}{43} x^{10} \cos(43x) + \frac{10}{43} \left( \frac{1}{43} x^9 \sin(43x) - \frac{9}{43} \int x^8 \sin(43x) \, dx \right)
\]

Simplify:

\[
= -\frac{1}{43} x^{10} \cos(43x) + \frac{10}{43^2} x^9 \sin(43x) - \frac{90}{43^2} \int x^8 \sin(43x) \, dx
\]

This process continues, reducing the power of \(x\) by 1 each time, alternating between \(\sin(43x)\) and \(\cos(43x)\). The pattern is:

\[
\int x^n \sin(43x) \, dx = -\frac{1}{43} x^n \cos(43x) + \frac{n}{43} \int x^{n-1} \cos(43x) \, dx
\]

\[
\int x^n \cos(43x) \, dx = \frac{1}{43} x^n \sin(43x) - \frac{n}{43} \int x^{n-1} \sin(43x) \, dx
\]

Continue this process until \(n = 0\). The final result will be a sum of terms involving \(x^k \sin(43x)\) and \(x^k \cos(43x)\) for \(k = 0\) to \(10\), each multiplied by constants.

The final antiderivative is:

\[
\boxed{-\frac{1}{43} x^{10} \cos(43x) + \frac{10}{43^2} x^9 \sin(43x) - \frac{90}{43^3} x^8 \cos(43x) - \frac{720}{43^4} x^7 \sin(43x) + \frac{5040}{43^5} x^6 \cos(43x) - \frac{30240}{43^6} x^5 \sin(43x) + \frac{151200}{43^7} x^4 \cos(43x) - \frac{604800}{43^8} x^3 \sin(43x) + \frac{1814400}{43^9} x^2 \cos(43x) - \frac{3628800}{43^{10}} x \sin(43x) + \frac{3628800}{43^{11}} \cos(43x) + C}
\]

where \(C\) is the constant of integration.","To evaluate the integral \(\int x^{10} \sin(43x) \, dx\), we will use integration by parts. The formula for integration by parts is:

\[
\int u \, dv = uv - \int v \, du
\]

We will apply this formula repeatedly. Let's start by choosing:

- \( u = x^{10} \) \(\Rightarrow\) \( du = 10x^9 \, dx \)
- \( dv = \sin(43x) \, dx \) \(\Rightarrow\) \( v = -\frac{1}{43} \cos(43x) \)

Now, apply integration by parts:

\[
\int x^{10} \sin(43x) \, dx = -\frac{1}{43} x^{10} \cos(43x) - \int \left(-\frac{1}{43} \cos(43x)\right) (10x^9) \, dx
\]

Simplify the expression:

\[
= -\frac{1}{43} x^{10} \cos(43x) + \frac{10}{43} \int x^9 \cos(43x) \, dx
\]

Now, we need to evaluate \(\int x^9 \cos(43x) \, dx\) using integration by parts again. Choose:

- \( u = x^9 \) \(\Rightarrow\) \( du = 9x^8 \, dx \)
- \( dv = \cos(43x) \, dx \) \(\Rightarrow\) \( v = \frac{1}{43} \sin(43x) \)

Apply integration by parts:

\[
\int x^9 \cos(43x) \, dx = \frac{1}{43} x^9 \sin(43x) - \int \frac{1}{43} \sin(43x) (9x^8) \, dx
\]

Simplify:

\[
= \frac{1}{43} x^9 \sin(43x) - \frac{9}{43} \int x^8 \sin(43x) \, dx
\]

Substitute back into the original expression:

\[
\int x^{10} \sin(43x) \, dx = -\frac{1}{43} x^{10} \cos(43x) + \frac{10}{43} \left( \frac{1}{43} x^9 \sin(43x) - \frac{9}{43} \int x^8 \sin(43x) \, dx \right)
\]

Simplify:

\[
= -\frac{1}{43} x^{10} \cos(43x) + \frac{10}{43^2} x^9 \sin(43x) - \frac{90}{43^2} \int x^8 \sin(43x) \, dx
\]

This process continues, reducing the power of \(x\) by 1 each time, alternating between \(\sin(43x)\) and \(\cos(43x)\). The pattern is:

\[
\int x^n \sin(43x) \, dx = -\frac{1}{43} x^n \cos(43x) + \frac{n}{43} \int x^{n-1} \cos(43x) \, dx
\]

\[
\int x^n \cos(43x) \, dx = \frac{1}{43} x^n \sin(43x) - \frac{n}{43} \int x^{n-1} \sin(43x) \, dx
\]

Continue this process until \(n = 0\). The final result will be a sum of terms involving \(x^k \sin(43x)\) and \(x^k \cos(43x)\) for \(k = 0\) to \(10\), each multiplied by constants.

The final antiderivative is:

\[
\boxed{-\frac{1}{43} x^{10} \cos(43x) + \frac{10}{43^2} x^9 \sin(43x) - \frac{90}{43^3} x^8 \cos(43x) - \frac{720}{43^4} x^7 \sin(43x) + \frac{5040}{43^5} x^6 \cos(43x) - \frac{30240}{43^6} x^5 \sin(43x) + \frac{151200}{43^7} x^4 \cos(43x) - \frac{604800}{43^8} x^3 \sin(43x) + \frac{1814400}{43^9} x^2 \cos(43x) - \frac{3628800}{43^{10}} x \sin(43x) + \frac{3628800}{43^{11}} \cos(43x) + C}
\]

where \(C\) is the constant of integration.",{10}{43^2} x^9 \sin(43x) [-] \frac{90}{43^2} \int x^8,492,S1_exact
ibp_pts_n10_b47,Phi-4,integration_by_parts,level_n10,Silent_Sign_Flip,IBP_v_formula,failure,- \frac{x^{10} \cos{\left(47 x \right)}}{47} + \frac{10 x^{9} \sin{\left(47 x \right)}}{2209} + \frac{90 x^{8} \cos{\left(47 x \right)}}{103823} - \frac{720 x^{7} \sin{\left(47 x \right)}}{4879681} - \frac{5040 x^{6} \cos{\left(47 x \right)}}{229345007} + \frac{30240 x^{5} \sin{\left(47 x \right)}}{10779215329} + \frac{151200 x^{4} \cos{\left(47 x \right)}}{506623120463} - \frac{604800 x^{3} \sin{\left(47 x \right)}}{23811286661761} - \frac{1814400 x^{2} \cos{\left(47 x \right)}}{1119130473102767} + \frac{3628800 x \sin{\left(47 x \right)}}{52599132235830049} + \frac{3628800 \cos{\left(47 x \right)}}{2472159215084012303},-,+,1878,"<|im_start|>system<|im_sep|>You are a precise mathematical assistant. Show all computation steps clearly. Always put your final simplified antiderivative inside \boxed{}.<|im_end|><|im_start|>user<|im_sep|>Evaluate the following integral step by step.

∫ x^10 · sin(47x) dx

This is a polynomial-trigonometric integral. Work step by step using integration by parts.

Show all steps clearly and put your final simplified antiderivative inside \boxed{}.<|im_end|><|im_start|>assistant<|im_sep|>To evaluate the integral \(\int x^{10} \sin(47x) \, dx\), we will use integration by parts. The formula for integration by parts is:

\[
\int u \, dv = uv - \int v \, du
\]

We will apply this formula repeatedly. Let's start by choosing:

- \( u = x^{10} \) \(\Rightarrow\) \( du = 10x^9 \, dx \)
- \( dv = \sin(47x) \, dx \) \(\Rightarrow\) \( v = -\frac{1}{47} \cos(47x) \)

Now, apply integration by parts:

\[
\int x^{10} \sin(47x) \, dx = -\frac{1}{47} x^{10} \cos(47x) - \int \left(-\frac{1}{47} \cos(47x)\right) (10x^9) \, dx
\]

Simplify the expression:

\[
= -\frac{1}{47} x^{10} \cos(47x) + \frac{10}{47} \int x^9 \cos(47x) \, dx
\]

Now, we need to evaluate \(\int x^9 \cos(47x) \, dx\) using integration by parts again. Choose:

- \( u = x^9 \) \(\Rightarrow\) \( du = 9x^8 \, dx \)
- \( dv = \cos(47x) \, dx \) \(\Rightarrow\) \( v = \frac{1}{47} \sin(47x) \)

Apply integration by parts:

\[
\int x^9 \cos(47x) \, dx = \frac{1}{47} x^9 \sin(47x) - \int \frac{1}{47} \sin(47x) (9x^8) \, dx
\]

Simplify:

\[
= \frac{1}{47} x^9 \sin(47x) - \frac{9}{47} \int x^8 \sin(47x) \, dx
\]

Substitute back into the original expression:

\[
\int x^{10} \sin(47x) \, dx = -\frac{1}{47} x^{10} \cos(47x) + \frac{10}{47} \left( \frac{1}{47} x^9 \sin(47x) - \frac{9}{47} \int x^8 \sin(47x) \, dx \right)
\]

Simplify:

\[
= -\frac{1}{47} x^{10} \cos(47x) + \frac{10}{47^2} x^9 \sin(47x) - \frac{90}{47^2} \int x^8 \sin(47x) \, dx
\]

This process continues, reducing the power of \(x\) by 1 each time, alternating between \(\sin(47x)\) and \(\cos(47x)\). The pattern is:

\[
\int x^n \sin(47x) \, dx = -\frac{1}{47} x^n \cos(47x) + \frac{n}{47} \int x^{n-1} \cos(47x) \, dx
\]

\[
\int x^n \cos(47x) \, dx = \frac{1}{47} x^n \sin(47x) - \frac{n}{47} \int x^{n-1} \sin(47x) \, dx
\]

Continue this process until \(n = 0\). The final result will be a sum of terms involving \(x^k \sin(47x)\) and \(x^k \cos(47x)\) for \(k = 0\) to \(10\), each multiplied by constants.

The final antiderivative is:

\[
\boxed{-\frac{1}{47} x^{10} \cos(47x) + \frac{10}{47^2} x^9 \sin(47x) - \frac{90}{47^3} x^8 \cos(47x) - \frac{720}{47^4} x^7 \sin(47x) + \frac{5040}{47^5} x^6 \cos(47x) - \frac{30240}{47^6} x^5 \sin(47x) + \frac{151200}{47^7} x^4 \cos(47x) - \frac{604800}{47^8} x^3 \sin(47x) + \frac{1814400}{47^9} x^2 \cos(47x) - \frac{3628800}{47^{10}} x \sin(47x) + \frac{3628800}{47^{11}} \cos(47x) + C}
\]

where \(C\) is the constant of integration.","To evaluate the integral \(\int x^{10} \sin(47x) \, dx\), we will use integration by parts. The formula for integration by parts is:

\[
\int u \, dv = uv - \int v \, du
\]

We will apply this formula repeatedly. Let's start by choosing:

- \( u = x^{10} \) \(\Rightarrow\) \( du = 10x^9 \, dx \)
- \( dv = \sin(47x) \, dx \) \(\Rightarrow\) \( v = -\frac{1}{47} \cos(47x) \)

Now, apply integration by parts:

\[
\int x^{10} \sin(47x) \, dx = -\frac{1}{47} x^{10} \cos(47x) - \int \left(-\frac{1}{47} \cos(47x)\right) (10x^9) \, dx
\]

Simplify the expression:

\[
= -\frac{1}{47} x^{10} \cos(47x) + \frac{10}{47} \int x^9 \cos(47x) \, dx
\]

Now, we need to evaluate \(\int x^9 \cos(47x) \, dx\) using integration by parts again. Choose:

- \( u = x^9 \) \(\Rightarrow\) \( du = 9x^8 \, dx \)
- \( dv = \cos(47x) \, dx \) \(\Rightarrow\) \( v = \frac{1}{47} \sin(47x) \)

Apply integration by parts:

\[
\int x^9 \cos(47x) \, dx = \frac{1}{47} x^9 \sin(47x) - \int \frac{1}{47} \sin(47x) (9x^8) \, dx
\]

Simplify:

\[
= \frac{1}{47} x^9 \sin(47x) - \frac{9}{47} \int x^8 \sin(47x) \, dx
\]

Substitute back into the original expression:

\[
\int x^{10} \sin(47x) \, dx = -\frac{1}{47} x^{10} \cos(47x) + \frac{10}{47} \left( \frac{1}{47} x^9 \sin(47x) - \frac{9}{47} \int x^8 \sin(47x) \, dx \right)
\]

Simplify:

\[
= -\frac{1}{47} x^{10} \cos(47x) + \frac{10}{47^2} x^9 \sin(47x) - \frac{90}{47^2} \int x^8 \sin(47x) \, dx
\]

This process continues, reducing the power of \(x\) by 1 each time, alternating between \(\sin(47x)\) and \(\cos(47x)\). The pattern is:

\[
\int x^n \sin(47x) \, dx = -\frac{1}{47} x^n \cos(47x) + \frac{n}{47} \int x^{n-1} \cos(47x) \, dx
\]

\[
\int x^n \cos(47x) \, dx = \frac{1}{47} x^n \sin(47x) - \frac{n}{47} \int x^{n-1} \sin(47x) \, dx
\]

Continue this process until \(n = 0\). The final result will be a sum of terms involving \(x^k \sin(47x)\) and \(x^k \cos(47x)\) for \(k = 0\) to \(10\), each multiplied by constants.

The final antiderivative is:

\[
\boxed{-\frac{1}{47} x^{10} \cos(47x) + \frac{10}{47^2} x^9 \sin(47x) - \frac{90}{47^3} x^8 \cos(47x) - \frac{720}{47^4} x^7 \sin(47x) + \frac{5040}{47^5} x^6 \cos(47x) - \frac{30240}{47^6} x^5 \sin(47x) + \frac{151200}{47^7} x^4 \cos(47x) - \frac{604800}{47^8} x^3 \sin(47x) + \frac{1814400}{47^9} x^2 \cos(47x) - \frac{3628800}{47^{10}} x \sin(47x) + \frac{3628800}{47^{11}} \cos(47x) + C}
\]

where \(C\) is the constant of integration.",{10}{47^2} x^9 \sin(47x) [-] \frac{90}{47^2} \int x^8,492,S3_exact
ibp_pts_n10_b59,Phi-4,integration_by_parts,level_n10,Silent_Sign_Flip,IBP_v_formula,failure,- \frac{x^{10} \cos{\left(59 x \right)}}{59} + \frac{10 x^{9} \sin{\left(59 x \right)}}{3481} + \frac{90 x^{8} \cos{\left(59 x \right)}}{205379} - \frac{720 x^{7} \sin{\left(59 x \right)}}{12117361} - \frac{5040 x^{6} \cos{\left(59 x \right)}}{714924299} + \frac{30240 x^{5} \sin{\left(59 x \right)}}{42180533641} + \frac{151200 x^{4} \cos{\left(59 x \right)}}{2488651484819} - \frac{604800 x^{3} \sin{\left(59 x \right)}}{146830437604321} - \frac{1814400 x^{2} \cos{\left(59 x \right)}}{8662995818654939} + \frac{3628800 x \sin{\left(59 x \right)}}{511116753300641401} + \frac{3628800 \cos{\left(59 x \right)}}{30155888444737842659},-,+,1892,"<|im_start|>system<|im_sep|>You are a precise mathematical assistant. Show all computation steps clearly. Always put your final simplified antiderivative inside \boxed{}.<|im_end|><|im_start|>user<|im_sep|>Evaluate the following integral step by step.

∫ x^10 · sin(59x) dx

This is a polynomial-trigonometric integral. Work step by step using integration by parts.

Show all steps clearly and put your final simplified antiderivative inside \boxed{}.<|im_end|><|im_start|>assistant<|im_sep|>To evaluate the integral \(\int x^{10} \sin(59x) \, dx\), we will use the method of integration by parts. The formula for integration by parts is:

\[
\int u \, dv = uv - \int v \, du
\]

We will apply this formula repeatedly. Let's start by choosing:

- \( u = x^{10} \) \(\Rightarrow\) \( du = 10x^9 \, dx \)
- \( dv = \sin(59x) \, dx \) \(\Rightarrow\) \( v = -\frac{1}{59} \cos(59x) \)

Now, apply integration by parts:

\[
\int x^{10} \sin(59x) \, dx = -\frac{1}{59} x^{10} \cos(59x) - \int \left(-\frac{1}{59} \cos(59x)\right) (10x^9) \, dx
\]

Simplify the expression:

\[
= -\frac{1}{59} x^{10} \cos(59x) + \frac{10}{59} \int x^9 \cos(59x) \, dx
\]

Now, we need to evaluate \(\int x^9 \cos(59x) \, dx\) using integration by parts again. Choose:

- \( u = x^9 \) \(\Rightarrow\) \( du = 9x^8 \, dx \)
- \( dv = \cos(59x) \, dx \) \(\Rightarrow\) \( v = \frac{1}{59} \sin(59x) \)

Apply integration by parts:

\[
\int x^9 \cos(59x) \, dx = \frac{1}{59} x^9 \sin(59x) - \int \frac{1}{59} \sin(59x) (9x^8) \, dx
\]

Simplify:

\[
= \frac{1}{59} x^9 \sin(59x) - \frac{9}{59} \int x^8 \sin(59x) \, dx
\]

Substitute back into the original expression:

\[
\int x^{10} \sin(59x) \, dx = -\frac{1}{59} x^{10} \cos(59x) + \frac{10}{59} \left( \frac{1}{59} x^9 \sin(59x) - \frac{9}{59} \int x^8 \sin(59x) \, dx \right)
\]

Simplify:

\[
= -\frac{1}{59} x^{10} \cos(59x) + \frac{10}{59^2} x^9 \sin(59x) - \frac{90}{59^2} \int x^8 \sin(59x) \, dx
\]

This process continues, reducing the power of \(x\) by 1 each time, alternating between \(\sin(59x)\) and \(\cos(59x)\). The pattern is:

\[
\int x^n \sin(59x) \, dx = -\frac{1}{59} x^n \cos(59x) + \frac{n}{59} \int x^{n-1} \cos(59x) \, dx
\]

\[
\int x^n \cos(59x) \, dx = \frac{1}{59} x^n \sin(59x) - \frac{n}{59} \int x^{n-1} \sin(59x) \, dx
\]

Continue this process until \(n = 0\). The final result will be a sum of terms involving \(x^k \sin(59x)\) and \(x^k \cos(59x)\) for \(k = 0\) to \(10\), each multiplied by appropriate constants.

The final antiderivative is:

\[
\boxed{-\frac{1}{59} x^{10} \cos(59x) + \frac{10}{59^2} x^9 \sin(59x) - \frac{90}{59^3} x^8 \cos(59x) - \frac{720}{59^4} x^7 \sin(59x) + \frac{5040}{59^5} x^6 \cos(59x) - \frac{30240}{59^6} x^5 \sin(59x) + \frac{151200}{59^7} x^4 \cos(59x) - \frac{604800}{59^8} x^3 \sin(59x) + \frac{1814400}{59^9} x^2 \cos(59x) - \frac{3628800}{59^{10}} x \sin(59x) + \frac{3628800}{59^{11}} \cos(59x) + C}
\]

where \(C\) is the constant of integration.","To evaluate the integral \(\int x^{10} \sin(59x) \, dx\), we will use the method of integration by parts. The formula for integration by parts is:

\[
\int u \, dv = uv - \int v \, du
\]

We will apply this formula repeatedly. Let's start by choosing:

- \( u = x^{10} \) \(\Rightarrow\) \( du = 10x^9 \, dx \)
- \( dv = \sin(59x) \, dx \) \(\Rightarrow\) \( v = -\frac{1}{59} \cos(59x) \)

Now, apply integration by parts:

\[
\int x^{10} \sin(59x) \, dx = -\frac{1}{59} x^{10} \cos(59x) - \int \left(-\frac{1}{59} \cos(59x)\right) (10x^9) \, dx
\]

Simplify the expression:

\[
= -\frac{1}{59} x^{10} \cos(59x) + \frac{10}{59} \int x^9 \cos(59x) \, dx
\]

Now, we need to evaluate \(\int x^9 \cos(59x) \, dx\) using integration by parts again. Choose:

- \( u = x^9 \) \(\Rightarrow\) \( du = 9x^8 \, dx \)
- \( dv = \cos(59x) \, dx \) \(\Rightarrow\) \( v = \frac{1}{59} \sin(59x) \)

Apply integration by parts:

\[
\int x^9 \cos(59x) \, dx = \frac{1}{59} x^9 \sin(59x) - \int \frac{1}{59} \sin(59x) (9x^8) \, dx
\]

Simplify:

\[
= \frac{1}{59} x^9 \sin(59x) - \frac{9}{59} \int x^8 \sin(59x) \, dx
\]

Substitute back into the original expression:

\[
\int x^{10} \sin(59x) \, dx = -\frac{1}{59} x^{10} \cos(59x) + \frac{10}{59} \left( \frac{1}{59} x^9 \sin(59x) - \frac{9}{59} \int x^8 \sin(59x) \, dx \right)
\]

Simplify:

\[
= -\frac{1}{59} x^{10} \cos(59x) + \frac{10}{59^2} x^9 \sin(59x) - \frac{90}{59^2} \int x^8 \sin(59x) \, dx
\]

This process continues, reducing the power of \(x\) by 1 each time, alternating between \(\sin(59x)\) and \(\cos(59x)\). The pattern is:

\[
\int x^n \sin(59x) \, dx = -\frac{1}{59} x^n \cos(59x) + \frac{n}{59} \int x^{n-1} \cos(59x) \, dx
\]

\[
\int x^n \cos(59x) \, dx = \frac{1}{59} x^n \sin(59x) - \frac{n}{59} \int x^{n-1} \sin(59x) \, dx
\]

Continue this process until \(n = 0\). The final result will be a sum of terms involving \(x^k \sin(59x)\) and \(x^k \cos(59x)\) for \(k = 0\) to \(10\), each multiplied by appropriate constants.

The final antiderivative is:

\[
\boxed{-\frac{1}{59} x^{10} \cos(59x) + \frac{10}{59^2} x^9 \sin(59x) - \frac{90}{59^3} x^8 \cos(59x) - \frac{720}{59^4} x^7 \sin(59x) + \frac{5040}{59^5} x^6 \cos(59x) - \frac{30240}{59^6} x^5 \sin(59x) + \frac{151200}{59^7} x^4 \cos(59x) - \frac{604800}{59^8} x^3 \sin(59x) + \frac{1814400}{59^9} x^2 \cos(59x) - \frac{3628800}{59^{10}} x \sin(59x) + \frac{3628800}{59^{11}} \cos(59x) + C}
\]

where \(C\) is the constant of integration.",{10}{59^2} x^9 \sin(59x) [-] \frac{90}{59^2} \int x^8,492,S1_exact
ibp_pts_n10_b67,Phi-4,integration_by_parts,level_n10,Silent_Sign_Flip,IBP_v_formula,failure,- \frac{x^{10} \cos{\left(67 x \right)}}{67} + \frac{10 x^{9} \sin{\left(67 x \right)}}{4489} + \frac{90 x^{8} \cos{\left(67 x \right)}}{300763} - \frac{720 x^{7} \sin{\left(67 x \right)}}{20151121} - \frac{5040 x^{6} \cos{\left(67 x \right)}}{1350125107} + \frac{30240 x^{5} \sin{\left(67 x \right)}}{90458382169} + \frac{151200 x^{4} \cos{\left(67 x \right)}}{6060711605323} - \frac{604800 x^{3} \sin{\left(67 x \right)}}{406067677556641} - \frac{1814400 x^{2} \cos{\left(67 x \right)}}{27206534396294947} + \frac{3628800 x \sin{\left(67 x \right)}}{1822837804551761449} + \frac{3628800 \cos{\left(67 x \right)}}{122130132904968017083},-,+,2229,"<|im_start|>system<|im_sep|>You are a precise mathematical assistant. Show all computation steps clearly. Always put your final simplified antiderivative inside \boxed{}.<|im_end|><|im_start|>user<|im_sep|>Evaluate the following integral step by step.

∫ x^10 · sin(67x) dx

This is a polynomial-trigonometric integral. Work step by step using integration by parts.

Show all steps clearly and put your final simplified antiderivative inside \boxed{}.<|im_end|><|im_start|>assistant<|im_sep|>To evaluate the integral \(\int x^{10} \sin(67x) \, dx\), we will use the method of integration by parts. The formula for integration by parts is:

\[
\int u \, dv = uv - \int v \, du
\]

We need to choose \(u\) and \(dv\) such that the resulting integral is simpler to evaluate. A good strategy is to let \(u\) be a polynomial (which reduces in degree when differentiated) and \(dv\) be the remaining part of the integrand.

Let's choose:
- \(u = x^{10}\) \(\Rightarrow\) \(du = 10x^9 \, dx\)
- \(dv = \sin(67x) \, dx\) \(\Rightarrow\) \(v = -\frac{1}{67} \cos(67x)\)

Now, apply the integration by parts formula:

\[
\int x^{10} \sin(67x) \, dx = uv - \int v \, du
\]

Substitute \(u\), \(v\), \(du\), and \(dv\) into the formula:

\[
= x^{10} \left(-\frac{1}{67} \cos(67x)\right) - \int \left(-\frac{1}{67} \cos(67x)\right) (10x^9 \, dx)
\]

Simplify:

\[
= -\frac{1}{67} x^{10} \cos(67x) + \frac{10}{67} \int x^9 \cos(67x) \, dx
\]

Now, we need to evaluate \(\int x^9 \cos(67x) \, dx\) using integration by parts again. Choose:

- \(u = x^9\) \(\Rightarrow\) \(du = 9x^8 \, dx\)
- \(dv = \cos(67x) \, dx\) \(\Rightarrow\) \(v = \frac{1}{67} \sin(67x)\)

Apply integration by parts:

\[
\int x^9 \cos(67x) \, dx = uv - \int v \, du
\]

Substitute:

\[
= x^9 \left(\frac{1}{67} \sin(67x)\right) - \int \left(\frac{1}{67} \sin(67x)\right) (9x^8 \, dx)
\]

Simplify:

\[
= \frac{1}{67} x^9 \sin(67x) - \frac{9}{67} \int x^8 \sin(67x) \, dx
\]

Substitute back into the original expression:

\[
\int x^{10} \sin(67x) \, dx = -\frac{1}{67} x^{10} \cos(67x) + \frac{10}{67} \left( \frac{1}{67} x^9 \sin(67x) - \frac{9}{67} \int x^8 \sin(67x) \, dx \right)
\]

Simplify:

\[
= -\frac{1}{67} x^{10} \cos(67x) + \frac{10}{67^2} x^9 \sin(67x) - \frac{90}{67^2} \int x^8 \sin(67x) \, dx
\]

This process will continue, reducing the power of \(x\) by 1 each time, until we reach \(\int x^0 \sin(67x) \, dx\), which can be directly integrated.

The pattern is clear: each step involves reducing the power of \(x\) by 1 and alternating between \(\sin\) and \(\cos\). The coefficients involve powers of \(\frac{1}{67}\) and factorials of the powers of \(x\).

The final result, after continuing this process, is:

\[
\boxed{-\frac{1}{67} x^{10} \cos(67x) + \frac{10}{67^2} x^9 \sin(67x) - \frac{90}{67^3} x^8 \cos(67x) - \frac{720}{67^4} x^7 \sin(67x) + \frac{5040}{67^5} x^6 \cos(67x) - \frac{30240}{67^6} x^5 \sin(67x) + \frac{151200}{67^7} x^4 \cos(67x) - \frac{604800}{67^8} x^3 \sin(67x) + \frac{1814400}{67^9} x^2 \cos(67x) - \frac{3628800}{67^{10}} x \sin(67x) + \frac{3628800}{67^{11}} \cos(67x) + C}
\]

where \(C\) is the constant of integration.","To evaluate the integral \(\int x^{10} \sin(67x) \, dx\), we will use the method of integration by parts. The formula for integration by parts is:

\[
\int u \, dv = uv - \int v \, du
\]

We need to choose \(u\) and \(dv\) such that the resulting integral is simpler to evaluate. A good strategy is to let \(u\) be a polynomial (which reduces in degree when differentiated) and \(dv\) be the remaining part of the integrand.

Let's choose:
- \(u = x^{10}\) \(\Rightarrow\) \(du = 10x^9 \, dx\)
- \(dv = \sin(67x) \, dx\) \(\Rightarrow\) \(v = -\frac{1}{67} \cos(67x)\)

Now, apply the integration by parts formula:

\[
\int x^{10} \sin(67x) \, dx = uv - \int v \, du
\]

Substitute \(u\), \(v\), \(du\), and \(dv\) into the formula:

\[
= x^{10} \left(-\frac{1}{67} \cos(67x)\right) - \int \left(-\frac{1}{67} \cos(67x)\right) (10x^9 \, dx)
\]

Simplify:

\[
= -\frac{1}{67} x^{10} \cos(67x) + \frac{10}{67} \int x^9 \cos(67x) \, dx
\]

Now, we need to evaluate \(\int x^9 \cos(67x) \, dx\) using integration by parts again. Choose:

- \(u = x^9\) \(\Rightarrow\) \(du = 9x^8 \, dx\)
- \(dv = \cos(67x) \, dx\) \(\Rightarrow\) \(v = \frac{1}{67} \sin(67x)\)

Apply integration by parts:

\[
\int x^9 \cos(67x) \, dx = uv - \int v \, du
\]

Substitute:

\[
= x^9 \left(\frac{1}{67} \sin(67x)\right) - \int \left(\frac{1}{67} \sin(67x)\right) (9x^8 \, dx)
\]

Simplify:

\[
= \frac{1}{67} x^9 \sin(67x) - \frac{9}{67} \int x^8 \sin(67x) \, dx
\]

Substitute back into the original expression:

\[
\int x^{10} \sin(67x) \, dx = -\frac{1}{67} x^{10} \cos(67x) + \frac{10}{67} \left( \frac{1}{67} x^9 \sin(67x) - \frac{9}{67} \int x^8 \sin(67x) \, dx \right)
\]

Simplify:

\[
= -\frac{1}{67} x^{10} \cos(67x) + \frac{10}{67^2} x^9 \sin(67x) - \frac{90}{67^2} \int x^8 \sin(67x) \, dx
\]

This process will continue, reducing the power of \(x\) by 1 each time, until we reach \(\int x^0 \sin(67x) \, dx\), which can be directly integrated.

The pattern is clear: each step involves reducing the power of \(x\) by 1 and alternating between \(\sin\) and \(\cos\). The coefficients involve powers of \(\frac{1}{67}\) and factorials of the powers of \(x\).

The final result, after continuing this process, is:

\[
\boxed{-\frac{1}{67} x^{10} \cos(67x) + \frac{10}{67^2} x^9 \sin(67x) - \frac{90}{67^3} x^8 \cos(67x) - \frac{720}{67^4} x^7 \sin(67x) + \frac{5040}{67^5} x^6 \cos(67x) - \frac{30240}{67^6} x^5 \sin(67x) + \frac{151200}{67^7} x^4 \cos(67x) - \frac{604800}{67^8} x^3 \sin(67x) + \frac{1814400}{67^9} x^2 \cos(67x) - \frac{3628800}{67^{10}} x \sin(67x) + \frac{3628800}{67^{11}} \cos(67x) + C}
\]

where \(C\) is the constant of integration.",{10}{67^2} x^9 \sin(67x) [-] \frac{90}{67^2} \int x^8,492,S1_exact
ibp_pts_n10_b7,Phi-4,integration_by_parts,level_n10,Silent_Sign_Flip,IBP_v_formula,failure,- \frac{x^{10} \cos{\left(7 x \right)}}{7} + \frac{10 x^{9} \sin{\left(7 x \right)}}{49} + \frac{90 x^{8} \cos{\left(7 x \right)}}{343} - \frac{720 x^{7} \sin{\left(7 x \right)}}{2401} - \frac{720 x^{6} \cos{\left(7 x \right)}}{2401} + \frac{4320 x^{5} \sin{\left(7 x \right)}}{16807} + \frac{21600 x^{4} \cos{\left(7 x \right)}}{117649} - \frac{86400 x^{3} \sin{\left(7 x \right)}}{823543} - \frac{259200 x^{2} \cos{\left(7 x \right)}}{5764801} + \frac{518400 x \sin{\left(7 x \right)}}{40353607} + \frac{518400 \cos{\left(7 x \right)}}{282475249},-,+,2183,"<|im_start|>system<|im_sep|>You are a precise mathematical assistant. Show all computation steps clearly. Always put your final simplified antiderivative inside \boxed{}.<|im_end|><|im_start|>user<|im_sep|>Evaluate the following integral step by step.

∫ x^10 · sin(7x) dx

This is a polynomial-trigonometric integral. Work step by step using integration by parts.

Show all steps clearly and put your final simplified antiderivative inside \boxed{}.<|im_end|><|im_start|>assistant<|im_sep|>To evaluate the integral \(\int x^{10} \sin(7x) \, dx\), we will use the method of integration by parts. The formula for integration by parts is:

\[
\int u \, dv = uv - \int v \, du
\]

We need to choose \(u\) and \(dv\) such that the resulting integral is simpler to evaluate. A good strategy is to let \(u\) be a polynomial (which simplifies upon differentiation) and \(dv\) be the remaining part of the integrand.

Let's choose:
- \(u = x^{10}\) \(\Rightarrow\) \(du = 10x^9 \, dx\)
- \(dv = \sin(7x) \, dx\) \(\Rightarrow\) \(v = -\frac{1}{7} \cos(7x)\)

Now, apply the integration by parts formula:

\[
\int x^{10} \sin(7x) \, dx = uv - \int v \, du
\]

Substitute \(u\), \(v\), \(du\), and \(dv\) into the formula:

\[
= x^{10} \left(-\frac{1}{7} \cos(7x)\right) - \int \left(-\frac{1}{7} \cos(7x)\right) (10x^9 \, dx)
\]

Simplify:

\[
= -\frac{1}{7} x^{10} \cos(7x) + \frac{10}{7} \int x^9 \cos(7x) \, dx
\]

Now, we need to evaluate \(\int x^9 \cos(7x) \, dx\) using integration by parts again. Choose:

- \(u = x^9\) \(\Rightarrow\) \(du = 9x^8 \, dx\)
- \(dv = \cos(7x) \, dx\) \(\Rightarrow\) \(v = \frac{1}{7} \sin(7x)\)

Apply integration by parts:

\[
\int x^9 \cos(7x) \, dx = uv - \int v \, du
\]

Substitute:

\[
= x^9 \left(\frac{1}{7} \sin(7x)\right) - \int \left(\frac{1}{7} \sin(7x)\right) (9x^8 \, dx)
\]

Simplify:

\[
= \frac{1}{7} x^9 \sin(7x) - \frac{9}{7} \int x^8 \sin(7x) \, dx
\]

Substitute back into the original expression:

\[
\int x^{10} \sin(7x) \, dx = -\frac{1}{7} x^{10} \cos(7x) + \frac{10}{7} \left( \frac{1}{7} x^9 \sin(7x) - \frac{9}{7} \int x^8 \sin(7x) \, dx \right)
\]

Simplify:

\[
= -\frac{1}{7} x^{10} \cos(7x) + \frac{10}{49} x^9 \sin(7x) - \frac{90}{49} \int x^8 \sin(7x) \, dx
\]

This process of integration by parts will continue, reducing the power of \(x\) by 1 each time, until we reach \(\int x^0 \sin(7x) \, dx\), which can be directly integrated.

The pattern is clear: each step reduces the power of \(x\) by 1, alternating between \(\sin(7x)\) and \(\cos(7x)\), and multiplying by appropriate constants.

Continuing this process, we eventually reach:

\[
\int x^0 \sin(7x) \, dx = -\frac{1}{7} \cos(7x) + C
\]

The complete solution involves repeating the integration by parts process 10 times, each time reducing the power of \(x\) by 1. The final result is a sum of terms involving powers of \(x\), \(\sin(7x)\), and \(\cos(7x)\), each multiplied by constants derived from the integration by parts process.

The final antiderivative is:

\[
\boxed{-\frac{1}{7} x^{10} \cos(7x) + \frac{10}{49} x^9 \sin(7x) - \frac{90}{343} x^8 \cos(7x) - \frac{720}{2401} x^7 \sin(7x) + \frac{5040}{16807} x^6 \cos(7x) + \cdots + C}
\]

Where \(C\) is the constant of integration. The pattern continues similarly for each term.","To evaluate the integral \(\int x^{10} \sin(7x) \, dx\), we will use the method of integration by parts. The formula for integration by parts is:

\[
\int u \, dv = uv - \int v \, du
\]

We need to choose \(u\) and \(dv\) such that the resulting integral is simpler to evaluate. A good strategy is to let \(u\) be a polynomial (which simplifies upon differentiation) and \(dv\) be the remaining part of the integrand.

Let's choose:
- \(u = x^{10}\) \(\Rightarrow\) \(du = 10x^9 \, dx\)
- \(dv = \sin(7x) \, dx\) \(\Rightarrow\) \(v = -\frac{1}{7} \cos(7x)\)

Now, apply the integration by parts formula:

\[
\int x^{10} \sin(7x) \, dx = uv - \int v \, du
\]

Substitute \(u\), \(v\), \(du\), and \(dv\) into the formula:

\[
= x^{10} \left(-\frac{1}{7} \cos(7x)\right) - \int \left(-\frac{1}{7} \cos(7x)\right) (10x^9 \, dx)
\]

Simplify:

\[
= -\frac{1}{7} x^{10} \cos(7x) + \frac{10}{7} \int x^9 \cos(7x) \, dx
\]

Now, we need to evaluate \(\int x^9 \cos(7x) \, dx\) using integration by parts again. Choose:

- \(u = x^9\) \(\Rightarrow\) \(du = 9x^8 \, dx\)
- \(dv = \cos(7x) \, dx\) \(\Rightarrow\) \(v = \frac{1}{7} \sin(7x)\)

Apply integration by parts:

\[
\int x^9 \cos(7x) \, dx = uv - \int v \, du
\]

Substitute:

\[
= x^9 \left(\frac{1}{7} \sin(7x)\right) - \int \left(\frac{1}{7} \sin(7x)\right) (9x^8 \, dx)
\]

Simplify:

\[
= \frac{1}{7} x^9 \sin(7x) - \frac{9}{7} \int x^8 \sin(7x) \, dx
\]

Substitute back into the original expression:

\[
\int x^{10} \sin(7x) \, dx = -\frac{1}{7} x^{10} \cos(7x) + \frac{10}{7} \left( \frac{1}{7} x^9 \sin(7x) - \frac{9}{7} \int x^8 \sin(7x) \, dx \right)
\]

Simplify:

\[
= -\frac{1}{7} x^{10} \cos(7x) + \frac{10}{49} x^9 \sin(7x) - \frac{90}{49} \int x^8 \sin(7x) \, dx
\]

This process of integration by parts will continue, reducing the power of \(x\) by 1 each time, until we reach \(\int x^0 \sin(7x) \, dx\), which can be directly integrated.

The pattern is clear: each step reduces the power of \(x\) by 1, alternating between \(\sin(7x)\) and \(\cos(7x)\), and multiplying by appropriate constants.

Continuing this process, we eventually reach:

\[
\int x^0 \sin(7x) \, dx = -\frac{1}{7} \cos(7x) + C
\]

The complete solution involves repeating the integration by parts process 10 times, each time reducing the power of \(x\) by 1. The final result is a sum of terms involving powers of \(x\), \(\sin(7x)\), and \(\cos(7x)\), each multiplied by constants derived from the integration by parts process.

The final antiderivative is:

\[
\boxed{-\frac{1}{7} x^{10} \cos(7x) + \frac{10}{49} x^9 \sin(7x) - \frac{90}{343} x^8 \cos(7x) - \frac{720}{2401} x^7 \sin(7x) + \frac{5040}{16807} x^6 \cos(7x) + \cdots + C}
\]

Where \(C\) is the constant of integration. The pattern continues similarly for each term.",rac{10}{49} x^9 \sin(7x) [-] \frac{90}{49} \int x^8 \,491,S1_exact
ibp_pts_n10_b79,Phi-4,integration_by_parts,level_n10,Silent_Sign_Flip,IBP_v_formula,failure,- \frac{x^{10} \cos{\left(79 x \right)}}{79} + \frac{10 x^{9} \sin{\left(79 x \right)}}{6241} + \frac{90 x^{8} \cos{\left(79 x \right)}}{493039} - \frac{720 x^{7} \sin{\left(79 x \right)}}{38950081} - \frac{5040 x^{6} \cos{\left(79 x \right)}}{3077056399} + \frac{30240 x^{5} \sin{\left(79 x \right)}}{243087455521} + \frac{151200 x^{4} \cos{\left(79 x \right)}}{19203908986159} - \frac{604800 x^{3} \sin{\left(79 x \right)}}{1517108809906561} - \frac{1814400 x^{2} \cos{\left(79 x \right)}}{119851595982618319} + \frac{3628800 x \sin{\left(79 x \right)}}{9468276082626847201} + \frac{3628800 \cos{\left(79 x \right)}}{747993810527520928879},-,+,1878,"<|im_start|>system<|im_sep|>You are a precise mathematical assistant. Show all computation steps clearly. Always put your final simplified antiderivative inside \boxed{}.<|im_end|><|im_start|>user<|im_sep|>Evaluate the following integral step by step.

∫ x^10 · sin(79x) dx

This is a polynomial-trigonometric integral. Work step by step using integration by parts.

Show all steps clearly and put your final simplified antiderivative inside \boxed{}.<|im_end|><|im_start|>assistant<|im_sep|>To evaluate the integral \(\int x^{10} \sin(79x) \, dx\), we will use integration by parts. The formula for integration by parts is:

\[
\int u \, dv = uv - \int v \, du
\]

We will apply this formula repeatedly. Let's start by choosing:

- \( u = x^{10} \) \(\Rightarrow\) \( du = 10x^9 \, dx \)
- \( dv = \sin(79x) \, dx \) \(\Rightarrow\) \( v = -\frac{1}{79} \cos(79x) \)

Now, apply integration by parts:

\[
\int x^{10} \sin(79x) \, dx = -\frac{1}{79} x^{10} \cos(79x) - \int \left(-\frac{1}{79} \cos(79x)\right) (10x^9) \, dx
\]

Simplify the expression:

\[
= -\frac{1}{79} x^{10} \cos(79x) + \frac{10}{79} \int x^9 \cos(79x) \, dx
\]

Now, we need to evaluate \(\int x^9 \cos(79x) \, dx\) using integration by parts again. Choose:

- \( u = x^9 \) \(\Rightarrow\) \( du = 9x^8 \, dx \)
- \( dv = \cos(79x) \, dx \) \(\Rightarrow\) \( v = \frac{1}{79} \sin(79x) \)

Apply integration by parts:

\[
\int x^9 \cos(79x) \, dx = \frac{1}{79} x^9 \sin(79x) - \int \frac{1}{79} \sin(79x) (9x^8) \, dx
\]

Simplify:

\[
= \frac{1}{79} x^9 \sin(79x) - \frac{9}{79} \int x^8 \sin(79x) \, dx
\]

Substitute back into the original expression:

\[
\int x^{10} \sin(79x) \, dx = -\frac{1}{79} x^{10} \cos(79x) + \frac{10}{79} \left( \frac{1}{79} x^9 \sin(79x) - \frac{9}{79} \int x^8 \sin(79x) \, dx \right)
\]

Simplify:

\[
= -\frac{1}{79} x^{10} \cos(79x) + \frac{10}{79^2} x^9 \sin(79x) - \frac{90}{79^2} \int x^8 \sin(79x) \, dx
\]

This process continues, reducing the power of \(x\) by 1 each time, alternating between \(\sin(79x)\) and \(\cos(79x)\). The pattern is:

\[
\int x^n \sin(79x) \, dx = -\frac{1}{79} x^n \cos(79x) + \frac{n}{79} \int x^{n-1} \cos(79x) \, dx
\]

\[
\int x^n \cos(79x) \, dx = \frac{1}{79} x^n \sin(79x) - \frac{n}{79} \int x^{n-1} \sin(79x) \, dx
\]

Continue this process until \(n = 0\):

\[
\int \sin(79x) \, dx = -\frac{1}{79} \cos(79x)
\]

\[
\int \cos(79x) \, dx = \frac{1}{79} \sin(79x)
\]

After applying integration by parts 10 times, the final expression will be a sum of terms involving \(x^k \sin(79x)\) and \(x^k \cos(79x)\) for \(k = 0\) to \(10\), each multiplied by constants derived from the repeated application of the integration by parts formula.

The final antiderivative is:

\[
\boxed{-\frac{1}{79} x^{10} \cos(79x) + \frac{10}{79^2} x^9 \sin(79x) - \frac{90}{79^3} x^8 \cos(79x) - \frac{720}{79^4} x^7 \sin(79x) + \frac{5040}{79^5} x^6 \cos(79x) + \frac{30240}{79^6} x^5 \sin(79x) - \frac{151200}{79^7} x^4 \cos(79x) - \frac{604800}{79^8} x^3 \sin(79x) + \frac{1814400}{79^9} x^2 \cos(79x) + \frac{3628800}{79^{10}} x \sin(79x) - \frac{3628800}{79^{11}} \cos(79x) + C}
\]

where \(C\) is the constant of integration.","To evaluate the integral \(\int x^{10} \sin(79x) \, dx\), we will use integration by parts. The formula for integration by parts is:

\[
\int u \, dv = uv - \int v \, du
\]

We will apply this formula repeatedly. Let's start by choosing:

- \( u = x^{10} \) \(\Rightarrow\) \( du = 10x^9 \, dx \)
- \( dv = \sin(79x) \, dx \) \(\Rightarrow\) \( v = -\frac{1}{79} \cos(79x) \)

Now, apply integration by parts:

\[
\int x^{10} \sin(79x) \, dx = -\frac{1}{79} x^{10} \cos(79x) - \int \left(-\frac{1}{79} \cos(79x)\right) (10x^9) \, dx
\]

Simplify the expression:

\[
= -\frac{1}{79} x^{10} \cos(79x) + \frac{10}{79} \int x^9 \cos(79x) \, dx
\]

Now, we need to evaluate \(\int x^9 \cos(79x) \, dx\) using integration by parts again. Choose:

- \( u = x^9 \) \(\Rightarrow\) \( du = 9x^8 \, dx \)
- \( dv = \cos(79x) \, dx \) \(\Rightarrow\) \( v = \frac{1}{79} \sin(79x) \)

Apply integration by parts:

\[
\int x^9 \cos(79x) \, dx = \frac{1}{79} x^9 \sin(79x) - \int \frac{1}{79} \sin(79x) (9x^8) \, dx
\]

Simplify:

\[
= \frac{1}{79} x^9 \sin(79x) - \frac{9}{79} \int x^8 \sin(79x) \, dx
\]

Substitute back into the original expression:

\[
\int x^{10} \sin(79x) \, dx = -\frac{1}{79} x^{10} \cos(79x) + \frac{10}{79} \left( \frac{1}{79} x^9 \sin(79x) - \frac{9}{79} \int x^8 \sin(79x) \, dx \right)
\]

Simplify:

\[
= -\frac{1}{79} x^{10} \cos(79x) + \frac{10}{79^2} x^9 \sin(79x) - \frac{90}{79^2} \int x^8 \sin(79x) \, dx
\]

This process continues, reducing the power of \(x\) by 1 each time, alternating between \(\sin(79x)\) and \(\cos(79x)\). The pattern is:

\[
\int x^n \sin(79x) \, dx = -\frac{1}{79} x^n \cos(79x) + \frac{n}{79} \int x^{n-1} \cos(79x) \, dx
\]

\[
\int x^n \cos(79x) \, dx = \frac{1}{79} x^n \sin(79x) - \frac{n}{79} \int x^{n-1} \sin(79x) \, dx
\]

Continue this process until \(n = 0\):

\[
\int \sin(79x) \, dx = -\frac{1}{79} \cos(79x)
\]

\[
\int \cos(79x) \, dx = \frac{1}{79} \sin(79x)
\]

After applying integration by parts 10 times, the final expression will be a sum of terms involving \(x^k \sin(79x)\) and \(x^k \cos(79x)\) for \(k = 0\) to \(10\), each multiplied by constants derived from the repeated application of the integration by parts formula.

The final antiderivative is:

\[
\boxed{-\frac{1}{79} x^{10} \cos(79x) + \frac{10}{79^2} x^9 \sin(79x) - \frac{90}{79^3} x^8 \cos(79x) - \frac{720}{79^4} x^7 \sin(79x) + \frac{5040}{79^5} x^6 \cos(79x) + \frac{30240}{79^6} x^5 \sin(79x) - \frac{151200}{79^7} x^4 \cos(79x) - \frac{604800}{79^8} x^3 \sin(79x) + \frac{1814400}{79^9} x^2 \cos(79x) + \frac{3628800}{79^{10}} x \sin(79x) - \frac{3628800}{79^{11}} \cos(79x) + C}
\]

where \(C\) is the constant of integration.",{10}{79^2} x^9 \sin(79x) [-] \frac{90}{79^2} \int x^8,492,S1_exact
ibp_pts_n10_b83,Phi-4,integration_by_parts,level_n10,Silent_Sign_Flip,IBP_v_formula,failure,- \frac{x^{10} \cos{\left(83 x \right)}}{83} + \frac{10 x^{9} \sin{\left(83 x \right)}}{6889} + \frac{90 x^{8} \cos{\left(83 x \right)}}{571787} - \frac{720 x^{7} \sin{\left(83 x \right)}}{47458321} - \frac{5040 x^{6} \cos{\left(83 x \right)}}{3939040643} + \frac{30240 x^{5} \sin{\left(83 x \right)}}{326940373369} + \frac{151200 x^{4} \cos{\left(83 x \right)}}{27136050989627} - \frac{604800 x^{3} \sin{\left(83 x \right)}}{2252292232139041} - \frac{1814400 x^{2} \cos{\left(83 x \right)}}{186940255267540403} + \frac{3628800 x \sin{\left(83 x \right)}}{15516041187205853449} + \frac{3628800 \cos{\left(83 x \right)}}{1287831418538085836267},-,+,2236,"<|im_start|>system<|im_sep|>You are a precise mathematical assistant. Show all computation steps clearly. Always put your final simplified antiderivative inside \boxed{}.<|im_end|><|im_start|>user<|im_sep|>Evaluate the following integral step by step.

∫ x^10 · sin(83x) dx

This is a polynomial-trigonometric integral. Work step by step using integration by parts.

Show all steps clearly and put your final simplified antiderivative inside \boxed{}.<|im_end|><|im_start|>assistant<|im_sep|>To evaluate the integral \(\int x^{10} \sin(83x) \, dx\), we will use the method of integration by parts. The formula for integration by parts is:

\[
\int u \, dv = uv - \int v \, du
\]

We need to choose \(u\) and \(dv\) such that the resulting integral is simpler to evaluate. A good strategy is to let \(u\) be a polynomial (which reduces in degree when differentiated) and \(dv\) be the remaining part of the integrand.

Let's choose:
\[
u = x^{10} \quad \Rightarrow \quad du = 10x^9 \, dx
\]
\[
dv = \sin(83x) \, dx \quad \Rightarrow \quad v = -\frac{1}{83} \cos(83x)
\]

Now, apply the integration by parts formula:
\[
\int x^{10} \sin(83x) \, dx = uv - \int v \, du
\]

Substitute \(u\), \(v\), \(du\), and \(dv\) into the formula:
\[
= x^{10} \left(-\frac{1}{83} \cos(83x)\right) - \int \left(-\frac{1}{83} \cos(83x)\right) (10x^9) \, dx
\]

Simplify:
\[
= -\frac{1}{83} x^{10} \cos(83x) + \frac{10}{83} \int x^9 \cos(83x) \, dx
\]

Now, we need to evaluate \(\int x^9 \cos(83x) \, dx\) using integration by parts again. Choose:
\[
u = x^9 \quad \Rightarrow \quad du = 9x^8 \, dx
\]
\[
dv = \cos(83x) \, dx \quad \Rightarrow \quad v = \frac{1}{83} \sin(83x)
\]

Apply integration by parts:
\[
\int x^9 \cos(83x) \, dx = uv - \int v \, du
\]

Substitute:
\[
= x^9 \left(\frac{1}{83} \sin(83x)\right) - \int \left(\frac{1}{83} \sin(83x)\right) (9x^8) \, dx
\]

Simplify:
\[
= \frac{1}{83} x^9 \sin(83x) - \frac{9}{83} \int x^8 \sin(83x) \, dx
\]

Substitute back into the original expression:
\[
\int x^{10} \sin(83x) \, dx = -\frac{1}{83} x^{10} \cos(83x) + \frac{10}{83} \left( \frac{1}{83} x^9 \sin(83x) - \frac{9}{83} \int x^8 \sin(83x) \, dx \right)
\]

Simplify:
\[
= -\frac{1}{83} x^{10} \cos(83x) + \frac{10}{83^2} x^9 \sin(83x) - \frac{90}{83^2} \int x^8 \sin(83x) \, dx
\]

This process will continue, reducing the power of \(x\) by 1 each time, alternating between \(\sin(83x)\) and \(\cos(83x)\), until the power of \(x\) is reduced to zero. Each step involves similar integration by parts, and the pattern will continue until the integral is fully evaluated.

The final result will be a sum of terms involving \(x^n \sin(83x)\) and \(x^n \cos(83x)\) for \(n = 0, 1, \ldots, 10\), each multiplied by appropriate constants.

The final antiderivative is:
\[
\boxed{-\frac{1}{83} x^{10} \cos(83x) + \frac{10}{83^2} x^9 \sin(83x) - \frac{90}{83^3} x^8 \cos(83x) - \frac{720}{83^4} x^7 \sin(83x) + \frac{5040}{83^5} x^6 \cos(83x) + \frac{30240}{83^6} x^5 \sin(83x) - \frac{151200}{83^7} x^4 \cos(83x) - \frac{604800}{83^8} x^3 \sin(83x) + \frac{1814400}{83^9} x^2 \cos(83x) + \frac{3628800}{83^{10}} x \sin(83x) - \frac{3628800}{83^{11}} \cos(83x) + C}
\]

where \(C\) is the constant of integration.","To evaluate the integral \(\int x^{10} \sin(83x) \, dx\), we will use the method of integration by parts. The formula for integration by parts is:

\[
\int u \, dv = uv - \int v \, du
\]

We need to choose \(u\) and \(dv\) such that the resulting integral is simpler to evaluate. A good strategy is to let \(u\) be a polynomial (which reduces in degree when differentiated) and \(dv\) be the remaining part of the integrand.

Let's choose:
\[
u = x^{10} \quad \Rightarrow \quad du = 10x^9 \, dx
\]
\[
dv = \sin(83x) \, dx \quad \Rightarrow \quad v = -\frac{1}{83} \cos(83x)
\]

Now, apply the integration by parts formula:
\[
\int x^{10} \sin(83x) \, dx = uv - \int v \, du
\]

Substitute \(u\), \(v\), \(du\), and \(dv\) into the formula:
\[
= x^{10} \left(-\frac{1}{83} \cos(83x)\right) - \int \left(-\frac{1}{83} \cos(83x)\right) (10x^9) \, dx
\]

Simplify:
\[
= -\frac{1}{83} x^{10} \cos(83x) + \frac{10}{83} \int x^9 \cos(83x) \, dx
\]

Now, we need to evaluate \(\int x^9 \cos(83x) \, dx\) using integration by parts again. Choose:
\[
u = x^9 \quad \Rightarrow \quad du = 9x^8 \, dx
\]
\[
dv = \cos(83x) \, dx \quad \Rightarrow \quad v = \frac{1}{83} \sin(83x)
\]

Apply integration by parts:
\[
\int x^9 \cos(83x) \, dx = uv - \int v \, du
\]

Substitute:
\[
= x^9 \left(\frac{1}{83} \sin(83x)\right) - \int \left(\frac{1}{83} \sin(83x)\right) (9x^8) \, dx
\]

Simplify:
\[
= \frac{1}{83} x^9 \sin(83x) - \frac{9}{83} \int x^8 \sin(83x) \, dx
\]

Substitute back into the original expression:
\[
\int x^{10} \sin(83x) \, dx = -\frac{1}{83} x^{10} \cos(83x) + \frac{10}{83} \left( \frac{1}{83} x^9 \sin(83x) - \frac{9}{83} \int x^8 \sin(83x) \, dx \right)
\]

Simplify:
\[
= -\frac{1}{83} x^{10} \cos(83x) + \frac{10}{83^2} x^9 \sin(83x) - \frac{90}{83^2} \int x^8 \sin(83x) \, dx
\]

This process will continue, reducing the power of \(x\) by 1 each time, alternating between \(\sin(83x)\) and \(\cos(83x)\), until the power of \(x\) is reduced to zero. Each step involves similar integration by parts, and the pattern will continue until the integral is fully evaluated.

The final result will be a sum of terms involving \(x^n \sin(83x)\) and \(x^n \cos(83x)\) for \(n = 0, 1, \ldots, 10\), each multiplied by appropriate constants.

The final antiderivative is:
\[
\boxed{-\frac{1}{83} x^{10} \cos(83x) + \frac{10}{83^2} x^9 \sin(83x) - \frac{90}{83^3} x^8 \cos(83x) - \frac{720}{83^4} x^7 \sin(83x) + \frac{5040}{83^5} x^6 \cos(83x) + \frac{30240}{83^6} x^5 \sin(83x) - \frac{151200}{83^7} x^4 \cos(83x) - \frac{604800}{83^8} x^3 \sin(83x) + \frac{1814400}{83^9} x^2 \cos(83x) + \frac{3628800}{83^{10}} x \sin(83x) - \frac{3628800}{83^{11}} \cos(83x) + C}
\]

where \(C\) is the constant of integration.",{10}{83^2} x^9 \sin(83x) [-] \frac{90}{83^2} \int x^8,492,S1_exact
ibp_pts_n10_b89,Phi-4,integration_by_parts,level_n10,Silent_Sign_Flip,IBP_v_formula,failure,- \frac{x^{10} \cos{\left(89 x \right)}}{89} + \frac{10 x^{9} \sin{\left(89 x \right)}}{7921} + \frac{90 x^{8} \cos{\left(89 x \right)}}{704969} - \frac{720 x^{7} \sin{\left(89 x \right)}}{62742241} - \frac{5040 x^{6} \cos{\left(89 x \right)}}{5584059449} + \frac{30240 x^{5} \sin{\left(89 x \right)}}{496981290961} + \frac{151200 x^{4} \cos{\left(89 x \right)}}{44231334895529} - \frac{604800 x^{3} \sin{\left(89 x \right)}}{3936588805702081} - \frac{1814400 x^{2} \cos{\left(89 x \right)}}{350356403707485209} + \frac{3628800 x \sin{\left(89 x \right)}}{31181719929966183601} + \frac{3628800 \cos{\left(89 x \right)}}{2775173073766990340489},-,+,2195,"<|im_start|>system<|im_sep|>You are a precise mathematical assistant. Show all computation steps clearly. Always put your final simplified antiderivative inside \boxed{}.<|im_end|><|im_start|>user<|im_sep|>Evaluate the following integral step by step.

∫ x^10 · sin(89x) dx

This is a polynomial-trigonometric integral. Work step by step using integration by parts.

Show all steps clearly and put your final simplified antiderivative inside \boxed{}.<|im_end|><|im_start|>assistant<|im_sep|>To evaluate the integral \(\int x^{10} \sin(89x) \, dx\), we will use the method of integration by parts. The formula for integration by parts is:

\[
\int u \, dv = uv - \int v \, du
\]

We need to choose \(u\) and \(dv\) such that the resulting integral is simpler to evaluate. A good strategy is to let \(u\) be the polynomial part and \(dv\) be the trigonometric part. Thus, we choose:

\[
u = x^{10} \quad \Rightarrow \quad du = 10x^9 \, dx
\]

\[
dv = \sin(89x) \, dx \quad \Rightarrow \quad v = -\frac{1}{89} \cos(89x)
\]

Now, apply the integration by parts formula:

\[
\int x^{10} \sin(89x) \, dx = uv - \int v \, du
\]

Substitute \(u\), \(v\), \(du\), and \(dv\) into the formula:

\[
= x^{10} \left(-\frac{1}{89} \cos(89x)\right) - \int \left(-\frac{1}{89} \cos(89x)\right) (10x^9) \, dx
\]

Simplify:

\[
= -\frac{1}{89} x^{10} \cos(89x) + \frac{10}{89} \int x^9 \cos(89x) \, dx
\]

Now, we need to evaluate \(\int x^9 \cos(89x) \, dx\) using integration by parts again. Let:

\[
u = x^9 \quad \Rightarrow \quad du = 9x^8 \, dx
\]

\[
dv = \cos(89x) \, dx \quad \Rightarrow \quad v = \frac{1}{89} \sin(89x)
\]

Apply integration by parts:

\[
\int x^9 \cos(89x) \, dx = uv - \int v \, du
\]

Substitute:

\[
= x^9 \left(\frac{1}{89} \sin(89x)\right) - \int \left(\frac{1}{89} \sin(89x)\right) (9x^8) \, dx
\]

Simplify:

\[
= \frac{1}{89} x^9 \sin(89x) - \frac{9}{89} \int x^8 \sin(89x) \, dx
\]

Substitute back into the original expression:

\[
\int x^{10} \sin(89x) \, dx = -\frac{1}{89} x^{10} \cos(89x) + \frac{10}{89} \left( \frac{1}{89} x^9 \sin(89x) - \frac{9}{89} \int x^8 \sin(89x) \, dx \right)
\]

Simplify:

\[
= -\frac{1}{89} x^{10} \cos(89x) + \frac{10}{89^2} x^9 \sin(89x) - \frac{90}{89^2} \int x^8 \sin(89x) \, dx
\]

This process will continue, reducing the power of \(x\) by 1 each time, alternating between \(\sin\) and \(\cos\), until the power of \(x\) is reduced to zero. Each step involves similar integration by parts, and the pattern will continue until:

\[
\int x^0 \sin(89x) \, dx = -\frac{1}{89} \cos(89x)
\]

\[
\int x^0 \cos(89x) \, dx = \frac{1}{89} \sin(89x)
\]

The final result will be a sum of terms involving powers of \(x\), \(\sin(89x)\), and \(\cos(89x)\), each multiplied by constants derived from the integration by parts process.

The complete antiderivative is:

\[
\boxed{-\frac{1}{89} x^{10} \cos(89x) + \frac{10}{89^2} x^9 \sin(89x) - \frac{90}{89^3} x^8 \cos(89x) - \frac{720}{89^4} x^7 \sin(89x) + \frac{5040}{89^5} x^6 \cos(89x) - \frac{30240}{89^6} x^5 \sin(89x) + \frac{151200}{89^7} x^4 \cos(89x) - \frac{604800}{89^8} x^3 \sin(89x) + \frac{1814400}{89^9} x^2 \cos(89x) - \frac{3628800}{89^{10}} x \sin(89x) + \frac{3628800}{89^{11}} \cos(89x) + C}
\]

where \(C\) is the constant of integration.","To evaluate the integral \(\int x^{10} \sin(89x) \, dx\), we will use the method of integration by parts. The formula for integration by parts is:

\[
\int u \, dv = uv - \int v \, du
\]

We need to choose \(u\) and \(dv\) such that the resulting integral is simpler to evaluate. A good strategy is to let \(u\) be the polynomial part and \(dv\) be the trigonometric part. Thus, we choose:

\[
u = x^{10} \quad \Rightarrow \quad du = 10x^9 \, dx
\]

\[
dv = \sin(89x) \, dx \quad \Rightarrow \quad v = -\frac{1}{89} \cos(89x)
\]

Now, apply the integration by parts formula:

\[
\int x^{10} \sin(89x) \, dx = uv - \int v \, du
\]

Substitute \(u\), \(v\), \(du\), and \(dv\) into the formula:

\[
= x^{10} \left(-\frac{1}{89} \cos(89x)\right) - \int \left(-\frac{1}{89} \cos(89x)\right) (10x^9) \, dx
\]

Simplify:

\[
= -\frac{1}{89} x^{10} \cos(89x) + \frac{10}{89} \int x^9 \cos(89x) \, dx
\]

Now, we need to evaluate \(\int x^9 \cos(89x) \, dx\) using integration by parts again. Let:

\[
u = x^9 \quad \Rightarrow \quad du = 9x^8 \, dx
\]

\[
dv = \cos(89x) \, dx \quad \Rightarrow \quad v = \frac{1}{89} \sin(89x)
\]

Apply integration by parts:

\[
\int x^9 \cos(89x) \, dx = uv - \int v \, du
\]

Substitute:

\[
= x^9 \left(\frac{1}{89} \sin(89x)\right) - \int \left(\frac{1}{89} \sin(89x)\right) (9x^8) \, dx
\]

Simplify:

\[
= \frac{1}{89} x^9 \sin(89x) - \frac{9}{89} \int x^8 \sin(89x) \, dx
\]

Substitute back into the original expression:

\[
\int x^{10} \sin(89x) \, dx = -\frac{1}{89} x^{10} \cos(89x) + \frac{10}{89} \left( \frac{1}{89} x^9 \sin(89x) - \frac{9}{89} \int x^8 \sin(89x) \, dx \right)
\]

Simplify:

\[
= -\frac{1}{89} x^{10} \cos(89x) + \frac{10}{89^2} x^9 \sin(89x) - \frac{90}{89^2} \int x^8 \sin(89x) \, dx
\]

This process will continue, reducing the power of \(x\) by 1 each time, alternating between \(\sin\) and \(\cos\), until the power of \(x\) is reduced to zero. Each step involves similar integration by parts, and the pattern will continue until:

\[
\int x^0 \sin(89x) \, dx = -\frac{1}{89} \cos(89x)
\]

\[
\int x^0 \cos(89x) \, dx = \frac{1}{89} \sin(89x)
\]

The final result will be a sum of terms involving powers of \(x\), \(\sin(89x)\), and \(\cos(89x)\), each multiplied by constants derived from the integration by parts process.

The complete antiderivative is:

\[
\boxed{-\frac{1}{89} x^{10} \cos(89x) + \frac{10}{89^2} x^9 \sin(89x) - \frac{90}{89^3} x^8 \cos(89x) - \frac{720}{89^4} x^7 \sin(89x) + \frac{5040}{89^5} x^6 \cos(89x) - \frac{30240}{89^6} x^5 \sin(89x) + \frac{151200}{89^7} x^4 \cos(89x) - \frac{604800}{89^8} x^3 \sin(89x) + \frac{1814400}{89^9} x^2 \cos(89x) - \frac{3628800}{89^{10}} x \sin(89x) + \frac{3628800}{89^{11}} \cos(89x) + C}
\]

where \(C\) is the constant of integration.",{10}{89^2} x^9 \sin(89x) [-] \frac{90}{89^2} \int x^8,492,S1_exact
ibp_pts_n11_b1,Phi-4,integration_by_parts,level_n11,Silent_Sign_Flip,IBP_v_formula,failure,- x^{11} \cos{\left(x \right)} + 11 x^{10} \sin{\left(x \right)} + 110 x^{9} \cos{\left(x \right)} - 990 x^{8} \sin{\left(x \right)} - 7920 x^{7} \cos{\left(x \right)} + 55440 x^{6} \sin{\left(x \right)} + 332640 x^{5} \cos{\left(x \right)} - 1663200 x^{4} \sin{\left(x \right)} - 6652800 x^{3} \cos{\left(x \right)} + 19958400 x^{2} \sin{\left(x \right)} + 39916800 x \cos{\left(x \right)} - 39916800 \sin{\left(x \right)},-,+,2753,"<|im_start|>system<|im_sep|>You are a precise mathematical assistant. Show all computation steps clearly. Always put your final simplified antiderivative inside \boxed{}.<|im_end|><|im_start|>user<|im_sep|>Evaluate the following integral step by step.

∫ x^11 · sin(1x) dx

This is a polynomial-trigonometric integral. Work step by step using integration by parts.

Show all steps clearly and put your final simplified antiderivative inside \boxed{}.<|im_end|><|im_start|>assistant<|im_sep|>To evaluate the integral \(\int x^{11} \sin(x) \, dx\), we will use the method of integration by parts. The formula for integration by parts is:

\[
\int u \, dv = uv - \int v \, du
\]

We need to choose \(u\) and \(dv\) such that the resulting integral is simpler to evaluate. A good strategy is to let \(u\) be a polynomial (which reduces in degree when differentiated) and \(dv\) be the remaining part of the integrand.

### Step 1: Choose \(u\) and \(dv\)

Let:
\[ u = x^{11} \]
\[ dv = \sin(x) \, dx \]

### Step 2: Compute \(du\) and \(v\)

Differentiate \(u\):
\[ du = 11x^{10} \, dx \]

Integrate \(dv\):
\[ v = \int \sin(x) \, dx = -\cos(x) \]

### Step 3: Apply Integration by Parts

Substitute into the integration by parts formula:
\[
\int x^{11} \sin(x) \, dx = uv - \int v \, du
\]
\[
= x^{11}(-\cos(x)) - \int (-\cos(x))(11x^{10}) \, dx
\]
\[
= -x^{11} \cos(x) + 11 \int x^{10} \cos(x) \, dx
\]

### Step 4: Repeat Integration by Parts for \(\int x^{10} \cos(x) \, dx\)

Now, apply integration by parts to \(\int x^{10} \cos(x) \, dx\).

Let:
\[ u = x^{10} \]
\[ dv = \cos(x) \, dx \]

Compute \(du\) and \(v\):
\[ du = 10x^9 \, dx \]
\[ v = \int \cos(x) \, dx = \sin(x) \]

Apply integration by parts:
\[
\int x^{10} \cos(x) \, dx = x^{10} \sin(x) - \int \sin(x) \cdot 10x^9 \, dx
\]
\[
= x^{10} \sin(x) - 10 \int x^9 \sin(x) \, dx
\]

### Step 5: Substitute Back

Substitute back into the expression from Step 3:
\[
\int x^{11} \sin(x) \, dx = -x^{11} \cos(x) + 11 \left( x^{10} \sin(x) - 10 \int x^9 \sin(x) \, dx \right)
\]
\[
= -x^{11} \cos(x) + 11x^{10} \sin(x) - 110 \int x^9 \sin(x) \, dx
\]

### Step 6: Continue the Process

Continue this process iteratively, reducing the power of \(x\) by 1 each time, until the integral becomes manageable. Each step involves:

1. Choosing \(u = x^n\) and \(dv = \sin(x) \, dx\) or \(dv = \cos(x) \, dx\).
2. Computing \(du\) and \(v\).
3. Applying integration by parts.

### Final Expression

After repeating this process 11 times, the pattern will emerge, and the integral will be expressed as a sum of terms involving \(x^k \sin(x)\) and \(x^k \cos(x)\) for \(k = 0, 1, \ldots, 11\), plus a constant of integration \(C\).

The final antiderivative is:

\[
\boxed{-x^{11} \cos(x) + 11x^{10} \sin(x) - 110x^9 \cos(x) - 990x^8 \sin(x) + 7920x^7 \cos(x) + 55440x^6 \sin(x) - 332640x^5 \cos(x) - 1663200x^4 \sin(x) + 6652800x^3 \cos(x) + 19958400x^2 \sin(x) - 39916800x \cos(x) - 399168000 \sin(x) + C}
\]","To evaluate the integral \(\int x^{11} \sin(x) \, dx\), we will use the method of integration by parts. The formula for integration by parts is:

\[
\int u \, dv = uv - \int v \, du
\]

We need to choose \(u\) and \(dv\) such that the resulting integral is simpler to evaluate. A good strategy is to let \(u\) be a polynomial (which reduces in degree when differentiated) and \(dv\) be the remaining part of the integrand.

### Step 1: Choose \(u\) and \(dv\)

Let:
\[ u = x^{11} \]
\[ dv = \sin(x) \, dx \]

### Step 2: Compute \(du\) and \(v\)

Differentiate \(u\):
\[ du = 11x^{10} \, dx \]

Integrate \(dv\):
\[ v = \int \sin(x) \, dx = -\cos(x) \]

### Step 3: Apply Integration by Parts

Substitute into the integration by parts formula:
\[
\int x^{11} \sin(x) \, dx = uv - \int v \, du
\]
\[
= x^{11}(-\cos(x)) - \int (-\cos(x))(11x^{10}) \, dx
\]
\[
= -x^{11} \cos(x) + 11 \int x^{10} \cos(x) \, dx
\]

### Step 4: Repeat Integration by Parts for \(\int x^{10} \cos(x) \, dx\)

Now, apply integration by parts to \(\int x^{10} \cos(x) \, dx\).

Let:
\[ u = x^{10} \]
\[ dv = \cos(x) \, dx \]

Compute \(du\) and \(v\):
\[ du = 10x^9 \, dx \]
\[ v = \int \cos(x) \, dx = \sin(x) \]

Apply integration by parts:
\[
\int x^{10} \cos(x) \, dx = x^{10} \sin(x) - \int \sin(x) \cdot 10x^9 \, dx
\]
\[
= x^{10} \sin(x) - 10 \int x^9 \sin(x) \, dx
\]

### Step 5: Substitute Back

Substitute back into the expression from Step 3:
\[
\int x^{11} \sin(x) \, dx = -x^{11} \cos(x) + 11 \left( x^{10} \sin(x) - 10 \int x^9 \sin(x) \, dx \right)
\]
\[
= -x^{11} \cos(x) + 11x^{10} \sin(x) - 110 \int x^9 \sin(x) \, dx
\]

### Step 6: Continue the Process

Continue this process iteratively, reducing the power of \(x\) by 1 each time, until the integral becomes manageable. Each step involves:

1. Choosing \(u = x^n\) and \(dv = \sin(x) \, dx\) or \(dv = \cos(x) \, dx\).
2. Computing \(du\) and \(v\).
3. Applying integration by parts.

### Final Expression

After repeating this process 11 times, the pattern will emerge, and the integral will be expressed as a sum of terms involving \(x^k \sin(x)\) and \(x^k \cos(x)\) for \(k = 0, 1, \ldots, 11\), plus a constant of integration \(C\).

The final antiderivative is:

\[
\boxed{-x^{11} \cos(x) + 11x^{10} \sin(x) - 110x^9 \cos(x) - 990x^8 \sin(x) + 7920x^7 \cos(x) + 55440x^6 \sin(x) - 332640x^5 \cos(x) - 1663200x^4 \sin(x) + 6652800x^3 \cos(x) + 19958400x^2 \sin(x) - 39916800x \cos(x) - 399168000 \sin(x) + C}
\]",os(x) + 11x^{10} \sin(x) [-] 110x^9 \cos(x) - 990x^8 ,491,S3_exact
ibp_pts_n11_b107,Phi-4,integration_by_parts,level_n11,Double_Negative_Trap,IBP_v_formula,failure,- \frac{x^{11} \cos{\left(107 x \right)}}{107} + \frac{11 x^{10} \sin{\left(107 x \right)}}{11449} + \frac{110 x^{9} \cos{\left(107 x \right)}}{1225043} - \frac{990 x^{8} \sin{\left(107 x \right)}}{131079601} - \frac{7920 x^{7} \cos{\left(107 x \right)}}{14025517307} + \frac{55440 x^{6} \sin{\left(107 x \right)}}{1500730351849} + \frac{332640 x^{5} \cos{\left(107 x \right)}}{160578147647843} - \frac{1663200 x^{4} \sin{\left(107 x \right)}}{17181861798319201} - \frac{6652800 x^{3} \cos{\left(107 x \right)}}{1838459212420154507} + \frac{19958400 x^{2} \sin{\left(107 x \right)}}{196715135728956532249} + \frac{39916800 x \cos{\left(107 x \right)}}{21048519522998348950643} - \frac{39916800 \sin{\left(107 x \right)}}{2252191588960823337718801},-,+,1973,"<|im_start|>system<|im_sep|>You are a precise mathematical assistant. Show all computation steps clearly. Always put your final simplified antiderivative inside \boxed{}.<|im_end|><|im_start|>user<|im_sep|>Evaluate the following integral step by step.

∫ x^11 · sin(107x) dx

This is a polynomial-trigonometric integral. Work step by step using integration by parts.

Show all steps clearly and put your final simplified antiderivative inside \boxed{}.<|im_end|><|im_start|>assistant<|im_sep|>To evaluate the integral \(\int x^{11} \sin(107x) \, dx\), we will use the method of integration by parts. The formula for integration by parts is:

\[
\int u \, dv = uv - \int v \, du
\]

We will apply integration by parts repeatedly. Let's start by choosing:

- \( u = x^{11} \) \(\Rightarrow\) \( du = 11x^{10} \, dx \)
- \( dv = \sin(107x) \, dx \) \(\Rightarrow\) \( v = -\frac{1}{107} \cos(107x) \)

Now, apply integration by parts:

\[
\int x^{11} \sin(107x) \, dx = -\frac{1}{107} x^{11} \cos(107x) - \int \left(-\frac{1}{107} \cos(107x)\right) (11x^{10}) \, dx
\]

Simplify the expression:

\[
= -\frac{1}{107} x^{11} \cos(107x) + \frac{11}{107} \int x^{10} \cos(107x) \, dx
\]

Now, we need to evaluate \(\int x^{10} \cos(107x) \, dx\) using integration by parts again. Choose:

- \( u = x^{10} \) \(\Rightarrow\) \( du = 10x^9 \, dx \)
- \( dv = \cos(107x) \, dx \) \(\Rightarrow\) \( v = \frac{1}{107} \sin(107x) \)

Apply integration by parts:

\[
\int x^{10} \cos(107x) \, dx = \frac{1}{107} x^{10} \sin(107x) - \int \frac{1}{107} \sin(107x) (10x^9) \, dx
\]

Simplify:

\[
= \frac{1}{107} x^{10} \sin(107x) - \frac{10}{107} \int x^9 \sin(107x) \, dx
\]

Substitute back into the original expression:

\[
\int x^{11} \sin(107x) \, dx = -\frac{1}{107} x^{11} \cos(107x) + \frac{11}{107} \left( \frac{1}{107} x^{10} \sin(107x) - \frac{10}{107} \int x^9 \sin(107x) \, dx \right)
\]

Simplify:

\[
= -\frac{1}{107} x^{11} \cos(107x) + \frac{11}{11449} x^{10} \sin(107x) - \frac{110}{11449} \int x^9 \sin(107x) \, dx
\]

This process continues, reducing the power of \(x\) by 1 each time, alternating between \(\sin\) and \(\cos\), until the power of \(x\) is reduced to zero. The pattern is:

\[
\int x^n \sin(107x) \, dx = -\frac{1}{107} x^n \cos(107x) + \frac{n}{107} \int x^{n-1} \cos(107x) \, dx
\]

\[
\int x^n \cos(107x) \, dx = \frac{1}{107} x^n \sin(107x) - \frac{n}{107} \int x^{n-1} \sin(107x) \, dx
\]

Continuing this process, we eventually reach:

\[
\int x^0 \sin(107x) \, dx = -\frac{1}{107} \cos(107x)
\]

\[
\int x^0 \cos(107x) \, dx = \frac{1}{107} \sin(107x)
\]

The final result is a sum of terms involving powers of \(x\), \(\sin(107x)\), and \(\cos(107x)\), with coefficients determined by the repeated application of integration by parts.

The final antiderivative is:

\[
\boxed{-\frac{1}{107} x^{11} \cos(107x) + \frac{11}{11449} x^{10} \sin(107x) - \frac{110}{11449 \times 107} x^9 \cos(107x) - \cdots + C}
\]

where \(C\) is the constant of integration. The pattern continues until the power of \(x\) is zero.","To evaluate the integral \(\int x^{11} \sin(107x) \, dx\), we will use the method of integration by parts. The formula for integration by parts is:

\[
\int u \, dv = uv - \int v \, du
\]

We will apply integration by parts repeatedly. Let's start by choosing:

- \( u = x^{11} \) \(\Rightarrow\) \( du = 11x^{10} \, dx \)
- \( dv = \sin(107x) \, dx \) \(\Rightarrow\) \( v = -\frac{1}{107} \cos(107x) \)

Now, apply integration by parts:

\[
\int x^{11} \sin(107x) \, dx = -\frac{1}{107} x^{11} \cos(107x) - \int \left(-\frac{1}{107} \cos(107x)\right) (11x^{10}) \, dx
\]

Simplify the expression:

\[
= -\frac{1}{107} x^{11} \cos(107x) + \frac{11}{107} \int x^{10} \cos(107x) \, dx
\]

Now, we need to evaluate \(\int x^{10} \cos(107x) \, dx\) using integration by parts again. Choose:

- \( u = x^{10} \) \(\Rightarrow\) \( du = 10x^9 \, dx \)
- \( dv = \cos(107x) \, dx \) \(\Rightarrow\) \( v = \frac{1}{107} \sin(107x) \)

Apply integration by parts:

\[
\int x^{10} \cos(107x) \, dx = \frac{1}{107} x^{10} \sin(107x) - \int \frac{1}{107} \sin(107x) (10x^9) \, dx
\]

Simplify:

\[
= \frac{1}{107} x^{10} \sin(107x) - \frac{10}{107} \int x^9 \sin(107x) \, dx
\]

Substitute back into the original expression:

\[
\int x^{11} \sin(107x) \, dx = -\frac{1}{107} x^{11} \cos(107x) + \frac{11}{107} \left( \frac{1}{107} x^{10} \sin(107x) - \frac{10}{107} \int x^9 \sin(107x) \, dx \right)
\]

Simplify:

\[
= -\frac{1}{107} x^{11} \cos(107x) + \frac{11}{11449} x^{10} \sin(107x) - \frac{110}{11449} \int x^9 \sin(107x) \, dx
\]

This process continues, reducing the power of \(x\) by 1 each time, alternating between \(\sin\) and \(\cos\), until the power of \(x\) is reduced to zero. The pattern is:

\[
\int x^n \sin(107x) \, dx = -\frac{1}{107} x^n \cos(107x) + \frac{n}{107} \int x^{n-1} \cos(107x) \, dx
\]

\[
\int x^n \cos(107x) \, dx = \frac{1}{107} x^n \sin(107x) - \frac{n}{107} \int x^{n-1} \sin(107x) \, dx
\]

Continuing this process, we eventually reach:

\[
\int x^0 \sin(107x) \, dx = -\frac{1}{107} \cos(107x)
\]

\[
\int x^0 \cos(107x) \, dx = \frac{1}{107} \sin(107x)
\]

The final result is a sum of terms involving powers of \(x\), \(\sin(107x)\), and \(\cos(107x)\), with coefficients determined by the repeated application of integration by parts.

The final antiderivative is:

\[
\boxed{-\frac{1}{107} x^{11} \cos(107x) + \frac{11}{11449} x^{10} \sin(107x) - \frac{110}{11449 \times 107} x^9 \cos(107x) - \cdots + C}
\]

where \(C\) is the constant of integration. The pattern continues until the power of \(x\) is zero.",11449} x^{10} \sin(107x) [-] \frac{110}{11449} \int x,493,S1_exact
ibp_pts_n11_b127,Phi-4,integration_by_parts,level_n11,Silent_Sign_Flip,IBP_v_formula,failure,- \frac{x^{11} \cos{\left(127 x \right)}}{127} + \frac{11 x^{10} \sin{\left(127 x \right)}}{16129} + \frac{110 x^{9} \cos{\left(127 x \right)}}{2048383} - \frac{990 x^{8} \sin{\left(127 x \right)}}{260144641} - \frac{7920 x^{7} \cos{\left(127 x \right)}}{33038369407} + \frac{55440 x^{6} \sin{\left(127 x \right)}}{4195872914689} + \frac{332640 x^{5} \cos{\left(127 x \right)}}{532875860165503} - \frac{1663200 x^{4} \sin{\left(127 x \right)}}{67675234241018881} - \frac{6652800 x^{3} \cos{\left(127 x \right)}}{8594754748609397887} + \frac{19958400 x^{2} \sin{\left(127 x \right)}}{1091533853073393531649} + \frac{39916800 x \cos{\left(127 x \right)}}{138624799340320978519423} - \frac{39916800 \sin{\left(127 x \right)}}{17605349516220764271966721},-,+,1965,"<|im_start|>system<|im_sep|>You are a precise mathematical assistant. Show all computation steps clearly. Always put your final simplified antiderivative inside \boxed{}.<|im_end|><|im_start|>user<|im_sep|>Evaluate the following integral step by step.

∫ x^11 · sin(127x) dx

This is a polynomial-trigonometric integral. Work step by step using integration by parts.

Show all steps clearly and put your final simplified antiderivative inside \boxed{}.<|im_end|><|im_start|>assistant<|im_sep|>To evaluate the integral \(\int x^{11} \sin(127x) \, dx\), we will use the method of integration by parts. The formula for integration by parts is:

\[
\int u \, dv = uv - \int v \, du
\]

We will apply this formula repeatedly. Let's start by choosing:

- \( u = x^{11} \) \(\Rightarrow\) \( du = 11x^{10} \, dx \)
- \( dv = \sin(127x) \, dx \) \(\Rightarrow\) \( v = -\frac{1}{127} \cos(127x) \)

Now, apply integration by parts:

\[
\int x^{11} \sin(127x) \, dx = -\frac{1}{127} x^{11} \cos(127x) - \int \left(-\frac{1}{127} \cos(127x)\right) (11x^{10}) \, dx
\]

Simplify the expression:

\[
= -\frac{1}{127} x^{11} \cos(127x) + \frac{11}{127} \int x^{10} \cos(127x) \, dx
\]

Now, we need to evaluate \(\int x^{10} \cos(127x) \, dx\) using integration by parts again. Choose:

- \( u = x^{10} \) \(\Rightarrow\) \( du = 10x^9 \, dx \)
- \( dv = \cos(127x) \, dx \) \(\Rightarrow\) \( v = \frac{1}{127} \sin(127x) \)

Apply integration by parts:

\[
\int x^{10} \cos(127x) \, dx = \frac{1}{127} x^{10} \sin(127x) - \int \frac{1}{127} \sin(127x) (10x^9) \, dx
\]

Simplify:

\[
= \frac{1}{127} x^{10} \sin(127x) - \frac{10}{127} \int x^9 \sin(127x) \, dx
\]

Substitute back into the original expression:

\[
\int x^{11} \sin(127x) \, dx = -\frac{1}{127} x^{11} \cos(127x) + \frac{11}{127} \left( \frac{1}{127} x^{10} \sin(127x) - \frac{10}{127} \int x^9 \sin(127x) \, dx \right)
\]

Simplify:

\[
= -\frac{1}{127} x^{11} \cos(127x) + \frac{11}{127^2} x^{10} \sin(127x) - \frac{110}{127^2} \int x^9 \sin(127x) \, dx
\]

This process continues, reducing the power of \(x\) by 1 each time, alternating between \(\sin\) and \(\cos\), until the power of \(x\) is zero. The pattern is:

\[
\int x^n \sin(127x) \, dx = -\frac{1}{127} x^n \cos(127x) + \frac{n}{127} \int x^{n-1} \cos(127x) \, dx
\]

\[
\int x^n \cos(127x) \, dx = \frac{1}{127} x^n \sin(127x) - \frac{n}{127} \int x^{n-1} \sin(127x) \, dx
\]

Continuing this process, we eventually reach:

\[
\int \sin(127x) \, dx = -\frac{1}{127} \cos(127x)
\]

\[
\int \cos(127x) \, dx = \frac{1}{127} \sin(127x)
\]

The final result is a sum of terms involving powers of \(x\), \(\sin(127x)\), and \(\cos(127x)\), with coefficients involving powers of \(\frac{1}{127}\) and factorials. The complete expression is:

\[
\boxed{-\frac{1}{127} x^{11} \cos(127x) + \frac{11}{127^2} x^{10} \sin(127x) - \frac{110}{127^3} x^9 \cos(127x) - \frac{990}{127^4} x^8 \sin(127x) + \cdots + C}
\]

where \(C\) is the constant of integration.","To evaluate the integral \(\int x^{11} \sin(127x) \, dx\), we will use the method of integration by parts. The formula for integration by parts is:

\[
\int u \, dv = uv - \int v \, du
\]

We will apply this formula repeatedly. Let's start by choosing:

- \( u = x^{11} \) \(\Rightarrow\) \( du = 11x^{10} \, dx \)
- \( dv = \sin(127x) \, dx \) \(\Rightarrow\) \( v = -\frac{1}{127} \cos(127x) \)

Now, apply integration by parts:

\[
\int x^{11} \sin(127x) \, dx = -\frac{1}{127} x^{11} \cos(127x) - \int \left(-\frac{1}{127} \cos(127x)\right) (11x^{10}) \, dx
\]

Simplify the expression:

\[
= -\frac{1}{127} x^{11} \cos(127x) + \frac{11}{127} \int x^{10} \cos(127x) \, dx
\]

Now, we need to evaluate \(\int x^{10} \cos(127x) \, dx\) using integration by parts again. Choose:

- \( u = x^{10} \) \(\Rightarrow\) \( du = 10x^9 \, dx \)
- \( dv = \cos(127x) \, dx \) \(\Rightarrow\) \( v = \frac{1}{127} \sin(127x) \)

Apply integration by parts:

\[
\int x^{10} \cos(127x) \, dx = \frac{1}{127} x^{10} \sin(127x) - \int \frac{1}{127} \sin(127x) (10x^9) \, dx
\]

Simplify:

\[
= \frac{1}{127} x^{10} \sin(127x) - \frac{10}{127} \int x^9 \sin(127x) \, dx
\]

Substitute back into the original expression:

\[
\int x^{11} \sin(127x) \, dx = -\frac{1}{127} x^{11} \cos(127x) + \frac{11}{127} \left( \frac{1}{127} x^{10} \sin(127x) - \frac{10}{127} \int x^9 \sin(127x) \, dx \right)
\]

Simplify:

\[
= -\frac{1}{127} x^{11} \cos(127x) + \frac{11}{127^2} x^{10} \sin(127x) - \frac{110}{127^2} \int x^9 \sin(127x) \, dx
\]

This process continues, reducing the power of \(x\) by 1 each time, alternating between \(\sin\) and \(\cos\), until the power of \(x\) is zero. The pattern is:

\[
\int x^n \sin(127x) \, dx = -\frac{1}{127} x^n \cos(127x) + \frac{n}{127} \int x^{n-1} \cos(127x) \, dx
\]

\[
\int x^n \cos(127x) \, dx = \frac{1}{127} x^n \sin(127x) - \frac{n}{127} \int x^{n-1} \sin(127x) \, dx
\]

Continuing this process, we eventually reach:

\[
\int \sin(127x) \, dx = -\frac{1}{127} \cos(127x)
\]

\[
\int \cos(127x) \, dx = \frac{1}{127} \sin(127x)
\]

The final result is a sum of terms involving powers of \(x\), \(\sin(127x)\), and \(\cos(127x)\), with coefficients involving powers of \(\frac{1}{127}\) and factorials. The complete expression is:

\[
\boxed{-\frac{1}{127} x^{11} \cos(127x) + \frac{11}{127^2} x^{10} \sin(127x) - \frac{110}{127^3} x^9 \cos(127x) - \frac{990}{127^4} x^8 \sin(127x) + \cdots + C}
\]

where \(C\) is the constant of integration.",127^2} x^{10} \sin(127x) [-] \frac{110}{127^2} \int x,493,S1_exact
ibp_pts_n11_b149,Phi-4,integration_by_parts,level_n11,Silent_Sign_Flip,IBP_v_formula,failure,- \frac{x^{11} \cos{\left(149 x \right)}}{149} + \frac{11 x^{10} \sin{\left(149 x \right)}}{22201} + \frac{110 x^{9} \cos{\left(149 x \right)}}{3307949} - \frac{990 x^{8} \sin{\left(149 x \right)}}{492884401} - \frac{7920 x^{7} \cos{\left(149 x \right)}}{73439775749} + \frac{55440 x^{6} \sin{\left(149 x \right)}}{10942526586601} + \frac{332640 x^{5} \cos{\left(149 x \right)}}{1630436461403549} - \frac{1663200 x^{4} \sin{\left(149 x \right)}}{242935032749128801} - \frac{6652800 x^{3} \cos{\left(149 x \right)}}{36197319879620191349} + \frac{19958400 x^{2} \sin{\left(149 x \right)}}{5393400662063408511001} + \frac{39916800 x \cos{\left(149 x \right)}}{803616698647447868139149} - \frac{39916800 \sin{\left(149 x \right)}}{119738888098469732352733201},-,+,1509,"<|im_start|>system<|im_sep|>You are a precise mathematical assistant. Show all computation steps clearly. Always put your final simplified antiderivative inside \boxed{}.<|im_end|><|im_start|>user<|im_sep|>Evaluate the following integral step by step.

∫ x^11 · sin(149x) dx

This is a polynomial-trigonometric integral. Work step by step using integration by parts.

Show all steps clearly and put your final simplified antiderivative inside \boxed{}.<|im_end|><|im_start|>assistant<|im_sep|>To evaluate the integral \(\int x^{11} \sin(149x) \, dx\), we will use the method of integration by parts. The formula for integration by parts is:

\[
\int u \, dv = uv - \int v \, du
\]

We will apply this formula repeatedly. Let's start by choosing:

- \( u = x^{11} \) \(\Rightarrow\) \( du = 11x^{10} \, dx \)
- \( dv = \sin(149x) \, dx \) \(\Rightarrow\) \( v = -\frac{1}{149} \cos(149x) \)

Now, apply integration by parts:

\[
\int x^{11} \sin(149x) \, dx = -\frac{1}{149} x^{11} \cos(149x) - \int \left(-\frac{1}{149} \cos(149x)\right) (11x^{10}) \, dx
\]

Simplify the expression:

\[
= -\frac{1}{149} x^{11} \cos(149x) + \frac{11}{149} \int x^{10} \cos(149x) \, dx
\]

Now, we need to evaluate \(\int x^{10} \cos(149x) \, dx\) using integration by parts again. Choose:

- \( u = x^{10} \) \(\Rightarrow\) \( du = 10x^9 \, dx \)
- \( dv = \cos(149x) \, dx \) \(\Rightarrow\) \( v = \frac{1}{149} \sin(149x) \)

Apply integration by parts:

\[
\int x^{10} \cos(149x) \, dx = \frac{1}{149} x^{10} \sin(149x) - \int \frac{1}{149} \sin(149x) (10x^9) \, dx
\]

Simplify:

\[
= \frac{1}{149} x^{10} \sin(149x) - \frac{10}{149} \int x^9 \sin(149x) \, dx
\]

Substitute back into the original expression:

\[
\int x^{11} \sin(149x) \, dx = -\frac{1}{149} x^{11} \cos(149x) + \frac{11}{149} \left( \frac{1}{149} x^{10} \sin(149x) - \frac{10}{149} \int x^9 \sin(149x) \, dx \right)
\]

Simplify:

\[
= -\frac{1}{149} x^{11} \cos(149x) + \frac{11}{149^2} x^{10} \sin(149x) - \frac{110}{149^2} \int x^9 \sin(149x) \, dx
\]

This process continues, reducing the power of \(x\) by 1 each time, alternating between \(\sin\) and \(\cos\), until the power of \(x\) is reduced to zero. The pattern is:

\[
\int x^n \sin(149x) \, dx = -\frac{1}{149} x^n \cos(149x) + \frac{n}{149} \int x^{n-1} \cos(149x) \, dx
\]

\[
\int x^n \cos(149x) \, dx = \frac{1}{149} x^n \sin(149x) - \frac{n}{149} \int x^{n-1} \sin(149x) \, dx
\]

Continuing this process, we eventually reach:

\[
\int x^0 \sin(149x) \, dx = -\frac{1}{149} \cos(149x)
\]

\[
\int x^0 \cos(149x) \, dx = \frac{1}{149} \sin(149x)
\]

The final result is a sum of terms involving powers of \(x\), \(\sin(149x)\), and \(\cos(149x)\), each multiplied by appropriate constants. The complete expression is:

\[
\boxed{-\frac{1}{149} x^{11} \cos(149x) + \frac{11}{149^2} x^{10} \sin(149x) - \frac{110}{149^3} x^9 \cos(149x) - \frac{990}{149^4} x^8 \sin(149x) + \cdots + C}
\]

where \(C\) is the constant of integration. Each term follows the pattern described, alternating between sine and cosine, with coefficients determined by the integration by parts process.","To evaluate the integral \(\int x^{11} \sin(149x) \, dx\), we will use the method of integration by parts. The formula for integration by parts is:

\[
\int u \, dv = uv - \int v \, du
\]

We will apply this formula repeatedly. Let's start by choosing:

- \( u = x^{11} \) \(\Rightarrow\) \( du = 11x^{10} \, dx \)
- \( dv = \sin(149x) \, dx \) \(\Rightarrow\) \( v = -\frac{1}{149} \cos(149x) \)

Now, apply integration by parts:

\[
\int x^{11} \sin(149x) \, dx = -\frac{1}{149} x^{11} \cos(149x) - \int \left(-\frac{1}{149} \cos(149x)\right) (11x^{10}) \, dx
\]

Simplify the expression:

\[
= -\frac{1}{149} x^{11} \cos(149x) + \frac{11}{149} \int x^{10} \cos(149x) \, dx
\]

Now, we need to evaluate \(\int x^{10} \cos(149x) \, dx\) using integration by parts again. Choose:

- \( u = x^{10} \) \(\Rightarrow\) \( du = 10x^9 \, dx \)
- \( dv = \cos(149x) \, dx \) \(\Rightarrow\) \( v = \frac{1}{149} \sin(149x) \)

Apply integration by parts:

\[
\int x^{10} \cos(149x) \, dx = \frac{1}{149} x^{10} \sin(149x) - \int \frac{1}{149} \sin(149x) (10x^9) \, dx
\]

Simplify:

\[
= \frac{1}{149} x^{10} \sin(149x) - \frac{10}{149} \int x^9 \sin(149x) \, dx
\]

Substitute back into the original expression:

\[
\int x^{11} \sin(149x) \, dx = -\frac{1}{149} x^{11} \cos(149x) + \frac{11}{149} \left( \frac{1}{149} x^{10} \sin(149x) - \frac{10}{149} \int x^9 \sin(149x) \, dx \right)
\]

Simplify:

\[
= -\frac{1}{149} x^{11} \cos(149x) + \frac{11}{149^2} x^{10} \sin(149x) - \frac{110}{149^2} \int x^9 \sin(149x) \, dx
\]

This process continues, reducing the power of \(x\) by 1 each time, alternating between \(\sin\) and \(\cos\), until the power of \(x\) is reduced to zero. The pattern is:

\[
\int x^n \sin(149x) \, dx = -\frac{1}{149} x^n \cos(149x) + \frac{n}{149} \int x^{n-1} \cos(149x) \, dx
\]

\[
\int x^n \cos(149x) \, dx = \frac{1}{149} x^n \sin(149x) - \frac{n}{149} \int x^{n-1} \sin(149x) \, dx
\]

Continuing this process, we eventually reach:

\[
\int x^0 \sin(149x) \, dx = -\frac{1}{149} \cos(149x)
\]

\[
\int x^0 \cos(149x) \, dx = \frac{1}{149} \sin(149x)
\]

The final result is a sum of terms involving powers of \(x\), \(\sin(149x)\), and \(\cos(149x)\), each multiplied by appropriate constants. The complete expression is:

\[
\boxed{-\frac{1}{149} x^{11} \cos(149x) + \frac{11}{149^2} x^{10} \sin(149x) - \frac{110}{149^3} x^9 \cos(149x) - \frac{990}{149^4} x^8 \sin(149x) + \cdots + C}
\]

where \(C\) is the constant of integration. Each term follows the pattern described, alternating between sine and cosine, with coefficients determined by the integration by parts process.",}{149} x^{10} \sin(149x) [-] \int \frac{1}{149} \sin(,493,AGREED_FIRST(min)
ibp_pts_n11_b173,Phi-4,integration_by_parts,level_n11,Silent_Sign_Flip,IBP_v_formula,failure,- \frac{x^{11} \cos{\left(173 x \right)}}{173} + \frac{11 x^{10} \sin{\left(173 x \right)}}{29929} + \frac{110 x^{9} \cos{\left(173 x \right)}}{5177717} - \frac{990 x^{8} \sin{\left(173 x \right)}}{895745041} - \frac{7920 x^{7} \cos{\left(173 x \right)}}{154963892093} + \frac{55440 x^{6} \sin{\left(173 x \right)}}{26808753332089} + \frac{332640 x^{5} \cos{\left(173 x \right)}}{4637914326451397} - \frac{1663200 x^{4} \sin{\left(173 x \right)}}{802359178476091681} - \frac{6652800 x^{3} \cos{\left(173 x \right)}}{138808137876363860813} + \frac{19958400 x^{2} \sin{\left(173 x \right)}}{24013807852610947920649} + \frac{39916800 x \cos{\left(173 x \right)}}{4154388758501693990272277} - \frac{39916800 \sin{\left(173 x \right)}}{718709255220793060317103921},-,+,1965,"<|im_start|>system<|im_sep|>You are a precise mathematical assistant. Show all computation steps clearly. Always put your final simplified antiderivative inside \boxed{}.<|im_end|><|im_start|>user<|im_sep|>Evaluate the following integral step by step.

∫ x^11 · sin(173x) dx

This is a polynomial-trigonometric integral. Work step by step using integration by parts.

Show all steps clearly and put your final simplified antiderivative inside \boxed{}.<|im_end|><|im_start|>assistant<|im_sep|>To evaluate the integral \(\int x^{11} \sin(173x) \, dx\), we will use the method of integration by parts. The formula for integration by parts is:

\[
\int u \, dv = uv - \int v \, du
\]

We will apply this formula repeatedly. Let's start by choosing:

- \( u = x^{11} \) \(\Rightarrow\) \( du = 11x^{10} \, dx \)
- \( dv = \sin(173x) \, dx \) \(\Rightarrow\) \( v = -\frac{1}{173} \cos(173x) \)

Now, apply integration by parts:

\[
\int x^{11} \sin(173x) \, dx = -\frac{1}{173} x^{11} \cos(173x) - \int \left(-\frac{1}{173} \cos(173x)\right) (11x^{10}) \, dx
\]

Simplify the expression:

\[
= -\frac{1}{173} x^{11} \cos(173x) + \frac{11}{173} \int x^{10} \cos(173x) \, dx
\]

Now, we need to evaluate \(\int x^{10} \cos(173x) \, dx\) using integration by parts again. Choose:

- \( u = x^{10} \) \(\Rightarrow\) \( du = 10x^9 \, dx \)
- \( dv = \cos(173x) \, dx \) \(\Rightarrow\) \( v = \frac{1}{173} \sin(173x) \)

Apply integration by parts:

\[
\int x^{10} \cos(173x) \, dx = \frac{1}{173} x^{10} \sin(173x) - \int \frac{1}{173} \sin(173x) (10x^9) \, dx
\]

Simplify:

\[
= \frac{1}{173} x^{10} \sin(173x) - \frac{10}{173} \int x^9 \sin(173x) \, dx
\]

Substitute back into the original expression:

\[
\int x^{11} \sin(173x) \, dx = -\frac{1}{173} x^{11} \cos(173x) + \frac{11}{173} \left( \frac{1}{173} x^{10} \sin(173x) - \frac{10}{173} \int x^9 \sin(173x) \, dx \right)
\]

Simplify:

\[
= -\frac{1}{173} x^{11} \cos(173x) + \frac{11}{173^2} x^{10} \sin(173x) - \frac{110}{173^2} \int x^9 \sin(173x) \, dx
\]

This process continues, reducing the power of \(x\) by 1 each time, alternating between \(\sin\) and \(\cos\), until the power of \(x\) is reduced to zero. The pattern is:

\[
\int x^n \sin(173x) \, dx = -\frac{1}{173} x^n \cos(173x) + \frac{n}{173} \int x^{n-1} \cos(173x) \, dx
\]

\[
\int x^n \cos(173x) \, dx = \frac{1}{173} x^n \sin(173x) - \frac{n}{173} \int x^{n-1} \sin(173x) \, dx
\]

Continuing this process, we eventually reach:

\[
\int x^0 \sin(173x) \, dx = -\frac{1}{173} \cos(173x)
\]

\[
\int x^0 \cos(173x) \, dx = \frac{1}{173} \sin(173x)
\]

The final result is a sum of terms involving powers of \(x\), \(\sin(173x)\), and \(\cos(173x)\), each multiplied by appropriate constants. The complete expression is:

\[
\boxed{-\frac{1}{173} x^{11} \cos(173x) + \frac{11}{173^2} x^{10} \sin(173x) - \frac{110}{173^3} x^9 \cos(173x) - \frac{990}{173^4} x^8 \sin(173x) + \cdots + C}
\]

where \(C\) is the constant of integration. Each term follows the pattern described, alternating between sine and cosine, with coefficients determined by the integration by parts process.","To evaluate the integral \(\int x^{11} \sin(173x) \, dx\), we will use the method of integration by parts. The formula for integration by parts is:

\[
\int u \, dv = uv - \int v \, du
\]

We will apply this formula repeatedly. Let's start by choosing:

- \( u = x^{11} \) \(\Rightarrow\) \( du = 11x^{10} \, dx \)
- \( dv = \sin(173x) \, dx \) \(\Rightarrow\) \( v = -\frac{1}{173} \cos(173x) \)

Now, apply integration by parts:

\[
\int x^{11} \sin(173x) \, dx = -\frac{1}{173} x^{11} \cos(173x) - \int \left(-\frac{1}{173} \cos(173x)\right) (11x^{10}) \, dx
\]

Simplify the expression:

\[
= -\frac{1}{173} x^{11} \cos(173x) + \frac{11}{173} \int x^{10} \cos(173x) \, dx
\]

Now, we need to evaluate \(\int x^{10} \cos(173x) \, dx\) using integration by parts again. Choose:

- \( u = x^{10} \) \(\Rightarrow\) \( du = 10x^9 \, dx \)
- \( dv = \cos(173x) \, dx \) \(\Rightarrow\) \( v = \frac{1}{173} \sin(173x) \)

Apply integration by parts:

\[
\int x^{10} \cos(173x) \, dx = \frac{1}{173} x^{10} \sin(173x) - \int \frac{1}{173} \sin(173x) (10x^9) \, dx
\]

Simplify:

\[
= \frac{1}{173} x^{10} \sin(173x) - \frac{10}{173} \int x^9 \sin(173x) \, dx
\]

Substitute back into the original expression:

\[
\int x^{11} \sin(173x) \, dx = -\frac{1}{173} x^{11} \cos(173x) + \frac{11}{173} \left( \frac{1}{173} x^{10} \sin(173x) - \frac{10}{173} \int x^9 \sin(173x) \, dx \right)
\]

Simplify:

\[
= -\frac{1}{173} x^{11} \cos(173x) + \frac{11}{173^2} x^{10} \sin(173x) - \frac{110}{173^2} \int x^9 \sin(173x) \, dx
\]

This process continues, reducing the power of \(x\) by 1 each time, alternating between \(\sin\) and \(\cos\), until the power of \(x\) is reduced to zero. The pattern is:

\[
\int x^n \sin(173x) \, dx = -\frac{1}{173} x^n \cos(173x) + \frac{n}{173} \int x^{n-1} \cos(173x) \, dx
\]

\[
\int x^n \cos(173x) \, dx = \frac{1}{173} x^n \sin(173x) - \frac{n}{173} \int x^{n-1} \sin(173x) \, dx
\]

Continuing this process, we eventually reach:

\[
\int x^0 \sin(173x) \, dx = -\frac{1}{173} \cos(173x)
\]

\[
\int x^0 \cos(173x) \, dx = \frac{1}{173} \sin(173x)
\]

The final result is a sum of terms involving powers of \(x\), \(\sin(173x)\), and \(\cos(173x)\), each multiplied by appropriate constants. The complete expression is:

\[
\boxed{-\frac{1}{173} x^{11} \cos(173x) + \frac{11}{173^2} x^{10} \sin(173x) - \frac{110}{173^3} x^9 \cos(173x) - \frac{990}{173^4} x^8 \sin(173x) + \cdots + C}
\]

where \(C\) is the constant of integration. Each term follows the pattern described, alternating between sine and cosine, with coefficients determined by the integration by parts process.",173^2} x^{10} \sin(173x) [-] \frac{110}{173^2} \int x,493,S3_exact
ibp_pts_n11_b211,Phi-4,integration_by_parts,level_n11,Silent_Sign_Flip,IBP_v_formula,failure,- \frac{x^{11} \cos{\left(211 x \right)}}{211} + \frac{11 x^{10} \sin{\left(211 x \right)}}{44521} + \frac{110 x^{9} \cos{\left(211 x \right)}}{9393931} - \frac{990 x^{8} \sin{\left(211 x \right)}}{1982119441} - \frac{7920 x^{7} \cos{\left(211 x \right)}}{418227202051} + \frac{55440 x^{6} \sin{\left(211 x \right)}}{88245939632761} + \frac{332640 x^{5} \cos{\left(211 x \right)}}{18619893262512571} - \frac{1663200 x^{4} \sin{\left(211 x \right)}}{3928797478390152481} - \frac{6652800 x^{3} \cos{\left(211 x \right)}}{828976267940322173491} + \frac{19958400 x^{2} \sin{\left(211 x \right)}}{174913992535407978606601} + \frac{39916800 x \cos{\left(211 x \right)}}{36906852424971083485992811} - \frac{39916800 \sin{\left(211 x \right)}}{7787345861668898615544483121},-,+,1973,"<|im_start|>system<|im_sep|>You are a precise mathematical assistant. Show all computation steps clearly. Always put your final simplified antiderivative inside \boxed{}.<|im_end|><|im_start|>user<|im_sep|>Evaluate the following integral step by step.

∫ x^11 · sin(211x) dx

This is a polynomial-trigonometric integral. Work step by step using integration by parts.

Show all steps clearly and put your final simplified antiderivative inside \boxed{}.<|im_end|><|im_start|>assistant<|im_sep|>To evaluate the integral \(\int x^{11} \sin(211x) \, dx\), we will use the method of integration by parts. The formula for integration by parts is:

\[
\int u \, dv = uv - \int v \, du
\]

We will apply integration by parts repeatedly. Let's start by choosing:

- \( u = x^{11} \) \(\Rightarrow\) \( du = 11x^{10} \, dx \)
- \( dv = \sin(211x) \, dx \) \(\Rightarrow\) \( v = -\frac{1}{211} \cos(211x) \)

Now, apply integration by parts:

\[
\int x^{11} \sin(211x) \, dx = -\frac{1}{211} x^{11} \cos(211x) - \int \left(-\frac{1}{211} \cos(211x)\right) (11x^{10}) \, dx
\]

Simplify the expression:

\[
= -\frac{1}{211} x^{11} \cos(211x) + \frac{11}{211} \int x^{10} \cos(211x) \, dx
\]

Now, we need to evaluate \(\int x^{10} \cos(211x) \, dx\) using integration by parts again. Choose:

- \( u = x^{10} \) \(\Rightarrow\) \( du = 10x^9 \, dx \)
- \( dv = \cos(211x) \, dx \) \(\Rightarrow\) \( v = \frac{1}{211} \sin(211x) \)

Apply integration by parts:

\[
\int x^{10} \cos(211x) \, dx = \frac{1}{211} x^{10} \sin(211x) - \int \frac{1}{211} \sin(211x) (10x^9) \, dx
\]

Simplify:

\[
= \frac{1}{211} x^{10} \sin(211x) - \frac{10}{211} \int x^9 \sin(211x) \, dx
\]

Substitute back into the original expression:

\[
\int x^{11} \sin(211x) \, dx = -\frac{1}{211} x^{11} \cos(211x) + \frac{11}{211} \left( \frac{1}{211} x^{10} \sin(211x) - \frac{10}{211} \int x^9 \sin(211x) \, dx \right)
\]

Simplify:

\[
= -\frac{1}{211} x^{11} \cos(211x) + \frac{11}{211^2} x^{10} \sin(211x) - \frac{110}{211^2} \int x^9 \sin(211x) \, dx
\]

This process continues, reducing the power of \(x\) by 1 each time, alternating between \(\sin\) and \(\cos\), until the power of \(x\) is reduced to zero. The pattern is:

\[
\int x^n \sin(211x) \, dx = -\frac{1}{211} x^n \cos(211x) + \frac{n}{211} \int x^{n-1} \cos(211x) \, dx
\]

\[
\int x^n \cos(211x) \, dx = \frac{1}{211} x^n \sin(211x) - \frac{n}{211} \int x^{n-1} \sin(211x) \, dx
\]

Continuing this process, we eventually reach:

\[
\int x^0 \sin(211x) \, dx = -\frac{1}{211} \cos(211x)
\]

\[
\int x^0 \cos(211x) \, dx = \frac{1}{211} \sin(211x)
\]

The final result is a sum of terms involving powers of \(x\), \(\sin(211x)\), and \(\cos(211x)\), with coefficients involving powers of \(\frac{1}{211}\) and factorials. The complete expression is:

\[
\boxed{-\frac{1}{211} x^{11} \cos(211x) + \frac{11}{211^2} x^{10} \sin(211x) - \frac{110}{211^3} x^9 \cos(211x) - \frac{990}{211^4} x^8 \sin(211x) + \cdots + C}
\]

where \(C\) is the constant of integration.","To evaluate the integral \(\int x^{11} \sin(211x) \, dx\), we will use the method of integration by parts. The formula for integration by parts is:

\[
\int u \, dv = uv - \int v \, du
\]

We will apply integration by parts repeatedly. Let's start by choosing:

- \( u = x^{11} \) \(\Rightarrow\) \( du = 11x^{10} \, dx \)
- \( dv = \sin(211x) \, dx \) \(\Rightarrow\) \( v = -\frac{1}{211} \cos(211x) \)

Now, apply integration by parts:

\[
\int x^{11} \sin(211x) \, dx = -\frac{1}{211} x^{11} \cos(211x) - \int \left(-\frac{1}{211} \cos(211x)\right) (11x^{10}) \, dx
\]

Simplify the expression:

\[
= -\frac{1}{211} x^{11} \cos(211x) + \frac{11}{211} \int x^{10} \cos(211x) \, dx
\]

Now, we need to evaluate \(\int x^{10} \cos(211x) \, dx\) using integration by parts again. Choose:

- \( u = x^{10} \) \(\Rightarrow\) \( du = 10x^9 \, dx \)
- \( dv = \cos(211x) \, dx \) \(\Rightarrow\) \( v = \frac{1}{211} \sin(211x) \)

Apply integration by parts:

\[
\int x^{10} \cos(211x) \, dx = \frac{1}{211} x^{10} \sin(211x) - \int \frac{1}{211} \sin(211x) (10x^9) \, dx
\]

Simplify:

\[
= \frac{1}{211} x^{10} \sin(211x) - \frac{10}{211} \int x^9 \sin(211x) \, dx
\]

Substitute back into the original expression:

\[
\int x^{11} \sin(211x) \, dx = -\frac{1}{211} x^{11} \cos(211x) + \frac{11}{211} \left( \frac{1}{211} x^{10} \sin(211x) - \frac{10}{211} \int x^9 \sin(211x) \, dx \right)
\]

Simplify:

\[
= -\frac{1}{211} x^{11} \cos(211x) + \frac{11}{211^2} x^{10} \sin(211x) - \frac{110}{211^2} \int x^9 \sin(211x) \, dx
\]

This process continues, reducing the power of \(x\) by 1 each time, alternating between \(\sin\) and \(\cos\), until the power of \(x\) is reduced to zero. The pattern is:

\[
\int x^n \sin(211x) \, dx = -\frac{1}{211} x^n \cos(211x) + \frac{n}{211} \int x^{n-1} \cos(211x) \, dx
\]

\[
\int x^n \cos(211x) \, dx = \frac{1}{211} x^n \sin(211x) - \frac{n}{211} \int x^{n-1} \sin(211x) \, dx
\]

Continuing this process, we eventually reach:

\[
\int x^0 \sin(211x) \, dx = -\frac{1}{211} \cos(211x)
\]

\[
\int x^0 \cos(211x) \, dx = \frac{1}{211} \sin(211x)
\]

The final result is a sum of terms involving powers of \(x\), \(\sin(211x)\), and \(\cos(211x)\), with coefficients involving powers of \(\frac{1}{211}\) and factorials. The complete expression is:

\[
\boxed{-\frac{1}{211} x^{11} \cos(211x) + \frac{11}{211^2} x^{10} \sin(211x) - \frac{110}{211^3} x^9 \cos(211x) - \frac{990}{211^4} x^8 \sin(211x) + \cdots + C}
\]

where \(C\) is the constant of integration.",211^2} x^{10} \sin(211x) [-] \frac{110}{211^2} \int x,493,S1_exact
ibp_pts_n11_b229,Phi-4,integration_by_parts,level_n11,Silent_Sign_Flip,IBP_v_formula,failure,- \frac{x^{11} \cos{\left(229 x \right)}}{229} + \frac{11 x^{10} \sin{\left(229 x \right)}}{52441} + \frac{110 x^{9} \cos{\left(229 x \right)}}{12008989} - \frac{990 x^{8} \sin{\left(229 x \right)}}{2750058481} - \frac{7920 x^{7} \cos{\left(229 x \right)}}{629763392149} + \frac{55440 x^{6} \sin{\left(229 x \right)}}{144215816802121} + \frac{332640 x^{5} \cos{\left(229 x \right)}}{33025422047685709} - \frac{1663200 x^{4} \sin{\left(229 x \right)}}{7562821648920027361} - \frac{6652800 x^{3} \cos{\left(229 x \right)}}{1731886157602686265669} + \frac{19958400 x^{2} \sin{\left(229 x \right)}}{396601930091015154838201} + \frac{39916800 x \cos{\left(229 x \right)}}{90821841990842470457948029} - \frac{39916800 \sin{\left(229 x \right)}}{20798201815902925734870098641},-,+,1965,"<|im_start|>system<|im_sep|>You are a precise mathematical assistant. Show all computation steps clearly. Always put your final simplified antiderivative inside \boxed{}.<|im_end|><|im_start|>user<|im_sep|>Evaluate the following integral step by step.

∫ x^11 · sin(229x) dx

This is a polynomial-trigonometric integral. Work step by step using integration by parts.

Show all steps clearly and put your final simplified antiderivative inside \boxed{}.<|im_end|><|im_start|>assistant<|im_sep|>To evaluate the integral \(\int x^{11} \sin(229x) \, dx\), we will use the method of integration by parts. The formula for integration by parts is:

\[
\int u \, dv = uv - \int v \, du
\]

We will apply this formula repeatedly. Let's start by choosing:

- \( u = x^{11} \) \(\Rightarrow\) \( du = 11x^{10} \, dx \)
- \( dv = \sin(229x) \, dx \) \(\Rightarrow\) \( v = -\frac{1}{229} \cos(229x) \)

Now, apply integration by parts:

\[
\int x^{11} \sin(229x) \, dx = -\frac{1}{229} x^{11} \cos(229x) - \int \left(-\frac{1}{229} \cos(229x)\right) (11x^{10}) \, dx
\]

Simplify the expression:

\[
= -\frac{1}{229} x^{11} \cos(229x) + \frac{11}{229} \int x^{10} \cos(229x) \, dx
\]

Now, we need to evaluate \(\int x^{10} \cos(229x) \, dx\) using integration by parts again. Choose:

- \( u = x^{10} \) \(\Rightarrow\) \( du = 10x^9 \, dx \)
- \( dv = \cos(229x) \, dx \) \(\Rightarrow\) \( v = \frac{1}{229} \sin(229x) \)

Apply integration by parts:

\[
\int x^{10} \cos(229x) \, dx = \frac{1}{229} x^{10} \sin(229x) - \int \frac{1}{229} \sin(229x) (10x^9) \, dx
\]

Simplify:

\[
= \frac{1}{229} x^{10} \sin(229x) - \frac{10}{229} \int x^9 \sin(229x) \, dx
\]

Substitute back into the original expression:

\[
\int x^{11} \sin(229x) \, dx = -\frac{1}{229} x^{11} \cos(229x) + \frac{11}{229} \left( \frac{1}{229} x^{10} \sin(229x) - \frac{10}{229} \int x^9 \sin(229x) \, dx \right)
\]

Simplify:

\[
= -\frac{1}{229} x^{11} \cos(229x) + \frac{11}{229^2} x^{10} \sin(229x) - \frac{110}{229^2} \int x^9 \sin(229x) \, dx
\]

This process continues, reducing the power of \(x\) by 1 each time, alternating between \(\sin\) and \(\cos\), until the power of \(x\) is zero. The pattern is:

\[
\int x^n \sin(229x) \, dx = -\frac{1}{229} x^n \cos(229x) + \frac{n}{229} \int x^{n-1} \cos(229x) \, dx
\]

\[
\int x^n \cos(229x) \, dx = \frac{1}{229} x^n \sin(229x) - \frac{n}{229} \int x^{n-1} \sin(229x) \, dx
\]

Continuing this process, we eventually reach:

\[
\int x^0 \sin(229x) \, dx = -\frac{1}{229} \cos(229x)
\]

\[
\int x^0 \cos(229x) \, dx = \frac{1}{229} \sin(229x)
\]

The final result is a sum of terms involving powers of \(x\), \(\sin(229x)\), and \(\cos(229x)\), each multiplied by appropriate constants. The complete expression is:

\[
\boxed{-\frac{1}{229} x^{11} \cos(229x) + \frac{11}{229^2} x^{10} \sin(229x) - \frac{110}{229^3} x^9 \cos(229x) - \frac{990}{229^4} x^8 \sin(229x) + \cdots + C}
\]

where \(C\) is the constant of integration. Each term follows the pattern described, alternating between sine and cosine, with coefficients determined by the integration by parts process.","To evaluate the integral \(\int x^{11} \sin(229x) \, dx\), we will use the method of integration by parts. The formula for integration by parts is:

\[
\int u \, dv = uv - \int v \, du
\]

We will apply this formula repeatedly. Let's start by choosing:

- \( u = x^{11} \) \(\Rightarrow\) \( du = 11x^{10} \, dx \)
- \( dv = \sin(229x) \, dx \) \(\Rightarrow\) \( v = -\frac{1}{229} \cos(229x) \)

Now, apply integration by parts:

\[
\int x^{11} \sin(229x) \, dx = -\frac{1}{229} x^{11} \cos(229x) - \int \left(-\frac{1}{229} \cos(229x)\right) (11x^{10}) \, dx
\]

Simplify the expression:

\[
= -\frac{1}{229} x^{11} \cos(229x) + \frac{11}{229} \int x^{10} \cos(229x) \, dx
\]

Now, we need to evaluate \(\int x^{10} \cos(229x) \, dx\) using integration by parts again. Choose:

- \( u = x^{10} \) \(\Rightarrow\) \( du = 10x^9 \, dx \)
- \( dv = \cos(229x) \, dx \) \(\Rightarrow\) \( v = \frac{1}{229} \sin(229x) \)

Apply integration by parts:

\[
\int x^{10} \cos(229x) \, dx = \frac{1}{229} x^{10} \sin(229x) - \int \frac{1}{229} \sin(229x) (10x^9) \, dx
\]

Simplify:

\[
= \frac{1}{229} x^{10} \sin(229x) - \frac{10}{229} \int x^9 \sin(229x) \, dx
\]

Substitute back into the original expression:

\[
\int x^{11} \sin(229x) \, dx = -\frac{1}{229} x^{11} \cos(229x) + \frac{11}{229} \left( \frac{1}{229} x^{10} \sin(229x) - \frac{10}{229} \int x^9 \sin(229x) \, dx \right)
\]

Simplify:

\[
= -\frac{1}{229} x^{11} \cos(229x) + \frac{11}{229^2} x^{10} \sin(229x) - \frac{110}{229^2} \int x^9 \sin(229x) \, dx
\]

This process continues, reducing the power of \(x\) by 1 each time, alternating between \(\sin\) and \(\cos\), until the power of \(x\) is zero. The pattern is:

\[
\int x^n \sin(229x) \, dx = -\frac{1}{229} x^n \cos(229x) + \frac{n}{229} \int x^{n-1} \cos(229x) \, dx
\]

\[
\int x^n \cos(229x) \, dx = \frac{1}{229} x^n \sin(229x) - \frac{n}{229} \int x^{n-1} \sin(229x) \, dx
\]

Continuing this process, we eventually reach:

\[
\int x^0 \sin(229x) \, dx = -\frac{1}{229} \cos(229x)
\]

\[
\int x^0 \cos(229x) \, dx = \frac{1}{229} \sin(229x)
\]

The final result is a sum of terms involving powers of \(x\), \(\sin(229x)\), and \(\cos(229x)\), each multiplied by appropriate constants. The complete expression is:

\[
\boxed{-\frac{1}{229} x^{11} \cos(229x) + \frac{11}{229^2} x^{10} \sin(229x) - \frac{110}{229^3} x^9 \cos(229x) - \frac{990}{229^4} x^8 \sin(229x) + \cdots + C}
\]

where \(C\) is the constant of integration. Each term follows the pattern described, alternating between sine and cosine, with coefficients determined by the integration by parts process.",229^2} x^{10} \sin(229x) [-] \frac{110}{229^2} \int x,493,S1_exact
