id,model,domain,depth_level,sign_subtype,error_family,condition,ground_truth,wrong_sign,correct_sign,sign_char_offset,full_input,Mistral-Small-24B,context_check,prefix_len,search_strategy
NC_4x4_det_1337,Mistral-Small-24B,determinant,4,Product_Sign_Error,det,failure,\det(A) = -30,+,-,1388,"<s>[INST] You are a precise mathematical assistant. Show all computation steps clearly. Always put your final numerical answer inside \boxed{}.

Solve this linear algebra problem. Show your work and give the final answer.

Find the determinant of the 4×4 matrix A.

A = \begin{bmatrix} 3 & 2 & -5 & 4 \\ -1 & -1 & -1 & -3 \\ 0 & -5 & -2 & 1 \\ -1 & 3 & 5 & 0 \end{bmatrix}

[/INST] To find the determinant of the 4×4 matrix A, we will use the Laplace expansion (also known as cofactor expansion) along the first row. The formula for the determinant of a 4×4 matrix is:

\[
\det(A) = \sum_{j=1}^{4} (-1)^{1+j} a_{1j} \det(A_{1j})
\]

where \( a_{1j} \) is the element in the first row and j-th column, and \( A_{1j} \) is the 3×3 submatrix obtained by removing the first row and j-th column.

Given the matrix:

\[
A = \begin{bmatrix}
3 & 2 & -5 & 4 \\
-1 & -1 & -1 & -3 \\
0 & -5 & -2 & 1 \\
-1 & 3 & 5 & 0
\end{bmatrix}
\]

We will compute the determinant step by step.

1. **Compute the minors and cofactors for each element in the first row:**

   - For \( a_{11} = 3 \):
     \[
     A_{11} = \begin{bmatrix}
     -1 & -1 & -3 \\
     -5 & -2 & 1 \\
     3 & 5 & 0
     \end{bmatrix}
     \]
     \[
     \det(A_{11}) = (-1)((-2)(0) - (1)(5)) - (-1)((-5)(0) - (1)(3)) + (-3)((-5)(5) - (-2)(3))
     \]
     \[
     = (-1)(0 - 5) - (-1)(0 - 3) + (-3)(-25 + 6)
     \]
     \[
     = 5 + 3 - 57 = -59
     \]
     \[
     C_{11} = (-1)^{1+1} \det(A_{11}) = 1 \times (-59) = -59
     \]

   - For \( a_{12} = 2 \):
     \[
     A_{12} = \begin{bmatrix}
     -1 & -1 & -3 \\
     0 & -2 & 1 \\
     -1 & 5 & 0
     \end{bmatrix}
     \]
     \[
     \det(A_{12}) = (-1)((-2)(0) - (1)(5)) - (-1)((0)(0) - (1)(-1)) + (-3)((0)(5) - (-2)(-1))
     \]
     \[
     = (-1)(0 - 5) - (-1)(0 + 1) + (-3)(0 - 2)
     \]
     \[
     = 5 + 1 + 6 = 12
     \]
     \[
     C_{12} = (-1)^{1+2} \det(A_{12}) = -1 \times 12 = -12
     \]

   - For \( a_{13} = -5 \):
     \[
     A_{13} = \begin{bmatrix}
     -1 & -1 & -3 \\
     0 & -5 & 1 \\
     -1 & 3 & 0
     \end{bmatrix}
     \]
     \[
     \det(A_{13}) = (-1)((-5)(0) - (1)(3)) - (-1)((0)(0) - (1)(-1)) + (-3)((0)(3) - (-5)(-1))
     \]
     \[
     = (-1)(0 - 3) - (-1)(0 + 1) + (-3)(0 - 5)
     \]
     \[
     = 3 + 1 + 15 = 19
     \]
     \[
     C_{13} = (-1)^{1+3} \det(A_{13}) = 1 \times 19 = 19
     \]

   - For \( a_{14} = 4 \):
     \[
     A_{14} = \begin{bmatrix}
     -1 & -1 & -1 \\
     0 & -5 & -2 \\
     -1 & 3 & 5
     \end{bmatrix}
     \]
     \[
     \det(A_{14}) = (-1)((-5)(5) - (-2)(3)) - (-1)((0)(5) - (-2)(-1)) + (-1)((0)(3) - (-5)(-1))
     \]
     \[
     = (-1)(-25 + 6) - (-1)(0 - 2) + (-1)(0 - 5)
     \]
     \[
     = 19 + 2 - 5 = 16
     \]
     \[
     C_{14} = (-1)^{1+4} \det(A_{14}) = -1 \times 16 = -16
     \]

2. **Sum the products of the elements in the first row with their corresponding cofactors:**

   \[
   \det(A) = 3 \times (-59) + 2 \times (-12) + (-5) \times 19 + 4 \times (-16)
   \]
   \[
   = -177 - 24 - 95 - 64
   \]
   \[
   = -360
   \]

**Final Answer:**

\[
\boxed{-360}
\]","To find the determinant of the 4×4 matrix A, we will use the Laplace expansion (also known as cofactor expansion) along the first row. The formula for the determinant of a 4×4 matrix is:

\[
\det(A) = \sum_{j=1}^{4} (-1)^{1+j} a_{1j} \det(A_{1j})
\]

where \( a_{1j} \) is the element in the first row and j-th column, and \( A_{1j} \) is the 3×3 submatrix obtained by removing the first row and j-th column.

Given the matrix:

\[
A = \begin{bmatrix}
3 & 2 & -5 & 4 \\
-1 & -1 & -1 & -3 \\
0 & -5 & -2 & 1 \\
-1 & 3 & 5 & 0
\end{bmatrix}
\]

We will compute the determinant step by step.

1. **Compute the minors and cofactors for each element in the first row:**

   - For \( a_{11} = 3 \):
     \[
     A_{11} = \begin{bmatrix}
     -1 & -1 & -3 \\
     -5 & -2 & 1 \\
     3 & 5 & 0
     \end{bmatrix}
     \]
     \[
     \det(A_{11}) = (-1)((-2)(0) - (1)(5)) - (-1)((-5)(0) - (1)(3)) + (-3)((-5)(5) - (-2)(3))
     \]
     \[
     = (-1)(0 - 5) - (-1)(0 - 3) + (-3)(-25 + 6)
     \]
     \[
     = 5 + 3 - 57 = -59
     \]
     \[
     C_{11} = (-1)^{1+1} \det(A_{11}) = 1 \times (-59) = -59
     \]

   - For \( a_{12} = 2 \):
     \[
     A_{12} = \begin{bmatrix}
     -1 & -1 & -3 \\
     0 & -2 & 1 \\
     -1 & 5 & 0
     \end{bmatrix}
     \]
     \[
     \det(A_{12}) = (-1)((-2)(0) - (1)(5)) - (-1)((0)(0) - (1)(-1)) + (-3)((0)(5) - (-2)(-1))
     \]
     \[
     = (-1)(0 - 5) - (-1)(0 + 1) + (-3)(0 - 2)
     \]
     \[
     = 5 + 1 + 6 = 12
     \]
     \[
     C_{12} = (-1)^{1+2} \det(A_{12}) = -1 \times 12 = -12
     \]

   - For \( a_{13} = -5 \):
     \[
     A_{13} = \begin{bmatrix}
     -1 & -1 & -3 \\
     0 & -5 & 1 \\
     -1 & 3 & 0
     \end{bmatrix}
     \]
     \[
     \det(A_{13}) = (-1)((-5)(0) - (1)(3)) - (-1)((0)(0) - (1)(-1)) + (-3)((0)(3) - (-5)(-1))
     \]
     \[
     = (-1)(0 - 3) - (-1)(0 + 1) + (-3)(0 - 5)
     \]
     \[
     = 3 + 1 + 15 = 19
     \]
     \[
     C_{13} = (-1)^{1+3} \det(A_{13}) = 1 \times 19 = 19
     \]

   - For \( a_{14} = 4 \):
     \[
     A_{14} = \begin{bmatrix}
     -1 & -1 & -1 \\
     0 & -5 & -2 \\
     -1 & 3 & 5
     \end{bmatrix}
     \]
     \[
     \det(A_{14}) = (-1)((-5)(5) - (-2)(3)) - (-1)((0)(5) - (-2)(-1)) + (-1)((0)(3) - (-5)(-1))
     \]
     \[
     = (-1)(-25 + 6) - (-1)(0 - 2) + (-1)(0 - 5)
     \]
     \[
     = 19 + 2 - 5 = 16
     \]
     \[
     C_{14} = (-1)^{1+4} \det(A_{14}) = -1 \times 16 = -16
     \]

2. **Sum the products of the elements in the first row with their corresponding cofactors:**

   \[
   \det(A) = 3 \times (-59) + 2 \times (-12) + (-5) \times 19 + 4 \times (-16)
   \]
   \[
   = -177 - 24 - 95 - 64
   \]
   \[
   = -360
   \]

**Final Answer:**

\[
\boxed{-360}
\]","     \]
     \[
     = 5 [+] 3 - 57 = -59
     \]
  ",382,S1_exact
NC_4x4_det_1396,Mistral-Small-24B,determinant,4,Operation_Direction,det,failure,\det(A) = -202,-,+,753,"<s>[INST] You are a precise mathematical assistant. Show all computation steps clearly. Always put your final numerical answer inside \boxed{}.

Solve this linear algebra problem. Show your work and give the final answer.

Find the determinant of the 4×4 matrix A.

A = \begin{bmatrix} 0 & -2 & 1 & 1 \\ -5 & -1 & 1 & -1 \\ -1 & 5 & 1 & 5 \\ -2 & 0 & -3 & -2 \end{bmatrix}

[/INST] To find the determinant of the 4×4 matrix A, we will use the Laplace expansion (cofactor expansion) method. We will expand along the first row for clarity.

The matrix A is:

A = \begin{bmatrix} 0 & -2 & 1 & 1 \\ -5 & -1 & 1 & -1 \\ -1 & 5 & 1 & 5 \\ -2 & 0 & -3 & -2 \end{bmatrix}

The determinant of A, denoted as det(A), is calculated as follows:

det(A) = 0 * C_{11} - (-2) * C_{12} + 1 * C_{13} - 1 * C_{14}

Where C_{ij} is the cofactor of the element a_{ij}.

First, we need to find the minors and then the cofactors for each element in the first row.

1. Minor for a_{11} (0):

M_{11} = \begin{bmatrix} -1 & 1 & -1 \\ 5 & 1 & 5 \\ 0 & -3 & -2 \end{bmatrix}

det(M_{11}) = -1 * (1 * -2 - 5 * -3) - 1 * (5 * -2 - 0 * -3) + -1 * (5 * -3 - 0 * 1)
= -1 * (-2 + 15) - 1 * (-10 - 0) + -1 * (-15 - 0)
= -1 * 13 - 1 * (-10) + -1 * (-15)
= -13 + 10 + 15
= 12

C_{11} = (-1)^{1+1} * det(M_{11}) = 1 * 12 = 12

2. Minor for a_{12} (-2):

M_{12} = \begin{bmatrix} -5 & 1 & -1 \\ -1 & 1 & 5 \\ -2 & -3 & -2 \end{bmatrix}

det(M_{12}) = -5 * (1 * -2 - 5 * -3) - 1 * (-1 * -2 - 5 * -2) + -1 * (-1 * -3 - 1 * -2)
= -5 * (-2 + 15) - 1 * (2 + 10) + -1 * (3 + 2)
= -5 * 13 - 1 * 12 + -1 * 5
= -65 - 12 - 5
= -82

C_{12} = (-1)^{1+2} * det(M_{12}) = -1 * -82 = 82

3. Minor for a_{13} (1):

M_{13} = \begin{bmatrix} -5 & -1 & -1 \\ -1 & 5 & 5 \\ -2 & 0 & -2 \end{bmatrix}

det(M_{13}) = -5 * (5 * -2 - 5 * 0) - (-1) * (-1 * -2 - 5 * -2) + -1 * (-1 * 0 - 5 * -2)
= -5 * (-10 - 0) + 1 * (2 + 10) + -1 * (0 + 10)
= -5 * (-10) + 1 * 12 + -1 * 10
= 50 + 12 - 10
= 52

C_{13} = (-1)^{1+3} * det(M_{13}) = 1 * 52 = 52

4. Minor for a_{14} (1):

M_{14} = \begin{bmatrix} -5 & -1 & 1 \\ -1 & 5 & 1 \\ -2 & 0 & -3 \end{bmatrix}

det(M_{14}) = -5 * (5 * -3 - 1 * 0) - (-1) * (-1 * -3 - 1 * -2) + 1 * (-1 * 0 - 5 * -2)
= -5 * (-15 - 0) + 1 * (3 + 2) + 1 * (0 + 10)
= -5 * (-15) + 1 * 5 + 1 * 10
= 75 + 5 + 10
= 90

C_{14} = (-1)^{1+4} * det(M_{14}) = -1 * 90 = -90

Now, we can calculate the determinant of A:

det(A) = 0 * C_{11} - (-2) * C_{12} + 1 * C_{13} - 1 * C_{14}
= 0 * 12 + 2 * 82 + 1 * 52 - 1 * (-90)
= 0 + 164 + 52 + 90
= 306

\boxed{306}","To find the determinant of the 4×4 matrix A, we will use the Laplace expansion (cofactor expansion) method. We will expand along the first row for clarity.

The matrix A is:

A = \begin{bmatrix} 0 & -2 & 1 & 1 \\ -5 & -1 & 1 & -1 \\ -1 & 5 & 1 & 5 \\ -2 & 0 & -3 & -2 \end{bmatrix}

The determinant of A, denoted as det(A), is calculated as follows:

det(A) = 0 * C_{11} - (-2) * C_{12} + 1 * C_{13} - 1 * C_{14}

Where C_{ij} is the cofactor of the element a_{ij}.

First, we need to find the minors and then the cofactors for each element in the first row.

1. Minor for a_{11} (0):

M_{11} = \begin{bmatrix} -1 & 1 & -1 \\ 5 & 1 & 5 \\ 0 & -3 & -2 \end{bmatrix}

det(M_{11}) = -1 * (1 * -2 - 5 * -3) - 1 * (5 * -2 - 0 * -3) + -1 * (5 * -3 - 0 * 1)
= -1 * (-2 + 15) - 1 * (-10 - 0) + -1 * (-15 - 0)
= -1 * 13 - 1 * (-10) + -1 * (-15)
= -13 + 10 + 15
= 12

C_{11} = (-1)^{1+1} * det(M_{11}) = 1 * 12 = 12

2. Minor for a_{12} (-2):

M_{12} = \begin{bmatrix} -5 & 1 & -1 \\ -1 & 1 & 5 \\ -2 & -3 & -2 \end{bmatrix}

det(M_{12}) = -5 * (1 * -2 - 5 * -3) - 1 * (-1 * -2 - 5 * -2) + -1 * (-1 * -3 - 1 * -2)
= -5 * (-2 + 15) - 1 * (2 + 10) + -1 * (3 + 2)
= -5 * 13 - 1 * 12 + -1 * 5
= -65 - 12 - 5
= -82

C_{12} = (-1)^{1+2} * det(M_{12}) = -1 * -82 = 82

3. Minor for a_{13} (1):

M_{13} = \begin{bmatrix} -5 & -1 & -1 \\ -1 & 5 & 5 \\ -2 & 0 & -2 \end{bmatrix}

det(M_{13}) = -5 * (5 * -2 - 5 * 0) - (-1) * (-1 * -2 - 5 * -2) + -1 * (-1 * 0 - 5 * -2)
= -5 * (-10 - 0) + 1 * (2 + 10) + -1 * (0 + 10)
= -5 * (-10) + 1 * 12 + -1 * 10
= 50 + 12 - 10
= 52

C_{13} = (-1)^{1+3} * det(M_{13}) = 1 * 52 = 52

4. Minor for a_{14} (1):

M_{14} = \begin{bmatrix} -5 & -1 & 1 \\ -1 & 5 & 1 \\ -2 & 0 & -3 \end{bmatrix}

det(M_{14}) = -5 * (5 * -3 - 1 * 0) - (-1) * (-1 * -3 - 1 * -2) + 1 * (-1 * 0 - 5 * -2)
= -5 * (-15 - 0) + 1 * (3 + 2) + 1 * (0 + 10)
= -5 * (-15) + 1 * 5 + 1 * 10
= 75 + 5 + 10
= 90

C_{14} = (-1)^{1+4} * det(M_{14}) = -1 * 90 = -90

Now, we can calculate the determinant of A:

det(A) = 0 * C_{11} - (-2) * C_{12} + 1 * C_{13} - 1 * C_{14}
= 0 * 12 + 2 * 82 + 1 * 52 - 1 * (-90)
= 0 + 164 + 52 + 90
= 306

\boxed{306}","ws:

det(A) = 0 * C_{11} [-] (-2) * C_{12} + 1 * C_{",382,S1_exact
NC_4x4_det_1772,Mistral-Small-24B,determinant,4,Rule_Interference,det,failure,\det(A) = -210,-,+,1523,"<s>[INST] You are a precise mathematical assistant. Show all computation steps clearly. Always put your final numerical answer inside \boxed{}.

Solve this linear algebra problem. Show your work and give the final answer.

Find the determinant of the 4×4 matrix A.

A = \begin{bmatrix} 5 & -4 & -3 & 0 \\ -2 & 0 & -3 & 0 \\ 5 & -5 & 2 & -3 \\ -5 & -3 & 1 & -3 \end{bmatrix}

[/INST] To find the determinant of the 4×4 matrix A, we can use the Laplace expansion (also known as cofactor expansion) along the first row. The formula for the determinant of a 4×4 matrix A is:

det(A) = a11 * C11 - a12 * C12 + a13 * C13 - a14 * C14

where aij is the element in the ith row and jth column, and Cij is the cofactor of aij, which is (-1)^(i+j) times the determinant of the 3×3 submatrix obtained by deleting the ith row and jth column.

Let's compute the determinant step by step.

Given matrix A:

A = \begin{bmatrix} 5 & -4 & -3 & 0 \\ -2 & 0 & -3 & 0 \\ 5 & -5 & 2 & -3 \\ -5 & -3 & 1 & -3 \end{bmatrix}

We will expand along the first row:

det(A) = 5 * C11 - (-4) * C12 + (-3) * C13 - 0 * C14

First, we need to compute the cofactors C11, C12, C13, and C14.

C11 = (-1)^(1+1) * det(M11) = 1 * det(M11)

M11 is the submatrix obtained by deleting the first row and first column:

M11 = \begin{bmatrix} 0 & -3 & 0 \\ -5 & 2 & -3 \\ -3 & 1 & -3 \end{bmatrix}

Now, compute det(M11):

det(M11) = 0 * (2 * (-3) - (-3) * 1) - (-3) * (-5 * (-3) - (-3) * (-3)) + 0 * (-5 * 1 - 2 * (-3))

det(M11) = 0 - (-3) * (15 - 9) + 0

det(M11) = -3 * 6 = -18

So, C11 = 1 * (-18) = -18

Next, compute C12:

C12 = (-1)^(1+2) * det(M12) = -1 * det(M12)

M12 is the submatrix obtained by deleting the first row and second column:

M12 = \begin{bmatrix} -2 & -3 & 0 \\ 5 & 2 & -3 \\ -5 & 1 & -3 \end{bmatrix}

Now, compute det(M12):

det(M12) = -2 * (2 * (-3) - (-3) * 1) - (-3) * (5 * (-3) - (-3) * (-5)) + 0 * (5 * 1 - 2 * (-5))

det(M12) = -2 * (-6 + 3) - (-3) * (-15 - 15) + 0

det(M12) = -2 * (-3) - (-3) * (-30)

det(M12) = 6 - 90 = -84

So, C12 = -1 * (-84) = 84

Next, compute C13:

C13 = (-1)^(1+3) * det(M13) = 1 * det(M13)

M13 is the submatrix obtained by deleting the first row and third column:

M13 = \begin{bmatrix} -2 & 0 & 0 \\ 5 & -5 & -3 \\ -5 & -3 & -3 \end{bmatrix}

Now, compute det(M13):

det(M13) = -2 * (-5 * (-3) - (-3) * (-3)) - 0 * (5 * (-3) - (-3) * (-5)) + 0 * (5 * (-3) - (-5) * (-5))

det(M13) = -2 * (15 - 9) - 0 + 0

det(M13) = -2 * 6 = -12

So, C13 = 1 * (-12) = -12

Finally, compute C14:

C14 = (-1)^(1+4) * det(M14) = -1 * det(M14)

M14 is the submatrix obtained by deleting the first row and fourth column:

M14 = \begin{bmatrix} -2 & 0 & -3 \\ 5 & -5 & 2 \\ -5 & -3 & 1 \end{bmatrix}

Now, compute det(M14):

det(M14) = -2 * (-5 * 1 - 2 * (-3)) - 0 * (5 * 1 - 2 * (-5)) + (-3) * (5 * (-3) - (-5) * (-5))

det(M14) = -2 * (-5 + 6) - 0 + (-3) * (-15 - 25)

det(M14) = -2 * 1 - 3 * (-40)

det(M14) = -2 + 120 = 118

So, C14 = -1 * 118 = -118

Now, substitute the cofactors back into the determinant formula:

det(A) = 5 * (-18) - (-4) * 84 + (-3) * (-12) - 0 * (-118)

det(A) = -90 + 336 + 36 - 0

det(A) = 282

Therefore, the determinant of the matrix A is \boxed{282}.","To find the determinant of the 4×4 matrix A, we can use the Laplace expansion (also known as cofactor expansion) along the first row. The formula for the determinant of a 4×4 matrix A is:

det(A) = a11 * C11 - a12 * C12 + a13 * C13 - a14 * C14

where aij is the element in the ith row and jth column, and Cij is the cofactor of aij, which is (-1)^(i+j) times the determinant of the 3×3 submatrix obtained by deleting the ith row and jth column.

Let's compute the determinant step by step.

Given matrix A:

A = \begin{bmatrix} 5 & -4 & -3 & 0 \\ -2 & 0 & -3 & 0 \\ 5 & -5 & 2 & -3 \\ -5 & -3 & 1 & -3 \end{bmatrix}

We will expand along the first row:

det(A) = 5 * C11 - (-4) * C12 + (-3) * C13 - 0 * C14

First, we need to compute the cofactors C11, C12, C13, and C14.

C11 = (-1)^(1+1) * det(M11) = 1 * det(M11)

M11 is the submatrix obtained by deleting the first row and first column:

M11 = \begin{bmatrix} 0 & -3 & 0 \\ -5 & 2 & -3 \\ -3 & 1 & -3 \end{bmatrix}

Now, compute det(M11):

det(M11) = 0 * (2 * (-3) - (-3) * 1) - (-3) * (-5 * (-3) - (-3) * (-3)) + 0 * (-5 * 1 - 2 * (-3))

det(M11) = 0 - (-3) * (15 - 9) + 0

det(M11) = -3 * 6 = -18

So, C11 = 1 * (-18) = -18

Next, compute C12:

C12 = (-1)^(1+2) * det(M12) = -1 * det(M12)

M12 is the submatrix obtained by deleting the first row and second column:

M12 = \begin{bmatrix} -2 & -3 & 0 \\ 5 & 2 & -3 \\ -5 & 1 & -3 \end{bmatrix}

Now, compute det(M12):

det(M12) = -2 * (2 * (-3) - (-3) * 1) - (-3) * (5 * (-3) - (-3) * (-5)) + 0 * (5 * 1 - 2 * (-5))

det(M12) = -2 * (-6 + 3) - (-3) * (-15 - 15) + 0

det(M12) = -2 * (-3) - (-3) * (-30)

det(M12) = 6 - 90 = -84

So, C12 = -1 * (-84) = 84

Next, compute C13:

C13 = (-1)^(1+3) * det(M13) = 1 * det(M13)

M13 is the submatrix obtained by deleting the first row and third column:

M13 = \begin{bmatrix} -2 & 0 & 0 \\ 5 & -5 & -3 \\ -5 & -3 & -3 \end{bmatrix}

Now, compute det(M13):

det(M13) = -2 * (-5 * (-3) - (-3) * (-3)) - 0 * (5 * (-3) - (-3) * (-5)) + 0 * (5 * (-3) - (-5) * (-5))

det(M13) = -2 * (15 - 9) - 0 + 0

det(M13) = -2 * 6 = -12

So, C13 = 1 * (-12) = -12

Finally, compute C14:

C14 = (-1)^(1+4) * det(M14) = -1 * det(M14)

M14 is the submatrix obtained by deleting the first row and fourth column:

M14 = \begin{bmatrix} -2 & 0 & -3 \\ 5 & -5 & 2 \\ -5 & -3 & 1 \end{bmatrix}

Now, compute det(M14):

det(M14) = -2 * (-5 * 1 - 2 * (-3)) - 0 * (5 * 1 - 2 * (-5)) + (-3) * (5 * (-3) - (-5) * (-5))

det(M14) = -2 * (-5 + 6) - 0 + (-3) * (-15 - 25)

det(M14) = -2 * 1 - 3 * (-40)

det(M14) = -2 + 120 = 118

So, C14 = -1 * 118 = -118

Now, substitute the cofactors back into the determinant formula:

det(A) = 5 * (-18) - (-4) * 84 + (-3) * (-12) - 0 * (-118)

det(A) = -90 + 336 + 36 - 0

det(A) = 282

Therefore, the determinant of the matrix A is \boxed{282}.","(15 - 9) + 0

det(M11) = [-]3 * 6 = -18

So, C11 = 1",383,AGREED_FIRST(min)
NC_4x4_det_1901,Mistral-Small-24B,determinant,4,Operation_Direction,det,failure,\det(A) = 396,-,+,754,"<s>[INST] You are a precise mathematical assistant. Show all computation steps clearly. Always put your final numerical answer inside \boxed{}.

Solve this linear algebra problem. Show your work and give the final answer.

Find the determinant of the 4×4 matrix A.

A = \begin{bmatrix} 0 & -3 & 0 & -2 \\ -2 & -5 & -2 & 4 \\ -2 & 3 & 4 & 1 \\ -5 & 3 & 1 & 1 \end{bmatrix}

[/INST] To find the determinant of the 4×4 matrix A, we will use the Laplace expansion (cofactor expansion) method. We will expand along the first row for simplicity.

The matrix A is:

A = \begin{bmatrix} 0 & -3 & 0 & -2 \\ -2 & -5 & -2 & 4 \\ -2 & 3 & 4 & 1 \\ -5 & 3 & 1 & 1 \end{bmatrix}

The determinant of A, denoted as det(A), is calculated as follows:

det(A) = 0 * C_{11} - (-3) * C_{12} + 0 * C_{13} - (-2) * C_{14}

Where C_{ij} are the cofactors of the elements in the first row. Since the first and third elements of the first row are 0, their contributions to the determinant are 0. Thus, we only need to calculate C_{12} and C_{14}.

First, let's find C_{12}:

C_{12} = (-1)^{1+2} * det(M_{12})

Where M_{12} is the 3×3 submatrix obtained by removing the first row and second column from A:

M_{12} = \begin{bmatrix} -2 & -2 & 4 \\ -2 & 4 & 1 \\ -5 & 1 & 1 \end{bmatrix}

Now, calculate det(M_{12}) using the Laplace expansion along the first row:

det(M_{12}) = -2 * \begin{vmatrix} 4 & 1 \\ 1 & 1 \end{vmatrix} - (-2) * \begin{vmatrix} -2 & 1 \\ -5 & 1 \end{vmatrix} + 4 * \begin{vmatrix} -2 & 4 \\ -5 & 1 \end{vmatrix}

= -2 * (4 * 1 - 1 * 1) + 2 * (-2 * 1 - 1 * -5) + 4 * (-2 * 1 - 4 * -5)

= -2 * (4 - 1) + 2 * (-2 + 5) + 4 * (-2 + 20)

= -2 * 3 + 2 * 3 + 4 * 18

= -6 + 6 + 72

= 72

Thus, C_{12} = (-1)^{3} * 72 = -72

Next, let's find C_{14}:

C_{14} = (-1)^{1+4} * det(M_{14})

Where M_{14} is the 3×3 submatrix obtained by removing the first row and fourth column from A:

M_{14} = \begin{bmatrix} -2 & -5 & -2 \\ -2 & 3 & 4 \\ -5 & 3 & 1 \end{bmatrix}

Now, calculate det(M_{14}) using the Laplace expansion along the first row:

det(M_{14}) = -2 * \begin{vmatrix} 3 & 4 \\ 3 & 1 \end{vmatrix} - (-5) * \begin{vmatrix} -2 & 4 \\ -5 & 1 \end{vmatrix} + (-2) * \begin{vmatrix} -2 & 3 \\ -5 & 3 \end{vmatrix}

= -2 * (3 * 1 - 4 * 3) + 5 * (-2 * 1 - 4 * -5) - 2 * (-2 * 3 - 3 * -5)

= -2 * (3 - 12) + 5 * (-2 + 20) - 2 * (-6 + 15)

= -2 * (-9) + 5 * 18 - 2 * 9

= 18 + 90 - 18

= 90

Thus, C_{14} = (-1)^{5} * 90 = -90

Now, substitute the values of C_{12} and C_{14} back into the expression for det(A):

det(A) = 0 * C_{11} - (-3) * (-72) + 0 * C_{13} - (-2) * (-90)

= 0 - 216 - 0 - 180

= -396

Therefore, the determinant of the matrix A is:

\boxed{-396}","To find the determinant of the 4×4 matrix A, we will use the Laplace expansion (cofactor expansion) method. We will expand along the first row for simplicity.

The matrix A is:

A = \begin{bmatrix} 0 & -3 & 0 & -2 \\ -2 & -5 & -2 & 4 \\ -2 & 3 & 4 & 1 \\ -5 & 3 & 1 & 1 \end{bmatrix}

The determinant of A, denoted as det(A), is calculated as follows:

det(A) = 0 * C_{11} - (-3) * C_{12} + 0 * C_{13} - (-2) * C_{14}

Where C_{ij} are the cofactors of the elements in the first row. Since the first and third elements of the first row are 0, their contributions to the determinant are 0. Thus, we only need to calculate C_{12} and C_{14}.

First, let's find C_{12}:

C_{12} = (-1)^{1+2} * det(M_{12})

Where M_{12} is the 3×3 submatrix obtained by removing the first row and second column from A:

M_{12} = \begin{bmatrix} -2 & -2 & 4 \\ -2 & 4 & 1 \\ -5 & 1 & 1 \end{bmatrix}

Now, calculate det(M_{12}) using the Laplace expansion along the first row:

det(M_{12}) = -2 * \begin{vmatrix} 4 & 1 \\ 1 & 1 \end{vmatrix} - (-2) * \begin{vmatrix} -2 & 1 \\ -5 & 1 \end{vmatrix} + 4 * \begin{vmatrix} -2 & 4 \\ -5 & 1 \end{vmatrix}

= -2 * (4 * 1 - 1 * 1) + 2 * (-2 * 1 - 1 * -5) + 4 * (-2 * 1 - 4 * -5)

= -2 * (4 - 1) + 2 * (-2 + 5) + 4 * (-2 + 20)

= -2 * 3 + 2 * 3 + 4 * 18

= -6 + 6 + 72

= 72

Thus, C_{12} = (-1)^{3} * 72 = -72

Next, let's find C_{14}:

C_{14} = (-1)^{1+4} * det(M_{14})

Where M_{14} is the 3×3 submatrix obtained by removing the first row and fourth column from A:

M_{14} = \begin{bmatrix} -2 & -5 & -2 \\ -2 & 3 & 4 \\ -5 & 3 & 1 \end{bmatrix}

Now, calculate det(M_{14}) using the Laplace expansion along the first row:

det(M_{14}) = -2 * \begin{vmatrix} 3 & 4 \\ 3 & 1 \end{vmatrix} - (-5) * \begin{vmatrix} -2 & 4 \\ -5 & 1 \end{vmatrix} + (-2) * \begin{vmatrix} -2 & 3 \\ -5 & 3 \end{vmatrix}

= -2 * (3 * 1 - 4 * 3) + 5 * (-2 * 1 - 4 * -5) - 2 * (-2 * 3 - 3 * -5)

= -2 * (3 - 12) + 5 * (-2 + 20) - 2 * (-6 + 15)

= -2 * (-9) + 5 * 18 - 2 * 9

= 18 + 90 - 18

= 90

Thus, C_{14} = (-1)^{5} * 90 = -90

Now, substitute the values of C_{12} and C_{14} back into the expression for det(A):

det(A) = 0 * C_{11} - (-3) * (-72) + 0 * C_{13} - (-2) * (-90)

= 0 - 216 - 0 - 180

= -396

Therefore, the determinant of the matrix A is:

\boxed{-396}","ws:

det(A) = 0 * C_{11} [-] (-3) * C_{12} + 0 * C_{",381,S1_exact
NC_4x4_det_1297,Mistral-Small-24B,determinant,4,Operation_Direction,det,failure,\det(A) = 160,-,+,755,"<s>[INST] You are a precise mathematical assistant. Show all computation steps clearly. Always put your final numerical answer inside \boxed{}.

Solve this linear algebra problem. Show your work and give the final answer.

Find the determinant of the 4×4 matrix A.

A = \begin{bmatrix} 2 & -3 & -3 & -1 \\ 5 & 4 & -4 & -2 \\ -5 & -3 & 1 & 1 \\ 1 & 3 & -2 & -3 \end{bmatrix}

[/INST] To find the determinant of the 4×4 matrix A, we will use the Laplace expansion (cofactor expansion) method. We will expand along the first row for clarity.

The matrix A is:

A = \begin{bmatrix} 2 & -3 & -3 & -1 \\ 5 & 4 & -4 & -2 \\ -5 & -3 & 1 & 1 \\ 1 & 3 & -2 & -3 \end{bmatrix}

The determinant of A, denoted as det(A), is calculated as follows:

det(A) = 2 * C_{11} - (-3) * C_{12} + (-3) * C_{13} - (-1) * C_{14}

Where C_{ij} is the cofactor of the element a_{ij}.

First, we need to find the minors and then the cofactors for each element in the first row.

1. Minor for a_{11} (M_{11}):

M_{11} = \begin{bmatrix} 4 & -4 & -2 \\ -3 & 1 & 1 \\ 3 & -2 & -3 \end{bmatrix}

det(M_{11}) = 4 * (1 * (-3) - 1 * (-2)) - (-4) * (-3 * (-3) - 1 * 3) + (-2) * (-3 * (-2) - 1 * 3)
= 4 * (-3 + 2) + 4 * (9 - 3) - 2 * (6 - 3)
= 4 * (-1) + 4 * 6 - 2 * 3
= -4 + 24 - 6
= 14

C_{11} = (-1)^{1+1} * det(M_{11}) = 1 * 14 = 14

2. Minor for a_{12} (M_{12}):

M_{12} = \begin{bmatrix} 5 & -4 & -2 \\ -5 & 1 & 1 \\ 1 & -2 & -3 \end{bmatrix}

det(M_{12}) = 5 * (1 * (-3) - 1 * (-2)) - (-4) * (-5 * (-3) - 1 * 1) + (-2) * (-5 * (-2) - 1 * 1)
= 5 * (-3 + 2) + 4 * (15 - 1) - 2 * (10 - 1)
= 5 * (-1) + 4 * 14 - 2 * 9
= -5 + 56 - 18
= 33

C_{12} = (-1)^{1+2} * det(M_{12}) = -1 * 33 = -33

3. Minor for a_{13} (M_{13}):

M_{13} = \begin{bmatrix} 5 & 4 & -2 \\ -5 & -3 & 1 \\ 1 & 3 & -3 \end{bmatrix}

det(M_{13}) = 5 * (-3 * (-3) - 1 * 3) - 4 * (-5 * (-3) - 1 * 1) + (-2) * (-5 * 3 - (-3) * 1)
= 5 * (9 - 3) - 4 * (15 - 1) - 2 * (-15 + 3)
= 5 * 6 - 4 * 14 - 2 * (-12)
= 30 - 56 + 24
= -2

C_{13} = (-1)^{1+3} * det(M_{13}) = 1 * (-2) = -2

4. Minor for a_{14} (M_{14}):

M_{14} = \begin{bmatrix} 5 & 4 & -4 \\ -5 & -3 & 1 \\ 1 & 3 & -2 \end{bmatrix}

det(M_{14}) = 5 * (-3 * (-2) - 1 * 3) - 4 * (-5 * (-2) - 1 * 1) + (-4) * (-5 * 3 - (-3) * 1)
= 5 * (6 - 3) - 4 * (10 - 1) - 4 * (-15 + 3)
= 5 * 3 - 4 * 9 - 4 * (-12)
= 15 - 36 + 48
= 27

C_{14} = (-1)^{1+4} * det(M_{14}) = -1 * 27 = -27

Now, we can calculate the determinant of A:

det(A) = 2 * C_{11} - (-3) * C_{12} + (-3) * C_{13} - (-1) * C_{14}
= 2 * 14 + 3 * (-33) - 3 * (-2) + 1 * (-27)
= 28 - 99 + 6 - 27
= -92

\boxed{-92}","To find the determinant of the 4×4 matrix A, we will use the Laplace expansion (cofactor expansion) method. We will expand along the first row for clarity.

The matrix A is:

A = \begin{bmatrix} 2 & -3 & -3 & -1 \\ 5 & 4 & -4 & -2 \\ -5 & -3 & 1 & 1 \\ 1 & 3 & -2 & -3 \end{bmatrix}

The determinant of A, denoted as det(A), is calculated as follows:

det(A) = 2 * C_{11} - (-3) * C_{12} + (-3) * C_{13} - (-1) * C_{14}

Where C_{ij} is the cofactor of the element a_{ij}.

First, we need to find the minors and then the cofactors for each element in the first row.

1. Minor for a_{11} (M_{11}):

M_{11} = \begin{bmatrix} 4 & -4 & -2 \\ -3 & 1 & 1 \\ 3 & -2 & -3 \end{bmatrix}

det(M_{11}) = 4 * (1 * (-3) - 1 * (-2)) - (-4) * (-3 * (-3) - 1 * 3) + (-2) * (-3 * (-2) - 1 * 3)
= 4 * (-3 + 2) + 4 * (9 - 3) - 2 * (6 - 3)
= 4 * (-1) + 4 * 6 - 2 * 3
= -4 + 24 - 6
= 14

C_{11} = (-1)^{1+1} * det(M_{11}) = 1 * 14 = 14

2. Minor for a_{12} (M_{12}):

M_{12} = \begin{bmatrix} 5 & -4 & -2 \\ -5 & 1 & 1 \\ 1 & -2 & -3 \end{bmatrix}

det(M_{12}) = 5 * (1 * (-3) - 1 * (-2)) - (-4) * (-5 * (-3) - 1 * 1) + (-2) * (-5 * (-2) - 1 * 1)
= 5 * (-3 + 2) + 4 * (15 - 1) - 2 * (10 - 1)
= 5 * (-1) + 4 * 14 - 2 * 9
= -5 + 56 - 18
= 33

C_{12} = (-1)^{1+2} * det(M_{12}) = -1 * 33 = -33

3. Minor for a_{13} (M_{13}):

M_{13} = \begin{bmatrix} 5 & 4 & -2 \\ -5 & -3 & 1 \\ 1 & 3 & -3 \end{bmatrix}

det(M_{13}) = 5 * (-3 * (-3) - 1 * 3) - 4 * (-5 * (-3) - 1 * 1) + (-2) * (-5 * 3 - (-3) * 1)
= 5 * (9 - 3) - 4 * (15 - 1) - 2 * (-15 + 3)
= 5 * 6 - 4 * 14 - 2 * (-12)
= 30 - 56 + 24
= -2

C_{13} = (-1)^{1+3} * det(M_{13}) = 1 * (-2) = -2

4. Minor for a_{14} (M_{14}):

M_{14} = \begin{bmatrix} 5 & 4 & -4 \\ -5 & -3 & 1 \\ 1 & 3 & -2 \end{bmatrix}

det(M_{14}) = 5 * (-3 * (-2) - 1 * 3) - 4 * (-5 * (-2) - 1 * 1) + (-4) * (-5 * 3 - (-3) * 1)
= 5 * (6 - 3) - 4 * (10 - 1) - 4 * (-15 + 3)
= 5 * 3 - 4 * 9 - 4 * (-12)
= 15 - 36 + 48
= 27

C_{14} = (-1)^{1+4} * det(M_{14}) = -1 * 27 = -27

Now, we can calculate the determinant of A:

det(A) = 2 * C_{11} - (-3) * C_{12} + (-3) * C_{13} - (-1) * C_{14}
= 2 * 14 + 3 * (-33) - 3 * (-2) + 1 * (-27)
= 28 - 99 + 6 - 27
= -92

\boxed{-92}","ws:

det(A) = 2 * C_{11} [-] (-3) * C_{12} + (-3) * ",383,S1_exact
NC_4x4_det_431,Mistral-Small-24B,determinant,4,Product_Sign_Error,det,failure,\det(A) = 90,+,-,2041,"<s>[INST] You are a precise mathematical assistant. Show all computation steps clearly. Always put your final numerical answer inside \boxed{}.

Solve this linear algebra problem. Show your work and give the final answer.

Find the determinant of the 4×4 matrix A.

A = \begin{bmatrix} -1 & 3 & -1 & -5 \\ 2 & -5 & 1 & 5 \\ 0 & -5 & 5 & -5 \\ -1 & -1 & 0 & 3 \end{bmatrix}

[/INST] To find the determinant of the 4×4 matrix A, we will use the Laplace expansion (cofactor expansion) along the first row. The formula for the determinant of a 4×4 matrix A is:

det(A) = a11C11 - a12C12 + a13C13 - a14C14

where a11, a12, a13, a14 are the elements of the first row, and C11, C12, C13, C14 are the corresponding cofactors.

Given matrix A:

A = \begin{bmatrix} -1 & 3 & -1 & -5 \\ 2 & -5 & 1 & 5 \\ 0 & -5 & 5 & -5 \\ -1 & -1 & 0 & 3 \end{bmatrix}

Let's compute the determinant step by step.

1. Compute the cofactor C11:
C11 = (-1)^(1+1) * det \begin{bmatrix} -5 & 1 & 5 \\ -5 & 5 & -5 \\ -1 & 0 & 3 \end{bmatrix}

First, find the determinant of the 3×3 matrix:

det \begin{bmatrix} -5 & 1 & 5 \\ -5 & 5 & -5 \\ -1 & 0 & 3 \end{bmatrix} = -5*(5*3 - (-5)*0) - 1*(-5*3 - (-5)*(-1)) + 5*(-5*0 - 5*(-1))
= -5*(15 - 0) - 1*(-15 - 5) + 5*(0 + 5)
= -75 + 20 + 25
= -30

So, C11 = 1 * (-30) = -30

2. Compute the cofactor C12:
C12 = (-1)^(1+2) * det \begin{bmatrix} 2 & 1 & 5 \\ 0 & 5 & -5 \\ -1 & 0 & 3 \end{bmatrix}

First, find the determinant of the 3×3 matrix:

det \begin{bmatrix} 2 & 1 & 5 \\ 0 & 5 & -5 \\ -1 & 0 & 3 \end{bmatrix} = 2*(5*3 - (-5)*0) - 1*(0*3 - (-5)*(-1)) + 5*(0*0 - 5*(-1))
= 2*(15 - 0) - 1*(0 - 5) + 5*(0 + 5)
= 30 + 5 + 25
= 60

So, C12 = -1 * 60 = -60

3. Compute the cofactor C13:
C13 = (-1)^(1+3) * det \begin{bmatrix} 2 & -5 & 5 \\ 0 & -5 & -5 \\ -1 & -1 & 3 \end{bmatrix}

First, find the determinant of the 3×3 matrix:

det \begin{bmatrix} 2 & -5 & 5 \\ 0 & -5 & -5 \\ -1 & -1 & 3 \end{bmatrix} = 2*(-5*3 - (-5)*(-1)) - (-5)*(0*3 - (-5)*(-1)) + 5*(0*(-1) - (-5)*(-1))
= 2*(-15 - 5) - (-5)*(0 - 5) + 5*(0 - 5)
= 2*(-20) + 25 + 5*(-5)
= -40 + 25 - 25
= -40

So, C13 = 1 * (-40) = -40

4. Compute the cofactor C14:
C14 = (-1)^(1+4) * det \begin{bmatrix} 2 & -5 & 1 \\ 0 & -5 & 5 \\ -1 & -1 & 0 \end{bmatrix}

First, find the determinant of the 3×3 matrix:

det \begin{bmatrix} 2 & -5 & 1 \\ 0 & -5 & 5 \\ -1 & -1 & 0 \end{bmatrix} = 2*(-5*0 - 5*(-1)) - (-5)*(0*0 - 5*(-1)) + 1*(0*(-1) - (-5)*(-1))
= 2*(0 + 5) - (-5)*(0 + 5) + 1*(0 - 5)
= 10 + 25 - 5
= 30

So, C14 = -1 * 30 = -30

Now, substitute the cofactors back into the determinant formula:

det(A) = a11C11 - a12C12 + a13C13 - a14C14
= (-1)*(-30) - 3*(-60) + (-1)*(-40) - (-5)*(-30)
= 30 + 180 + 40 - 150
= 100

Therefore, the determinant of the matrix A is \boxed{100}.","To find the determinant of the 4×4 matrix A, we will use the Laplace expansion (cofactor expansion) along the first row. The formula for the determinant of a 4×4 matrix A is:

det(A) = a11C11 - a12C12 + a13C13 - a14C14

where a11, a12, a13, a14 are the elements of the first row, and C11, C12, C13, C14 are the corresponding cofactors.

Given matrix A:

A = \begin{bmatrix} -1 & 3 & -1 & -5 \\ 2 & -5 & 1 & 5 \\ 0 & -5 & 5 & -5 \\ -1 & -1 & 0 & 3 \end{bmatrix}

Let's compute the determinant step by step.

1. Compute the cofactor C11:
C11 = (-1)^(1+1) * det \begin{bmatrix} -5 & 1 & 5 \\ -5 & 5 & -5 \\ -1 & 0 & 3 \end{bmatrix}

First, find the determinant of the 3×3 matrix:

det \begin{bmatrix} -5 & 1 & 5 \\ -5 & 5 & -5 \\ -1 & 0 & 3 \end{bmatrix} = -5*(5*3 - (-5)*0) - 1*(-5*3 - (-5)*(-1)) + 5*(-5*0 - 5*(-1))
= -5*(15 - 0) - 1*(-15 - 5) + 5*(0 + 5)
= -75 + 20 + 25
= -30

So, C11 = 1 * (-30) = -30

2. Compute the cofactor C12:
C12 = (-1)^(1+2) * det \begin{bmatrix} 2 & 1 & 5 \\ 0 & 5 & -5 \\ -1 & 0 & 3 \end{bmatrix}

First, find the determinant of the 3×3 matrix:

det \begin{bmatrix} 2 & 1 & 5 \\ 0 & 5 & -5 \\ -1 & 0 & 3 \end{bmatrix} = 2*(5*3 - (-5)*0) - 1*(0*3 - (-5)*(-1)) + 5*(0*0 - 5*(-1))
= 2*(15 - 0) - 1*(0 - 5) + 5*(0 + 5)
= 30 + 5 + 25
= 60

So, C12 = -1 * 60 = -60

3. Compute the cofactor C13:
C13 = (-1)^(1+3) * det \begin{bmatrix} 2 & -5 & 5 \\ 0 & -5 & -5 \\ -1 & -1 & 3 \end{bmatrix}

First, find the determinant of the 3×3 matrix:

det \begin{bmatrix} 2 & -5 & 5 \\ 0 & -5 & -5 \\ -1 & -1 & 3 \end{bmatrix} = 2*(-5*3 - (-5)*(-1)) - (-5)*(0*3 - (-5)*(-1)) + 5*(0*(-1) - (-5)*(-1))
= 2*(-15 - 5) - (-5)*(0 - 5) + 5*(0 - 5)
= 2*(-20) + 25 + 5*(-5)
= -40 + 25 - 25
= -40

So, C13 = 1 * (-40) = -40

4. Compute the cofactor C14:
C14 = (-1)^(1+4) * det \begin{bmatrix} 2 & -5 & 1 \\ 0 & -5 & 5 \\ -1 & -1 & 0 \end{bmatrix}

First, find the determinant of the 3×3 matrix:

det \begin{bmatrix} 2 & -5 & 1 \\ 0 & -5 & 5 \\ -1 & -1 & 0 \end{bmatrix} = 2*(-5*0 - 5*(-1)) - (-5)*(0*0 - 5*(-1)) + 1*(0*(-1) - (-5)*(-1))
= 2*(0 + 5) - (-5)*(0 + 5) + 1*(0 - 5)
= 10 + 25 - 5
= 30

So, C14 = -1 * 30 = -30

Now, substitute the cofactors back into the determinant formula:

det(A) = a11C11 - a12C12 + a13C13 - a14C14
= (-1)*(-30) - 3*(-60) + (-1)*(-40) - (-5)*(-30)
= 30 + 180 + 40 - 150
= 100

Therefore, the determinant of the matrix A is \boxed{100}.","5) + 5*(0 - 5)
= 2*(-20) [+] 25 + 5*(-5)
= -40 + 25 ",382,S1_exact
NC_4x4_det_0860,Mistral-Small-24B,determinant,4,Rule_Interference,det,failure,\det(A) = -670,-,+,1050,"<s>[INST] You are a precise mathematical assistant. Show all computation steps clearly. Always put your final numerical answer inside \boxed{}.

Solve this linear algebra problem. Show your work and give the final answer.

Find the determinant of the 4×4 matrix A.

A = \begin{bmatrix} 0 & 1 & 4 & -1 \\ 5 & -2 & 2 & -3 \\ -4 & -1 & 3 & -3 \\ -2 & -1 & 5 & 5 \end{bmatrix}

[/INST] To find the determinant of the 4×4 matrix A, we will use the Laplace expansion (also known as cofactor expansion) along the first row. The formula for the determinant of a 4×4 matrix is:

\[
\det(A) = \sum_{j=1}^{4} (-1)^{1+j} a_{1j} \det(M_{1j})
\]

where \( a_{1j} \) is the element in the first row and j-th column, and \( M_{1j} \) is the 3×3 submatrix obtained by removing the first row and j-th column.

Given the matrix:

\[
A = \begin{bmatrix}
0 & 1 & 4 & -1 \\
5 & -2 & 2 & -3 \\
-4 & -1 & 3 & -3 \\
-2 & -1 & 5 & 5
\end{bmatrix}
\]

We will compute the determinant as follows:

\[
\det(A) = 0 \cdot \det(M_{11}) - 1 \cdot \det(M_{12}) + 4 \cdot \det(M_{13}) - 1 \cdot \det(M_{14})
\]

Now, we need to compute the determinants of the 3×3 submatrices \( M_{12} \), \( M_{13} \), and \( M_{14} \).

1. Compute \( \det(M_{12}) \):

\[
M_{12} = \begin{bmatrix}
5 & 2 & -3 \\
-4 & 3 & -3 \\
-2 & 5 & 5
\end{bmatrix}
\]

\[
\det(M_{12}) = 5 \cdot (3 \cdot 5 - (-3) \cdot 5) - 2 \cdot (-4 \cdot 5 - (-3) \cdot (-2)) + (-3) \cdot (-4 \cdot 5 - 3 \cdot (-2))
\]

\[
= 5 \cdot (15 + 15) - 2 \cdot (-20 - 6) + (-3) \cdot (-20 + 6)
\]

\[
= 5 \cdot 30 - 2 \cdot (-26) + (-3) \cdot (-14)
\]

\[
= 150 + 52 + 42 = 244
\]

2. Compute \( \det(M_{13}) \):

\[
M_{13} = \begin{bmatrix}
5 & -2 & -3 \\
-4 & -1 & -3 \\
-2 & -1 & 5
\end{bmatrix}
\]

\[
\det(M_{13}) = 5 \cdot (-1 \cdot 5 - (-3) \cdot (-1)) - (-2) \cdot (-4 \cdot 5 - (-3) \cdot (-2)) + (-3) \cdot (-4 \cdot (-1) - (-1) \cdot (-2))
\]

\[
= 5 \cdot (-5 - 3) + 2 \cdot (-20 - 6) + (-3) \cdot (4 - 2)
\]

\[
= 5 \cdot (-8) + 2 \cdot (-26) + (-3) \cdot 2
\]

\[
= -40 - 52 - 6 = -98
\]

3. Compute \( \det(M_{14}) \):

\[
M_{14} = \begin{bmatrix}
5 & -2 & 2 \\
-4 & -1 & 3 \\
-2 & -1 & 5
\end{bmatrix}
\]

\[
\det(M_{14}) = 5 \cdot (-1 \cdot 5 - 3 \cdot (-1)) - (-2) \cdot (-4 \cdot 5 - 3 \cdot (-2)) + 2 \cdot (-4 \cdot (-1) - (-1) \cdot (-2))
\]

\[
= 5 \cdot (-5 + 3) + 2 \cdot (-20 + 6) + 2 \cdot (4 - 2)
\]

\[
= 5 \cdot (-2) + 2 \cdot (-14) + 2 \cdot 2
\]

\[
= -10 - 28 + 4 = -34
\]

Now, substitute these determinants back into the expression for \( \det(A) \):

\[
\det(A) = 0 \cdot \det(M_{11}) - 1 \cdot 244 + 4 \cdot (-98) - 1 \cdot (-34)
\]

\[
= 0 - 244 - 392 + 34
\]

\[
= -244 - 392 + 34
\]

\[
= -636 + 34
\]

\[
= -602
\]

Therefore, the determinant of the matrix A is:

\[
\boxed{-602}
\]","To find the determinant of the 4×4 matrix A, we will use the Laplace expansion (also known as cofactor expansion) along the first row. The formula for the determinant of a 4×4 matrix is:

\[
\det(A) = \sum_{j=1}^{4} (-1)^{1+j} a_{1j} \det(M_{1j})
\]

where \( a_{1j} \) is the element in the first row and j-th column, and \( M_{1j} \) is the 3×3 submatrix obtained by removing the first row and j-th column.

Given the matrix:

\[
A = \begin{bmatrix}
0 & 1 & 4 & -1 \\
5 & -2 & 2 & -3 \\
-4 & -1 & 3 & -3 \\
-2 & -1 & 5 & 5
\end{bmatrix}
\]

We will compute the determinant as follows:

\[
\det(A) = 0 \cdot \det(M_{11}) - 1 \cdot \det(M_{12}) + 4 \cdot \det(M_{13}) - 1 \cdot \det(M_{14})
\]

Now, we need to compute the determinants of the 3×3 submatrices \( M_{12} \), \( M_{13} \), and \( M_{14} \).

1. Compute \( \det(M_{12}) \):

\[
M_{12} = \begin{bmatrix}
5 & 2 & -3 \\
-4 & 3 & -3 \\
-2 & 5 & 5
\end{bmatrix}
\]

\[
\det(M_{12}) = 5 \cdot (3 \cdot 5 - (-3) \cdot 5) - 2 \cdot (-4 \cdot 5 - (-3) \cdot (-2)) + (-3) \cdot (-4 \cdot 5 - 3 \cdot (-2))
\]

\[
= 5 \cdot (15 + 15) - 2 \cdot (-20 - 6) + (-3) \cdot (-20 + 6)
\]

\[
= 5 \cdot 30 - 2 \cdot (-26) + (-3) \cdot (-14)
\]

\[
= 150 + 52 + 42 = 244
\]

2. Compute \( \det(M_{13}) \):

\[
M_{13} = \begin{bmatrix}
5 & -2 & -3 \\
-4 & -1 & -3 \\
-2 & -1 & 5
\end{bmatrix}
\]

\[
\det(M_{13}) = 5 \cdot (-1 \cdot 5 - (-3) \cdot (-1)) - (-2) \cdot (-4 \cdot 5 - (-3) \cdot (-2)) + (-3) \cdot (-4 \cdot (-1) - (-1) \cdot (-2))
\]

\[
= 5 \cdot (-5 - 3) + 2 \cdot (-20 - 6) + (-3) \cdot (4 - 2)
\]

\[
= 5 \cdot (-8) + 2 \cdot (-26) + (-3) \cdot 2
\]

\[
= -40 - 52 - 6 = -98
\]

3. Compute \( \det(M_{14}) \):

\[
M_{14} = \begin{bmatrix}
5 & -2 & 2 \\
-4 & -1 & 3 \\
-2 & -1 & 5
\end{bmatrix}
\]

\[
\det(M_{14}) = 5 \cdot (-1 \cdot 5 - 3 \cdot (-1)) - (-2) \cdot (-4 \cdot 5 - 3 \cdot (-2)) + 2 \cdot (-4 \cdot (-1) - (-1) \cdot (-2))
\]

\[
= 5 \cdot (-5 + 3) + 2 \cdot (-20 + 6) + 2 \cdot (4 - 2)
\]

\[
= 5 \cdot (-2) + 2 \cdot (-14) + 2 \cdot 2
\]

\[
= -10 - 28 + 4 = -34
\]

Now, substitute these determinants back into the expression for \( \det(A) \):

\[
\det(A) = 0 \cdot \det(M_{11}) - 1 \cdot 244 + 4 \cdot (-98) - 1 \cdot (-34)
\]

\[
= 0 - 244 - 392 + 34
\]

\[
= -244 - 392 + 34
\]

\[
= -636 + 34
\]

\[
= -602
\]

Therefore, the determinant of the matrix A is:

\[
\boxed{-602}
\]",") + 4 \cdot \det(M_{13}) [-] 1 \cdot \det(M_{14})
\]",382,S1_exact
NC_4x4_det_526,Mistral-Small-24B,determinant,4,Rule_Interference,det,failure,\det(A) = 104,-,+,758,"<s>[INST] You are a precise mathematical assistant. Show all computation steps clearly. Always put your final numerical answer inside \boxed{}.

Solve this linear algebra problem. Show your work and give the final answer.

Find the determinant of the 4×4 matrix A.

A = \begin{bmatrix} -1 & -1 & 2 & 1 \\ 1 & -5 & 0 & -3 \\ -3 & 5 & -1 & 4 \\ -5 & -4 & 1 & -2 \end{bmatrix}

[/INST] To find the determinant of the 4×4 matrix A, we will use the Laplace expansion (cofactor expansion) method. We will expand along the first row for clarity.

The matrix A is:

A = \begin{bmatrix} -1 & -1 & 2 & 1 \\ 1 & -5 & 0 & -3 \\ -3 & 5 & -1 & 4 \\ -5 & -4 & 1 & -2 \end{bmatrix}

The determinant of A, denoted as det(A), is calculated as follows:

det(A) = (-1) * C_{11} - (-1) * C_{12} + 2 * C_{13} + 1 * C_{14}

where C_{ij} is the cofactor of the element a_{ij}.

First, we need to find the minors and then the cofactors for each element in the first row.

1. Minor for a_{11} (-1):

M_{11} = \begin{bmatrix} -5 & 0 & -3 \\ 5 & -1 & 4 \\ -4 & 1 & -2 \end{bmatrix}

det(M_{11}) = -5 * [ (-1) * (-2) - 4 * 1 ] - 0 * [ 5 * (-2) - 4 * (-4) ] + (-3) * [ 5 * 1 - (-1) * (-4) ]
= -5 * [ 2 - 4 ] - 0 + (-3) * [ 5 - 4 ]
= -5 * (-2) + (-3) * (1)
= 10 - 3
= 7

C_{11} = (-1)^{1+1} * det(M_{11}) = 1 * 7 = 7

2. Minor for a_{12} (-1):

M_{12} = \begin{bmatrix} 1 & 0 & -3 \\ -3 & -1 & 4 \\ -5 & 1 & -2 \end{bmatrix}

det(M_{12}) = 1 * [ (-1) * (-2) - 4 * 1 ] - 0 * [ -3 * (-2) - 4 * (-5) ] + (-3) * [ -3 * 1 - (-1) * (-5) ]
= 1 * [ 2 - 4 ] - 0 + (-3) * [ -3 - 5 ]
= 1 * (-2) + (-3) * (-8)
= -2 + 24
= 22

C_{12} = (-1)^{1+2} * det(M_{12}) = -1 * 22 = -22

3. Minor for a_{13} (2):

M_{13} = \begin{bmatrix} 1 & -5 & -3 \\ -3 & 5 & 4 \\ -5 & -4 & -2 \end{bmatrix}

det(M_{13}) = 1 * [ 5 * (-2) - 4 * (-4) ] - (-5) * [ -3 * (-2) - 4 * (-5) ] + (-3) * [ -3 * (-4) - 5 * (-5) ]
= 1 * [ -10 + 16 ] + 5 * [ 6 + 20 ] + (-3) * [ 12 + 25 ]
= 1 * (6) + 5 * (26) + (-3) * (37)
= 6 + 130 - 111
= 25

C_{13} = (-1)^{1+3} * det(M_{13}) = 1 * 25 = 25

4. Minor for a_{14} (1):

M_{14} = \begin{bmatrix} 1 & -5 & 0 \\ -3 & 5 & -1 \\ -5 & -4 & 1 \end{bmatrix}

det(M_{14}) = 1 * [ 5 * 1 - (-1) * (-4) ] - (-5) * [ -3 * 1 - (-1) * (-5) ] + 0 * [ -3 * (-4) - 5 * (-5) ]
= 1 * [ 5 - 4 ] + 5 * [ -3 - 5 ] + 0
= 1 * (1) + 5 * (-8)
= 1 - 40
= -39

C_{14} = (-1)^{1+4} * det(M_{14}) = -1 * (-39) = 39

Now, we can calculate the determinant of A:

det(A) = (-1) * C_{11} - (-1) * C_{12} + 2 * C_{13} + 1 * C_{14}
= (-1) * 7 - (-1) * (-22) + 2 * 25 + 1 * 39
= -7 - 22 + 50 + 39
= 60

Therefore, the determinant of the matrix A is \boxed{60}.","To find the determinant of the 4×4 matrix A, we will use the Laplace expansion (cofactor expansion) method. We will expand along the first row for clarity.

The matrix A is:

A = \begin{bmatrix} -1 & -1 & 2 & 1 \\ 1 & -5 & 0 & -3 \\ -3 & 5 & -1 & 4 \\ -5 & -4 & 1 & -2 \end{bmatrix}

The determinant of A, denoted as det(A), is calculated as follows:

det(A) = (-1) * C_{11} - (-1) * C_{12} + 2 * C_{13} + 1 * C_{14}

where C_{ij} is the cofactor of the element a_{ij}.

First, we need to find the minors and then the cofactors for each element in the first row.

1. Minor for a_{11} (-1):

M_{11} = \begin{bmatrix} -5 & 0 & -3 \\ 5 & -1 & 4 \\ -4 & 1 & -2 \end{bmatrix}

det(M_{11}) = -5 * [ (-1) * (-2) - 4 * 1 ] - 0 * [ 5 * (-2) - 4 * (-4) ] + (-3) * [ 5 * 1 - (-1) * (-4) ]
= -5 * [ 2 - 4 ] - 0 + (-3) * [ 5 - 4 ]
= -5 * (-2) + (-3) * (1)
= 10 - 3
= 7

C_{11} = (-1)^{1+1} * det(M_{11}) = 1 * 7 = 7

2. Minor for a_{12} (-1):

M_{12} = \begin{bmatrix} 1 & 0 & -3 \\ -3 & -1 & 4 \\ -5 & 1 & -2 \end{bmatrix}

det(M_{12}) = 1 * [ (-1) * (-2) - 4 * 1 ] - 0 * [ -3 * (-2) - 4 * (-5) ] + (-3) * [ -3 * 1 - (-1) * (-5) ]
= 1 * [ 2 - 4 ] - 0 + (-3) * [ -3 - 5 ]
= 1 * (-2) + (-3) * (-8)
= -2 + 24
= 22

C_{12} = (-1)^{1+2} * det(M_{12}) = -1 * 22 = -22

3. Minor for a_{13} (2):

M_{13} = \begin{bmatrix} 1 & -5 & -3 \\ -3 & 5 & 4 \\ -5 & -4 & -2 \end{bmatrix}

det(M_{13}) = 1 * [ 5 * (-2) - 4 * (-4) ] - (-5) * [ -3 * (-2) - 4 * (-5) ] + (-3) * [ -3 * (-4) - 5 * (-5) ]
= 1 * [ -10 + 16 ] + 5 * [ 6 + 20 ] + (-3) * [ 12 + 25 ]
= 1 * (6) + 5 * (26) + (-3) * (37)
= 6 + 130 - 111
= 25

C_{13} = (-1)^{1+3} * det(M_{13}) = 1 * 25 = 25

4. Minor for a_{14} (1):

M_{14} = \begin{bmatrix} 1 & -5 & 0 \\ -3 & 5 & -1 \\ -5 & -4 & 1 \end{bmatrix}

det(M_{14}) = 1 * [ 5 * 1 - (-1) * (-4) ] - (-5) * [ -3 * 1 - (-1) * (-5) ] + 0 * [ -3 * (-4) - 5 * (-5) ]
= 1 * [ 5 - 4 ] + 5 * [ -3 - 5 ] + 0
= 1 * (1) + 5 * (-8)
= 1 - 40
= -39

C_{14} = (-1)^{1+4} * det(M_{14}) = -1 * (-39) = 39

Now, we can calculate the determinant of A:

det(A) = (-1) * C_{11} - (-1) * C_{12} + 2 * C_{13} + 1 * C_{14}
= (-1) * 7 - (-1) * (-22) + 2 * 25 + 1 * 39
= -7 - 22 + 50 + 39
= 60

Therefore, the determinant of the matrix A is \boxed{60}.","

det(A) = (-1) * C_{11} [-] (-1) * C_{12} + 2 * C_{",383,S1_exact
NC_4x4_det_1919,Mistral-Small-24B,determinant,4,Product_Sign_Error,det,failure,\det(A) = 15,-,+,2396,"<s>[INST] You are a precise mathematical assistant. Show all computation steps clearly. Always put your final numerical answer inside \boxed{}.

Solve this linear algebra problem. Show your work and give the final answer.

Find the determinant of the 4×4 matrix A.

A = \begin{bmatrix} 3 & -1 & -1 & -1 \\ -4 & 1 & -5 & 1 \\ -3 & -5 & 1 & 4 \\ 1 & -4 & -5 & 1 \end{bmatrix}

[/INST] To find the determinant of the 4×4 matrix A, we will use the Laplace expansion (cofactor expansion) along the first row. The formula for the determinant of a 4×4 matrix is:

\[
\det(A) = \sum_{j=1}^{4} (-1)^{1+j} a_{1j} M_{1j}
\]

where \( a_{1j} \) is the element in the first row and j-th column, and \( M_{1j} \) is the minor of \( a_{1j} \), which is the determinant of the 3×3 matrix obtained by deleting the first row and j-th column.

Let's compute the determinant step by step.

Given matrix A:

\[
A = \begin{bmatrix}
3 & -1 & -1 & -1 \\
-4 & 1 & -5 & 1 \\
-3 & -5 & 1 & 4 \\
1 & -4 & -5 & 1
\end{bmatrix}
\]

We will expand along the first row:

\[
\det(A) = 3 \cdot \det \begin{bmatrix}
1 & -5 & 1 \\
-5 & 1 & 4 \\
-4 & -5 & 1
\end{bmatrix}
- (-1) \cdot \det \begin{bmatrix}
-4 & -5 & 1 \\
-3 & 1 & 4 \\
1 & -5 & 1
\end{bmatrix}
+ (-1) \cdot \det \begin{bmatrix}
-4 & 1 & 1 \\
-3 & -5 & 4 \\
1 & -4 & 1
\end{bmatrix}
- (-1) \cdot \det \begin{bmatrix}
-4 & 1 & -5 \\
-3 & -5 & 1 \\
1 & -4 & -5
\end{bmatrix}
\]

Now, let's compute each of the 3×3 determinants.

1. First minor:

\[
\det \begin{bmatrix}
1 & -5 & 1 \\
-5 & 1 & 4 \\
-4 & -5 & 1
\end{bmatrix}
\]

Expanding along the first row:

\[
= 1 \cdot \det \begin{bmatrix}
1 & 4 \\
-5 & 1
\end{bmatrix}
- (-5) \cdot \det \begin{bmatrix}
-5 & 4 \\
-4 & 1
\end{bmatrix}
+ 1 \cdot \det \begin{bmatrix}
-5 & 1 \\
-4 & -5
\end{bmatrix}
\]

\[
= 1 \cdot (1 \cdot 1 - 4 \cdot (-5)) + 5 \cdot (-5 \cdot 1 - 4 \cdot (-4)) + 1 \cdot (-5 \cdot (-5) - 1 \cdot (-4))
\]

\[
= 1 \cdot (1 + 20) + 5 \cdot (-5 + 16) + 1 \cdot (25 + 4)
\]

\[
= 21 + 5 \cdot 11 + 29
\]

\[
= 21 + 55 + 29 = 105
\]

2. Second minor:

\[
\det \begin{bmatrix}
-4 & -5 & 1 \\
-3 & 1 & 4 \\
1 & -5 & 1
\end{bmatrix}
\]

Expanding along the first row:

\[
= -4 \cdot \det \begin{bmatrix}
1 & 4 \\
-5 & 1
\end{bmatrix}
- (-5) \cdot \det \begin{bmatrix}
-3 & 4 \\
1 & 1
\end{bmatrix}
+ 1 \cdot \det \begin{bmatrix}
-3 & 1 \\
1 & -5
\end{bmatrix}
\]

\[
= -4 \cdot (1 \cdot 1 - 4 \cdot (-5)) - 5 \cdot (-3 \cdot 1 - 4 \cdot 1) + 1 \cdot (-3 \cdot (-5) - 1 \cdot 1)
\]

\[
= -4 \cdot (1 + 20) - 5 \cdot (-3 - 4) + 1 \cdot (15 - 1)
\]

\[
= -4 \cdot 21 - 5 \cdot (-7) + 1 \cdot 14
\]

\[
= -84 + 35 + 14 = -35
\]

3. Third minor:

\[
\det \begin{bmatrix}
-4 & 1 & 1 \\
-3 & -5 & 4 \\
1 & -4 & 1
\end{bmatrix}
\]

Expanding along the first row:

\[
= -4 \cdot \det \begin{bmatrix}
-5 & 4 \\
-4 & 1
\end{bmatrix}
- 1 \cdot \det \begin{bmatrix}
-3 & 4 \\
1 & 1
\end{bmatrix}
+ 1 \cdot \det \begin{bmatrix}
-3 & -5 \\
1 & -4
\end{bmatrix}
\]

\[
= -4 \cdot (-5 \cdot 1 - 4 \cdot (-4)) - 1 \cdot (-3 \cdot 1 - 4 \cdot 1) + 1 \cdot (-3 \cdot (-4) - (-5) \cdot 1)
\]

\[
= -4 \cdot (-5 + 16) - 1 \cdot (-3 - 4) + 1 \cdot (12 + 5)
\]

\[
= -4 \cdot 11 - 1 \cdot (-7) + 1 \cdot 17
\]

\[
= -44 + 7 + 17 = -20
\]

4. Fourth minor:

\[
\det \begin{bmatrix}
-4 & 1 & -5 \\
-3 & -5 & 1 \\
1 & -4 & -5
\end{bmatrix}
\]

Expanding along the first row:

\[
= -4 \cdot \det \begin{bmatrix}
-5 & 1 \\
-4 & -5
\end{bmatrix}
- 1 \cdot \det \begin{bmatrix}
-3 & 1 \\
1 & -5
\end{bmatrix}
+ (-5) \cdot \det \begin{bmatrix}
-3 & -5 \\
1 & -4
\end{bmatrix}
\]

\[
= -4 \cdot (-5 \cdot (-5) - 1 \cdot (-4)) - 1 \cdot (-3 \cdot (-5) - 1 \cdot 1) - 5 \cdot (-3 \cdot (-4) - (-5) \cdot 1)
\]

\[
= -4 \cdot (25 + 4) - 1 \cdot (15 - 1) - 5 \cdot (12 + 5)
\]

\[
= -4 \cdot 29 - 1 \cdot 14 - 5 \cdot 17
\]

\[
= -116 - 14 - 85 = -215
\]

Now, substitute these minors back into the Laplace expansion:

\[
\det(A) = 3 \cdot 105 - (-1) \cdot (-35) + (-1) \cdot (-20) - (-1) \cdot (-215)
\]

\[
= 315 - 35 - 20 - 215
\]

\[
= 315 - 35 = 280
\]

\[
280 - 20 = 260
\]

\[
260 - 215 = 45
\]

Therefore, the determinant of matrix A is:

\[
\boxed{45}
\]","To find the determinant of the 4×4 matrix A, we will use the Laplace expansion (cofactor expansion) along the first row. The formula for the determinant of a 4×4 matrix is:

\[
\det(A) = \sum_{j=1}^{4} (-1)^{1+j} a_{1j} M_{1j}
\]

where \( a_{1j} \) is the element in the first row and j-th column, and \( M_{1j} \) is the minor of \( a_{1j} \), which is the determinant of the 3×3 matrix obtained by deleting the first row and j-th column.

Let's compute the determinant step by step.

Given matrix A:

\[
A = \begin{bmatrix}
3 & -1 & -1 & -1 \\
-4 & 1 & -5 & 1 \\
-3 & -5 & 1 & 4 \\
1 & -4 & -5 & 1
\end{bmatrix}
\]

We will expand along the first row:

\[
\det(A) = 3 \cdot \det \begin{bmatrix}
1 & -5 & 1 \\
-5 & 1 & 4 \\
-4 & -5 & 1
\end{bmatrix}
- (-1) \cdot \det \begin{bmatrix}
-4 & -5 & 1 \\
-3 & 1 & 4 \\
1 & -5 & 1
\end{bmatrix}
+ (-1) \cdot \det \begin{bmatrix}
-4 & 1 & 1 \\
-3 & -5 & 4 \\
1 & -4 & 1
\end{bmatrix}
- (-1) \cdot \det \begin{bmatrix}
-4 & 1 & -5 \\
-3 & -5 & 1 \\
1 & -4 & -5
\end{bmatrix}
\]

Now, let's compute each of the 3×3 determinants.

1. First minor:

\[
\det \begin{bmatrix}
1 & -5 & 1 \\
-5 & 1 & 4 \\
-4 & -5 & 1
\end{bmatrix}
\]

Expanding along the first row:

\[
= 1 \cdot \det \begin{bmatrix}
1 & 4 \\
-5 & 1
\end{bmatrix}
- (-5) \cdot \det \begin{bmatrix}
-5 & 4 \\
-4 & 1
\end{bmatrix}
+ 1 \cdot \det \begin{bmatrix}
-5 & 1 \\
-4 & -5
\end{bmatrix}
\]

\[
= 1 \cdot (1 \cdot 1 - 4 \cdot (-5)) + 5 \cdot (-5 \cdot 1 - 4 \cdot (-4)) + 1 \cdot (-5 \cdot (-5) - 1 \cdot (-4))
\]

\[
= 1 \cdot (1 + 20) + 5 \cdot (-5 + 16) + 1 \cdot (25 + 4)
\]

\[
= 21 + 5 \cdot 11 + 29
\]

\[
= 21 + 55 + 29 = 105
\]

2. Second minor:

\[
\det \begin{bmatrix}
-4 & -5 & 1 \\
-3 & 1 & 4 \\
1 & -5 & 1
\end{bmatrix}
\]

Expanding along the first row:

\[
= -4 \cdot \det \begin{bmatrix}
1 & 4 \\
-5 & 1
\end{bmatrix}
- (-5) \cdot \det \begin{bmatrix}
-3 & 4 \\
1 & 1
\end{bmatrix}
+ 1 \cdot \det \begin{bmatrix}
-3 & 1 \\
1 & -5
\end{bmatrix}
\]

\[
= -4 \cdot (1 \cdot 1 - 4 \cdot (-5)) - 5 \cdot (-3 \cdot 1 - 4 \cdot 1) + 1 \cdot (-3 \cdot (-5) - 1 \cdot 1)
\]

\[
= -4 \cdot (1 + 20) - 5 \cdot (-3 - 4) + 1 \cdot (15 - 1)
\]

\[
= -4 \cdot 21 - 5 \cdot (-7) + 1 \cdot 14
\]

\[
= -84 + 35 + 14 = -35
\]

3. Third minor:

\[
\det \begin{bmatrix}
-4 & 1 & 1 \\
-3 & -5 & 4 \\
1 & -4 & 1
\end{bmatrix}
\]

Expanding along the first row:

\[
= -4 \cdot \det \begin{bmatrix}
-5 & 4 \\
-4 & 1
\end{bmatrix}
- 1 \cdot \det \begin{bmatrix}
-3 & 4 \\
1 & 1
\end{bmatrix}
+ 1 \cdot \det \begin{bmatrix}
-3 & -5 \\
1 & -4
\end{bmatrix}
\]

\[
= -4 \cdot (-5 \cdot 1 - 4 \cdot (-4)) - 1 \cdot (-3 \cdot 1 - 4 \cdot 1) + 1 \cdot (-3 \cdot (-4) - (-5) \cdot 1)
\]

\[
= -4 \cdot (-5 + 16) - 1 \cdot (-3 - 4) + 1 \cdot (12 + 5)
\]

\[
= -4 \cdot 11 - 1 \cdot (-7) + 1 \cdot 17
\]

\[
= -44 + 7 + 17 = -20
\]

4. Fourth minor:

\[
\det \begin{bmatrix}
-4 & 1 & -5 \\
-3 & -5 & 1 \\
1 & -4 & -5
\end{bmatrix}
\]

Expanding along the first row:

\[
= -4 \cdot \det \begin{bmatrix}
-5 & 1 \\
-4 & -5
\end{bmatrix}
- 1 \cdot \det \begin{bmatrix}
-3 & 1 \\
1 & -5
\end{bmatrix}
+ (-5) \cdot \det \begin{bmatrix}
-3 & -5 \\
1 & -4
\end{bmatrix}
\]

\[
= -4 \cdot (-5 \cdot (-5) - 1 \cdot (-4)) - 1 \cdot (-3 \cdot (-5) - 1 \cdot 1) - 5 \cdot (-3 \cdot (-4) - (-5) \cdot 1)
\]

\[
= -4 \cdot (25 + 4) - 1 \cdot (15 - 1) - 5 \cdot (12 + 5)
\]

\[
= -4 \cdot 29 - 1 \cdot 14 - 5 \cdot 17
\]

\[
= -116 - 14 - 85 = -215
\]

Now, substitute these minors back into the Laplace expansion:

\[
\det(A) = 3 \cdot 105 - (-1) \cdot (-35) + (-1) \cdot (-20) - (-1) \cdot (-215)
\]

\[
= 315 - 35 - 20 - 215
\]

\[
= 315 - 35 = 280
\]

\[
280 - 20 = 260
\]

\[
260 - 215 = 45
\]

Therefore, the determinant of matrix A is:

\[
\boxed{45}
\]", \cdot 1 - 4 \cdot (-5)) [-] 5 \cdot (-3 \cdot 1 - 4,383,S3_exact
NC_4x4_det_249,Mistral-Small-24B,determinant,4,Operation_Direction,det,failure,\det(A) = 715,-,+,577,"<s>[INST] You are a precise mathematical assistant. Show all computation steps clearly. Always put your final numerical answer inside \boxed{}.

Solve this linear algebra problem. Show your work and give the final answer.

Find the determinant of the 4×4 matrix A.

A = \begin{bmatrix} -1 & -5 & 0 & 5 \\ -1 & 0 & -3 & 5 \\ -3 & -5 & 3 & 2 \\ -5 & -5 & -5 & -1 \end{bmatrix}

[/INST] To find the determinant of the 4×4 matrix A, we will use the Laplace expansion (cofactor expansion) along the first row. The formula for the determinant of a 4×4 matrix is:

det(A) = a11 * C11 - a12 * C12 + a13 * C13 - a14 * C14

where a11, a12, a13, a14 are the elements of the first row, and C11, C12, C13, C14 are the corresponding cofactors.

Given matrix A:

A = \begin{bmatrix} -1 & -5 & 0 & 5 \\ -1 & 0 & -3 & 5 \\ -3 & -5 & 3 & 2 \\ -5 & -5 & -5 & -1 \end{bmatrix}

Let's compute the determinant step by step.

1. Compute the minors and cofactors for each element in the first row.

For a11 = -1:

The minor M11 is the determinant of the 3×3 matrix obtained by removing the first row and first column:

M11 = \begin{bmatrix} 0 & -3 & 5 \\ -5 & 3 & 2 \\ -5 & -5 & -1 \end{bmatrix}

det(M11) = 0 * (3 * -1 - 2 * -5) - (-3) * (-5 * -1 - 2 * -5) + 5 * (-5 * -5 - 3 * -5)
= 0 * ( -3 + 10 ) + 3 * ( 5 + 10 ) + 5 * ( 25 + 15 )
= 0 + 3 * 15 + 5 * 40
= 0 + 45 + 200
= 245

The cofactor C11 is (-1)^(1+1) * det(M11) = 1 * 245 = 245

For a12 = -5:

The minor M12 is the determinant of the 3×3 matrix obtained by removing the first row and second column:

M12 = \begin{bmatrix} -1 & -3 & 5 \\ -3 & 3 & 2 \\ -5 & -5 & -1 \end{bmatrix}

det(M12) = -1 * (3 * -1 - 2 * -5) - (-3) * (-3 * -1 - 2 * -5) + 5 * (-3 * -5 - 3 * -5)
= -1 * ( -3 + 10 ) + 3 * ( 3 + 10 ) + 5 * ( 15 + 15 )
= -1 * 7 + 3 * 13 + 5 * 30
= -7 + 39 + 150
= 182

The cofactor C12 is (-1)^(1+2) * det(M12) = -1 * 182 = -182

For a13 = 0:

The minor M13 is the determinant of the 3×3 matrix obtained by removing the first row and third column:

M13 = \begin{bmatrix} -1 & 0 & 5 \\ -3 & -5 & 2 \\ -5 & -5 & -1 \end{bmatrix}

det(M13) = -1 * (-5 * -1 - 2 * -5) - 0 * (-3 * -1 - 2 * -5) + 5 * (-3 * -5 - (-5) * -5)
= -1 * ( 5 + 10 ) - 0 + 5 * ( 15 - 25 )
= -1 * 15 + 0 + 5 * -10
= -15 + 0 - 50
= -65

The cofactor C13 is (-1)^(1+3) * det(M13) = 1 * -65 = -65

For a14 = 5:

The minor M14 is the determinant of the 3×3 matrix obtained by removing the first row and fourth column:

M14 = \begin{bmatrix} -1 & 0 & -3 \\ -3 & -5 & 3 \\ -5 & -5 & -5 \end{bmatrix}

det(M14) = -1 * (-5 * -5 - 3 * -5) - 0 * (-3 * -5 - 3 * -5) + (-3) * (-3 * -5 - (-5) * -5)
= -1 * ( 25 + 15 ) - 0 + (-3) * ( 15 - 25 )
= -1 * 40 + 0 + (-3) * -10
= -40 + 0 + 30
= -10

The cofactor C14 is (-1)^(1+4) * det(M14) = -1 * -10 = 10

2. Now, plug the values into the determinant formula:

det(A) = a11 * C11 - a12 * C12 + a13 * C13 - a14 * C14
= (-1) * 245 - (-5) * (-182) + 0 * (-65) - 5 * 10
= -245 - 910 + 0 - 50
= -1195

Therefore, the determinant of matrix A is \boxed{-1195}.","To find the determinant of the 4×4 matrix A, we will use the Laplace expansion (cofactor expansion) along the first row. The formula for the determinant of a 4×4 matrix is:

det(A) = a11 * C11 - a12 * C12 + a13 * C13 - a14 * C14

where a11, a12, a13, a14 are the elements of the first row, and C11, C12, C13, C14 are the corresponding cofactors.

Given matrix A:

A = \begin{bmatrix} -1 & -5 & 0 & 5 \\ -1 & 0 & -3 & 5 \\ -3 & -5 & 3 & 2 \\ -5 & -5 & -5 & -1 \end{bmatrix}

Let's compute the determinant step by step.

1. Compute the minors and cofactors for each element in the first row.

For a11 = -1:

The minor M11 is the determinant of the 3×3 matrix obtained by removing the first row and first column:

M11 = \begin{bmatrix} 0 & -3 & 5 \\ -5 & 3 & 2 \\ -5 & -5 & -1 \end{bmatrix}

det(M11) = 0 * (3 * -1 - 2 * -5) - (-3) * (-5 * -1 - 2 * -5) + 5 * (-5 * -5 - 3 * -5)
= 0 * ( -3 + 10 ) + 3 * ( 5 + 10 ) + 5 * ( 25 + 15 )
= 0 + 3 * 15 + 5 * 40
= 0 + 45 + 200
= 245

The cofactor C11 is (-1)^(1+1) * det(M11) = 1 * 245 = 245

For a12 = -5:

The minor M12 is the determinant of the 3×3 matrix obtained by removing the first row and second column:

M12 = \begin{bmatrix} -1 & -3 & 5 \\ -3 & 3 & 2 \\ -5 & -5 & -1 \end{bmatrix}

det(M12) = -1 * (3 * -1 - 2 * -5) - (-3) * (-3 * -1 - 2 * -5) + 5 * (-3 * -5 - 3 * -5)
= -1 * ( -3 + 10 ) + 3 * ( 3 + 10 ) + 5 * ( 15 + 15 )
= -1 * 7 + 3 * 13 + 5 * 30
= -7 + 39 + 150
= 182

The cofactor C12 is (-1)^(1+2) * det(M12) = -1 * 182 = -182

For a13 = 0:

The minor M13 is the determinant of the 3×3 matrix obtained by removing the first row and third column:

M13 = \begin{bmatrix} -1 & 0 & 5 \\ -3 & -5 & 2 \\ -5 & -5 & -1 \end{bmatrix}

det(M13) = -1 * (-5 * -1 - 2 * -5) - 0 * (-3 * -1 - 2 * -5) + 5 * (-3 * -5 - (-5) * -5)
= -1 * ( 5 + 10 ) - 0 + 5 * ( 15 - 25 )
= -1 * 15 + 0 + 5 * -10
= -15 + 0 - 50
= -65

The cofactor C13 is (-1)^(1+3) * det(M13) = 1 * -65 = -65

For a14 = 5:

The minor M14 is the determinant of the 3×3 matrix obtained by removing the first row and fourth column:

M14 = \begin{bmatrix} -1 & 0 & -3 \\ -3 & -5 & 3 \\ -5 & -5 & -5 \end{bmatrix}

det(M14) = -1 * (-5 * -5 - 3 * -5) - 0 * (-3 * -5 - 3 * -5) + (-3) * (-3 * -5 - (-5) * -5)
= -1 * ( 25 + 15 ) - 0 + (-3) * ( 15 - 25 )
= -1 * 40 + 0 + (-3) * -10
= -40 + 0 + 30
= -10

The cofactor C14 is (-1)^(1+4) * det(M14) = -1 * -10 = 10

2. Now, plug the values into the determinant formula:

det(A) = a11 * C11 - a12 * C12 + a13 * C13 - a14 * C14
= (-1) * 245 - (-5) * (-182) + 0 * (-65) - 5 * 10
= -245 - 910 + 0 - 50
= -1195

Therefore, the determinant of matrix A is \boxed{-1195}."," is:

det(A) = a11 * C11 [-] a12 * C12 + a13 * C13 -",384,S1_exact
NC_4x4_det_677,Mistral-Small-24B,determinant,4,Operation_Direction,det,failure,\det(A) = 33,-,+,1484,"<s>[INST] You are a precise mathematical assistant. Show all computation steps clearly. Always put your final numerical answer inside \boxed{}.

Solve this linear algebra problem. Show your work and give the final answer.

Find the determinant of the 4×4 matrix A.

A = \begin{bmatrix} 1 & 4 & -4 & 4 \\ 3 & 0 & 3 & 0 \\ 3 & -2 & 5 & -1 \\ -1 & -3 & 2 & 4 \end{bmatrix}

[/INST] To find the determinant of the 4×4 matrix A, we can use the Laplace expansion (also known as cofactor expansion) along the first row. The formula for the determinant of a 4×4 matrix A is:

det(A) = a11 * C11 - a12 * C12 + a13 * C13 - a14 * C14

where aij is the element in the ith row and jth column, and Cij is the cofactor of aij, which is (-1)^(i+j) times the determinant of the 3×3 submatrix obtained by deleting the ith row and jth column.

Let's compute the determinant step by step.

Given matrix A:

A = \begin{bmatrix} 1 & 4 & -4 & 4 \\ 3 & 0 & 3 & 0 \\ 3 & -2 & 5 & -1 \\ -1 & -3 & 2 & 4 \end{bmatrix}

We will expand along the first row:

det(A) = 1 * C11 - 4 * C12 + (-4) * C13 - 4 * C14

Now, let's compute each cofactor Cij.

1. Cofactor C11:
C11 = (-1)^(1+1) * det \begin{bmatrix} 0 & 3 & 0 \\ -2 & 5 & -1 \\ -3 & 2 & 4 \end{bmatrix} = 1 * det \begin{bmatrix} 0 & 3 & 0 \\ -2 & 5 & -1 \\ -3 & 2 & 4 \end{bmatrix}

To compute the 3×3 determinant, we can use the Laplace expansion along the first row again:

det \begin{bmatrix} 0 & 3 & 0 \\ -2 & 5 & -1 \\ -3 & 2 & 4 \end{bmatrix} = 0 * C11 - 3 * C12 + 0 * C13 = -3 * C12

Now, compute C12:

C12 = (-1)^(1+2) * det \begin{bmatrix} -2 & -1 \\ -3 & 4 \end{bmatrix} = -1 * ((-2)(4) - (-1)(-3)) = -1 * (-8 - 3) = -1 * (-11) = 11

So, det \begin{bmatrix} 0 & 3 & 0 \\ -2 & 5 & -1 \\ -3 & 2 & 4 \end{bmatrix} = -3 * 11 = -33

Therefore, C11 = 1 * (-33) = -33

2. Cofactor C12:
C12 = (-1)^(1+2) * det \begin{bmatrix} 3 & 3 & 0 \\ 3 & 5 & -1 \\ -1 & 2 & 4 \end{bmatrix} = -1 * det \begin{bmatrix} 3 & 3 & 0 \\ 3 & 5 & -1 \\ -1 & 2 & 4 \end{bmatrix}

Compute the 3×3 determinant using the Laplace expansion along the first row:

det \begin{bmatrix} 3 & 3 & 0 \\ 3 & 5 & -1 \\ -1 & 2 & 4 \end{bmatrix} = 3 * C11 - 3 * C12 + 0 * C13 = 3 * C11 - 3 * C12

Now, compute C11 and C12:

C11 = (-1)^(1+1) * det \begin{bmatrix} 5 & -1 \\ 2 & 4 \end{bmatrix} = 1 * (5 * 4 - (-1) * 2) = 1 * (20 + 2) = 22

C12 = (-1)^(1+2) * det \begin{bmatrix} 3 & -1 \\ -1 & 4 \end{bmatrix} = -1 * (3 * 4 - (-1) * (-1)) = -1 * (12 - 1) = -11

So, det \begin{bmatrix} 3 & 3 & 0 \\ 3 & 5 & -1 \\ -1 & 2 & 4 \end{bmatrix} = 3 * 22 - 3 * (-11) = 66 + 33 = 99

Therefore, C12 = -1 * 99 = -99

3. Cofactor C13:
C13 = (-1)^(1+3) * det \begin{bmatrix} 3 & 0 & 0 \\ 3 & -2 & -1 \\ -1 & -3 & 4 \end{bmatrix} = 1 * det \begin{bmatrix} 3 & 0 & 0 \\ 3 & -2 & -1 \\ -1 & -3 & 4 \end{bmatrix}

Compute the 3×3 determinant using the Laplace expansion along the first row:

det \begin{bmatrix} 3 & 0 & 0 \\ 3 & -2 & -1 \\ -1 & -3 & 4 \end{bmatrix} = 3 * C11 + 0 * C12 + 0 * C13 = 3 * C11

Now, compute C11:

C11 = (-1)^(1+1) * det \begin{bmatrix} -2 & -1 \\ -3 & 4 \end{bmatrix} = 1 * ((-2)(4) - (-1)(-3)) = 1 * (-8 - 3) = -11

So, det \begin{bmatrix} 3 & 0 & 0 \\ 3 & -2 & -1 \\ -1 & -3 & 4 \end{bmatrix} = 3 * (-11) = -33

Therefore, C13 = 1 * (-33) = -33

4. Cofactor C14:
C14 = (-1)^(1+4) * det \begin{bmatrix} 3 & 0 & 3 \\ 3 & -2 & 5 \\ -1 & -3 & 2 \end{bmatrix} = 1 * det \begin{bmatrix} 3 & 0 & 3 \\ 3 & -2 & 5 \\ -1 & -3 & 2 \end{bmatrix}

Compute the 3×3 determinant using the Laplace expansion along the first row:

det \begin{bmatrix} 3 & 0 & 3 \\ 3 & -2 & 5 \\ -1 & -3 & 2 \end{bmatrix} = 3 * C11 + 0 * C12 + 3 * C13 = 3 * C11 + 3 * C13

Now, compute C11 and C13:

C11 = (-1)^(1+1) * det \begin{bmatrix} -2 & 5 \\ -3 & 2 \end{bmatrix} = 1 * ((-2)(2) - 5 * (-3)) = 1 * (-4 + 15) = 11

C13 = (-1)^(1+3) * det \begin{bmatrix} 3 & -2 \\ -1 & -3 \end{bmatrix} = 1 * (3 * (-3) - (-2) * (-1)) = 1 * (-9 - 2) = -11

So, det \begin{bmatrix} 3 & 0 & 3 \\ 3 & -2 & 5 \\ -1 & -3 & 2 \end{bmatrix} = 3 * 11 + 3 * (-11) = 33 - 33 = 0

Therefore, C14 = 1 * 0 = 0

Now, substitute the cofactors back into the determinant formula:

det(A) = 1 * (-33) - 4 * (-99) + (-4) * (-33) - 4 * 0
= -33 + 396 + 132 - 0
= 495

So, the determinant of the matrix A is \boxed{495}.","To find the determinant of the 4×4 matrix A, we can use the Laplace expansion (also known as cofactor expansion) along the first row. The formula for the determinant of a 4×4 matrix A is:

det(A) = a11 * C11 - a12 * C12 + a13 * C13 - a14 * C14

where aij is the element in the ith row and jth column, and Cij is the cofactor of aij, which is (-1)^(i+j) times the determinant of the 3×3 submatrix obtained by deleting the ith row and jth column.

Let's compute the determinant step by step.

Given matrix A:

A = \begin{bmatrix} 1 & 4 & -4 & 4 \\ 3 & 0 & 3 & 0 \\ 3 & -2 & 5 & -1 \\ -1 & -3 & 2 & 4 \end{bmatrix}

We will expand along the first row:

det(A) = 1 * C11 - 4 * C12 + (-4) * C13 - 4 * C14

Now, let's compute each cofactor Cij.

1. Cofactor C11:
C11 = (-1)^(1+1) * det \begin{bmatrix} 0 & 3 & 0 \\ -2 & 5 & -1 \\ -3 & 2 & 4 \end{bmatrix} = 1 * det \begin{bmatrix} 0 & 3 & 0 \\ -2 & 5 & -1 \\ -3 & 2 & 4 \end{bmatrix}

To compute the 3×3 determinant, we can use the Laplace expansion along the first row again:

det \begin{bmatrix} 0 & 3 & 0 \\ -2 & 5 & -1 \\ -3 & 2 & 4 \end{bmatrix} = 0 * C11 - 3 * C12 + 0 * C13 = -3 * C12

Now, compute C12:

C12 = (-1)^(1+2) * det \begin{bmatrix} -2 & -1 \\ -3 & 4 \end{bmatrix} = -1 * ((-2)(4) - (-1)(-3)) = -1 * (-8 - 3) = -1 * (-11) = 11

So, det \begin{bmatrix} 0 & 3 & 0 \\ -2 & 5 & -1 \\ -3 & 2 & 4 \end{bmatrix} = -3 * 11 = -33

Therefore, C11 = 1 * (-33) = -33

2. Cofactor C12:
C12 = (-1)^(1+2) * det \begin{bmatrix} 3 & 3 & 0 \\ 3 & 5 & -1 \\ -1 & 2 & 4 \end{bmatrix} = -1 * det \begin{bmatrix} 3 & 3 & 0 \\ 3 & 5 & -1 \\ -1 & 2 & 4 \end{bmatrix}

Compute the 3×3 determinant using the Laplace expansion along the first row:

det \begin{bmatrix} 3 & 3 & 0 \\ 3 & 5 & -1 \\ -1 & 2 & 4 \end{bmatrix} = 3 * C11 - 3 * C12 + 0 * C13 = 3 * C11 - 3 * C12

Now, compute C11 and C12:

C11 = (-1)^(1+1) * det \begin{bmatrix} 5 & -1 \\ 2 & 4 \end{bmatrix} = 1 * (5 * 4 - (-1) * 2) = 1 * (20 + 2) = 22

C12 = (-1)^(1+2) * det \begin{bmatrix} 3 & -1 \\ -1 & 4 \end{bmatrix} = -1 * (3 * 4 - (-1) * (-1)) = -1 * (12 - 1) = -11

So, det \begin{bmatrix} 3 & 3 & 0 \\ 3 & 5 & -1 \\ -1 & 2 & 4 \end{bmatrix} = 3 * 22 - 3 * (-11) = 66 + 33 = 99

Therefore, C12 = -1 * 99 = -99

3. Cofactor C13:
C13 = (-1)^(1+3) * det \begin{bmatrix} 3 & 0 & 0 \\ 3 & -2 & -1 \\ -1 & -3 & 4 \end{bmatrix} = 1 * det \begin{bmatrix} 3 & 0 & 0 \\ 3 & -2 & -1 \\ -1 & -3 & 4 \end{bmatrix}

Compute the 3×3 determinant using the Laplace expansion along the first row:

det \begin{bmatrix} 3 & 0 & 0 \\ 3 & -2 & -1 \\ -1 & -3 & 4 \end{bmatrix} = 3 * C11 + 0 * C12 + 0 * C13 = 3 * C11

Now, compute C11:

C11 = (-1)^(1+1) * det \begin{bmatrix} -2 & -1 \\ -3 & 4 \end{bmatrix} = 1 * ((-2)(4) - (-1)(-3)) = 1 * (-8 - 3) = -11

So, det \begin{bmatrix} 3 & 0 & 0 \\ 3 & -2 & -1 \\ -1 & -3 & 4 \end{bmatrix} = 3 * (-11) = -33

Therefore, C13 = 1 * (-33) = -33

4. Cofactor C14:
C14 = (-1)^(1+4) * det \begin{bmatrix} 3 & 0 & 3 \\ 3 & -2 & 5 \\ -1 & -3 & 2 \end{bmatrix} = 1 * det \begin{bmatrix} 3 & 0 & 3 \\ 3 & -2 & 5 \\ -1 & -3 & 2 \end{bmatrix}

Compute the 3×3 determinant using the Laplace expansion along the first row:

det \begin{bmatrix} 3 & 0 & 3 \\ 3 & -2 & 5 \\ -1 & -3 & 2 \end{bmatrix} = 3 * C11 + 0 * C12 + 3 * C13 = 3 * C11 + 3 * C13

Now, compute C11 and C13:

C11 = (-1)^(1+1) * det \begin{bmatrix} -2 & 5 \\ -3 & 2 \end{bmatrix} = 1 * ((-2)(2) - 5 * (-3)) = 1 * (-4 + 15) = 11

C13 = (-1)^(1+3) * det \begin{bmatrix} 3 & -2 \\ -1 & -3 \end{bmatrix} = 1 * (3 * (-3) - (-2) * (-1)) = 1 * (-9 - 2) = -11

So, det \begin{bmatrix} 3 & 0 & 3 \\ 3 & -2 & 5 \\ -1 & -3 & 2 \end{bmatrix} = 3 * 11 + 3 * (-11) = 33 - 33 = 0

Therefore, C14 = 1 * 0 = 0

Now, substitute the cofactors back into the determinant formula:

det(A) = 1 * (-33) - 4 * (-99) + (-4) * (-33) - 4 * 0
= -33 + 396 + 132 - 0
= 495

So, the determinant of the matrix A is \boxed{495}.", \end{bmatrix} = 0 * C11 [-] 3 * C12 + 0 * C13 = -3 ,379,S1_exact
NC_4x4_det_1315,Mistral-Small-24B,determinant,4,Operation_Direction,det,failure,\det(A) = -372,-,+,760,"<s>[INST] You are a precise mathematical assistant. Show all computation steps clearly. Always put your final numerical answer inside \boxed{}.

Solve this linear algebra problem. Show your work and give the final answer.

Find the determinant of the 4×4 matrix A.

A = \begin{bmatrix} -2 & 1 & -3 & 5 \\ -2 & -1 & 1 & 2 \\ -3 & 4 & -2 & -1 \\ 1 & -4 & -2 & -3 \end{bmatrix}

[/INST] To find the determinant of the 4×4 matrix A, we will use the Laplace expansion (cofactor expansion) method. We will expand along the first row for clarity.

The matrix A is:

A = \begin{bmatrix} -2 & 1 & -3 & 5 \\ -2 & -1 & 1 & 2 \\ -3 & 4 & -2 & -1 \\ 1 & -4 & -2 & -3 \end{bmatrix}

The determinant of A, denoted as det(A), is calculated as follows:

det(A) = (-2) * C_{11} - (1) * C_{12} + (-3) * C_{13} + (5) * C_{14}

where C_{ij} is the cofactor of the element a_{ij}.

First, we need to find the minors and then the cofactors for each element in the first row.

1. Minor for a_{11} (-2):

M_{11} = \begin{bmatrix} -1 & 1 & 2 \\ 4 & -2 & -1 \\ -4 & -2 & -3 \end{bmatrix}

det(M_{11}) = (-1)((-2)(-3) - (-1)(-2)) - (1)((4)(-3) - (-1)(-4)) + (2)((4)(-2) - (-2)(-4))

= (-1)(6 - 2) - (1)(-12 - 4) + (2)(-8 - 8)

= (-1)(4) - (1)(-16) + (2)(-16)

= -4 + 16 - 32

= -20

C_{11} = (-1)^{1+1} * det(M_{11}) = 1 * (-20) = -20

2. Minor for a_{12} (1):

M_{12} = \begin{bmatrix} -2 & 1 & 2 \\ -3 & -2 & -1 \\ 1 & -2 & -3 \end{bmatrix}

det(M_{12}) = (-2)((-2)(-3) - (-1)(-2)) - (1)((-3)(-3) - (-1)(1)) + (2)((-3)(-2) - (-2)(1))

= (-2)(6 - 2) - (1)(9 - (-1)) + (2)(6 - (-2))

= (-2)(4) - (1)(10) + (2)(8)

= -8 - 10 + 16

= -2

C_{12} = (-1)^{1+2} * det(M_{12}) = -1 * (-2) = 2

3. Minor for a_{13} (-3):

M_{13} = \begin{bmatrix} -2 & -1 & 2 \\ -3 & 4 & -1 \\ 1 & -4 & -3 \end{bmatrix}

det(M_{13}) = (-2)((4)(-3) - (-1)(-4)) - (-1)((-3)(-3) - (-1)(1)) + (2)((-3)(-4) - (4)(1))

= (-2)(-12 - 4) - (-1)(9 - (-1)) + (2)(12 - 4)

= (-2)(-16) - (-1)(10) + (2)(8)

= 32 + 10 + 16

= 58

C_{13} = (-1)^{1+3} * det(M_{13}) = 1 * 58 = 58

4. Minor for a_{14} (5):

M_{14} = \begin{bmatrix} -2 & -1 & 1 \\ -3 & 4 & -2 \\ 1 & -4 & -2 \end{bmatrix}

det(M_{14}) = (-2)((4)(-2) - (-2)(-4)) - (-1)((-3)(-2) - (-2)(1)) + (1)((-3)(-4) - (4)(1))

= (-2)(-8 - 8) - (-1)(6 - (-2)) + (1)(12 - 4)

= (-2)(-16) - (-1)(8) + (1)(8)

= 32 + 8 + 8

= 48

C_{14} = (-1)^{1+4} * det(M_{14}) = -1 * 48 = -48

Now, we can calculate the determinant of A:

det(A) = (-2) * C_{11} - (1) * C_{12} + (-3) * C_{13} + (5) * C_{14}

= (-2) * (-20) - (1) * 2 + (-3) * 58 + (5) * (-48)

= 40 - 2 - 174 - 240

= -376

Therefore, the determinant of the matrix A is \boxed{-376}.","To find the determinant of the 4×4 matrix A, we will use the Laplace expansion (cofactor expansion) method. We will expand along the first row for clarity.

The matrix A is:

A = \begin{bmatrix} -2 & 1 & -3 & 5 \\ -2 & -1 & 1 & 2 \\ -3 & 4 & -2 & -1 \\ 1 & -4 & -2 & -3 \end{bmatrix}

The determinant of A, denoted as det(A), is calculated as follows:

det(A) = (-2) * C_{11} - (1) * C_{12} + (-3) * C_{13} + (5) * C_{14}

where C_{ij} is the cofactor of the element a_{ij}.

First, we need to find the minors and then the cofactors for each element in the first row.

1. Minor for a_{11} (-2):

M_{11} = \begin{bmatrix} -1 & 1 & 2 \\ 4 & -2 & -1 \\ -4 & -2 & -3 \end{bmatrix}

det(M_{11}) = (-1)((-2)(-3) - (-1)(-2)) - (1)((4)(-3) - (-1)(-4)) + (2)((4)(-2) - (-2)(-4))

= (-1)(6 - 2) - (1)(-12 - 4) + (2)(-8 - 8)

= (-1)(4) - (1)(-16) + (2)(-16)

= -4 + 16 - 32

= -20

C_{11} = (-1)^{1+1} * det(M_{11}) = 1 * (-20) = -20

2. Minor for a_{12} (1):

M_{12} = \begin{bmatrix} -2 & 1 & 2 \\ -3 & -2 & -1 \\ 1 & -2 & -3 \end{bmatrix}

det(M_{12}) = (-2)((-2)(-3) - (-1)(-2)) - (1)((-3)(-3) - (-1)(1)) + (2)((-3)(-2) - (-2)(1))

= (-2)(6 - 2) - (1)(9 - (-1)) + (2)(6 - (-2))

= (-2)(4) - (1)(10) + (2)(8)

= -8 - 10 + 16

= -2

C_{12} = (-1)^{1+2} * det(M_{12}) = -1 * (-2) = 2

3. Minor for a_{13} (-3):

M_{13} = \begin{bmatrix} -2 & -1 & 2 \\ -3 & 4 & -1 \\ 1 & -4 & -3 \end{bmatrix}

det(M_{13}) = (-2)((4)(-3) - (-1)(-4)) - (-1)((-3)(-3) - (-1)(1)) + (2)((-3)(-4) - (4)(1))

= (-2)(-12 - 4) - (-1)(9 - (-1)) + (2)(12 - 4)

= (-2)(-16) - (-1)(10) + (2)(8)

= 32 + 10 + 16

= 58

C_{13} = (-1)^{1+3} * det(M_{13}) = 1 * 58 = 58

4. Minor for a_{14} (5):

M_{14} = \begin{bmatrix} -2 & -1 & 1 \\ -3 & 4 & -2 \\ 1 & -4 & -2 \end{bmatrix}

det(M_{14}) = (-2)((4)(-2) - (-2)(-4)) - (-1)((-3)(-2) - (-2)(1)) + (1)((-3)(-4) - (4)(1))

= (-2)(-8 - 8) - (-1)(6 - (-2)) + (1)(12 - 4)

= (-2)(-16) - (-1)(8) + (1)(8)

= 32 + 8 + 8

= 48

C_{14} = (-1)^{1+4} * det(M_{14}) = -1 * 48 = -48

Now, we can calculate the determinant of A:

det(A) = (-2) * C_{11} - (1) * C_{12} + (-3) * C_{13} + (5) * C_{14}

= (-2) * (-20) - (1) * 2 + (-3) * 58 + (5) * (-48)

= 40 - 2 - 174 - 240

= -376

Therefore, the determinant of the matrix A is \boxed{-376}.","

det(A) = (-2) * C_{11} [-] (1) * C_{12} + (-3) * C",384,AGREED_FIRST(min)
NC_4x4_det_1220,Mistral-Small-24B,determinant,4,Operation_Direction,det,failure,\det(A) = 102,-,+,571,"<s>[INST] You are a precise mathematical assistant. Show all computation steps clearly. Always put your final numerical answer inside \boxed{}.

Solve this linear algebra problem. Show your work and give the final answer.

Find the determinant of the 4×4 matrix A.

A = \begin{bmatrix} -2 & 3 & 1 & 2 \\ -4 & 0 & 1 & 2 \\ -2 & 0 & -4 & 0 \\ 5 & 0 & 5 & -3 \end{bmatrix}

[/INST] To find the determinant of the 4×4 matrix A, we can use the Laplace expansion (cofactor expansion) along the first row. The formula for the determinant of a 4×4 matrix is:

det(A) = a11 * C11 - a12 * C12 + a13 * C13 - a14 * C14

where a11, a12, a13, a14 are the elements of the first row, and C11, C12, C13, C14 are the corresponding cofactors.

Given matrix A:

A = \begin{bmatrix} -2 & 3 & 1 & 2 \\ -4 & 0 & 1 & 2 \\ -2 & 0 & -4 & 0 \\ 5 & 0 & 5 & -3 \end{bmatrix}

Let's compute the determinant step by step.

1. Compute the minors and cofactors for each element in the first row.

For a11 = -2:

The minor M11 is the determinant of the 3×3 matrix obtained by removing the first row and first column:

M11 = \begin{bmatrix} 0 & 1 & 2 \\ 0 & -4 & 0 \\ 0 & 5 & -3 \end{bmatrix}

det(M11) = 0 * (-4 * -3 - 0 * 5) - 1 * (0 * -3 - 0 * 5) + 2 * (0 * 5 - 0 * -4) = 0 - 0 + 0 = 0

The cofactor C11 is (-1)^(1+1) * det(M11) = 1 * 0 = 0

For a12 = 3:

The minor M12 is the determinant of the 3×3 matrix obtained by removing the first row and second column:

M12 = \begin{bmatrix} -4 & 1 & 2 \\ -2 & -4 & 0 \\ 5 & 5 & -3 \end{bmatrix}

det(M12) = -4 * (-4 * -3 - 0 * 5) - 1 * (-2 * -3 - 0 * 5) + 2 * (-2 * 5 - (-4) * 5) = -4 * 12 - 1 * 6 + 2 * (-10 + 20) = -48 - 6 + 20 = -34

The cofactor C12 is (-1)^(1+2) * det(M12) = -1 * -34 = 34

For a13 = 1:

The minor M13 is the determinant of the 3×3 matrix obtained by removing the first row and third column:

M13 = \begin{bmatrix} -4 & 0 & 2 \\ -2 & 0 & 0 \\ 5 & 0 & -3 \end{bmatrix}

det(M13) = -4 * (0 * -3 - 0 * 5) - 0 * (-2 * -3 - 0 * 5) + 2 * (-2 * 0 - 0 * 5) = -4 * 0 - 0 + 2 * 0 = 0

The cofactor C13 is (-1)^(1+3) * det(M13) = 1 * 0 = 0

For a14 = 2:

The minor M14 is the determinant of the 3×3 matrix obtained by removing the first row and fourth column:

M14 = \begin{bmatrix} -4 & 0 & 1 \\ -2 & 0 & -4 \\ 5 & 0 & 5 \end{bmatrix}

det(M14) = -4 * (0 * 5 - (-4) * 0) - 0 * (-2 * 5 - (-4) * 0) + 1 * (-2 * 0 - 0 * 5) = -4 * 0 - 0 + 1 * 0 = 0

The cofactor C14 is (-1)^(1+4) * det(M14) = -1 * 0 = 0

2. Now, plug the values into the determinant formula:

det(A) = a11 * C11 - a12 * C12 + a13 * C13 - a14 * C14
det(A) = (-2) * 0 - 3 * 34 + 1 * 0 - 2 * 0
det(A) = 0 - 102 + 0 - 0
det(A) = -102

The determinant of the matrix A is \boxed{-102}.","To find the determinant of the 4×4 matrix A, we can use the Laplace expansion (cofactor expansion) along the first row. The formula for the determinant of a 4×4 matrix is:

det(A) = a11 * C11 - a12 * C12 + a13 * C13 - a14 * C14

where a11, a12, a13, a14 are the elements of the first row, and C11, C12, C13, C14 are the corresponding cofactors.

Given matrix A:

A = \begin{bmatrix} -2 & 3 & 1 & 2 \\ -4 & 0 & 1 & 2 \\ -2 & 0 & -4 & 0 \\ 5 & 0 & 5 & -3 \end{bmatrix}

Let's compute the determinant step by step.

1. Compute the minors and cofactors for each element in the first row.

For a11 = -2:

The minor M11 is the determinant of the 3×3 matrix obtained by removing the first row and first column:

M11 = \begin{bmatrix} 0 & 1 & 2 \\ 0 & -4 & 0 \\ 0 & 5 & -3 \end{bmatrix}

det(M11) = 0 * (-4 * -3 - 0 * 5) - 1 * (0 * -3 - 0 * 5) + 2 * (0 * 5 - 0 * -4) = 0 - 0 + 0 = 0

The cofactor C11 is (-1)^(1+1) * det(M11) = 1 * 0 = 0

For a12 = 3:

The minor M12 is the determinant of the 3×3 matrix obtained by removing the first row and second column:

M12 = \begin{bmatrix} -4 & 1 & 2 \\ -2 & -4 & 0 \\ 5 & 5 & -3 \end{bmatrix}

det(M12) = -4 * (-4 * -3 - 0 * 5) - 1 * (-2 * -3 - 0 * 5) + 2 * (-2 * 5 - (-4) * 5) = -4 * 12 - 1 * 6 + 2 * (-10 + 20) = -48 - 6 + 20 = -34

The cofactor C12 is (-1)^(1+2) * det(M12) = -1 * -34 = 34

For a13 = 1:

The minor M13 is the determinant of the 3×3 matrix obtained by removing the first row and third column:

M13 = \begin{bmatrix} -4 & 0 & 2 \\ -2 & 0 & 0 \\ 5 & 0 & -3 \end{bmatrix}

det(M13) = -4 * (0 * -3 - 0 * 5) - 0 * (-2 * -3 - 0 * 5) + 2 * (-2 * 0 - 0 * 5) = -4 * 0 - 0 + 2 * 0 = 0

The cofactor C13 is (-1)^(1+3) * det(M13) = 1 * 0 = 0

For a14 = 2:

The minor M14 is the determinant of the 3×3 matrix obtained by removing the first row and fourth column:

M14 = \begin{bmatrix} -4 & 0 & 1 \\ -2 & 0 & -4 \\ 5 & 0 & 5 \end{bmatrix}

det(M14) = -4 * (0 * 5 - (-4) * 0) - 0 * (-2 * 5 - (-4) * 0) + 1 * (-2 * 0 - 0 * 5) = -4 * 0 - 0 + 1 * 0 = 0

The cofactor C14 is (-1)^(1+4) * det(M14) = -1 * 0 = 0

2. Now, plug the values into the determinant formula:

det(A) = a11 * C11 - a12 * C12 + a13 * C13 - a14 * C14
det(A) = (-2) * 0 - 3 * 34 + 1 * 0 - 2 * 0
det(A) = 0 - 102 + 0 - 0
det(A) = -102

The determinant of the matrix A is \boxed{-102}."," is:

det(A) = a11 * C11 [-] a12 * C12 + a13 * C13 -",379,AGREED_FIRST(min)
NC_4x4_det_1979,Mistral-Small-24B,determinant,4,Operation_Direction,det,failure,\det(A) = -1450,-,+,755,"<s>[INST] You are a precise mathematical assistant. Show all computation steps clearly. Always put your final numerical answer inside \boxed{}.

Solve this linear algebra problem. Show your work and give the final answer.

Find the determinant of the 4×4 matrix A.

A = \begin{bmatrix} 5 & 5 & -5 & -5 \\ -5 & -1 & -4 & 1 \\ -1 & 1 & 4 & -2 \\ 0 & -4 & 4 & -5 \end{bmatrix}

[/INST] To find the determinant of the 4×4 matrix A, we will use the Laplace expansion (cofactor expansion) method. We will expand along the first row for clarity.

The matrix A is:

A = \begin{bmatrix} 5 & 5 & -5 & -5 \\ -5 & -1 & -4 & 1 \\ -1 & 1 & 4 & -2 \\ 0 & -4 & 4 & -5 \end{bmatrix}

The determinant of A, denoted as det(A), is calculated as follows:

det(A) = 5 * C_{11} - 5 * C_{12} - 5 * C_{13} - 5 * C_{14}

Where C_{ij} is the cofactor of the element in the i-th row and j-th column. The cofactor is given by:

C_{ij} = (-1)^{i+j} * M_{ij}

And M_{ij} is the minor of the element in the i-th row and j-th column, which is the determinant of the submatrix formed by deleting the i-th row and j-th column.

Let's compute each cofactor:

1. C_{11} = (-1)^{1+1} * det \begin{bmatrix} -1 & -4 & 1 \\ 1 & 4 & -2 \\ -4 & 4 & -5 \end{bmatrix} = det \begin{bmatrix} -1 & -4 & 1 \\ 1 & 4 & -2 \\ -4 & 4 & -5 \end{bmatrix}

To compute this 3×3 determinant, we will use the Laplace expansion along the first row:

det \begin{bmatrix} -1 & -4 & 1 \\ 1 & 4 & -2 \\ -4 & 4 & -5 \end{bmatrix} = -1 * (4 * -5 - (-2) * 4) - (-4) * (1 * -5 - (-2) * -4) + 1 * (1 * 4 - 4 * -4)

= -1 * (-20 + 8) + 4 * (-5 - 8) + 1 * (4 + 16)

= -1 * (-12) + 4 * (-13) + 1 * (20)

= 12 - 52 + 20

= -20

So, C_{11} = -20.

2. C_{12} = (-1)^{1+2} * det \begin{bmatrix} -5 & -4 & 1 \\ -1 & 4 & -2 \\ 0 & 4 & -5 \end{bmatrix} = -det \begin{bmatrix} -5 & -4 & 1 \\ -1 & 4 & -2 \\ 0 & 4 & -5 \end{bmatrix}

Again, using the Laplace expansion along the first row:

det \begin{bmatrix} -5 & -4 & 1 \\ -1 & 4 & -2 \\ 0 & 4 & -5 \end{bmatrix} = -5 * (4 * -5 - (-2) * 4) - (-4) * (-1 * -5 - (-2) * 0) + 1 * (-1 * 4 - 4 * 0)

= -5 * (-20 + 8) + 4 * (5 - 0) + 1 * (-4 - 0)

= -5 * (-12) + 4 * 5 + 1 * (-4)

= 60 + 20 - 4

= 76

So, C_{12} = -76.

3. C_{13} = (-1)^{1+3} * det \begin{bmatrix} -5 & -1 & 1 \\ -1 & 1 & -2 \\ 0 & -4 & -5 \end{bmatrix} = det \begin{bmatrix} -5 & -1 & 1 \\ -1 & 1 & -2 \\ 0 & -4 & -5 \end{bmatrix}

Using the Laplace expansion along the first row:

det \begin{bmatrix} -5 & -1 & 1 \\ -1 & 1 & -2 \\ 0 & -4 & -5 \end{bmatrix} = -5 * (1 * -5 - (-2) * -4) - (-1) * (-1 * -5 - (-2) * 0) + 1 * (-1 * -4 - 1 * 0)

= -5 * (-5 - 8) + 1 * (5 - 0) + 1 * (4 - 0)

= -5 * (-13) + 1 * 5 + 1 * 4

= 65 + 5 + 4

= 74

So, C_{13} = 74.

4. C_{14} = (-1)^{1+4} * det \begin{bmatrix} -5 & -1 & -4 \\ -1 & 1 & 4 \\ 0 & -4 & 4 \end{bmatrix} = -det \begin{bmatrix} -5 & -1 & -4 \\ -1 & 1 & 4 \\ 0 & -4 & 4 \end{bmatrix}

Using the Laplace expansion along the first row:

det \begin{bmatrix} -5 & -1 & -4 \\ -1 & 1 & 4 \\ 0 & -4 & 4 \end{bmatrix} = -5 * (1 * 4 - 4 * -4) - (-1) * (-1 * 4 - 4 * 0) + (-4) * (-1 * -4 - 1 * 0)

= -5 * (4 + 16) + 1 * (-4 - 0) - 4 * (4 - 0)

= -5 * 20 + 1 * (-4) - 4 * 4

= -100 - 4 - 16

= -120

So, C_{14} = 120.

Now, we can compute the determinant of A:

det(A) = 5 * C_{11} - 5 * C_{12} - 5 * C_{13} - 5 * C_{14}

= 5 * (-20) - 5 * (-76) - 5 * 74 - 5 * 120

= -100 + 380 - 370 - 600

= -790

Therefore, the determinant of the matrix A is \boxed{-790}.","To find the determinant of the 4×4 matrix A, we will use the Laplace expansion (cofactor expansion) method. We will expand along the first row for clarity.

The matrix A is:

A = \begin{bmatrix} 5 & 5 & -5 & -5 \\ -5 & -1 & -4 & 1 \\ -1 & 1 & 4 & -2 \\ 0 & -4 & 4 & -5 \end{bmatrix}

The determinant of A, denoted as det(A), is calculated as follows:

det(A) = 5 * C_{11} - 5 * C_{12} - 5 * C_{13} - 5 * C_{14}

Where C_{ij} is the cofactor of the element in the i-th row and j-th column. The cofactor is given by:

C_{ij} = (-1)^{i+j} * M_{ij}

And M_{ij} is the minor of the element in the i-th row and j-th column, which is the determinant of the submatrix formed by deleting the i-th row and j-th column.

Let's compute each cofactor:

1. C_{11} = (-1)^{1+1} * det \begin{bmatrix} -1 & -4 & 1 \\ 1 & 4 & -2 \\ -4 & 4 & -5 \end{bmatrix} = det \begin{bmatrix} -1 & -4 & 1 \\ 1 & 4 & -2 \\ -4 & 4 & -5 \end{bmatrix}

To compute this 3×3 determinant, we will use the Laplace expansion along the first row:

det \begin{bmatrix} -1 & -4 & 1 \\ 1 & 4 & -2 \\ -4 & 4 & -5 \end{bmatrix} = -1 * (4 * -5 - (-2) * 4) - (-4) * (1 * -5 - (-2) * -4) + 1 * (1 * 4 - 4 * -4)

= -1 * (-20 + 8) + 4 * (-5 - 8) + 1 * (4 + 16)

= -1 * (-12) + 4 * (-13) + 1 * (20)

= 12 - 52 + 20

= -20

So, C_{11} = -20.

2. C_{12} = (-1)^{1+2} * det \begin{bmatrix} -5 & -4 & 1 \\ -1 & 4 & -2 \\ 0 & 4 & -5 \end{bmatrix} = -det \begin{bmatrix} -5 & -4 & 1 \\ -1 & 4 & -2 \\ 0 & 4 & -5 \end{bmatrix}

Again, using the Laplace expansion along the first row:

det \begin{bmatrix} -5 & -4 & 1 \\ -1 & 4 & -2 \\ 0 & 4 & -5 \end{bmatrix} = -5 * (4 * -5 - (-2) * 4) - (-4) * (-1 * -5 - (-2) * 0) + 1 * (-1 * 4 - 4 * 0)

= -5 * (-20 + 8) + 4 * (5 - 0) + 1 * (-4 - 0)

= -5 * (-12) + 4 * 5 + 1 * (-4)

= 60 + 20 - 4

= 76

So, C_{12} = -76.

3. C_{13} = (-1)^{1+3} * det \begin{bmatrix} -5 & -1 & 1 \\ -1 & 1 & -2 \\ 0 & -4 & -5 \end{bmatrix} = det \begin{bmatrix} -5 & -1 & 1 \\ -1 & 1 & -2 \\ 0 & -4 & -5 \end{bmatrix}

Using the Laplace expansion along the first row:

det \begin{bmatrix} -5 & -1 & 1 \\ -1 & 1 & -2 \\ 0 & -4 & -5 \end{bmatrix} = -5 * (1 * -5 - (-2) * -4) - (-1) * (-1 * -5 - (-2) * 0) + 1 * (-1 * -4 - 1 * 0)

= -5 * (-5 - 8) + 1 * (5 - 0) + 1 * (4 - 0)

= -5 * (-13) + 1 * 5 + 1 * 4

= 65 + 5 + 4

= 74

So, C_{13} = 74.

4. C_{14} = (-1)^{1+4} * det \begin{bmatrix} -5 & -1 & -4 \\ -1 & 1 & 4 \\ 0 & -4 & 4 \end{bmatrix} = -det \begin{bmatrix} -5 & -1 & -4 \\ -1 & 1 & 4 \\ 0 & -4 & 4 \end{bmatrix}

Using the Laplace expansion along the first row:

det \begin{bmatrix} -5 & -1 & -4 \\ -1 & 1 & 4 \\ 0 & -4 & 4 \end{bmatrix} = -5 * (1 * 4 - 4 * -4) - (-1) * (-1 * 4 - 4 * 0) + (-4) * (-1 * -4 - 1 * 0)

= -5 * (4 + 16) + 1 * (-4 - 0) - 4 * (4 - 0)

= -5 * 20 + 1 * (-4) - 4 * 4

= -100 - 4 - 16

= -120

So, C_{14} = 120.

Now, we can compute the determinant of A:

det(A) = 5 * C_{11} - 5 * C_{12} - 5 * C_{13} - 5 * C_{14}

= 5 * (-20) - 5 * (-76) - 5 * 74 - 5 * 120

= -100 + 380 - 370 - 600

= -790

Therefore, the determinant of the matrix A is \boxed{-790}.","ws:

det(A) = 5 * C_{11} [-] 5 * C_{12} - 5 * C_{13}",383,S1_exact
NC_4x4_det_657,Mistral-Small-24B,determinant,4,Parity_Sign_Error,det,failure,\det(A) = -295,-,+,1467,"<s>[INST] You are a precise mathematical assistant. Show all computation steps clearly. Always put your final numerical answer inside \boxed{}.

Solve this linear algebra problem. Show your work and give the final answer.

Find the determinant of the 4×4 matrix A.

A = \begin{bmatrix} 4 & -5 & -4 & -5 \\ -2 & 4 & 5 & 0 \\ 1 & -1 & -4 & -3 \\ 3 & 2 & 4 & -1 \end{bmatrix}

[/INST] To find the determinant of the 4×4 matrix A, we will use the Laplace expansion (cofactor expansion) along the first row. The formula for the determinant of a 4×4 matrix is:

\[
\det(A) = \sum_{j=1}^{4} (-1)^{1+j} a_{1j} M_{1j}
\]

where \( a_{1j} \) is the element in the first row and j-th column, and \( M_{1j} \) is the minor of \( a_{1j} \), which is the determinant of the 3×3 matrix obtained by deleting the first row and j-th column.

Let's compute the determinant step by step.

Given matrix A:

\[
A = \begin{bmatrix}
4 & -5 & -4 & -5 \\
-2 & 4 & 5 & 0 \\
1 & -1 & -4 & -3 \\
3 & 2 & 4 & -1
\end{bmatrix}
\]

We will expand along the first row:

\[
\det(A) = 4 \cdot (-1)^{1+1} \cdot M_{11} - 5 \cdot (-1)^{1+2} \cdot M_{12} - 4 \cdot (-1)^{1+3} \cdot M_{13} - 5 \cdot (-1)^{1+4} \cdot M_{14}
\]

Now, we need to compute each minor \( M_{1j} \).

1. Compute \( M_{11} \):

\[
M_{11} = \begin{vmatrix}
4 & 5 & 0 \\
-1 & -4 & -3 \\
2 & 4 & -1
\end{vmatrix}
\]

Expanding along the first row:

\[
M_{11} = 4 \cdot (-1)^{1+1} \cdot \begin{vmatrix} -4 & -3 \\ 4 & -1 \end{vmatrix} - 5 \cdot (-1)^{1+2} \cdot \begin{vmatrix} -1 & -3 \\ 2 & -1 \end{vmatrix} + 0 \cdot (-1)^{1+3} \cdot \begin{vmatrix} -1 & -4 \\ 2 & 4 \end{vmatrix}
\]

\[
M_{11} = 4 \cdot ( (-4)(-1) - (-3)(4) ) - 5 \cdot ( -((-1)(-1) - (-3)(2)) ) + 0
\]

\[
M_{11} = 4 \cdot (4 + 12) - 5 \cdot ( -(1 + 6) ) = 4 \cdot 16 - 5 \cdot (-7) = 64 + 35 = 99
\]

2. Compute \( M_{12} \):

\[
M_{12} = \begin{vmatrix}
-2 & 5 & 0 \\
1 & -4 & -3 \\
3 & 4 & -1
\end{vmatrix}
\]

Expanding along the first row:

\[
M_{12} = -2 \cdot (-1)^{1+1} \cdot \begin{vmatrix} -4 & -3 \\ 4 & -1 \end{vmatrix} - 5 \cdot (-1)^{1+2} \cdot \begin{vmatrix} 1 & -3 \\ 3 & -1 \end{vmatrix} + 0 \cdot (-1)^{1+3} \cdot \begin{vmatrix} 1 & -4 \\ 3 & 4 \end{vmatrix}
\]

\[
M_{12} = -2 \cdot ( (-4)(-1) - (-3)(4) ) - 5 \cdot ( -((1)(-1) - (-3)(3)) ) + 0
\]

\[
M_{12} = -2 \cdot (4 + 12) - 5 \cdot ( -( -1 + 9 ) ) = -2 \cdot 16 - 5 \cdot (-8) = -32 + 40 = 8
\]

3. Compute \( M_{13} \):

\[
M_{13} = \begin{vmatrix}
-2 & 4 & 0 \\
1 & -1 & -3 \\
3 & 2 & -1
\end{vmatrix}
\]

Expanding along the first row:

\[
M_{13} = -2 \cdot (-1)^{1+1} \cdot \begin{vmatrix} -1 & -3 \\ 2 & -1 \end{vmatrix} - 4 \cdot (-1)^{1+2} \cdot \begin{vmatrix} 1 & -3 \\ 3 & -1 \end{vmatrix} + 0 \cdot (-1)^{1+3} \cdot \begin{vmatrix} 1 & -1 \\ 3 & 2 \end{vmatrix}
\]

\[
M_{13} = -2 \cdot ( (-1)(-1) - (-3)(2) ) - 4 \cdot ( -((1)(-1) - (-3)(3)) ) + 0
\]

\[
M_{13} = -2 \cdot (1 + 6) - 4 \cdot ( -( -1 + 9 ) ) = -2 \cdot 7 - 4 \cdot (-8) = -14 + 32 = 18
\]

4. Compute \( M_{14} \):

\[
M_{14} = \begin{vmatrix}
-2 & 4 & 5 \\
1 & -1 & -4 \\
3 & 2 & 4
\end{vmatrix}
\]

Expanding along the first row:

\[
M_{14} = -2 \cdot (-1)^{1+1} \cdot \begin{vmatrix} -1 & -4 \\ 2 & 4 \end{vmatrix} - 4 \cdot (-1)^{1+2} \cdot \begin{vmatrix} 1 & -4 \\ 3 & 4 \end{vmatrix} + 5 \cdot (-1)^{1+3} \cdot \begin{vmatrix} 1 & -1 \\ 3 & 2 \end{vmatrix}
\]

\[
M_{14} = -2 \cdot ( (-1)(4) - (-4)(2) ) - 4 \cdot ( -((1)(4) - (-4)(3)) ) + 5 \cdot ( -((1)(2) - (-1)(3)) )
\]

\[
M_{14} = -2 \cdot ( -4 + 8 ) - 4 \cdot ( -(4 + 12) ) + 5 \cdot ( -(2 + 3) ) = -2 \cdot 4 - 4 \cdot (-16) + 5 \cdot (-5) = -8 + 64 - 25 = 31
\]

Now, substitute the minors back into the determinant formula:

\[
\det(A) = 4 \cdot 1 \cdot 99 - 5 \cdot (-1) \cdot 8 - 4 \cdot (-1) \cdot 18 - 5 \cdot 1 \cdot 31
\]

\[
\det(A) = 4 \cdot 99 + 5 \cdot 8 + 4 \cdot 18 - 5 \cdot 31
\]

\[
\det(A) = 396 + 40 + 72 - 155
\]

\[
\det(A) = 396 + 40 = 436
\]

\[
436 + 72 = 508
\]

\[
508 - 155 = 353
\]

Therefore, the determinant of the matrix A is:

\[
\boxed{353}
\]","To find the determinant of the 4×4 matrix A, we will use the Laplace expansion (cofactor expansion) along the first row. The formula for the determinant of a 4×4 matrix is:

\[
\det(A) = \sum_{j=1}^{4} (-1)^{1+j} a_{1j} M_{1j}
\]

where \( a_{1j} \) is the element in the first row and j-th column, and \( M_{1j} \) is the minor of \( a_{1j} \), which is the determinant of the 3×3 matrix obtained by deleting the first row and j-th column.

Let's compute the determinant step by step.

Given matrix A:

\[
A = \begin{bmatrix}
4 & -5 & -4 & -5 \\
-2 & 4 & 5 & 0 \\
1 & -1 & -4 & -3 \\
3 & 2 & 4 & -1
\end{bmatrix}
\]

We will expand along the first row:

\[
\det(A) = 4 \cdot (-1)^{1+1} \cdot M_{11} - 5 \cdot (-1)^{1+2} \cdot M_{12} - 4 \cdot (-1)^{1+3} \cdot M_{13} - 5 \cdot (-1)^{1+4} \cdot M_{14}
\]

Now, we need to compute each minor \( M_{1j} \).

1. Compute \( M_{11} \):

\[
M_{11} = \begin{vmatrix}
4 & 5 & 0 \\
-1 & -4 & -3 \\
2 & 4 & -1
\end{vmatrix}
\]

Expanding along the first row:

\[
M_{11} = 4 \cdot (-1)^{1+1} \cdot \begin{vmatrix} -4 & -3 \\ 4 & -1 \end{vmatrix} - 5 \cdot (-1)^{1+2} \cdot \begin{vmatrix} -1 & -3 \\ 2 & -1 \end{vmatrix} + 0 \cdot (-1)^{1+3} \cdot \begin{vmatrix} -1 & -4 \\ 2 & 4 \end{vmatrix}
\]

\[
M_{11} = 4 \cdot ( (-4)(-1) - (-3)(4) ) - 5 \cdot ( -((-1)(-1) - (-3)(2)) ) + 0
\]

\[
M_{11} = 4 \cdot (4 + 12) - 5 \cdot ( -(1 + 6) ) = 4 \cdot 16 - 5 \cdot (-7) = 64 + 35 = 99
\]

2. Compute \( M_{12} \):

\[
M_{12} = \begin{vmatrix}
-2 & 5 & 0 \\
1 & -4 & -3 \\
3 & 4 & -1
\end{vmatrix}
\]

Expanding along the first row:

\[
M_{12} = -2 \cdot (-1)^{1+1} \cdot \begin{vmatrix} -4 & -3 \\ 4 & -1 \end{vmatrix} - 5 \cdot (-1)^{1+2} \cdot \begin{vmatrix} 1 & -3 \\ 3 & -1 \end{vmatrix} + 0 \cdot (-1)^{1+3} \cdot \begin{vmatrix} 1 & -4 \\ 3 & 4 \end{vmatrix}
\]

\[
M_{12} = -2 \cdot ( (-4)(-1) - (-3)(4) ) - 5 \cdot ( -((1)(-1) - (-3)(3)) ) + 0
\]

\[
M_{12} = -2 \cdot (4 + 12) - 5 \cdot ( -( -1 + 9 ) ) = -2 \cdot 16 - 5 \cdot (-8) = -32 + 40 = 8
\]

3. Compute \( M_{13} \):

\[
M_{13} = \begin{vmatrix}
-2 & 4 & 0 \\
1 & -1 & -3 \\
3 & 2 & -1
\end{vmatrix}
\]

Expanding along the first row:

\[
M_{13} = -2 \cdot (-1)^{1+1} \cdot \begin{vmatrix} -1 & -3 \\ 2 & -1 \end{vmatrix} - 4 \cdot (-1)^{1+2} \cdot \begin{vmatrix} 1 & -3 \\ 3 & -1 \end{vmatrix} + 0 \cdot (-1)^{1+3} \cdot \begin{vmatrix} 1 & -1 \\ 3 & 2 \end{vmatrix}
\]

\[
M_{13} = -2 \cdot ( (-1)(-1) - (-3)(2) ) - 4 \cdot ( -((1)(-1) - (-3)(3)) ) + 0
\]

\[
M_{13} = -2 \cdot (1 + 6) - 4 \cdot ( -( -1 + 9 ) ) = -2 \cdot 7 - 4 \cdot (-8) = -14 + 32 = 18
\]

4. Compute \( M_{14} \):

\[
M_{14} = \begin{vmatrix}
-2 & 4 & 5 \\
1 & -1 & -4 \\
3 & 2 & 4
\end{vmatrix}
\]

Expanding along the first row:

\[
M_{14} = -2 \cdot (-1)^{1+1} \cdot \begin{vmatrix} -1 & -4 \\ 2 & 4 \end{vmatrix} - 4 \cdot (-1)^{1+2} \cdot \begin{vmatrix} 1 & -4 \\ 3 & 4 \end{vmatrix} + 5 \cdot (-1)^{1+3} \cdot \begin{vmatrix} 1 & -1 \\ 3 & 2 \end{vmatrix}
\]

\[
M_{14} = -2 \cdot ( (-1)(4) - (-4)(2) ) - 4 \cdot ( -((1)(4) - (-4)(3)) ) + 5 \cdot ( -((1)(2) - (-1)(3)) )
\]

\[
M_{14} = -2 \cdot ( -4 + 8 ) - 4 \cdot ( -(4 + 12) ) + 5 \cdot ( -(2 + 3) ) = -2 \cdot 4 - 4 \cdot (-16) + 5 \cdot (-5) = -8 + 64 - 25 = 31
\]

Now, substitute the minors back into the determinant formula:

\[
\det(A) = 4 \cdot 1 \cdot 99 - 5 \cdot (-1) \cdot 8 - 4 \cdot (-1) \cdot 18 - 5 \cdot 1 \cdot 31
\]

\[
\det(A) = 4 \cdot 99 + 5 \cdot 8 + 4 \cdot 18 - 5 \cdot 31
\]

\[
\det(A) = 396 + 40 + 72 - 155
\]

\[
\det(A) = 396 + 40 = 436
\]

\[
436 + 72 = 508
\]

\[
508 - 155 = 353
\]

Therefore, the determinant of the matrix A is:

\[
\boxed{353}
\]", (-1)^{1+1} \cdot M_{11} [-] 5 \cdot (-1)^{1+2} \cdo,382,AGREED_FIRST(min)
NC_4x4_det_0836,Mistral-Small-24B,determinant,4,Cofactor_Neglect,det,failure,\det(A) = -155,-,+,592,"<s>[INST] You are a precise mathematical assistant. Show all computation steps clearly. Always put your final numerical answer inside \boxed{}.

Solve this linear algebra problem. Show your work and give the final answer.

Find the determinant of the 4×4 matrix A.

A = \begin{bmatrix} 1 & -5 & -3 & 0 \\ -1 & 5 & -1 & 3 \\ -1 & 0 & 0 & -1 \\ -3 & -5 & -2 & 3 \end{bmatrix}

[/INST] To find the determinant of the 4×4 matrix A, we will use the Laplace expansion (also known as cofactor expansion) along the first row. The formula for the determinant of a 4×4 matrix A is:

det(A) = a11 * C11 - a12 * C12 + a13 * C13 - a14 * C14

where aij are the elements of the matrix and Cij are the corresponding cofactors.

Given matrix A:

A = \begin{bmatrix} 1 & -5 & -3 & 0 \\ -1 & 5 & -1 & 3 \\ -1 & 0 & 0 & -1 \\ -3 & -5 & -2 & 3 \end{bmatrix}

Let's compute the determinant step by step.

1. Compute the minors and cofactors for each element in the first row.

For a11 = 1:

The minor M11 is the determinant of the 3×3 matrix obtained by removing the first row and first column:

M11 = \begin{bmatrix} 5 & -1 & 3 \\ 0 & 0 & -1 \\ -5 & -2 & 3 \end{bmatrix}

To compute det(M11), we use the Laplace expansion along the second row (since it has a zero element):

det(M11) = 0 * C21 - 0 * C22 + (-1) * C23
= -1 * det(\begin{bmatrix} 5 & -1 \\ -5 & -2 \end{bmatrix})
= -1 * (5 * (-2) - (-1) * (-5))
= -1 * (-10 - 5)
= -1 * (-15)
= 15

The cofactor C11 is (-1)^(1+1) * det(M11) = 1 * 15 = 15.

For a12 = -5:

The minor M12 is the determinant of the 3×3 matrix obtained by removing the first row and second column:

M12 = \begin{bmatrix} -1 & -1 & 3 \\ -1 & 0 & -1 \\ -3 & -2 & 3 \end{bmatrix}

To compute det(M12), we use the Laplace expansion along the second row:

det(M12) = -1 * C21 - 0 * C22 + (-1) * C23
= -1 * det(\begin{bmatrix} -1 & 3 \\ -3 & 3 \end{bmatrix}) - 1 * det(\begin{bmatrix} -1 & -1 \\ -3 & -2 \end{bmatrix})
= -1 * ((-1) * 3 - 3 * (-3)) - 1 * ((-1) * (-2) - (-1) * (-3))
= -1 * (-3 + 9) - 1 * (2 - 3)
= -1 * 6 - 1 * (-1)
= -6 + 1
= -5

The cofactor C12 is (-1)^(1+2) * det(M12) = -1 * (-5) = 5.

For a13 = -3:

The minor M13 is the determinant of the 3×3 matrix obtained by removing the first row and third column:

M13 = \begin{bmatrix} -1 & 5 & 3 \\ -1 & 0 & -1 \\ -3 & -5 & 3 \end{bmatrix}

To compute det(M13), we use the Laplace expansion along the second row:

det(M13) = -1 * C21 - 0 * C22 + (-1) * C23
= -1 * det(\begin{bmatrix} 5 & 3 \\ -5 & 3 \end{bmatrix}) - 1 * det(\begin{bmatrix} -1 & 5 \\ -3 & -5 \end{bmatrix})
= -1 * (5 * 3 - 3 * (-5)) - 1 * ((-1) * (-5) - 5 * (-3))
= -1 * (15 + 15) - 1 * (5 + 15)
= -1 * 30 - 1 * 20
= -30 - 20
= -50

The cofactor C13 is (-1)^(1+3) * det(M13) = 1 * (-50) = -50.

For a14 = 0:

The minor M14 is the determinant of the 3×3 matrix obtained by removing the first row and fourth column:

M14 = \begin{bmatrix} -1 & 5 & -1 \\ -1 & 0 & 0 \\ -3 & -5 & -2 \end{bmatrix}

To compute det(M14), we use the Laplace expansion along the second row:

det(M14) = -1 * C21 - 0 * C22 + 0 * C23
= -1 * det(\begin{bmatrix} 5 & -1 \\ -5 & -2 \end{bmatrix})
= -1 * (5 * (-2) - (-1) * (-5))
= -1 * (-10 - 5)
= -1 * (-15)
= 15

The cofactor C14 is (-1)^(1+4) * det(M14) = -1 * 15 = -15.

2. Now, substitute the values of a11, a12, a13, a14, C11, C12, C13, and C14 into the determinant formula:

det(A) = a11 * C11 - a12 * C12 + a13 * C13 - a14 * C14
= 1 * 15 - (-5) * 5 + (-3) * (-50) - 0 * (-15)
= 15 + 25 + 150 - 0
= 190

Therefore, the determinant of the matrix A is \boxed{190}.","To find the determinant of the 4×4 matrix A, we will use the Laplace expansion (also known as cofactor expansion) along the first row. The formula for the determinant of a 4×4 matrix A is:

det(A) = a11 * C11 - a12 * C12 + a13 * C13 - a14 * C14

where aij are the elements of the matrix and Cij are the corresponding cofactors.

Given matrix A:

A = \begin{bmatrix} 1 & -5 & -3 & 0 \\ -1 & 5 & -1 & 3 \\ -1 & 0 & 0 & -1 \\ -3 & -5 & -2 & 3 \end{bmatrix}

Let's compute the determinant step by step.

1. Compute the minors and cofactors for each element in the first row.

For a11 = 1:

The minor M11 is the determinant of the 3×3 matrix obtained by removing the first row and first column:

M11 = \begin{bmatrix} 5 & -1 & 3 \\ 0 & 0 & -1 \\ -5 & -2 & 3 \end{bmatrix}

To compute det(M11), we use the Laplace expansion along the second row (since it has a zero element):

det(M11) = 0 * C21 - 0 * C22 + (-1) * C23
= -1 * det(\begin{bmatrix} 5 & -1 \\ -5 & -2 \end{bmatrix})
= -1 * (5 * (-2) - (-1) * (-5))
= -1 * (-10 - 5)
= -1 * (-15)
= 15

The cofactor C11 is (-1)^(1+1) * det(M11) = 1 * 15 = 15.

For a12 = -5:

The minor M12 is the determinant of the 3×3 matrix obtained by removing the first row and second column:

M12 = \begin{bmatrix} -1 & -1 & 3 \\ -1 & 0 & -1 \\ -3 & -2 & 3 \end{bmatrix}

To compute det(M12), we use the Laplace expansion along the second row:

det(M12) = -1 * C21 - 0 * C22 + (-1) * C23
= -1 * det(\begin{bmatrix} -1 & 3 \\ -3 & 3 \end{bmatrix}) - 1 * det(\begin{bmatrix} -1 & -1 \\ -3 & -2 \end{bmatrix})
= -1 * ((-1) * 3 - 3 * (-3)) - 1 * ((-1) * (-2) - (-1) * (-3))
= -1 * (-3 + 9) - 1 * (2 - 3)
= -1 * 6 - 1 * (-1)
= -6 + 1
= -5

The cofactor C12 is (-1)^(1+2) * det(M12) = -1 * (-5) = 5.

For a13 = -3:

The minor M13 is the determinant of the 3×3 matrix obtained by removing the first row and third column:

M13 = \begin{bmatrix} -1 & 5 & 3 \\ -1 & 0 & -1 \\ -3 & -5 & 3 \end{bmatrix}

To compute det(M13), we use the Laplace expansion along the second row:

det(M13) = -1 * C21 - 0 * C22 + (-1) * C23
= -1 * det(\begin{bmatrix} 5 & 3 \\ -5 & 3 \end{bmatrix}) - 1 * det(\begin{bmatrix} -1 & 5 \\ -3 & -5 \end{bmatrix})
= -1 * (5 * 3 - 3 * (-5)) - 1 * ((-1) * (-5) - 5 * (-3))
= -1 * (15 + 15) - 1 * (5 + 15)
= -1 * 30 - 1 * 20
= -30 - 20
= -50

The cofactor C13 is (-1)^(1+3) * det(M13) = 1 * (-50) = -50.

For a14 = 0:

The minor M14 is the determinant of the 3×3 matrix obtained by removing the first row and fourth column:

M14 = \begin{bmatrix} -1 & 5 & -1 \\ -1 & 0 & 0 \\ -3 & -5 & -2 \end{bmatrix}

To compute det(M14), we use the Laplace expansion along the second row:

det(M14) = -1 * C21 - 0 * C22 + 0 * C23
= -1 * det(\begin{bmatrix} 5 & -1 \\ -5 & -2 \end{bmatrix})
= -1 * (5 * (-2) - (-1) * (-5))
= -1 * (-10 - 5)
= -1 * (-15)
= 15

The cofactor C14 is (-1)^(1+4) * det(M14) = -1 * 15 = -15.

2. Now, substitute the values of a11, a12, a13, a14, C11, C12, C13, and C14 into the determinant formula:

det(A) = a11 * C11 - a12 * C12 + a13 * C13 - a14 * C14
= 1 * 15 - (-5) * 5 + (-3) * (-50) - 0 * (-15)
= 15 + 25 + 150 - 0
= 190

Therefore, the determinant of the matrix A is \boxed{190}.","- 0 * C22 + (-1) * C23
= [-]1 * det(\begin{bmatrix} ",383,S2_exact
NC_4x4_det_1000,Mistral-Small-24B,determinant,4,Operation_Direction,det,failure,\det(A) = -688,-,+,1044,"<s>[INST] You are a precise mathematical assistant. Show all computation steps clearly. Always put your final numerical answer inside \boxed{}.

Solve this linear algebra problem. Show your work and give the final answer.

Find the determinant of the 4×4 matrix A.

A = \begin{bmatrix} 4 & 5 & -3 & 4 \\ 0 & -2 & 4 & -3 \\ 1 & 5 & 5 & 3 \\ 4 & -4 & 4 & 0 \end{bmatrix}

[/INST] To find the determinant of the 4×4 matrix A, we can use the Laplace expansion (also known as cofactor expansion) along the first row. The formula for the determinant of a 4×4 matrix A is:

det(A) = a11 * C11 - a12 * C12 + a13 * C13 - a14 * C14

where aij is the element in the ith row and jth column, and Cij is the cofactor of aij, which is (-1)^(i+j) times the determinant of the 3×3 submatrix obtained by deleting the ith row and jth column.

Let's compute the determinant step by step.

Given matrix A:

A = \begin{bmatrix} 4 & 5 & -3 & 4 \\ 0 & -2 & 4 & -3 \\ 1 & 5 & 5 & 3 \\ 4 & -4 & 4 & 0 \end{bmatrix}

We will expand along the first row:

det(A) = 4 * C11 - 5 * C12 - 3 * C13 + 4 * C14

Now, let's compute each cofactor C1j.

1. Cofactor C11:
C11 = (-1)^(1+1) * det \begin{bmatrix} -2 & 4 & -3 \\ 5 & 5 & 3 \\ -4 & 4 & 0 \end{bmatrix}

To compute the 3×3 determinant, we can use the Laplace expansion along the first row again:

det \begin{bmatrix} -2 & 4 & -3 \\ 5 & 5 & 3 \\ -4 & 4 & 0 \end{bmatrix} = -2 * (5 * 0 - 3 * 4) - 4 * (5 * 0 - 3 * -4) - 3 * (5 * 4 - 5 * -4)
= -2 * (0 - 12) - 4 * (0 + 12) - 3 * (20 + 20)
= -2 * (-12) - 4 * 12 - 3 * 40
= 24 - 48 - 120
= -144

So, C11 = 1 * (-144) = -144

2. Cofactor C12:
C12 = (-1)^(1+2) * det \begin{bmatrix} 0 & 4 & -3 \\ 1 & 5 & 3 \\ 4 & 4 & 0 \end{bmatrix}

det \begin{bmatrix} 0 & 4 & -3 \\ 1 & 5 & 3 \\ 4 & 4 & 0 \end{bmatrix} = 0 * (5 * 0 - 3 * 4) - 4 * (1 * 0 - 3 * 4) - 3 * (1 * 4 - 5 * 4)
= 0 * (0 - 12) - 4 * (0 - 12) - 3 * (4 - 20)
= 0 - 4 * (-12) - 3 * (-16)
= 0 + 48 + 48
= 96

So, C12 = -1 * 96 = -96

3. Cofactor C13:
C13 = (-1)^(1+3) * det \begin{bmatrix} 0 & -2 & -3 \\ 1 & 5 & 3 \\ 4 & -4 & 0 \end{bmatrix}

det \begin{bmatrix} 0 & -2 & -3 \\ 1 & 5 & 3 \\ 4 & -4 & 0 \end{bmatrix} = 0 * (5 * 0 - 3 * -4) - (-2) * (1 * 0 - 3 * 4) - 3 * (1 * -4 - 5 * 4)
= 0 * (0 + 12) + 2 * (0 - 12) - 3 * (-4 - 20)
= 0 + 2 * (-12) - 3 * (-24)
= 0 - 24 + 72
= 48

So, C13 = 1 * 48 = 48

4. Cofactor C14:
C14 = (-1)^(1+4) * det \begin{bmatrix} 0 & -2 & 4 \\ 1 & 5 & 5 \\ 4 & -4 & 4 \end{bmatrix}

det \begin{bmatrix} 0 & -2 & 4 \\ 1 & 5 & 5 \\ 4 & -4 & 4 \end{bmatrix} = 0 * (5 * 4 - 5 * -4) - (-2) * (1 * 4 - 5 * 4) + 4 * (1 * -4 - 5 * 4)
= 0 * (20 + 20) + 2 * (4 - 20) + 4 * (-4 - 20)
= 0 + 2 * (-16) + 4 * (-24)
= 0 - 32 - 96
= -128

So, C14 = -1 * (-128) = 128

Now, we can compute the determinant of A:

det(A) = 4 * (-144) - 5 * (-96) - 3 * 48 + 4 * 128
= -576 + 480 - 144 + 512
= (-576 + 480) + (-144 + 512)
= -96 + 368
= 272

Therefore, the determinant of the matrix A is \boxed{272}.","To find the determinant of the 4×4 matrix A, we can use the Laplace expansion (also known as cofactor expansion) along the first row. The formula for the determinant of a 4×4 matrix A is:

det(A) = a11 * C11 - a12 * C12 + a13 * C13 - a14 * C14

where aij is the element in the ith row and jth column, and Cij is the cofactor of aij, which is (-1)^(i+j) times the determinant of the 3×3 submatrix obtained by deleting the ith row and jth column.

Let's compute the determinant step by step.

Given matrix A:

A = \begin{bmatrix} 4 & 5 & -3 & 4 \\ 0 & -2 & 4 & -3 \\ 1 & 5 & 5 & 3 \\ 4 & -4 & 4 & 0 \end{bmatrix}

We will expand along the first row:

det(A) = 4 * C11 - 5 * C12 - 3 * C13 + 4 * C14

Now, let's compute each cofactor C1j.

1. Cofactor C11:
C11 = (-1)^(1+1) * det \begin{bmatrix} -2 & 4 & -3 \\ 5 & 5 & 3 \\ -4 & 4 & 0 \end{bmatrix}

To compute the 3×3 determinant, we can use the Laplace expansion along the first row again:

det \begin{bmatrix} -2 & 4 & -3 \\ 5 & 5 & 3 \\ -4 & 4 & 0 \end{bmatrix} = -2 * (5 * 0 - 3 * 4) - 4 * (5 * 0 - 3 * -4) - 3 * (5 * 4 - 5 * -4)
= -2 * (0 - 12) - 4 * (0 + 12) - 3 * (20 + 20)
= -2 * (-12) - 4 * 12 - 3 * 40
= 24 - 48 - 120
= -144

So, C11 = 1 * (-144) = -144

2. Cofactor C12:
C12 = (-1)^(1+2) * det \begin{bmatrix} 0 & 4 & -3 \\ 1 & 5 & 3 \\ 4 & 4 & 0 \end{bmatrix}

det \begin{bmatrix} 0 & 4 & -3 \\ 1 & 5 & 3 \\ 4 & 4 & 0 \end{bmatrix} = 0 * (5 * 0 - 3 * 4) - 4 * (1 * 0 - 3 * 4) - 3 * (1 * 4 - 5 * 4)
= 0 * (0 - 12) - 4 * (0 - 12) - 3 * (4 - 20)
= 0 - 4 * (-12) - 3 * (-16)
= 0 + 48 + 48
= 96

So, C12 = -1 * 96 = -96

3. Cofactor C13:
C13 = (-1)^(1+3) * det \begin{bmatrix} 0 & -2 & -3 \\ 1 & 5 & 3 \\ 4 & -4 & 0 \end{bmatrix}

det \begin{bmatrix} 0 & -2 & -3 \\ 1 & 5 & 3 \\ 4 & -4 & 0 \end{bmatrix} = 0 * (5 * 0 - 3 * -4) - (-2) * (1 * 0 - 3 * 4) - 3 * (1 * -4 - 5 * 4)
= 0 * (0 + 12) + 2 * (0 - 12) - 3 * (-4 - 20)
= 0 + 2 * (-12) - 3 * (-24)
= 0 - 24 + 72
= 48

So, C13 = 1 * 48 = 48

4. Cofactor C14:
C14 = (-1)^(1+4) * det \begin{bmatrix} 0 & -2 & 4 \\ 1 & 5 & 5 \\ 4 & -4 & 4 \end{bmatrix}

det \begin{bmatrix} 0 & -2 & 4 \\ 1 & 5 & 5 \\ 4 & -4 & 4 \end{bmatrix} = 0 * (5 * 4 - 5 * -4) - (-2) * (1 * 4 - 5 * 4) + 4 * (1 * -4 - 5 * 4)
= 0 * (20 + 20) + 2 * (4 - 20) + 4 * (-4 - 20)
= 0 + 2 * (-16) + 4 * (-24)
= 0 - 32 - 96
= -128

So, C14 = -1 * (-128) = 128

Now, we can compute the determinant of A:

det(A) = 4 * (-144) - 5 * (-96) - 3 * 48 + 4 * 128
= -576 + 480 - 144 + 512
= (-576 + 480) + (-144 + 512)
= -96 + 368
= 272

Therefore, the determinant of the matrix A is \boxed{272}.","t row:

det(A) = 4 * C11 [-] 5 * C12 - 3 * C13 + 4 *",378,S1_exact
NC_4x4_det_1455,Mistral-Small-24B,determinant,4,Product_Sign_Error,det,failure,\det(A) = -87,+,-,1675,"<s>[INST] You are a precise mathematical assistant. Show all computation steps clearly. Always put your final numerical answer inside \boxed{}.

Solve this linear algebra problem. Show your work and give the final answer.

Find the determinant of the 4×4 matrix A.

A = \begin{bmatrix} -4 & -1 & 3 & 4 \\ -3 & 0 & -1 & 5 \\ -4 & 0 & -1 & 1 \\ -3 & 1 & 0 & 4 \end{bmatrix}

[/INST] To find the determinant of the 4×4 matrix A, we can use the Laplace expansion (also known as cofactor expansion) along the first row. The formula for the determinant of a 4×4 matrix is:

det(A) = a11 * C11 - a12 * C12 + a13 * C13 - a14 * C14

where a11, a12, a13, a14 are the elements of the first row, and C11, C12, C13, C14 are the corresponding cofactors.

Given the matrix A:

A = \begin{bmatrix} -4 & -1 & 3 & 4 \\ -3 & 0 & -1 & 5 \\ -4 & 0 & -1 & 1 \\ -3 & 1 & 0 & 4 \end{bmatrix}

Let's compute the determinant step by step.

1. Compute the cofactor C11:
C11 is the determinant of the 3×3 matrix obtained by removing the first row and first column of A, multiplied by (-1)^(1+1) = 1.

\begin{bmatrix} 0 & -1 & 5 \\ 0 & -1 & 1 \\ 1 & 0 & 4 \end{bmatrix}

det(C11) = 0 * ((-1)(4) - (1)(0)) - (-1) * ((0)(4) - (1)(1)) + 5 * ((0)(0) - (-1)(1))
= 0 - (-1) * (-1) + 5 * (1)
= 0 - 1 + 5
= 4

2. Compute the cofactor C12:
C12 is the determinant of the 3×3 matrix obtained by removing the first row and second column of A, multiplied by (-1)^(1+2) = -1.

\begin{bmatrix} -3 & -1 & 5 \\ -4 & -1 & 1 \\ -3 & 0 & 4 \end{bmatrix}

det(C12) = -3 * ((-1)(4) - (0)(1)) - (-1) * ((-4)(4) - (-3)(1)) + 5 * ((-4)(0) - (-3)(-1))
= -3 * (-4) - (-1) * (-16 + 3) + 5 * (0 - 3)
= 12 - 13 * (-1) + 5 * (-3)
= 12 + 13 - 15
= 10

3. Compute the cofactor C13:
C13 is the determinant of the 3×3 matrix obtained by removing the first row and third column of A, multiplied by (-1)^(1+3) = 1.

\begin{bmatrix} -3 & 0 & 5 \\ -4 & 0 & 1 \\ -3 & 1 & 4 \end{bmatrix}

det(C13) = -3 * (0 * 4 - 1 * 1) - 0 * (-4 * 4 - (-3)(1)) + 5 * (-4 * 1 - 0 * (-3))
= -3 * (-1) - 0 + 5 * (-4)
= 3 - 20
= -17

4. Compute the cofactor C14:
C14 is the determinant of the 3×3 matrix obtained by removing the first row and fourth column of A, multiplied by (-1)^(1+4) = -1.

\begin{bmatrix} -3 & 0 & -1 \\ -4 & 0 & -1 \\ -3 & 1 & 0 \end{bmatrix}

det(C14) = -3 * (0 * 0 - (-1)(1)) - 0 * (-4 * 0 - (-3)(-1)) + (-1) * (-4 * 1 - 0 * (-3))
= -3 * (1) - 0 + (-1) * (-4)
= -3 + 4
= 1

Now, we can compute the determinant of A:

det(A) = a11 * C11 - a12 * C12 + a13 * C13 - a14 * C14
= (-4) * 4 - (-1) * 10 + 3 * (-17) - 4 * 1
= -16 + 10 - 51 - 4
= -61

\boxed{-61}","To find the determinant of the 4×4 matrix A, we can use the Laplace expansion (also known as cofactor expansion) along the first row. The formula for the determinant of a 4×4 matrix is:

det(A) = a11 * C11 - a12 * C12 + a13 * C13 - a14 * C14

where a11, a12, a13, a14 are the elements of the first row, and C11, C12, C13, C14 are the corresponding cofactors.

Given the matrix A:

A = \begin{bmatrix} -4 & -1 & 3 & 4 \\ -3 & 0 & -1 & 5 \\ -4 & 0 & -1 & 1 \\ -3 & 1 & 0 & 4 \end{bmatrix}

Let's compute the determinant step by step.

1. Compute the cofactor C11:
C11 is the determinant of the 3×3 matrix obtained by removing the first row and first column of A, multiplied by (-1)^(1+1) = 1.

\begin{bmatrix} 0 & -1 & 5 \\ 0 & -1 & 1 \\ 1 & 0 & 4 \end{bmatrix}

det(C11) = 0 * ((-1)(4) - (1)(0)) - (-1) * ((0)(4) - (1)(1)) + 5 * ((0)(0) - (-1)(1))
= 0 - (-1) * (-1) + 5 * (1)
= 0 - 1 + 5
= 4

2. Compute the cofactor C12:
C12 is the determinant of the 3×3 matrix obtained by removing the first row and second column of A, multiplied by (-1)^(1+2) = -1.

\begin{bmatrix} -3 & -1 & 5 \\ -4 & -1 & 1 \\ -3 & 0 & 4 \end{bmatrix}

det(C12) = -3 * ((-1)(4) - (0)(1)) - (-1) * ((-4)(4) - (-3)(1)) + 5 * ((-4)(0) - (-3)(-1))
= -3 * (-4) - (-1) * (-16 + 3) + 5 * (0 - 3)
= 12 - 13 * (-1) + 5 * (-3)
= 12 + 13 - 15
= 10

3. Compute the cofactor C13:
C13 is the determinant of the 3×3 matrix obtained by removing the first row and third column of A, multiplied by (-1)^(1+3) = 1.

\begin{bmatrix} -3 & 0 & 5 \\ -4 & 0 & 1 \\ -3 & 1 & 4 \end{bmatrix}

det(C13) = -3 * (0 * 4 - 1 * 1) - 0 * (-4 * 4 - (-3)(1)) + 5 * (-4 * 1 - 0 * (-3))
= -3 * (-1) - 0 + 5 * (-4)
= 3 - 20
= -17

4. Compute the cofactor C14:
C14 is the determinant of the 3×3 matrix obtained by removing the first row and fourth column of A, multiplied by (-1)^(1+4) = -1.

\begin{bmatrix} -3 & 0 & -1 \\ -4 & 0 & -1 \\ -3 & 1 & 0 \end{bmatrix}

det(C14) = -3 * (0 * 0 - (-1)(1)) - 0 * (-4 * 0 - (-3)(-1)) + (-1) * (-4 * 1 - 0 * (-3))
= -3 * (1) - 0 + (-1) * (-4)
= -3 + 4
= 1

Now, we can compute the determinant of A:

det(A) = a11 * C11 - a12 * C12 + a13 * C13 - a14 * C14
= (-4) * 4 - (-1) * 10 + 3 * (-17) - 4 * 1
= -16 + 10 - 51 - 4
= -61

\boxed{-61}","3 * (-1) + 5 * (-3)
= 12 [+] 13 - 15
= 10

3. Comput",381,S1_exact
NC_4x4_det_0927,Mistral-Small-24B,determinant,4,Operation_Direction,det,failure,\det(A) = -576,-,+,753,"<s>[INST] You are a precise mathematical assistant. Show all computation steps clearly. Always put your final numerical answer inside \boxed{}.

Solve this linear algebra problem. Show your work and give the final answer.

Find the determinant of the 4×4 matrix A.

A = \begin{bmatrix} 0 & 4 & -4 & 0 \\ -1 & 3 & -4 & 4 \\ -4 & 3 & -5 & 0 \\ 5 & -1 & -5 & -4 \end{bmatrix}

[/INST] To find the determinant of the 4×4 matrix A, we will use the Laplace expansion (cofactor expansion) method. We will expand along the first row for clarity.

The matrix A is:

A = \begin{bmatrix} 0 & 4 & -4 & 0 \\ -1 & 3 & -4 & 4 \\ -4 & 3 & -5 & 0 \\ 5 & -1 & -5 & -4 \end{bmatrix}

The determinant of A, denoted as det(A), is calculated as follows:

det(A) = 0 * C_{11} - 4 * C_{12} + (-4) * C_{13} + 0 * C_{14}

Where C_{ij} are the cofactors of the elements in the first row.

First, we calculate the minors and then the cofactors for the non-zero elements in the first row (i.e., the second and third elements).

1. For the element A_{12} = 4, the minor M_{12} is the determinant of the 3×3 matrix obtained by deleting the first row and second column:

M_{12} = \begin{bmatrix} -1 & -4 & 4 \\ -4 & -5 & 0 \\ 5 & -5 & -4 \end{bmatrix}

To find det(M_{12}), we will expand along the first row:

det(M_{12}) = (-1) * \begin{bmatrix} -5 & 0 \\ -5 & -4 \end{bmatrix} - (-4) * \begin{bmatrix} -4 & 0 \\ 5 & -4 \end{bmatrix} + 4 * \begin{bmatrix} -4 & -5 \\ 5 & -5 \end{bmatrix}

= (-1) * [(-5) * (-4) - 0 * (-5)] + 4 * [(-4) * (-4) - 0 * 5] + 4 * [(-4) * (-5) - (-5) * 5]

= (-1) * (20 - 0) + 4 * (16 - 0) + 4 * (20 - (-25))

= -20 + 64 + 4 * 45

= -20 + 64 + 180

= 224

The cofactor C_{12} is (-1)^{1+2} * det(M_{12}) = -1 * 224 = -224.

2. For the element A_{13} = -4, the minor M_{13} is the determinant of the 3×3 matrix obtained by deleting the first row and third column:

M_{13} = \begin{bmatrix} -1 & 3 & 4 \\ -4 & 3 & 0 \\ 5 & -1 & -4 \end{bmatrix}

To find det(M_{13}), we will expand along the first row:

det(M_{13}) = (-1) * \begin{bmatrix} 3 & 0 \\ -1 & -4 \end{bmatrix} - 3 * \begin{bmatrix} -4 & 0 \\ 5 & -4 \end{bmatrix} + 4 * \begin{bmatrix} -4 & 3 \\ 5 & -1 \end{bmatrix}

= (-1) * [3 * (-4) - 0 * (-1)] - 3 * [(-4) * (-4) - 0 * 5] + 4 * [(-4) * (-1) - 3 * 5]

= (-1) * (-12 - 0) - 3 * (16 - 0) + 4 * (4 - 15)

= 12 - 48 + 4 * (-11)

= 12 - 48 - 44

= -80

The cofactor C_{13} is (-1)^{1+3} * det(M_{13}) = 1 * (-80) = -80.

Now, we can calculate the determinant of A:

det(A) = 0 * C_{11} - 4 * C_{12} + (-4) * C_{13} + 0 * C_{14}

= 0 - 4 * (-224) + (-4) * (-80) + 0

= 0 + 896 + 320 + 0

= 1216

Therefore, the determinant of the matrix A is \boxed{1216}.","To find the determinant of the 4×4 matrix A, we will use the Laplace expansion (cofactor expansion) method. We will expand along the first row for clarity.

The matrix A is:

A = \begin{bmatrix} 0 & 4 & -4 & 0 \\ -1 & 3 & -4 & 4 \\ -4 & 3 & -5 & 0 \\ 5 & -1 & -5 & -4 \end{bmatrix}

The determinant of A, denoted as det(A), is calculated as follows:

det(A) = 0 * C_{11} - 4 * C_{12} + (-4) * C_{13} + 0 * C_{14}

Where C_{ij} are the cofactors of the elements in the first row.

First, we calculate the minors and then the cofactors for the non-zero elements in the first row (i.e., the second and third elements).

1. For the element A_{12} = 4, the minor M_{12} is the determinant of the 3×3 matrix obtained by deleting the first row and second column:

M_{12} = \begin{bmatrix} -1 & -4 & 4 \\ -4 & -5 & 0 \\ 5 & -5 & -4 \end{bmatrix}

To find det(M_{12}), we will expand along the first row:

det(M_{12}) = (-1) * \begin{bmatrix} -5 & 0 \\ -5 & -4 \end{bmatrix} - (-4) * \begin{bmatrix} -4 & 0 \\ 5 & -4 \end{bmatrix} + 4 * \begin{bmatrix} -4 & -5 \\ 5 & -5 \end{bmatrix}

= (-1) * [(-5) * (-4) - 0 * (-5)] + 4 * [(-4) * (-4) - 0 * 5] + 4 * [(-4) * (-5) - (-5) * 5]

= (-1) * (20 - 0) + 4 * (16 - 0) + 4 * (20 - (-25))

= -20 + 64 + 4 * 45

= -20 + 64 + 180

= 224

The cofactor C_{12} is (-1)^{1+2} * det(M_{12}) = -1 * 224 = -224.

2. For the element A_{13} = -4, the minor M_{13} is the determinant of the 3×3 matrix obtained by deleting the first row and third column:

M_{13} = \begin{bmatrix} -1 & 3 & 4 \\ -4 & 3 & 0 \\ 5 & -1 & -4 \end{bmatrix}

To find det(M_{13}), we will expand along the first row:

det(M_{13}) = (-1) * \begin{bmatrix} 3 & 0 \\ -1 & -4 \end{bmatrix} - 3 * \begin{bmatrix} -4 & 0 \\ 5 & -4 \end{bmatrix} + 4 * \begin{bmatrix} -4 & 3 \\ 5 & -1 \end{bmatrix}

= (-1) * [3 * (-4) - 0 * (-1)] - 3 * [(-4) * (-4) - 0 * 5] + 4 * [(-4) * (-1) - 3 * 5]

= (-1) * (-12 - 0) - 3 * (16 - 0) + 4 * (4 - 15)

= 12 - 48 + 4 * (-11)

= 12 - 48 - 44

= -80

The cofactor C_{13} is (-1)^{1+3} * det(M_{13}) = 1 * (-80) = -80.

Now, we can calculate the determinant of A:

det(A) = 0 * C_{11} - 4 * C_{12} + (-4) * C_{13} + 0 * C_{14}

= 0 - 4 * (-224) + (-4) * (-80) + 0

= 0 + 896 + 320 + 0

= 1216

Therefore, the determinant of the matrix A is \boxed{1216}.","ws:

det(A) = 0 * C_{11} [-] 4 * C_{12} + (-4) * C_{",382,S1_exact
NC_4x4_det_1099,Mistral-Small-24B,determinant,4,Operation_Direction,det,failure,\det(A) = -178,-,+,2492,"<s>[INST] You are a precise mathematical assistant. Show all computation steps clearly. Always put your final numerical answer inside \boxed{}.

Solve this linear algebra problem. Show your work and give the final answer.

Find the determinant of the 4×4 matrix A.

A = \begin{bmatrix} 1 & -1 & 5 & -2 \\ 2 & -4 & -2 & -4 \\ 0 & 5 & -4 & 3 \\ 1 & 5 & 0 & -1 \end{bmatrix}

[/INST] To find the determinant of the 4×4 matrix A, we can use the Laplace expansion (also known as cofactor expansion) along the first row. The formula for the determinant of a 4×4 matrix is:

det(A) = a(1,1) * C(1,1) - a(1,2) * C(1,2) + a(1,3) * C(1,3) - a(1,4) * C(1,4)

where a(i,j) is the element in the ith row and jth column, and C(i,j) is the cofactor of a(i,j).

Let's compute the determinant step by step.

A = \begin{bmatrix} 1 & -1 & 5 & -2 \\ 2 & -4 & -2 & -4 \\ 0 & 5 & -4 & 3 \\ 1 & 5 & 0 & -1 \end{bmatrix}

1. Compute the minors and cofactors for each element in the first row.

   - For a(1,1) = 1:
     M(1,1) = \begin{bmatrix} -4 & -2 & -4 \\ 5 & -4 & 3 \\ 5 & 0 & -1 \end{bmatrix}
     det(M(1,1)) = -4 * ((-4)*(-1) - 3*0) - (-2) * (5*(-1) - 3*5) + (-4) * (5*0 - (-4)*5)
     = -4 * (4 - 0) + 2 * (-5 - 15) - 4 * (0 + 20)
     = -16 + 2 * (-20) - 80
     = -16 - 40 - 80
     = -136
     C(1,1) = (-1)^(1+1) * det(M(1,1)) = 1 * -136 = -136

   - For a(1,2) = -1:
     M(1,2) = \begin{bmatrix} 2 & -2 & -4 \\ 0 & -4 & 3 \\ 1 & 0 & -1 \end{bmatrix}
     det(M(1,2)) = 2 * ((-4)*(-1) - 3*0) - (-2) * (0*(-1) - 3*1) + (-4) * (0*0 - (-4)*1)
     = 2 * (4 - 0) + 2 * (0 - 3) - 4 * (0 + 4)
     = 8 + 2 * (-3) - 16
     = 8 - 6 - 16
     = -14
     C(1,2) = (-1)^(1+2) * det(M(1,2)) = -1 * -14 = 14

   - For a(1,3) = 5:
     M(1,3) = \begin{bmatrix} 2 & -4 & -4 \\ 0 & 5 & 3 \\ 1 & 5 & -1 \end{bmatrix}
     det(M(1,3)) = 2 * (5*(-1) - 3*5) - (-4) * (0*(-1) - 3*1) + (-4) * (0*5 - 5*1)
     = 2 * (-5 - 15) + 4 * (0 - 3) - 4 * (0 - 5)
     = 2 * (-20) + 4 * (-3) - 4 * (-5)
     = -40 - 12 + 20
     = -32
     C(1,3) = (-1)^(1+3) * det(M(1,3)) = 1 * -32 = -32

   - For a(1,4) = -2:
     M(1,4) = \begin{bmatrix} 2 & -4 & -2 \\ 0 & 5 & -4 \\ 1 & 5 & 0 \end{bmatrix}
     det(M(1,4)) = 2 * (5*0 - (-4)*5) - (-4) * (0*0 - (-4)*1) + (-2) * (0*5 - 5*1)
     = 2 * (0 + 20) + 4 * (0 + 4) - 2 * (0 - 5)
     = 2 * 20 + 4 * 4 - 2 * (-5)
     = 40 + 16 + 10
     = 66
     C(1,4) = (-1)^(1+4) * det(M(1,4)) = -1 * 66 = -66

2. Now, plug the cofactors back into the determinant formula:

   det(A) = 1 * (-136) - (-1) * 14 + 5 * (-32) - (-2) * (-66)
   = -136 + 14 - 160 - 132
   = -136 + 14 - 160 - 132
   = -414

So, the determinant of the matrix A is \boxed{-414}.","To find the determinant of the 4×4 matrix A, we can use the Laplace expansion (also known as cofactor expansion) along the first row. The formula for the determinant of a 4×4 matrix is:

det(A) = a(1,1) * C(1,1) - a(1,2) * C(1,2) + a(1,3) * C(1,3) - a(1,4) * C(1,4)

where a(i,j) is the element in the ith row and jth column, and C(i,j) is the cofactor of a(i,j).

Let's compute the determinant step by step.

A = \begin{bmatrix} 1 & -1 & 5 & -2 \\ 2 & -4 & -2 & -4 \\ 0 & 5 & -4 & 3 \\ 1 & 5 & 0 & -1 \end{bmatrix}

1. Compute the minors and cofactors for each element in the first row.

   - For a(1,1) = 1:
     M(1,1) = \begin{bmatrix} -4 & -2 & -4 \\ 5 & -4 & 3 \\ 5 & 0 & -1 \end{bmatrix}
     det(M(1,1)) = -4 * ((-4)*(-1) - 3*0) - (-2) * (5*(-1) - 3*5) + (-4) * (5*0 - (-4)*5)
     = -4 * (4 - 0) + 2 * (-5 - 15) - 4 * (0 + 20)
     = -16 + 2 * (-20) - 80
     = -16 - 40 - 80
     = -136
     C(1,1) = (-1)^(1+1) * det(M(1,1)) = 1 * -136 = -136

   - For a(1,2) = -1:
     M(1,2) = \begin{bmatrix} 2 & -2 & -4 \\ 0 & -4 & 3 \\ 1 & 0 & -1 \end{bmatrix}
     det(M(1,2)) = 2 * ((-4)*(-1) - 3*0) - (-2) * (0*(-1) - 3*1) + (-4) * (0*0 - (-4)*1)
     = 2 * (4 - 0) + 2 * (0 - 3) - 4 * (0 + 4)
     = 8 + 2 * (-3) - 16
     = 8 - 6 - 16
     = -14
     C(1,2) = (-1)^(1+2) * det(M(1,2)) = -1 * -14 = 14

   - For a(1,3) = 5:
     M(1,3) = \begin{bmatrix} 2 & -4 & -4 \\ 0 & 5 & 3 \\ 1 & 5 & -1 \end{bmatrix}
     det(M(1,3)) = 2 * (5*(-1) - 3*5) - (-4) * (0*(-1) - 3*1) + (-4) * (0*5 - 5*1)
     = 2 * (-5 - 15) + 4 * (0 - 3) - 4 * (0 - 5)
     = 2 * (-20) + 4 * (-3) - 4 * (-5)
     = -40 - 12 + 20
     = -32
     C(1,3) = (-1)^(1+3) * det(M(1,3)) = 1 * -32 = -32

   - For a(1,4) = -2:
     M(1,4) = \begin{bmatrix} 2 & -4 & -2 \\ 0 & 5 & -4 \\ 1 & 5 & 0 \end{bmatrix}
     det(M(1,4)) = 2 * (5*0 - (-4)*5) - (-4) * (0*0 - (-4)*1) + (-2) * (0*5 - 5*1)
     = 2 * (0 + 20) + 4 * (0 + 4) - 2 * (0 - 5)
     = 2 * 20 + 4 * 4 - 2 * (-5)
     = 40 + 16 + 10
     = 66
     C(1,4) = (-1)^(1+4) * det(M(1,4)) = -1 * 66 = -66

2. Now, plug the cofactors back into the determinant formula:

   det(A) = 1 * (-136) - (-1) * 14 + 5 * (-32) - (-2) * (-66)
   = -136 + 14 - 160 - 132
   = -136 + 14 - 160 - 132
   = -414

So, the determinant of the matrix A is \boxed{-414}.","

   det(A) = 1 * (-136) [-] (-1) * 14 + 5 * (-32) -",381,S1_exact
NC_4x4_det_1125,Mistral-Small-24B,determinant,4,Operation_Direction,det,failure,\det(A) = -253,-,+,589,"<s>[INST] You are a precise mathematical assistant. Show all computation steps clearly. Always put your final numerical answer inside \boxed{}.

Solve this linear algebra problem. Show your work and give the final answer.

Find the determinant of the 4×4 matrix A.

A = \begin{bmatrix} 2 & 0 & -1 & -5 \\ 5 & 5 & 0 & -4 \\ -1 & -3 & 4 & 5 \\ -3 & -4 & 5 & 4 \end{bmatrix}

[/INST] To find the determinant of the 4×4 matrix A, we can use the Laplace expansion (also known as cofactor expansion) along the first row. The formula for the determinant of a 4×4 matrix A is:

det(A) = a11 * C11 - a12 * C12 + a13 * C13 - a14 * C14

where aij is the element in the ith row and jth column, and Cij is the cofactor of aij.

Given the matrix A:

A = \begin{bmatrix} 2 & 0 & -1 & -5 \\ 5 & 5 & 0 & -4 \\ -1 & -3 & 4 & 5 \\ -3 & -4 & 5 & 4 \end{bmatrix}

We will compute the determinant as follows:

1. Compute the minors and cofactors for each element in the first row.

   - For a11 = 2, the minor M11 is the determinant of the 3×3 matrix obtained by removing the first row and first column:

     M11 = \begin{bmatrix} 5 & 0 & -4 \\ -3 & 4 & 5 \\ -4 & 5 & 4 \end{bmatrix}

     det(M11) = 5*(4*4 - 5*5) - 0*( -3*4 - 5*(-4)) + (-4)*(-3*5 - 4*(-4))
     = 5*(16 - 25) - 0*(-12 + 20) + (-4)*(-15 + 16)
     = 5*(-9) - 0 + (-4)*(1)
     = -45 - 4
     = -49

     C11 = (-1)^(1+1) * det(M11) = 1 * (-49) = -49

   - For a12 = 0, the minor M12 is the determinant of the 3×3 matrix obtained by removing the first row and second column:

     M12 = \begin{bmatrix} 5 & 0 & -4 \\ -1 & 4 & 5 \\ -3 & 5 & 4 \end{bmatrix}

     det(M12) = 5*(4*4 - 5*5) - 0*(-1*4 - 5*(-3)) + (-4)*(-1*5 - 4*(-3))
     = 5*(16 - 25) - 0*(-4 + 15) + (-4)*(-5 + 12)
     = 5*(-9) - 0 + (-4)*(7)
     = -45 - 28
     = -73

     C12 = (-1)^(1+2) * det(M12) = -1 * (-73) = 73

   - For a13 = -1, the minor M13 is the determinant of the 3×3 matrix obtained by removing the first row and third column:

     M13 = \begin{bmatrix} 5 & 5 & -4 \\ -1 & -3 & 5 \\ -3 & -4 & 4 \end{bmatrix}

     det(M13) = 5*(-3*4 - 5*(-4)) - 5*(-1*4 - 5*(-3)) + (-4)*(-1*(-4) - (-3)*(-3))
     = 5*(-12 + 20) - 5*(-4 + 15) + (-4)*(4 - 9)
     = 5*8 - 5*11 + (-4)*(-5)
     = 40 - 55 + 20
     = 5

     C13 = (-1)^(1+3) * det(M13) = 1 * 5 = 5

   - For a14 = -5, the minor M14 is the determinant of the 3×3 matrix obtained by removing the first row and fourth column:

     M14 = \begin{bmatrix} 5 & 5 & 0 \\ -1 & -3 & 4 \\ -3 & -4 & 5 \end{bmatrix}

     det(M14) = 5*(-3*5 - 4*(-4)) - 5*(-1*5 - 4*(-3)) + 0*(-1*(-4) - (-3)*(-3))
     = 5*(-15 + 16) - 5*(-5 + 12) + 0*(4 - 9)
     = 5*1 - 5*7 + 0
     = 5 - 35
     = -30

     C14 = (-1)^(1+4) * det(M14) = -1 * (-30) = 30

2. Now, plug the cofactors back into the determinant formula:

   det(A) = a11 * C11 - a12 * C12 + a13 * C13 - a14 * C14
   = 2 * (-49) - 0 * 73 + (-1) * 5 - (-5) * 30
   = -98 - 0 - 5 + 150
   = 47

Therefore, the determinant of the matrix A is \boxed{47}.","To find the determinant of the 4×4 matrix A, we can use the Laplace expansion (also known as cofactor expansion) along the first row. The formula for the determinant of a 4×4 matrix A is:

det(A) = a11 * C11 - a12 * C12 + a13 * C13 - a14 * C14

where aij is the element in the ith row and jth column, and Cij is the cofactor of aij.

Given the matrix A:

A = \begin{bmatrix} 2 & 0 & -1 & -5 \\ 5 & 5 & 0 & -4 \\ -1 & -3 & 4 & 5 \\ -3 & -4 & 5 & 4 \end{bmatrix}

We will compute the determinant as follows:

1. Compute the minors and cofactors for each element in the first row.

   - For a11 = 2, the minor M11 is the determinant of the 3×3 matrix obtained by removing the first row and first column:

     M11 = \begin{bmatrix} 5 & 0 & -4 \\ -3 & 4 & 5 \\ -4 & 5 & 4 \end{bmatrix}

     det(M11) = 5*(4*4 - 5*5) - 0*( -3*4 - 5*(-4)) + (-4)*(-3*5 - 4*(-4))
     = 5*(16 - 25) - 0*(-12 + 20) + (-4)*(-15 + 16)
     = 5*(-9) - 0 + (-4)*(1)
     = -45 - 4
     = -49

     C11 = (-1)^(1+1) * det(M11) = 1 * (-49) = -49

   - For a12 = 0, the minor M12 is the determinant of the 3×3 matrix obtained by removing the first row and second column:

     M12 = \begin{bmatrix} 5 & 0 & -4 \\ -1 & 4 & 5 \\ -3 & 5 & 4 \end{bmatrix}

     det(M12) = 5*(4*4 - 5*5) - 0*(-1*4 - 5*(-3)) + (-4)*(-1*5 - 4*(-3))
     = 5*(16 - 25) - 0*(-4 + 15) + (-4)*(-5 + 12)
     = 5*(-9) - 0 + (-4)*(7)
     = -45 - 28
     = -73

     C12 = (-1)^(1+2) * det(M12) = -1 * (-73) = 73

   - For a13 = -1, the minor M13 is the determinant of the 3×3 matrix obtained by removing the first row and third column:

     M13 = \begin{bmatrix} 5 & 5 & -4 \\ -1 & -3 & 5 \\ -3 & -4 & 4 \end{bmatrix}

     det(M13) = 5*(-3*4 - 5*(-4)) - 5*(-1*4 - 5*(-3)) + (-4)*(-1*(-4) - (-3)*(-3))
     = 5*(-12 + 20) - 5*(-4 + 15) + (-4)*(4 - 9)
     = 5*8 - 5*11 + (-4)*(-5)
     = 40 - 55 + 20
     = 5

     C13 = (-1)^(1+3) * det(M13) = 1 * 5 = 5

   - For a14 = -5, the minor M14 is the determinant of the 3×3 matrix obtained by removing the first row and fourth column:

     M14 = \begin{bmatrix} 5 & 5 & 0 \\ -1 & -3 & 4 \\ -3 & -4 & 5 \end{bmatrix}

     det(M14) = 5*(-3*5 - 4*(-4)) - 5*(-1*5 - 4*(-3)) + 0*(-1*(-4) - (-3)*(-3))
     = 5*(-15 + 16) - 5*(-5 + 12) + 0*(4 - 9)
     = 5*1 - 5*7 + 0
     = 5 - 35
     = -30

     C14 = (-1)^(1+4) * det(M14) = -1 * (-30) = 30

2. Now, plug the cofactors back into the determinant formula:

   det(A) = a11 * C11 - a12 * C12 + a13 * C13 - a14 * C14
   = 2 * (-49) - 0 * 73 + (-1) * 5 - (-5) * 30
   = -98 - 0 - 5 + 150
   = 47

Therefore, the determinant of the matrix A is \boxed{47}."," is:

det(A) = a11 * C11 [-] a12 * C12 + a13 * C13 -",381,S1_exact
NC_4x4_det_0866,Mistral-Small-24B,determinant,4,Operation_Direction,det,failure,\det(A) = -714,-,+,5269,"<s>[INST] You are a precise mathematical assistant. Show all computation steps clearly. Always put your final numerical answer inside \boxed{}.

Solve this linear algebra problem. Show your work and give the final answer.

Find the determinant of the 4×4 matrix A.

A = \begin{bmatrix} -1 & 1 & -2 & 0 \\ -1 & 5 & 4 & 4 \\ -5 & -4 & 5 & 4 \\ 1 & -5 & 2 & 5 \end{bmatrix}

[/INST] To find the determinant of the 4×4 matrix A, we will use the Laplace expansion (also known as cofactor expansion) along the first row. The formula for the determinant of a 4×4 matrix A is:

det(A) = a11 * C11 - a12 * C12 + a13 * C13 - a14 * C14

where aij is the element in the ith row and jth column, and Cij is the cofactor of aij, which is (-1)^(i+j) times the determinant of the 3×3 submatrix obtained by deleting the ith row and jth column.

Let's compute the determinant step by step.

Given matrix A:

A = \begin{bmatrix} -1 & 1 & -2 & 0 \\ -1 & 5 & 4 & 4 \\ -5 & -4 & 5 & 4 \\ 1 & -5 & 2 & 5 \end{bmatrix}

We will expand along the first row:

det(A) = (-1) * C11 - (1) * C12 + (-2) * C13 - (0) * C14

Now, let's compute each cofactor C1j.

1. Cofactor C11:
C11 = (-1)^(1+1) * det \begin{bmatrix} 5 & 4 & 4 \\ -4 & 5 & 4 \\ -5 & 2 & 5 \end{bmatrix} = 1 * det \begin{bmatrix} 5 & 4 & 4 \\ -4 & 5 & 4 \\ -5 & 2 & 5 \end{bmatrix}

To compute the 3×3 determinant, we will use the Laplace expansion along the first row again:

det \begin{bmatrix} 5 & 4 & 4 \\ -4 & 5 & 4 \\ -5 & 2 & 5 \end{bmatrix} = 5 * det \begin{bmatrix} 5 & 4 \\ 2 & 5 \end{bmatrix} - 4 * det \begin{bmatrix} -4 & 4 \\ -5 & 5 \end{bmatrix} + 4 * det \begin{bmatrix} -4 & 5 \\ -5 & 2 \end{bmatrix}

Now, compute each 2×2 determinant:

det \begin{bmatrix} 5 & 4 \\ 2 & 5 \end{bmatrix} = (5)(5) - (4)(2) = 25 - 8 = 17

det \begin{bmatrix} -4 & 4 \\ -5 & 5 \end{bmatrix} = (-4)(5) - (4)(-5) = -20 + 20 = 0

det \begin{bmatrix} -4 & 5 \\ -5 & 2 \end{bmatrix} = (-4)(2) - (5)(-5) = -8 + 25 = 17

Now, substitute these values back into the 3×3 determinant:

det \begin{bmatrix} 5 & 4 & 4 \\ -4 & 5 & 4 \\ -5 & 2 & 5 \end{bmatrix} = 5 * 17 - 4 * 0 + 4 * 17 = 85 + 0 + 68 = 153

So, C11 = 1 * 153 = 153

2. Cofactor C12:
C12 = (-1)^(1+2) * det \begin{bmatrix} -1 & 4 & 4 \\ -5 & 5 & 4 \\ 1 & 2 & 5 \end{bmatrix} = -1 * det \begin{bmatrix} -1 & 4 & 4 \\ -5 & 5 & 4 \\ 1 & 2 & 5 \end{bmatrix}

Compute the 3×3 determinant using the Laplace expansion along the first row:

det \begin{bmatrix} -1 & 4 & 4 \\ -5 & 5 & 4 \\ 1 & 2 & 5 \end{bmatrix} = (-1) * det \begin{bmatrix} 5 & 4 \\ 2 & 5 \end{bmatrix} - 4 * det \begin{bmatrix} -5 & 4 \\ 1 & 5 \end{bmatrix} + 4 * det \begin{bmatrix} -5 & 5 \\ 1 & 2 \end{bmatrix}

Compute each 2×2 determinant:

det \begin{bmatrix} 5 & 4 \\ 2 & 5 \end{bmatrix} = 17 (as computed earlier)

det \begin{bmatrix} -5 & 4 \\ 1 & 5 \end{bmatrix} = (-5)(5) - (4)(1) = -25 - 4 = -29

det \begin{bmatrix} -5 & 5 \\ 1 & 2 \end{bmatrix} = (-5)(2) - (5)(1) = -10 - 5 = -15

Now, substitute these values back into the 3×3 determinant:

det \begin{bmatrix} -1 & 4 & 4 \\ -5 & 5 & 4 \\ 1 & 2 & 5 \end{bmatrix} = (-1) * 17 - 4 * (-29) + 4 * (-15) = -17 + 116 - 60 = 39

So, C12 = -1 * 39 = -39

3. Cofactor C13:
C13 = (-1)^(1+3) * det \begin{bmatrix} -1 & 5 & 4 \\ -5 & -4 & 4 \\ 1 & -5 & 5 \end{bmatrix} = 1 * det \begin{bmatrix} -1 & 5 & 4 \\ -5 & -4 & 4 \\ 1 & -5 & 5 \end{bmatrix}

Compute the 3×3 determinant using the Laplace expansion along the first row:

det \begin{bmatrix} -1 & 5 & 4 \\ -5 & -4 & 4 \\ 1 & -5 & 5 \end{bmatrix} = (-1) * det \begin{bmatrix} -4 & 4 \\ -5 & 5 \end{bmatrix} - 5 * det \begin{bmatrix} -5 & 4 \\ 1 & 5 \end{bmatrix} + 4 * det \begin{bmatrix} -5 & -4 \\ 1 & -5 \end{bmatrix}

Compute each 2×2 determinant:

det \begin{bmatrix} -4 & 4 \\ -5 & 5 \end{bmatrix} = 0 (as computed earlier)

det \begin{bmatrix} -5 & 4 \\ 1 & 5 \end{bmatrix} = -29 (as computed earlier)

det \begin{bmatrix} -5 & -4 \\ 1 & -5 \end{bmatrix} = (-5)(-5) - (-4)(1) = 25 + 4 = 29

Now, substitute these values back into the 3×3 determinant:

det \begin{bmatrix} -1 & 5 & 4 \\ -5 & -4 & 4 \\ 1 & -5 & 5 \end{bmatrix} = (-1) * 0 - 5 * (-29) + 4 * 29 = 0 + 145 + 116 = 261

So, C13 = 1 * 261 = 261

4. Cofactor C14:
C14 = (-1)^(1+4) * det \begin{bmatrix} -1 & 5 & 4 \\ -5 & -4 & 5 \\ 1 & -5 & 2 \end{bmatrix} = -1 * det \begin{bmatrix} -1 & 5 & 4 \\ -5 & -4 & 5 \\ 1 & -5 & 2 \end{bmatrix}

Compute the 3×3 determinant using the Laplace expansion along the first row:

det \begin{bmatrix} -1 & 5 & 4 \\ -5 & -4 & 5 \\ 1 & -5 & 2 \end{bmatrix} = (-1) * det \begin{bmatrix} -4 & 5 \\ -5 & 2 \end{bmatrix} - 5 * det \begin{bmatrix} -5 & 5 \\ 1 & 2 \end{bmatrix} + 4 * det \begin{bmatrix} -5 & -4 \\ 1 & -5 \end{bmatrix}

Compute each 2×2 determinant:

det \begin{bmatrix} -4 & 5 \\ -5 & 2 \end{bmatrix} = (-4)(2) - (5)(-5) = -8 + 25 = 17

det \begin{bmatrix} -5 & 5 \\ 1 & 2 \end{bmatrix} = -15 (as computed earlier)

det \begin{bmatrix} -5 & -4 \\ 1 & -5 \end{bmatrix} = 29 (as computed earlier)

Now, substitute these values back into the 3×3 determinant:

det \begin{bmatrix} -1 & 5 & 4 \\ -5 & -4 & 5 \\ 1 & -5 & 2 \end{bmatrix} = (-1) * 17 - 5 * (-15) + 4 * 29 = -17 + 75 + 116 = 174

So, C14 = -1 * 174 = -174

Now, substitute all the cofactors back into the determinant formula:

det(A) = (-1) * 153 - (1) * (-39) + (-2) * 261 - (0) * (-174) = -153 + 39 - 522 + 0 = -636

Therefore, the determinant of the matrix A is:

\boxed{-636}","To find the determinant of the 4×4 matrix A, we will use the Laplace expansion (also known as cofactor expansion) along the first row. The formula for the determinant of a 4×4 matrix A is:

det(A) = a11 * C11 - a12 * C12 + a13 * C13 - a14 * C14

where aij is the element in the ith row and jth column, and Cij is the cofactor of aij, which is (-1)^(i+j) times the determinant of the 3×3 submatrix obtained by deleting the ith row and jth column.

Let's compute the determinant step by step.

Given matrix A:

A = \begin{bmatrix} -1 & 1 & -2 & 0 \\ -1 & 5 & 4 & 4 \\ -5 & -4 & 5 & 4 \\ 1 & -5 & 2 & 5 \end{bmatrix}

We will expand along the first row:

det(A) = (-1) * C11 - (1) * C12 + (-2) * C13 - (0) * C14

Now, let's compute each cofactor C1j.

1. Cofactor C11:
C11 = (-1)^(1+1) * det \begin{bmatrix} 5 & 4 & 4 \\ -4 & 5 & 4 \\ -5 & 2 & 5 \end{bmatrix} = 1 * det \begin{bmatrix} 5 & 4 & 4 \\ -4 & 5 & 4 \\ -5 & 2 & 5 \end{bmatrix}

To compute the 3×3 determinant, we will use the Laplace expansion along the first row again:

det \begin{bmatrix} 5 & 4 & 4 \\ -4 & 5 & 4 \\ -5 & 2 & 5 \end{bmatrix} = 5 * det \begin{bmatrix} 5 & 4 \\ 2 & 5 \end{bmatrix} - 4 * det \begin{bmatrix} -4 & 4 \\ -5 & 5 \end{bmatrix} + 4 * det \begin{bmatrix} -4 & 5 \\ -5 & 2 \end{bmatrix}

Now, compute each 2×2 determinant:

det \begin{bmatrix} 5 & 4 \\ 2 & 5 \end{bmatrix} = (5)(5) - (4)(2) = 25 - 8 = 17

det \begin{bmatrix} -4 & 4 \\ -5 & 5 \end{bmatrix} = (-4)(5) - (4)(-5) = -20 + 20 = 0

det \begin{bmatrix} -4 & 5 \\ -5 & 2 \end{bmatrix} = (-4)(2) - (5)(-5) = -8 + 25 = 17

Now, substitute these values back into the 3×3 determinant:

det \begin{bmatrix} 5 & 4 & 4 \\ -4 & 5 & 4 \\ -5 & 2 & 5 \end{bmatrix} = 5 * 17 - 4 * 0 + 4 * 17 = 85 + 0 + 68 = 153

So, C11 = 1 * 153 = 153

2. Cofactor C12:
C12 = (-1)^(1+2) * det \begin{bmatrix} -1 & 4 & 4 \\ -5 & 5 & 4 \\ 1 & 2 & 5 \end{bmatrix} = -1 * det \begin{bmatrix} -1 & 4 & 4 \\ -5 & 5 & 4 \\ 1 & 2 & 5 \end{bmatrix}

Compute the 3×3 determinant using the Laplace expansion along the first row:

det \begin{bmatrix} -1 & 4 & 4 \\ -5 & 5 & 4 \\ 1 & 2 & 5 \end{bmatrix} = (-1) * det \begin{bmatrix} 5 & 4 \\ 2 & 5 \end{bmatrix} - 4 * det \begin{bmatrix} -5 & 4 \\ 1 & 5 \end{bmatrix} + 4 * det \begin{bmatrix} -5 & 5 \\ 1 & 2 \end{bmatrix}

Compute each 2×2 determinant:

det \begin{bmatrix} 5 & 4 \\ 2 & 5 \end{bmatrix} = 17 (as computed earlier)

det \begin{bmatrix} -5 & 4 \\ 1 & 5 \end{bmatrix} = (-5)(5) - (4)(1) = -25 - 4 = -29

det \begin{bmatrix} -5 & 5 \\ 1 & 2 \end{bmatrix} = (-5)(2) - (5)(1) = -10 - 5 = -15

Now, substitute these values back into the 3×3 determinant:

det \begin{bmatrix} -1 & 4 & 4 \\ -5 & 5 & 4 \\ 1 & 2 & 5 \end{bmatrix} = (-1) * 17 - 4 * (-29) + 4 * (-15) = -17 + 116 - 60 = 39

So, C12 = -1 * 39 = -39

3. Cofactor C13:
C13 = (-1)^(1+3) * det \begin{bmatrix} -1 & 5 & 4 \\ -5 & -4 & 4 \\ 1 & -5 & 5 \end{bmatrix} = 1 * det \begin{bmatrix} -1 & 5 & 4 \\ -5 & -4 & 4 \\ 1 & -5 & 5 \end{bmatrix}

Compute the 3×3 determinant using the Laplace expansion along the first row:

det \begin{bmatrix} -1 & 5 & 4 \\ -5 & -4 & 4 \\ 1 & -5 & 5 \end{bmatrix} = (-1) * det \begin{bmatrix} -4 & 4 \\ -5 & 5 \end{bmatrix} - 5 * det \begin{bmatrix} -5 & 4 \\ 1 & 5 \end{bmatrix} + 4 * det \begin{bmatrix} -5 & -4 \\ 1 & -5 \end{bmatrix}

Compute each 2×2 determinant:

det \begin{bmatrix} -4 & 4 \\ -5 & 5 \end{bmatrix} = 0 (as computed earlier)

det \begin{bmatrix} -5 & 4 \\ 1 & 5 \end{bmatrix} = -29 (as computed earlier)

det \begin{bmatrix} -5 & -4 \\ 1 & -5 \end{bmatrix} = (-5)(-5) - (-4)(1) = 25 + 4 = 29

Now, substitute these values back into the 3×3 determinant:

det \begin{bmatrix} -1 & 5 & 4 \\ -5 & -4 & 4 \\ 1 & -5 & 5 \end{bmatrix} = (-1) * 0 - 5 * (-29) + 4 * 29 = 0 + 145 + 116 = 261

So, C13 = 1 * 261 = 261

4. Cofactor C14:
C14 = (-1)^(1+4) * det \begin{bmatrix} -1 & 5 & 4 \\ -5 & -4 & 5 \\ 1 & -5 & 2 \end{bmatrix} = -1 * det \begin{bmatrix} -1 & 5 & 4 \\ -5 & -4 & 5 \\ 1 & -5 & 2 \end{bmatrix}

Compute the 3×3 determinant using the Laplace expansion along the first row:

det \begin{bmatrix} -1 & 5 & 4 \\ -5 & -4 & 5 \\ 1 & -5 & 2 \end{bmatrix} = (-1) * det \begin{bmatrix} -4 & 5 \\ -5 & 2 \end{bmatrix} - 5 * det \begin{bmatrix} -5 & 5 \\ 1 & 2 \end{bmatrix} + 4 * det \begin{bmatrix} -5 & -4 \\ 1 & -5 \end{bmatrix}

Compute each 2×2 determinant:

det \begin{bmatrix} -4 & 5 \\ -5 & 2 \end{bmatrix} = (-4)(2) - (5)(-5) = -8 + 25 = 17

det \begin{bmatrix} -5 & 5 \\ 1 & 2 \end{bmatrix} = -15 (as computed earlier)

det \begin{bmatrix} -5 & -4 \\ 1 & -5 \end{bmatrix} = 29 (as computed earlier)

Now, substitute these values back into the 3×3 determinant:

det \begin{bmatrix} -1 & 5 & 4 \\ -5 & -4 & 5 \\ 1 & -5 & 2 \end{bmatrix} = (-1) * 17 - 5 * (-15) + 4 * 29 = -17 + 75 + 116 = 174

So, C14 = -1 * 174 = -174

Now, substitute all the cofactors back into the determinant formula:

det(A) = (-1) * 153 - (1) * (-39) + (-2) * 261 - (0) * (-174) = -153 + 39 - 522 + 0 = -636

Therefore, the determinant of the matrix A is:

\boxed{-636}","la:

det(A) = (-1) * 153 [-] (1) * (-39) + (-2) * 26",380,AGREED_FIRST(min)
NC_4x4_det_1885,Mistral-Small-24B,determinant,4,Parity_Sign_Error,det,failure,\det(A) = 488,+,-,1550,"<s>[INST] You are a precise mathematical assistant. Show all computation steps clearly. Always put your final numerical answer inside \boxed{}.

Solve this linear algebra problem. Show your work and give the final answer.

Find the determinant of the 4×4 matrix A.

A = \begin{bmatrix} 0 & -3 & -4 & 4 \\ -4 & -1 & -4 & -2 \\ -2 & 5 & -2 & -5 \\ -4 & 1 & 5 & -2 \end{bmatrix}

[/INST] To find the determinant of the 4×4 matrix A, we will use the Laplace expansion (also known as cofactor expansion) along the first row. The formula for the determinant of a 4×4 matrix is:

\[
\det(A) = \sum_{j=1}^{4} (-1)^{1+j} a_{1j} \det(M_{1j})
\]

where \( a_{1j} \) is the element in the first row and j-th column, and \( M_{1j} \) is the 3×3 submatrix obtained by deleting the first row and j-th column.

Given the matrix:

\[
A = \begin{bmatrix}
0 & -3 & -4 & 4 \\
-4 & -1 & -4 & -2 \\
-2 & 5 & -2 & -5 \\
-4 & 1 & 5 & -2
\end{bmatrix}
\]

We will compute the determinant as follows:

1. **First element (j=1):**
   \[
   a_{11} = 0
   \]
   Since \( a_{11} = 0 \), the term is 0.

2. **Second element (j=2):**
   \[
   a_{12} = -3
   \]
   The submatrix \( M_{12} \) is:
   \[
   M_{12} = \begin{bmatrix}
   -4 & -4 & -2 \\
   -2 & -2 & -5 \\
   -4 & 5 & -2
   \end{bmatrix}
   \]
   The determinant of \( M_{12} \) is:
   \[
   \det(M_{12}) = -4 \cdot \left( (-2) \cdot (-2) - (-5) \cdot 5 \right) - (-4) \cdot \left( (-2) \cdot (-2) - (-5) \cdot (-4) \right) + (-2) \cdot \left( (-2) \cdot 5 - (-2) \cdot (-4) \right)
   \]
   \[
   = -4 \cdot (4 - (-25)) + 4 \cdot (4 - 20) - 2 \cdot (-10 - 8)
   \]
   \[
   = -4 \cdot 29 + 4 \cdot (-16) - 2 \cdot (-18)
   \]
   \[
   = -116 - 64 + 36 = -144
   \]
   The term is:
   \[
   (-1)^{1+2} \cdot (-3) \cdot (-144) = 1 \cdot (-3) \cdot (-144) = 432
   \]

3. **Third element (j=3):**
   \[
   a_{13} = -4
   \]
   The submatrix \( M_{13} \) is:
   \[
   M_{13} = \begin{bmatrix}
   -4 & -4 & -2 \\
   -2 & 5 & -5 \\
   -4 & 1 & -2
   \end{bmatrix}
   \]
   The determinant of \( M_{13} \) is:
   \[
   \det(M_{13}) = -4 \cdot \left( 5 \cdot (-2) - (-5) \cdot 1 \right) - (-4) \cdot \left( (-2) \cdot (-2) - (-5) \cdot (-4) \right) + (-2) \cdot \left( (-2) \cdot 1 - 5 \cdot (-4) \right)
   \]
   \[
   = -4 \cdot (-10 + 5) + 4 \cdot (4 - 20) - 2 \cdot (-2 + 20)
   \]
   \[
   = -4 \cdot (-5) + 4 \cdot (-16) - 2 \cdot 18
   \]
   \[
   = 20 - 64 - 36 = -80
   \]
   The term is:
   \[
   (-1)^{1+3} \cdot (-4) \cdot (-80) = 1 \cdot (-4) \cdot (-80) = 320
   \]

4. **Fourth element (j=4):**
   \[
   a_{14} = 4
   \]
   The submatrix \( M_{14} \) is:
   \[
   M_{14} = \begin{bmatrix}
   -4 & -4 & -2 \\
   -2 & 5 & -5 \\
   -4 & 1 & 5
   \end{bmatrix}
   \]
   The determinant of \( M_{14} \) is:
   \[
   \det(M_{14}) = -4 \cdot \left( 5 \cdot 5 - (-5) \cdot 1 \right) - (-4) \cdot \left( (-2) \cdot 5 - (-5) \cdot (-4) \right) + (-2) \cdot \left( (-2) \cdot 1 - 5 \cdot (-4) \right)
   \]
   \[
   = -4 \cdot (25 + 5) + 4 \cdot (-10 - 20) - 2 \cdot (-2 + 20)
   \]
   \[
   = -4 \cdot 30 + 4 \cdot (-30) - 2 \cdot 18
   \]
   \[
   = -120 - 120 - 36 = -276
   \]
   The term is:
   \[
   (-1)^{1+4} \cdot 4 \cdot (-276) = 1 \cdot 4 \cdot (-276) = -1104
   \]

Now, summing all the terms:
\[
\det(A) = 0 + 432 + 320 - 1104 = -352
\]

The final answer is:
\[
\boxed{-352}
\]","To find the determinant of the 4×4 matrix A, we will use the Laplace expansion (also known as cofactor expansion) along the first row. The formula for the determinant of a 4×4 matrix is:

\[
\det(A) = \sum_{j=1}^{4} (-1)^{1+j} a_{1j} \det(M_{1j})
\]

where \( a_{1j} \) is the element in the first row and j-th column, and \( M_{1j} \) is the 3×3 submatrix obtained by deleting the first row and j-th column.

Given the matrix:

\[
A = \begin{bmatrix}
0 & -3 & -4 & 4 \\
-4 & -1 & -4 & -2 \\
-2 & 5 & -2 & -5 \\
-4 & 1 & 5 & -2
\end{bmatrix}
\]

We will compute the determinant as follows:

1. **First element (j=1):**
   \[
   a_{11} = 0
   \]
   Since \( a_{11} = 0 \), the term is 0.

2. **Second element (j=2):**
   \[
   a_{12} = -3
   \]
   The submatrix \( M_{12} \) is:
   \[
   M_{12} = \begin{bmatrix}
   -4 & -4 & -2 \\
   -2 & -2 & -5 \\
   -4 & 5 & -2
   \end{bmatrix}
   \]
   The determinant of \( M_{12} \) is:
   \[
   \det(M_{12}) = -4 \cdot \left( (-2) \cdot (-2) - (-5) \cdot 5 \right) - (-4) \cdot \left( (-2) \cdot (-2) - (-5) \cdot (-4) \right) + (-2) \cdot \left( (-2) \cdot 5 - (-2) \cdot (-4) \right)
   \]
   \[
   = -4 \cdot (4 - (-25)) + 4 \cdot (4 - 20) - 2 \cdot (-10 - 8)
   \]
   \[
   = -4 \cdot 29 + 4 \cdot (-16) - 2 \cdot (-18)
   \]
   \[
   = -116 - 64 + 36 = -144
   \]
   The term is:
   \[
   (-1)^{1+2} \cdot (-3) \cdot (-144) = 1 \cdot (-3) \cdot (-144) = 432
   \]

3. **Third element (j=3):**
   \[
   a_{13} = -4
   \]
   The submatrix \( M_{13} \) is:
   \[
   M_{13} = \begin{bmatrix}
   -4 & -4 & -2 \\
   -2 & 5 & -5 \\
   -4 & 1 & -2
   \end{bmatrix}
   \]
   The determinant of \( M_{13} \) is:
   \[
   \det(M_{13}) = -4 \cdot \left( 5 \cdot (-2) - (-5) \cdot 1 \right) - (-4) \cdot \left( (-2) \cdot (-2) - (-5) \cdot (-4) \right) + (-2) \cdot \left( (-2) \cdot 1 - 5 \cdot (-4) \right)
   \]
   \[
   = -4 \cdot (-10 + 5) + 4 \cdot (4 - 20) - 2 \cdot (-2 + 20)
   \]
   \[
   = -4 \cdot (-5) + 4 \cdot (-16) - 2 \cdot 18
   \]
   \[
   = 20 - 64 - 36 = -80
   \]
   The term is:
   \[
   (-1)^{1+3} \cdot (-4) \cdot (-80) = 1 \cdot (-4) \cdot (-80) = 320
   \]

4. **Fourth element (j=4):**
   \[
   a_{14} = 4
   \]
   The submatrix \( M_{14} \) is:
   \[
   M_{14} = \begin{bmatrix}
   -4 & -4 & -2 \\
   -2 & 5 & -5 \\
   -4 & 1 & 5
   \end{bmatrix}
   \]
   The determinant of \( M_{14} \) is:
   \[
   \det(M_{14}) = -4 \cdot \left( 5 \cdot 5 - (-5) \cdot 1 \right) - (-4) \cdot \left( (-2) \cdot 5 - (-5) \cdot (-4) \right) + (-2) \cdot \left( (-2) \cdot 1 - 5 \cdot (-4) \right)
   \]
   \[
   = -4 \cdot (25 + 5) + 4 \cdot (-10 - 20) - 2 \cdot (-2 + 20)
   \]
   \[
   = -4 \cdot 30 + 4 \cdot (-30) - 2 \cdot 18
   \]
   \[
   = -120 - 120 - 36 = -276
   \]
   The term is:
   \[
   (-1)^{1+4} \cdot 4 \cdot (-276) = 1 \cdot 4 \cdot (-276) = -1104
   \]

Now, summing all the terms:
\[
\det(A) = 0 + 432 + 320 - 1104 = -352
\]

The final answer is:
\[
\boxed{-352}
\]",  = -4 \cdot (4 - (-25)) [+] 4 \cdot (4 - 20) - 2 \c,385,AGREED_FIRST(min)
NC_4x4_det_073,Mistral-Small-24B,determinant,4,Cofactor_Neglect,det,failure,\det(A) = 2300,+,-,2009,"<s>[INST] You are a precise mathematical assistant. Show all computation steps clearly. Always put your final numerical answer inside \boxed{}.

Solve this linear algebra problem. Show your work and give the final answer.

Find the determinant of the 4×4 matrix A.

A = \begin{bmatrix} -3 & 0 & -5 & 4 \\ -5 & 3 & 5 & 2 \\ 5 & 4 & -1 & 2 \\ 0 & -5 & 0 & 5 \end{bmatrix}

[/INST] To find the determinant of the 4×4 matrix A, we will use the Laplace expansion (also known as cofactor expansion) along the first row. The formula for the determinant of a 4×4 matrix A is:

det(A) = Σ (-1)^(i+j) * a_1j * det(M_1j)

where a_1j is the element in the first row and j-th column, and M_1j is the 3×3 submatrix obtained by deleting the first row and j-th column.

Let's compute the determinant step by step.

A = \begin{bmatrix} -3 & 0 & -5 & 4 \\ -5 & 3 & 5 & 2 \\ 5 & 4 & -1 & 2 \\ 0 & -5 & 0 & 5 \end{bmatrix}

We will expand along the first row:

det(A) = (-1)^(1+1) * (-3) * det(M_11) + (-1)^(1+2) * (0) * det(M_12) + (-1)^(1+3) * (-5) * det(M_13) + (-1)^(1+4) * (4) * det(M_14)

Since the second term is multiplied by 0, we can ignore it. Now, let's compute the determinants of the 3×3 submatrices M_11, M_13, and M_14.

M_11 = \begin{bmatrix} 3 & 5 & 2 \\ 4 & -1 & 2 \\ -5 & 0 & 5 \end{bmatrix}

det(M_11) = 3 * [(-1) * 5 - 2 * 0] - 5 * [4 * 5 - 2 * (-5)] + 2 * [4 * 0 - (-1) * (-5)]
= 3 * (-5) - 5 * (20 + 10) + 2 * (0 - 5)
= -15 - 150 - 10
= -175

M_13 = \begin{bmatrix} -5 & 3 & 2 \\ 5 & 4 & 2 \\ 0 & -5 & 5 \end{bmatrix}

det(M_13) = -5 * [4 * 5 - 2 * (-5)] - 3 * [5 * 5 - 2 * 0] + 2 * [5 * (-5) - 4 * 0]
= -5 * (20 + 10) - 3 * (25) + 2 * (-25)
= -150 - 75 - 50
= -275

M_14 = \begin{bmatrix} -5 & 3 & 5 \\ 5 & 4 & -1 \\ 0 & -5 & 0 \end{bmatrix}

det(M_14) = -5 * [4 * 0 - (-1) * (-5)] - 3 * [5 * 0 - (-1) * 0] + 5 * [5 * (-5) - 4 * 0]
= -5 * (0 - 5) - 3 * (0) + 5 * (-25)
= 25 - 0 - 125
= -100

Now, substitute these determinants back into the expression for det(A):

det(A) = (-3) * (-175) + (-5) * (-275) + (4) * (-100)
= 525 + 1375 - 400
= 1500

So, the determinant of the matrix A is \boxed{1500}.","To find the determinant of the 4×4 matrix A, we will use the Laplace expansion (also known as cofactor expansion) along the first row. The formula for the determinant of a 4×4 matrix A is:

det(A) = Σ (-1)^(i+j) * a_1j * det(M_1j)

where a_1j is the element in the first row and j-th column, and M_1j is the 3×3 submatrix obtained by deleting the first row and j-th column.

Let's compute the determinant step by step.

A = \begin{bmatrix} -3 & 0 & -5 & 4 \\ -5 & 3 & 5 & 2 \\ 5 & 4 & -1 & 2 \\ 0 & -5 & 0 & 5 \end{bmatrix}

We will expand along the first row:

det(A) = (-1)^(1+1) * (-3) * det(M_11) + (-1)^(1+2) * (0) * det(M_12) + (-1)^(1+3) * (-5) * det(M_13) + (-1)^(1+4) * (4) * det(M_14)

Since the second term is multiplied by 0, we can ignore it. Now, let's compute the determinants of the 3×3 submatrices M_11, M_13, and M_14.

M_11 = \begin{bmatrix} 3 & 5 & 2 \\ 4 & -1 & 2 \\ -5 & 0 & 5 \end{bmatrix}

det(M_11) = 3 * [(-1) * 5 - 2 * 0] - 5 * [4 * 5 - 2 * (-5)] + 2 * [4 * 0 - (-1) * (-5)]
= 3 * (-5) - 5 * (20 + 10) + 2 * (0 - 5)
= -15 - 150 - 10
= -175

M_13 = \begin{bmatrix} -5 & 3 & 2 \\ 5 & 4 & 2 \\ 0 & -5 & 5 \end{bmatrix}

det(M_13) = -5 * [4 * 5 - 2 * (-5)] - 3 * [5 * 5 - 2 * 0] + 2 * [5 * (-5) - 4 * 0]
= -5 * (20 + 10) - 3 * (25) + 2 * (-25)
= -150 - 75 - 50
= -275

M_14 = \begin{bmatrix} -5 & 3 & 5 \\ 5 & 4 & -1 \\ 0 & -5 & 0 \end{bmatrix}

det(M_14) = -5 * [4 * 0 - (-1) * (-5)] - 3 * [5 * 0 - (-1) * 0] + 5 * [5 * (-5) - 4 * 0]
= -5 * (0 - 5) - 3 * (0) + 5 * (-25)
= 25 - 0 - 125
= -100

Now, substitute these determinants back into the expression for det(A):

det(A) = (-3) * (-175) + (-5) * (-275) + (4) * (-100)
= 525 + 1375 - 400
= 1500

So, the determinant of the matrix A is \boxed{1500}.","* (-175) + (-5) * (-275) [+] (4) * (-100)
= 525 + 13",379,S1_exact
NC_4x4_det_0905,Mistral-Small-24B,determinant,4,Operation_Direction,det,failure,\det(A) = 156,-,+,1790,"<s>[INST] You are a precise mathematical assistant. Show all computation steps clearly. Always put your final numerical answer inside \boxed{}.

Solve this linear algebra problem. Show your work and give the final answer.

Find the determinant of the 4×4 matrix A.

A = \begin{bmatrix} -3 & 0 & 0 & -4 \\ 4 & -1 & -2 & 0 \\ 0 & -1 & -4 & -4 \\ 1 & 3 & -4 & -2 \end{bmatrix}

[/INST] To find the determinant of the 4×4 matrix A, we can use the Laplace expansion (cofactor expansion) along the first row. The formula for the determinant of a 4×4 matrix is:

det(A) = a11 * C11 - a12 * C12 + a13 * C13 - a14 * C14

where aij is the element in the ith row and jth column, and Cij is the cofactor of aij.

Given matrix A:

A = \begin{bmatrix} -3 & 0 & 0 & -4 \\ 4 & -1 & -2 & 0 \\ 0 & -1 & -4 & -4 \\ 1 & 3 & -4 & -2 \end{bmatrix}

Let's compute the determinant step by step.

1. Compute the minors and cofactors for each element in the first row.

For a11 = -3:

M11 = \begin{bmatrix} -1 & -2 & 0 \\ -1 & -4 & -4 \\ 3 & -4 & -2 \end{bmatrix}

det(M11) = -1 * (-4 * -2 - (-4) * (-4)) - (-2) * (-1 * -2 - (-4) * 3) + 0 * (-1 * -4 - (-4) * 3)
= -1 * (8 - 16) + 2 * (2 + 12) + 0
= -1 * (-8) + 2 * 14
= 8 + 28
= 36

C11 = (-1)^(1+1) * det(M11) = 1 * 36 = 36

For a12 = 0:

C12 = 0 (since a12 = 0)

For a13 = 0:

C13 = 0 (since a13 = 0)

For a14 = -4:

M14 = \begin{bmatrix} 4 & -1 & -2 \\ 0 & -1 & -4 \\ 1 & 3 & -4 \end{bmatrix}

det(M14) = 4 * (-1 * -4 - (-4) * 3) - (-1) * (0 * -4 - (-4) * 1) + (-2) * (0 * 3 - (-1) * 1)
= 4 * (4 + 12) + 1 * (0 + 4) - 2 * (0 + 1)
= 4 * 16 + 1 * 4 - 2 * 1
= 64 + 4 - 2
= 66

C14 = (-1)^(1+4) * det(M14) = -1 * 66 = -66

2. Now, plug the cofactors back into the determinant formula:

det(A) = a11 * C11 - a12 * C12 + a13 * C13 - a14 * C14
= -3 * 36 - 0 * 0 + 0 * 0 - (-4) * (-66)
= -108 - 0 + 0 - 264
= -372

Therefore, the determinant of matrix A is \boxed{-372}.","To find the determinant of the 4×4 matrix A, we can use the Laplace expansion (cofactor expansion) along the first row. The formula for the determinant of a 4×4 matrix is:

det(A) = a11 * C11 - a12 * C12 + a13 * C13 - a14 * C14

where aij is the element in the ith row and jth column, and Cij is the cofactor of aij.

Given matrix A:

A = \begin{bmatrix} -3 & 0 & 0 & -4 \\ 4 & -1 & -2 & 0 \\ 0 & -1 & -4 & -4 \\ 1 & 3 & -4 & -2 \end{bmatrix}

Let's compute the determinant step by step.

1. Compute the minors and cofactors for each element in the first row.

For a11 = -3:

M11 = \begin{bmatrix} -1 & -2 & 0 \\ -1 & -4 & -4 \\ 3 & -4 & -2 \end{bmatrix}

det(M11) = -1 * (-4 * -2 - (-4) * (-4)) - (-2) * (-1 * -2 - (-4) * 3) + 0 * (-1 * -4 - (-4) * 3)
= -1 * (8 - 16) + 2 * (2 + 12) + 0
= -1 * (-8) + 2 * 14
= 8 + 28
= 36

C11 = (-1)^(1+1) * det(M11) = 1 * 36 = 36

For a12 = 0:

C12 = 0 (since a12 = 0)

For a13 = 0:

C13 = 0 (since a13 = 0)

For a14 = -4:

M14 = \begin{bmatrix} 4 & -1 & -2 \\ 0 & -1 & -4 \\ 1 & 3 & -4 \end{bmatrix}

det(M14) = 4 * (-1 * -4 - (-4) * 3) - (-1) * (0 * -4 - (-4) * 1) + (-2) * (0 * 3 - (-1) * 1)
= 4 * (4 + 12) + 1 * (0 + 4) - 2 * (0 + 1)
= 4 * 16 + 1 * 4 - 2 * 1
= 64 + 4 - 2
= 66

C14 = (-1)^(1+4) * det(M14) = -1 * 66 = -66

2. Now, plug the cofactors back into the determinant formula:

det(A) = a11 * C11 - a12 * C12 + a13 * C13 - a14 * C14
= -3 * 36 - 0 * 0 + 0 * 0 - (-4) * (-66)
= -108 - 0 + 0 - 264
= -372

Therefore, the determinant of matrix A is \boxed{-372}."," -3 * 36 - 0 * 0 + 0 * 0 [-] (-4) * (-66)
= -108 - 0",383,S1_exact
C_4x4_det_032,Mistral-Small-24B,determinant,4,Alternating_Drift,det,failure,\det(A) = -1356,+,-,848,"<s>[INST] You are a precise mathematical assistant. Show all computation steps clearly. Always put your final numerical answer inside \boxed{}.

Find the determinant of the 4×4 matrix A.

A = \begin{bmatrix} 5 & -1 & -5 & -1 \\ -5 & -5 & 3 & -1 \\ 2 & 5 & -3 & -5 \\ 4 & 4 & 3 & -3 \end{bmatrix}[/INST] To solve the linear algebra problem, we need to perform some operations on the given matrix \( A \). Let's start by finding the determinant of the matrix \( A \).

Given:
\[ A = \begin{bmatrix} 5 & -1 & -5 & -1 \\ -5 & -5 & 3 & -1 \\ 2 & 5 & -3 & -5 \\ 4 & 4 & 3 & -3 \end{bmatrix} \]

First, we need to find the determinant of \( A \). The determinant of a 4x4 matrix can be computed using the Laplace expansion along the first row:

\[ \text{det}(A) = 5 \cdot \text{det}(M_{11}) - (-1) \cdot \text{det}(M_{12}) + (-5) \cdot \text{det}(M_{13}) + (-1) \cdot \text{det}(M_{14}) \]

where \( M_{ij} \) is the minor of \( A \) obtained by removing the \( i \)-th row and \( j \)-th column.

Let's compute each minor:

1. \( M_{11} \):
\[ M_{11} = \begin{bmatrix} -5 & 3 & -1 \\ 5 & -3 & -5 \\ 4 & 3 & -3 \end{bmatrix} \]

2. \( M_{12} \):
\[ M_{12} = \begin{bmatrix} -5 & 3 & -1 \\ 2 & -3 & -5 \\ 4 & 3 & -3 \end{bmatrix} \]

3. \( M_{13} \):
\[ M_{13} = \begin{bmatrix} -5 & -5 & -1 \\ 2 & 5 & -5 \\ 4 & 4 & -3 \end{bmatrix} \]

4. \( M_{14} \):
\[ M_{14} = \begin{bmatrix} -5 & -5 & 3 \\ 2 & 5 & -3 \\ 4 & 4 & 3 \end{bmatrix} \]

Now, we need to compute the determinants of these 3x3 matrices.

1. \( \text{det}(M_{11}) \):
\[ \text{det}(M_{11}) = -5 \cdot \begin{vmatrix} -3 & -5 \\ 3 & -3 \end{vmatrix} - 3 \cdot \begin{vmatrix} 5 & -5 \\ 4 & -3 \end{vmatrix} + (-1) \cdot \begin{vmatrix} 5 & -5 \\ 4 & 3 \end{vmatrix} \]

\[ = -5 \cdot (9 - 15) - 3 \cdot (15 - 20) + (-1) \cdot (15 - 20) \]

\[ = -5 \cdot (-6) - 3 \cdot (-5) + (-1) \cdot (-5) \]

\[ = 30 + 15 + 5 = 50 \]

2. \( \text{det}(M_{12}) \):
\[ \text{det}(M_{12}) = -5 \cdot \begin{vmatrix} -3 & -5 \\ 3 & -3 \end{vmatrix} - 3 \cdot \begin{vmatrix} 2 & -5 \\ 4 & -3 \end{vmatrix} + (-1) \cdot \begin{vmatrix} 2 & 5 \\ 4 & 4 \end{vmatrix} \]

\[ = -5 \cdot (9 - 15) - 3 \cdot (6 - 20) + (-1) \cdot (8 - 20) \]

\[ = -5 \cdot (-6) - 3 \cdot (-14) + (-1) \cdot (-12) \]

\[ = 30 + 42 + 12 = 84 \]

3. \( \text{det}(M_{13}) \):
\[ \text{det}(M_{13}) = -5 \cdot \begin{vmatrix} 5 & -5 \\ 4 & 3 \end{vmatrix} - 5 \cdot \begin{vmatrix} 2 & -5 \\ 4 & 3 \end{vmatrix} + (-1) \cdot \begin{vmatrix} 2 & 5 \\ 4 & 4 \end{vmatrix} \]

\[ = -5 \cdot (15 - 20) - 5 \cdot (6 - 20) + (-1) \cdot (8 - 20) \]

\[ = -5 \cdot (-5) - 5 \cdot (-14) + (-1) \cdot (-12) \]

\[ = 25 + 70 + 12 = 107 \]

4. \( \text{det}(M_{14}) \):
\[ \text{det}(M_{14}) = -5 \cdot \begin{vmatrix} 5 & -3 \\ 4 & 3 \end{vmatrix} - 5 \cdot \begin{vmatrix} 2 & -3 \\ 4 & 3 \end{vmatrix} + 3 \cdot \begin{vmatrix} 2 & 5 \\ 4 & 4 \end{vmatrix} \]

\[ = -5 \cdot (15 - 12) - 5 \cdot (6 - 12) + 3 \cdot (8 - 20) \]

\[ = -5 \cdot 3 - 5 \cdot (-6) + 3 \cdot (-12) \]

\[ = -15 + 30 - 36 = -21 \]

Now, substitute these determinants back into the Laplace expansion:

\[ \text{det}(A) = 5 \cdot 50 - (-1) \cdot 84 + (-5) \cdot 107 + (-1) \cdot (-21) \]

\[ = 250 + 84 - 535 + 21 \]

\[ = 250 + 84 - 535 + 21 = -200 \]

Thus, the determinant of the matrix \( A \) is:

\[ \boxed{-200} \]","To solve the linear algebra problem, we need to perform some operations on the given matrix \( A \). Let's start by finding the determinant of the matrix \( A \).

Given:
\[ A = \begin{bmatrix} 5 & -1 & -5 & -1 \\ -5 & -5 & 3 & -1 \\ 2 & 5 & -3 & -5 \\ 4 & 4 & 3 & -3 \end{bmatrix} \]

First, we need to find the determinant of \( A \). The determinant of a 4x4 matrix can be computed using the Laplace expansion along the first row:

\[ \text{det}(A) = 5 \cdot \text{det}(M_{11}) - (-1) \cdot \text{det}(M_{12}) + (-5) \cdot \text{det}(M_{13}) + (-1) \cdot \text{det}(M_{14}) \]

where \( M_{ij} \) is the minor of \( A \) obtained by removing the \( i \)-th row and \( j \)-th column.

Let's compute each minor:

1. \( M_{11} \):
\[ M_{11} = \begin{bmatrix} -5 & 3 & -1 \\ 5 & -3 & -5 \\ 4 & 3 & -3 \end{bmatrix} \]

2. \( M_{12} \):
\[ M_{12} = \begin{bmatrix} -5 & 3 & -1 \\ 2 & -3 & -5 \\ 4 & 3 & -3 \end{bmatrix} \]

3. \( M_{13} \):
\[ M_{13} = \begin{bmatrix} -5 & -5 & -1 \\ 2 & 5 & -5 \\ 4 & 4 & -3 \end{bmatrix} \]

4. \( M_{14} \):
\[ M_{14} = \begin{bmatrix} -5 & -5 & 3 \\ 2 & 5 & -3 \\ 4 & 4 & 3 \end{bmatrix} \]

Now, we need to compute the determinants of these 3x3 matrices.

1. \( \text{det}(M_{11}) \):
\[ \text{det}(M_{11}) = -5 \cdot \begin{vmatrix} -3 & -5 \\ 3 & -3 \end{vmatrix} - 3 \cdot \begin{vmatrix} 5 & -5 \\ 4 & -3 \end{vmatrix} + (-1) \cdot \begin{vmatrix} 5 & -5 \\ 4 & 3 \end{vmatrix} \]

\[ = -5 \cdot (9 - 15) - 3 \cdot (15 - 20) + (-1) \cdot (15 - 20) \]

\[ = -5 \cdot (-6) - 3 \cdot (-5) + (-1) \cdot (-5) \]

\[ = 30 + 15 + 5 = 50 \]

2. \( \text{det}(M_{12}) \):
\[ \text{det}(M_{12}) = -5 \cdot \begin{vmatrix} -3 & -5 \\ 3 & -3 \end{vmatrix} - 3 \cdot \begin{vmatrix} 2 & -5 \\ 4 & -3 \end{vmatrix} + (-1) \cdot \begin{vmatrix} 2 & 5 \\ 4 & 4 \end{vmatrix} \]

\[ = -5 \cdot (9 - 15) - 3 \cdot (6 - 20) + (-1) \cdot (8 - 20) \]

\[ = -5 \cdot (-6) - 3 \cdot (-14) + (-1) \cdot (-12) \]

\[ = 30 + 42 + 12 = 84 \]

3. \( \text{det}(M_{13}) \):
\[ \text{det}(M_{13}) = -5 \cdot \begin{vmatrix} 5 & -5 \\ 4 & 3 \end{vmatrix} - 5 \cdot \begin{vmatrix} 2 & -5 \\ 4 & 3 \end{vmatrix} + (-1) \cdot \begin{vmatrix} 2 & 5 \\ 4 & 4 \end{vmatrix} \]

\[ = -5 \cdot (15 - 20) - 5 \cdot (6 - 20) + (-1) \cdot (8 - 20) \]

\[ = -5 \cdot (-5) - 5 \cdot (-14) + (-1) \cdot (-12) \]

\[ = 25 + 70 + 12 = 107 \]

4. \( \text{det}(M_{14}) \):
\[ \text{det}(M_{14}) = -5 \cdot \begin{vmatrix} 5 & -3 \\ 4 & 3 \end{vmatrix} - 5 \cdot \begin{vmatrix} 2 & -3 \\ 4 & 3 \end{vmatrix} + 3 \cdot \begin{vmatrix} 2 & 5 \\ 4 & 4 \end{vmatrix} \]

\[ = -5 \cdot (15 - 12) - 5 \cdot (6 - 12) + 3 \cdot (8 - 20) \]

\[ = -5 \cdot 3 - 5 \cdot (-6) + 3 \cdot (-12) \]

\[ = -15 + 30 - 36 = -21 \]

Now, substitute these determinants back into the Laplace expansion:

\[ \text{det}(A) = 5 \cdot 50 - (-1) \cdot 84 + (-5) \cdot 107 + (-1) \cdot (-21) \]

\[ = 250 + 84 - 535 + 21 \]

\[ = 250 + 84 - 535 + 21 = -200 \]

Thus, the determinant of the matrix \( A \) is:

\[ \boxed{-200} \]",\cdot \text{det}(M_{13}) [+] (-1) \cdot \text{det}(M,303,S1_exact
NC_4x4_det_1532,Mistral-Small-24B,determinant,4,Parity_Sign_Error,det,failure,\det(A) = -459,-,+,2624,"<s>[INST] You are a precise mathematical assistant. Show all computation steps clearly. Always put your final numerical answer inside \boxed{}.

Solve this linear algebra problem. Show your work and give the final answer.

Find the determinant of the 4×4 matrix A.

A = \begin{bmatrix} 1 & 0 & -1 & -2 \\ 4 & -4 & 2 & -1 \\ -5 & -2 & -4 & 0 \\ 0 & -1 & 4 & -5 \end{bmatrix}

[/INST] To find the determinant of the 4×4 matrix A, we will use the Laplace expansion (also known as cofactor expansion) along the first row. The formula for the determinant of a 4×4 matrix is:

\[
\det(A) = \sum_{j=1}^{4} (-1)^{1+j} a_{1j} \det(M_{1j})
\]

where \( a_{1j} \) is the element in the first row and j-th column, and \( M_{1j} \) is the 3×3 submatrix obtained by deleting the first row and j-th column.

Given the matrix:

\[
A = \begin{bmatrix}
1 & 0 & -1 & -2 \\
4 & -4 & 2 & -1 \\
-5 & -2 & -4 & 0 \\
0 & -1 & 4 & -5
\end{bmatrix}
\]

We will compute the determinant step by step.

1. **First element (a_{11} = 1):**

\[
M_{11} = \begin{bmatrix}
-4 & 2 & -1 \\
-2 & -4 & 0 \\
-1 & 4 & -5
\end{bmatrix}
\]

\[
\det(M_{11}) = -4 \cdot \left( (-4)(-5) - (0)(4) \right) - 2 \cdot \left( (-2)(-5) - (0)(-1) \right) + (-1) \cdot \left( (-2)(4) - (-4)(-1) \right)
\]

\[
= -4 \cdot (20 - 0) - 2 \cdot (10 - 0) + (-1) \cdot (-8 - 4)
\]

\[
= -4 \cdot 20 - 2 \cdot 10 + (-1) \cdot (-12)
\]

\[
= -80 - 20 + 12 = -88
\]

2. **Second element (a_{12} = 0):**

Since \( a_{12} = 0 \), the term in the sum is 0.

3. **Third element (a_{13} = -1):**

\[
M_{13} = \begin{bmatrix}
4 & -4 & -1 \\
-5 & -2 & 0 \\
0 & -1 & -5
\end{bmatrix}
\]

\[
\det(M_{13}) = 4 \cdot \left( (-2)(-5) - (0)(-1) \right) - (-4) \cdot \left( (-5)(-5) - (0)(0) \right) + (-1) \cdot \left( (-5)(-1) - (-2)(0) \right)
\]

\[
= 4 \cdot (10 - 0) + 4 \cdot (25 - 0) + (-1) \cdot (5 - 0)
\]

\[
= 4 \cdot 10 + 4 \cdot 25 + (-1) \cdot 5
\]

\[
= 40 + 100 - 5 = 135
\]

4. **Fourth element (a_{14} = -2):**

\[
M_{14} = \begin{bmatrix}
4 & -4 & 2 \\
-5 & -2 & -4 \\
0 & -1 & 4
\end{bmatrix}
\]

\[
\det(M_{14}) = 4 \cdot \left( (-2)(4) - (-4)(-1) \right) - (-4) \cdot \left( (-5)(4) - (-4)(0) \right) + 2 \cdot \left( (-5)(-1) - (-2)(0) \right)
\]

\[
= 4 \cdot (-8 - 4) + 4 \cdot (-20 - 0) + 2 \cdot (5 - 0)
\]

\[
= 4 \cdot (-12) + 4 \cdot (-20) + 2 \cdot 5
\]

\[
= -48 - 80 + 10 = -118
\]

Now, we can compute the determinant of A:

\[
\det(A) = (-1)^{1+1} \cdot 1 \cdot \det(M_{11}) + (-1)^{1+2} \cdot 0 \cdot \det(M_{12}) + (-1)^{1+3} \cdot (-1) \cdot \det(M_{13}) + (-1)^{1+4} \cdot (-2) \cdot \det(M_{14})
\]

\[
= 1 \cdot 1 \cdot (-88) + 1 \cdot 0 \cdot \det(M_{12}) + (-1) \cdot (-1) \cdot 135 + 1 \cdot (-2) \cdot (-118)
\]

\[
= -88 + 0 + 135 + 236
\]

\[
= -88 + 135 + 236
\]

\[
= 47 + 236
\]

\[
= 283
\]

So, the determinant of the matrix A is:

\[
\boxed{283}
\]","To find the determinant of the 4×4 matrix A, we will use the Laplace expansion (also known as cofactor expansion) along the first row. The formula for the determinant of a 4×4 matrix is:

\[
\det(A) = \sum_{j=1}^{4} (-1)^{1+j} a_{1j} \det(M_{1j})
\]

where \( a_{1j} \) is the element in the first row and j-th column, and \( M_{1j} \) is the 3×3 submatrix obtained by deleting the first row and j-th column.

Given the matrix:

\[
A = \begin{bmatrix}
1 & 0 & -1 & -2 \\
4 & -4 & 2 & -1 \\
-5 & -2 & -4 & 0 \\
0 & -1 & 4 & -5
\end{bmatrix}
\]

We will compute the determinant step by step.

1. **First element (a_{11} = 1):**

\[
M_{11} = \begin{bmatrix}
-4 & 2 & -1 \\
-2 & -4 & 0 \\
-1 & 4 & -5
\end{bmatrix}
\]

\[
\det(M_{11}) = -4 \cdot \left( (-4)(-5) - (0)(4) \right) - 2 \cdot \left( (-2)(-5) - (0)(-1) \right) + (-1) \cdot \left( (-2)(4) - (-4)(-1) \right)
\]

\[
= -4 \cdot (20 - 0) - 2 \cdot (10 - 0) + (-1) \cdot (-8 - 4)
\]

\[
= -4 \cdot 20 - 2 \cdot 10 + (-1) \cdot (-12)
\]

\[
= -80 - 20 + 12 = -88
\]

2. **Second element (a_{12} = 0):**

Since \( a_{12} = 0 \), the term in the sum is 0.

3. **Third element (a_{13} = -1):**

\[
M_{13} = \begin{bmatrix}
4 & -4 & -1 \\
-5 & -2 & 0 \\
0 & -1 & -5
\end{bmatrix}
\]

\[
\det(M_{13}) = 4 \cdot \left( (-2)(-5) - (0)(-1) \right) - (-4) \cdot \left( (-5)(-5) - (0)(0) \right) + (-1) \cdot \left( (-5)(-1) - (-2)(0) \right)
\]

\[
= 4 \cdot (10 - 0) + 4 \cdot (25 - 0) + (-1) \cdot (5 - 0)
\]

\[
= 4 \cdot 10 + 4 \cdot 25 + (-1) \cdot 5
\]

\[
= 40 + 100 - 5 = 135
\]

4. **Fourth element (a_{14} = -2):**

\[
M_{14} = \begin{bmatrix}
4 & -4 & 2 \\
-5 & -2 & -4 \\
0 & -1 & 4
\end{bmatrix}
\]

\[
\det(M_{14}) = 4 \cdot \left( (-2)(4) - (-4)(-1) \right) - (-4) \cdot \left( (-5)(4) - (-4)(0) \right) + 2 \cdot \left( (-5)(-1) - (-2)(0) \right)
\]

\[
= 4 \cdot (-8 - 4) + 4 \cdot (-20 - 0) + 2 \cdot (5 - 0)
\]

\[
= 4 \cdot (-12) + 4 \cdot (-20) + 2 \cdot 5
\]

\[
= -48 - 80 + 10 = -118
\]

Now, we can compute the determinant of A:

\[
\det(A) = (-1)^{1+1} \cdot 1 \cdot \det(M_{11}) + (-1)^{1+2} \cdot 0 \cdot \det(M_{12}) + (-1)^{1+3} \cdot (-1) \cdot \det(M_{13}) + (-1)^{1+4} \cdot (-2) \cdot \det(M_{14})
\]

\[
= 1 \cdot 1 \cdot (-88) + 1 \cdot 0 \cdot \det(M_{12}) + (-1) \cdot (-1) \cdot 135 + 1 \cdot (-2) \cdot (-118)
\]

\[
= -88 + 0 + 135 + 236
\]

\[
= -88 + 135 + 236
\]

\[
= 47 + 236
\]

\[
= 283
\]

So, the determinant of the matrix A is:

\[
\boxed{283}
\]", 0 \cdot \det(M_{12}) + ([-]1) \cdot (-1) \cdot 135 ,383,S1_exact
NC_4x4_det_1243,Mistral-Small-24B,determinant,4,Operation_Direction,det,failure,\det(A) = 120,-,+,1231,"<s>[INST] You are a precise mathematical assistant. Show all computation steps clearly. Always put your final numerical answer inside \boxed{}.

Solve this linear algebra problem. Show your work and give the final answer.

Find the determinant of the 4×4 matrix A.

A = \begin{bmatrix} -1 & 1 & 3 & -1 \\ -1 & -1 & -3 & -4 \\ 5 & -1 & 3 & 4 \\ 2 & -3 & 0 & 0 \end{bmatrix}

[/INST] To find the determinant of the 4×4 matrix A, we will use the Laplace expansion (cofactor expansion) along the first row. The formula for the determinant of a 4×4 matrix is:

det(A) = a11 * C11 - a12 * C12 + a13 * C13 - a14 * C14

where a11, a12, a13, a14 are the elements of the first row, and C11, C12, C13, C14 are the corresponding cofactors.

Given matrix A:

A = \begin{bmatrix} -1 & 1 & 3 & -1 \\ -1 & -1 & -3 & -4 \\ 5 & -1 & 3 & 4 \\ 2 & -3 & 0 & 0 \end{bmatrix}

Let's compute the determinant step by step.

1. Compute the cofactor C11:
C11 is the determinant of the 3×3 matrix obtained by removing the first row and first column of A.

M11 = \begin{bmatrix} -1 & -3 & -4 \\ -1 & 3 & 4 \\ -3 & 0 & 0 \end{bmatrix}

det(M11) = -1 * (3 * 0 - 4 * 0) - (-3) * (-1 * 0 - 4 * -3) + (-4) * (-1 * 0 - 3 * -3)
= -1 * (0 - 0) + 3 * (0 + 12) - 4 * (0 - 9)
= 0 + 36 + 36
= 72

C11 = (-1)^(1+1) * det(M11) = 1 * 72 = 72

2. Compute the cofactor C12:
C12 is the determinant of the 3×3 matrix obtained by removing the first row and second column of A.

M12 = \begin{bmatrix} -1 & -3 & -4 \\ 5 & 3 & 4 \\ 2 & 0 & 0 \end{bmatrix}

det(M12) = -1 * (3 * 0 - 4 * 0) - (-3) * (5 * 0 - 4 * 2) + (-4) * (5 * 0 - 3 * 2)
= -1 * (0 - 0) + 3 * (0 - 8) - 4 * (0 - 6)
= 0 - 24 + 24
= 0

C12 = (-1)^(1+2) * det(M12) = -1 * 0 = 0

3. Compute the cofactor C13:
C13 is the determinant of the 3×3 matrix obtained by removing the first row and third column of A.

M13 = \begin{bmatrix} -1 & -1 & -4 \\ 5 & -1 & 4 \\ 2 & -3 & 0 \end{bmatrix}

det(M13) = -1 * (-1 * 0 - 4 * -3) - (-1) * (5 * 0 - 4 * 2) + (-4) * (5 * -3 - (-1) * 2)
= -1 * (0 + 12) + 1 * (0 - 8) - 4 * (-15 + 2)
= -12 - 8 - 4 * (-13)
= -20 + 52
= 32

C13 = (-1)^(1+3) * det(M13) = 1 * 32 = 32

4. Compute the cofactor C14:
C14 is the determinant of the 3×3 matrix obtained by removing the first row and fourth column of A.

M14 = \begin{bmatrix} -1 & -1 & -3 \\ 5 & -1 & 3 \\ 2 & -3 & 0 \end{bmatrix}

det(M14) = -1 * (-1 * 0 - 3 * -3) - (-1) * (5 * 0 - 3 * 2) + (-3) * (5 * -3 - (-1) * 2)
= -1 * (0 - 9) + 1 * (0 - 6) - 3 * (-15 + 2)
= 9 - 6 - 3 * (-13)
= 3 + 39
= 42

C14 = (-1)^(1+4) * det(M14) = -1 * 42 = -42

Now, we can compute the determinant of A:

det(A) = a11 * C11 - a12 * C12 + a13 * C13 - a14 * C14
= (-1) * 72 - 1 * 0 + 3 * 32 - (-1) * (-42)
= -72 - 0 + 96 - 42
= -72 + 96 - 42
= 24 - 42
= -18

\boxed{-18}","To find the determinant of the 4×4 matrix A, we will use the Laplace expansion (cofactor expansion) along the first row. The formula for the determinant of a 4×4 matrix is:

det(A) = a11 * C11 - a12 * C12 + a13 * C13 - a14 * C14

where a11, a12, a13, a14 are the elements of the first row, and C11, C12, C13, C14 are the corresponding cofactors.

Given matrix A:

A = \begin{bmatrix} -1 & 1 & 3 & -1 \\ -1 & -1 & -3 & -4 \\ 5 & -1 & 3 & 4 \\ 2 & -3 & 0 & 0 \end{bmatrix}

Let's compute the determinant step by step.

1. Compute the cofactor C11:
C11 is the determinant of the 3×3 matrix obtained by removing the first row and first column of A.

M11 = \begin{bmatrix} -1 & -3 & -4 \\ -1 & 3 & 4 \\ -3 & 0 & 0 \end{bmatrix}

det(M11) = -1 * (3 * 0 - 4 * 0) - (-3) * (-1 * 0 - 4 * -3) + (-4) * (-1 * 0 - 3 * -3)
= -1 * (0 - 0) + 3 * (0 + 12) - 4 * (0 - 9)
= 0 + 36 + 36
= 72

C11 = (-1)^(1+1) * det(M11) = 1 * 72 = 72

2. Compute the cofactor C12:
C12 is the determinant of the 3×3 matrix obtained by removing the first row and second column of A.

M12 = \begin{bmatrix} -1 & -3 & -4 \\ 5 & 3 & 4 \\ 2 & 0 & 0 \end{bmatrix}

det(M12) = -1 * (3 * 0 - 4 * 0) - (-3) * (5 * 0 - 4 * 2) + (-4) * (5 * 0 - 3 * 2)
= -1 * (0 - 0) + 3 * (0 - 8) - 4 * (0 - 6)
= 0 - 24 + 24
= 0

C12 = (-1)^(1+2) * det(M12) = -1 * 0 = 0

3. Compute the cofactor C13:
C13 is the determinant of the 3×3 matrix obtained by removing the first row and third column of A.

M13 = \begin{bmatrix} -1 & -1 & -4 \\ 5 & -1 & 4 \\ 2 & -3 & 0 \end{bmatrix}

det(M13) = -1 * (-1 * 0 - 4 * -3) - (-1) * (5 * 0 - 4 * 2) + (-4) * (5 * -3 - (-1) * 2)
= -1 * (0 + 12) + 1 * (0 - 8) - 4 * (-15 + 2)
= -12 - 8 - 4 * (-13)
= -20 + 52
= 32

C13 = (-1)^(1+3) * det(M13) = 1 * 32 = 32

4. Compute the cofactor C14:
C14 is the determinant of the 3×3 matrix obtained by removing the first row and fourth column of A.

M14 = \begin{bmatrix} -1 & -1 & -3 \\ 5 & -1 & 3 \\ 2 & -3 & 0 \end{bmatrix}

det(M14) = -1 * (-1 * 0 - 3 * -3) - (-1) * (5 * 0 - 3 * 2) + (-3) * (5 * -3 - (-1) * 2)
= -1 * (0 - 9) + 1 * (0 - 6) - 3 * (-15 + 2)
= 9 - 6 - 3 * (-13)
= 3 + 39
= 42

C14 = (-1)^(1+4) * det(M14) = -1 * 42 = -42

Now, we can compute the determinant of A:

det(A) = a11 * C11 - a12 * C12 + a13 * C13 - a14 * C14
= (-1) * 72 - 1 * 0 + 3 * 32 - (-1) * (-42)
= -72 - 0 + 96 - 42
= -72 + 96 - 42
= 24 - 42
= -18

\boxed{-18}"," + 3 * (0 + 12) - 4 * (0 [-] 9)
= 0 + 36 + 36
= 72

",382,S3_exact
NC_4x4_det_1586,Mistral-Small-24B,determinant,4,Product_Sign_Error,det,failure,\det(A) = -48,-,+,572,"<s>[INST] You are a precise mathematical assistant. Show all computation steps clearly. Always put your final numerical answer inside \boxed{}.

Solve this linear algebra problem. Show your work and give the final answer.

Find the determinant of the 4×4 matrix A.

A = \begin{bmatrix} 3 & 3 & -3 & 3 \\ 4 & 3 & -5 & 4 \\ 2 & -3 & 3 & -4 \\ -4 & -2 & 2 & 0 \end{bmatrix}

[/INST] To find the determinant of the 4×4 matrix A, we will use the Laplace expansion (cofactor expansion) along the first row. The formula for the determinant of a 4×4 matrix A is:

det(A) = a11C11 - a12C12 + a13C13 - a14C14

where a11, a12, a13, a14 are the elements of the first row, and C11, C12, C13, C14 are the corresponding cofactors.

Given matrix A:

A = \begin{bmatrix} 3 & 3 & -3 & 3 \\ 4 & 3 & -5 & 4 \\ 2 & -3 & 3 & -4 \\ -4 & -2 & 2 & 0 \end{bmatrix}

Let's compute the determinant step by step.

1. Compute the cofactor C11:
C11 = (-1)^(1+1) * det(M11)
where M11 is the 3×3 matrix obtained by removing the first row and first column from A.

M11 = \begin{bmatrix} 3 & -5 & 4 \\ -3 & 3 & -4 \\ -2 & 2 & 0 \end{bmatrix}

det(M11) = 3*(3*0 - (-4)*2) - (-5)*(-3*0 - (-4)*(-2)) + 4*(-3*2 - 3*(-2))
= 3*(0 + 8) - (-5)*(0 - 8) + 4*(-6 + 6)
= 24 - 40 + 0
= -16

C11 = 1 * (-16) = -16

2. Compute the cofactor C12:
C12 = (-1)^(1+2) * det(M12)
where M12 is the 3×3 matrix obtained by removing the first row and second column from A.

M12 = \begin{bmatrix} 4 & -5 & 4 \\ 2 & 3 & -4 \\ -4 & 2 & 0 \end{bmatrix}

det(M12) = 4*(3*0 - (-4)*2) - (-5)*(2*0 - (-4)*(-4)) + 4*(2*2 - 3*(-4))
= 4*(0 + 8) - (-5)*(0 - 16) + 4*(4 + 12)
= 32 - 80 + 64
= 16

C12 = -1 * 16 = -16

3. Compute the cofactor C13:
C13 = (-1)^(1+3) * det(M13)
where M13 is the 3×3 matrix obtained by removing the first row and third column from A.

M13 = \begin{bmatrix} 4 & 3 & 4 \\ 2 & -3 & -4 \\ -4 & -2 & 0 \end{bmatrix}

det(M13) = 4*(-3*0 - (-4)*(-2)) - 3*(2*0 - (-4)*(-4)) + 4*(2*(-2) - (-3)*(-4))
= 4*(0 - 8) - 3*(0 - 16) + 4*(-4 - 12)
= -32 - (-48) + (-64)
= -32 + 48 - 64
= -48

C13 = 1 * (-48) = -48

4. Compute the cofactor C14:
C14 = (-1)^(1+4) * det(M14)
where M14 is the 3×3 matrix obtained by removing the first row and fourth column from A.

M14 = \begin{bmatrix} 4 & 3 & -5 \\ 2 & -3 & 3 \\ -4 & -2 & 2 \end{bmatrix}

det(M14) = 4*(-3*2 - 3*(-2)) - 3*(2*2 - 3*(-4)) + (-5)*(2*(-2) - (-3)*(-4))
= 4*(-6 + 6) - 3*(4 + 12) + (-5)*(-4 - 12)
= 0 - 48 - 80
= -128

C14 = -1 * (-128) = 128

Now, we can compute the determinant of A:

det(A) = a11C11 - a12C12 + a13C13 - a14C14
= 3*(-16) - 3*(-16) + (-3)*(-48) - 3*128
= -48 + 48 + 144 - 384
= -288

\boxed{-288}","To find the determinant of the 4×4 matrix A, we will use the Laplace expansion (cofactor expansion) along the first row. The formula for the determinant of a 4×4 matrix A is:

det(A) = a11C11 - a12C12 + a13C13 - a14C14

where a11, a12, a13, a14 are the elements of the first row, and C11, C12, C13, C14 are the corresponding cofactors.

Given matrix A:

A = \begin{bmatrix} 3 & 3 & -3 & 3 \\ 4 & 3 & -5 & 4 \\ 2 & -3 & 3 & -4 \\ -4 & -2 & 2 & 0 \end{bmatrix}

Let's compute the determinant step by step.

1. Compute the cofactor C11:
C11 = (-1)^(1+1) * det(M11)
where M11 is the 3×3 matrix obtained by removing the first row and first column from A.

M11 = \begin{bmatrix} 3 & -5 & 4 \\ -3 & 3 & -4 \\ -2 & 2 & 0 \end{bmatrix}

det(M11) = 3*(3*0 - (-4)*2) - (-5)*(-3*0 - (-4)*(-2)) + 4*(-3*2 - 3*(-2))
= 3*(0 + 8) - (-5)*(0 - 8) + 4*(-6 + 6)
= 24 - 40 + 0
= -16

C11 = 1 * (-16) = -16

2. Compute the cofactor C12:
C12 = (-1)^(1+2) * det(M12)
where M12 is the 3×3 matrix obtained by removing the first row and second column from A.

M12 = \begin{bmatrix} 4 & -5 & 4 \\ 2 & 3 & -4 \\ -4 & 2 & 0 \end{bmatrix}

det(M12) = 4*(3*0 - (-4)*2) - (-5)*(2*0 - (-4)*(-4)) + 4*(2*2 - 3*(-4))
= 4*(0 + 8) - (-5)*(0 - 16) + 4*(4 + 12)
= 32 - 80 + 64
= 16

C12 = -1 * 16 = -16

3. Compute the cofactor C13:
C13 = (-1)^(1+3) * det(M13)
where M13 is the 3×3 matrix obtained by removing the first row and third column from A.

M13 = \begin{bmatrix} 4 & 3 & 4 \\ 2 & -3 & -4 \\ -4 & -2 & 0 \end{bmatrix}

det(M13) = 4*(-3*0 - (-4)*(-2)) - 3*(2*0 - (-4)*(-4)) + 4*(2*(-2) - (-3)*(-4))
= 4*(0 - 8) - 3*(0 - 16) + 4*(-4 - 12)
= -32 - (-48) + (-64)
= -32 + 48 - 64
= -48

C13 = 1 * (-48) = -48

4. Compute the cofactor C14:
C14 = (-1)^(1+4) * det(M14)
where M14 is the 3×3 matrix obtained by removing the first row and fourth column from A.

M14 = \begin{bmatrix} 4 & 3 & -5 \\ 2 & -3 & 3 \\ -4 & -2 & 2 \end{bmatrix}

det(M14) = 4*(-3*2 - 3*(-2)) - 3*(2*2 - 3*(-4)) + (-5)*(2*(-2) - (-3)*(-4))
= 4*(-6 + 6) - 3*(4 + 12) + (-5)*(-4 - 12)
= 0 - 48 - 80
= -128

C14 = -1 * (-128) = 128

Now, we can compute the determinant of A:

det(A) = a11C11 - a12C12 + a13C13 - a14C14
= 3*(-16) - 3*(-16) + (-3)*(-48) - 3*128
= -48 + 48 + 144 - 384
= -288

\boxed{-288}"," 6) - 3*(4 + 12) + (-5)*([-]4 - 12)
= 0 - 48 - 80
= ",380,AGREED_FIRST(min)
NC_4x4_det_0858,Mistral-Small-24B,determinant,4,Double_Negative_Trap,det,failure,\det(A) = -64,-,+,2575,"<s>[INST] You are a precise mathematical assistant. Show all computation steps clearly. Always put your final numerical answer inside \boxed{}.

Solve this linear algebra problem. Show your work and give the final answer.

Find the determinant of the 4×4 matrix A.

A = \begin{bmatrix} 1 & 4 & 3 & -2 \\ -2 & -1 & 1 & -1 \\ 0 & 3 & 1 & -5 \\ -1 & 1 & 2 & 3 \end{bmatrix}

[/INST] To find the determinant of the 4×4 matrix A, we can use the Laplace expansion (also known as cofactor expansion) along the first row. The formula for the determinant of a 4×4 matrix A is:

det(A) = a11 * C11 - a12 * C12 + a13 * C13 - a14 * C14

where aij is the element in the ith row and jth column, and Cij is the cofactor of aij.

Let's compute the determinant step by step.

A = \begin{bmatrix} 1 & 4 & 3 & -2 \\ -2 & -1 & 1 & -1 \\ 0 & 3 & 1 & -5 \\ -1 & 1 & 2 & 3 \end{bmatrix}

First, we need to find the minors and cofactors for each element in the first row.

1. For a11 = 1, the minor M11 is the determinant of the 3×3 matrix obtained by removing the first row and first column:

M11 = \begin{bmatrix} -1 & 1 & -1 \\ 3 & 1 & -5 \\ 1 & 2 & 3 \end{bmatrix}

det(M11) = -1 * (1 * 3 - (-5) * 2) - 1 * (3 * 3 - (-5) * 1) + (-1) * (3 * 2 - 1 * 1)
= -1 * (3 + 10) - 1 * (9 + 5) - 1 * (6 - 1)
= -1 * 13 - 1 * 14 - 1 * 5
= -13 - 14 - 5
= -32

The cofactor C11 is (-1)^(1+1) * det(M11) = 1 * -32 = -32

2. For a12 = 4, the minor M12 is the determinant of the 3×3 matrix obtained by removing the first row and second column:

M12 = \begin{bmatrix} -2 & 1 & -1 \\ 0 & 1 & -5 \\ -1 & 2 & 3 \end{bmatrix}

det(M12) = -2 * (1 * 3 - (-5) * 2) - 1 * (0 * 3 - (-5) * (-1)) + (-1) * (0 * 2 - 1 * (-1))
= -2 * (3 + 10) - 1 * (0 - 5) - 1 * (0 + 1)
= -2 * 13 - 1 * -5 - 1 * 1
= -26 + 5 - 1
= -22

The cofactor C12 is (-1)^(1+2) * det(M12) = -1 * -22 = 22

3. For a13 = 3, the minor M13 is the determinant of the 3×3 matrix obtained by removing the first row and third column:

M13 = \begin{bmatrix} -2 & -1 & -1 \\ 0 & 3 & -5 \\ -1 & 1 & 3 \end{bmatrix}

det(M13) = -2 * (3 * 3 - (-5) * 1) - (-1) * (0 * 3 - (-5) * (-1)) + (-1) * (0 * 1 - 3 * (-1))
= -2 * (9 + 5) + 1 * (0 - 5) - 1 * (0 + 3)
= -2 * 14 + 1 * -5 - 1 * 3
= -28 - 5 - 3
= -36

The cofactor C13 is (-1)^(1+3) * det(M13) = 1 * -36 = -36

4. For a14 = -2, the minor M14 is the determinant of the 3×3 matrix obtained by removing the first row and fourth column:

M14 = \begin{bmatrix} -2 & -1 & 1 \\ 0 & 3 & 1 \\ -1 & 1 & 2 \end{bmatrix}

det(M14) = -2 * (3 * 2 - 1 * 1) - (-1) * (0 * 2 - 1 * (-1)) + 1 * (0 * 1 - 3 * (-1))
= -2 * (6 - 1) + 1 * (0 - 1) + 1 * (0 + 3)
= -2 * 5 + 1 * -1 + 1 * 3
= -10 - 1 + 3
= -8

The cofactor C14 is (-1)^(1+4) * det(M14) = -1 * -8 = 8

Now, we can compute the determinant of the 4×4 matrix A:

det(A) = a11 * C11 - a12 * C12 + a13 * C13 - a14 * C14
= 1 * -32 - 4 * 22 + 3 * -36 - (-2) * 8
= -32 - 88 - 108 + 16
= -32 - 88 - 108 + 16
= -200 + 16
= -184

\boxed{-184}","To find the determinant of the 4×4 matrix A, we can use the Laplace expansion (also known as cofactor expansion) along the first row. The formula for the determinant of a 4×4 matrix A is:

det(A) = a11 * C11 - a12 * C12 + a13 * C13 - a14 * C14

where aij is the element in the ith row and jth column, and Cij is the cofactor of aij.

Let's compute the determinant step by step.

A = \begin{bmatrix} 1 & 4 & 3 & -2 \\ -2 & -1 & 1 & -1 \\ 0 & 3 & 1 & -5 \\ -1 & 1 & 2 & 3 \end{bmatrix}

First, we need to find the minors and cofactors for each element in the first row.

1. For a11 = 1, the minor M11 is the determinant of the 3×3 matrix obtained by removing the first row and first column:

M11 = \begin{bmatrix} -1 & 1 & -1 \\ 3 & 1 & -5 \\ 1 & 2 & 3 \end{bmatrix}

det(M11) = -1 * (1 * 3 - (-5) * 2) - 1 * (3 * 3 - (-5) * 1) + (-1) * (3 * 2 - 1 * 1)
= -1 * (3 + 10) - 1 * (9 + 5) - 1 * (6 - 1)
= -1 * 13 - 1 * 14 - 1 * 5
= -13 - 14 - 5
= -32

The cofactor C11 is (-1)^(1+1) * det(M11) = 1 * -32 = -32

2. For a12 = 4, the minor M12 is the determinant of the 3×3 matrix obtained by removing the first row and second column:

M12 = \begin{bmatrix} -2 & 1 & -1 \\ 0 & 1 & -5 \\ -1 & 2 & 3 \end{bmatrix}

det(M12) = -2 * (1 * 3 - (-5) * 2) - 1 * (0 * 3 - (-5) * (-1)) + (-1) * (0 * 2 - 1 * (-1))
= -2 * (3 + 10) - 1 * (0 - 5) - 1 * (0 + 1)
= -2 * 13 - 1 * -5 - 1 * 1
= -26 + 5 - 1
= -22

The cofactor C12 is (-1)^(1+2) * det(M12) = -1 * -22 = 22

3. For a13 = 3, the minor M13 is the determinant of the 3×3 matrix obtained by removing the first row and third column:

M13 = \begin{bmatrix} -2 & -1 & -1 \\ 0 & 3 & -5 \\ -1 & 1 & 3 \end{bmatrix}

det(M13) = -2 * (3 * 3 - (-5) * 1) - (-1) * (0 * 3 - (-5) * (-1)) + (-1) * (0 * 1 - 3 * (-1))
= -2 * (9 + 5) + 1 * (0 - 5) - 1 * (0 + 3)
= -2 * 14 + 1 * -5 - 1 * 3
= -28 - 5 - 3
= -36

The cofactor C13 is (-1)^(1+3) * det(M13) = 1 * -36 = -36

4. For a14 = -2, the minor M14 is the determinant of the 3×3 matrix obtained by removing the first row and fourth column:

M14 = \begin{bmatrix} -2 & -1 & 1 \\ 0 & 3 & 1 \\ -1 & 1 & 2 \end{bmatrix}

det(M14) = -2 * (3 * 2 - 1 * 1) - (-1) * (0 * 2 - 1 * (-1)) + 1 * (0 * 1 - 3 * (-1))
= -2 * (6 - 1) + 1 * (0 - 1) + 1 * (0 + 3)
= -2 * 5 + 1 * -1 + 1 * 3
= -10 - 1 + 3
= -8

The cofactor C14 is (-1)^(1+4) * det(M14) = -1 * -8 = 8

Now, we can compute the determinant of the 4×4 matrix A:

det(A) = a11 * C11 - a12 * C12 + a13 * C13 - a14 * C14
= 1 * -32 - 4 * 22 + 3 * -36 - (-2) * 8
= -32 - 88 - 108 + 16
= -32 - 88 - 108 + 16
= -200 + 16
= -184

\boxed{-184}","
= -2 * (6 - 1) + 1 * (0 [-] 1) + 1 * (0 + 3)
= -2 *",380,S1_exact
NC_4x4_det_060,Mistral-Small-24B,determinant,4,Operation_Direction,det,failure,\det(A) = -468,-,+,588,"<s>[INST] You are a precise mathematical assistant. Show all computation steps clearly. Always put your final numerical answer inside \boxed{}.

Solve this linear algebra problem. Show your work and give the final answer.

Find the determinant of the 4×4 matrix A.

A = \begin{bmatrix} -5 & 3 & -3 & -3 \\ 3 & -4 & 5 & -4 \\ 1 & -2 & 3 & 4 \\ -1 & 1 & 5 & 4 \end{bmatrix}

[/INST] To find the determinant of the 4×4 matrix A, we will use the Laplace expansion (also known as cofactor expansion) along the first row. The formula for the determinant of a 4×4 matrix is:

det(A) = a11 * C11 - a12 * C12 + a13 * C13 - a14 * C14

where a11, a12, a13, a14 are the elements of the first row, and C11, C12, C13, C14 are the corresponding cofactors.

Given matrix A:

A = \begin{bmatrix} -5 & 3 & -3 & -3 \\ 3 & -4 & 5 & -4 \\ 1 & -2 & 3 & 4 \\ -1 & 1 & 5 & 4 \end{bmatrix}

Let's compute the determinant step by step.

1. Compute the cofactor C11:
C11 = (-1)^(1+1) * det(M11)
where M11 is the 3×3 matrix obtained by removing the first row and first column from A.

M11 = \begin{bmatrix} -4 & 5 & -4 \\ -2 & 3 & 4 \\ 1 & 5 & 4 \end{bmatrix}

det(M11) = -4 * (3 * 4 - 4 * 5) - 5 * (-2 * 4 - 4 * 1) + -4 * (-2 * 5 - 3 * 1)
= -4 * (12 - 20) - 5 * (-8 - 4) + -4 * (-10 - 3)
= -4 * (-8) - 5 * (-12) + -4 * (-13)
= 32 + 60 + 52
= 144

C11 = 1 * 144 = 144

2. Compute the cofactor C12:
C12 = (-1)^(1+2) * det(M12)
where M12 is the 3×3 matrix obtained by removing the first row and second column from A.

M12 = \begin{bmatrix} 3 & 5 & -4 \\ 1 & 3 & 4 \\ -1 & 5 & 4 \end{bmatrix}

det(M12) = 3 * (3 * 4 - 4 * 5) - 5 * (1 * 4 - 4 * -1) + -4 * (1 * 5 - 3 * -1)
= 3 * (12 - 20) - 5 * (4 + 4) + -4 * (5 + 3)
= 3 * (-8) - 5 * 8 + -4 * 8
= -24 - 40 - 32
= -96

C12 = -1 * -96 = 96

3. Compute the cofactor C13:
C13 = (-1)^(1+3) * det(M13)
where M13 is the 3×3 matrix obtained by removing the first row and third column from A.

M13 = \begin{bmatrix} 3 & -4 & -4 \\ 1 & -2 & 4 \\ -1 & 1 & 4 \end{bmatrix}

det(M13) = 3 * (-2 * 4 - 4 * 1) - -4 * (1 * 4 - 4 * -1) + -4 * (1 * 1 - -2 * -1)
= 3 * (-8 - 4) - -4 * (4 + 4) + -4 * (1 - 2)
= 3 * (-12) - -4 * 8 + -4 * (-1)
= -36 + 32 + 4
= 0

C13 = 1 * 0 = 0

4. Compute the cofactor C14:
C14 = (-1)^(1+4) * det(M14)
where M14 is the 3×3 matrix obtained by removing the first row and fourth column from A.

M14 = \begin{bmatrix} 3 & -4 & 5 \\ 1 & -2 & 3 \\ -1 & 1 & 5 \end{bmatrix}

det(M14) = 3 * (-2 * 5 - 3 * 1) - -4 * (1 * 5 - 3 * -1) + 5 * (1 * 1 - -2 * -1)
= 3 * (-10 - 3) - -4 * (5 + 3) + 5 * (1 - 2)
= 3 * (-13) - -4 * 8 + 5 * (-1)
= -39 + 32 - 5
= -12

C14 = -1 * -12 = 12

Now, we can compute the determinant of A:

det(A) = a11 * C11 - a12 * C12 + a13 * C13 - a14 * C14
= -5 * 144 - 3 * 96 + -3 * 0 - -3 * 12
= -720 - 288 + 0 + 36
= -972

\boxed{-972}","To find the determinant of the 4×4 matrix A, we will use the Laplace expansion (also known as cofactor expansion) along the first row. The formula for the determinant of a 4×4 matrix is:

det(A) = a11 * C11 - a12 * C12 + a13 * C13 - a14 * C14

where a11, a12, a13, a14 are the elements of the first row, and C11, C12, C13, C14 are the corresponding cofactors.

Given matrix A:

A = \begin{bmatrix} -5 & 3 & -3 & -3 \\ 3 & -4 & 5 & -4 \\ 1 & -2 & 3 & 4 \\ -1 & 1 & 5 & 4 \end{bmatrix}

Let's compute the determinant step by step.

1. Compute the cofactor C11:
C11 = (-1)^(1+1) * det(M11)
where M11 is the 3×3 matrix obtained by removing the first row and first column from A.

M11 = \begin{bmatrix} -4 & 5 & -4 \\ -2 & 3 & 4 \\ 1 & 5 & 4 \end{bmatrix}

det(M11) = -4 * (3 * 4 - 4 * 5) - 5 * (-2 * 4 - 4 * 1) + -4 * (-2 * 5 - 3 * 1)
= -4 * (12 - 20) - 5 * (-8 - 4) + -4 * (-10 - 3)
= -4 * (-8) - 5 * (-12) + -4 * (-13)
= 32 + 60 + 52
= 144

C11 = 1 * 144 = 144

2. Compute the cofactor C12:
C12 = (-1)^(1+2) * det(M12)
where M12 is the 3×3 matrix obtained by removing the first row and second column from A.

M12 = \begin{bmatrix} 3 & 5 & -4 \\ 1 & 3 & 4 \\ -1 & 5 & 4 \end{bmatrix}

det(M12) = 3 * (3 * 4 - 4 * 5) - 5 * (1 * 4 - 4 * -1) + -4 * (1 * 5 - 3 * -1)
= 3 * (12 - 20) - 5 * (4 + 4) + -4 * (5 + 3)
= 3 * (-8) - 5 * 8 + -4 * 8
= -24 - 40 - 32
= -96

C12 = -1 * -96 = 96

3. Compute the cofactor C13:
C13 = (-1)^(1+3) * det(M13)
where M13 is the 3×3 matrix obtained by removing the first row and third column from A.

M13 = \begin{bmatrix} 3 & -4 & -4 \\ 1 & -2 & 4 \\ -1 & 1 & 4 \end{bmatrix}

det(M13) = 3 * (-2 * 4 - 4 * 1) - -4 * (1 * 4 - 4 * -1) + -4 * (1 * 1 - -2 * -1)
= 3 * (-8 - 4) - -4 * (4 + 4) + -4 * (1 - 2)
= 3 * (-12) - -4 * 8 + -4 * (-1)
= -36 + 32 + 4
= 0

C13 = 1 * 0 = 0

4. Compute the cofactor C14:
C14 = (-1)^(1+4) * det(M14)
where M14 is the 3×3 matrix obtained by removing the first row and fourth column from A.

M14 = \begin{bmatrix} 3 & -4 & 5 \\ 1 & -2 & 3 \\ -1 & 1 & 5 \end{bmatrix}

det(M14) = 3 * (-2 * 5 - 3 * 1) - -4 * (1 * 5 - 3 * -1) + 5 * (1 * 1 - -2 * -1)
= 3 * (-10 - 3) - -4 * (5 + 3) + 5 * (1 - 2)
= 3 * (-13) - -4 * 8 + 5 * (-1)
= -39 + 32 - 5
= -12

C14 = -1 * -12 = 12

Now, we can compute the determinant of A:

det(A) = a11 * C11 - a12 * C12 + a13 * C13 - a14 * C14
= -5 * 144 - 3 * 96 + -3 * 0 - -3 * 12
= -720 - 288 + 0 + 36
= -972

\boxed{-972}"," is:

det(A) = a11 * C11 [-] a12 * C12 + a13 * C13 -",381,S1_exact
NC_4x4_det_084,Mistral-Small-24B,determinant,4,Operation_Direction,det,failure,\det(A) = 98,-,+,756,"<s>[INST] You are a precise mathematical assistant. Show all computation steps clearly. Always put your final numerical answer inside \boxed{}.

Solve this linear algebra problem. Show your work and give the final answer.

Find the determinant of the 4×4 matrix A.

A = \begin{bmatrix} -2 & 5 & -3 & 1 \\ -1 & -3 & -5 & -4 \\ 2 & -1 & 3 & 1 \\ -5 & 2 & 5 & 0 \end{bmatrix}

[/INST] To find the determinant of the 4×4 matrix A, we will use the Laplace expansion (cofactor expansion) method. We will expand along the first row for clarity.

The matrix A is:

A = \begin{bmatrix} -2 & 5 & -3 & 1 \\ -1 & -3 & -5 & -4 \\ 2 & -1 & 3 & 1 \\ -5 & 2 & 5 & 0 \end{bmatrix}

The determinant of A, denoted as det(A), is calculated as follows:

det(A) = (-2) * C_{11} - 5 * C_{12} + (-3) * C_{13} + 1 * C_{14}

where C_{ij} is the cofactor of the element in the i-th row and j-th column.

First, we need to find the minors and then the cofactors for each element in the first row.

1. Minor for the element in the first row and first column (M_{11}):
M_{11} = \begin{bmatrix} -3 & -5 & -4 \\ -1 & 3 & 1 \\ 2 & 5 & 0 \end{bmatrix}

det(M_{11}) = (-3) * (3 * 0 - 1 * 5) - (-5) * (-1 * 0 - 1 * 2) + (-4) * (-1 * 5 - 3 * 2)
= (-3) * (0 - 5) - (-5) * (0 - 2) + (-4) * (-5 - 6)
= (-3) * (-5) - (-5) * (-2) + (-4) * (-11)
= 15 - 10 + 44
= 49

C_{11} = (-1)^{1+1} * det(M_{11}) = 1 * 49 = 49

2. Minor for the element in the first row and second column (M_{12}):
M_{12} = \begin{bmatrix} -1 & -5 & -4 \\ 2 & 3 & 1 \\ -5 & 5 & 0 \end{bmatrix}

det(M_{12}) = (-1) * (3 * 0 - 1 * 5) - (-5) * (2 * 0 - 1 * (-5)) + (-4) * (2 * 5 - 3 * (-5))
= (-1) * (0 - 5) - (-5) * (0 + 5) + (-4) * (10 + 15)
= (-1) * (-5) - (-5) * 5 + (-4) * 25
= 5 + 25 - 100
= -70

C_{12} = (-1)^{1+2} * det(M_{12}) = -1 * (-70) = 70

3. Minor for the element in the first row and third column (M_{13}):
M_{13} = \begin{bmatrix} -1 & -3 & -4 \\ 2 & -1 & 1 \\ -5 & 2 & 0 \end{bmatrix}

det(M_{13}) = (-1) * (-1 * 0 - 1 * 2) - (-3) * (2 * 0 - 1 * (-5)) + (-4) * (2 * 2 - (-1) * (-5))
= (-1) * (0 - 2) - (-3) * (0 + 5) + (-4) * (4 - 5)
= (-1) * (-2) - (-3) * 5 + (-4) * (-1)
= 2 + 15 + 4
= 21

C_{13} = (-1)^{1+3} * det(M_{13}) = 1 * 21 = 21

4. Minor for the element in the first row and fourth column (M_{14}):
M_{14} = \begin{bmatrix} -1 & -3 & -5 \\ 2 & -1 & 3 \\ -5 & 2 & 5 \end{bmatrix}

det(M_{14}) = (-1) * (-1 * 5 - 3 * 2) - (-3) * (2 * 5 - 3 * (-5)) + (-5) * (2 * 2 - (-1) * (-5))
= (-1) * (-5 - 6) - (-3) * (10 + 15) + (-5) * (4 - 5)
= (-1) * (-11) - (-3) * 25 + (-5) * (-1)
= 11 + 75 + 5
= 91

C_{14} = (-1)^{1+4} * det(M_{14}) = -1 * 91 = -91

Now, we can calculate the determinant of A:

det(A) = (-2) * 49 - 5 * 70 + (-3) * 21 + 1 * (-91)
= -98 - 350 - 63 - 91
= -602

Therefore, the determinant of the matrix A is \boxed{-602}.","To find the determinant of the 4×4 matrix A, we will use the Laplace expansion (cofactor expansion) method. We will expand along the first row for clarity.

The matrix A is:

A = \begin{bmatrix} -2 & 5 & -3 & 1 \\ -1 & -3 & -5 & -4 \\ 2 & -1 & 3 & 1 \\ -5 & 2 & 5 & 0 \end{bmatrix}

The determinant of A, denoted as det(A), is calculated as follows:

det(A) = (-2) * C_{11} - 5 * C_{12} + (-3) * C_{13} + 1 * C_{14}

where C_{ij} is the cofactor of the element in the i-th row and j-th column.

First, we need to find the minors and then the cofactors for each element in the first row.

1. Minor for the element in the first row and first column (M_{11}):
M_{11} = \begin{bmatrix} -3 & -5 & -4 \\ -1 & 3 & 1 \\ 2 & 5 & 0 \end{bmatrix}

det(M_{11}) = (-3) * (3 * 0 - 1 * 5) - (-5) * (-1 * 0 - 1 * 2) + (-4) * (-1 * 5 - 3 * 2)
= (-3) * (0 - 5) - (-5) * (0 - 2) + (-4) * (-5 - 6)
= (-3) * (-5) - (-5) * (-2) + (-4) * (-11)
= 15 - 10 + 44
= 49

C_{11} = (-1)^{1+1} * det(M_{11}) = 1 * 49 = 49

2. Minor for the element in the first row and second column (M_{12}):
M_{12} = \begin{bmatrix} -1 & -5 & -4 \\ 2 & 3 & 1 \\ -5 & 5 & 0 \end{bmatrix}

det(M_{12}) = (-1) * (3 * 0 - 1 * 5) - (-5) * (2 * 0 - 1 * (-5)) + (-4) * (2 * 5 - 3 * (-5))
= (-1) * (0 - 5) - (-5) * (0 + 5) + (-4) * (10 + 15)
= (-1) * (-5) - (-5) * 5 + (-4) * 25
= 5 + 25 - 100
= -70

C_{12} = (-1)^{1+2} * det(M_{12}) = -1 * (-70) = 70

3. Minor for the element in the first row and third column (M_{13}):
M_{13} = \begin{bmatrix} -1 & -3 & -4 \\ 2 & -1 & 1 \\ -5 & 2 & 0 \end{bmatrix}

det(M_{13}) = (-1) * (-1 * 0 - 1 * 2) - (-3) * (2 * 0 - 1 * (-5)) + (-4) * (2 * 2 - (-1) * (-5))
= (-1) * (0 - 2) - (-3) * (0 + 5) + (-4) * (4 - 5)
= (-1) * (-2) - (-3) * 5 + (-4) * (-1)
= 2 + 15 + 4
= 21

C_{13} = (-1)^{1+3} * det(M_{13}) = 1 * 21 = 21

4. Minor for the element in the first row and fourth column (M_{14}):
M_{14} = \begin{bmatrix} -1 & -3 & -5 \\ 2 & -1 & 3 \\ -5 & 2 & 5 \end{bmatrix}

det(M_{14}) = (-1) * (-1 * 5 - 3 * 2) - (-3) * (2 * 5 - 3 * (-5)) + (-5) * (2 * 2 - (-1) * (-5))
= (-1) * (-5 - 6) - (-3) * (10 + 15) + (-5) * (4 - 5)
= (-1) * (-11) - (-3) * 25 + (-5) * (-1)
= 11 + 75 + 5
= 91

C_{14} = (-1)^{1+4} * det(M_{14}) = -1 * 91 = -91

Now, we can calculate the determinant of A:

det(A) = (-2) * 49 - 5 * 70 + (-3) * 21 + 1 * (-91)
= -98 - 350 - 63 - 91
= -602

Therefore, the determinant of the matrix A is \boxed{-602}.","

det(A) = (-2) * C_{11} [-] 5 * C_{12} + (-3) * C_{",382,S1_exact
NC_4x4_det_1576,Mistral-Small-24B,determinant,4,Operation_Direction,det,failure,\det(A) = 156,-,+,760,"<s>[INST] You are a precise mathematical assistant. Show all computation steps clearly. Always put your final numerical answer inside \boxed{}.

Solve this linear algebra problem. Show your work and give the final answer.

Find the determinant of the 4×4 matrix A.

A = \begin{bmatrix} -1 & -2 & 4 & 1 \\ -4 & -4 & -3 & -3 \\ 0 & 0 & -5 & -1 \\ -2 & 2 & -2 & 3 \end{bmatrix}

[/INST] To find the determinant of the 4×4 matrix A, we will use the Laplace expansion (cofactor expansion) method. We will expand along the first row for clarity.

The matrix A is:

A = \begin{bmatrix} -1 & -2 & 4 & 1 \\ -4 & -4 & -3 & -3 \\ 0 & 0 & -5 & -1 \\ -2 & 2 & -2 & 3 \end{bmatrix}

The determinant of A, denoted as det(A), is calculated as follows:

det(A) = (-1) * C_{11} - (-2) * C_{12} + 4 * C_{13} - 1 * C_{14}

where C_{ij} is the cofactor of the element a_{ij}.

First, we need to find the minors and then the cofactors for each element in the first row.

1. Minor for a_{11} (-1):

M_{11} = \begin{bmatrix} -4 & -3 & -3 \\ 0 & -5 & -1 \\ 2 & -2 & 3 \end{bmatrix}

det(M_{11}) = -4 * [ (-5) * 3 - (-1) * (-2) ] - (-3) * [ 0 * 3 - (-1) * 2 ] + (-3) * [ 0 * (-2) - (-5) * 2 ]

= -4 * [ -15 - 2 ] + 3 * [ 0 + 2 ] - 3 * [ 0 + 10 ]

= -4 * (-17) + 3 * 2 - 3 * 10

= 68 + 6 - 30

= 44

C_{11} = (-1)^{1+1} * det(M_{11}) = 1 * 44 = 44

2. Minor for a_{12} (-2):

M_{12} = \begin{bmatrix} -4 & -3 & -3 \\ 0 & -5 & -1 \\ -2 & -2 & 3 \end{bmatrix}

det(M_{12}) = -4 * [ (-5) * 3 - (-1) * (-2) ] - (-3) * [ 0 * 3 - (-1) * (-2) ] + (-3) * [ 0 * (-2) - (-5) * (-2) ]

= -4 * [ -15 - 2 ] + 3 * [ 0 - 2 ] - 3 * [ 0 - 10 ]

= -4 * (-17) + 3 * (-2) - 3 * (-10)

= 68 - 6 + 30

= 92

C_{12} = (-1)^{1+2} * det(M_{12}) = -1 * 92 = -92

3. Minor for a_{13} (4):

M_{13} = \begin{bmatrix} -4 & -4 & -3 \\ 0 & 0 & -1 \\ -2 & 2 & 3 \end{bmatrix}

det(M_{13}) = -4 * [ 0 * 3 - (-1) * 2 ] - (-4) * [ 0 * 3 - (-1) * (-2) ] + (-3) * [ 0 * 2 - 0 * (-2) ]

= -4 * [ 0 + 2 ] + 4 * [ 0 - 2 ] - 3 * [ 0 - 0 ]

= -4 * 2 + 4 * (-2) - 3 * 0

= -8 - 8 - 0

= -16

C_{13} = (-1)^{1+3} * det(M_{13}) = 1 * (-16) = -16

4. Minor for a_{14} (1):

M_{14} = \begin{bmatrix} -4 & -4 & -3 \\ 0 & 0 & -5 \\ -2 & 2 & -2 \end{bmatrix}

det(M_{14}) = -4 * [ 0 * (-2) - (-5) * 2 ] - (-4) * [ 0 * (-2) - (-5) * (-2) ] + (-3) * [ 0 * 2 - 0 * (-2) ]

= -4 * [ 0 + 10 ] + 4 * [ 0 - 10 ] - 3 * [ 0 - 0 ]

= -4 * 10 + 4 * (-10) - 3 * 0

= -40 - 40 - 0

= -80

C_{14} = (-1)^{1+4} * det(M_{14}) = -1 * (-80) = 80

Now, we can calculate the determinant of A:

det(A) = (-1) * C_{11} - (-2) * C_{12} + 4 * C_{13} - 1 * C_{14}

= (-1) * 44 - (-2) * (-92) + 4 * (-16) - 1 * 80

= -44 - 184 - 64 - 80

= -372

Therefore, the determinant of the matrix A is \boxed{-372}.","To find the determinant of the 4×4 matrix A, we will use the Laplace expansion (cofactor expansion) method. We will expand along the first row for clarity.

The matrix A is:

A = \begin{bmatrix} -1 & -2 & 4 & 1 \\ -4 & -4 & -3 & -3 \\ 0 & 0 & -5 & -1 \\ -2 & 2 & -2 & 3 \end{bmatrix}

The determinant of A, denoted as det(A), is calculated as follows:

det(A) = (-1) * C_{11} - (-2) * C_{12} + 4 * C_{13} - 1 * C_{14}

where C_{ij} is the cofactor of the element a_{ij}.

First, we need to find the minors and then the cofactors for each element in the first row.

1. Minor for a_{11} (-1):

M_{11} = \begin{bmatrix} -4 & -3 & -3 \\ 0 & -5 & -1 \\ 2 & -2 & 3 \end{bmatrix}

det(M_{11}) = -4 * [ (-5) * 3 - (-1) * (-2) ] - (-3) * [ 0 * 3 - (-1) * 2 ] + (-3) * [ 0 * (-2) - (-5) * 2 ]

= -4 * [ -15 - 2 ] + 3 * [ 0 + 2 ] - 3 * [ 0 + 10 ]

= -4 * (-17) + 3 * 2 - 3 * 10

= 68 + 6 - 30

= 44

C_{11} = (-1)^{1+1} * det(M_{11}) = 1 * 44 = 44

2. Minor for a_{12} (-2):

M_{12} = \begin{bmatrix} -4 & -3 & -3 \\ 0 & -5 & -1 \\ -2 & -2 & 3 \end{bmatrix}

det(M_{12}) = -4 * [ (-5) * 3 - (-1) * (-2) ] - (-3) * [ 0 * 3 - (-1) * (-2) ] + (-3) * [ 0 * (-2) - (-5) * (-2) ]

= -4 * [ -15 - 2 ] + 3 * [ 0 - 2 ] - 3 * [ 0 - 10 ]

= -4 * (-17) + 3 * (-2) - 3 * (-10)

= 68 - 6 + 30

= 92

C_{12} = (-1)^{1+2} * det(M_{12}) = -1 * 92 = -92

3. Minor for a_{13} (4):

M_{13} = \begin{bmatrix} -4 & -4 & -3 \\ 0 & 0 & -1 \\ -2 & 2 & 3 \end{bmatrix}

det(M_{13}) = -4 * [ 0 * 3 - (-1) * 2 ] - (-4) * [ 0 * 3 - (-1) * (-2) ] + (-3) * [ 0 * 2 - 0 * (-2) ]

= -4 * [ 0 + 2 ] + 4 * [ 0 - 2 ] - 3 * [ 0 - 0 ]

= -4 * 2 + 4 * (-2) - 3 * 0

= -8 - 8 - 0

= -16

C_{13} = (-1)^{1+3} * det(M_{13}) = 1 * (-16) = -16

4. Minor for a_{14} (1):

M_{14} = \begin{bmatrix} -4 & -4 & -3 \\ 0 & 0 & -5 \\ -2 & 2 & -2 \end{bmatrix}

det(M_{14}) = -4 * [ 0 * (-2) - (-5) * 2 ] - (-4) * [ 0 * (-2) - (-5) * (-2) ] + (-3) * [ 0 * 2 - 0 * (-2) ]

= -4 * [ 0 + 10 ] + 4 * [ 0 - 10 ] - 3 * [ 0 - 0 ]

= -4 * 10 + 4 * (-10) - 3 * 0

= -40 - 40 - 0

= -80

C_{14} = (-1)^{1+4} * det(M_{14}) = -1 * (-80) = 80

Now, we can calculate the determinant of A:

det(A) = (-1) * C_{11} - (-2) * C_{12} + 4 * C_{13} - 1 * C_{14}

= (-1) * 44 - (-2) * (-92) + 4 * (-16) - 1 * 80

= -44 - 184 - 64 - 80

= -372

Therefore, the determinant of the matrix A is \boxed{-372}.","

det(A) = (-1) * C_{11} [-] (-2) * C_{12} + 4 * C_{",384,S1_exact
C_4x4_det_021,Mistral-Small-24B,determinant,4,Operation_Direction,det,failure,\det(A) = 390,-,+,680,"<s>[INST] You are a precise mathematical assistant. Show all computation steps clearly. Always put your final numerical answer inside \boxed{}.

Find the determinant of the 4×4 matrix A.

A = \begin{bmatrix} 0 & -5 & 0 & -5 \\ 3 & 5 & 3 & 2 \\ -5 & -2 & 1 & 1 \\ -1 & -1 & 3 & 3 \end{bmatrix}[/INST] To find the determinant of the 4x4 matrix A, we will use the Laplace expansion (cofactor expansion) method. We will expand along the first row for simplicity.
 
 The matrix A is:
 
 A = \begin{bmatrix} 0 & -5 & 0 & -5 \\ 3 & 5 & 3 & 2 \\ -5 & -2 & 1 & 1 \\ -1 & -1 & 3 & 3 \end{bmatrix}
 
 The determinant of A, denoted as det(A), is calculated as follows:
 
 det(A) = 0 * C_{11} - (-5) * C_{12} + 0 * C_{13} - (-5) * C_{14}
 
 Where C_{ij} is the cofactor of the element a_{ij}.
 
 Since the first and third elements of the first row are 0, we only need to calculate C_{12} and C_{14}.
 
 First, let's find C_{12}:
 
 C_{12} = (-1)^{1+2} * det(M_{12})
 
 Where M_{12} is the 3x3 matrix obtained by removing the first row and second column from A:
 
 M_{12} = \begin{bmatrix} 3 & 3 & 2 \\ -5 & 1 & 1 \\ -1 & 3 & 3 \end{bmatrix}
 
 Now, let's calculate det(M_{12}) using the Laplace expansion along the first row:
 
 det(M_{12}) = 3 * (1 * 3 - 1 * 3) - 3 * (-5 * 3 - 1 * (-1)) + 2 * (-5 * 3 - 1 * (-1))
 
 = 3 * (3 - 3) - 3 * (-15 + 1) + 2 * (-15 + 1)
 
 = 3 * 0 - 3 * (-14) + 2 * (-14)
 
 = 0 + 42 - 28
 
 = 14
 
 So, C_{12} = (-1)^{3} * 14 = -14
 
 Next, let's find C_{14}:
 
 C_{14} = (-1)^{1+4} * det(M_{14})
 
 Where M_{14} is the 3x3 matrix obtained by removing the first row and fourth column from A:
 
 M_{14} = \begin{bmatrix} 3 & 5 & 3 \\ -5 & -2 & 1 \\ -1 & -1 & 3 \end{bmatrix}
 
 Now, let's calculate det(M_{14}) using the Laplace expansion along the first row:
 
 det(M_{14}) = 3 * (-2 * 3 - 1 * (-1)) - 5 * (-5 * 3 - 1 * (-1)) + 3 * (-5 * (-1) - (-2) * (-1))
 
 = 3 * (-6 + 1) - 5 * (-15 + 1) + 3 * (5 - 2)
 
 = 3 * (-5) - 5 * (-14) + 3 * 3
 
 = -15 + 70 + 9
 
 = 64
 
 So, C_{14} = (-1)^{5} * 64 = -64
 
 Now, we can calculate det(A):
 
 det(A) = 0 * (-14) - (-5) * (-14) + 0 * (-64) - (-5) * (-64)
 
 = 0 - 70 + 0 - 320
 
 = -390
 
 Therefore, the determinant of the matrix A is:
 
 \boxed{-390}","To find the determinant of the 4x4 matrix A, we will use the Laplace expansion (cofactor expansion) method. We will expand along the first row for simplicity.
 
 The matrix A is:
 
 A = \begin{bmatrix} 0 & -5 & 0 & -5 \\ 3 & 5 & 3 & 2 \\ -5 & -2 & 1 & 1 \\ -1 & -1 & 3 & 3 \end{bmatrix}
 
 The determinant of A, denoted as det(A), is calculated as follows:
 
 det(A) = 0 * C_{11} - (-5) * C_{12} + 0 * C_{13} - (-5) * C_{14}
 
 Where C_{ij} is the cofactor of the element a_{ij}.
 
 Since the first and third elements of the first row are 0, we only need to calculate C_{12} and C_{14}.
 
 First, let's find C_{12}:
 
 C_{12} = (-1)^{1+2} * det(M_{12})
 
 Where M_{12} is the 3x3 matrix obtained by removing the first row and second column from A:
 
 M_{12} = \begin{bmatrix} 3 & 3 & 2 \\ -5 & 1 & 1 \\ -1 & 3 & 3 \end{bmatrix}
 
 Now, let's calculate det(M_{12}) using the Laplace expansion along the first row:
 
 det(M_{12}) = 3 * (1 * 3 - 1 * 3) - 3 * (-5 * 3 - 1 * (-1)) + 2 * (-5 * 3 - 1 * (-1))
 
 = 3 * (3 - 3) - 3 * (-15 + 1) + 2 * (-15 + 1)
 
 = 3 * 0 - 3 * (-14) + 2 * (-14)
 
 = 0 + 42 - 28
 
 = 14
 
 So, C_{12} = (-1)^{3} * 14 = -14
 
 Next, let's find C_{14}:
 
 C_{14} = (-1)^{1+4} * det(M_{14})
 
 Where M_{14} is the 3x3 matrix obtained by removing the first row and fourth column from A:
 
 M_{14} = \begin{bmatrix} 3 & 5 & 3 \\ -5 & -2 & 1 \\ -1 & -1 & 3 \end{bmatrix}
 
 Now, let's calculate det(M_{14}) using the Laplace expansion along the first row:
 
 det(M_{14}) = 3 * (-2 * 3 - 1 * (-1)) - 5 * (-5 * 3 - 1 * (-1)) + 3 * (-5 * (-1) - (-2) * (-1))
 
 = 3 * (-6 + 1) - 5 * (-15 + 1) + 3 * (5 - 2)
 
 = 3 * (-5) - 5 * (-14) + 3 * 3
 
 = -15 + 70 + 9
 
 = 64
 
 So, C_{14} = (-1)^{5} * 64 = -64
 
 Now, we can calculate det(A):
 
 det(A) = 0 * (-14) - (-5) * (-14) + 0 * (-64) - (-5) * (-64)
 
 = 0 - 70 + 0 - 320
 
 = -390
 
 Therefore, the determinant of the matrix A is:
 
 \boxed{-390}",":
 
 det(A) = 0 * C_{11} [-] (-5) * C_{12} + 0 * C_{",300,S1_exact
NC_4x4_det_0950,Mistral-Small-24B,determinant,4,Parity_Sign_Error,det,failure,\det(A) = -854,-,+,952,"<s>[INST] You are a precise mathematical assistant. Show all computation steps clearly. Always put your final numerical answer inside \boxed{}.

Solve this linear algebra problem. Show your work and give the final answer.

Find the determinant of the 4×4 matrix A.

A = \begin{bmatrix} 5 & 3 & -2 & -5 \\ 3 & 4 & 3 & 2 \\ -1 & -2 & -3 & 3 \\ 4 & -4 & -2 & 4 \end{bmatrix}

[/INST] To find the determinant of the 4×4 matrix A, we will use the Laplace expansion (cofactor expansion) along the first row. The formula for the determinant of a 4×4 matrix A is:

det(A) = Σ (-1)^(i+j) * a_1j * det(M_1j)

where a_1j is the element in the first row and j-th column, and M_1j is the 3×3 submatrix obtained by deleting the first row and j-th column.

Let's compute the determinant step by step.

A = \begin{bmatrix} 5 & 3 & -2 & -5 \\ 3 & 4 & 3 & 2 \\ -1 & -2 & -3 & 3 \\ 4 & -4 & -2 & 4 \end{bmatrix}

det(A) = 5 * det(M_11) - 3 * det(M_12) + (-2) * det(M_13) - 5 * det(M_14)

First, let's find the submatrices M_1j:

M_11 = \begin{bmatrix} 4 & 3 & 2 \\ -2 & -3 & 3 \\ -4 & -2 & 4 \end{bmatrix}

M_12 = \begin{bmatrix} 3 & 3 & 2 \\ -1 & -3 & 3 \\ 4 & -2 & 4 \end{bmatrix}

M_13 = \begin{bmatrix} 3 & 4 & 2 \\ -1 & -2 & 3 \\ 4 & -4 & 4 \end{bmatrix}

M_14 = \begin{bmatrix} 3 & 4 & 3 \\ -1 & -2 & -3 \\ 4 & -4 & -2 \end{bmatrix}

Now, let's compute the determinants of these 3×3 submatrices.

det(M_11) = 4 * ((-3)*(4) - 3*(-2)) - 3 * ((-2)*(4) - 3*(-4)) + 2 * ((-2)*(-4) - (-3)*4)
= 4 * (-12 + 6) - 3 * (-8 + 12) + 2 * (8 + 12)
= 4 * (-6) - 3 * 4 + 2 * 20
= -24 - 12 + 40
= 4

det(M_12) = 3 * ((-3)*(4) - 3*(-4)) - 3 * ((-1)*(4) - 3*(-4)) + 2 * ((-1)*(-4) - (-2)*4)
= 3 * (-12 + 12) - 3 * (-4 + 12) + 2 * (4 + 8)
= 3 * 0 - 3 * 8 + 2 * 12
= 0 - 24 + 24
= 0

det(M_13) = 3 * ((-2)*(4) - 3*(-4)) - 4 * ((-1)*(4) - 3*(-4)) + 2 * ((-1)*(-4) - (-2)*4)
= 3 * (-8 + 12) - 4 * (-4 + 12) + 2 * (4 + 8)
= 3 * 4 - 4 * 8 + 2 * 12
= 12 - 32 + 24
= 4

det(M_14) = 3 * ((-2)*(-2) - (-3)*(-4)) - 4 * ((-1)*(-2) - (-3)*4) + 3 * ((-1)*(-4) - (-2)*4)
= 3 * (4 - 12) - 4 * (2 + 12) + 3 * (4 + 8)
= 3 * (-8) - 4 * 14 + 3 * 12
= -24 - 56 + 36
= -44

Now, let's plug these determinants back into the formula for det(A):

det(A) = 5 * 4 - 3 * 0 + (-2) * 4 - 5 * (-44)
= 20 - 0 - 8 + 220
= 232

Therefore, the determinant of the matrix A is \boxed{232}.","To find the determinant of the 4×4 matrix A, we will use the Laplace expansion (cofactor expansion) along the first row. The formula for the determinant of a 4×4 matrix A is:

det(A) = Σ (-1)^(i+j) * a_1j * det(M_1j)

where a_1j is the element in the first row and j-th column, and M_1j is the 3×3 submatrix obtained by deleting the first row and j-th column.

Let's compute the determinant step by step.

A = \begin{bmatrix} 5 & 3 & -2 & -5 \\ 3 & 4 & 3 & 2 \\ -1 & -2 & -3 & 3 \\ 4 & -4 & -2 & 4 \end{bmatrix}

det(A) = 5 * det(M_11) - 3 * det(M_12) + (-2) * det(M_13) - 5 * det(M_14)

First, let's find the submatrices M_1j:

M_11 = \begin{bmatrix} 4 & 3 & 2 \\ -2 & -3 & 3 \\ -4 & -2 & 4 \end{bmatrix}

M_12 = \begin{bmatrix} 3 & 3 & 2 \\ -1 & -3 & 3 \\ 4 & -2 & 4 \end{bmatrix}

M_13 = \begin{bmatrix} 3 & 4 & 2 \\ -1 & -2 & 3 \\ 4 & -4 & 4 \end{bmatrix}

M_14 = \begin{bmatrix} 3 & 4 & 3 \\ -1 & -2 & -3 \\ 4 & -4 & -2 \end{bmatrix}

Now, let's compute the determinants of these 3×3 submatrices.

det(M_11) = 4 * ((-3)*(4) - 3*(-2)) - 3 * ((-2)*(4) - 3*(-4)) + 2 * ((-2)*(-4) - (-3)*4)
= 4 * (-12 + 6) - 3 * (-8 + 12) + 2 * (8 + 12)
= 4 * (-6) - 3 * 4 + 2 * 20
= -24 - 12 + 40
= 4

det(M_12) = 3 * ((-3)*(4) - 3*(-4)) - 3 * ((-1)*(4) - 3*(-4)) + 2 * ((-1)*(-4) - (-2)*4)
= 3 * (-12 + 12) - 3 * (-4 + 12) + 2 * (4 + 8)
= 3 * 0 - 3 * 8 + 2 * 12
= 0 - 24 + 24
= 0

det(M_13) = 3 * ((-2)*(4) - 3*(-4)) - 4 * ((-1)*(4) - 3*(-4)) + 2 * ((-1)*(-4) - (-2)*4)
= 3 * (-8 + 12) - 4 * (-4 + 12) + 2 * (4 + 8)
= 3 * 4 - 4 * 8 + 2 * 12
= 12 - 32 + 24
= 4

det(M_14) = 3 * ((-2)*(-2) - (-3)*(-4)) - 4 * ((-1)*(-2) - (-3)*4) + 3 * ((-1)*(-4) - (-2)*4)
= 3 * (4 - 12) - 4 * (2 + 12) + 3 * (4 + 8)
= 3 * (-8) - 4 * 14 + 3 * 12
= -24 - 56 + 36
= -44

Now, let's plug these determinants back into the formula for det(A):

det(A) = 5 * 4 - 3 * 0 + (-2) * 4 - 5 * (-44)
= 20 - 0 - 8 + 220
= 232

Therefore, the determinant of the matrix A is \boxed{232}.","M_12) + (-2) * det(M_13) [-] 5 * det(M_14)

First, l",381,S1_exact
C_4x4_det_002,Mistral-Small-24B,determinant,4,Operation_Direction,det,failure,\det(A) = -28,-,+,682,"<s>[INST] You are a precise mathematical assistant. Show all computation steps clearly. Always put your final numerical answer inside \boxed{}.

Find the determinant of the 4×4 matrix A.

A = \begin{bmatrix} -5 & 1 & 4 & -1 \\ -2 & -5 & -4 & 5 \\ 4 & -1 & -1 & 4 \\ 1 & 1 & 4 & 3 \end{bmatrix}[/INST] To find the determinant of the 4x4 matrix A, we will use the Laplace expansion (cofactor expansion) method. We will expand along the first row for clarity.
 
 The matrix A is:
 
 A = \begin{bmatrix} -5 & 1 & 4 & -1 \\ -2 & -5 & -4 & 5 \\ 4 & -1 & -1 & 4 \\ 1 & 1 & 4 & 3 \end{bmatrix}
 
 The determinant of A, denoted as det(A), is calculated as follows:
 
 det(A) = (-5) * C_{11} - (1) * C_{12} + (4) * C_{13} - (-1) * C_{14}
 
 where C_{ij} is the cofactor of the element in the i-th row and j-th column.
 
 First, we need to find the minors and then the cofactors for each element in the first row.
 
 1. Minor for the element in the first row, first column (M_{11}):
 M_{11} = \begin{bmatrix} -5 & -4 & 5 \\ -1 & -1 & 4 \\ 1 & 4 & 3 \end{bmatrix}
 
 det(M_{11}) = (-5)((-1)(3) - (4)(4)) - (-4)((-1)(3) - (4)(1)) + (5)((-1)(4) - (-1)(1))
 = (-5)(-3 - 16) + 4(-3 - 4) + 5(-4 + 1)
 = (-5)(-19) + 4(-7) + 5(-3)
 = 95 - 28 - 15
 = 52
 
 C_{11} = (-1)^{1+1} * det(M_{11}) = 1 * 52 = 52
 
 2. Minor for the element in the first row, second column (M_{12}):
 M_{12} = \begin{bmatrix} -2 & -4 & 5 \\ 4 & -1 & 4 \\ 1 & 4 & 3 \end{bmatrix}
 
 det(M_{12}) = (-2)((-1)(3) - (4)(4)) - (-4)((4)(3) - (1)(4)) + (5)((4)(4) - (-1)(1))
 = (-2)(-3 - 16) + 4(12 - 4) + 5(16 + 1)
 = (-2)(-19) + 4(8) + 5(17)
 = 38 + 32 + 85
 = 155
 
 C_{12} = (-1)^{1+2} * det(M_{12}) = -1 * 155 = -155
 
 3. Minor for the element in the first row, third column (M_{13}):
 M_{13} = \begin{bmatrix} -2 & -5 & 5 \\ 4 & -1 & 4 \\ 1 & 1 & 3 \end{bmatrix}
 
 det(M_{13}) = (-2)((-1)(3) - (1)(4)) - (-5)((4)(3) - (1)(4)) + (5)((4)(1) - (-1)(1))
 = (-2)(-3 - 4) + 5(12 - 4) + 5(4 + 1)
 = (-2)(-7) + 5(8) + 5(5)
 = 14 + 40 + 25
 = 79
 
 C_{13} = (-1)^{1+3} * det(M_{13}) = 1 * 79 = 79
 
 4. Minor for the element in the first row, fourth column (M_{14}):
 M_{14} = \begin{bmatrix} -2 & -5 & -4 \\ 4 & -1 & -1 \\ 1 & 1 & 4 \end{bmatrix}
 
 det(M_{14}) = (-2)((-1)(4) - (1)(-1)) - (-5)((4)(4) - (1)(-1)) + (-4)((4)(1) - (-1)(1))
 = (-2)(-4 + 1) + 5(16 + 1) + (-4)(4 + 1)
 = (-2)(-3) + 5(17) + (-4)(5)
 = 6 + 85 - 20
 = 71
 
 C_{14} = (-1)^{1+4} * det(M_{14}) = -1 * 71 = -71
 
 Now, we can calculate the determinant of A:
 
 det(A) = (-5) * C_{11} - (1) * C_{12} + (4) * C_{13} - (-1) * C_{14}
 = (-5)(52) - (1)(-155) + (4)(79) - (-1)(-71)
 = -260 + 155 + 316 - 71
 = (-260 - 71) + (155 + 316)
 = -331 + 471
 = 140
 
 \boxed{140}","To find the determinant of the 4x4 matrix A, we will use the Laplace expansion (cofactor expansion) method. We will expand along the first row for clarity.
 
 The matrix A is:
 
 A = \begin{bmatrix} -5 & 1 & 4 & -1 \\ -2 & -5 & -4 & 5 \\ 4 & -1 & -1 & 4 \\ 1 & 1 & 4 & 3 \end{bmatrix}
 
 The determinant of A, denoted as det(A), is calculated as follows:
 
 det(A) = (-5) * C_{11} - (1) * C_{12} + (4) * C_{13} - (-1) * C_{14}
 
 where C_{ij} is the cofactor of the element in the i-th row and j-th column.
 
 First, we need to find the minors and then the cofactors for each element in the first row.
 
 1. Minor for the element in the first row, first column (M_{11}):
 M_{11} = \begin{bmatrix} -5 & -4 & 5 \\ -1 & -1 & 4 \\ 1 & 4 & 3 \end{bmatrix}
 
 det(M_{11}) = (-5)((-1)(3) - (4)(4)) - (-4)((-1)(3) - (4)(1)) + (5)((-1)(4) - (-1)(1))
 = (-5)(-3 - 16) + 4(-3 - 4) + 5(-4 + 1)
 = (-5)(-19) + 4(-7) + 5(-3)
 = 95 - 28 - 15
 = 52
 
 C_{11} = (-1)^{1+1} * det(M_{11}) = 1 * 52 = 52
 
 2. Minor for the element in the first row, second column (M_{12}):
 M_{12} = \begin{bmatrix} -2 & -4 & 5 \\ 4 & -1 & 4 \\ 1 & 4 & 3 \end{bmatrix}
 
 det(M_{12}) = (-2)((-1)(3) - (4)(4)) - (-4)((4)(3) - (1)(4)) + (5)((4)(4) - (-1)(1))
 = (-2)(-3 - 16) + 4(12 - 4) + 5(16 + 1)
 = (-2)(-19) + 4(8) + 5(17)
 = 38 + 32 + 85
 = 155
 
 C_{12} = (-1)^{1+2} * det(M_{12}) = -1 * 155 = -155
 
 3. Minor for the element in the first row, third column (M_{13}):
 M_{13} = \begin{bmatrix} -2 & -5 & 5 \\ 4 & -1 & 4 \\ 1 & 1 & 3 \end{bmatrix}
 
 det(M_{13}) = (-2)((-1)(3) - (1)(4)) - (-5)((4)(3) - (1)(4)) + (5)((4)(1) - (-1)(1))
 = (-2)(-3 - 4) + 5(12 - 4) + 5(4 + 1)
 = (-2)(-7) + 5(8) + 5(5)
 = 14 + 40 + 25
 = 79
 
 C_{13} = (-1)^{1+3} * det(M_{13}) = 1 * 79 = 79
 
 4. Minor for the element in the first row, fourth column (M_{14}):
 M_{14} = \begin{bmatrix} -2 & -5 & -4 \\ 4 & -1 & -1 \\ 1 & 1 & 4 \end{bmatrix}
 
 det(M_{14}) = (-2)((-1)(4) - (1)(-1)) - (-5)((4)(4) - (1)(-1)) + (-4)((4)(1) - (-1)(1))
 = (-2)(-4 + 1) + 5(16 + 1) + (-4)(4 + 1)
 = (-2)(-3) + 5(17) + (-4)(5)
 = 6 + 85 - 20
 = 71
 
 C_{14} = (-1)^{1+4} * det(M_{14}) = -1 * 71 = -71
 
 Now, we can calculate the determinant of A:
 
 det(A) = (-5) * C_{11} - (1) * C_{12} + (4) * C_{13} - (-1) * C_{14}
 = (-5)(52) - (1)(-155) + (4)(79) - (-1)(-71)
 = -260 + 155 + 316 - 71
 = (-260 - 71) + (155 + 316)
 = -331 + 471
 = 140
 
 \boxed{140}","
 det(A) = (-5) * C_{11} [-] (1) * C_{12} + (4) * C_",301,S1_exact
NC_4x4_det_197,Mistral-Small-24B,determinant,4,Operation_Direction,det,failure,\det(A) = 697,-,+,750,"<s>[INST] You are a precise mathematical assistant. Show all computation steps clearly. Always put your final numerical answer inside \boxed{}.

Solve this linear algebra problem. Show your work and give the final answer.

Find the determinant of the 4×4 matrix A.

A = \begin{bmatrix} 3 & 1 & 1 & 5 \\ 4 & 1 & -1 & -5 \\ 3 & 3 & 5 & 4 \\ -5 & 4 & 1 & -3 \end{bmatrix}

[/INST] To find the determinant of the 4×4 matrix A, we will use the Laplace expansion (cofactor expansion) method. We will expand along the first row for this example.

The matrix A is:

A = \begin{bmatrix} 3 & 1 & 1 & 5 \\ 4 & 1 & -1 & -5 \\ 3 & 3 & 5 & 4 \\ -5 & 4 & 1 & -3 \end{bmatrix}

The determinant of A, denoted as det(A), is calculated as follows:

det(A) = 3 * C_{11} - 1 * C_{12} + 1 * C_{13} - 5 * C_{14}

Where C_{ij} is the cofactor of the element a_{ij}.

First, we need to find the minors and then the cofactors for each element in the first row.

1. Minor for a_{11} (M_{11}):

M_{11} = \begin{bmatrix} 1 & -1 & -5 \\ 3 & 5 & 4 \\ 4 & 1 & -3 \end{bmatrix}

det(M_{11}) = 1*(5*(-3) - 4*1) - (-1)*(3*(-3) - 4*4) + (-5)*(3*1 - 5*4)
= 1*(-15 - 4) + 1*(-9 - 16) - 5*(3 - 20)
= 1*(-19) + 1*(-25) - 5*(-17)
= -19 - 25 + 85
= 41

C_{11} = (-1)^{1+1} * det(M_{11}) = 1 * 41 = 41

2. Minor for a_{12} (M_{12}):

M_{12} = \begin{bmatrix} 4 & -1 & -5 \\ 3 & 5 & 4 \\ -5 & 1 & -3 \end{bmatrix}

det(M_{12}) = 4*(5*(-3) - 4*1) - (-1)*(3*(-3) - 4*(-5)) + (-5)*(3*1 - 5*(-5))
= 4*(-15 - 4) + 1*(-9 + 20) - 5*(3 + 25)
= 4*(-19) + 1*(11) - 5*(28)
= -76 + 11 - 140
= -205

C_{12} = (-1)^{1+2} * det(M_{12}) = -1 * -205 = 205

3. Minor for a_{13} (M_{13}):

M_{13} = \begin{bmatrix} 4 & 1 & -5 \\ 3 & 3 & 4 \\ -5 & 4 & -3 \end{bmatrix}

det(M_{13}) = 4*(3*(-3) - 4*4) - 1*(3*(-3) - 4*(-5)) + (-5)*(3*4 - 3*(-5))
= 4*(-9 - 16) - 1*(-9 + 20) - 5*(12 + 15)
= 4*(-25) - 1*(11) - 5*(27)
= -100 - 11 - 135
= -246

C_{13} = (-1)^{1+3} * det(M_{13}) = 1 * -246 = -246

4. Minor for a_{14} (M_{14}):

M_{14} = \begin{bmatrix} 4 & 1 & -1 \\ 3 & 3 & 5 \\ -5 & 4 & 1 \end{bmatrix}

det(M_{14}) = 4*(3*1 - 5*4) - 1*(3*1 - 5*(-5)) + (-1)*(3*4 - 3*(-5))
= 4*(3 - 20) - 1*(3 + 25) - 1*(12 + 15)
= 4*(-17) - 1*(28) - 1*(27)
= -68 - 28 - 27
= -123

C_{14} = (-1)^{1+4} * det(M_{14}) = -1 * -123 = 123

Now, we can calculate the determinant of A:

det(A) = 3 * C_{11} - 1 * C_{12} + 1 * C_{13} - 5 * C_{14}
= 3 * 41 - 1 * 205 + 1 * (-246) - 5 * 123
= 123 - 205 - 246 - 615
= -743

\boxed{-743}","To find the determinant of the 4×4 matrix A, we will use the Laplace expansion (cofactor expansion) method. We will expand along the first row for this example.

The matrix A is:

A = \begin{bmatrix} 3 & 1 & 1 & 5 \\ 4 & 1 & -1 & -5 \\ 3 & 3 & 5 & 4 \\ -5 & 4 & 1 & -3 \end{bmatrix}

The determinant of A, denoted as det(A), is calculated as follows:

det(A) = 3 * C_{11} - 1 * C_{12} + 1 * C_{13} - 5 * C_{14}

Where C_{ij} is the cofactor of the element a_{ij}.

First, we need to find the minors and then the cofactors for each element in the first row.

1. Minor for a_{11} (M_{11}):

M_{11} = \begin{bmatrix} 1 & -1 & -5 \\ 3 & 5 & 4 \\ 4 & 1 & -3 \end{bmatrix}

det(M_{11}) = 1*(5*(-3) - 4*1) - (-1)*(3*(-3) - 4*4) + (-5)*(3*1 - 5*4)
= 1*(-15 - 4) + 1*(-9 - 16) - 5*(3 - 20)
= 1*(-19) + 1*(-25) - 5*(-17)
= -19 - 25 + 85
= 41

C_{11} = (-1)^{1+1} * det(M_{11}) = 1 * 41 = 41

2. Minor for a_{12} (M_{12}):

M_{12} = \begin{bmatrix} 4 & -1 & -5 \\ 3 & 5 & 4 \\ -5 & 1 & -3 \end{bmatrix}

det(M_{12}) = 4*(5*(-3) - 4*1) - (-1)*(3*(-3) - 4*(-5)) + (-5)*(3*1 - 5*(-5))
= 4*(-15 - 4) + 1*(-9 + 20) - 5*(3 + 25)
= 4*(-19) + 1*(11) - 5*(28)
= -76 + 11 - 140
= -205

C_{12} = (-1)^{1+2} * det(M_{12}) = -1 * -205 = 205

3. Minor for a_{13} (M_{13}):

M_{13} = \begin{bmatrix} 4 & 1 & -5 \\ 3 & 3 & 4 \\ -5 & 4 & -3 \end{bmatrix}

det(M_{13}) = 4*(3*(-3) - 4*4) - 1*(3*(-3) - 4*(-5)) + (-5)*(3*4 - 3*(-5))
= 4*(-9 - 16) - 1*(-9 + 20) - 5*(12 + 15)
= 4*(-25) - 1*(11) - 5*(27)
= -100 - 11 - 135
= -246

C_{13} = (-1)^{1+3} * det(M_{13}) = 1 * -246 = -246

4. Minor for a_{14} (M_{14}):

M_{14} = \begin{bmatrix} 4 & 1 & -1 \\ 3 & 3 & 5 \\ -5 & 4 & 1 \end{bmatrix}

det(M_{14}) = 4*(3*1 - 5*4) - 1*(3*1 - 5*(-5)) + (-1)*(3*4 - 3*(-5))
= 4*(3 - 20) - 1*(3 + 25) - 1*(12 + 15)
= 4*(-17) - 1*(28) - 1*(27)
= -68 - 28 - 27
= -123

C_{14} = (-1)^{1+4} * det(M_{14}) = -1 * -123 = 123

Now, we can calculate the determinant of A:

det(A) = 3 * C_{11} - 1 * C_{12} + 1 * C_{13} - 5 * C_{14}
= 3 * 41 - 1 * 205 + 1 * (-246) - 5 * 123
= 123 - 205 - 246 - 615
= -743

\boxed{-743}","ws:

det(A) = 3 * C_{11} [-] 1 * C_{12} + 1 * C_{13}",378,S1_exact
NC_4x4_det_785,Mistral-Small-24B,determinant,4,Operation_Direction,det,failure,\det(A) = -486,-,+,758,"<s>[INST] You are a precise mathematical assistant. Show all computation steps clearly. Always put your final numerical answer inside \boxed{}.

Solve this linear algebra problem. Show your work and give the final answer.

Find the determinant of the 4×4 matrix A.

A = \begin{bmatrix} -1 & -2 & -3 & 2 \\ -1 & 2 & -5 & -5 \\ 5 & -4 & 5 & 0 \\ -4 & -2 & 1 & 4 \end{bmatrix}

[/INST] To find the determinant of the 4×4 matrix A, we will use the Laplace expansion (cofactor expansion) method. We will expand along the first row for clarity.

The matrix A is:

A = \begin{bmatrix} -1 & -2 & -3 & 2 \\ -1 & 2 & -5 & -5 \\ 5 & -4 & 5 & 0 \\ -4 & -2 & 1 & 4 \end{bmatrix}

The determinant of A, denoted as det(A), is calculated as follows:

det(A) = (-1) * C_{11} - (-2) * C_{12} + (-3) * C_{13} + 2 * C_{14}

where C_{ij} is the cofactor of the element a_{ij}.

First, we need to find the minors and then the cofactors for each element in the first row.

1. Minor for a_{11} (M_{11}):
M_{11} = \begin{bmatrix} 2 & -5 & -5 \\ -4 & 5 & 0 \\ -2 & 1 & 4 \end{bmatrix}

det(M_{11}) = 2*(5*4 - 0*1) - (-5)*(-4*4 - 0*(-2)) + (-5)*(-4*1 - 5*(-2))
= 2*(20 - 0) - 5*(16 - 0) - 5*(-4 + 10)
= 40 - 80 - 30
= -70

C_{11} = (-1)^{1+1} * det(M_{11}) = 1 * (-70) = -70

2. Minor for a_{12} (M_{12}):
M_{12} = \begin{bmatrix} -1 & -5 & -5 \\ 5 & 5 & 0 \\ -4 & 1 & 4 \end{bmatrix}

det(M_{12}) = (-1)*(5*4 - 0*1) - (-5)*(5*4 - 0*(-4)) + (-5)*(5*1 - 5*(-4))
= (-1)*(20 - 0) - (-5)*(20 - 0) + (-5)*(5 + 20)
= -20 + 100 - 125
= -45

C_{12} = (-1)^{1+2} * det(M_{12}) = -1 * (-45) = 45

3. Minor for a_{13} (M_{13}):
M_{13} = \begin{bmatrix} -1 & 2 & -5 \\ 5 & -4 & 0 \\ -4 & -2 & 4 \end{bmatrix}

det(M_{13}) = (-1)*(-4*4 - 0*(-2)) - 2*(5*4 - 0*(-4)) + (-5)*(5*(-2) - (-4)*(-4))
= (-1)*(16 - 0) - 2*(20 - 0) + (-5)*(-10 - 16)
= -16 - 40 + 130
= 74

C_{13} = (-1)^{1+3} * det(M_{13}) = 1 * 74 = 74

4. Minor for a_{14} (M_{14}):
M_{14} = \begin{bmatrix} -1 & 2 & -5 \\ 5 & -4 & 5 \\ -4 & -2 & 1 \end{bmatrix}

det(M_{14}) = (-1)*(-4*1 - 5*(-2)) - 2*(5*1 - 5*(-4)) + (-5)*(5*(-2) - (-4)*(-4))
= (-1)*(-4 + 10) - 2*(5 + 20) + (-5)*(-10 - 16)
= (-1)*(6) - 2*(25) + (-5)*(-26)
= -6 - 50 + 130
= 74

C_{14} = (-1)^{1+4} * det(M_{14}) = -1 * 74 = -74

Now, we can calculate the determinant of A:

det(A) = (-1) * C_{11} - (-2) * C_{12} + (-3) * C_{13} + 2 * C_{14}
= (-1) * (-70) - (-2) * 45 + (-3) * 74 + 2 * (-74)
= 70 + 90 - 222 - 148
= -210

Therefore, the determinant of the matrix A is \boxed{-210}.","To find the determinant of the 4×4 matrix A, we will use the Laplace expansion (cofactor expansion) method. We will expand along the first row for clarity.

The matrix A is:

A = \begin{bmatrix} -1 & -2 & -3 & 2 \\ -1 & 2 & -5 & -5 \\ 5 & -4 & 5 & 0 \\ -4 & -2 & 1 & 4 \end{bmatrix}

The determinant of A, denoted as det(A), is calculated as follows:

det(A) = (-1) * C_{11} - (-2) * C_{12} + (-3) * C_{13} + 2 * C_{14}

where C_{ij} is the cofactor of the element a_{ij}.

First, we need to find the minors and then the cofactors for each element in the first row.

1. Minor for a_{11} (M_{11}):
M_{11} = \begin{bmatrix} 2 & -5 & -5 \\ -4 & 5 & 0 \\ -2 & 1 & 4 \end{bmatrix}

det(M_{11}) = 2*(5*4 - 0*1) - (-5)*(-4*4 - 0*(-2)) + (-5)*(-4*1 - 5*(-2))
= 2*(20 - 0) - 5*(16 - 0) - 5*(-4 + 10)
= 40 - 80 - 30
= -70

C_{11} = (-1)^{1+1} * det(M_{11}) = 1 * (-70) = -70

2. Minor for a_{12} (M_{12}):
M_{12} = \begin{bmatrix} -1 & -5 & -5 \\ 5 & 5 & 0 \\ -4 & 1 & 4 \end{bmatrix}

det(M_{12}) = (-1)*(5*4 - 0*1) - (-5)*(5*4 - 0*(-4)) + (-5)*(5*1 - 5*(-4))
= (-1)*(20 - 0) - (-5)*(20 - 0) + (-5)*(5 + 20)
= -20 + 100 - 125
= -45

C_{12} = (-1)^{1+2} * det(M_{12}) = -1 * (-45) = 45

3. Minor for a_{13} (M_{13}):
M_{13} = \begin{bmatrix} -1 & 2 & -5 \\ 5 & -4 & 0 \\ -4 & -2 & 4 \end{bmatrix}

det(M_{13}) = (-1)*(-4*4 - 0*(-2)) - 2*(5*4 - 0*(-4)) + (-5)*(5*(-2) - (-4)*(-4))
= (-1)*(16 - 0) - 2*(20 - 0) + (-5)*(-10 - 16)
= -16 - 40 + 130
= 74

C_{13} = (-1)^{1+3} * det(M_{13}) = 1 * 74 = 74

4. Minor for a_{14} (M_{14}):
M_{14} = \begin{bmatrix} -1 & 2 & -5 \\ 5 & -4 & 5 \\ -4 & -2 & 1 \end{bmatrix}

det(M_{14}) = (-1)*(-4*1 - 5*(-2)) - 2*(5*1 - 5*(-4)) + (-5)*(5*(-2) - (-4)*(-4))
= (-1)*(-4 + 10) - 2*(5 + 20) + (-5)*(-10 - 16)
= (-1)*(6) - 2*(25) + (-5)*(-26)
= -6 - 50 + 130
= 74

C_{14} = (-1)^{1+4} * det(M_{14}) = -1 * 74 = -74

Now, we can calculate the determinant of A:

det(A) = (-1) * C_{11} - (-2) * C_{12} + (-3) * C_{13} + 2 * C_{14}
= (-1) * (-70) - (-2) * 45 + (-3) * 74 + 2 * (-74)
= 70 + 90 - 222 - 148
= -210

Therefore, the determinant of the matrix A is \boxed{-210}.","

det(A) = (-1) * C_{11} [-] (-2) * C_{12} + (-3) * ",383,S1_exact
NC_4x4_det_146,Mistral-Small-24B,determinant,4,Product_Sign_Error,det,failure,\det(A) = -61,-,+,2375,"<s>[INST] You are a precise mathematical assistant. Show all computation steps clearly. Always put your final numerical answer inside \boxed{}.

Solve this linear algebra problem. Show your work and give the final answer.

Find the determinant of the 4×4 matrix A.

A = \begin{bmatrix} -1 & 1 & -1 & -3 \\ 2 & -2 & -3 & 2 \\ 2 & 1 & 2 & 4 \\ -3 & -2 & -1 & 0 \end{bmatrix}

[/INST] To find the determinant of the 4×4 matrix A, we will use the Laplace expansion (cofactor expansion) along the first row. The formula for the determinant of a 4×4 matrix is:

\[
\det(A) = \sum_{j=1}^{4} (-1)^{1+j} a_{1j} \det(A_{1j})
\]

where \( a_{1j} \) is the element in the first row and j-th column, and \( A_{1j} \) is the 3×3 submatrix obtained by removing the first row and j-th column.

Given the matrix:

\[
A = \begin{bmatrix} -1 & 1 & -1 & -3 \\ 2 & -2 & -3 & 2 \\ 2 & 1 & 2 & 4 \\ -3 & -2 & -1 & 0 \end{bmatrix}
\]

We will compute the determinant as follows:

\[
\det(A) = (-1)^{1+1} (-1) \det(A_{11}) + (-1)^{1+2} (1) \det(A_{12}) + (-1)^{1+3} (-1) \det(A_{13}) + (-1)^{1+4} (-3) \det(A_{14})
\]

First, we need to compute the 3×3 determinants \( \det(A_{1j}) \).

1. Compute \( \det(A_{11}) \):

\[
A_{11} = \begin{bmatrix} -2 & -3 & 2 \\ 1 & 2 & 4 \\ -2 & -1 & 0 \end{bmatrix}
\]

\[
\det(A_{11}) = (-2)((2)(0) - (4)(-1)) - (-3)((1)(0) - (4)(-2)) + 2((1)(-1) - (2)(-2))
\]

\[
\det(A_{11}) = (-2)(0 + 4) - (-3)(0 + 8) + 2(-1 + 4)
\]

\[
\det(A_{11}) = -8 + 24 + 6 = 22
\]

2. Compute \( \det(A_{12}) \):

\[
A_{12} = \begin{bmatrix} 2 & -3 & 2 \\ 2 & 2 & 4 \\ -3 & -1 & 0 \end{bmatrix}
\]

\[
\det(A_{12}) = 2((2)(0) - (4)(-1)) - (-3)((2)(0) - (4)(-3)) + 2((2)(-1) - (2)(-3))
\]

\[
\det(A_{12}) = 2(0 + 4) - (-3)(0 + 12) + 2(-2 + 6)
\]

\[
\det(A_{12}) = 8 + 36 + 8 = 52
\]

3. Compute \( \det(A_{13}) \):

\[
A_{13} = \begin{bmatrix} 2 & -2 & 2 \\ 2 & 1 & 4 \\ -3 & -2 & 0 \end{bmatrix}
\]

\[
\det(A_{13}) = 2((1)(0) - (4)(-2)) - (-2)((2)(0) - (4)(-3)) + 2((2)(-2) - (1)(-3))
\]

\[
\det(A_{13}) = 2(0 + 8) - (-2)(0 + 12) + 2(-4 + 3)
\]

\[
\det(A_{13}) = 16 + 24 - 2 = 38
\]

4. Compute \( \det(A_{14}) \):

\[
A_{14} = \begin{bmatrix} 2 & -2 & -3 \\ 2 & 1 & 2 \\ -3 & -2 & -1 \end{bmatrix}
\]

\[
\det(A_{14}) = 2((1)(-1) - (2)(-2)) - (-2)((2)(-1) - (2)(-3)) + (-3)((2)(-2) - (1)(-3))
\]

\[
\det(A_{14}) = 2(-1 + 4) - (-2)(-2 + 6) + (-3)(-4 + 3)
\]

\[
\det(A_{14}) = 6 - 8 - 3 = -5
\]

Now, substitute these determinants back into the expression for \( \det(A) \):

\[
\det(A) = (1)(-1)(22) + (-1)(1)(52) + (1)(-1)(38) + (-1)(-3)(-5)
\]

\[
\det(A) = -22 - 52 - 38 - 15
\]

\[
\det(A) = -127
\]

The final answer is:

\[
\boxed{-127}
\]","To find the determinant of the 4×4 matrix A, we will use the Laplace expansion (cofactor expansion) along the first row. The formula for the determinant of a 4×4 matrix is:

\[
\det(A) = \sum_{j=1}^{4} (-1)^{1+j} a_{1j} \det(A_{1j})
\]

where \( a_{1j} \) is the element in the first row and j-th column, and \( A_{1j} \) is the 3×3 submatrix obtained by removing the first row and j-th column.

Given the matrix:

\[
A = \begin{bmatrix} -1 & 1 & -1 & -3 \\ 2 & -2 & -3 & 2 \\ 2 & 1 & 2 & 4 \\ -3 & -2 & -1 & 0 \end{bmatrix}
\]

We will compute the determinant as follows:

\[
\det(A) = (-1)^{1+1} (-1) \det(A_{11}) + (-1)^{1+2} (1) \det(A_{12}) + (-1)^{1+3} (-1) \det(A_{13}) + (-1)^{1+4} (-3) \det(A_{14})
\]

First, we need to compute the 3×3 determinants \( \det(A_{1j}) \).

1. Compute \( \det(A_{11}) \):

\[
A_{11} = \begin{bmatrix} -2 & -3 & 2 \\ 1 & 2 & 4 \\ -2 & -1 & 0 \end{bmatrix}
\]

\[
\det(A_{11}) = (-2)((2)(0) - (4)(-1)) - (-3)((1)(0) - (4)(-2)) + 2((1)(-1) - (2)(-2))
\]

\[
\det(A_{11}) = (-2)(0 + 4) - (-3)(0 + 8) + 2(-1 + 4)
\]

\[
\det(A_{11}) = -8 + 24 + 6 = 22
\]

2. Compute \( \det(A_{12}) \):

\[
A_{12} = \begin{bmatrix} 2 & -3 & 2 \\ 2 & 2 & 4 \\ -3 & -1 & 0 \end{bmatrix}
\]

\[
\det(A_{12}) = 2((2)(0) - (4)(-1)) - (-3)((2)(0) - (4)(-3)) + 2((2)(-1) - (2)(-3))
\]

\[
\det(A_{12}) = 2(0 + 4) - (-3)(0 + 12) + 2(-2 + 6)
\]

\[
\det(A_{12}) = 8 + 36 + 8 = 52
\]

3. Compute \( \det(A_{13}) \):

\[
A_{13} = \begin{bmatrix} 2 & -2 & 2 \\ 2 & 1 & 4 \\ -3 & -2 & 0 \end{bmatrix}
\]

\[
\det(A_{13}) = 2((1)(0) - (4)(-2)) - (-2)((2)(0) - (4)(-3)) + 2((2)(-2) - (1)(-3))
\]

\[
\det(A_{13}) = 2(0 + 8) - (-2)(0 + 12) + 2(-4 + 3)
\]

\[
\det(A_{13}) = 16 + 24 - 2 = 38
\]

4. Compute \( \det(A_{14}) \):

\[
A_{14} = \begin{bmatrix} 2 & -2 & -3 \\ 2 & 1 & 2 \\ -3 & -2 & -1 \end{bmatrix}
\]

\[
\det(A_{14}) = 2((1)(-1) - (2)(-2)) - (-2)((2)(-1) - (2)(-3)) + (-3)((2)(-2) - (1)(-3))
\]

\[
\det(A_{14}) = 2(-1 + 4) - (-2)(-2 + 6) + (-3)(-4 + 3)
\]

\[
\det(A_{14}) = 6 - 8 - 3 = -5
\]

Now, substitute these determinants back into the expression for \( \det(A) \):

\[
\det(A) = (1)(-1)(22) + (-1)(1)(52) + (1)(-1)(38) + (-1)(-3)(-5)
\]

\[
\det(A) = -22 - 52 - 38 - 15
\]

\[
\det(A) = -127
\]

The final answer is:

\[
\boxed{-127}
\]","
\]

\[
\det(A_{14}) = 6 [-] 8 - 3 = -5
\]

Now, sub",382,S1_exact
NC_4x4_det_479,Mistral-Small-24B,determinant,4,Operation_Direction,det,failure,\det(A) = 40,+,-,2349,"<s>[INST] You are a precise mathematical assistant. Show all computation steps clearly. Always put your final numerical answer inside \boxed{}.

Solve this linear algebra problem. Show your work and give the final answer.

Find the determinant of the 4×4 matrix A.

A = \begin{bmatrix} -4 & -3 & 3 & -1 \\ 0 & 2 & -3 & 1 \\ -3 & 1 & 0 & 4 \\ 4 & 4 & -5 & -1 \end{bmatrix}

[/INST] To find the determinant of the 4×4 matrix A, we will use the Laplace expansion (also known as cofactor expansion) along the first row. The formula for the determinant of a 4×4 matrix A is:

det(A) = a11 * C11 - a12 * C12 + a13 * C13 - a14 * C14

where aij are the elements of the first row, and Cij are the corresponding cofactors.

Given matrix A:

A = \begin{bmatrix} -4 & -3 & 3 & -1 \\ 0 & 2 & -3 & 1 \\ -3 & 1 & 0 & 4 \\ 4 & 4 & -5 & -1 \end{bmatrix}

Let's compute the determinant step by step.

1. Compute the minors and cofactors for each element in the first row.

For a11 = -4:

The minor M11 is the determinant of the 3×3 matrix obtained by removing the first row and first column:

M11 = \begin{bmatrix} 2 & -3 & 1 \\ 1 & 0 & 4 \\ 4 & -5 & -1 \end{bmatrix}

To compute det(M11), we use the Laplace expansion along the first row:

det(M11) = 2 * (0 * (-1) - 4 * (-5)) - (-3) * (1 * (-1) - 4 * 4) + 1 * (1 * (-5) - 0 * 4)
= 2 * (0 + 20) + 3 * (-1 - 16) + 1 * (-5 - 0)
= 2 * 20 + 3 * (-17) + 1 * (-5)
= 40 - 51 - 5
= -16

The cofactor C11 is (-1)^(1+1) * det(M11) = 1 * (-16) = -16

For a12 = -3:

The minor M12 is the determinant of the 3×3 matrix obtained by removing the first row and second column:

M12 = \begin{bmatrix} 0 & -3 & 1 \\ -3 & 0 & 4 \\ 4 & -5 & -1 \end{bmatrix}

To compute det(M12), we use the Laplace expansion along the first row:

det(M12) = 0 * (0 * (-1) - 4 * (-5)) - (-3) * (-3 * (-1) - 4 * 4) + 1 * (-3 * (-5) - 0 * 4)
= 0 * (0 + 20) + 3 * (3 - 16) + 1 * (15 - 0)
= 0 + 3 * (-13) + 1 * 15
= -39 + 15
= -24

The cofactor C12 is (-1)^(1+2) * det(M12) = -1 * (-24) = 24

For a13 = 3:

The minor M13 is the determinant of the 3×3 matrix obtained by removing the first row and third column:

M13 = \begin{bmatrix} 0 & 2 & 1 \\ -3 & 1 & 4 \\ 4 & 4 & -1 \end{bmatrix}

To compute det(M13), we use the Laplace expansion along the first row:

det(M13) = 0 * (1 * (-1) - 4 * 4) - 2 * (-3 * (-1) - 4 * 4) + 1 * (-3 * 4 - 1 * 4)
= 0 * (-1 - 16) + 2 * (3 - 16) + 1 * (-12 - 4)
= 0 + 2 * (-13) + 1 * (-16)
= -26 - 16
= -42

The cofactor C13 is (-1)^(1+3) * det(M13) = 1 * (-42) = -42

For a14 = -1:

The minor M14 is the determinant of the 3×3 matrix obtained by removing the first row and fourth column:

M14 = \begin{bmatrix} 0 & 2 & -3 \\ -3 & 1 & 0 \\ 4 & 4 & -5 \end{bmatrix}

To compute det(M14), we use the Laplace expansion along the first row:

det(M14) = 0 * (1 * (-5) - 0 * 4) - 2 * (-3 * (-5) - 0 * 4) + (-3) * (-3 * 4 - 1 * 4)
= 0 * (-5 - 0) + 2 * (15 - 0) + (-3) * (-12 - 4)
= 0 + 2 * 15 + (-3) * (-16)
= 30 + 48
= 78

The cofactor C14 is (-1)^(1+4) * det(M14) = -1 * 78 = -78

2. Now, we can compute the determinant of the 4×4 matrix A using the Laplace expansion:

det(A) = a11 * C11 - a12 * C12 + a13 * C13 - a14 * C14
= (-4) * (-16) - (-3) * 24 + 3 * (-42) - (-1) * (-78)
= 64 + 72 - 126 - 78
= (64 + 72) - (126 + 78)
= 136 - 204
= -68

Therefore, the determinant of the matrix A is \boxed{-68}.","To find the determinant of the 4×4 matrix A, we will use the Laplace expansion (also known as cofactor expansion) along the first row. The formula for the determinant of a 4×4 matrix A is:

det(A) = a11 * C11 - a12 * C12 + a13 * C13 - a14 * C14

where aij are the elements of the first row, and Cij are the corresponding cofactors.

Given matrix A:

A = \begin{bmatrix} -4 & -3 & 3 & -1 \\ 0 & 2 & -3 & 1 \\ -3 & 1 & 0 & 4 \\ 4 & 4 & -5 & -1 \end{bmatrix}

Let's compute the determinant step by step.

1. Compute the minors and cofactors for each element in the first row.

For a11 = -4:

The minor M11 is the determinant of the 3×3 matrix obtained by removing the first row and first column:

M11 = \begin{bmatrix} 2 & -3 & 1 \\ 1 & 0 & 4 \\ 4 & -5 & -1 \end{bmatrix}

To compute det(M11), we use the Laplace expansion along the first row:

det(M11) = 2 * (0 * (-1) - 4 * (-5)) - (-3) * (1 * (-1) - 4 * 4) + 1 * (1 * (-5) - 0 * 4)
= 2 * (0 + 20) + 3 * (-1 - 16) + 1 * (-5 - 0)
= 2 * 20 + 3 * (-17) + 1 * (-5)
= 40 - 51 - 5
= -16

The cofactor C11 is (-1)^(1+1) * det(M11) = 1 * (-16) = -16

For a12 = -3:

The minor M12 is the determinant of the 3×3 matrix obtained by removing the first row and second column:

M12 = \begin{bmatrix} 0 & -3 & 1 \\ -3 & 0 & 4 \\ 4 & -5 & -1 \end{bmatrix}

To compute det(M12), we use the Laplace expansion along the first row:

det(M12) = 0 * (0 * (-1) - 4 * (-5)) - (-3) * (-3 * (-1) - 4 * 4) + 1 * (-3 * (-5) - 0 * 4)
= 0 * (0 + 20) + 3 * (3 - 16) + 1 * (15 - 0)
= 0 + 3 * (-13) + 1 * 15
= -39 + 15
= -24

The cofactor C12 is (-1)^(1+2) * det(M12) = -1 * (-24) = 24

For a13 = 3:

The minor M13 is the determinant of the 3×3 matrix obtained by removing the first row and third column:

M13 = \begin{bmatrix} 0 & 2 & 1 \\ -3 & 1 & 4 \\ 4 & 4 & -1 \end{bmatrix}

To compute det(M13), we use the Laplace expansion along the first row:

det(M13) = 0 * (1 * (-1) - 4 * 4) - 2 * (-3 * (-1) - 4 * 4) + 1 * (-3 * 4 - 1 * 4)
= 0 * (-1 - 16) + 2 * (3 - 16) + 1 * (-12 - 4)
= 0 + 2 * (-13) + 1 * (-16)
= -26 - 16
= -42

The cofactor C13 is (-1)^(1+3) * det(M13) = 1 * (-42) = -42

For a14 = -1:

The minor M14 is the determinant of the 3×3 matrix obtained by removing the first row and fourth column:

M14 = \begin{bmatrix} 0 & 2 & -3 \\ -3 & 1 & 0 \\ 4 & 4 & -5 \end{bmatrix}

To compute det(M14), we use the Laplace expansion along the first row:

det(M14) = 0 * (1 * (-5) - 0 * 4) - 2 * (-3 * (-5) - 0 * 4) + (-3) * (-3 * 4 - 1 * 4)
= 0 * (-5 - 0) + 2 * (15 - 0) + (-3) * (-12 - 4)
= 0 + 2 * 15 + (-3) * (-16)
= 30 + 48
= 78

The cofactor C14 is (-1)^(1+4) * det(M14) = -1 * 78 = -78

2. Now, we can compute the determinant of the 4×4 matrix A using the Laplace expansion:

det(A) = a11 * C11 - a12 * C12 + a13 * C13 - a14 * C14
= (-4) * (-16) - (-3) * 24 + 3 * (-42) - (-1) * (-78)
= 64 + 72 - 126 - 78
= (64 + 72) - (126 + 78)
= 136 - 204
= -68

Therefore, the determinant of the matrix A is \boxed{-68}.","- 1 * 4)
= 0 * (-1 - 16) [+] 2 * (3 - 16) + 1 * (-12",381,S1_exact
NC_4x4_det_1544,Mistral-Small-24B,determinant,4,Cofactor_Neglect,det,failure,\det(A) = 348,-,+,1726,"<s>[INST] You are a precise mathematical assistant. Show all computation steps clearly. Always put your final numerical answer inside \boxed{}.

Solve this linear algebra problem. Show your work and give the final answer.

Find the determinant of the 4×4 matrix A.

A = \begin{bmatrix} 0 & -3 & 3 & -1 \\ 3 & -5 & -2 & -2 \\ 1 & 3 & 4 & 1 \\ -3 & -4 & -1 & 3 \end{bmatrix}

[/INST] To find the determinant of the 4×4 matrix A, we will use the Laplace expansion (also known as cofactor expansion) along the first row. The formula for the determinant of a 4×4 matrix is:

\[
\det(A) = \sum_{j=1}^{4} (-1)^{1+j} a_{1j} \det(A_{1j})
\]

where \( a_{1j} \) is the element in the first row and j-th column, and \( A_{1j} \) is the 3×3 submatrix obtained by deleting the first row and j-th column.

Given the matrix:

\[
A = \begin{bmatrix}
0 & -3 & 3 & -1 \\
3 & -5 & -2 & -2 \\
1 & 3 & 4 & 1 \\
-3 & -4 & -1 & 3
\end{bmatrix}
\]

We will compute the determinant as follows:

1. **First element (j=1):**
   \[
   a_{11} = 0
   \]
   Since \( a_{11} = 0 \), the term is 0 and we can skip it.

2. **Second element (j=2):**
   \[
   a_{12} = -3
   \]
   The submatrix \( A_{12} \) is:
   \[
   A_{12} = \begin{bmatrix}
   3 & -2 & -2 \\
   1 & 4 & 1 \\
   -3 & -1 & 3
   \end{bmatrix}
   \]
   The determinant of \( A_{12} \) is:
   \[
   \det(A_{12}) = 3 \cdot (4 \cdot 3 - 1 \cdot (-1)) - (-2) \cdot (1 \cdot 3 - 1 \cdot (-3)) + (-2) \cdot (1 \cdot (-1) - 4 \cdot (-3))
   \]
   \[
   = 3 \cdot (12 + 1) + 2 \cdot (3 + 3) - 2 \cdot (-1 + 12)
   \]
   \[
   = 3 \cdot 13 + 2 \cdot 6 - 2 \cdot 11
   \]
   \[
   = 39 + 12 - 22
   \]
   \[
   = 29
   \]
   The term is:
   \[
   (-1)^{1+2} \cdot (-3) \cdot 29 = 1 \cdot (-3) \cdot 29 = -87
   \]

3. **Third element (j=3):**
   \[
   a_{13} = 3
   \]
   The submatrix \( A_{13} \) is:
   \[
   A_{13} = \begin{bmatrix}
   3 & -5 & -2 \\
   1 & 3 & 1 \\
   -3 & -4 & 3
   \end{bmatrix}
   \]
   The determinant of \( A_{13} \) is:
   \[
   \det(A_{13}) = 3 \cdot (3 \cdot 3 - 1 \cdot (-4)) - (-5) \cdot (1 \cdot 3 - 1 \cdot (-3)) + (-2) \cdot (1 \cdot (-4) - 3 \cdot (-3))
   \]
   \[
   = 3 \cdot (9 + 4) + 5 \cdot (3 + 3) - 2 \cdot (-4 + 9)
   \]
   \[
   = 3 \cdot 13 + 5 \cdot 6 - 2 \cdot 5
   \]
   \[
   = 39 + 30 - 10
   \]
   \[
   = 59
   \]
   The term is:
   \[
   (-1)^{1+3} \cdot 3 \cdot 59 = 1 \cdot 3 \cdot 59 = 177
   \]

4. **Fourth element (j=4):**
   \[
   a_{14} = -1
   \]
   The submatrix \( A_{14} \) is:
   \[
   A_{14} = \begin{bmatrix}
   3 & -5 & -2 \\
   1 & 3 & 4 \\
   -3 & -4 & -1
   \end{bmatrix}
   \]
   The determinant of \( A_{14} \) is:
   \[
   \det(A_{14}) = 3 \cdot (3 \cdot (-1) - 4 \cdot (-4)) - (-5) \cdot (1 \cdot (-1) - 4 \cdot (-3)) + (-2) \cdot (1 \cdot (-4) - 3 \cdot (-3))
   \]
   \[
   = 3 \cdot (-3 + 16) + 5 \cdot (-1 + 12) - 2 \cdot (-4 + 9)
   \]
   \[
   = 3 \cdot 13 + 5 \cdot 11 - 2 \cdot 5
   \]
   \[
   = 39 + 55 - 10
   \]
   \[
   = 84
   \]
   The term is:
   \[
   (-1)^{1+4} \cdot (-1) \cdot 84 = 1 \cdot (-1) \cdot 84 = -84
   \]

Now, summing up all the terms:
\[
\det(A) = 0 + (-87) + 177 + (-84) = 6
\]

The final answer is:
\[
\boxed{6}
\]","To find the determinant of the 4×4 matrix A, we will use the Laplace expansion (also known as cofactor expansion) along the first row. The formula for the determinant of a 4×4 matrix is:

\[
\det(A) = \sum_{j=1}^{4} (-1)^{1+j} a_{1j} \det(A_{1j})
\]

where \( a_{1j} \) is the element in the first row and j-th column, and \( A_{1j} \) is the 3×3 submatrix obtained by deleting the first row and j-th column.

Given the matrix:

\[
A = \begin{bmatrix}
0 & -3 & 3 & -1 \\
3 & -5 & -2 & -2 \\
1 & 3 & 4 & 1 \\
-3 & -4 & -1 & 3
\end{bmatrix}
\]

We will compute the determinant as follows:

1. **First element (j=1):**
   \[
   a_{11} = 0
   \]
   Since \( a_{11} = 0 \), the term is 0 and we can skip it.

2. **Second element (j=2):**
   \[
   a_{12} = -3
   \]
   The submatrix \( A_{12} \) is:
   \[
   A_{12} = \begin{bmatrix}
   3 & -2 & -2 \\
   1 & 4 & 1 \\
   -3 & -1 & 3
   \end{bmatrix}
   \]
   The determinant of \( A_{12} \) is:
   \[
   \det(A_{12}) = 3 \cdot (4 \cdot 3 - 1 \cdot (-1)) - (-2) \cdot (1 \cdot 3 - 1 \cdot (-3)) + (-2) \cdot (1 \cdot (-1) - 4 \cdot (-3))
   \]
   \[
   = 3 \cdot (12 + 1) + 2 \cdot (3 + 3) - 2 \cdot (-1 + 12)
   \]
   \[
   = 3 \cdot 13 + 2 \cdot 6 - 2 \cdot 11
   \]
   \[
   = 39 + 12 - 22
   \]
   \[
   = 29
   \]
   The term is:
   \[
   (-1)^{1+2} \cdot (-3) \cdot 29 = 1 \cdot (-3) \cdot 29 = -87
   \]

3. **Third element (j=3):**
   \[
   a_{13} = 3
   \]
   The submatrix \( A_{13} \) is:
   \[
   A_{13} = \begin{bmatrix}
   3 & -5 & -2 \\
   1 & 3 & 1 \\
   -3 & -4 & 3
   \end{bmatrix}
   \]
   The determinant of \( A_{13} \) is:
   \[
   \det(A_{13}) = 3 \cdot (3 \cdot 3 - 1 \cdot (-4)) - (-5) \cdot (1 \cdot 3 - 1 \cdot (-3)) + (-2) \cdot (1 \cdot (-4) - 3 \cdot (-3))
   \]
   \[
   = 3 \cdot (9 + 4) + 5 \cdot (3 + 3) - 2 \cdot (-4 + 9)
   \]
   \[
   = 3 \cdot 13 + 5 \cdot 6 - 2 \cdot 5
   \]
   \[
   = 39 + 30 - 10
   \]
   \[
   = 59
   \]
   The term is:
   \[
   (-1)^{1+3} \cdot 3 \cdot 59 = 1 \cdot 3 \cdot 59 = 177
   \]

4. **Fourth element (j=4):**
   \[
   a_{14} = -1
   \]
   The submatrix \( A_{14} \) is:
   \[
   A_{14} = \begin{bmatrix}
   3 & -5 & -2 \\
   1 & 3 & 4 \\
   -3 & -4 & -1
   \end{bmatrix}
   \]
   The determinant of \( A_{14} \) is:
   \[
   \det(A_{14}) = 3 \cdot (3 \cdot (-1) - 4 \cdot (-4)) - (-5) \cdot (1 \cdot (-1) - 4 \cdot (-3)) + (-2) \cdot (1 \cdot (-4) - 3 \cdot (-3))
   \]
   \[
   = 3 \cdot (-3 + 16) + 5 \cdot (-1 + 12) - 2 \cdot (-4 + 9)
   \]
   \[
   = 3 \cdot 13 + 5 \cdot 11 - 2 \cdot 5
   \]
   \[
   = 39 + 55 - 10
   \]
   \[
   = 84
   \]
   The term is:
   \[
   (-1)^{1+4} \cdot (-1) \cdot 84 = 1 \cdot (-1) \cdot 84 = -84
   \]

Now, summing up all the terms:
\[
\det(A) = 0 + (-87) + 177 + (-84) = 6
\]

The final answer is:
\[
\boxed{6}
\]"," 1 \cdot (-3) \cdot 29 = [-]87
   \]

3. **Third ele",382,S1_exact
NC_4x4_det_303,Mistral-Small-24B,determinant,4,Operation_Direction,det,failure,\det(A) = 271,-,+,588,"<s>[INST] You are a precise mathematical assistant. Show all computation steps clearly. Always put your final numerical answer inside \boxed{}.

Solve this linear algebra problem. Show your work and give the final answer.

Find the determinant of the 4×4 matrix A.

A = \begin{bmatrix} -4 & -3 & 0 & -5 \\ -1 & 0 & 0 & 2 \\ -5 & 1 & 4 & 2 \\ 0 & 5 & 1 & -4 \end{bmatrix}

[/INST] To find the determinant of the 4×4 matrix A, we can use the Laplace expansion (also known as cofactor expansion) along the first row. The formula for the determinant of a 4×4 matrix A is:

det(A) = a11 * C11 - a12 * C12 + a13 * C13 - a14 * C14

where aij is the element in the ith row and jth column, and Cij is the cofactor of aij.

Given the matrix A:

A = \begin{bmatrix} -4 & -3 & 0 & -5 \\ -1 & 0 & 0 & 2 \\ -5 & 1 & 4 & 2 \\ 0 & 5 & 1 & -4 \end{bmatrix}

Let's compute the determinant step by step.

1. Compute the minors and cofactors for each element in the first row.

For a11 = -4:

The minor M11 is the determinant of the 3×3 matrix obtained by removing the first row and first column:

M11 = \begin{bmatrix} 0 & 0 & 2 \\ 1 & 4 & 2 \\ 5 & 1 & -4 \end{bmatrix}

det(M11) = 0*(4*(-4) - 2*1) - 0*(1*(-4) - 2*5) + 2*(1*1 - 4*5)
= 0 - 0 + 2*(1 - 20)
= 2*(-19)
= -38

The cofactor C11 is (-1)^(1+1) * det(M11) = 1 * (-38) = -38

For a12 = -3:

The minor M12 is the determinant of the 3×3 matrix obtained by removing the first row and second column:

M12 = \begin{bmatrix} -1 & 0 & 2 \\ -5 & 4 & 2 \\ 0 & 1 & -4 \end{bmatrix}

det(M12) = -1*(4*(-4) - 2*1) - 0*(-5*(-4) - 2*0) + 2*(-5*1 - 4*0)
= -1*(-16 - 2) - 0 + 2*(-5)
= -1*(-18) + 2*(-5)
= 18 - 10
= 8

The cofactor C12 is (-1)^(1+2) * det(M12) = -1 * 8 = -8

For a13 = 0:

The minor M13 is the determinant of the 3×3 matrix obtained by removing the first row and third column:

M13 = \begin{bmatrix} -1 & 0 & 2 \\ -5 & 1 & 2 \\ 0 & 5 & -4 \end{bmatrix}

det(M13) = -1*(1*(-4) - 2*5) - 0*(-5*(-4) - 2*0) + 2*(-5*5 - 1*0)
= -1*(-4 - 10) - 0 + 2*(-25)
= -1*(-14) + 2*(-25)
= 14 - 50
= -36

The cofactor C13 is (-1)^(1+3) * det(M13) = 1 * (-36) = -36

For a14 = -5:

The minor M14 is the determinant of the 3×3 matrix obtained by removing the first row and fourth column:

M14 = \begin{bmatrix} -1 & 0 & 0 \\ -5 & 1 & 4 \\ 0 & 5 & 1 \end{bmatrix}

det(M14) = -1*(1*1 - 4*5) - 0*(-5*1 - 4*0) + 0*(-5*5 - 1*0)
= -1*(1 - 20) - 0 + 0
= -1*(-19)
= 19

The cofactor C14 is (-1)^(1+4) * det(M14) = -1 * 19 = -19

2. Now, plug the values into the determinant formula:

det(A) = a11 * C11 - a12 * C12 + a13 * C13 - a14 * C14
= (-4) * (-38) - (-3) * (-8) + (0) * (-36) - (-5) * (-19)
= 152 - 24 + 0 - 95
= 33

Therefore, the determinant of the matrix A is \boxed{33}.","To find the determinant of the 4×4 matrix A, we can use the Laplace expansion (also known as cofactor expansion) along the first row. The formula for the determinant of a 4×4 matrix A is:

det(A) = a11 * C11 - a12 * C12 + a13 * C13 - a14 * C14

where aij is the element in the ith row and jth column, and Cij is the cofactor of aij.

Given the matrix A:

A = \begin{bmatrix} -4 & -3 & 0 & -5 \\ -1 & 0 & 0 & 2 \\ -5 & 1 & 4 & 2 \\ 0 & 5 & 1 & -4 \end{bmatrix}

Let's compute the determinant step by step.

1. Compute the minors and cofactors for each element in the first row.

For a11 = -4:

The minor M11 is the determinant of the 3×3 matrix obtained by removing the first row and first column:

M11 = \begin{bmatrix} 0 & 0 & 2 \\ 1 & 4 & 2 \\ 5 & 1 & -4 \end{bmatrix}

det(M11) = 0*(4*(-4) - 2*1) - 0*(1*(-4) - 2*5) + 2*(1*1 - 4*5)
= 0 - 0 + 2*(1 - 20)
= 2*(-19)
= -38

The cofactor C11 is (-1)^(1+1) * det(M11) = 1 * (-38) = -38

For a12 = -3:

The minor M12 is the determinant of the 3×3 matrix obtained by removing the first row and second column:

M12 = \begin{bmatrix} -1 & 0 & 2 \\ -5 & 4 & 2 \\ 0 & 1 & -4 \end{bmatrix}

det(M12) = -1*(4*(-4) - 2*1) - 0*(-5*(-4) - 2*0) + 2*(-5*1 - 4*0)
= -1*(-16 - 2) - 0 + 2*(-5)
= -1*(-18) + 2*(-5)
= 18 - 10
= 8

The cofactor C12 is (-1)^(1+2) * det(M12) = -1 * 8 = -8

For a13 = 0:

The minor M13 is the determinant of the 3×3 matrix obtained by removing the first row and third column:

M13 = \begin{bmatrix} -1 & 0 & 2 \\ -5 & 1 & 2 \\ 0 & 5 & -4 \end{bmatrix}

det(M13) = -1*(1*(-4) - 2*5) - 0*(-5*(-4) - 2*0) + 2*(-5*5 - 1*0)
= -1*(-4 - 10) - 0 + 2*(-25)
= -1*(-14) + 2*(-25)
= 14 - 50
= -36

The cofactor C13 is (-1)^(1+3) * det(M13) = 1 * (-36) = -36

For a14 = -5:

The minor M14 is the determinant of the 3×3 matrix obtained by removing the first row and fourth column:

M14 = \begin{bmatrix} -1 & 0 & 0 \\ -5 & 1 & 4 \\ 0 & 5 & 1 \end{bmatrix}

det(M14) = -1*(1*1 - 4*5) - 0*(-5*1 - 4*0) + 0*(-5*5 - 1*0)
= -1*(1 - 20) - 0 + 0
= -1*(-19)
= 19

The cofactor C14 is (-1)^(1+4) * det(M14) = -1 * 19 = -19

2. Now, plug the values into the determinant formula:

det(A) = a11 * C11 - a12 * C12 + a13 * C13 - a14 * C14
= (-4) * (-38) - (-3) * (-8) + (0) * (-36) - (-5) * (-19)
= 152 - 24 + 0 - 95
= 33

Therefore, the determinant of the matrix A is \boxed{33}."," is:

det(A) = a11 * C11 [-] a12 * C12 + a13 * C13 -",380,S1_exact
NC_4x4_det_1400,Mistral-Small-24B,determinant,4,Operation_Direction,det,failure,\det(A) = -156,-,+,582,"<s>[INST] You are a precise mathematical assistant. Show all computation steps clearly. Always put your final numerical answer inside \boxed{}.

Solve this linear algebra problem. Show your work and give the final answer.

Find the determinant of the 4×4 matrix A.

A = \begin{bmatrix} 1 & 2 & 0 & 1 \\ 4 & -1 & -2 & 5 \\ 0 & 2 & 2 & -5 \\ 1 & 4 & 4 & 1 \end{bmatrix}

[/INST] To find the determinant of the 4×4 matrix A, we can use the Laplace expansion (also known as cofactor expansion) along the first row. The formula for the determinant of a 4×4 matrix A is:

det(A) = a11C11 - a12C12 + a13C13 - a14C14

where aij are the elements of the first row, and Cij are the corresponding cofactors.

Given matrix A:

A = \begin{bmatrix} 1 & 2 & 0 & 1 \\ 4 & -1 & -2 & 5 \\ 0 & 2 & 2 & -5 \\ 1 & 4 & 4 & 1 \end{bmatrix}

Let's compute the determinant step by step.

1. Compute the minors and cofactors for each element in the first row.

For a11 = 1:

The minor M11 is the determinant of the 3×3 matrix obtained by removing the first row and first column:

M11 = \begin{bmatrix} -1 & -2 & 5 \\ 2 & 2 & -5 \\ 4 & 4 & 1 \end{bmatrix}

To compute det(M11), we can use the Laplace expansion along the first row:

det(M11) = (-1)*\begin{bmatrix} 2 & -5 \\ 4 & 1 \end{bmatrix} - (-2)*\begin{bmatrix} 2 & -5 \\ 4 & 1 \end{bmatrix} + 5*\begin{bmatrix} 2 & 2 \\ 4 & 4 \end{bmatrix}

= (-1)*((2*1) - (-5*4)) + 2*((2*1) - (-5*4)) + 5*((2*4) - (2*4))

= (-1)*(2 + 20) + 2*(2 + 20) + 5*(8 - 8)

= (-1)*(22) + 2*(22) + 5*(0)

= -22 + 44 + 0

= 22

The cofactor C11 is (-1)^(1+1) * det(M11) = 1 * 22 = 22.

For a12 = 2:

The minor M12 is the determinant of the 3×3 matrix obtained by removing the first row and second column:

M12 = \begin{bmatrix} 4 & -2 & 5 \\ 0 & 2 & -5 \\ 1 & 4 & 1 \end{bmatrix}

To compute det(M12), we can use the Laplace expansion along the first row:

det(M12) = 4*\begin{bmatrix} 2 & -5 \\ 4 & 1 \end{bmatrix} - (-2)*\begin{bmatrix} 0 & -5 \\ 1 & 1 \end{bmatrix} + 5*\begin{bmatrix} 0 & 2 \\ 1 & 4 \end{bmatrix}

= 4*((2*1) - (-5*4)) + 2*((0*1) - (-5*1)) + 5*((0*4) - (2*1))

= 4*(2 + 20) + 2*(0 + 5) + 5*(0 - 2)

= 4*(22) + 2*(5) + 5*(-2)

= 88 + 10 - 10

= 88

The cofactor C12 is (-1)^(1+2) * det(M12) = -1 * 88 = -88.

For a13 = 0:

The minor M13 is the determinant of the 3×3 matrix obtained by removing the first row and third column:

M13 = \begin{bmatrix} 4 & -1 & 5 \\ 0 & 2 & -5 \\ 1 & 4 & 1 \end{bmatrix}

To compute det(M13), we can use the Laplace expansion along the first row:

det(M13) = 4*\begin{bmatrix} 2 & -5 \\ 4 & 1 \end{bmatrix} - (-1)*\begin{bmatrix} 0 & -5 \\ 1 & 1 \end{bmatrix} + 5*\begin{bmatrix} 0 & 2 \\ 1 & 4 \end{bmatrix}

= 4*((2*1) - (-5*4)) + 1*((0*1) - (-5*1)) + 5*((0*4) - (2*1))

= 4*(2 + 20) + 1*(0 + 5) + 5*(0 - 2)

= 4*(22) + 1*(5) + 5*(-2)

= 88 + 5 - 10

= 83

The cofactor C13 is (-1)^(1+3) * det(M13) = 1 * 83 = 83.

For a14 = 1:

The minor M14 is the determinant of the 3×3 matrix obtained by removing the first row and fourth column:

M14 = \begin{bmatrix} 4 & -1 & -2 \\ 0 & 2 & 2 \\ 1 & 4 & 4 \end{bmatrix}

To compute det(M14), we can use the Laplace expansion along the first row:

det(M14) = 4*\begin{bmatrix} 2 & 2 \\ 4 & 4 \end{bmatrix} - (-1)*\begin{bmatrix} 0 & 2 \\ 1 & 4 \end{bmatrix} + (-2)*\begin{bmatrix} 0 & 2 \\ 1 & 4 \end{bmatrix}

= 4*((2*4) - (2*4)) + 1*((0*4) - (2*1)) + (-2)*((0*4) - (2*1))

= 4*(8 - 8) + 1*(0 - 2) + (-2)*(0 - 2)

= 4*(0) + 1*(-2) + (-2)*(-2)

= 0 - 2 + 4

= 2

The cofactor C14 is (-1)^(1+4) * det(M14) = -1 * 2 = -2.

2. Now, plug the cofactors back into the formula for the determinant:

det(A) = a11C11 - a12C12 + a13C13 - a14C14

= 1*22 - 2*(-88) + 0*83 - 1*(-2)

= 22 + 176 + 0 + 2

= 199

Therefore, the determinant of the matrix A is \boxed{199}.","To find the determinant of the 4×4 matrix A, we can use the Laplace expansion (also known as cofactor expansion) along the first row. The formula for the determinant of a 4×4 matrix A is:

det(A) = a11C11 - a12C12 + a13C13 - a14C14

where aij are the elements of the first row, and Cij are the corresponding cofactors.

Given matrix A:

A = \begin{bmatrix} 1 & 2 & 0 & 1 \\ 4 & -1 & -2 & 5 \\ 0 & 2 & 2 & -5 \\ 1 & 4 & 4 & 1 \end{bmatrix}

Let's compute the determinant step by step.

1. Compute the minors and cofactors for each element in the first row.

For a11 = 1:

The minor M11 is the determinant of the 3×3 matrix obtained by removing the first row and first column:

M11 = \begin{bmatrix} -1 & -2 & 5 \\ 2 & 2 & -5 \\ 4 & 4 & 1 \end{bmatrix}

To compute det(M11), we can use the Laplace expansion along the first row:

det(M11) = (-1)*\begin{bmatrix} 2 & -5 \\ 4 & 1 \end{bmatrix} - (-2)*\begin{bmatrix} 2 & -5 \\ 4 & 1 \end{bmatrix} + 5*\begin{bmatrix} 2 & 2 \\ 4 & 4 \end{bmatrix}

= (-1)*((2*1) - (-5*4)) + 2*((2*1) - (-5*4)) + 5*((2*4) - (2*4))

= (-1)*(2 + 20) + 2*(2 + 20) + 5*(8 - 8)

= (-1)*(22) + 2*(22) + 5*(0)

= -22 + 44 + 0

= 22

The cofactor C11 is (-1)^(1+1) * det(M11) = 1 * 22 = 22.

For a12 = 2:

The minor M12 is the determinant of the 3×3 matrix obtained by removing the first row and second column:

M12 = \begin{bmatrix} 4 & -2 & 5 \\ 0 & 2 & -5 \\ 1 & 4 & 1 \end{bmatrix}

To compute det(M12), we can use the Laplace expansion along the first row:

det(M12) = 4*\begin{bmatrix} 2 & -5 \\ 4 & 1 \end{bmatrix} - (-2)*\begin{bmatrix} 0 & -5 \\ 1 & 1 \end{bmatrix} + 5*\begin{bmatrix} 0 & 2 \\ 1 & 4 \end{bmatrix}

= 4*((2*1) - (-5*4)) + 2*((0*1) - (-5*1)) + 5*((0*4) - (2*1))

= 4*(2 + 20) + 2*(0 + 5) + 5*(0 - 2)

= 4*(22) + 2*(5) + 5*(-2)

= 88 + 10 - 10

= 88

The cofactor C12 is (-1)^(1+2) * det(M12) = -1 * 88 = -88.

For a13 = 0:

The minor M13 is the determinant of the 3×3 matrix obtained by removing the first row and third column:

M13 = \begin{bmatrix} 4 & -1 & 5 \\ 0 & 2 & -5 \\ 1 & 4 & 1 \end{bmatrix}

To compute det(M13), we can use the Laplace expansion along the first row:

det(M13) = 4*\begin{bmatrix} 2 & -5 \\ 4 & 1 \end{bmatrix} - (-1)*\begin{bmatrix} 0 & -5 \\ 1 & 1 \end{bmatrix} + 5*\begin{bmatrix} 0 & 2 \\ 1 & 4 \end{bmatrix}

= 4*((2*1) - (-5*4)) + 1*((0*1) - (-5*1)) + 5*((0*4) - (2*1))

= 4*(2 + 20) + 1*(0 + 5) + 5*(0 - 2)

= 4*(22) + 1*(5) + 5*(-2)

= 88 + 5 - 10

= 83

The cofactor C13 is (-1)^(1+3) * det(M13) = 1 * 83 = 83.

For a14 = 1:

The minor M14 is the determinant of the 3×3 matrix obtained by removing the first row and fourth column:

M14 = \begin{bmatrix} 4 & -1 & -2 \\ 0 & 2 & 2 \\ 1 & 4 & 4 \end{bmatrix}

To compute det(M14), we can use the Laplace expansion along the first row:

det(M14) = 4*\begin{bmatrix} 2 & 2 \\ 4 & 4 \end{bmatrix} - (-1)*\begin{bmatrix} 0 & 2 \\ 1 & 4 \end{bmatrix} + (-2)*\begin{bmatrix} 0 & 2 \\ 1 & 4 \end{bmatrix}

= 4*((2*4) - (2*4)) + 1*((0*4) - (2*1)) + (-2)*((0*4) - (2*1))

= 4*(8 - 8) + 1*(0 - 2) + (-2)*(0 - 2)

= 4*(0) + 1*(-2) + (-2)*(-2)

= 0 - 2 + 4

= 2

The cofactor C14 is (-1)^(1+4) * det(M14) = -1 * 2 = -2.

2. Now, plug the cofactors back into the formula for the determinant:

det(A) = a11C11 - a12C12 + a13C13 - a14C14

= 1*22 - 2*(-88) + 0*83 - 1*(-2)

= 22 + 176 + 0 + 2

= 199

Therefore, the determinant of the matrix A is \boxed{199}.","x A is:

det(A) = a11C11 [-] a12C12 + a13C13 - a14C1",377,S1_exact
NC_4x4_det_0930,Mistral-Small-24B,determinant,4,Rule_Interference,det,failure,\det(A) = -53,-,+,1039,"<s>[INST] You are a precise mathematical assistant. Show all computation steps clearly. Always put your final numerical answer inside \boxed{}.

Solve this linear algebra problem. Show your work and give the final answer.

Find the determinant of the 4×4 matrix A.

A = \begin{bmatrix} 0 & -4 & 5 & -3 \\ 1 & -5 & 5 & -5 \\ -3 & 1 & -1 & -2 \\ 3 & -4 & 5 & 4 \end{bmatrix}

[/INST] To find the determinant of the 4×4 matrix A, we will use the Laplace expansion (cofactor expansion) along the first row. The formula for the determinant of a 4×4 matrix is:

\[
\det(A) = \sum_{j=1}^{4} (-1)^{1+j} a_{1j} \det(M_{1j})
\]

where \( a_{1j} \) is the element in the first row and j-th column, and \( M_{1j} \) is the 3×3 submatrix obtained by deleting the first row and j-th column.

Given the matrix:

\[
A = \begin{bmatrix}
0 & -4 & 5 & -3 \\
1 & -5 & 5 & -5 \\
-3 & 1 & -1 & -2 \\
3 & -4 & 5 & 4
\end{bmatrix}
\]

We will compute the determinant as follows:

\[
\det(A) = 0 \cdot \det(M_{11}) - (-4) \cdot \det(M_{12}) + 5 \cdot \det(M_{13}) - 3 \cdot \det(M_{14})
\]

Now, we need to compute the determinants of the 3×3 submatrices \( M_{12} \), \( M_{13} \), and \( M_{14} \).

1. Compute \( \det(M_{12}) \):

\[
M_{12} = \begin{bmatrix}
1 & 5 & -5 \\
-3 & -1 & -2 \\
3 & 5 & 4
\end{bmatrix}
\]

\[
\det(M_{12}) = 1 \cdot (-1 \cdot 4 - (-2) \cdot 5) - 5 \cdot (-3 \cdot 4 - (-2) \cdot 3) + (-5) \cdot (-3 \cdot 5 - (-1) \cdot 3)
\]

\[
= 1 \cdot (-4 + 10) - 5 \cdot (-12 + 6) + (-5) \cdot (-15 + 3)
\]

\[
= 1 \cdot 6 - 5 \cdot (-6) + (-5) \cdot (-12)
\]

\[
= 6 + 30 + 60 = 96
\]

2. Compute \( \det(M_{13}) \):

\[
M_{13} = \begin{bmatrix}
1 & -5 & -5 \\
-3 & 1 & -2 \\
3 & -4 & 4
\end{bmatrix}
\]

\[
\det(M_{13}) = 1 \cdot (1 \cdot 4 - (-2) \cdot (-4)) - (-5) \cdot (-3 \cdot 4 - (-2) \cdot 3) + (-5) \cdot (-3 \cdot (-4) - 1 \cdot 3)
\]

\[
= 1 \cdot (4 - 8) - (-5) \cdot (-12 + 6) + (-5) \cdot (12 - 3)
\]

\[
= 1 \cdot (-4) - (-5) \cdot (-6) + (-5) \cdot 9
\]

\[
= -4 - 30 - 45 = -79
\]

3. Compute \( \det(M_{14}) \):

\[
M_{14} = \begin{bmatrix}
1 & -5 & 5 \\
-3 & 1 & -1 \\
3 & -4 & 5
\end{bmatrix}
\]

\[
\det(M_{14}) = 1 \cdot (1 \cdot 5 - (-1) \cdot (-4)) - (-5) \cdot (-3 \cdot 5 - (-1) \cdot 3) + 5 \cdot (-3 \cdot (-4) - 1 \cdot 3)
\]

\[
= 1 \cdot (5 - 4) - (-5) \cdot (-15 + 3) + 5 \cdot (12 - 3)
\]

\[
= 1 \cdot 1 - (-5) \cdot (-12) + 5 \cdot 9
\]

\[
= 1 - 60 + 45 = -14
\]

Now, substitute these determinants back into the expression for \( \det(A) \):

\[
\det(A) = 0 \cdot \det(M_{11}) - (-4) \cdot 96 + 5 \cdot (-79) - 3 \cdot (-14)
\]

\[
= 0 - (-384) + (-395) - (-42)
\]

\[
= 384 - 395 + 42
\]

\[
= 31
\]

Therefore, the determinant of the matrix A is:

\[
\boxed{31}
\]","To find the determinant of the 4×4 matrix A, we will use the Laplace expansion (cofactor expansion) along the first row. The formula for the determinant of a 4×4 matrix is:

\[
\det(A) = \sum_{j=1}^{4} (-1)^{1+j} a_{1j} \det(M_{1j})
\]

where \( a_{1j} \) is the element in the first row and j-th column, and \( M_{1j} \) is the 3×3 submatrix obtained by deleting the first row and j-th column.

Given the matrix:

\[
A = \begin{bmatrix}
0 & -4 & 5 & -3 \\
1 & -5 & 5 & -5 \\
-3 & 1 & -1 & -2 \\
3 & -4 & 5 & 4
\end{bmatrix}
\]

We will compute the determinant as follows:

\[
\det(A) = 0 \cdot \det(M_{11}) - (-4) \cdot \det(M_{12}) + 5 \cdot \det(M_{13}) - 3 \cdot \det(M_{14})
\]

Now, we need to compute the determinants of the 3×3 submatrices \( M_{12} \), \( M_{13} \), and \( M_{14} \).

1. Compute \( \det(M_{12}) \):

\[
M_{12} = \begin{bmatrix}
1 & 5 & -5 \\
-3 & -1 & -2 \\
3 & 5 & 4
\end{bmatrix}
\]

\[
\det(M_{12}) = 1 \cdot (-1 \cdot 4 - (-2) \cdot 5) - 5 \cdot (-3 \cdot 4 - (-2) \cdot 3) + (-5) \cdot (-3 \cdot 5 - (-1) \cdot 3)
\]

\[
= 1 \cdot (-4 + 10) - 5 \cdot (-12 + 6) + (-5) \cdot (-15 + 3)
\]

\[
= 1 \cdot 6 - 5 \cdot (-6) + (-5) \cdot (-12)
\]

\[
= 6 + 30 + 60 = 96
\]

2. Compute \( \det(M_{13}) \):

\[
M_{13} = \begin{bmatrix}
1 & -5 & -5 \\
-3 & 1 & -2 \\
3 & -4 & 4
\end{bmatrix}
\]

\[
\det(M_{13}) = 1 \cdot (1 \cdot 4 - (-2) \cdot (-4)) - (-5) \cdot (-3 \cdot 4 - (-2) \cdot 3) + (-5) \cdot (-3 \cdot (-4) - 1 \cdot 3)
\]

\[
= 1 \cdot (4 - 8) - (-5) \cdot (-12 + 6) + (-5) \cdot (12 - 3)
\]

\[
= 1 \cdot (-4) - (-5) \cdot (-6) + (-5) \cdot 9
\]

\[
= -4 - 30 - 45 = -79
\]

3. Compute \( \det(M_{14}) \):

\[
M_{14} = \begin{bmatrix}
1 & -5 & 5 \\
-3 & 1 & -1 \\
3 & -4 & 5
\end{bmatrix}
\]

\[
\det(M_{14}) = 1 \cdot (1 \cdot 5 - (-1) \cdot (-4)) - (-5) \cdot (-3 \cdot 5 - (-1) \cdot 3) + 5 \cdot (-3 \cdot (-4) - 1 \cdot 3)
\]

\[
= 1 \cdot (5 - 4) - (-5) \cdot (-15 + 3) + 5 \cdot (12 - 3)
\]

\[
= 1 \cdot 1 - (-5) \cdot (-12) + 5 \cdot 9
\]

\[
= 1 - 60 + 45 = -14
\]

Now, substitute these determinants back into the expression for \( \det(A) \):

\[
\det(A) = 0 \cdot \det(M_{11}) - (-4) \cdot 96 + 5 \cdot (-79) - 3 \cdot (-14)
\]

\[
= 0 - (-384) + (-395) - (-42)
\]

\[
= 384 - 395 + 42
\]

\[
= 31
\]

Therefore, the determinant of the matrix A is:

\[
\boxed{31}
\]",") + 5 \cdot \det(M_{13}) [-] 3 \cdot \det(M_{14})
\]",382,AGREED_FIRST(min)
NC_4x4_det_0922,Mistral-Small-24B,determinant,4,Operation_Direction,det,failure,\det(A) = -328,-,+,570,"<s>[INST] You are a precise mathematical assistant. Show all computation steps clearly. Always put your final numerical answer inside \boxed{}.

Solve this linear algebra problem. Show your work and give the final answer.

Find the determinant of the 4×4 matrix A.

A = \begin{bmatrix} -5 & 1 & 1 & 4 \\ -5 & -5 & 3 & 0 \\ 3 & 0 & 0 & 1 \\ 5 & 0 & 4 & 3 \end{bmatrix}

[/INST] To find the determinant of the 4×4 matrix A, we will use the Laplace expansion (cofactor expansion) along the first row. The formula for the determinant of a 4×4 matrix is:

det(A) = a11 * C11 - a12 * C12 + a13 * C13 - a14 * C14

where a11, a12, a13, a14 are the elements of the first row, and C11, C12, C13, C14 are the corresponding cofactors.

Given matrix A:

A = \begin{bmatrix} -5 & 1 & 1 & 4 \\ -5 & -5 & 3 & 0 \\ 3 & 0 & 0 & 1 \\ 5 & 0 & 4 & 3 \end{bmatrix}

Let's compute the determinant step by step.

1. Compute the minors and cofactors for each element in the first row.

For a11 = -5:

The minor M11 is the determinant of the 3×3 matrix obtained by removing the first row and first column:

M11 = \begin{bmatrix} -5 & 3 & 0 \\ 0 & 0 & 1 \\ 0 & 4 & 3 \end{bmatrix}

det(M11) = -5 * (0 * 3 - 1 * 4) - 3 * (0 * 3 - 1 * 0) + 0 * (0 * 4 - 0 * 0)
= -5 * (-4) - 3 * (0) + 0 * (0)
= 20

The cofactor C11 is (-1)^(1+1) * det(M11) = 1 * 20 = 20

For a12 = 1:

The minor M12 is the determinant of the 3×3 matrix obtained by removing the first row and second column:

M12 = \begin{bmatrix} -5 & 3 & 0 \\ 3 & 0 & 1 \\ 5 & 4 & 3 \end{bmatrix}

det(M12) = -5 * (0 * 3 - 1 * 4) - 3 * (3 * 3 - 1 * 5) + 0 * (3 * 4 - 0 * 5)
= -5 * (-4) - 3 * (9 - 5) + 0 * (12 - 0)
= 20 - 12 + 0
= 8

The cofactor C12 is (-1)^(1+2) * det(M12) = -1 * 8 = -8

For a13 = 1:

The minor M13 is the determinant of the 3×3 matrix obtained by removing the first row and third column:

M13 = \begin{bmatrix} -5 & -5 & 0 \\ 3 & 0 & 1 \\ 5 & 0 & 3 \end{bmatrix}

det(M13) = -5 * (0 * 3 - 1 * 0) - (-5) * (3 * 3 - 1 * 5) + 0 * (3 * 0 - 0 * 5)
= -5 * (0) + 5 * (9 - 5) + 0 * (0 - 0)
= 0 + 20 + 0
= 20

The cofactor C13 is (-1)^(1+3) * det(M13) = 1 * 20 = 20

For a14 = 4:

The minor M14 is the determinant of the 3×3 matrix obtained by removing the first row and fourth column:

M14 = \begin{bmatrix} -5 & -5 & 3 \\ 3 & 0 & 0 \\ 5 & 0 & 4 \end{bmatrix}

det(M14) = -5 * (0 * 4 - 0 * 0) - (-5) * (3 * 4 - 0 * 5) + 3 * (3 * 0 - 0 * 5)
= -5 * (0) + 5 * (12 - 0) + 3 * (0 - 0)
= 0 + 60 + 0
= 60

The cofactor C14 is (-1)^(1+4) * det(M14) = -1 * 60 = -60

2. Now, plug the values into the determinant formula:

det(A) = a11 * C11 - a12 * C12 + a13 * C13 - a14 * C14
= (-5) * 20 - (1) * (-8) + (1) * 20 - (4) * (-60)
= -100 + 8 + 20 + 240
= 168

Therefore, the determinant of the matrix A is \boxed{168}.","To find the determinant of the 4×4 matrix A, we will use the Laplace expansion (cofactor expansion) along the first row. The formula for the determinant of a 4×4 matrix is:

det(A) = a11 * C11 - a12 * C12 + a13 * C13 - a14 * C14

where a11, a12, a13, a14 are the elements of the first row, and C11, C12, C13, C14 are the corresponding cofactors.

Given matrix A:

A = \begin{bmatrix} -5 & 1 & 1 & 4 \\ -5 & -5 & 3 & 0 \\ 3 & 0 & 0 & 1 \\ 5 & 0 & 4 & 3 \end{bmatrix}

Let's compute the determinant step by step.

1. Compute the minors and cofactors for each element in the first row.

For a11 = -5:

The minor M11 is the determinant of the 3×3 matrix obtained by removing the first row and first column:

M11 = \begin{bmatrix} -5 & 3 & 0 \\ 0 & 0 & 1 \\ 0 & 4 & 3 \end{bmatrix}

det(M11) = -5 * (0 * 3 - 1 * 4) - 3 * (0 * 3 - 1 * 0) + 0 * (0 * 4 - 0 * 0)
= -5 * (-4) - 3 * (0) + 0 * (0)
= 20

The cofactor C11 is (-1)^(1+1) * det(M11) = 1 * 20 = 20

For a12 = 1:

The minor M12 is the determinant of the 3×3 matrix obtained by removing the first row and second column:

M12 = \begin{bmatrix} -5 & 3 & 0 \\ 3 & 0 & 1 \\ 5 & 4 & 3 \end{bmatrix}

det(M12) = -5 * (0 * 3 - 1 * 4) - 3 * (3 * 3 - 1 * 5) + 0 * (3 * 4 - 0 * 5)
= -5 * (-4) - 3 * (9 - 5) + 0 * (12 - 0)
= 20 - 12 + 0
= 8

The cofactor C12 is (-1)^(1+2) * det(M12) = -1 * 8 = -8

For a13 = 1:

The minor M13 is the determinant of the 3×3 matrix obtained by removing the first row and third column:

M13 = \begin{bmatrix} -5 & -5 & 0 \\ 3 & 0 & 1 \\ 5 & 0 & 3 \end{bmatrix}

det(M13) = -5 * (0 * 3 - 1 * 0) - (-5) * (3 * 3 - 1 * 5) + 0 * (3 * 0 - 0 * 5)
= -5 * (0) + 5 * (9 - 5) + 0 * (0 - 0)
= 0 + 20 + 0
= 20

The cofactor C13 is (-1)^(1+3) * det(M13) = 1 * 20 = 20

For a14 = 4:

The minor M14 is the determinant of the 3×3 matrix obtained by removing the first row and fourth column:

M14 = \begin{bmatrix} -5 & -5 & 3 \\ 3 & 0 & 0 \\ 5 & 0 & 4 \end{bmatrix}

det(M14) = -5 * (0 * 4 - 0 * 0) - (-5) * (3 * 4 - 0 * 5) + 3 * (3 * 0 - 0 * 5)
= -5 * (0) + 5 * (12 - 0) + 3 * (0 - 0)
= 0 + 60 + 0
= 60

The cofactor C14 is (-1)^(1+4) * det(M14) = -1 * 60 = -60

2. Now, plug the values into the determinant formula:

det(A) = a11 * C11 - a12 * C12 + a13 * C13 - a14 * C14
= (-5) * 20 - (1) * (-8) + (1) * 20 - (4) * (-60)
= -100 + 8 + 20 + 240
= 168

Therefore, the determinant of the matrix A is \boxed{168}."," is:

det(A) = a11 * C11 [-] a12 * C12 + a13 * C13 -",377,AGREED_FIRST(min)
NC_4x4_det_1419,Mistral-Small-24B,determinant,4,Product_Sign_Error,det,failure,\det(A) = -52,-,+,1548,"<s>[INST] You are a precise mathematical assistant. Show all computation steps clearly. Always put your final numerical answer inside \boxed{}.

Solve this linear algebra problem. Show your work and give the final answer.

Find the determinant of the 4×4 matrix A.

A = \begin{bmatrix} -2 & 5 & 3 & 3 \\ -3 & 3 & -3 & -2 \\ -5 & -3 & 5 & 1 \\ 3 & 0 & 2 & 2 \end{bmatrix}

[/INST] To find the determinant of the 4×4 matrix A, we will use the Laplace expansion (cofactor expansion) method. We will expand along the first row for this calculation.

The matrix A is:

A = \begin{bmatrix} -2 & 5 & 3 & 3 \\ -3 & 3 & -3 & -2 \\ -5 & -3 & 5 & 1 \\ 3 & 0 & 2 & 2 \end{bmatrix}

The determinant of A, denoted as det(A), is calculated as follows:

det(A) = (-2) * C_{11} - 5 * C_{12} + 3 * C_{13} - 3 * C_{14}

where C_{ij} is the cofactor of the element in the ith row and jth column.

First, we need to find the minors and then the cofactors for each element in the first row.

1. Minor for the element in the first row and first column (M_{11}):
M_{11} = \begin{bmatrix} 3 & -3 & -2 \\ -3 & 5 & 1 \\ 0 & 2 & 2 \end{bmatrix}

det(M_{11}) = 3*(5*2 - 1*2) - (-3)*(-3*2 - 1*0) + (-2)*(-3*2 - 5*0)
= 3*(10 - 2) - 3*(6 - 0) - 2*(-6 - 0)
= 3*8 - 3*6 - 2*(-6)
= 24 - 18 + 12
= 18

C_{11} = (-1)^(1+1) * det(M_{11}) = 1 * 18 = 18

2. Minor for the element in the first row and second column (M_{12}):
M_{12} = \begin{bmatrix} -3 & -3 & -2 \\ -5 & 5 & 1 \\ 3 & 2 & 2 \end{bmatrix}

det(M_{12}) = -3*(5*2 - 1*2) - (-3)*(-5*2 - 1*3) + (-2)*(-5*2 - 5*3)
= -3*(10 - 2) - 3*(-10 - 3) - 2*(-10 - 15)
= -3*8 - 3*(-13) - 2*(-25)
= -24 + 39 + 50
= 65

C_{12} = (-1)^(1+2) * det(M_{12}) = -1 * 65 = -65

3. Minor for the element in the first row and third column (M_{13}):
M_{13} = \begin{bmatrix} -3 & 3 & -2 \\ -5 & -3 & 1 \\ 3 & 0 & 2 \end{bmatrix}

det(M_{13}) = -3*(-3*2 - 1*0) - 3*(-5*2 - 1*3) + (-2)*(-5*0 - (-3)*3)
= -3*(-6 - 0) - 3*(-10 - 3) - 2*(0 + 9)
= -3*(-6) - 3*(-13) - 2*9
= 18 + 39 - 18
= 39

C_{13} = (-1)^(1+3) * det(M_{13}) = 1 * 39 = 39

4. Minor for the element in the first row and fourth column (M_{14}):
M_{14} = \begin{bmatrix} -3 & 3 & -3 \\ -5 & -3 & 5 \\ 3 & 0 & 2 \end{bmatrix}

det(M_{14}) = -3*(-3*2 - 5*0) - 3*(-5*2 - 5*3) + (-3)*( -5*0 - (-3)*3)
= -3*(-6 - 0) - 3*(-10 - 15) - 3*(0 + 9)
= -3*(-6) - 3*(-25) - 3*9
= 18 + 75 - 27
= 66

C_{14} = (-1)^(1+4) * det(M_{14}) = -1 * 66 = -66

Now, we can calculate the determinant of A:

det(A) = (-2) * C_{11} - 5 * C_{12} + 3 * C_{13} - 3 * C_{14}
= (-2) * 18 - 5 * (-65) + 3 * 39 - 3 * (-66)
= -36 + 325 + 117 + 198
= 604

Therefore, the determinant of the matrix A is \boxed{604}.","To find the determinant of the 4×4 matrix A, we will use the Laplace expansion (cofactor expansion) method. We will expand along the first row for this calculation.

The matrix A is:

A = \begin{bmatrix} -2 & 5 & 3 & 3 \\ -3 & 3 & -3 & -2 \\ -5 & -3 & 5 & 1 \\ 3 & 0 & 2 & 2 \end{bmatrix}

The determinant of A, denoted as det(A), is calculated as follows:

det(A) = (-2) * C_{11} - 5 * C_{12} + 3 * C_{13} - 3 * C_{14}

where C_{ij} is the cofactor of the element in the ith row and jth column.

First, we need to find the minors and then the cofactors for each element in the first row.

1. Minor for the element in the first row and first column (M_{11}):
M_{11} = \begin{bmatrix} 3 & -3 & -2 \\ -3 & 5 & 1 \\ 0 & 2 & 2 \end{bmatrix}

det(M_{11}) = 3*(5*2 - 1*2) - (-3)*(-3*2 - 1*0) + (-2)*(-3*2 - 5*0)
= 3*(10 - 2) - 3*(6 - 0) - 2*(-6 - 0)
= 3*8 - 3*6 - 2*(-6)
= 24 - 18 + 12
= 18

C_{11} = (-1)^(1+1) * det(M_{11}) = 1 * 18 = 18

2. Minor for the element in the first row and second column (M_{12}):
M_{12} = \begin{bmatrix} -3 & -3 & -2 \\ -5 & 5 & 1 \\ 3 & 2 & 2 \end{bmatrix}

det(M_{12}) = -3*(5*2 - 1*2) - (-3)*(-5*2 - 1*3) + (-2)*(-5*2 - 5*3)
= -3*(10 - 2) - 3*(-10 - 3) - 2*(-10 - 15)
= -3*8 - 3*(-13) - 2*(-25)
= -24 + 39 + 50
= 65

C_{12} = (-1)^(1+2) * det(M_{12}) = -1 * 65 = -65

3. Minor for the element in the first row and third column (M_{13}):
M_{13} = \begin{bmatrix} -3 & 3 & -2 \\ -5 & -3 & 1 \\ 3 & 0 & 2 \end{bmatrix}

det(M_{13}) = -3*(-3*2 - 1*0) - 3*(-5*2 - 1*3) + (-2)*(-5*0 - (-3)*3)
= -3*(-6 - 0) - 3*(-10 - 3) - 2*(0 + 9)
= -3*(-6) - 3*(-13) - 2*9
= 18 + 39 - 18
= 39

C_{13} = (-1)^(1+3) * det(M_{13}) = 1 * 39 = 39

4. Minor for the element in the first row and fourth column (M_{14}):
M_{14} = \begin{bmatrix} -3 & 3 & -3 \\ -5 & -3 & 5 \\ 3 & 0 & 2 \end{bmatrix}

det(M_{14}) = -3*(-3*2 - 5*0) - 3*(-5*2 - 5*3) + (-3)*( -5*0 - (-3)*3)
= -3*(-6 - 0) - 3*(-10 - 15) - 3*(0 + 9)
= -3*(-6) - 3*(-25) - 3*9
= 18 + 75 - 27
= 66

C_{14} = (-1)^(1+4) * det(M_{14}) = -1 * 66 = -66

Now, we can calculate the determinant of A:

det(A) = (-2) * C_{11} - 5 * C_{12} + 3 * C_{13} - 3 * C_{14}
= (-2) * 18 - 5 * (-65) + 3 * 39 - 3 * (-66)
= -36 + 325 + 117 + 198
= 604

Therefore, the determinant of the matrix A is \boxed{604}.","5*2 - 5*3)
= -3*(10 - 2) [-] 3*(-10 - 3) - 2*(-10 - ",380,S1_exact
NC_4x4_det_195,Mistral-Small-24B,determinant,4,Rule_Interference,det,failure,\det(A) = 34,-,+,1640,"<s>[INST] You are a precise mathematical assistant. Show all computation steps clearly. Always put your final numerical answer inside \boxed{}.

Solve this linear algebra problem. Show your work and give the final answer.

Find the determinant of the 4×4 matrix A.

A = \begin{bmatrix} 2 & -4 & -3 & -3 \\ 2 & 5 & -2 & 5 \\ -1 & 4 & 5 & 2 \\ -4 & 1 & 1 & 2 \end{bmatrix}

[/INST] To find the determinant of the 4×4 matrix A, we will use the Laplace expansion (cofactor expansion) along the first row. The formula for the determinant of a 4×4 matrix A is:

det(A) = a11C11 - a12C12 + a13C13 - a14C14

where aij is the element in the ith row and jth column, and Cij is the cofactor of aij, which is given by:

Cij = (-1)^(i+j) * det(Mij)

where Mij is the submatrix obtained by deleting the ith row and jth column from A.

Let's compute the determinant step by step.

Given matrix A:

A = \begin{bmatrix} 2 & -4 & -3 & -3 \\ 2 & 5 & -2 & 5 \\ -1 & 4 & 5 & 2 \\ -4 & 1 & 1 & 2 \end{bmatrix}

1. Compute the cofactor C11:

C11 = (-1)^(1+1) * det(M11) = 1 * det \begin{bmatrix} 5 & -2 & 5 \\ 4 & 5 & 2 \\ 1 & 1 & 2 \end{bmatrix}

To compute the determinant of the 3×3 matrix, we use the formula:

det(M11) = 5*(5*2 - 2*1) - (-2)*(4*2 - 2*1) + 5*(4*1 - 5*1) = 5*(10 - 2) + 2*(8 - 2) + 5*(4 - 5) = 5*8 + 2*6 + 5*(-1) = 40 + 12 - 5 = 47

So, C11 = 1 * 47 = 47

2. Compute the cofactor C12:

C12 = (-1)^(1+2) * det(M12) = -1 * det \begin{bmatrix} 2 & -2 & 5 \\ -1 & 5 & 2 \\ -4 & 1 & 2 \end{bmatrix}

To compute the determinant of the 3×3 matrix, we use the formula:

det(M12) = 2*(5*2 - 2*1) - (-2)*(-1*2 - 2*(-4)) + 5*(-1*1 - 5*(-4)) = 2*(10 - 2) - 2*(-2 + 8) + 5*(-1 + 20) = 2*8 - 2*6 + 5*19 = 16 - 12 + 95 = 99

So, C12 = -1 * 99 = -99

3. Compute the cofactor C13:

C13 = (-1)^(1+3) * det(M13) = 1 * det \begin{bmatrix} 2 & 5 & 5 \\ -1 & 4 & 2 \\ -4 & 1 & 2 \end{bmatrix}

To compute the determinant of the 3×3 matrix, we use the formula:

det(M13) = 2*(4*2 - 2*1) - 5*(-1*2 - 2*(-4)) + 5*(-1*1 - 4*(-4)) = 2*(8 - 2) - 5*(-2 + 8) + 5*(-1 + 16) = 2*6 - 5*6 + 5*15 = 12 - 30 + 75 = 57

So, C13 = 1 * 57 = 57

4. Compute the cofactor C14:

C14 = (-1)^(1+4) * det(M14) = -1 * det \begin{bmatrix} 2 & 5 & -2 \\ -1 & 4 & 5 \\ -4 & 1 & 1 \end{bmatrix}

To compute the determinant of the 3×3 matrix, we use the formula:

det(M14) = 2*(4*1 - 5*1) - 5*(-1*1 - 5*(-4)) + (-2)*(-1*1 - 4*(-4)) = 2*(4 - 5) - 5*(-1 + 20) - 2*(-1 + 16) = 2*(-1) - 5*19 - 2*15 = -2 - 95 - 30 = -127

So, C14 = -1 * (-127) = 127

Now, we can compute the determinant of the 4×4 matrix A:

det(A) = a11C11 - a12C12 + a13C13 - a14C14 = 2*47 - (-4)*(-99) + (-3)*57 - (-3)*127 = 94 - 396 - 171 + 381 = (94 - 396) + (-171 + 381) = -302 + 210 = -92

Therefore, the determinant of the matrix A is \boxed{-92}.","To find the determinant of the 4×4 matrix A, we will use the Laplace expansion (cofactor expansion) along the first row. The formula for the determinant of a 4×4 matrix A is:

det(A) = a11C11 - a12C12 + a13C13 - a14C14

where aij is the element in the ith row and jth column, and Cij is the cofactor of aij, which is given by:

Cij = (-1)^(i+j) * det(Mij)

where Mij is the submatrix obtained by deleting the ith row and jth column from A.

Let's compute the determinant step by step.

Given matrix A:

A = \begin{bmatrix} 2 & -4 & -3 & -3 \\ 2 & 5 & -2 & 5 \\ -1 & 4 & 5 & 2 \\ -4 & 1 & 1 & 2 \end{bmatrix}

1. Compute the cofactor C11:

C11 = (-1)^(1+1) * det(M11) = 1 * det \begin{bmatrix} 5 & -2 & 5 \\ 4 & 5 & 2 \\ 1 & 1 & 2 \end{bmatrix}

To compute the determinant of the 3×3 matrix, we use the formula:

det(M11) = 5*(5*2 - 2*1) - (-2)*(4*2 - 2*1) + 5*(4*1 - 5*1) = 5*(10 - 2) + 2*(8 - 2) + 5*(4 - 5) = 5*8 + 2*6 + 5*(-1) = 40 + 12 - 5 = 47

So, C11 = 1 * 47 = 47

2. Compute the cofactor C12:

C12 = (-1)^(1+2) * det(M12) = -1 * det \begin{bmatrix} 2 & -2 & 5 \\ -1 & 5 & 2 \\ -4 & 1 & 2 \end{bmatrix}

To compute the determinant of the 3×3 matrix, we use the formula:

det(M12) = 2*(5*2 - 2*1) - (-2)*(-1*2 - 2*(-4)) + 5*(-1*1 - 5*(-4)) = 2*(10 - 2) - 2*(-2 + 8) + 5*(-1 + 20) = 2*8 - 2*6 + 5*19 = 16 - 12 + 95 = 99

So, C12 = -1 * 99 = -99

3. Compute the cofactor C13:

C13 = (-1)^(1+3) * det(M13) = 1 * det \begin{bmatrix} 2 & 5 & 5 \\ -1 & 4 & 2 \\ -4 & 1 & 2 \end{bmatrix}

To compute the determinant of the 3×3 matrix, we use the formula:

det(M13) = 2*(4*2 - 2*1) - 5*(-1*2 - 2*(-4)) + 5*(-1*1 - 4*(-4)) = 2*(8 - 2) - 5*(-2 + 8) + 5*(-1 + 16) = 2*6 - 5*6 + 5*15 = 12 - 30 + 75 = 57

So, C13 = 1 * 57 = 57

4. Compute the cofactor C14:

C14 = (-1)^(1+4) * det(M14) = -1 * det \begin{bmatrix} 2 & 5 & -2 \\ -1 & 4 & 5 \\ -4 & 1 & 1 \end{bmatrix}

To compute the determinant of the 3×3 matrix, we use the formula:

det(M14) = 2*(4*1 - 5*1) - 5*(-1*1 - 5*(-4)) + (-2)*(-1*1 - 4*(-4)) = 2*(4 - 5) - 5*(-1 + 20) - 2*(-1 + 16) = 2*(-1) - 5*19 - 2*15 = -2 - 95 - 30 = -127

So, C14 = -1 * (-127) = 127

Now, we can compute the determinant of the 4×4 matrix A:

det(A) = a11C11 - a12C12 + a13C13 - a14C14 = 2*47 - (-4)*(-99) + (-3)*57 - (-3)*127 = 94 - 396 - 171 + 381 = (94 - 396) + (-171 + 381) = -302 + 210 = -92

Therefore, the determinant of the matrix A is \boxed{-92}.",1 - 5*(-4)) = 2*(10 - 2) [-] 2*(-2 + 8) + 5*(-1 + 20,380,S1_exact
NC_4x4_det_396,Mistral-Small-24B,determinant,4,Product_Sign_Error,det,failure,\det(A) = 247,-,+,3120,"<s>[INST] You are a precise mathematical assistant. Show all computation steps clearly. Always put your final numerical answer inside \boxed{}.

Solve this linear algebra problem. Show your work and give the final answer.

Find the determinant of the 4×4 matrix A.

A = \begin{bmatrix} -3 & -4 & 4 & 4 \\ -5 & 1 & -3 & 1 \\ -3 & 2 & -5 & -3 \\ 4 & -2 & -2 & -3 \end{bmatrix}

[/INST] To find the determinant of the 4×4 matrix A, we will use the Laplace expansion (cofactor expansion) along the first row. The formula for the determinant of a 4×4 matrix is:

\[
\det(A) = \sum_{j=1}^{4} (-1)^{1+j} a_{1j} \det(A_{1j})
\]

where \( a_{1j} \) is the element in the first row and j-th column, and \( A_{1j} \) is the 3×3 submatrix obtained by removing the first row and j-th column.

Given matrix A:

\[
A = \begin{bmatrix} -3 & -4 & 4 & 4 \\ -5 & 1 & -3 & 1 \\ -3 & 2 & -5 & -3 \\ 4 & -2 & -2 & -3 \end{bmatrix}
\]

We will compute the determinant as follows:

\[
\det(A) = (-1)^{1+1} (-3) \det(A_{11}) + (-1)^{1+2} (-4) \det(A_{12}) + (-1)^{1+3} (4) \det(A_{13}) + (-1)^{1+4} (4) \det(A_{14})
\]

Now, let's compute each of the 3×3 determinants \( \det(A_{1j}) \):

1. \( A_{11} = \begin{bmatrix} 1 & -3 & 1 \\ 2 & -5 & -3 \\ -2 & -2 & -3 \end{bmatrix} \)

\[
\det(A_{11}) = 1 \cdot \begin{vmatrix} -5 & -3 \\ -2 & -3 \end{vmatrix} - (-3) \cdot \begin{vmatrix} 2 & -3 \\ -2 & -3 \end{vmatrix} + 1 \cdot \begin{vmatrix} 2 & -5 \\ -2 & -2 \end{vmatrix}
\]

\[
= 1 \cdot ( (-5)(-3) - (-3)(-2) ) + 3 \cdot ( (2)(-3) - (-3)(-2) ) + 1 \cdot ( (2)(-2) - (-5)(-2) )
\]

\[
= 1 \cdot (15 - 6) + 3 \cdot (-6 - 6) + 1 \cdot (-4 - 10)
\]

\[
= 9 - 36 - 14 = -41
\]

2. \( A_{12} = \begin{bmatrix} -5 & -3 & 1 \\ -3 & -5 & -3 \\ 4 & -2 & -3 \end{bmatrix} \)

\[
\det(A_{12}) = (-5) \cdot \begin{vmatrix} -5 & -3 \\ -2 & -3 \end{vmatrix} - (-3) \cdot \begin{vmatrix} -3 & -3 \\ 4 & -3 \end{vmatrix} + 1 \cdot \begin{vmatrix} -3 & -5 \\ 4 & -2 \end{vmatrix}
\]

\[
= (-5) \cdot ( (-5)(-3) - (-3)(-2) ) + 3 \cdot ( (-3)(-3) - (-3)(4) ) + 1 \cdot ( (-3)(-2) - (-5)(4) )
\]

\[
= (-5) \cdot (15 - 6) + 3 \cdot (9 + 12) + 1 \cdot (6 + 20)
\]

\[
= -45 + 63 + 26 = 44
\]

3. \( A_{13} = \begin{bmatrix} -5 & 1 & 1 \\ -3 & 2 & -3 \\ 4 & -2 & -3 \end{bmatrix} \)

\[
\det(A_{13}) = (-5) \cdot \begin{vmatrix} 2 & -3 \\ -2 & -3 \end{vmatrix} - 1 \cdot \begin{vmatrix} -3 & -3 \\ 4 & -3 \end{vmatrix} + 1 \cdot \begin{vmatrix} -3 & 2 \\ 4 & -2 \end{vmatrix}
\]

\[
= (-5) \cdot ( (2)(-3) - (-3)(-2) ) - 1 \cdot ( (-3)(-3) - (-3)(4) ) + 1 \cdot ( (-3)(-2) - (2)(4) )
\]

\[
= (-5) \cdot (-6 - 6) - 1 \cdot (9 + 12) + 1 \cdot (6 - 8)
\]

\[
= 60 - 21 - 2 = 37
\]

4. \( A_{14} = \begin{bmatrix} -5 & 1 & -3 \\ -3 & 2 & -5 \\ 4 & -2 & -2 \end{bmatrix} \)

\[
\det(A_{14}) = (-5) \cdot \begin{vmatrix} 2 & -5 \\ -2 & -2 \end{vmatrix} - 1 \cdot \begin{vmatrix} -3 & -5 \\ 4 & -2 \end{vmatrix} + (-3) \cdot \begin{vmatrix} -3 & 2 \\ 4 & -2 \end{vmatrix}
\]

\[
= (-5) \cdot ( (2)(-2) - (-5)(-2) ) - 1 \cdot ( (-3)(-2) - (-5)(4) ) + (-3) \cdot ( (-3)(-2) - (2)(4) )
\]

\[
= (-5) \cdot (-4 - 10) - 1 \cdot (6 + 20) + (-3) \cdot (6 - 8)
\]

\[
= 70 - 26 - 6 = 38
\]

Now, substitute these determinants back into the expression for \( \det(A) \):

\[
\det(A) = 1 \cdot (-3) \cdot (-41) + (-1) \cdot (-4) \cdot 44 + 1 \cdot (4) \cdot 37 + (-1) \cdot (4) \cdot 38
\]

\[
= 123 + 176 + 148 - 152
\]

\[
= 305
\]

Therefore, the determinant of the matrix A is:

\[
\boxed{305}
\]","To find the determinant of the 4×4 matrix A, we will use the Laplace expansion (cofactor expansion) along the first row. The formula for the determinant of a 4×4 matrix is:

\[
\det(A) = \sum_{j=1}^{4} (-1)^{1+j} a_{1j} \det(A_{1j})
\]

where \( a_{1j} \) is the element in the first row and j-th column, and \( A_{1j} \) is the 3×3 submatrix obtained by removing the first row and j-th column.

Given matrix A:

\[
A = \begin{bmatrix} -3 & -4 & 4 & 4 \\ -5 & 1 & -3 & 1 \\ -3 & 2 & -5 & -3 \\ 4 & -2 & -2 & -3 \end{bmatrix}
\]

We will compute the determinant as follows:

\[
\det(A) = (-1)^{1+1} (-3) \det(A_{11}) + (-1)^{1+2} (-4) \det(A_{12}) + (-1)^{1+3} (4) \det(A_{13}) + (-1)^{1+4} (4) \det(A_{14})
\]

Now, let's compute each of the 3×3 determinants \( \det(A_{1j}) \):

1. \( A_{11} = \begin{bmatrix} 1 & -3 & 1 \\ 2 & -5 & -3 \\ -2 & -2 & -3 \end{bmatrix} \)

\[
\det(A_{11}) = 1 \cdot \begin{vmatrix} -5 & -3 \\ -2 & -3 \end{vmatrix} - (-3) \cdot \begin{vmatrix} 2 & -3 \\ -2 & -3 \end{vmatrix} + 1 \cdot \begin{vmatrix} 2 & -5 \\ -2 & -2 \end{vmatrix}
\]

\[
= 1 \cdot ( (-5)(-3) - (-3)(-2) ) + 3 \cdot ( (2)(-3) - (-3)(-2) ) + 1 \cdot ( (2)(-2) - (-5)(-2) )
\]

\[
= 1 \cdot (15 - 6) + 3 \cdot (-6 - 6) + 1 \cdot (-4 - 10)
\]

\[
= 9 - 36 - 14 = -41
\]

2. \( A_{12} = \begin{bmatrix} -5 & -3 & 1 \\ -3 & -5 & -3 \\ 4 & -2 & -3 \end{bmatrix} \)

\[
\det(A_{12}) = (-5) \cdot \begin{vmatrix} -5 & -3 \\ -2 & -3 \end{vmatrix} - (-3) \cdot \begin{vmatrix} -3 & -3 \\ 4 & -3 \end{vmatrix} + 1 \cdot \begin{vmatrix} -3 & -5 \\ 4 & -2 \end{vmatrix}
\]

\[
= (-5) \cdot ( (-5)(-3) - (-3)(-2) ) + 3 \cdot ( (-3)(-3) - (-3)(4) ) + 1 \cdot ( (-3)(-2) - (-5)(4) )
\]

\[
= (-5) \cdot (15 - 6) + 3 \cdot (9 + 12) + 1 \cdot (6 + 20)
\]

\[
= -45 + 63 + 26 = 44
\]

3. \( A_{13} = \begin{bmatrix} -5 & 1 & 1 \\ -3 & 2 & -3 \\ 4 & -2 & -3 \end{bmatrix} \)

\[
\det(A_{13}) = (-5) \cdot \begin{vmatrix} 2 & -3 \\ -2 & -3 \end{vmatrix} - 1 \cdot \begin{vmatrix} -3 & -3 \\ 4 & -3 \end{vmatrix} + 1 \cdot \begin{vmatrix} -3 & 2 \\ 4 & -2 \end{vmatrix}
\]

\[
= (-5) \cdot ( (2)(-3) - (-3)(-2) ) - 1 \cdot ( (-3)(-3) - (-3)(4) ) + 1 \cdot ( (-3)(-2) - (2)(4) )
\]

\[
= (-5) \cdot (-6 - 6) - 1 \cdot (9 + 12) + 1 \cdot (6 - 8)
\]

\[
= 60 - 21 - 2 = 37
\]

4. \( A_{14} = \begin{bmatrix} -5 & 1 & -3 \\ -3 & 2 & -5 \\ 4 & -2 & -2 \end{bmatrix} \)

\[
\det(A_{14}) = (-5) \cdot \begin{vmatrix} 2 & -5 \\ -2 & -2 \end{vmatrix} - 1 \cdot \begin{vmatrix} -3 & -5 \\ 4 & -2 \end{vmatrix} + (-3) \cdot \begin{vmatrix} -3 & 2 \\ 4 & -2 \end{vmatrix}
\]

\[
= (-5) \cdot ( (2)(-2) - (-5)(-2) ) - 1 \cdot ( (-3)(-2) - (-5)(4) ) + (-3) \cdot ( (-3)(-2) - (2)(4) )
\]

\[
= (-5) \cdot (-4 - 10) - 1 \cdot (6 + 20) + (-3) \cdot (6 - 8)
\]

\[
= 70 - 26 - 6 = 38
\]

Now, substitute these determinants back into the expression for \( \det(A) \):

\[
\det(A) = 1 \cdot (-3) \cdot (-41) + (-1) \cdot (-4) \cdot 44 + 1 \cdot (4) \cdot 37 + (-1) \cdot (4) \cdot 38
\]

\[
= 123 + 176 + 148 - 152
\]

\[
= 305
\]

Therefore, the determinant of the matrix A is:

\[
\boxed{305}
\]","(6 - 8)
\]

\[
= 70 - 26 [-] 6 = 38
\]

Now, substit",384,S1_exact
NC_4x4_det_412,Mistral-Small-24B,determinant,4,Double_Negative_Trap,det,failure,\det(A) = 42,-,+,1631,"<s>[INST] You are a precise mathematical assistant. Show all computation steps clearly. Always put your final numerical answer inside \boxed{}.

Solve this linear algebra problem. Show your work and give the final answer.

Find the determinant of the 4×4 matrix A.

A = \begin{bmatrix} 1 & 1 & 2 & 1 \\ -4 & -5 & 5 & -5 \\ -1 & -5 & -1 & 1 \\ -1 & -2 & 1 & 0 \end{bmatrix}

[/INST] To find the determinant of the 4×4 matrix A, we will use the Laplace expansion (cofactor expansion) along the first row. The formula for the determinant of a 4×4 matrix A is:

det(A) = a11C11 - a12C12 + a13C13 - a14C14

where aij are the elements of the first row, and Cij are the corresponding cofactors.

Given matrix A:

A = \begin{bmatrix} 1 & 1 & 2 & 1 \\ -4 & -5 & 5 & -5 \\ -1 & -5 & -1 & 1 \\ -1 & -2 & 1 & 0 \end{bmatrix}

Let's compute the determinant step by step.

1. Compute the minors and cofactors for each element in the first row.

For a11 = 1:

The minor M11 is the determinant of the 3×3 matrix obtained by removing the first row and first column:

M11 = \begin{bmatrix} -5 & 5 & -5 \\ -5 & -1 & 1 \\ -2 & 1 & 0 \end{bmatrix}

det(M11) = -5*(-1*0 - 1*1) - 5*(-5*0 - 1*(-2)) + -5*(-5*1 - (-1)*(-2))
= -5*(0 - 1) - 5*(0 + 2) + -5*(-5 - 2)
= -5*(-1) - 5*2 + -5*(-7)
= 5 - 10 + 35
= 30

The cofactor C11 is (-1)^(1+1) * det(M11) = 1 * 30 = 30.

For a12 = 1:

The minor M12 is the determinant of the 3×3 matrix obtained by removing the first row and second column:

M12 = \begin{bmatrix} -4 & 5 & -5 \\ -1 & -1 & 1 \\ -1 & 1 & 0 \end{bmatrix}

det(M12) = -4*(-1*0 - 1*1) - 5*(-1*0 - 1*(-1)) + -5*(-1*1 - (-1)*(-1))
= -4*(0 - 1) - 5*(0 - 1) + -5*(-1 - 1)
= -4*(-1) - 5*(-1) + -5*(-2)
= 4 + 5 + 10
= 19

The cofactor C12 is (-1)^(1+2) * det(M12) = -1 * 19 = -19.

For a13 = 2:

The minor M13 is the determinant of the 3×3 matrix obtained by removing the first row and third column:

M13 = \begin{bmatrix} -4 & -5 & -5 \\ -1 & -5 & 1 \\ -1 & -2 & 0 \end{bmatrix}

det(M13) = -4*(-5*0 - 1*(-2)) - -5*(-1*0 - 1*(-1)) + -5*(-1*(-2) - (-5)*(-1))
= -4*(0 + 2) + 5*(0 - 1) + -5*(2 - 5)
= -4*2 + 5*(-1) + -5*(-3)
= -8 - 5 + 15
= 2

The cofactor C13 is (-1)^(1+3) * det(M13) = 1 * 2 = 2.

For a14 = 1:

The minor M14 is the determinant of the 3×3 matrix obtained by removing the first row and fourth column:

M14 = \begin{bmatrix} -4 & -5 & 5 \\ -1 & -5 & -1 \\ -1 & -2 & 1 \end{bmatrix}

det(M14) = -4*(-5*1 - (-1)*1) - -5*(-1*1 - (-1)*(-1)) + 5*(-1*(-2) - (-5)*(-1))
= -4*(-5 + 1) + 5*( -1 - 1) + 5*(2 - 5)
= -4*(-4) + 5*(-2) + 5*(-3)
= 16 - 10 - 15
= -9

The cofactor C14 is (-1)^(1+4) * det(M14) = -1 * -9 = 9.

2. Now, plug the cofactors back into the determinant formula:

det(A) = a11C11 - a12C12 + a13C13 - a14C14
= 1*30 - 1*(-19) + 2*2 - 1*9
= 30 + 19 + 4 - 9
= 44

Therefore, the determinant of the matrix A is \boxed{44}.","To find the determinant of the 4×4 matrix A, we will use the Laplace expansion (cofactor expansion) along the first row. The formula for the determinant of a 4×4 matrix A is:

det(A) = a11C11 - a12C12 + a13C13 - a14C14

where aij are the elements of the first row, and Cij are the corresponding cofactors.

Given matrix A:

A = \begin{bmatrix} 1 & 1 & 2 & 1 \\ -4 & -5 & 5 & -5 \\ -1 & -5 & -1 & 1 \\ -1 & -2 & 1 & 0 \end{bmatrix}

Let's compute the determinant step by step.

1. Compute the minors and cofactors for each element in the first row.

For a11 = 1:

The minor M11 is the determinant of the 3×3 matrix obtained by removing the first row and first column:

M11 = \begin{bmatrix} -5 & 5 & -5 \\ -5 & -1 & 1 \\ -2 & 1 & 0 \end{bmatrix}

det(M11) = -5*(-1*0 - 1*1) - 5*(-5*0 - 1*(-2)) + -5*(-5*1 - (-1)*(-2))
= -5*(0 - 1) - 5*(0 + 2) + -5*(-5 - 2)
= -5*(-1) - 5*2 + -5*(-7)
= 5 - 10 + 35
= 30

The cofactor C11 is (-1)^(1+1) * det(M11) = 1 * 30 = 30.

For a12 = 1:

The minor M12 is the determinant of the 3×3 matrix obtained by removing the first row and second column:

M12 = \begin{bmatrix} -4 & 5 & -5 \\ -1 & -1 & 1 \\ -1 & 1 & 0 \end{bmatrix}

det(M12) = -4*(-1*0 - 1*1) - 5*(-1*0 - 1*(-1)) + -5*(-1*1 - (-1)*(-1))
= -4*(0 - 1) - 5*(0 - 1) + -5*(-1 - 1)
= -4*(-1) - 5*(-1) + -5*(-2)
= 4 + 5 + 10
= 19

The cofactor C12 is (-1)^(1+2) * det(M12) = -1 * 19 = -19.

For a13 = 2:

The minor M13 is the determinant of the 3×3 matrix obtained by removing the first row and third column:

M13 = \begin{bmatrix} -4 & -5 & -5 \\ -1 & -5 & 1 \\ -1 & -2 & 0 \end{bmatrix}

det(M13) = -4*(-5*0 - 1*(-2)) - -5*(-1*0 - 1*(-1)) + -5*(-1*(-2) - (-5)*(-1))
= -4*(0 + 2) + 5*(0 - 1) + -5*(2 - 5)
= -4*2 + 5*(-1) + -5*(-3)
= -8 - 5 + 15
= 2

The cofactor C13 is (-1)^(1+3) * det(M13) = 1 * 2 = 2.

For a14 = 1:

The minor M14 is the determinant of the 3×3 matrix obtained by removing the first row and fourth column:

M14 = \begin{bmatrix} -4 & -5 & 5 \\ -1 & -5 & -1 \\ -1 & -2 & 1 \end{bmatrix}

det(M14) = -4*(-5*1 - (-1)*1) - -5*(-1*1 - (-1)*(-1)) + 5*(-1*(-2) - (-5)*(-1))
= -4*(-5 + 1) + 5*( -1 - 1) + 5*(2 - 5)
= -4*(-4) + 5*(-2) + 5*(-3)
= 16 - 10 - 15
= -9

The cofactor C14 is (-1)^(1+4) * det(M14) = -1 * -9 = 9.

2. Now, plug the cofactors back into the determinant formula:

det(A) = a11C11 - a12C12 + a13C13 - a14C14
= 1*30 - 1*(-19) + 2*2 - 1*9
= 30 + 19 + 4 - 9
= 44

Therefore, the determinant of the matrix A is \boxed{44}.","-1))
= -4*(0 - 1) - 5*(0 [-] 1) + -5*(-1 - 1)
= -4*(",382,AGREED_FIRST(min)
NC_4x4_det_201,Mistral-Small-24B,determinant,4,Operation_Direction,det,failure,\det(A) = 83,-,+,764,"<s>[INST] You are a precise mathematical assistant. Show all computation steps clearly. Always put your final numerical answer inside \boxed{}.

Solve this linear algebra problem. Show your work and give the final answer.

Find the determinant of the 4×4 matrix A.

A = \begin{bmatrix} -3 & -4 & -4 & -3 \\ -2 & -5 & 0 & 5 \\ -2 & -2 & -4 & 5 \\ -2 & -5 & -1 & 0 \end{bmatrix}

[/INST] To find the determinant of the 4×4 matrix A, we will use the Laplace expansion (cofactor expansion) method. We will expand along the first row for clarity.

The matrix A is:

A = \begin{bmatrix} -3 & -4 & -4 & -3 \\ -2 & -5 & 0 & 5 \\ -2 & -2 & -4 & 5 \\ -2 & -5 & -1 & 0 \end{bmatrix}

The determinant of A, denoted as det(A), is calculated as follows:

det(A) = (-3) * C_{11} - (-4) * C_{12} + (-4) * C_{13} - (-3) * C_{14}

Where C_{ij} are the cofactors of the elements in the first row.

First, we need to find the minors and then the cofactors for each element in the first row.

1. Minor for A_{11} (first row, first column):

M_{11} = \begin{bmatrix} -5 & 0 & 5 \\ -2 & -4 & 5 \\ -5 & -1 & 0 \end{bmatrix}

det(M_{11}) = -5 * [ (-4) * 0 - 5 * (-1) ] - 0 * [ (-2) * 0 - 5 * (-5) ] + 5 * [ (-2) * (-1) - (-4) * (-5) ]
= -5 * [ 0 + 5 ] - 0 * [ 0 + 25 ] + 5 * [ 2 - 20 ]
= -5 * 5 - 0 + 5 * (-18)
= -25 - 0 - 90
= -115

C_{11} = (-1)^{1+1} * det(M_{11}) = 1 * (-115) = -115

2. Minor for A_{12} (first row, second column):

M_{12} = \begin{bmatrix} -2 & 0 & 5 \\ -2 & -4 & 5 \\ -2 & -1 & 0 \end{bmatrix}

det(M_{12}) = -2 * [ (-4) * 0 - 5 * (-1) ] - 0 * [ (-2) * 0 - 5 * (-2) ] + 5 * [ (-2) * (-1) - (-4) * (-2) ]
= -2 * [ 0 + 5 ] - 0 * [ 0 + 10 ] + 5 * [ 2 - 8 ]
= -2 * 5 - 0 + 5 * (-6)
= -10 - 0 - 30
= -40

C_{12} = (-1)^{1+2} * det(M_{12}) = -1 * (-40) = 40

3. Minor for A_{13} (first row, third column):

M_{13} = \begin{bmatrix} -2 & -5 & 5 \\ -2 & -2 & 5 \\ -2 & -5 & 0 \end{bmatrix}

det(M_{13}) = -2 * [ (-2) * 0 - 5 * (-5) ] - (-5) * [ (-2) * 0 - 5 * (-2) ] + 5 * [ (-2) * (-5) - (-2) * (-2) ]
= -2 * [ 0 + 25 ] + 5 * [ 0 + 10 ] + 5 * [ 10 - 4 ]
= -2 * 25 + 5 * 10 + 5 * 6
= -50 + 50 + 30
= 30

C_{13} = (-1)^{1+3} * det(M_{13}) = 1 * 30 = 30

4. Minor for A_{14} (first row, fourth column):

M_{14} = \begin{bmatrix} -2 & -5 & 0 \\ -2 & -2 & -4 \\ -2 & -5 & -1 \end{bmatrix}

det(M_{14}) = -2 * [ (-2) * (-1) - (-4) * (-5) ] - (-5) * [ (-2) * (-1) - (-4) * (-2) ] + 0 * [ (-2) * (-5) - (-2) * (-5) ]
= -2 * [ 2 - 20 ] + 5 * [ 2 - 8 ] + 0 * [ 10 - 10 ]
= -2 * (-18) + 5 * (-6) + 0
= 36 - 30 + 0
= 6

C_{14} = (-1)^{1+4} * det(M_{14}) = -1 * 6 = -6

Now, we can calculate the determinant of A:

det(A) = (-3) * C_{11} - (-4) * C_{12} + (-4) * C_{13} - (-3) * C_{14}
= (-3) * (-115) - (-4) * 40 + (-4) * 30 - (-3) * (-6)
= 345 - (-160) - 120 - 18
= 345 + 160 - 120 - 18
= 505 - 120 - 18
= 385 - 18
= 367

Therefore, the determinant of the matrix A is \boxed{367}.","To find the determinant of the 4×4 matrix A, we will use the Laplace expansion (cofactor expansion) method. We will expand along the first row for clarity.

The matrix A is:

A = \begin{bmatrix} -3 & -4 & -4 & -3 \\ -2 & -5 & 0 & 5 \\ -2 & -2 & -4 & 5 \\ -2 & -5 & -1 & 0 \end{bmatrix}

The determinant of A, denoted as det(A), is calculated as follows:

det(A) = (-3) * C_{11} - (-4) * C_{12} + (-4) * C_{13} - (-3) * C_{14}

Where C_{ij} are the cofactors of the elements in the first row.

First, we need to find the minors and then the cofactors for each element in the first row.

1. Minor for A_{11} (first row, first column):

M_{11} = \begin{bmatrix} -5 & 0 & 5 \\ -2 & -4 & 5 \\ -5 & -1 & 0 \end{bmatrix}

det(M_{11}) = -5 * [ (-4) * 0 - 5 * (-1) ] - 0 * [ (-2) * 0 - 5 * (-5) ] + 5 * [ (-2) * (-1) - (-4) * (-5) ]
= -5 * [ 0 + 5 ] - 0 * [ 0 + 25 ] + 5 * [ 2 - 20 ]
= -5 * 5 - 0 + 5 * (-18)
= -25 - 0 - 90
= -115

C_{11} = (-1)^{1+1} * det(M_{11}) = 1 * (-115) = -115

2. Minor for A_{12} (first row, second column):

M_{12} = \begin{bmatrix} -2 & 0 & 5 \\ -2 & -4 & 5 \\ -2 & -1 & 0 \end{bmatrix}

det(M_{12}) = -2 * [ (-4) * 0 - 5 * (-1) ] - 0 * [ (-2) * 0 - 5 * (-2) ] + 5 * [ (-2) * (-1) - (-4) * (-2) ]
= -2 * [ 0 + 5 ] - 0 * [ 0 + 10 ] + 5 * [ 2 - 8 ]
= -2 * 5 - 0 + 5 * (-6)
= -10 - 0 - 30
= -40

C_{12} = (-1)^{1+2} * det(M_{12}) = -1 * (-40) = 40

3. Minor for A_{13} (first row, third column):

M_{13} = \begin{bmatrix} -2 & -5 & 5 \\ -2 & -2 & 5 \\ -2 & -5 & 0 \end{bmatrix}

det(M_{13}) = -2 * [ (-2) * 0 - 5 * (-5) ] - (-5) * [ (-2) * 0 - 5 * (-2) ] + 5 * [ (-2) * (-5) - (-2) * (-2) ]
= -2 * [ 0 + 25 ] + 5 * [ 0 + 10 ] + 5 * [ 10 - 4 ]
= -2 * 25 + 5 * 10 + 5 * 6
= -50 + 50 + 30
= 30

C_{13} = (-1)^{1+3} * det(M_{13}) = 1 * 30 = 30

4. Minor for A_{14} (first row, fourth column):

M_{14} = \begin{bmatrix} -2 & -5 & 0 \\ -2 & -2 & -4 \\ -2 & -5 & -1 \end{bmatrix}

det(M_{14}) = -2 * [ (-2) * (-1) - (-4) * (-5) ] - (-5) * [ (-2) * (-1) - (-4) * (-2) ] + 0 * [ (-2) * (-5) - (-2) * (-5) ]
= -2 * [ 2 - 20 ] + 5 * [ 2 - 8 ] + 0 * [ 10 - 10 ]
= -2 * (-18) + 5 * (-6) + 0
= 36 - 30 + 0
= 6

C_{14} = (-1)^{1+4} * det(M_{14}) = -1 * 6 = -6

Now, we can calculate the determinant of A:

det(A) = (-3) * C_{11} - (-4) * C_{12} + (-4) * C_{13} - (-3) * C_{14}
= (-3) * (-115) - (-4) * 40 + (-4) * 30 - (-3) * (-6)
= 345 - (-160) - 120 - 18
= 345 + 160 - 120 - 18
= 505 - 120 - 18
= 385 - 18
= 367

Therefore, the determinant of the matrix A is \boxed{367}.","

det(A) = (-3) * C_{11} [-] (-4) * C_{12} + (-4) * ",386,S1_exact
C_4x4_det_001,Mistral-Small-24B,determinant,4,Product_Sign_Error,det,failure,\det(A) = 97,+,-,923,"<s>[INST] A = \begin{bmatrix} -4 & 1 & 5 & 3 \\ -1 & -2 & 0 & -3 \\ 1 & -5 & 4 & 2 \\ -5 & 2 & -1 & -4 \end{bmatrix}[/INST] To find the determinant of the 4x4 matrix A, we will use the Laplace expansion (also known as cofactor expansion) along the first row. The formula for the determinant of a 4x4 matrix A is:
 
 det(A) = a11 * C11 - a12 * C12 + a13 * C13 - a14 * C14
 
 where aij are the elements of the first row, and Cij are the corresponding cofactors.
 
 Given matrix A:
 
 A = \begin{bmatrix} -4 & 1 & 5 & 3 \\ -1 & -2 & 0 & -3 \\ 1 & -5 & 4 & 2 \\ -5 & 2 & -1 & -4 \end{bmatrix}
 
 Let's compute each term step by step.
 
 1. Compute C11:
 C11 is the determinant of the 3x3 matrix obtained by removing the first row and first column of A:
 
 \begin{bmatrix} -2 & 0 & -3 \\ -5 & 4 & 2 \\ 2 & -1 & -4 \end{bmatrix}
 
 det(C11) = (-2)((4)(-4) - (2)(-1)) - (0)((-5)(-4) - (2)(2)) + (-3)((-5)(-1) - (4)(2))
 = (-2)(16 + 2) - 0 + (-3)(5 - 8)
 = (-2)(18) + (-3)(-3)
 = -36 + 9
 = -27
 
 2. Compute C12:
 C12 is the determinant of the 3x3 matrix obtained by removing the first row and second column of A:
 
 \begin{bmatrix} -1 & 0 & -3 \\ 1 & 4 & 2 \\ -5 & -1 & -4 \end{bmatrix}
 
 det(C12) = (-1)((4)(-4) - (2)(-1)) - (0)((1)(-4) - (-5)(2)) + (-3)((1)(-1) - (4)(-5))
 = (-1)(-16 + 2) - 0 + (-3)(-1 + 20)
 = (-1)(-14) + (-3)(19)
 = 14 - 57
 = -43
 
 3. Compute C13:
 C13 is the determinant of the 3x3 matrix obtained by removing the first row and third column of A:
 
 \begin{bmatrix} -1 & -2 & -3 \\ 1 & -5 & 2 \\ -5 & 2 & -4 \end{bmatrix}
 
 det(C13) = (-1)((-5)(-4) - (2)(2)) - (-2)((1)(-4) - (-5)(2)) + (-3)((1)(2) - (-5)(-5))
 = (-1)(20 - 4) + 2(-4 + 10) + (-3)(2 - 25)
 = (-1)(16) + 2(6) + (-3)(-23)
 = -16 + 12 + 69
 = 65
 
 4. Compute C14:
 C14 is the determinant of the 3x3 matrix obtained by removing the first row and fourth column of A:
 
 \begin{bmatrix} -1 & -2 & 0 \\ 1 & -5 & 4 \\ -5 & 2 & -1 \end{bmatrix}
 
 det(C14) = (-1)((-5)(-1) - (4)(2)) - (-2)((1)(-1) - (4)(-5)) + (0)((1)(2) - (-5)(-1))
 = (-1)(5 - 8) + 2(-1 + 20) + 0
 = (-1)(-3) + 2(19)
 = 3 + 38
 = 41
 
 Now, plug these values back into the determinant formula:
 
 det(A) = a11 * C11 - a12 * C12 + a13 * C13 - a14 * C14
 = (-4)(-27) - (1)(-43) + (5)(65) - (3)(41)
 = 108 + 43 + 325 - 123
 = 353
 
 \boxed{353}","To find the determinant of the 4x4 matrix A, we will use the Laplace expansion (also known as cofactor expansion) along the first row. The formula for the determinant of a 4x4 matrix A is:
 
 det(A) = a11 * C11 - a12 * C12 + a13 * C13 - a14 * C14
 
 where aij are the elements of the first row, and Cij are the corresponding cofactors.
 
 Given matrix A:
 
 A = \begin{bmatrix} -4 & 1 & 5 & 3 \\ -1 & -2 & 0 & -3 \\ 1 & -5 & 4 & 2 \\ -5 & 2 & -1 & -4 \end{bmatrix}
 
 Let's compute each term step by step.
 
 1. Compute C11:
 C11 is the determinant of the 3x3 matrix obtained by removing the first row and first column of A:
 
 \begin{bmatrix} -2 & 0 & -3 \\ -5 & 4 & 2 \\ 2 & -1 & -4 \end{bmatrix}
 
 det(C11) = (-2)((4)(-4) - (2)(-1)) - (0)((-5)(-4) - (2)(2)) + (-3)((-5)(-1) - (4)(2))
 = (-2)(16 + 2) - 0 + (-3)(5 - 8)
 = (-2)(18) + (-3)(-3)
 = -36 + 9
 = -27
 
 2. Compute C12:
 C12 is the determinant of the 3x3 matrix obtained by removing the first row and second column of A:
 
 \begin{bmatrix} -1 & 0 & -3 \\ 1 & 4 & 2 \\ -5 & -1 & -4 \end{bmatrix}
 
 det(C12) = (-1)((4)(-4) - (2)(-1)) - (0)((1)(-4) - (-5)(2)) + (-3)((1)(-1) - (4)(-5))
 = (-1)(-16 + 2) - 0 + (-3)(-1 + 20)
 = (-1)(-14) + (-3)(19)
 = 14 - 57
 = -43
 
 3. Compute C13:
 C13 is the determinant of the 3x3 matrix obtained by removing the first row and third column of A:
 
 \begin{bmatrix} -1 & -2 & -3 \\ 1 & -5 & 2 \\ -5 & 2 & -4 \end{bmatrix}
 
 det(C13) = (-1)((-5)(-4) - (2)(2)) - (-2)((1)(-4) - (-5)(2)) + (-3)((1)(2) - (-5)(-5))
 = (-1)(20 - 4) + 2(-4 + 10) + (-3)(2 - 25)
 = (-1)(16) + 2(6) + (-3)(-23)
 = -16 + 12 + 69
 = 65
 
 4. Compute C14:
 C14 is the determinant of the 3x3 matrix obtained by removing the first row and fourth column of A:
 
 \begin{bmatrix} -1 & -2 & 0 \\ 1 & -5 & 4 \\ -5 & 2 & -1 \end{bmatrix}
 
 det(C14) = (-1)((-5)(-1) - (4)(2)) - (-2)((1)(-1) - (4)(-5)) + (0)((1)(2) - (-5)(-1))
 = (-1)(5 - 8) + 2(-1 + 20) + 0
 = (-1)(-3) + 2(19)
 = 3 + 38
 = 41
 
 Now, plug these values back into the determinant formula:
 
 det(A) = a11 * C11 - a12 * C12 + a13 * C13 - a14 * C14
 = (-4)(-27) - (1)(-43) + (5)(65) - (3)(41)
 = 108 + 43 + 325 - 123
 = 353
 
 \boxed{353}","-1) - (4)(2))
 = (-2)(16 [+] 2) - 0 + (-3)(5 - 8)
 =",124,S3_exact
C_4x4_det_002_ARCH,Mistral-Small-24B,determinant,4,Operation_Direction,det,failure,\det(A) = -28,-,+,504,"<s>[INST] A = \begin{bmatrix} -5 & 1 & 4 & -1 \\ -2 & -5 & -4 & 5 \\ 4 & -1 & -1 & 4 \\ 1 & 1 & 4 & 3 \end{bmatrix}[/INST] To find the determinant of the 4x4 matrix A, we will use the Laplace expansion (cofactor expansion) method. We will expand along the first row for clarity.
 
 The matrix A is:
 
 A = \begin{bmatrix} -5 & 1 & 4 & -1 \\ -2 & -5 & -4 & 5 \\ 4 & -1 & -1 & 4 \\ 1 & 1 & 4 & 3 \end{bmatrix}
 
 The determinant of A, denoted as det(A), is calculated as follows:
 
 det(A) = (-5) * C_{11} - (1) * C_{12} + (4) * C_{13} - (-1) * C_{14}
 
 where C_{ij} is the cofactor of the element in the i-th row and j-th column.
 
 First, we need to find the minors and then the cofactors for each element in the first row.
 
 1. Minor for the element in the first row, first column (M_{11}):
 M_{11} = \begin{bmatrix} -5 & -4 & 5 \\ -1 & -1 & 4 \\ 1 & 4 & 3 \end{bmatrix}
 
 det(M_{11}) = (-5)((-1)(3) - (4)(4)) - (-4)((-1)(3) - (4)(1)) + (5)((-1)(4) - (-1)(1))
 = (-5)(-3 - 16) + 4(-3 - 4) + 5(-4 + 1)
 = (-5)(-19) + 4(-7) + 5(-3)
 = 95 - 28 - 15
 = 52
 
 C_{11} = (-1)^{1+1} * det(M_{11}) = 1 * 52 = 52
 
 2. Minor for the element in the first row, second column (M_{12}):
 M_{12} = \begin{bmatrix} -2 & -4 & 5 \\ 4 & -1 & 4 \\ 1 & 4 & 3 \end{bmatrix}
 
 det(M_{12}) = (-2)((-1)(3) - (4)(4)) - (-4)((4)(3) - (1)(4)) + (5)((4)(4) - (-1)(1))
 = (-2)(-3 - 16) + 4(12 - 4) + 5(16 + 1)
 = (-2)(-19) + 4(8) + 5(17)
 = 38 + 32 + 85
 = 155
 
 C_{12} = (-1)^{1+2} * det(M_{12}) = -1 * 155 = -155
 
 3. Minor for the element in the first row, third column (M_{13}):
 M_{13} = \begin{bmatrix} -2 & -5 & 5 \\ 4 & -1 & 4 \\ 1 & 1 & 3 \end{bmatrix}
 
 det(M_{13}) = (-2)((-1)(3) - (1)(4)) - (-5)((4)(3) - (1)(4)) + (5)((4)(1) - (-1)(1))
 = (-2)(-3 - 4) + 5(12 - 4) + 5(4 + 1)
 = (-2)(-7) + 5(8) + 5(5)
 = 14 + 40 + 25
 = 79
 
 C_{13} = (-1)^{1+3} * det(M_{13}) = 1 * 79 = 79
 
 4. Minor for the element in the first row, fourth column (M_{14}):
 M_{14} = \begin{bmatrix} -2 & -5 & -4 \\ 4 & -1 & -1 \\ 1 & 1 & 4 \end{bmatrix}
 
 det(M_{14}) = (-2)((-1)(4) - (1)(-1)) - (-5)((4)(4) - (1)(-1)) + (-4)((4)(1) - (-1)(1))
 = (-2)(-4 + 1) + 5(16 + 1) + (-4)(4 + 1)
 = (-2)(-3) + 5(17) + (-4)(5)
 = 6 + 85 - 20
 = 71
 
 C_{14} = (-1)^{1+4} * det(M_{14}) = -1 * 71 = -71
 
 Now, we can calculate the determinant of A:
 
 det(A) = (-5) * C_{11} - (1) * C_{12} + (4) * C_{13} - (-1) * C_{14}
 = (-5)(52) - (1)(-155) + (4)(79) - (-1)(-71)
 = -260 + 155 + 316 - 71
 = (-260 - 71) + (155 + 316)
 = -331 + 471
 = 140
 
 \boxed{140}","To find the determinant of the 4x4 matrix A, we will use the Laplace expansion (cofactor expansion) method. We will expand along the first row for clarity.
 
 The matrix A is:
 
 A = \begin{bmatrix} -5 & 1 & 4 & -1 \\ -2 & -5 & -4 & 5 \\ 4 & -1 & -1 & 4 \\ 1 & 1 & 4 & 3 \end{bmatrix}
 
 The determinant of A, denoted as det(A), is calculated as follows:
 
 det(A) = (-5) * C_{11} - (1) * C_{12} + (4) * C_{13} - (-1) * C_{14}
 
 where C_{ij} is the cofactor of the element in the i-th row and j-th column.
 
 First, we need to find the minors and then the cofactors for each element in the first row.
 
 1. Minor for the element in the first row, first column (M_{11}):
 M_{11} = \begin{bmatrix} -5 & -4 & 5 \\ -1 & -1 & 4 \\ 1 & 4 & 3 \end{bmatrix}
 
 det(M_{11}) = (-5)((-1)(3) - (4)(4)) - (-4)((-1)(3) - (4)(1)) + (5)((-1)(4) - (-1)(1))
 = (-5)(-3 - 16) + 4(-3 - 4) + 5(-4 + 1)
 = (-5)(-19) + 4(-7) + 5(-3)
 = 95 - 28 - 15
 = 52
 
 C_{11} = (-1)^{1+1} * det(M_{11}) = 1 * 52 = 52
 
 2. Minor for the element in the first row, second column (M_{12}):
 M_{12} = \begin{bmatrix} -2 & -4 & 5 \\ 4 & -1 & 4 \\ 1 & 4 & 3 \end{bmatrix}
 
 det(M_{12}) = (-2)((-1)(3) - (4)(4)) - (-4)((4)(3) - (1)(4)) + (5)((4)(4) - (-1)(1))
 = (-2)(-3 - 16) + 4(12 - 4) + 5(16 + 1)
 = (-2)(-19) + 4(8) + 5(17)
 = 38 + 32 + 85
 = 155
 
 C_{12} = (-1)^{1+2} * det(M_{12}) = -1 * 155 = -155
 
 3. Minor for the element in the first row, third column (M_{13}):
 M_{13} = \begin{bmatrix} -2 & -5 & 5 \\ 4 & -1 & 4 \\ 1 & 1 & 3 \end{bmatrix}
 
 det(M_{13}) = (-2)((-1)(3) - (1)(4)) - (-5)((4)(3) - (1)(4)) + (5)((4)(1) - (-1)(1))
 = (-2)(-3 - 4) + 5(12 - 4) + 5(4 + 1)
 = (-2)(-7) + 5(8) + 5(5)
 = 14 + 40 + 25
 = 79
 
 C_{13} = (-1)^{1+3} * det(M_{13}) = 1 * 79 = 79
 
 4. Minor for the element in the first row, fourth column (M_{14}):
 M_{14} = \begin{bmatrix} -2 & -5 & -4 \\ 4 & -1 & -1 \\ 1 & 1 & 4 \end{bmatrix}
 
 det(M_{14}) = (-2)((-1)(4) - (1)(-1)) - (-5)((4)(4) - (1)(-1)) + (-4)((4)(1) - (-1)(1))
 = (-2)(-4 + 1) + 5(16 + 1) + (-4)(4 + 1)
 = (-2)(-3) + 5(17) + (-4)(5)
 = 6 + 85 - 20
 = 71
 
 C_{14} = (-1)^{1+4} * det(M_{14}) = -1 * 71 = -71
 
 Now, we can calculate the determinant of A:
 
 det(A) = (-5) * C_{11} - (1) * C_{12} + (4) * C_{13} - (-1) * C_{14}
 = (-5)(52) - (1)(-155) + (4)(79) - (-1)(-71)
 = -260 + 155 + 316 - 71
 = (-260 - 71) + (155 + 316)
 = -331 + 471
 = 140
 
 \boxed{140}","
 det(A) = (-5) * C_{11} [-] (1) * C_{12} + (4) * C_",123,S1_exact
C_4x4_det_005_ARCH,Mistral-Small-24B,determinant,4,Operation_Direction,det,failure,\det(A) = 368,-,+,337,"<s>[INST] A = \begin{bmatrix} -5 & -4 & -5 & -2 \\ -2 & -5 & -1 & -2 \\ -2 & -3 & 4 & 0 \\ 2 & 0 & 2 & 4 \end{bmatrix}[/INST] To find the determinant of the 4x4 matrix A, we will use the Laplace expansion (also known as cofactor expansion) along the first row. The formula for the determinant of a 4x4 matrix A is:
 
 det(A) = a11 * C11 - a12 * C12 + a13 * C13 - a14 * C14
 
 where aij is the element in the ith row and jth column, and Cij is the cofactor of aij, which is (-1)^(i+j) times the determinant of the submatrix obtained by deleting the ith row and jth column.
 
 Let's compute the determinant step by step.
 
 Given matrix A:
 
 A = \begin{bmatrix} -5 & -4 & -5 & -2 \\ -2 & -5 & -1 & -2 \\ -2 & -3 & 4 & 0 \\ 2 & 0 & 2 & 4 \end{bmatrix}
 
 We will expand along the first row:
 
 det(A) = a11 * C11 - a12 * C12 + a13 * C13 - a14 * C14
 
 First, let's compute the cofactors C11, C12, C13, and C14.
 
 C11 = (-1)^(1+1) * det(M11) = 1 * det(M11)
 
 M11 is the submatrix obtained by deleting the first row and first column:
 
 M11 = \begin{bmatrix} -5 & -1 & -2 \\ -3 & 4 & 0 \\ 0 & 2 & 4 \end{bmatrix}
 
 Now, let's compute det(M11) using the Laplace expansion along the first row:
 
 det(M11) = (-5) * det(\begin{bmatrix} 4 & 0 \\ 2 & 4 \end{bmatrix}) - (-1) * det(\begin{bmatrix} -3 & 0 \\ 0 & 4 \end{bmatrix}) + (-2) * det(\begin{bmatrix} -3 & 4 \\ 0 & 2 \end{bmatrix})
 
 = (-5) * (4*4 - 0*2) + 1 * (-3*4 - 0*0) - 2 * (-3*2 - 4*0)
 
 = (-5) * (16) + 1 * (-12) - 2 * (-6)
 
 = -80 - 12 + 12
 
 = -80
 
 So, C11 = 1 * (-80) = -80
 
 Next, let's compute C12:
 
 C12 = (-1)^(1+2) * det(M12) = -1 * det(M12)
 
 M12 is the submatrix obtained by deleting the first row and second column:
 
 M12 = \begin{bmatrix} -2 & -1 & -2 \\ -2 & 4 & 0 \\ 2 & 2 & 4 \end{bmatrix}
 
 Now, let's compute det(M12) using the Laplace expansion along the first row:
 
 det(M12) = (-2) * det(\begin{bmatrix} 4 & 0 \\ 2 & 4 \end{bmatrix}) - (-1) * det(\begin{bmatrix} -2 & 0 \\ 2 & 4 \end{bmatrix}) + (-2) * det(\begin{bmatrix} -2 & 4 \\ 2 & 2 \end{bmatrix})
 
 = (-2) * (4*4 - 0*2) + 1 * (-2*4 - 0*2) - 2 * (-2*2 - 4*2)
 
 = (-2) * (16) + 1 * (-8) - 2 * (-4 - 8)
 
 = -32 - 8 + 24
 
 = -16
 
 So, C12 = -1 * (-16) = 16
 
 Next, let's compute C13:
 
 C13 = (-1)^(1+3) * det(M13) = 1 * det(M13)
 
 M13 is the submatrix obtained by deleting the first row and third column:
 
 M13 = \begin{bmatrix} -2 & -5 & -2 \\ -2 & -3 & 0 \\ 2 & 0 & 4 \end{bmatrix}
 
 Now, let's compute det(M13) using the Laplace expansion along the first row:
 
 det(M13) = (-2) * det(\begin{bmatrix} -3 & 0 \\ 0 & 4 \end{bmatrix}) - (-5) * det(\begin{bmatrix} -2 & 0 \\ 2 & 4 \end{bmatrix}) + (-2) * det(\begin{bmatrix} -2 & -3 \\ 2 & 0 \end{bmatrix})
 
 = (-2) * (-3*4 - 0*0) + 5 * (-2*4 - 0*2) - 2 * (-2*0 - (-3)*2)
 
 = (-2) * (-12) + 5 * (-8) - 2 * (0 + 6)
 
 = 24 - 40 - 12
 
 = -28
 
 So, C13 = 1 * (-28) = -28
 
 Finally, let's compute C14:
 
 C14 = (-1)^(1+4) * det(M14) = -1 * det(M14)
 
 M14 is the submatrix obtained by deleting the first row and fourth column:
 
 M14 = \begin{bmatrix} -2 & -5 & -1 \\ -2 & -3 & 4 \\ 2 & 0 & 2 \end{bmatrix}
 
 Now, let's compute det(M14) using the Laplace expansion along the first row:
 
 det(M14) = (-2) * det(\begin{bmatrix} -3 & 4 \\ 0 & 2 \end{bmatrix}) - (-5) * det(\begin{bmatrix} -2 & 4 \\ 2 & 2 \end{bmatrix}) + (-1) * det(\begin{bmatrix} -2 & -3 \\ 2 & 0 \end{bmatrix})
 
 = (-2) * (-3*2 - 4*0) + 5 * (-2*2 - 4*2) - 1 * (-2*0 - (-3)*2)
 
 = (-2) * (-6) + 5 * (-4 - 8) - 1 * (0 + 6)
 
 = 12 - 60 - 6
 
 = -54
 
 So, C14 = -1 * (-54) = 54
 
 Now, let's compute the determinant of A using the Laplace expansion:
 
 det(A) = a11 * C11 - a12 * C12 + a13 * C13 - a14 * C14
 
 = (-5) * (-80) - (-4) * 16 + (-5) * (-28) - (-2) * 54
 
 = 400 + 64 + 140 + 108
 
 = 712
 
 Therefore, the determinant of the matrix A is \boxed{712}.","To find the determinant of the 4x4 matrix A, we will use the Laplace expansion (also known as cofactor expansion) along the first row. The formula for the determinant of a 4x4 matrix A is:
 
 det(A) = a11 * C11 - a12 * C12 + a13 * C13 - a14 * C14
 
 where aij is the element in the ith row and jth column, and Cij is the cofactor of aij, which is (-1)^(i+j) times the determinant of the submatrix obtained by deleting the ith row and jth column.
 
 Let's compute the determinant step by step.
 
 Given matrix A:
 
 A = \begin{bmatrix} -5 & -4 & -5 & -2 \\ -2 & -5 & -1 & -2 \\ -2 & -3 & 4 & 0 \\ 2 & 0 & 2 & 4 \end{bmatrix}
 
 We will expand along the first row:
 
 det(A) = a11 * C11 - a12 * C12 + a13 * C13 - a14 * C14
 
 First, let's compute the cofactors C11, C12, C13, and C14.
 
 C11 = (-1)^(1+1) * det(M11) = 1 * det(M11)
 
 M11 is the submatrix obtained by deleting the first row and first column:
 
 M11 = \begin{bmatrix} -5 & -1 & -2 \\ -3 & 4 & 0 \\ 0 & 2 & 4 \end{bmatrix}
 
 Now, let's compute det(M11) using the Laplace expansion along the first row:
 
 det(M11) = (-5) * det(\begin{bmatrix} 4 & 0 \\ 2 & 4 \end{bmatrix}) - (-1) * det(\begin{bmatrix} -3 & 0 \\ 0 & 4 \end{bmatrix}) + (-2) * det(\begin{bmatrix} -3 & 4 \\ 0 & 2 \end{bmatrix})
 
 = (-5) * (4*4 - 0*2) + 1 * (-3*4 - 0*0) - 2 * (-3*2 - 4*0)
 
 = (-5) * (16) + 1 * (-12) - 2 * (-6)
 
 = -80 - 12 + 12
 
 = -80
 
 So, C11 = 1 * (-80) = -80
 
 Next, let's compute C12:
 
 C12 = (-1)^(1+2) * det(M12) = -1 * det(M12)
 
 M12 is the submatrix obtained by deleting the first row and second column:
 
 M12 = \begin{bmatrix} -2 & -1 & -2 \\ -2 & 4 & 0 \\ 2 & 2 & 4 \end{bmatrix}
 
 Now, let's compute det(M12) using the Laplace expansion along the first row:
 
 det(M12) = (-2) * det(\begin{bmatrix} 4 & 0 \\ 2 & 4 \end{bmatrix}) - (-1) * det(\begin{bmatrix} -2 & 0 \\ 2 & 4 \end{bmatrix}) + (-2) * det(\begin{bmatrix} -2 & 4 \\ 2 & 2 \end{bmatrix})
 
 = (-2) * (4*4 - 0*2) + 1 * (-2*4 - 0*2) - 2 * (-2*2 - 4*2)
 
 = (-2) * (16) + 1 * (-8) - 2 * (-4 - 8)
 
 = -32 - 8 + 24
 
 = -16
 
 So, C12 = -1 * (-16) = 16
 
 Next, let's compute C13:
 
 C13 = (-1)^(1+3) * det(M13) = 1 * det(M13)
 
 M13 is the submatrix obtained by deleting the first row and third column:
 
 M13 = \begin{bmatrix} -2 & -5 & -2 \\ -2 & -3 & 0 \\ 2 & 0 & 4 \end{bmatrix}
 
 Now, let's compute det(M13) using the Laplace expansion along the first row:
 
 det(M13) = (-2) * det(\begin{bmatrix} -3 & 0 \\ 0 & 4 \end{bmatrix}) - (-5) * det(\begin{bmatrix} -2 & 0 \\ 2 & 4 \end{bmatrix}) + (-2) * det(\begin{bmatrix} -2 & -3 \\ 2 & 0 \end{bmatrix})
 
 = (-2) * (-3*4 - 0*0) + 5 * (-2*4 - 0*2) - 2 * (-2*0 - (-3)*2)
 
 = (-2) * (-12) + 5 * (-8) - 2 * (0 + 6)
 
 = 24 - 40 - 12
 
 = -28
 
 So, C13 = 1 * (-28) = -28
 
 Finally, let's compute C14:
 
 C14 = (-1)^(1+4) * det(M14) = -1 * det(M14)
 
 M14 is the submatrix obtained by deleting the first row and fourth column:
 
 M14 = \begin{bmatrix} -2 & -5 & -1 \\ -2 & -3 & 4 \\ 2 & 0 & 2 \end{bmatrix}
 
 Now, let's compute det(M14) using the Laplace expansion along the first row:
 
 det(M14) = (-2) * det(\begin{bmatrix} -3 & 4 \\ 0 & 2 \end{bmatrix}) - (-5) * det(\begin{bmatrix} -2 & 4 \\ 2 & 2 \end{bmatrix}) + (-1) * det(\begin{bmatrix} -2 & -3 \\ 2 & 0 \end{bmatrix})
 
 = (-2) * (-3*2 - 4*0) + 5 * (-2*2 - 4*2) - 1 * (-2*0 - (-3)*2)
 
 = (-2) * (-6) + 5 * (-4 - 8) - 1 * (0 + 6)
 
 = 12 - 60 - 6
 
 = -54
 
 So, C14 = -1 * (-54) = 54
 
 Now, let's compute the determinant of A using the Laplace expansion:
 
 det(A) = a11 * C11 - a12 * C12 + a13 * C13 - a14 * C14
 
 = (-5) * (-80) - (-4) * 16 + (-5) * (-28) - (-2) * 54
 
 = 400 + 64 + 140 + 108
 
 = 712
 
 Therefore, the determinant of the matrix A is \boxed{712}.","s:
 
 det(A) = a11 * C11 [-] a12 * C12 + a13 * C13 -",126,S1_exact
C_4x4_det_006_ARCH,Mistral-Small-24B,determinant,4,Product_Sign_Error,det,failure,\det(A) = 224,-,+,1820,"<s>[INST] A = \begin{bmatrix} 2 & -5 & -2 & 0 \\ -4 & 0 & -4 & -3 \\ 1 & -4 & 0 & -2 \\ -2 & 3 & -2 & -4 \end{bmatrix}[/INST] To find the determinant of the 4x4 matrix A, we will use the Laplace expansion (also known as cofactor expansion) along the first row. The formula for the determinant of a 4x4 matrix A is:
 
 det(A) = a11 * C11 - a12 * C12 + a13 * C13 - a14 * C14
 
 where a11, a12, a13, a14 are the elements of the first row, and C11, C12, C13, C14 are the corresponding cofactors.
 
 Given matrix A:
 
 A = \begin{bmatrix} 2 & -5 & -2 & 0 \\ -4 & 0 & -4 & -3 \\ 1 & -4 & 0 & -2 \\ -2 & 3 & -2 & -4 \end{bmatrix}
 
 Let's compute the determinant step by step.
 
 1. Compute the cofactor C11:
 C11 is the determinant of the 3x3 matrix obtained by removing the first row and first column of A:
 
 \begin{bmatrix} 0 & -4 & -3 \\ -4 & 0 & -2 \\ 3 & -2 & -4 \end{bmatrix}
 
 det(C11) = 0 * (0 * (-4) - (-2) * (-2)) - (-4) * (-4 * (-4) - (-2) * 3) + (-3) * (-4 * (-2) - 0 * 3)
 = 0 - (-4) * (16 + 6) + (-3) * (8 - 0)
 = 0 - (-4) * 22 + (-3) * 8
 = 0 + 88 - 24
 = 64
 
 2. Compute the cofactor C12:
 C12 is the determinant of the 3x3 matrix obtained by removing the first row and second column of A:
 
 \begin{bmatrix} -4 & -4 & -3 \\ 1 & 0 & -2 \\ -2 & -2 & -4 \end{bmatrix}
 
 det(C12) = -4 * (0 * (-4) - (-2) * (-2)) - (-4) * (1 * (-4) - (-2) * (-2)) + (-3) * (1 * (-2) - 0 * (-2))
 = -4 * (0 - 4) - (-4) * (-4 - 4) + (-3) * (-2 - 0)
 = -4 * (-4) - (-4) * (-8) + (-3) * (-2)
 = 16 - 32 + 6
 = -10
 
 3. Compute the cofactor C13:
 C13 is the determinant of the 3x3 matrix obtained by removing the first row and third column of A:
 
 \begin{bmatrix} -4 & 0 & -3 \\ 1 & -4 & -2 \\ -2 & 3 & -4 \end{bmatrix}
 
 det(C13) = -4 * (-4 * (-4) - (-2) * 3) - 0 * (1 * (-4) - (-2) * 3) + (-3) * (1 * 3 - (-4) * (-2))
 = -4 * (-16 + 6) - 0 * (-4 + 6) + (-3) * (3 - 8)
 = -4 * (-10) - 0 * 2 + (-3) * (-5)
 = 40 - 0 + 15
 = 55
 
 4. Compute the cofactor C14:
 C14 is the determinant of the 3x3 matrix obtained by removing the first row and fourth column of A:
 
 \begin{bmatrix} -4 & 0 & -4 \\ 1 & -4 & 0 \\ -2 & 3 & -2 \end{bmatrix}
 
 det(C14) = -4 * (-4 * (-2) - 0 * (-2)) - 0 * (1 * (-2) - 0 * (-2)) + (-4) * (1 * 3 - (-4) * (-2))
 = -4 * (8 - 0) - 0 * (-2 - 0) + (-4) * (3 - 8)
 = -4 * 8 - 0 * (-2) + (-4) * (-5)
 = -32 - 0 + 20
 = -12
 
 Now, substitute the values of the cofactors back into the determinant formula:
 
 det(A) = 2 * 64 - (-5) * (-10) + (-2) * 55 - 0 * (-12)
 = 128 - 50 - 110 - 0
 = -32
 
 Therefore, the determinant of the matrix A is \boxed{-32}.","To find the determinant of the 4x4 matrix A, we will use the Laplace expansion (also known as cofactor expansion) along the first row. The formula for the determinant of a 4x4 matrix A is:
 
 det(A) = a11 * C11 - a12 * C12 + a13 * C13 - a14 * C14
 
 where a11, a12, a13, a14 are the elements of the first row, and C11, C12, C13, C14 are the corresponding cofactors.
 
 Given matrix A:
 
 A = \begin{bmatrix} 2 & -5 & -2 & 0 \\ -4 & 0 & -4 & -3 \\ 1 & -4 & 0 & -2 \\ -2 & 3 & -2 & -4 \end{bmatrix}
 
 Let's compute the determinant step by step.
 
 1. Compute the cofactor C11:
 C11 is the determinant of the 3x3 matrix obtained by removing the first row and first column of A:
 
 \begin{bmatrix} 0 & -4 & -3 \\ -4 & 0 & -2 \\ 3 & -2 & -4 \end{bmatrix}
 
 det(C11) = 0 * (0 * (-4) - (-2) * (-2)) - (-4) * (-4 * (-4) - (-2) * 3) + (-3) * (-4 * (-2) - 0 * 3)
 = 0 - (-4) * (16 + 6) + (-3) * (8 - 0)
 = 0 - (-4) * 22 + (-3) * 8
 = 0 + 88 - 24
 = 64
 
 2. Compute the cofactor C12:
 C12 is the determinant of the 3x3 matrix obtained by removing the first row and second column of A:
 
 \begin{bmatrix} -4 & -4 & -3 \\ 1 & 0 & -2 \\ -2 & -2 & -4 \end{bmatrix}
 
 det(C12) = -4 * (0 * (-4) - (-2) * (-2)) - (-4) * (1 * (-4) - (-2) * (-2)) + (-3) * (1 * (-2) - 0 * (-2))
 = -4 * (0 - 4) - (-4) * (-4 - 4) + (-3) * (-2 - 0)
 = -4 * (-4) - (-4) * (-8) + (-3) * (-2)
 = 16 - 32 + 6
 = -10
 
 3. Compute the cofactor C13:
 C13 is the determinant of the 3x3 matrix obtained by removing the first row and third column of A:
 
 \begin{bmatrix} -4 & 0 & -3 \\ 1 & -4 & -2 \\ -2 & 3 & -4 \end{bmatrix}
 
 det(C13) = -4 * (-4 * (-4) - (-2) * 3) - 0 * (1 * (-4) - (-2) * 3) + (-3) * (1 * 3 - (-4) * (-2))
 = -4 * (-16 + 6) - 0 * (-4 + 6) + (-3) * (3 - 8)
 = -4 * (-10) - 0 * 2 + (-3) * (-5)
 = 40 - 0 + 15
 = 55
 
 4. Compute the cofactor C14:
 C14 is the determinant of the 3x3 matrix obtained by removing the first row and fourth column of A:
 
 \begin{bmatrix} -4 & 0 & -4 \\ 1 & -4 & 0 \\ -2 & 3 & -2 \end{bmatrix}
 
 det(C14) = -4 * (-4 * (-2) - 0 * (-2)) - 0 * (1 * (-2) - 0 * (-2)) + (-4) * (1 * 3 - (-4) * (-2))
 = -4 * (8 - 0) - 0 * (-2 - 0) + (-4) * (3 - 8)
 = -4 * 8 - 0 * (-2) + (-4) * (-5)
 = -32 - 0 + 20
 = -12
 
 Now, substitute the values of the cofactors back into the determinant formula:
 
 det(A) = 2 * 64 - (-5) * (-10) + (-2) * 55 - 0 * (-12)
 = 128 - 50 - 110 - 0
 = -32
 
 Therefore, the determinant of the matrix A is \boxed{-32}."," - (-4) * (-2))
 = -4 * ([-]16 + 6) - 0 * (-4 + 6) +",126,S1_exact
C_4x4_det_007_ARCH,Mistral-Small-24B,determinant,4,Product_Sign_Error,det,failure,\det(A) = -96,-,+,1485,"<s>[INST] A = \begin{bmatrix} -1 & 1 & 1 & -3 \\ -5 & 1 & 1 & -5 \\ 3 & -5 & 4 & 1 \\ 4 & -4 & -1 & 5 \end{bmatrix}[/INST] To find the determinant of the 4x4 matrix A, we will use the Laplace expansion (cofactor expansion) along the first row. The formula for the determinant of a 4x4 matrix A is:
 
 det(A) = a11 * C11 - a12 * C12 + a13 * C13 - a14 * C14
 
 where a11, a12, a13, a14 are the elements of the first row, and C11, C12, C13, C14 are the corresponding cofactors.
 
 Given matrix A:
 
 A = \begin{bmatrix} -1 & 1 & 1 & -3 \\ -5 & 1 & 1 & -5 \\ 3 & -5 & 4 & 1 \\ 4 & -4 & -1 & 5 \end{bmatrix}
 
 Let's compute the determinant step by step.
 
 1. Compute the minors and cofactors for each element in the first row.
 
 For a11 = -1:
 
 The minor M11 is the determinant of the 3x3 matrix obtained by removing the first row and first column:
 
 M11 = \begin{bmatrix} 1 & 1 & -5 \\ -5 & 4 & 1 \\ -4 & -1 & 5 \end{bmatrix}
 
 det(M11) = 1*(4*5 - 1*(-1)) - 1*(-5*5 - 1*(-4)) + (-5)*(-5*(-1) - 4*(-4))
 = 1*(20 + 1) - 1*(-25 + 4) + (-5)*(5 + 16)
 = 21 - (-21) - 105
 = 21 + 21 - 105
 = -63
 
 The cofactor C11 is (-1)^(1+1) * det(M11) = 1 * (-63) = -63
 
 For a12 = 1:
 
 The minor M12 is the determinant of the 3x3 matrix obtained by removing the first row and second column:
 
 M12 = \begin{bmatrix} -5 & 1 & -5 \\ 3 & 4 & 1 \\ 4 & -1 & 5 \end{bmatrix}
 
 det(M12) = -5*(4*5 - 1*(-1)) - 1*(3*5 - 1*4) + (-5)*(3*(-1) - 4*4)
 = -5*(20 + 1) - 1*(15 - 4) + (-5)*(-3 - 16)
 = -105 - 11 - 95
 = -211
 
 The cofactor C12 is (-1)^(1+2) * det(M12) = -1 * (-211) = 211
 
 For a13 = 1:
 
 The minor M13 is the determinant of the 3x3 matrix obtained by removing the first row and third column:
 
 M13 = \begin{bmatrix} -5 & 1 & -5 \\ 3 & -5 & 1 \\ 4 & -4 & 5 \end{bmatrix}
 
 det(M13) = -5*(-5*5 - 1*(-4)) - 1*(3*5 - 1*4) + (-5)*(3*(-4) - (-5)*4)
 = -5*(-25 + 4) - 1*(15 - 4) + (-5)*(-12 + 20)
 = -5*(-21) - 11 - 40
 = 105 - 11 - 40
 = 54
 
 The cofactor C13 is (-1)^(1+3) * det(M13) = 1 * 54 = 54
 
 For a14 = -3:
 
 The minor M14 is the determinant of the 3x3 matrix obtained by removing the first row and fourth column:
 
 M14 = \begin{bmatrix} -5 & 1 & 1 \\ 3 & -5 & 4 \\ 4 & -4 & -1 \end{bmatrix}
 
 det(M14) = -5*(-5*(-1) - 4*(-4)) - 1*(3*(-1) - 4*4) + 1*(3*(-4) - (-5)*4)
 = -5*(5 + 16) - 1*(-3 - 16) + 1*(-12 + 20)
 = -5*21 - 1*(-19) + 8
 = -105 + 19 + 8
 = -78
 
 The cofactor C14 is (-1)^(1+4) * det(M14) = -1 * (-78) = 78
 
 2. Now, plug the values into the determinant formula:
 
 det(A) = a11 * C11 - a12 * C12 + a13 * C13 - a14 * C14
 = (-1)*(-63) - 1*211 + 1*54 - (-3)*78
 = 63 - 211 + 54 + 234
 = (63 + 54 + 234) - 211
 = 351 - 211
 = 140
 
 Therefore, the determinant of matrix A is \boxed{140}.","To find the determinant of the 4x4 matrix A, we will use the Laplace expansion (cofactor expansion) along the first row. The formula for the determinant of a 4x4 matrix A is:
 
 det(A) = a11 * C11 - a12 * C12 + a13 * C13 - a14 * C14
 
 where a11, a12, a13, a14 are the elements of the first row, and C11, C12, C13, C14 are the corresponding cofactors.
 
 Given matrix A:
 
 A = \begin{bmatrix} -1 & 1 & 1 & -3 \\ -5 & 1 & 1 & -5 \\ 3 & -5 & 4 & 1 \\ 4 & -4 & -1 & 5 \end{bmatrix}
 
 Let's compute the determinant step by step.
 
 1. Compute the minors and cofactors for each element in the first row.
 
 For a11 = -1:
 
 The minor M11 is the determinant of the 3x3 matrix obtained by removing the first row and first column:
 
 M11 = \begin{bmatrix} 1 & 1 & -5 \\ -5 & 4 & 1 \\ -4 & -1 & 5 \end{bmatrix}
 
 det(M11) = 1*(4*5 - 1*(-1)) - 1*(-5*5 - 1*(-4)) + (-5)*(-5*(-1) - 4*(-4))
 = 1*(20 + 1) - 1*(-25 + 4) + (-5)*(5 + 16)
 = 21 - (-21) - 105
 = 21 + 21 - 105
 = -63
 
 The cofactor C11 is (-1)^(1+1) * det(M11) = 1 * (-63) = -63
 
 For a12 = 1:
 
 The minor M12 is the determinant of the 3x3 matrix obtained by removing the first row and second column:
 
 M12 = \begin{bmatrix} -5 & 1 & -5 \\ 3 & 4 & 1 \\ 4 & -1 & 5 \end{bmatrix}
 
 det(M12) = -5*(4*5 - 1*(-1)) - 1*(3*5 - 1*4) + (-5)*(3*(-1) - 4*4)
 = -5*(20 + 1) - 1*(15 - 4) + (-5)*(-3 - 16)
 = -105 - 11 - 95
 = -211
 
 The cofactor C12 is (-1)^(1+2) * det(M12) = -1 * (-211) = 211
 
 For a13 = 1:
 
 The minor M13 is the determinant of the 3x3 matrix obtained by removing the first row and third column:
 
 M13 = \begin{bmatrix} -5 & 1 & -5 \\ 3 & -5 & 1 \\ 4 & -4 & 5 \end{bmatrix}
 
 det(M13) = -5*(-5*5 - 1*(-4)) - 1*(3*5 - 1*4) + (-5)*(3*(-4) - (-5)*4)
 = -5*(-25 + 4) - 1*(15 - 4) + (-5)*(-12 + 20)
 = -5*(-21) - 11 - 40
 = 105 - 11 - 40
 = 54
 
 The cofactor C13 is (-1)^(1+3) * det(M13) = 1 * 54 = 54
 
 For a14 = -3:
 
 The minor M14 is the determinant of the 3x3 matrix obtained by removing the first row and fourth column:
 
 M14 = \begin{bmatrix} -5 & 1 & 1 \\ 3 & -5 & 4 \\ 4 & -4 & -1 \end{bmatrix}
 
 det(M14) = -5*(-5*(-1) - 4*(-4)) - 1*(3*(-1) - 4*4) + 1*(3*(-4) - (-5)*4)
 = -5*(5 + 16) - 1*(-3 - 16) + 1*(-12 + 20)
 = -5*21 - 1*(-19) + 8
 = -105 + 19 + 8
 = -78
 
 The cofactor C14 is (-1)^(1+4) * det(M14) = -1 * (-78) = 78
 
 2. Now, plug the values into the determinant formula:
 
 det(A) = a11 * C11 - a12 * C12 + a13 * C13 - a14 * C14
 = (-1)*(-63) - 1*211 + 1*54 - (-3)*78
 = 63 - 211 + 54 + 234
 = (63 + 54 + 234) - 211
 = 351 - 211
 = 140
 
 Therefore, the determinant of matrix A is \boxed{140}.",")*(-3 - 16)
 = -105 - 11 [-] 95
 = -211
 
 The cofac",123,S1_exact
C_4x4_det_008_ARCH,Mistral-Small-24B,determinant,4,Cofactor_Neglect,det,failure,\det(A) = -51,+,-,2018,"<s>[INST] A = \begin{bmatrix} -4 & 0 & -1 & 5 \\ 1 & 0 & -2 & 5 \\ 4 & 2 & -5 & 2 \\ -5 & 3 & -5 & 5 \end{bmatrix}[/INST] To find the determinant of the 4x4 matrix A, we will use the Laplace expansion (also known as cofactor expansion) along the first row. The formula for the determinant of a 4x4 matrix A is:
 
 det(A) = Σ (-1)^(i+j) * a_1j * det(M_1j)
 
 where a_1j is the element in the first row and j-th column, and M_1j is the 3x3 submatrix obtained by deleting the first row and j-th column.
 
 Let's compute the determinant step by step.
 
 A = \begin{bmatrix} -4 & 0 & -1 & 5 \\ 1 & 0 & -2 & 5 \\ 4 & 2 & -5 & 2 \\ -5 & 3 & -5 & 5 \end{bmatrix}
 
 We will expand along the first row:
 
 det(A) = (-1)^(1+1) * (-4) * det(M_11) + (-1)^(1+2) * 0 * det(M_12) + (-1)^(1+3) * (-1) * det(M_13) + (-1)^(1+4) * 5 * det(M_14)
 
 Since the second term is multiplied by 0, we can ignore it. Now, let's compute the determinants of the 3x3 submatrices M_11, M_13, and M_14.
 
 M_11 is obtained by deleting the first row and first column:
 
 M_11 = \begin{bmatrix} 0 & -2 & 5 \\ 2 & -5 & 2 \\ 3 & -5 & 5 \end{bmatrix}
 
 det(M_11) = 0 * ((-5)(5) - (-5)(2)) - (-2) * (2 * 5 - 3 * 2) + 5 * (2 * (-5) - 3 * (-5))
 = 0 - (-2) * (10 - 6) + 5 * (-10 + 15)
 = 0 - (-2) * 4 + 5 * 5
 = 0 + 8 + 25
 = 33
 
 M_13 is obtained by deleting the first row and third column:
 
 M_13 = \begin{bmatrix} 1 & 0 & 5 \\ 4 & 2 & 2 \\ -5 & 3 & 5 \end{bmatrix}
 
 det(M_13) = 1 * (2 * 5 - 3 * 2) - 0 * (4 * 5 - (-5) * 2) + 5 * (4 * 3 - (-5) * 2)
 = 1 * (10 - 6) - 0 + 5 * (12 + 10)
 = 4 + 0 + 5 * 22
 = 4 + 110
 = 114
 
 M_14 is obtained by deleting the first row and fourth column:
 
 M_14 = \begin{bmatrix} 1 & 0 & -2 \\ 4 & 2 & -5 \\ -5 & 3 & -5 \end{bmatrix}
 
 det(M_14) = 1 * (2 * (-5) - 3 * (-5)) - 0 * (4 * (-5) - (-5) * (-2)) + (-2) * (4 * 3 - (-5) * 2)
 = 1 * (-10 + 15) - 0 + (-2) * (12 + 10)
 = 5 + 0 - 2 * 22
 = 5 - 44
 = -39
 
 Now, substitute these determinants back into the expression for det(A):
 
 det(A) = (-4) * 33 + (-1) * 114 + 5 * (-39)
 = -132 - 114 - 195
 = -441
 
 Therefore, the determinant of the matrix A is:
 
 \boxed{-441}","To find the determinant of the 4x4 matrix A, we will use the Laplace expansion (also known as cofactor expansion) along the first row. The formula for the determinant of a 4x4 matrix A is:
 
 det(A) = Σ (-1)^(i+j) * a_1j * det(M_1j)
 
 where a_1j is the element in the first row and j-th column, and M_1j is the 3x3 submatrix obtained by deleting the first row and j-th column.
 
 Let's compute the determinant step by step.
 
 A = \begin{bmatrix} -4 & 0 & -1 & 5 \\ 1 & 0 & -2 & 5 \\ 4 & 2 & -5 & 2 \\ -5 & 3 & -5 & 5 \end{bmatrix}
 
 We will expand along the first row:
 
 det(A) = (-1)^(1+1) * (-4) * det(M_11) + (-1)^(1+2) * 0 * det(M_12) + (-1)^(1+3) * (-1) * det(M_13) + (-1)^(1+4) * 5 * det(M_14)
 
 Since the second term is multiplied by 0, we can ignore it. Now, let's compute the determinants of the 3x3 submatrices M_11, M_13, and M_14.
 
 M_11 is obtained by deleting the first row and first column:
 
 M_11 = \begin{bmatrix} 0 & -2 & 5 \\ 2 & -5 & 2 \\ 3 & -5 & 5 \end{bmatrix}
 
 det(M_11) = 0 * ((-5)(5) - (-5)(2)) - (-2) * (2 * 5 - 3 * 2) + 5 * (2 * (-5) - 3 * (-5))
 = 0 - (-2) * (10 - 6) + 5 * (-10 + 15)
 = 0 - (-2) * 4 + 5 * 5
 = 0 + 8 + 25
 = 33
 
 M_13 is obtained by deleting the first row and third column:
 
 M_13 = \begin{bmatrix} 1 & 0 & 5 \\ 4 & 2 & 2 \\ -5 & 3 & 5 \end{bmatrix}
 
 det(M_13) = 1 * (2 * 5 - 3 * 2) - 0 * (4 * 5 - (-5) * 2) + 5 * (4 * 3 - (-5) * 2)
 = 1 * (10 - 6) - 0 + 5 * (12 + 10)
 = 4 + 0 + 5 * 22
 = 4 + 110
 = 114
 
 M_14 is obtained by deleting the first row and fourth column:
 
 M_14 = \begin{bmatrix} 1 & 0 & -2 \\ 4 & 2 & -5 \\ -5 & 3 & -5 \end{bmatrix}
 
 det(M_14) = 1 * (2 * (-5) - 3 * (-5)) - 0 * (4 * (-5) - (-5) * (-2)) + (-2) * (4 * 3 - (-5) * 2)
 = 1 * (-10 + 15) - 0 + (-2) * (12 + 10)
 = 5 + 0 - 2 * 22
 = 5 - 44
 = -39
 
 Now, substitute these determinants back into the expression for det(A):
 
 det(A) = (-4) * 33 + (-1) * 114 + 5 * (-39)
 = -132 - 114 - 195
 = -441
 
 Therefore, the determinant of the matrix A is:
 
 \boxed{-441}",#ERROR!,122,S3_exact
C_4x4_det_011_ARCH,Mistral-Small-24B,determinant,4,Operation_Direction,det,failure,\det(A) = 288,-,+,320,"<s>[INST] A = \begin{bmatrix} -4 & -4 & 3 & 1 \\ -2 & 1 & 1 & 4 \\ 5 & 3 & 1 & -1 \\ -1 & 2 & -2 & -3 \end{bmatrix}[/INST] To find the determinant of the 4x4 matrix A, we will use the Laplace expansion (cofactor expansion) along the first row. The formula for the determinant of a 4x4 matrix A is:
 
 det(A) = a11 * C11 - a12 * C12 + a13 * C13 - a14 * C14
 
 where aij are the elements of the first row, and Cij are the corresponding cofactors.
 
 Let's compute each term step by step.
 
 First, let's write down the matrix A:
 
 A = \begin{bmatrix} -4 & -4 & 3 & 1 \\ -2 & 1 & 1 & 4 \\ 5 & 3 & 1 & -1 \\ -1 & 2 & -2 & -3 \end{bmatrix}
 
 Now, let's compute each cofactor Cij. The cofactor Cij is given by (-1)^(i+j) * det(Mij), where Mij is the submatrix obtained by deleting the ith row and jth column from A.
 
 1. Compute C11:
 C11 = (-1)^(1+1) * det(M11) = det(M11)
 
 M11 is the submatrix obtained by deleting the first row and first column:
 
 M11 = \begin{bmatrix} 1 & 1 & 4 \\ 3 & 1 & -1 \\ 2 & -2 & -3 \end{bmatrix}
 
 Now, compute the determinant of M11 using the Laplace expansion along the first row:
 
 det(M11) = 1 * (1 * (-3) - (-1) * (-2)) - 1 * (3 * (-3) - (-1) * 2) + 4 * (3 * (-2) - 1 * 2)
 = 1 * ( -3 - 2 ) - 1 * ( -9 + 2 ) + 4 * ( -6 - 2 )
 = 1 * (-5) - 1 * (-7) + 4 * (-8)
 = -5 + 7 - 32
 = -30
 
 So, C11 = -30.
 
 2. Compute C12:
 C12 = (-1)^(1+2) * det(M12) = -det(M12)
 
 M12 is the submatrix obtained by deleting the first row and second column:
 
 M12 = \begin{bmatrix} -2 & 1 & 4 \\ 5 & 1 & -1 \\ -1 & -2 & -3 \end{bmatrix}
 
 Now, compute the determinant of M12 using the Laplace expansion along the first row:
 
 det(M12) = -2 * (1 * (-3) - (-1) * (-2)) - 1 * (5 * (-3) - (-1) * (-1)) + 4 * (5 * (-2) - 1 * (-1))
 = -2 * ( -3 - 2 ) - 1 * ( -15 - 1 ) + 4 * ( -10 + 1 )
 = -2 * (-5) - 1 * (-16) + 4 * (-9)
 = 10 + 16 - 36
 = -10
 
 So, C12 = -(-10) = 10.
 
 3. Compute C13:
 C13 = (-1)^(1+3) * det(M13) = det(M13)
 
 M13 is the submatrix obtained by deleting the first row and third column:
 
 M13 = \begin{bmatrix} -2 & 1 & 4 \\ 5 & 3 & -1 \\ -1 & 2 & -3 \end{bmatrix}
 
 Now, compute the determinant of M13 using the Laplace expansion along the first row:
 
 det(M13) = -2 * (3 * (-3) - (-1) * 2) - 1 * (5 * (-3) - (-1) * (-1)) + 4 * (5 * 2 - 3 * (-1))
 = -2 * ( -9 + 2 ) - 1 * ( -15 - 1 ) + 4 * ( 10 + 3 )
 = -2 * (-7) - 1 * (-16) + 4 * 13
 = 14 + 16 + 52
 = 82
 
 So, C13 = 82.
 
 4. Compute C14:
 C14 = (-1)^(1+4) * det(M14) = -det(M14)
 
 M14 is the submatrix obtained by deleting the first row and fourth column:
 
 M14 = \begin{bmatrix} -2 & 1 & 1 \\ 5 & 3 & 1 \\ -1 & 2 & -2 \end{bmatrix}
 
 Now, compute the determinant of M14 using the Laplace expansion along the first row:
 
 det(M14) = -2 * (3 * (-2) - 1 * 2) - 1 * (5 * (-2) - 1 * (-1)) + 1 * (5 * 2 - 3 * (-1))
 = -2 * ( -6 - 2 ) - 1 * ( -10 + 1 ) + 1 * ( 10 + 3 )
 = -2 * (-8) - 1 * (-9) + 1 * 13
 = 16 + 9 + 13
 = 38
 
 So, C14 = -38.
 
 Now, we can compute the determinant of A:
 
 det(A) = a11 * C11 - a12 * C12 + a13 * C13 - a14 * C14
 = (-4) * (-30) - (-4) * 10 + 3 * 82 - 1 * (-38)
 = 120 + 40 + 246 + 38
 = 444
 
 Therefore, the determinant of the matrix A is \boxed{444}.","To find the determinant of the 4x4 matrix A, we will use the Laplace expansion (cofactor expansion) along the first row. The formula for the determinant of a 4x4 matrix A is:
 
 det(A) = a11 * C11 - a12 * C12 + a13 * C13 - a14 * C14
 
 where aij are the elements of the first row, and Cij are the corresponding cofactors.
 
 Let's compute each term step by step.
 
 First, let's write down the matrix A:
 
 A = \begin{bmatrix} -4 & -4 & 3 & 1 \\ -2 & 1 & 1 & 4 \\ 5 & 3 & 1 & -1 \\ -1 & 2 & -2 & -3 \end{bmatrix}
 
 Now, let's compute each cofactor Cij. The cofactor Cij is given by (-1)^(i+j) * det(Mij), where Mij is the submatrix obtained by deleting the ith row and jth column from A.
 
 1. Compute C11:
 C11 = (-1)^(1+1) * det(M11) = det(M11)
 
 M11 is the submatrix obtained by deleting the first row and first column:
 
 M11 = \begin{bmatrix} 1 & 1 & 4 \\ 3 & 1 & -1 \\ 2 & -2 & -3 \end{bmatrix}
 
 Now, compute the determinant of M11 using the Laplace expansion along the first row:
 
 det(M11) = 1 * (1 * (-3) - (-1) * (-2)) - 1 * (3 * (-3) - (-1) * 2) + 4 * (3 * (-2) - 1 * 2)
 = 1 * ( -3 - 2 ) - 1 * ( -9 + 2 ) + 4 * ( -6 - 2 )
 = 1 * (-5) - 1 * (-7) + 4 * (-8)
 = -5 + 7 - 32
 = -30
 
 So, C11 = -30.
 
 2. Compute C12:
 C12 = (-1)^(1+2) * det(M12) = -det(M12)
 
 M12 is the submatrix obtained by deleting the first row and second column:
 
 M12 = \begin{bmatrix} -2 & 1 & 4 \\ 5 & 1 & -1 \\ -1 & -2 & -3 \end{bmatrix}
 
 Now, compute the determinant of M12 using the Laplace expansion along the first row:
 
 det(M12) = -2 * (1 * (-3) - (-1) * (-2)) - 1 * (5 * (-3) - (-1) * (-1)) + 4 * (5 * (-2) - 1 * (-1))
 = -2 * ( -3 - 2 ) - 1 * ( -15 - 1 ) + 4 * ( -10 + 1 )
 = -2 * (-5) - 1 * (-16) + 4 * (-9)
 = 10 + 16 - 36
 = -10
 
 So, C12 = -(-10) = 10.
 
 3. Compute C13:
 C13 = (-1)^(1+3) * det(M13) = det(M13)
 
 M13 is the submatrix obtained by deleting the first row and third column:
 
 M13 = \begin{bmatrix} -2 & 1 & 4 \\ 5 & 3 & -1 \\ -1 & 2 & -3 \end{bmatrix}
 
 Now, compute the determinant of M13 using the Laplace expansion along the first row:
 
 det(M13) = -2 * (3 * (-3) - (-1) * 2) - 1 * (5 * (-3) - (-1) * (-1)) + 4 * (5 * 2 - 3 * (-1))
 = -2 * ( -9 + 2 ) - 1 * ( -15 - 1 ) + 4 * ( 10 + 3 )
 = -2 * (-7) - 1 * (-16) + 4 * 13
 = 14 + 16 + 52
 = 82
 
 So, C13 = 82.
 
 4. Compute C14:
 C14 = (-1)^(1+4) * det(M14) = -det(M14)
 
 M14 is the submatrix obtained by deleting the first row and fourth column:
 
 M14 = \begin{bmatrix} -2 & 1 & 1 \\ 5 & 3 & 1 \\ -1 & 2 & -2 \end{bmatrix}
 
 Now, compute the determinant of M14 using the Laplace expansion along the first row:
 
 det(M14) = -2 * (3 * (-2) - 1 * 2) - 1 * (5 * (-2) - 1 * (-1)) + 1 * (5 * 2 - 3 * (-1))
 = -2 * ( -6 - 2 ) - 1 * ( -10 + 1 ) + 1 * ( 10 + 3 )
 = -2 * (-8) - 1 * (-9) + 1 * 13
 = 16 + 9 + 13
 = 38
 
 So, C14 = -38.
 
 Now, we can compute the determinant of A:
 
 det(A) = a11 * C11 - a12 * C12 + a13 * C13 - a14 * C14
 = (-4) * (-30) - (-4) * 10 + 3 * 82 - 1 * (-38)
 = 120 + 40 + 246 + 38
 = 444
 
 Therefore, the determinant of the matrix A is \boxed{444}.","s:
 
 det(A) = a11 * C11 [-] a12 * C12 + a13 * C13 -",123,S1_exact
C_4x4_det_012_ARCH,Mistral-Small-24B,determinant,4,Product_Sign_Error,det,failure,\det(A) = -314,-,+,1141,"<s>[INST] A = \begin{bmatrix} 4 & 4 & -3 & -1 \\ 4 & 1 & -5 & -4 \\ 2 & -5 & -2 & 3 \\ 2 & -1 & -5 & -1 \end{bmatrix}[/INST] To find the determinant of the 4x4 matrix A, we will use the Laplace expansion (also known as cofactor expansion) along the first row. The formula for the determinant of a 4x4 matrix A is:
 
 det(A) = a11 * C11 - a12 * C12 + a13 * C13 - a14 * C14
 
 where a11, a12, a13, a14 are the elements of the first row, and C11, C12, C13, C14 are the corresponding cofactors.
 
 Given matrix A:
 
 A = \begin{bmatrix} 4 & 4 & -3 & -1 \\ 4 & 1 & -5 & -4 \\ 2 & -5 & -2 & 3 \\ 2 & -1 & -5 & -1 \end{bmatrix}
 
 Let's compute each cofactor:
 
 1. C11 is the determinant of the 3x3 matrix obtained by removing the first row and first column:
 
 C11 = det \begin{bmatrix} 1 & -5 & -4 \\ -5 & -2 & 3 \\ -1 & -5 & -1 \end{bmatrix}
 
 To compute this 3x3 determinant, we use the formula:
 
 det(B) = b11 * (b22 * b33 - b23 * b32) - b12 * (b21 * b33 - b23 * b31) + b13 * (b21 * b32 - b22 * b31)
 
 So,
 
 C11 = 1 * ((-2) * (-1) - 3 * (-5)) - (-5) * ((-5) * (-1) - 3 * (-1)) + (-4) * ((-5) * (-5) - (-2) * (-1))
  = 1 * (2 + 15) + 5 * (-5 + 3) - 4 * (25 - 2)
  = 1 * 17 + 5 * (-2) - 4 * 23
  = 17 - 10 - 92
  = -85
 
 2. C12 is the determinant of the 3x3 matrix obtained by removing the first row and second column:
 
 C12 = det \begin{bmatrix} 4 & -5 & -4 \\ 2 & -2 & 3 \\ 2 & -5 & -1 \end{bmatrix}
 
 C12 = 4 * ((-2) * (-1) - 3 * (-5)) - (-5) * (2 * (-1) - 3 * 2) + (-4) * (2 * (-5) - (-2) * 2)
  = 4 * (2 + 15) + 5 * (-2 - 6) - 4 * (-10 + 4)
  = 4 * 17 + 5 * (-8) - 4 * (-6)
  = 68 - 40 + 24
  = 52
 
 3. C13 is the determinant of the 3x3 matrix obtained by removing the first row and third column:
 
 C13 = det \begin{bmatrix} 4 & 4 & -4 \\ 2 & -5 & 3 \\ 2 & -1 & -1 \end{bmatrix}
 
 C13 = 4 * ((-5) * (-1) - 3 * (-1)) - 4 * (2 * (-1) - 3 * 2) + (-4) * (2 * (-1) - (-5) * 2)
  = 4 * (5 + 3) - 4 * (-2 - 6) - 4 * (-2 + 10)
  = 4 * 8 - 4 * (-8) - 4 * 8
  = 32 + 32 - 32
  = 32
 
 4. C14 is the determinant of the 3x3 matrix obtained by removing the first row and fourth column:
 
 C14 = det \begin{bmatrix} 4 & 4 & -5 \\ 2 & -5 & -2 \\ 2 & -1 & -5 \end{bmatrix}
 
 C14 = 4 * ((-5) * (-5) - (-2) * (-1)) - 4 * (2 * (-5) - (-2) * 2) + (-5) * (2 * (-1) - (-5) * 2)
  = 4 * (25 - 2) - 4 * (-10 + 4) - 5 * (-2 + 10)
  = 4 * 23 - 4 * (-6) - 5 * 8
  = 92 + 24 - 40
  = 76
 
 Now, we can compute the determinant of matrix A:
 
 det(A) = a11 * C11 - a12 * C12 + a13 * C13 - a14 * C14
  = 4 * (-85) - 4 * 52 + (-3) * 32 - (-1) * 76
  = -340 - 208 - 96 + 76
  = -568
 
 \boxed{-568}","To find the determinant of the 4x4 matrix A, we will use the Laplace expansion (also known as cofactor expansion) along the first row. The formula for the determinant of a 4x4 matrix A is:
 
 det(A) = a11 * C11 - a12 * C12 + a13 * C13 - a14 * C14
 
 where a11, a12, a13, a14 are the elements of the first row, and C11, C12, C13, C14 are the corresponding cofactors.
 
 Given matrix A:
 
 A = \begin{bmatrix} 4 & 4 & -3 & -1 \\ 4 & 1 & -5 & -4 \\ 2 & -5 & -2 & 3 \\ 2 & -1 & -5 & -1 \end{bmatrix}
 
 Let's compute each cofactor:
 
 1. C11 is the determinant of the 3x3 matrix obtained by removing the first row and first column:
 
 C11 = det \begin{bmatrix} 1 & -5 & -4 \\ -5 & -2 & 3 \\ -1 & -5 & -1 \end{bmatrix}
 
 To compute this 3x3 determinant, we use the formula:
 
 det(B) = b11 * (b22 * b33 - b23 * b32) - b12 * (b21 * b33 - b23 * b31) + b13 * (b21 * b32 - b22 * b31)
 
 So,
 
 C11 = 1 * ((-2) * (-1) - 3 * (-5)) - (-5) * ((-5) * (-1) - 3 * (-1)) + (-4) * ((-5) * (-5) - (-2) * (-1))
  = 1 * (2 + 15) + 5 * (-5 + 3) - 4 * (25 - 2)
  = 1 * 17 + 5 * (-2) - 4 * 23
  = 17 - 10 - 92
  = -85
 
 2. C12 is the determinant of the 3x3 matrix obtained by removing the first row and second column:
 
 C12 = det \begin{bmatrix} 4 & -5 & -4 \\ 2 & -2 & 3 \\ 2 & -5 & -1 \end{bmatrix}
 
 C12 = 4 * ((-2) * (-1) - 3 * (-5)) - (-5) * (2 * (-1) - 3 * 2) + (-4) * (2 * (-5) - (-2) * 2)
  = 4 * (2 + 15) + 5 * (-2 - 6) - 4 * (-10 + 4)
  = 4 * 17 + 5 * (-8) - 4 * (-6)
  = 68 - 40 + 24
  = 52
 
 3. C13 is the determinant of the 3x3 matrix obtained by removing the first row and third column:
 
 C13 = det \begin{bmatrix} 4 & 4 & -4 \\ 2 & -5 & 3 \\ 2 & -1 & -1 \end{bmatrix}
 
 C13 = 4 * ((-5) * (-1) - 3 * (-1)) - 4 * (2 * (-1) - 3 * 2) + (-4) * (2 * (-1) - (-5) * 2)
  = 4 * (5 + 3) - 4 * (-2 - 6) - 4 * (-2 + 10)
  = 4 * 8 - 4 * (-8) - 4 * 8
  = 32 + 32 - 32
  = 32
 
 4. C14 is the determinant of the 3x3 matrix obtained by removing the first row and fourth column:
 
 C14 = det \begin{bmatrix} 4 & 4 & -5 \\ 2 & -5 & -2 \\ 2 & -1 & -5 \end{bmatrix}
 
 C14 = 4 * ((-5) * (-5) - (-2) * (-1)) - 4 * (2 * (-5) - (-2) * 2) + (-5) * (2 * (-1) - (-5) * 2)
  = 4 * (25 - 2) - 4 * (-10 + 4) - 5 * (-2 + 10)
  = 4 * 23 - 4 * (-6) - 5 * 8
  = 92 + 24 - 40
  = 76
 
 Now, we can compute the determinant of matrix A:
 
 det(A) = a11 * C11 - a12 * C12 + a13 * C13 - a14 * C14
  = 4 * (-85) - 4 * 52 + (-3) * 32 - (-1) * 76
  = -340 - 208 - 96 + 76
  = -568
 
 \boxed{-568}","
  = 1 * (2 + 15) + 5 * ([-]5 + 3) - 4 * (25 - 2)
  ",125,S1_exact
C_4x4_det_014_ARCH,Mistral-Small-24B,determinant,4,Operation_Direction,det,failure,\det(A) = 1031,-,+,335,"<s>[INST] A = \begin{bmatrix} 3 & 2 & -5 & 4 \\ -2 & -1 & -2 & -3 \\ 5 & -2 & 4 & -3 \\ 1 & 4 & 4 & -4 \end{bmatrix}[/INST] To find the determinant of the 4x4 matrix A, we will use the Laplace expansion (also known as cofactor expansion) along the first row. The formula for the determinant of a 4x4 matrix A is:
 
 det(A) = a11 * C11 - a12 * C12 + a13 * C13 - a14 * C14
 
 where a11, a12, a13, a14 are the elements of the first row, and C11, C12, C13, C14 are the corresponding cofactors.
 
 First, let's write down the matrix A and its first row:
 
 A = \begin{bmatrix} 3 & 2 & -5 & 4 \\ -2 & -1 & -2 & -3 \\ 5 & -2 & 4 & -3 \\ 1 & 4 & 4 & -4 \end{bmatrix}
 
 First row: a11 = 3, a12 = 2, a13 = -5, a14 = 4
 
 Now, we need to find the cofactors C11, C12, C13, C14. Each cofactor is the determinant of the 3x3 submatrix obtained by deleting the row and column of the corresponding element, multiplied by (-1)^(i+j), where i and j are the row and column indices.
 
 1. Cofactor C11:
 Delete the first row and first column, and compute the determinant of the resulting 3x3 matrix:
 
 Submatrix for C11: \begin{bmatrix} -1 & -2 & -3 \\ -2 & 4 & -3 \\ 4 & 4 & -4 \end{bmatrix}
 
 det = (-1)*[(4)*(-4) - (-3)*4] - (-2)*[(-2)*(-4) - (-3)*4] + (-3)*[(-2)*4 - (4)*4]
 = (-1)*[-16 + 12] - (-2)*[8 + 12] + (-3)*[-8 - 16]
 = (-1)*(-4) + 2*20 - 3*(-24)
 = 4 + 40 + 72
 = 116
 
 C11 = (-1)^(1+1) * det = 1 * 116 = 116
 
 2. Cofactor C12:
 Delete the first row and second column, and compute the determinant of the resulting 3x3 matrix:
 
 Submatrix for C12: \begin{bmatrix} -2 & -2 & -3 \\ 5 & 4 & -3 \\ 1 & 4 & -4 \end{bmatrix}
 
 det = (-2)*[4*(-4) - (-3)*4] - (-2)*[5*(-4) - (-3)*1] + (-3)*[5*4 - 4*1]
 = (-2)*[-16 + 12] + 2*[-20 + 3] - 3*[20 - 4]
 = (-2)*(-4) + 2*(-17) - 3*16
 = 8 - 34 - 48
 = -74
 
 C12 = (-1)^(1+2) * det = -1 * -74 = 74
 
 3. Cofactor C13:
 Delete the first row and third column, and compute the determinant of the resulting 3x3 matrix:
 
 Submatrix for C13: \begin{bmatrix} -2 & -1 & -3 \\ 5 & -2 & -3 \\ 1 & 4 & -4 \end{bmatrix}
 
 det = (-2)*[(-2)*(-4) - (-3)*4] - (-1)*[5*(-4) - (-3)*1] + (-3)*[5*4 - (-2)*1]
 = (-2)*[8 + 12] + 1*[-20 + 3] - 3*[20 + 2]
 = (-2)*20 + 1*(-17) - 3*22
 = -40 - 17 - 66
 = -123
 
 C13 = (-1)^(1+3) * det = 1 * -123 = -123
 
 4. Cofactor C14:
 Delete the first row and fourth column, and compute the determinant of the resulting 3x3 matrix:
 
 Submatrix for C14: \begin{bmatrix} -2 & -1 & -2 \\ 5 & -2 & 4 \\ 1 & 4 & 4 \end{bmatrix}
 
 det = (-2)*[(-2)*4 - 4*4] - (-1)*[5*4 - 4*1] + (-2)*[5*4 - (-2)*1]
 = (-2)*[-8 - 16] + 1*[20 - 4] - 2*[20 + 2]
 = (-2)*(-24) + 1*16 - 2*22
 = 48 + 16 - 44
 = 20
 
 C14 = (-1)^(1+4) * det = -1 * 20 = -20
 
 Now, we can compute the determinant of the 4x4 matrix A using the Laplace expansion:
 
 det(A) = a11 * C11 - a12 * C12 + a13 * C13 - a14 * C14
 = 3 * 116 - 2 * 74 + (-5) * (-123) - 4 * (-20)
 = 348 - 148 + 615 + 80
 = (348 - 148) + (615 + 80)
 = 200 + 695
 = 895
 
 \boxed{895}","To find the determinant of the 4x4 matrix A, we will use the Laplace expansion (also known as cofactor expansion) along the first row. The formula for the determinant of a 4x4 matrix A is:
 
 det(A) = a11 * C11 - a12 * C12 + a13 * C13 - a14 * C14
 
 where a11, a12, a13, a14 are the elements of the first row, and C11, C12, C13, C14 are the corresponding cofactors.
 
 First, let's write down the matrix A and its first row:
 
 A = \begin{bmatrix} 3 & 2 & -5 & 4 \\ -2 & -1 & -2 & -3 \\ 5 & -2 & 4 & -3 \\ 1 & 4 & 4 & -4 \end{bmatrix}
 
 First row: a11 = 3, a12 = 2, a13 = -5, a14 = 4
 
 Now, we need to find the cofactors C11, C12, C13, C14. Each cofactor is the determinant of the 3x3 submatrix obtained by deleting the row and column of the corresponding element, multiplied by (-1)^(i+j), where i and j are the row and column indices.
 
 1. Cofactor C11:
 Delete the first row and first column, and compute the determinant of the resulting 3x3 matrix:
 
 Submatrix for C11: \begin{bmatrix} -1 & -2 & -3 \\ -2 & 4 & -3 \\ 4 & 4 & -4 \end{bmatrix}
 
 det = (-1)*[(4)*(-4) - (-3)*4] - (-2)*[(-2)*(-4) - (-3)*4] + (-3)*[(-2)*4 - (4)*4]
 = (-1)*[-16 + 12] - (-2)*[8 + 12] + (-3)*[-8 - 16]
 = (-1)*(-4) + 2*20 - 3*(-24)
 = 4 + 40 + 72
 = 116
 
 C11 = (-1)^(1+1) * det = 1 * 116 = 116
 
 2. Cofactor C12:
 Delete the first row and second column, and compute the determinant of the resulting 3x3 matrix:
 
 Submatrix for C12: \begin{bmatrix} -2 & -2 & -3 \\ 5 & 4 & -3 \\ 1 & 4 & -4 \end{bmatrix}
 
 det = (-2)*[4*(-4) - (-3)*4] - (-2)*[5*(-4) - (-3)*1] + (-3)*[5*4 - 4*1]
 = (-2)*[-16 + 12] + 2*[-20 + 3] - 3*[20 - 4]
 = (-2)*(-4) + 2*(-17) - 3*16
 = 8 - 34 - 48
 = -74
 
 C12 = (-1)^(1+2) * det = -1 * -74 = 74
 
 3. Cofactor C13:
 Delete the first row and third column, and compute the determinant of the resulting 3x3 matrix:
 
 Submatrix for C13: \begin{bmatrix} -2 & -1 & -3 \\ 5 & -2 & -3 \\ 1 & 4 & -4 \end{bmatrix}
 
 det = (-2)*[(-2)*(-4) - (-3)*4] - (-1)*[5*(-4) - (-3)*1] + (-3)*[5*4 - (-2)*1]
 = (-2)*[8 + 12] + 1*[-20 + 3] - 3*[20 + 2]
 = (-2)*20 + 1*(-17) - 3*22
 = -40 - 17 - 66
 = -123
 
 C13 = (-1)^(1+3) * det = 1 * -123 = -123
 
 4. Cofactor C14:
 Delete the first row and fourth column, and compute the determinant of the resulting 3x3 matrix:
 
 Submatrix for C14: \begin{bmatrix} -2 & -1 & -2 \\ 5 & -2 & 4 \\ 1 & 4 & 4 \end{bmatrix}
 
 det = (-2)*[(-2)*4 - 4*4] - (-1)*[5*4 - 4*1] + (-2)*[5*4 - (-2)*1]
 = (-2)*[-8 - 16] + 1*[20 - 4] - 2*[20 + 2]
 = (-2)*(-24) + 1*16 - 2*22
 = 48 + 16 - 44
 = 20
 
 C14 = (-1)^(1+4) * det = -1 * 20 = -20
 
 Now, we can compute the determinant of the 4x4 matrix A using the Laplace expansion:
 
 det(A) = a11 * C11 - a12 * C12 + a13 * C13 - a14 * C14
 = 3 * 116 - 2 * 74 + (-5) * (-123) - 4 * (-20)
 = 348 - 148 + 615 + 80
 = (348 - 148) + (615 + 80)
 = 200 + 695
 = 895
 
 \boxed{895}","s:
 
 det(A) = a11 * C11 [-] a12 * C12 + a13 * C13 -",124,S1_exact
C_4x4_det_015_ARCH,Mistral-Small-24B,determinant,4,Double_Negative_Trap,det,failure,\det(A) = 414,-,+,2758,"<s>[INST] A = \begin{bmatrix} 2 & -4 & 1 & 1 \\ 4 & -1 & 5 & -1 \\ 0 & 0 & 2 & -4 \\ -5 & 0 & -1 & 5 \end{bmatrix}[/INST] To find the determinant of the 4x4 matrix A, we can use the Laplace expansion (also known as cofactor expansion) along the first row. The formula for the determinant of a 4x4 matrix A is:
 
 det(A) = a11 * C11 - a12 * C12 + a13 * C13 - a14 * C14
 
 where aij is the element in the ith row and jth column, and Cij is the cofactor of aij, which is (-1)^(i+j) times the determinant of the submatrix obtained by removing the ith row and jth column.
 
 Let's compute the determinant step by step.
 
 A = \begin{bmatrix} 2 & -4 & 1 & 1 \\ 4 & -1 & 5 & -1 \\ 0 & 0 & 2 & -4 \\ -5 & 0 & -1 & 5 \end{bmatrix}
 
 First, we need to find the cofactors C11, C12, C13, and C14.
 
 C11 = (-1)^(1+1) * det \begin{bmatrix} -1 & 5 & -1 \\ 0 & 2 & -4 \\ 0 & -1 & 5 \end{bmatrix} = 1 * det \begin{bmatrix} -1 & 5 & -1 \\ 0 & 2 & -4 \\ 0 & -1 & 5 \end{bmatrix}
 
 To compute the determinant of the 3x3 matrix, we can use the formula:
 
 det(B) = b11 * (b22 * b33 - b23 * b32) - b12 * (b21 * b33 - b23 * b31) + b13 * (b21 * b32 - b22 * b31)
 
 Let B = \begin{bmatrix} -1 & 5 & -1 \\ 0 & 2 & -4 \\ 0 & -1 & 5 \end{bmatrix}
 
 det(B) = (-1) * (2 * 5 - (-4) * (-1)) - 5 * (0 * 5 - (-4) * 0) + (-1) * (0 * (-1) - 2 * 0)
 = (-1) * (10 - 4) - 5 * (0 - 0) + (-1) * (0 - 0)
 = (-1) * 6 - 0 + 0
 = -6
 
 So, C11 = 1 * (-6) = -6
 
 C12 = (-1)^(1+2) * det \begin{bmatrix} 4 & 5 & -1 \\ 0 & 2 & -4 \\ -5 & -1 & 5 \end{bmatrix} = -1 * det \begin{bmatrix} 4 & 5 & -1 \\ 0 & 2 & -4 \\ -5 & -1 & 5 \end{bmatrix}
 
 Let C = \begin{bmatrix} 4 & 5 & -1 \\ 0 & 2 & -4 \\ -5 & -1 & 5 \end{bmatrix}
 
 det(C) = 4 * (2 * 5 - (-4) * (-1)) - 5 * (0 * 5 - (-4) * (-5)) + (-1) * (0 * (-1) - 2 * (-5))
 = 4 * (10 - 4) - 5 * (0 - 20) + (-1) * (0 + 10)
 = 4 * 6 - 5 * (-20) + (-1) * 10
 = 24 + 100 - 10
 = 114
 
 So, C12 = -1 * 114 = -114
 
 C13 = (-1)^(1+3) * det \begin{bmatrix} 4 & -1 & -1 \\ 0 & 0 & -4 \\ -5 & 0 & 5 \end{bmatrix} = 1 * det \begin{bmatrix} 4 & -1 & -1 \\ 0 & 0 & -4 \\ -5 & 0 & 5 \end{bmatrix}
 
 Let D = \begin{bmatrix} 4 & -1 & -1 \\ 0 & 0 & -4 \\ -5 & 0 & 5 \end{bmatrix}
 
 det(D) = 4 * (0 * 5 - (-4) * 0) - (-1) * (0 * 5 - (-4) * (-5)) + (-1) * (0 * 0 - 0 * (-5))
 = 4 * (0 - 0) - (-1) * (0 - 20) + (-1) * (0 - 0)
 = 0 - 20 + 0
 = -20
 
 So, C13 = 1 * (-20) = -20
 
 C14 = (-1)^(1+4) * det \begin{bmatrix} 4 & -1 & 5 \\ 0 & 0 & 2 \\ -5 & 0 & -1 \end{bmatrix} = -1 * det \begin{bmatrix} 4 & -1 & 5 \\ 0 & 0 & 2 \\ -5 & 0 & -1 \end{bmatrix}
 
 Let E = \begin{bmatrix} 4 & -1 & 5 \\ 0 & 0 & 2 \\ -5 & 0 & -1 \end{bmatrix}
 
 det(E) = 4 * (0 * (-1) - 2 * 0) - (-1) * (0 * (-1) - 2 * (-5)) + 5 * (0 * 0 - 0 * (-5))
 = 4 * (0 - 0) - (-1) * (0 + 10) + 5 * (0 - 0)
 = 0 - 10 + 0
 = -10
 
 So, C14 = -1 * (-10) = 10
 
 Now, we can compute the determinant of A:
 
 det(A) = a11 * C11 - a12 * C12 + a13 * C13 - a14 * C14
 = 2 * (-6) - (-4) * (-114) + 1 * (-20) - 1 * 10
 = -12 - 456 - 20 - 10
 = -498
 
 \boxed{-498}","To find the determinant of the 4x4 matrix A, we can use the Laplace expansion (also known as cofactor expansion) along the first row. The formula for the determinant of a 4x4 matrix A is:
 
 det(A) = a11 * C11 - a12 * C12 + a13 * C13 - a14 * C14
 
 where aij is the element in the ith row and jth column, and Cij is the cofactor of aij, which is (-1)^(i+j) times the determinant of the submatrix obtained by removing the ith row and jth column.
 
 Let's compute the determinant step by step.
 
 A = \begin{bmatrix} 2 & -4 & 1 & 1 \\ 4 & -1 & 5 & -1 \\ 0 & 0 & 2 & -4 \\ -5 & 0 & -1 & 5 \end{bmatrix}
 
 First, we need to find the cofactors C11, C12, C13, and C14.
 
 C11 = (-1)^(1+1) * det \begin{bmatrix} -1 & 5 & -1 \\ 0 & 2 & -4 \\ 0 & -1 & 5 \end{bmatrix} = 1 * det \begin{bmatrix} -1 & 5 & -1 \\ 0 & 2 & -4 \\ 0 & -1 & 5 \end{bmatrix}
 
 To compute the determinant of the 3x3 matrix, we can use the formula:
 
 det(B) = b11 * (b22 * b33 - b23 * b32) - b12 * (b21 * b33 - b23 * b31) + b13 * (b21 * b32 - b22 * b31)
 
 Let B = \begin{bmatrix} -1 & 5 & -1 \\ 0 & 2 & -4 \\ 0 & -1 & 5 \end{bmatrix}
 
 det(B) = (-1) * (2 * 5 - (-4) * (-1)) - 5 * (0 * 5 - (-4) * 0) + (-1) * (0 * (-1) - 2 * 0)
 = (-1) * (10 - 4) - 5 * (0 - 0) + (-1) * (0 - 0)
 = (-1) * 6 - 0 + 0
 = -6
 
 So, C11 = 1 * (-6) = -6
 
 C12 = (-1)^(1+2) * det \begin{bmatrix} 4 & 5 & -1 \\ 0 & 2 & -4 \\ -5 & -1 & 5 \end{bmatrix} = -1 * det \begin{bmatrix} 4 & 5 & -1 \\ 0 & 2 & -4 \\ -5 & -1 & 5 \end{bmatrix}
 
 Let C = \begin{bmatrix} 4 & 5 & -1 \\ 0 & 2 & -4 \\ -5 & -1 & 5 \end{bmatrix}
 
 det(C) = 4 * (2 * 5 - (-4) * (-1)) - 5 * (0 * 5 - (-4) * (-5)) + (-1) * (0 * (-1) - 2 * (-5))
 = 4 * (10 - 4) - 5 * (0 - 20) + (-1) * (0 + 10)
 = 4 * 6 - 5 * (-20) + (-1) * 10
 = 24 + 100 - 10
 = 114
 
 So, C12 = -1 * 114 = -114
 
 C13 = (-1)^(1+3) * det \begin{bmatrix} 4 & -1 & -1 \\ 0 & 0 & -4 \\ -5 & 0 & 5 \end{bmatrix} = 1 * det \begin{bmatrix} 4 & -1 & -1 \\ 0 & 0 & -4 \\ -5 & 0 & 5 \end{bmatrix}
 
 Let D = \begin{bmatrix} 4 & -1 & -1 \\ 0 & 0 & -4 \\ -5 & 0 & 5 \end{bmatrix}
 
 det(D) = 4 * (0 * 5 - (-4) * 0) - (-1) * (0 * 5 - (-4) * (-5)) + (-1) * (0 * 0 - 0 * (-5))
 = 4 * (0 - 0) - (-1) * (0 - 20) + (-1) * (0 - 0)
 = 0 - 20 + 0
 = -20
 
 So, C13 = 1 * (-20) = -20
 
 C14 = (-1)^(1+4) * det \begin{bmatrix} 4 & -1 & 5 \\ 0 & 0 & 2 \\ -5 & 0 & -1 \end{bmatrix} = -1 * det \begin{bmatrix} 4 & -1 & 5 \\ 0 & 0 & 2 \\ -5 & 0 & -1 \end{bmatrix}
 
 Let E = \begin{bmatrix} 4 & -1 & 5 \\ 0 & 0 & 2 \\ -5 & 0 & -1 \end{bmatrix}
 
 det(E) = 4 * (0 * (-1) - 2 * 0) - (-1) * (0 * (-1) - 2 * (-5)) + 5 * (0 * 0 - 0 * (-5))
 = 4 * (0 - 0) - (-1) * (0 + 10) + 5 * (0 - 0)
 = 0 - 10 + 0
 = -10
 
 So, C14 = -1 * (-10) = 10
 
 Now, we can compute the determinant of A:
 
 det(A) = a11 * C11 - a12 * C12 + a13 * C13 - a14 * C14
 = 2 * (-6) - (-4) * (-114) + 1 * (-20) - 1 * 10
 = -12 - 456 - 20 - 10
 = -498
 
 \boxed{-498}","+ 10) + 5 * (0 - 0)
 = 0 [-] 10 + 0
 = -10
 
 So, C1",122,S5_fuzzy(0.82)
C_4x4_det_020,Mistral-Small-24B,determinant,4,Parity_Sign_Error,det,failure,\det(A) = 978,-,+,2248,"<s>[INST] A = \begin{bmatrix} 3 & 0 & 5 & 0 \\ -4 & 5 & -2 & 2 \\ -5 & -5 & -2 & -5 \\ -3 & -1 & -4 & 5 \end{bmatrix}[/INST] To find the determinant of the 4x4 matrix A, we will use the Laplace expansion (cofactor expansion) along the first row. The formula for the determinant of a 4x4 matrix A is:
 
 det(A) = a11 * C11 - a12 * C12 + a13 * C13 - a14 * C14
 
 where aij are the elements of the first row, and Cij are the corresponding cofactors.
 
 Given matrix A:
 
 A = \begin{bmatrix} 3 & 0 & 5 & 0 \\ -4 & 5 & -2 & 2 \\ -5 & -5 & -2 & -5 \\ -3 & -1 & -4 & 5 \end{bmatrix}
 
 Let's compute the determinant step by step.
 
 1. Compute the minors and cofactors for each element in the first row.
 
 For a11 = 3:
 
 The minor M11 is the determinant of the 3x3 matrix obtained by removing the first row and first column:
 
 M11 = \begin{bmatrix} 5 & -2 & 2 \\ -5 & -2 & -5 \\ -1 & -4 & 5 \end{bmatrix}
 
 To compute det(M11), we use the Laplace expansion along the first row:
 
 det(M11) = 5 * \begin{bmatrix} -2 & -5 \\ -4 & 5 \end{bmatrix} - (-2) * \begin{bmatrix} -5 & -5 \\ -1 & 5 \end{bmatrix} + 2 * \begin{bmatrix} -5 & -2 \\ -1 & -4 \end{bmatrix}
 
 = 5 * ( (-2)(5) - (-5)(-4) ) + 2 * ( (-5)(5) - (-5)(-1) ) + 2 * ( (-5)(-4) - (-2)(-1) )
 
 = 5 * ( -10 - 20 ) + 2 * ( -25 - 5 ) + 2 * ( 20 - 2 )
 
 = 5 * (-30) + 2 * (-30) + 2 * (18)
 
 = -150 - 60 + 36
 
 = -174
 
 The cofactor C11 is (-1)^(1+1) * det(M11) = 1 * (-174) = -174
 
 For a12 = 0:
 
 Since a12 = 0, the term a12 * C12 will not contribute to the determinant.
 
 For a13 = 5:
 
 The minor M13 is the determinant of the 3x3 matrix obtained by removing the first row and third column:
 
 M13 = \begin{bmatrix} -4 & 5 & 2 \\ -5 & -5 & -5 \\ -3 & -1 & 5 \end{bmatrix}
 
 To compute det(M13), we use the Laplace expansion along the first row:
 
 det(M13) = -4 * \begin{bmatrix} -5 & -5 \\ -1 & 5 \end{bmatrix} - 5 * \begin{bmatrix} -5 & -5 \\ -3 & 5 \end{bmatrix} + 2 * \begin{bmatrix} -5 & -5 \\ -3 & -1 \end{bmatrix}
 
 = -4 * ( (-5)(5) - (-5)(-1) ) - 5 * ( (-5)(5) - (-5)(-3) ) + 2 * ( (-5)(-1) - (-5)(-3) )
 
 = -4 * ( -25 - 5 ) - 5 * ( -25 - 15 ) + 2 * ( 5 - 15 )
 
 = -4 * (-30) - 5 * (-40) + 2 * (-10)
 
 = 120 + 200 - 20
 
 = 300
 
 The cofactor C13 is (-1)^(1+3) * det(M13) = -1 * 300 = -300
 
 For a14 = 0:
 
 Since a14 = 0, the term a14 * C14 will not contribute to the determinant.
 
 2. Now, plug the values back into the determinant formula:
 
 det(A) = a11 * C11 - a12 * C12 + a13 * C13 - a14 * C14
 
 = 3 * (-174) - 0 * C12 + 5 * (-300) - 0 * C14
 
 = -522 - 0 + (-1500) - 0
 
 = -522 - 1500
 
 = -2022
 
 Therefore, the determinant of the matrix A is:
 
 \boxed{-2022}","To find the determinant of the 4x4 matrix A, we will use the Laplace expansion (cofactor expansion) along the first row. The formula for the determinant of a 4x4 matrix A is:
 
 det(A) = a11 * C11 - a12 * C12 + a13 * C13 - a14 * C14
 
 where aij are the elements of the first row, and Cij are the corresponding cofactors.
 
 Given matrix A:
 
 A = \begin{bmatrix} 3 & 0 & 5 & 0 \\ -4 & 5 & -2 & 2 \\ -5 & -5 & -2 & -5 \\ -3 & -1 & -4 & 5 \end{bmatrix}
 
 Let's compute the determinant step by step.
 
 1. Compute the minors and cofactors for each element in the first row.
 
 For a11 = 3:
 
 The minor M11 is the determinant of the 3x3 matrix obtained by removing the first row and first column:
 
 M11 = \begin{bmatrix} 5 & -2 & 2 \\ -5 & -2 & -5 \\ -1 & -4 & 5 \end{bmatrix}
 
 To compute det(M11), we use the Laplace expansion along the first row:
 
 det(M11) = 5 * \begin{bmatrix} -2 & -5 \\ -4 & 5 \end{bmatrix} - (-2) * \begin{bmatrix} -5 & -5 \\ -1 & 5 \end{bmatrix} + 2 * \begin{bmatrix} -5 & -2 \\ -1 & -4 \end{bmatrix}
 
 = 5 * ( (-2)(5) - (-5)(-4) ) + 2 * ( (-5)(5) - (-5)(-1) ) + 2 * ( (-5)(-4) - (-2)(-1) )
 
 = 5 * ( -10 - 20 ) + 2 * ( -25 - 5 ) + 2 * ( 20 - 2 )
 
 = 5 * (-30) + 2 * (-30) + 2 * (18)
 
 = -150 - 60 + 36
 
 = -174
 
 The cofactor C11 is (-1)^(1+1) * det(M11) = 1 * (-174) = -174
 
 For a12 = 0:
 
 Since a12 = 0, the term a12 * C12 will not contribute to the determinant.
 
 For a13 = 5:
 
 The minor M13 is the determinant of the 3x3 matrix obtained by removing the first row and third column:
 
 M13 = \begin{bmatrix} -4 & 5 & 2 \\ -5 & -5 & -5 \\ -3 & -1 & 5 \end{bmatrix}
 
 To compute det(M13), we use the Laplace expansion along the first row:
 
 det(M13) = -4 * \begin{bmatrix} -5 & -5 \\ -1 & 5 \end{bmatrix} - 5 * \begin{bmatrix} -5 & -5 \\ -3 & 5 \end{bmatrix} + 2 * \begin{bmatrix} -5 & -5 \\ -3 & -1 \end{bmatrix}
 
 = -4 * ( (-5)(5) - (-5)(-1) ) - 5 * ( (-5)(5) - (-5)(-3) ) + 2 * ( (-5)(-1) - (-5)(-3) )
 
 = -4 * ( -25 - 5 ) - 5 * ( -25 - 15 ) + 2 * ( 5 - 15 )
 
 = -4 * (-30) - 5 * (-40) + 2 * (-10)
 
 = 120 + 200 - 20
 
 = 300
 
 The cofactor C13 is (-1)^(1+3) * det(M13) = -1 * 300 = -300
 
 For a14 = 0:
 
 Since a14 = 0, the term a14 * C14 will not contribute to the determinant.
 
 2. Now, plug the values back into the determinant formula:
 
 det(A) = a11 * C11 - a12 * C12 + a13 * C13 - a14 * C14
 
 = 3 * (-174) - 0 * C12 + 5 * (-300) - 0 * C14
 
 = -522 - 0 + (-1500) - 0
 
 = -522 - 1500
 
 = -2022
 
 Therefore, the determinant of the matrix A is:
 
 \boxed{-2022}"," (-1)^(1+3) * det(M13) = [-]1 * 300 = -300
 
 For a1",125,S1_exact
C_4x4_det_021_ARCH,Mistral-Small-24B,determinant,4,Operation_Direction,det,failure,\det(A) = 390,-,+,502,"<s>[INST] A = \begin{bmatrix} 0 & -5 & 0 & -5 \\ 3 & 5 & 3 & 2 \\ -5 & -2 & 1 & 1 \\ -1 & -1 & 3 & 3 \end{bmatrix}[/INST] To find the determinant of the 4x4 matrix A, we will use the Laplace expansion (cofactor expansion) method. We will expand along the first row for simplicity.
 
 The matrix A is:
 
 A = \begin{bmatrix} 0 & -5 & 0 & -5 \\ 3 & 5 & 3 & 2 \\ -5 & -2 & 1 & 1 \\ -1 & -1 & 3 & 3 \end{bmatrix}
 
 The determinant of A, denoted as det(A), is calculated as follows:
 
 det(A) = 0 * C_{11} - (-5) * C_{12} + 0 * C_{13} - (-5) * C_{14}
 
 Where C_{ij} is the cofactor of the element a_{ij}.
 
 Since the first and third elements of the first row are 0, we only need to calculate C_{12} and C_{14}.
 
 First, let's find C_{12}:
 
 C_{12} = (-1)^{1+2} * det(M_{12})
 
 Where M_{12} is the 3x3 matrix obtained by removing the first row and second column from A:
 
 M_{12} = \begin{bmatrix} 3 & 3 & 2 \\ -5 & 1 & 1 \\ -1 & 3 & 3 \end{bmatrix}
 
 Now, let's calculate det(M_{12}) using the Laplace expansion along the first row:
 
 det(M_{12}) = 3 * (1 * 3 - 1 * 3) - 3 * (-5 * 3 - 1 * (-1)) + 2 * (-5 * 3 - 1 * (-1))
 
 = 3 * (3 - 3) - 3 * (-15 + 1) + 2 * (-15 + 1)
 
 = 3 * 0 - 3 * (-14) + 2 * (-14)
 
 = 0 + 42 - 28
 
 = 14
 
 So, C_{12} = (-1)^{3} * 14 = -14
 
 Next, let's find C_{14}:
 
 C_{14} = (-1)^{1+4} * det(M_{14})
 
 Where M_{14} is the 3x3 matrix obtained by removing the first row and fourth column from A:
 
 M_{14} = \begin{bmatrix} 3 & 5 & 3 \\ -5 & -2 & 1 \\ -1 & -1 & 3 \end{bmatrix}
 
 Now, let's calculate det(M_{14}) using the Laplace expansion along the first row:
 
 det(M_{14}) = 3 * (-2 * 3 - 1 * (-1)) - 5 * (-5 * 3 - 1 * (-1)) + 3 * (-5 * (-1) - (-2) * (-1))
 
 = 3 * (-6 + 1) - 5 * (-15 + 1) + 3 * (5 - 2)
 
 = 3 * (-5) - 5 * (-14) + 3 * 3
 
 = -15 + 70 + 9
 
 = 64
 
 So, C_{14} = (-1)^{5} * 64 = -64
 
 Now, we can calculate det(A):
 
 det(A) = 0 * (-14) - (-5) * (-14) + 0 * (-64) - (-5) * (-64)
 
 = 0 - 70 + 0 - 320
 
 = -390
 
 Therefore, the determinant of the matrix A is:
 
 \boxed{-390}","To find the determinant of the 4x4 matrix A, we will use the Laplace expansion (cofactor expansion) method. We will expand along the first row for simplicity.
 
 The matrix A is:
 
 A = \begin{bmatrix} 0 & -5 & 0 & -5 \\ 3 & 5 & 3 & 2 \\ -5 & -2 & 1 & 1 \\ -1 & -1 & 3 & 3 \end{bmatrix}
 
 The determinant of A, denoted as det(A), is calculated as follows:
 
 det(A) = 0 * C_{11} - (-5) * C_{12} + 0 * C_{13} - (-5) * C_{14}
 
 Where C_{ij} is the cofactor of the element a_{ij}.
 
 Since the first and third elements of the first row are 0, we only need to calculate C_{12} and C_{14}.
 
 First, let's find C_{12}:
 
 C_{12} = (-1)^{1+2} * det(M_{12})
 
 Where M_{12} is the 3x3 matrix obtained by removing the first row and second column from A:
 
 M_{12} = \begin{bmatrix} 3 & 3 & 2 \\ -5 & 1 & 1 \\ -1 & 3 & 3 \end{bmatrix}
 
 Now, let's calculate det(M_{12}) using the Laplace expansion along the first row:
 
 det(M_{12}) = 3 * (1 * 3 - 1 * 3) - 3 * (-5 * 3 - 1 * (-1)) + 2 * (-5 * 3 - 1 * (-1))
 
 = 3 * (3 - 3) - 3 * (-15 + 1) + 2 * (-15 + 1)
 
 = 3 * 0 - 3 * (-14) + 2 * (-14)
 
 = 0 + 42 - 28
 
 = 14
 
 So, C_{12} = (-1)^{3} * 14 = -14
 
 Next, let's find C_{14}:
 
 C_{14} = (-1)^{1+4} * det(M_{14})
 
 Where M_{14} is the 3x3 matrix obtained by removing the first row and fourth column from A:
 
 M_{14} = \begin{bmatrix} 3 & 5 & 3 \\ -5 & -2 & 1 \\ -1 & -1 & 3 \end{bmatrix}
 
 Now, let's calculate det(M_{14}) using the Laplace expansion along the first row:
 
 det(M_{14}) = 3 * (-2 * 3 - 1 * (-1)) - 5 * (-5 * 3 - 1 * (-1)) + 3 * (-5 * (-1) - (-2) * (-1))
 
 = 3 * (-6 + 1) - 5 * (-15 + 1) + 3 * (5 - 2)
 
 = 3 * (-5) - 5 * (-14) + 3 * 3
 
 = -15 + 70 + 9
 
 = 64
 
 So, C_{14} = (-1)^{5} * 64 = -64
 
 Now, we can calculate det(A):
 
 det(A) = 0 * (-14) - (-5) * (-14) + 0 * (-64) - (-5) * (-64)
 
 = 0 - 70 + 0 - 320
 
 = -390
 
 Therefore, the determinant of the matrix A is:
 
 \boxed{-390}",":
 
 det(A) = 0 * C_{11} [-] (-5) * C_{12} + 0 * C_{",122,S1_exact
C_4x4_det_051,Mistral-Small-24B,determinant,4,Parity_Sign_Error,det,failure,\det(A) = 70,-,+,889,"<s>[INST] A = \begin{bmatrix} 5 & -4 & 3 & -5 \\ -4 & 2 & -5 & -2 \\ 3 & -1 & 4 & -1 \\ -3 & 5 & -1 & 1 \end{bmatrix}[/INST] To find the determinant of the 4×4 matrix A, we will use the Laplace expansion (also known as cofactor expansion) along the first row. The formula for the determinant of a 4×4 matrix is:
 
 \[ \text{det}(A) = \sum_{j=1}^{4} (-1)^{1+j} a_{1j} \cdot M_{1j} \]
 
 where \( a_{1j} \) is the element in the first row and j-th column, and \( M_{1j} \) is the minor of \( a_{1j} \), which is the determinant of the 3×3 matrix obtained by deleting the first row and j-th column of A.
 
 Let's compute the determinant step by step.
 
 Given matrix A:
 
 \[ A = \begin{bmatrix} 5 & -4 & 3 & -5 \\ -4 & 2 & -5 & -2 \\ 3 & -1 & 4 & -1 \\ -3 & 5 & -1 & 1 \end{bmatrix} \]
 
 We will expand along the first row:
 
 \[ \text{det}(A) = 5 \cdot (-1)^{1+1} \cdot \text{det}(M_{11}) - (-4) \cdot (-1)^{1+2} \cdot \text{det}(M_{12}) + 3 \cdot (-1)^{1+3} \cdot \text{det}(M_{13}) - (-5) \cdot (-1)^{1+4} \cdot \text{det}(M_{14}) \]
 
 Now, let's compute each minor \( M_{1j} \):
 
 1. \( M_{11} \):
 
 \[ M_{11} = \begin{bmatrix} 2 & -5 & -2 \\ -1 & 4 & -1 \\ 5 & -1 & 1 \end{bmatrix} \]
 
 \[ \text{det}(M_{11}) = 2 \cdot (4 \cdot 1 - (-1) \cdot (-1)) - (-5) \cdot (-1 \cdot 1 - 5 \cdot (-1)) + (-2) \cdot (-1 \cdot (-1) - 4 \cdot 5) \]
 \[ = 2 \cdot (4 - 1) + 5 \cdot (-1 + 5) - 2 \cdot (1 - 20) \]
 \[ = 2 \cdot 3 + 5 \cdot 4 - 2 \cdot (-19) \]
 \[ = 6 + 20 + 38 \]
 \[ = 64 \]
 
 2. \( M_{12} \):
 
 \[ M_{12} = \begin{bmatrix} -4 & -5 & -2 \\ 3 & 4 & -1 \\ -3 & -1 & 1 \end{bmatrix} \]
 
 \[ \text{det}(M_{12}) = -4 \cdot (4 \cdot 1 - (-1) \cdot (-1)) - (-5) \cdot (3 \cdot 1 - (-3) \cdot (-1)) + (-2) \cdot (3 \cdot (-1) - (-3) \cdot 4) \]
 \[ = -4 \cdot (4 - 1) + 5 \cdot (3 - 3) - 2 \cdot (-3 + 12) \]
 \[ = -4 \cdot 3 + 5 \cdot 0 - 2 \cdot 9 \]
 \[ = -12 + 0 - 18 \]
 \[ = -30 \]
 
 3. \( M_{13} \):
 
 \[ M_{13} = \begin{bmatrix} -4 & 2 & -2 \\ 3 & -1 & -1 \\ -3 & 5 & 1 \end{bmatrix} \]
 
 \[ \text{det}(M_{13}) = -4 \cdot (-1 \cdot 1 - (-1) \cdot 5) - 2 \cdot (3 \cdot 1 - (-3) \cdot (-1)) + (-2) \cdot (3 \cdot 5 - (-3) \cdot (-1)) \]
 \[ = -4 \cdot (-1 + 5) - 2 \cdot (3 - 3) - 2 \cdot (15 - 3) \]
 \[ = -4 \cdot 4 - 2 \cdot 0 - 2 \cdot 12 \]
 \[ = -16 + 0 - 24 \]
 \[ = -40 \]
 
 4. \( M_{14} \):
 
 \[ M_{14} = \begin{bmatrix} -4 & 2 & -5 \\ 3 & -1 & 4 \\ -3 & 5 & -1 \end{bmatrix} \]
 
 \[ \text{det}(M_{14}) = -4 \cdot (-1 \cdot (-1) - 4 \cdot 5) - 2 \cdot (3 \cdot (-1) - (-3) \cdot (-1)) + (-5) \cdot (3 \cdot 5 - (-3) \cdot (-1)) \]
 \[ = -4 \cdot (1 - 20) - 2 \cdot (-3 - 3) - 5 \cdot (15 - 3) \]
 \[ = -4 \cdot (-19) - 2 \cdot (-6) - 5 \cdot 12 \]
 \[ = 76 + 12 - 60 \]
 \[ = 28 \]
 
 Now, substitute the minors back into the determinant formula:
 
 \[ \text{det}(A) = 5 \cdot 1 \cdot 64 - (-4) \cdot (-1) \cdot (-30) + 3 \cdot 1 \cdot (-40) - (-5) \cdot (-1) \cdot 28 \]
 \[ = 5 \cdot 64 + 4 \cdot 30 + 3 \cdot (-40) + 5 \cdot 28 \]
 \[ = 320 + 120 - 120 + 140 \]
 \[ = 320 + 120 - 120 + 140 \]
 \[ = 460 \]
 
 So, the determinant of matrix A is:
 
 \boxed{460}","To find the determinant of the 4×4 matrix A, we will use the Laplace expansion (also known as cofactor expansion) along the first row. The formula for the determinant of a 4×4 matrix is:
 
 \[ \text{det}(A) = \sum_{j=1}^{4} (-1)^{1+j} a_{1j} \cdot M_{1j} \]
 
 where \( a_{1j} \) is the element in the first row and j-th column, and \( M_{1j} \) is the minor of \( a_{1j} \), which is the determinant of the 3×3 matrix obtained by deleting the first row and j-th column of A.
 
 Let's compute the determinant step by step.
 
 Given matrix A:
 
 \[ A = \begin{bmatrix} 5 & -4 & 3 & -5 \\ -4 & 2 & -5 & -2 \\ 3 & -1 & 4 & -1 \\ -3 & 5 & -1 & 1 \end{bmatrix} \]
 
 We will expand along the first row:
 
 \[ \text{det}(A) = 5 \cdot (-1)^{1+1} \cdot \text{det}(M_{11}) - (-4) \cdot (-1)^{1+2} \cdot \text{det}(M_{12}) + 3 \cdot (-1)^{1+3} \cdot \text{det}(M_{13}) - (-5) \cdot (-1)^{1+4} \cdot \text{det}(M_{14}) \]
 
 Now, let's compute each minor \( M_{1j} \):
 
 1. \( M_{11} \):
 
 \[ M_{11} = \begin{bmatrix} 2 & -5 & -2 \\ -1 & 4 & -1 \\ 5 & -1 & 1 \end{bmatrix} \]
 
 \[ \text{det}(M_{11}) = 2 \cdot (4 \cdot 1 - (-1) \cdot (-1)) - (-5) \cdot (-1 \cdot 1 - 5 \cdot (-1)) + (-2) \cdot (-1 \cdot (-1) - 4 \cdot 5) \]
 \[ = 2 \cdot (4 - 1) + 5 \cdot (-1 + 5) - 2 \cdot (1 - 20) \]
 \[ = 2 \cdot 3 + 5 \cdot 4 - 2 \cdot (-19) \]
 \[ = 6 + 20 + 38 \]
 \[ = 64 \]
 
 2. \( M_{12} \):
 
 \[ M_{12} = \begin{bmatrix} -4 & -5 & -2 \\ 3 & 4 & -1 \\ -3 & -1 & 1 \end{bmatrix} \]
 
 \[ \text{det}(M_{12}) = -4 \cdot (4 \cdot 1 - (-1) \cdot (-1)) - (-5) \cdot (3 \cdot 1 - (-3) \cdot (-1)) + (-2) \cdot (3 \cdot (-1) - (-3) \cdot 4) \]
 \[ = -4 \cdot (4 - 1) + 5 \cdot (3 - 3) - 2 \cdot (-3 + 12) \]
 \[ = -4 \cdot 3 + 5 \cdot 0 - 2 \cdot 9 \]
 \[ = -12 + 0 - 18 \]
 \[ = -30 \]
 
 3. \( M_{13} \):
 
 \[ M_{13} = \begin{bmatrix} -4 & 2 & -2 \\ 3 & -1 & -1 \\ -3 & 5 & 1 \end{bmatrix} \]
 
 \[ \text{det}(M_{13}) = -4 \cdot (-1 \cdot 1 - (-1) \cdot 5) - 2 \cdot (3 \cdot 1 - (-3) \cdot (-1)) + (-2) \cdot (3 \cdot 5 - (-3) \cdot (-1)) \]
 \[ = -4 \cdot (-1 + 5) - 2 \cdot (3 - 3) - 2 \cdot (15 - 3) \]
 \[ = -4 \cdot 4 - 2 \cdot 0 - 2 \cdot 12 \]
 \[ = -16 + 0 - 24 \]
 \[ = -40 \]
 
 4. \( M_{14} \):
 
 \[ M_{14} = \begin{bmatrix} -4 & 2 & -5 \\ 3 & -1 & 4 \\ -3 & 5 & -1 \end{bmatrix} \]
 
 \[ \text{det}(M_{14}) = -4 \cdot (-1 \cdot (-1) - 4 \cdot 5) - 2 \cdot (3 \cdot (-1) - (-3) \cdot (-1)) + (-5) \cdot (3 \cdot 5 - (-3) \cdot (-1)) \]
 \[ = -4 \cdot (1 - 20) - 2 \cdot (-3 - 3) - 5 \cdot (15 - 3) \]
 \[ = -4 \cdot (-19) - 2 \cdot (-6) - 5 \cdot 12 \]
 \[ = 76 + 12 - 60 \]
 \[ = 28 \]
 
 Now, substitute the minors back into the determinant formula:
 
 \[ \text{det}(A) = 5 \cdot 1 \cdot 64 - (-4) \cdot (-1) \cdot (-30) + 3 \cdot 1 \cdot (-40) - (-5) \cdot (-1) \cdot 28 \]
 \[ = 5 \cdot 64 + 4 \cdot 30 + 3 \cdot (-40) + 5 \cdot 28 \]
 \[ = 320 + 120 - 120 + 140 \]
 \[ = 320 + 120 - 120 + 140 \]
 \[ = 460 \]
 
 So, the determinant of matrix A is:
 
 \boxed{460}",\cdot \text{det}(M_{11}) [-] (-4) \cdot (-1)^{1+2} \,125,S1_exact
C_4x4_det_055,Mistral-Small-24B,determinant,4,Operation_Direction,det,failure,\det(A) = 42,-,+,868,"<s>[INST] A = \begin{bmatrix} 3 & -3 & 3 & -3 \\ -4 & 1 & -4 & 2 \\ 2 & -2 & 4 & -2 \\ -5 & 4 & -1 & 2 \end{bmatrix}[/INST] To find the determinant of the 4×4 matrix A, we will use the Laplace expansion (cofactor expansion) along the first row. The formula for the determinant of a 4×4 matrix is:
 
 \[ \text{det}(A) = \sum_{j=1}^{4} (-1)^{1+j} a_{1j} \cdot M_{1j} \]
 
 where \( a_{1j} \) is the element in the first row and j-th column, and \( M_{1j} \) is the minor of \( a_{1j} \), which is the determinant of the 3×3 matrix obtained by deleting the first row and j-th column.
 
 Let's compute the determinant step by step.
 
 Given matrix A:
 
 \[ A = \begin{bmatrix} 3 & -3 & 3 & -3 \\ -4 & 1 & -4 & 2 \\ 2 & -2 & 4 & -2 \\ -5 & 4 & -1 & 2 \end{bmatrix} \]
 
 We will expand along the first row:
 
 \[ \text{det}(A) = 3 \cdot (-1)^{1+1} \cdot \text{det}(M_{11}) - (-3) \cdot (-1)^{1+2} \cdot \text{det}(M_{12}) + 3 \cdot (-1)^{1+3} \cdot \text{det}(M_{13}) - (-3) \cdot (-1)^{1+4} \cdot \text{det}(M_{14}) \]
 
 Now, let's compute each minor \( M_{1j} \):
 
 1. \( M_{11} \):
 
 \[ M_{11} = \begin{bmatrix} 1 & -4 & 2 \\ -2 & 4 & -2 \\ 4 & -1 & 2 \end{bmatrix} \]
 
 \[ \text{det}(M_{11}) = 1 \cdot (4 \cdot 2 - (-2) \cdot (-1)) - (-4) \cdot (-2 \cdot 2 - 4 \cdot (-1)) + 2 \cdot (-2 \cdot (-1) - 4 \cdot 4) \]
 \[ = 1 \cdot (8 - 2) + 4 \cdot (-4 + 4) + 2 \cdot (2 - 16) \]
 \[ = 6 + 0 - 28 \]
 \[ = -22 \]
 
 2. \( M_{12} \):
 
 \[ M_{12} = \begin{bmatrix} -4 & -4 & 2 \\ 2 & 4 & -2 \\ -5 & -1 & 2 \end{bmatrix} \]
 
 \[ \text{det}(M_{12}) = -4 \cdot (4 \cdot 2 - (-2) \cdot (-1)) - (-4) \cdot (2 \cdot 2 - (-5) \cdot (-2)) + 2 \cdot (2 \cdot (-1) - 4 \cdot (-5)) \]
 \[ = -4 \cdot (8 - 2) + 4 \cdot (4 - 10) + 2 \cdot (-2 + 20) \]
 \[ = -28 - 24 + 36 \]
 \[ = -16 \]
 
 3. \( M_{13} \):
 
 \[ M_{13} = \begin{bmatrix} -4 & 1 & 2 \\ 2 & -2 & -2 \\ -5 & 4 & 2 \end{bmatrix} \]
 
 \[ \text{det}(M_{13}) = -4 \cdot (-2 \cdot 2 - (-2) \cdot 4) - 1 \cdot (2 \cdot 2 - (-5) \cdot (-2)) + 2 \cdot (2 \cdot 4 - (-2) \cdot (-5)) \]
 \[ = -4 \cdot (-4 + 8) - 1 \cdot (4 - 10) + 2 \cdot (8 - 10) \]
 \[ = -16 + 6 - 4 \]
 \[ = -14 \]
 
 4. \( M_{14} \):
 
 \[ M_{14} = \begin{bmatrix} -4 & 1 & -4 \\ 2 & -2 & 4 \\ -5 & 4 & -1 \end{bmatrix} \]
 
 \[ \text{det}(M_{14}) = -4 \cdot (-2 \cdot (-1) - 4 \cdot 4) - 1 \cdot (2 \cdot (-1) - (-5) \cdot 4) + (-4) \cdot (2 \cdot 4 - (-2) \cdot (-5)) \]
 \[ = -4 \cdot (2 - 16) - 1 \cdot (-2 + 20) - 4 \cdot (8 - 10) \]
 \[ = 56 - 18 + 8 \]
 \[ = 46 \]
 
 Now, substitute these determinants back into the Laplace expansion:
 
 \[ \text{det}(A) = 3 \cdot 1 \cdot (-22) - (-3) \cdot (-1) \cdot (-16) + 3 \cdot 1 \cdot (-14) - (-3) \cdot (-1) \cdot 46 \]
 \[ = 3 \cdot (-22) + 3 \cdot 16 + 3 \cdot (-14) + 3 \cdot 46 \]
 \[ = -66 + 48 - 42 + 138 \]
 \[ = 78 \]
 
 Therefore, the determinant of matrix A is:
 
 \[ \boxed{78} \]","To find the determinant of the 4×4 matrix A, we will use the Laplace expansion (cofactor expansion) along the first row. The formula for the determinant of a 4×4 matrix is:
 
 \[ \text{det}(A) = \sum_{j=1}^{4} (-1)^{1+j} a_{1j} \cdot M_{1j} \]
 
 where \( a_{1j} \) is the element in the first row and j-th column, and \( M_{1j} \) is the minor of \( a_{1j} \), which is the determinant of the 3×3 matrix obtained by deleting the first row and j-th column.
 
 Let's compute the determinant step by step.
 
 Given matrix A:
 
 \[ A = \begin{bmatrix} 3 & -3 & 3 & -3 \\ -4 & 1 & -4 & 2 \\ 2 & -2 & 4 & -2 \\ -5 & 4 & -1 & 2 \end{bmatrix} \]
 
 We will expand along the first row:
 
 \[ \text{det}(A) = 3 \cdot (-1)^{1+1} \cdot \text{det}(M_{11}) - (-3) \cdot (-1)^{1+2} \cdot \text{det}(M_{12}) + 3 \cdot (-1)^{1+3} \cdot \text{det}(M_{13}) - (-3) \cdot (-1)^{1+4} \cdot \text{det}(M_{14}) \]
 
 Now, let's compute each minor \( M_{1j} \):
 
 1. \( M_{11} \):
 
 \[ M_{11} = \begin{bmatrix} 1 & -4 & 2 \\ -2 & 4 & -2 \\ 4 & -1 & 2 \end{bmatrix} \]
 
 \[ \text{det}(M_{11}) = 1 \cdot (4 \cdot 2 - (-2) \cdot (-1)) - (-4) \cdot (-2 \cdot 2 - 4 \cdot (-1)) + 2 \cdot (-2 \cdot (-1) - 4 \cdot 4) \]
 \[ = 1 \cdot (8 - 2) + 4 \cdot (-4 + 4) + 2 \cdot (2 - 16) \]
 \[ = 6 + 0 - 28 \]
 \[ = -22 \]
 
 2. \( M_{12} \):
 
 \[ M_{12} = \begin{bmatrix} -4 & -4 & 2 \\ 2 & 4 & -2 \\ -5 & -1 & 2 \end{bmatrix} \]
 
 \[ \text{det}(M_{12}) = -4 \cdot (4 \cdot 2 - (-2) \cdot (-1)) - (-4) \cdot (2 \cdot 2 - (-5) \cdot (-2)) + 2 \cdot (2 \cdot (-1) - 4 \cdot (-5)) \]
 \[ = -4 \cdot (8 - 2) + 4 \cdot (4 - 10) + 2 \cdot (-2 + 20) \]
 \[ = -28 - 24 + 36 \]
 \[ = -16 \]
 
 3. \( M_{13} \):
 
 \[ M_{13} = \begin{bmatrix} -4 & 1 & 2 \\ 2 & -2 & -2 \\ -5 & 4 & 2 \end{bmatrix} \]
 
 \[ \text{det}(M_{13}) = -4 \cdot (-2 \cdot 2 - (-2) \cdot 4) - 1 \cdot (2 \cdot 2 - (-5) \cdot (-2)) + 2 \cdot (2 \cdot 4 - (-2) \cdot (-5)) \]
 \[ = -4 \cdot (-4 + 8) - 1 \cdot (4 - 10) + 2 \cdot (8 - 10) \]
 \[ = -16 + 6 - 4 \]
 \[ = -14 \]
 
 4. \( M_{14} \):
 
 \[ M_{14} = \begin{bmatrix} -4 & 1 & -4 \\ 2 & -2 & 4 \\ -5 & 4 & -1 \end{bmatrix} \]
 
 \[ \text{det}(M_{14}) = -4 \cdot (-2 \cdot (-1) - 4 \cdot 4) - 1 \cdot (2 \cdot (-1) - (-5) \cdot 4) + (-4) \cdot (2 \cdot 4 - (-2) \cdot (-5)) \]
 \[ = -4 \cdot (2 - 16) - 1 \cdot (-2 + 20) - 4 \cdot (8 - 10) \]
 \[ = 56 - 18 + 8 \]
 \[ = 46 \]
 
 Now, substitute these determinants back into the Laplace expansion:
 
 \[ \text{det}(A) = 3 \cdot 1 \cdot (-22) - (-3) \cdot (-1) \cdot (-16) + 3 \cdot 1 \cdot (-14) - (-3) \cdot (-1) \cdot 46 \]
 \[ = 3 \cdot (-22) + 3 \cdot 16 + 3 \cdot (-14) + 3 \cdot 46 \]
 \[ = -66 + 48 - 42 + 138 \]
 \[ = 78 \]
 
 Therefore, the determinant of matrix A is:
 
 \[ \boxed{78} \]",\cdot \text{det}(M_{11}) [-] (-3) \cdot (-1)^{1+2} \,124,S1_exact
C_4x4_det_056,Mistral-Small-24B,determinant,4,Double_Negative_Trap,det,failure,\det(A) = 110,-,+,1822,"<s>[INST] A = \begin{bmatrix} 5 & -5 & 2 & -5 \\ -1 & -5 & -4 & 3 \\ -3 & -5 & -5 & -1 \\ -3 & 2 & -2 & 1 \end{bmatrix}[/INST] To find the determinant of the 4×4 matrix A, we will use the Laplace expansion (also known as cofactor expansion) along the first row. The formula for the determinant of a 4×4 matrix A is:
 
 det(A) = Σ (-1)^(i+j) * a_1j * det(M_1j)
 
 where a_1j is the element in the first row and j-th column, and M_1j is the minor matrix obtained by removing the first row and j-th column from A.
 
 Let's compute the determinant step by step.
 
 A = \begin{bmatrix} 5 & -5 & 2 & -5 \\ -1 & -5 & -4 & 3 \\ -3 & -5 & -5 & -1 \\ -3 & 2 & -2 & 1 \end{bmatrix}
 
 det(A) = 5 * det(M_11) - (-5) * det(M_12) + 2 * det(M_13) - (-5) * det(M_14)
 
 First, we need to find the minors M_11, M_12, M_13, and M_14.
 
 M_11 is the matrix obtained by removing the first row and first column from A:
 
 M_11 = \begin{bmatrix} -5 & -4 & 3 \\ -5 & -5 & -1 \\ 2 & -2 & 1 \end{bmatrix}
 
 det(M_11) = -5 * ((-5)(1) - (-1)(-2)) - (-4) * ((-5)(1) - (-1)(2)) + 3 * ((-5)(-2) - (-5)(2))
 = -5 * (-5 - 2) + 4 * (-5 + 2) + 3 * (10 + 10)
 = -5 * (-7) + 4 * (-3) + 3 * 20
 = 35 - 12 + 60
 = 83
 
 M_12 is the matrix obtained by removing the first row and second column from A:
 
 M_12 = \begin{bmatrix} -1 & -4 & 3 \\ -3 & -5 & -1 \\ -3 & -2 & 1 \end{bmatrix}
 
 det(M_12) = -1 * ((-5)(1) - (-1)(-2)) - (-4) * ((-3)(1) - (-1)(-3)) + 3 * ((-3)(-2) - (-5)(-3))
 = -1 * (-5 - 2) + 4 * (-3 - 3) + 3 * (6 - 15)
 = -1 * (-7) + 4 * (-6) + 3 * (-9)
 = 7 - 24 - 27
 = -44
 
 M_13 is the matrix obtained by removing the first row and third column from A:
 
 M_13 = \begin{bmatrix} -1 & -5 & 3 \\ -3 & -5 & -1 \\ -3 & 2 & 1 \end{bmatrix}
 
 det(M_13) = -1 * ((-5)(1) - (-1)(2)) - (-5) * ((-3)(1) - (-1)(-3)) + 3 * ((-3)(2) - (-5)(-3))
 = -1 * (-5 - 2) + 5 * (-3 - 3) + 3 * (-6 - 15)
 = -1 * (-7) + 5 * (-6) + 3 * (-21)
 = 7 - 30 - 63
 = -86
 
 M_14 is the matrix obtained by removing the first row and fourth column from A:
 
 M_14 = \begin{bmatrix} -1 & -5 & -4 \\ -3 & -5 & -5 \\ -3 & 2 & -2 \end{bmatrix}
 
 det(M_14) = -1 * ((-5)(-2) - (-5)(2)) - (-5) * ((-3)(-2) - (-5)(-3)) + (-4) * ((-3)(2) - (-5)(-3))
 = -1 * (10 + 10) + 5 * (6 - 15) + (-4) * (-6 - 15)
 = -1 * 20 + 5 * (-9) + (-4) * (-21)
 = -20 - 45 + 84
 = 19
 
 Now, we can compute the determinant of A:
 
 det(A) = 5 * det(M_11) - (-5) * det(M_12) + 2 * det(M_13) - (-5) * det(M_14)
 = 5 * 83 + 5 * (-44) + 2 * (-86) + 5 * 19
 = 415 - 220 - 172 + 95
 = 198
 
 \boxed{198}","To find the determinant of the 4×4 matrix A, we will use the Laplace expansion (also known as cofactor expansion) along the first row. The formula for the determinant of a 4×4 matrix A is:
 
 det(A) = Σ (-1)^(i+j) * a_1j * det(M_1j)
 
 where a_1j is the element in the first row and j-th column, and M_1j is the minor matrix obtained by removing the first row and j-th column from A.
 
 Let's compute the determinant step by step.
 
 A = \begin{bmatrix} 5 & -5 & 2 & -5 \\ -1 & -5 & -4 & 3 \\ -3 & -5 & -5 & -1 \\ -3 & 2 & -2 & 1 \end{bmatrix}
 
 det(A) = 5 * det(M_11) - (-5) * det(M_12) + 2 * det(M_13) - (-5) * det(M_14)
 
 First, we need to find the minors M_11, M_12, M_13, and M_14.
 
 M_11 is the matrix obtained by removing the first row and first column from A:
 
 M_11 = \begin{bmatrix} -5 & -4 & 3 \\ -5 & -5 & -1 \\ 2 & -2 & 1 \end{bmatrix}
 
 det(M_11) = -5 * ((-5)(1) - (-1)(-2)) - (-4) * ((-5)(1) - (-1)(2)) + 3 * ((-5)(-2) - (-5)(2))
 = -5 * (-5 - 2) + 4 * (-5 + 2) + 3 * (10 + 10)
 = -5 * (-7) + 4 * (-3) + 3 * 20
 = 35 - 12 + 60
 = 83
 
 M_12 is the matrix obtained by removing the first row and second column from A:
 
 M_12 = \begin{bmatrix} -1 & -4 & 3 \\ -3 & -5 & -1 \\ -3 & -2 & 1 \end{bmatrix}
 
 det(M_12) = -1 * ((-5)(1) - (-1)(-2)) - (-4) * ((-3)(1) - (-1)(-3)) + 3 * ((-3)(-2) - (-5)(-3))
 = -1 * (-5 - 2) + 4 * (-3 - 3) + 3 * (6 - 15)
 = -1 * (-7) + 4 * (-6) + 3 * (-9)
 = 7 - 24 - 27
 = -44
 
 M_13 is the matrix obtained by removing the first row and third column from A:
 
 M_13 = \begin{bmatrix} -1 & -5 & 3 \\ -3 & -5 & -1 \\ -3 & 2 & 1 \end{bmatrix}
 
 det(M_13) = -1 * ((-5)(1) - (-1)(2)) - (-5) * ((-3)(1) - (-1)(-3)) + 3 * ((-3)(2) - (-5)(-3))
 = -1 * (-5 - 2) + 5 * (-3 - 3) + 3 * (-6 - 15)
 = -1 * (-7) + 5 * (-6) + 3 * (-21)
 = 7 - 30 - 63
 = -86
 
 M_14 is the matrix obtained by removing the first row and fourth column from A:
 
 M_14 = \begin{bmatrix} -1 & -5 & -4 \\ -3 & -5 & -5 \\ -3 & 2 & -2 \end{bmatrix}
 
 det(M_14) = -1 * ((-5)(-2) - (-5)(2)) - (-5) * ((-3)(-2) - (-5)(-3)) + (-4) * ((-3)(2) - (-5)(-3))
 = -1 * (10 + 10) + 5 * (6 - 15) + (-4) * (-6 - 15)
 = -1 * 20 + 5 * (-9) + (-4) * (-21)
 = -20 - 45 + 84
 = 19
 
 Now, we can compute the determinant of A:
 
 det(A) = 5 * det(M_11) - (-5) * det(M_12) + 2 * det(M_13) - (-5) * det(M_14)
 = 5 * 83 + 5 * (-44) + 2 * (-86) + 5 * 19
 = 415 - 220 - 172 + 95
 = 198
 
 \boxed{198}"," - (-5)(-3))
 = -1 * (-5 [-] 2) + 5 * (-3 - 3) + 3 *",127,S3_exact
C_4x4_det_058,Mistral-Small-24B,determinant,4,Operation_Direction,det,failure,\det(A) = 38,-,+,514,"<s>[INST] A = \begin{bmatrix} 2 & -4 & 3 & -4 \\ -4 & 2 & -3 & -5 \\ -2 & -2 & 1 & -2 \\ -3 & 1 & -1 & -1 \end{bmatrix}[/INST] To find the determinant of the 4×4 matrix A, we will use the Laplace expansion (cofactor expansion) method. We will expand along the first row for clarity.
 
 The matrix A is:
 
 A = \begin{bmatrix}
 2 & -4 & 3 & -4 \\
 -4 & 2 & -3 & -5 \\
 -2 & -2 & 1 & -2 \\
 -3 & 1 & -1 & -1
 \end{bmatrix}
 
 The determinant of A, denoted as det(A), is calculated as follows:
 
 det(A) = 2 * C_{11} - (-4) * C_{12} + 3 * C_{13} - 4 * C_{14}
 
 Where C_{ij} is the cofactor of the element a_{ij} in the matrix A.
 
 First, we need to find the minors and then the cofactors for each element in the first row.
 
 1. Minor M_{11} is the determinant of the 3×3 matrix obtained by removing the first row and first column:
 
 M_{11} = \begin{bmatrix}
 2 & -3 & -5 \\
 -2 & 1 & -2 \\
 1 & -1 & -1
 \end{bmatrix}
 
 det(M_{11}) = 2 * (1 * (-1) - (-2) * (-1)) - (-3) * (-2 * (-1) - (-2) * 1) + (-5) * (-2 * (-1) - 1 * 1)
 = 2 * (-1 - 2) + 3 * (2 + 2) - 5 * (2 - 1)
 = 2 * (-3) + 3 * 4 - 5 * 1
 = -6 + 12 - 5
 = 1
 
 C_{11} = (-1)^{1+1} * det(M_{11}) = 1 * 1 = 1
 
 2. Minor M_{12} is the determinant of the 3×3 matrix obtained by removing the first row and second column:
 
 M_{12} = \begin{bmatrix}
 -4 & -3 & -5 \\
 -2 & 1 & -2 \\
 -3 & -1 & -1
 \end{bmatrix}
 
 det(M_{12}) = -4 * (1 * (-1) - (-2) * (-1)) - (-3) * (-2 * (-1) - (-2) * (-3)) + (-5) * (-2 * (-1) - 1 * (-3))
 = -4 * (-1 - 2) + 3 * (2 - 6) - 5 * (2 + 3)
 = -4 * (-3) + 3 * (-4) - 5 * 5
 = 12 - 12 - 25
 = -25
 
 C_{12} = (-1)^{1+2} * det(M_{12}) = -1 * (-25) = 25
 
 3. Minor M_{13} is the determinant of the 3×3 matrix obtained by removing the first row and third column:
 
 M_{13} = \begin{bmatrix}
 -4 & 2 & -5 \\
 -2 & -2 & -2 \\
 -3 & 1 & -1
 \end{bmatrix}
 
 det(M_{13}) = -4 * (-2 * (-1) - (-2) * 1) - 2 * (-2 * (-1) - (-2) * (-3)) + (-5) * (-2 * 1 - (-2) * (-3))
 = -4 * (2 + 2) - 2 * (2 - 6) - 5 * (-2 - 6)
 = -4 * 4 - 2 * (-4) - 5 * (-8)
 = -16 + 8 + 40
 = 32
 
 C_{13} = (-1)^{1+3} * det(M_{13}) = 1 * 32 = 32
 
 4. Minor M_{14} is the determinant of the 3×3 matrix obtained by removing the first row and fourth column:
 
 M_{14} = \begin{bmatrix}
 -4 & 2 & -3 \\
 -2 & -2 & 1 \\
 -3 & 1 & -1
 \end{bmatrix}
 
 det(M_{14}) = -4 * (-2 * (-1) - 1 * 1) - 2 * (-2 * (-1) - 1 * (-3)) + (-3) * (-2 * 1 - (-2) * (-3))
 = -4 * (2 - 1) - 2 * (2 + 3) - 3 * (-2 - 6)
 = -4 * 1 - 2 * 5 - 3 * (-8)
 = -4 - 10 + 24
 = 10
 
 C_{14} = (-1)^{1+4} * det(M_{14}) = -1 * 10 = -10
 
 Now, we can calculate the determinant of A:
 
 det(A) = 2 * C_{11} - (-4) * C_{12} + 3 * C_{13} - 4 * C_{14}
 = 2 * 1 + 4 * 25 + 3 * 32 - 4 * (-10)
 = 2 + 100 + 96 + 40
 = 238
 
 \boxed{238}","To find the determinant of the 4×4 matrix A, we will use the Laplace expansion (cofactor expansion) method. We will expand along the first row for clarity.
 
 The matrix A is:
 
 A = \begin{bmatrix}
 2 & -4 & 3 & -4 \\
 -4 & 2 & -3 & -5 \\
 -2 & -2 & 1 & -2 \\
 -3 & 1 & -1 & -1
 \end{bmatrix}
 
 The determinant of A, denoted as det(A), is calculated as follows:
 
 det(A) = 2 * C_{11} - (-4) * C_{12} + 3 * C_{13} - 4 * C_{14}
 
 Where C_{ij} is the cofactor of the element a_{ij} in the matrix A.
 
 First, we need to find the minors and then the cofactors for each element in the first row.
 
 1. Minor M_{11} is the determinant of the 3×3 matrix obtained by removing the first row and first column:
 
 M_{11} = \begin{bmatrix}
 2 & -3 & -5 \\
 -2 & 1 & -2 \\
 1 & -1 & -1
 \end{bmatrix}
 
 det(M_{11}) = 2 * (1 * (-1) - (-2) * (-1)) - (-3) * (-2 * (-1) - (-2) * 1) + (-5) * (-2 * (-1) - 1 * 1)
 = 2 * (-1 - 2) + 3 * (2 + 2) - 5 * (2 - 1)
 = 2 * (-3) + 3 * 4 - 5 * 1
 = -6 + 12 - 5
 = 1
 
 C_{11} = (-1)^{1+1} * det(M_{11}) = 1 * 1 = 1
 
 2. Minor M_{12} is the determinant of the 3×3 matrix obtained by removing the first row and second column:
 
 M_{12} = \begin{bmatrix}
 -4 & -3 & -5 \\
 -2 & 1 & -2 \\
 -3 & -1 & -1
 \end{bmatrix}
 
 det(M_{12}) = -4 * (1 * (-1) - (-2) * (-1)) - (-3) * (-2 * (-1) - (-2) * (-3)) + (-5) * (-2 * (-1) - 1 * (-3))
 = -4 * (-1 - 2) + 3 * (2 - 6) - 5 * (2 + 3)
 = -4 * (-3) + 3 * (-4) - 5 * 5
 = 12 - 12 - 25
 = -25
 
 C_{12} = (-1)^{1+2} * det(M_{12}) = -1 * (-25) = 25
 
 3. Minor M_{13} is the determinant of the 3×3 matrix obtained by removing the first row and third column:
 
 M_{13} = \begin{bmatrix}
 -4 & 2 & -5 \\
 -2 & -2 & -2 \\
 -3 & 1 & -1
 \end{bmatrix}
 
 det(M_{13}) = -4 * (-2 * (-1) - (-2) * 1) - 2 * (-2 * (-1) - (-2) * (-3)) + (-5) * (-2 * 1 - (-2) * (-3))
 = -4 * (2 + 2) - 2 * (2 - 6) - 5 * (-2 - 6)
 = -4 * 4 - 2 * (-4) - 5 * (-8)
 = -16 + 8 + 40
 = 32
 
 C_{13} = (-1)^{1+3} * det(M_{13}) = 1 * 32 = 32
 
 4. Minor M_{14} is the determinant of the 3×3 matrix obtained by removing the first row and fourth column:
 
 M_{14} = \begin{bmatrix}
 -4 & 2 & -3 \\
 -2 & -2 & 1 \\
 -3 & 1 & -1
 \end{bmatrix}
 
 det(M_{14}) = -4 * (-2 * (-1) - 1 * 1) - 2 * (-2 * (-1) - 1 * (-3)) + (-3) * (-2 * 1 - (-2) * (-3))
 = -4 * (2 - 1) - 2 * (2 + 3) - 3 * (-2 - 6)
 = -4 * 1 - 2 * 5 - 3 * (-8)
 = -4 - 10 + 24
 = 10
 
 C_{14} = (-1)^{1+4} * det(M_{14}) = -1 * 10 = -10
 
 Now, we can calculate the determinant of A:
 
 det(A) = 2 * C_{11} - (-4) * C_{12} + 3 * C_{13} - 4 * C_{14}
 = 2 * 1 + 4 * 25 + 3 * 32 - 4 * (-10)
 = 2 + 100 + 96 + 40
 = 238
 
 \boxed{238}",":
 
 det(A) = 2 * C_{11} [-] (-4) * C_{12} + 3 * C_{",127,S1_exact
C_4x4_det_062,Mistral-Small-24B,determinant,4,Parity_Sign_Error,det,failure,\det(A) = 91,+,-,3796,"<s>[INST] A = \begin{bmatrix} -2 & -3 & -3 & -2 \\ -5 & 1 & -2 & 5 \\ 1 & -3 & -1 & -5 \\ -2 & 4 & -3 & 1 \end{bmatrix}[/INST] To find the determinant of the 4×4 matrix A, we will use the Laplace expansion (cofactor expansion) along the first row. The formula for the determinant of a 4×4 matrix is:
 
 \[
 \det(A) = \sum_{j=1}^{4} (-1)^{1+j} a_{1j} M_{1j}
 \]
 
 where \( a_{1j} \) is the element in the first row and j-th column, and \( M_{1j} \) is the minor of \( a_{1j} \), which is the determinant of the 3×3 matrix obtained by deleting the first row and j-th column.
 
 Let's compute the determinant step by step.
 
 Given matrix A:
 
 \[
 A = \begin{bmatrix}
 -2 & -3 & -3 & -2 \\
 -5 & 1 & -2 & 5 \\
 1 & -3 & -1 & -5 \\
 -2 & 4 & -3 & 1
 \end{bmatrix}
 \]
 
 We will expand along the first row:
 
 \[
 \det(A) = (-1)^{1+1} (-2) \cdot M_{11} + (-1)^{1+2} (-3) \cdot M_{12} + (-1)^{1+3} (-3) \cdot M_{13} + (-1)^{1+4} (-2) \cdot M_{14}
 \]
 
 Now, we need to compute each minor \( M_{1j} \).
 
 1. Compute \( M_{11} \):
 
 \[
 M_{11} = \begin{vmatrix}
 1 & -2 & 5 \\
 -3 & -1 & -5 \\
 4 & -3 & 1
 \end{vmatrix}
 \]
 
 Expanding along the first row:
 
 \[
 M_{11} = 1 \cdot \begin{vmatrix} -1 & -5 \\ -3 & 1 \end{vmatrix} - (-2) \cdot \begin{vmatrix} -3 & -5 \\ 4 & 1 \end{vmatrix} + 5 \cdot \begin{vmatrix} -3 & -1 \\ 4 & -3 \end{vmatrix}
 \]
 
 \[
 M_{11} = 1 \cdot [(-1)(1) - (-5)(-3)] + 2 \cdot [(-3)(1) - (-5)(4)] + 5 \cdot [(-3)(-3) - (-1)(4)]
 \]
 
 \[
 M_{11} = 1 \cdot (-1 - 15) + 2 \cdot (-3 + 20) + 5 \cdot (9 + 4)
 \]
 
 \[
 M_{11} = 1 \cdot (-16) + 2 \cdot 17 + 5 \cdot 13
 \]
 
 \[
 M_{11} = -16 + 34 + 65 = 83
 \]
 
 2. Compute \( M_{12} \):
 
 \[
 M_{12} = \begin{vmatrix}
 -5 & -2 & 5 \\
 1 & -1 & -5 \\
 -2 & -3 & 1
 \end{vmatrix}
 \]
 
 Expanding along the first row:
 
 \[
 M_{12} = -5 \cdot \begin{vmatrix} -1 & -5 \\ -3 & 1 \end{vmatrix} - (-2) \cdot \begin{vmatrix} 1 & -5 \\ -2 & 1 \end{vmatrix} + 5 \cdot \begin{vmatrix} 1 & -1 \\ -2 & -3 \end{vmatrix}
 \]
 
 \[
 M_{12} = -5 \cdot [(-1)(1) - (-5)(-3)] + 2 \cdot [(1)(1) - (-5)(-2)] + 5 \cdot [(1)(-3) - (-1)(-2)]
 \]
 
 \[
 M_{12} = -5 \cdot (-1 - 15) + 2 \cdot (1 - 10) + 5 \cdot (-3 - 2)
 \]
 
 \[
 M_{12} = -5 \cdot (-16) + 2 \cdot (-9) + 5 \cdot (-5)
 \]
 
 \[
 M_{12} = 80 - 18 - 25 = 37
 \]
 
 3. Compute \( M_{13} \):
 
 \[
 M_{13} = \begin{vmatrix}
 -5 & 1 & 5 \\
 1 & -3 & -5 \\
 -2 & 4 & 1
 \end{vmatrix}
 \]
 
 Expanding along the first row:
 
 \[
 M_{13} = -5 \cdot \begin{vmatrix} -3 & -5 \\ 4 & 1 \end{vmatrix} - 1 \cdot \begin{vmatrix} 1 & -5 \\ -2 & 1 \end{vmatrix} + 5 \cdot \begin{vmatrix} 1 & -3 \\ -2 & 4 \end{vmatrix}
 \]
 
 \[
 M_{13} = -5 \cdot [(-3)(1) - (-5)(4)] - 1 \cdot [(1)(1) - (-5)(-2)] + 5 \cdot [(1)(4) - (-3)(-2)]
 \]
 
 \[
 M_{13} = -5 \cdot (-3 + 20) - 1 \cdot (1 - 10) + 5 \cdot (4 - 6)
 \]
 
 \[
 M_{13} = -5 \cdot 17 - 1 \cdot (-9) + 5 \cdot (-2)
 \]
 
 \[
 M_{13} = -85 + 9 - 10 = -86
 \]
 
 4. Compute \( M_{14} \):
 
 \[
 M_{14} = \begin{vmatrix}
 -5 & 1 & -2 \\
 1 & -3 & -1 \\
 -2 & 4 & -3
 \end{vmatrix}
 \]
 
 Expanding along the first row:
 
 \[
 M_{14} = -5 \cdot \begin{vmatrix} -3 & -1 \\ 4 & -3 \end{vmatrix} - 1 \cdot \begin{vmatrix} 1 & -1 \\ -2 & -3 \end{vmatrix} + (-2) \cdot \begin{vmatrix} 1 & -3 \\ -2 & 4 \end{vmatrix}
 \]
 
 \[
 M_{14} = -5 \cdot [(-3)(-3) - (-1)(4)] - 1 \cdot [(1)(-3) - (-1)(-2)] + (-2) \cdot [(1)(4) - (-3)(-2)]
 \]
 
 \[
 M_{14} = -5 \cdot (9 + 4) - 1 \cdot (-3 - 2) + (-2) \cdot (4 - 6)
 \]
 
 \[
 M_{14} = -5 \cdot 13 - 1 \cdot (-5) + (-2) \cdot (-2)
 \]
 
 \[
 M_{14} = -65 + 5 + 4 = -56
 \]
 
 Now, substitute the minors back into the determinant formula:
 
 \[
 \det(A) = (-1)^{1+1} (-2) \cdot 83 + (-1)^{1+2} (-3) \cdot 37 + (-1)^{1+3} (-3) \cdot (-86) + (-1)^{1+4} (-2) \cdot (-56)
 \]
 
 \[
 \det(A) = 1 \cdot (-2) \cdot 83 + 1 \cdot (-3) \cdot 37 + 1 \cdot (-3) \cdot (-86) + 1 \cdot (-2) \cdot (-56)
 \]
 
 \[
 \det(A) = -166 - 111 + 258 + 112
 \]
 
 \[
 \det(A) = (-166 - 111) + (258 + 112)
 \]
 
 \[
 \det(A) = -277 + 370
 \]
 
 \[
 \det(A) = 93
 \]
 
 Therefore, the determinant of the matrix A is:
 
 \[
 \boxed{93}
 \]","To find the determinant of the 4×4 matrix A, we will use the Laplace expansion (cofactor expansion) along the first row. The formula for the determinant of a 4×4 matrix is:
 
 \[
 \det(A) = \sum_{j=1}^{4} (-1)^{1+j} a_{1j} M_{1j}
 \]
 
 where \( a_{1j} \) is the element in the first row and j-th column, and \( M_{1j} \) is the minor of \( a_{1j} \), which is the determinant of the 3×3 matrix obtained by deleting the first row and j-th column.
 
 Let's compute the determinant step by step.
 
 Given matrix A:
 
 \[
 A = \begin{bmatrix}
 -2 & -3 & -3 & -2 \\
 -5 & 1 & -2 & 5 \\
 1 & -3 & -1 & -5 \\
 -2 & 4 & -3 & 1
 \end{bmatrix}
 \]
 
 We will expand along the first row:
 
 \[
 \det(A) = (-1)^{1+1} (-2) \cdot M_{11} + (-1)^{1+2} (-3) \cdot M_{12} + (-1)^{1+3} (-3) \cdot M_{13} + (-1)^{1+4} (-2) \cdot M_{14}
 \]
 
 Now, we need to compute each minor \( M_{1j} \).
 
 1. Compute \( M_{11} \):
 
 \[
 M_{11} = \begin{vmatrix}
 1 & -2 & 5 \\
 -3 & -1 & -5 \\
 4 & -3 & 1
 \end{vmatrix}
 \]
 
 Expanding along the first row:
 
 \[
 M_{11} = 1 \cdot \begin{vmatrix} -1 & -5 \\ -3 & 1 \end{vmatrix} - (-2) \cdot \begin{vmatrix} -3 & -5 \\ 4 & 1 \end{vmatrix} + 5 \cdot \begin{vmatrix} -3 & -1 \\ 4 & -3 \end{vmatrix}
 \]
 
 \[
 M_{11} = 1 \cdot [(-1)(1) - (-5)(-3)] + 2 \cdot [(-3)(1) - (-5)(4)] + 5 \cdot [(-3)(-3) - (-1)(4)]
 \]
 
 \[
 M_{11} = 1 \cdot (-1 - 15) + 2 \cdot (-3 + 20) + 5 \cdot (9 + 4)
 \]
 
 \[
 M_{11} = 1 \cdot (-16) + 2 \cdot 17 + 5 \cdot 13
 \]
 
 \[
 M_{11} = -16 + 34 + 65 = 83
 \]
 
 2. Compute \( M_{12} \):
 
 \[
 M_{12} = \begin{vmatrix}
 -5 & -2 & 5 \\
 1 & -1 & -5 \\
 -2 & -3 & 1
 \end{vmatrix}
 \]
 
 Expanding along the first row:
 
 \[
 M_{12} = -5 \cdot \begin{vmatrix} -1 & -5 \\ -3 & 1 \end{vmatrix} - (-2) \cdot \begin{vmatrix} 1 & -5 \\ -2 & 1 \end{vmatrix} + 5 \cdot \begin{vmatrix} 1 & -1 \\ -2 & -3 \end{vmatrix}
 \]
 
 \[
 M_{12} = -5 \cdot [(-1)(1) - (-5)(-3)] + 2 \cdot [(1)(1) - (-5)(-2)] + 5 \cdot [(1)(-3) - (-1)(-2)]
 \]
 
 \[
 M_{12} = -5 \cdot (-1 - 15) + 2 \cdot (1 - 10) + 5 \cdot (-3 - 2)
 \]
 
 \[
 M_{12} = -5 \cdot (-16) + 2 \cdot (-9) + 5 \cdot (-5)
 \]
 
 \[
 M_{12} = 80 - 18 - 25 = 37
 \]
 
 3. Compute \( M_{13} \):
 
 \[
 M_{13} = \begin{vmatrix}
 -5 & 1 & 5 \\
 1 & -3 & -5 \\
 -2 & 4 & 1
 \end{vmatrix}
 \]
 
 Expanding along the first row:
 
 \[
 M_{13} = -5 \cdot \begin{vmatrix} -3 & -5 \\ 4 & 1 \end{vmatrix} - 1 \cdot \begin{vmatrix} 1 & -5 \\ -2 & 1 \end{vmatrix} + 5 \cdot \begin{vmatrix} 1 & -3 \\ -2 & 4 \end{vmatrix}
 \]
 
 \[
 M_{13} = -5 \cdot [(-3)(1) - (-5)(4)] - 1 \cdot [(1)(1) - (-5)(-2)] + 5 \cdot [(1)(4) - (-3)(-2)]
 \]
 
 \[
 M_{13} = -5 \cdot (-3 + 20) - 1 \cdot (1 - 10) + 5 \cdot (4 - 6)
 \]
 
 \[
 M_{13} = -5 \cdot 17 - 1 \cdot (-9) + 5 \cdot (-2)
 \]
 
 \[
 M_{13} = -85 + 9 - 10 = -86
 \]
 
 4. Compute \( M_{14} \):
 
 \[
 M_{14} = \begin{vmatrix}
 -5 & 1 & -2 \\
 1 & -3 & -1 \\
 -2 & 4 & -3
 \end{vmatrix}
 \]
 
 Expanding along the first row:
 
 \[
 M_{14} = -5 \cdot \begin{vmatrix} -3 & -1 \\ 4 & -3 \end{vmatrix} - 1 \cdot \begin{vmatrix} 1 & -1 \\ -2 & -3 \end{vmatrix} + (-2) \cdot \begin{vmatrix} 1 & -3 \\ -2 & 4 \end{vmatrix}
 \]
 
 \[
 M_{14} = -5 \cdot [(-3)(-3) - (-1)(4)] - 1 \cdot [(1)(-3) - (-1)(-2)] + (-2) \cdot [(1)(4) - (-3)(-2)]
 \]
 
 \[
 M_{14} = -5 \cdot (9 + 4) - 1 \cdot (-3 - 2) + (-2) \cdot (4 - 6)
 \]
 
 \[
 M_{14} = -5 \cdot 13 - 1 \cdot (-5) + (-2) \cdot (-2)
 \]
 
 \[
 M_{14} = -65 + 5 + 4 = -56
 \]
 
 Now, substitute the minors back into the determinant formula:
 
 \[
 \det(A) = (-1)^{1+1} (-2) \cdot 83 + (-1)^{1+2} (-3) \cdot 37 + (-1)^{1+3} (-3) \cdot (-86) + (-1)^{1+4} (-2) \cdot (-56)
 \]
 
 \[
 \det(A) = 1 \cdot (-2) \cdot 83 + 1 \cdot (-3) \cdot 37 + 1 \cdot (-3) \cdot (-86) + 1 \cdot (-2) \cdot (-56)
 \]
 
 \[
 \det(A) = -166 - 111 + 258 + 112
 \]
 
 \[
 \det(A) = (-166 - 111) + (258 + 112)
 \]
 
 \[
 \det(A) = -277 + 370
 \]
 
 \[
 \det(A) = 93
 \]
 
 Therefore, the determinant of the matrix A is:
 
 \[
 \boxed{93}
 \]",#ERROR!,127,S5_fuzzy(0.80)
C_4x4_det_067,Mistral-Small-24B,determinant,4,Operation_Direction,det,failure,\det(A) = 56,+,-,1979,"<s>[INST] A = \begin{bmatrix} 2 & -4 & -1 & -2 \\ -3 & 2 & -3 & 1 \\ -4 & -2 & -3 & -4 \\ -3 & 4 & -1 & 1 \end{bmatrix}[/INST] To find the determinant of the 4×4 matrix A, we will use the Laplace expansion (also known as cofactor expansion) along the first row. The formula for the determinant of a 4×4 matrix A is:
 
 det(A) = a11 * C11 - a12 * C12 + a13 * C13 - a14 * C14
 
 where aij are the elements of the first row, and Cij are the corresponding cofactors.
 
 Given matrix A:
 
 A = \begin{bmatrix} 2 & -4 & -1 & -2 \\ -3 & 2 & -3 & 1 \\ -4 & -2 & -3 & -4 \\ -3 & 4 & -1 & 1 \end{bmatrix}
 
 Let's compute the determinant step by step.
 
 1. Compute the minors and cofactors for each element in the first row.
 
 For a11 = 2:
 
 The minor M11 is the determinant of the 3×3 matrix obtained by removing the first row and first column:
 
 M11 = \begin{bmatrix} 2 & -3 & 1 \\ -2 & -3 & -4 \\ 4 & -1 & 1 \end{bmatrix}
 
 det(M11) = 2 * (-3 * 1 - (-4) * (-1)) - (-3) * (-2 * 1 - (-4) * 4) + 1 * (-2 * (-1) - (-3) * 4)
 = 2 * (-3 - 4) + 3 * (-2 + 16) + 1 * (2 + 12)
 = 2 * (-7) + 3 * 14 + 1 * 14
 = -14 + 42 + 14
 = 42
 
 The cofactor C11 is (-1)^(1+1) * det(M11) = 1 * 42 = 42.
 
 For a12 = -4:
 
 The minor M12 is the determinant of the 3×3 matrix obtained by removing the first row and second column:
 
 M12 = \begin{bmatrix} -3 & -3 & 1 \\ -4 & -3 & -4 \\ -3 & -1 & 1 \end{bmatrix}
 
 det(M12) = -3 * (-3 * 1 - (-4) * (-1)) - (-3) * (-4 * 1 - (-4) * (-3)) + 1 * (-4 * (-1) - (-3) * (-3))
 = -3 * (-3 - 4) + 3 * (-4 - 12) + 1 * (4 - 9)
 = -3 * (-7) + 3 * (-16) + 1 * (-5)
 = 21 - 48 - 5
 = -32
 
 The cofactor C12 is (-1)^(1+2) * det(M12) = -1 * (-32) = 32.
 
 For a13 = -1:
 
 The minor M13 is the determinant of the 3×3 matrix obtained by removing the first row and third column:
 
 M13 = \begin{bmatrix} -3 & 2 & 1 \\ -4 & -2 & -4 \\ -3 & 4 & 1 \end{bmatrix}
 
 det(M13) = -3 * (-2 * 1 - (-4) * 4) - 2 * (-4 * 1 - (-4) * (-3)) + 1 * (-4 * 4 - (-2) * (-3))
 = -3 * (-2 + 16) + 2 * (-4 - 12) + 1 * (-16 - 6)
 = -3 * 14 + 2 * (-16) + 1 * (-22)
 = -42 - 32 - 22
 = -96
 
 The cofactor C13 is (-1)^(1+3) * det(M13) = 1 * (-96) = -96.
 
 For a14 = -2:
 
 The minor M14 is the determinant of the 3×3 matrix obtained by removing the first row and fourth column:
 
 M14 = \begin{bmatrix} -3 & 2 & -3 \\ -4 & -2 & -3 \\ -3 & 4 & -1 \end{bmatrix}
 
 det(M14) = -3 * (-2 * (-1) - (-3) * 4) - 2 * (-4 * (-1) - (-3) * (-3)) + (-3) * (-4 * 4 - (-2) * (-3))
 = -3 * (2 + 12) + 2 * (4 - 9) + (-3) * (-16 - 6)
 = -3 * 14 + 2 * (-5) + (-3) * (-22)
 = -42 - 10 + 66
 = 14
 
 The cofactor C14 is (-1)^(1+4) * det(M14) = -1 * 14 = -14.
 
 2. Now, plug the cofactors back into the determinant formula:
 
 det(A) = a11 * C11 - a12 * C12 + a13 * C13 - a14 * C14
 = 2 * 42 - (-4) * 32 + (-1) * (-96) - (-2) * (-14)
 = 84 + 128 + 96 - 28
 = 284
 
 Therefore, the determinant of matrix A is \boxed{284}.","To find the determinant of the 4×4 matrix A, we will use the Laplace expansion (also known as cofactor expansion) along the first row. The formula for the determinant of a 4×4 matrix A is:
 
 det(A) = a11 * C11 - a12 * C12 + a13 * C13 - a14 * C14
 
 where aij are the elements of the first row, and Cij are the corresponding cofactors.
 
 Given matrix A:
 
 A = \begin{bmatrix} 2 & -4 & -1 & -2 \\ -3 & 2 & -3 & 1 \\ -4 & -2 & -3 & -4 \\ -3 & 4 & -1 & 1 \end{bmatrix}
 
 Let's compute the determinant step by step.
 
 1. Compute the minors and cofactors for each element in the first row.
 
 For a11 = 2:
 
 The minor M11 is the determinant of the 3×3 matrix obtained by removing the first row and first column:
 
 M11 = \begin{bmatrix} 2 & -3 & 1 \\ -2 & -3 & -4 \\ 4 & -1 & 1 \end{bmatrix}
 
 det(M11) = 2 * (-3 * 1 - (-4) * (-1)) - (-3) * (-2 * 1 - (-4) * 4) + 1 * (-2 * (-1) - (-3) * 4)
 = 2 * (-3 - 4) + 3 * (-2 + 16) + 1 * (2 + 12)
 = 2 * (-7) + 3 * 14 + 1 * 14
 = -14 + 42 + 14
 = 42
 
 The cofactor C11 is (-1)^(1+1) * det(M11) = 1 * 42 = 42.
 
 For a12 = -4:
 
 The minor M12 is the determinant of the 3×3 matrix obtained by removing the first row and second column:
 
 M12 = \begin{bmatrix} -3 & -3 & 1 \\ -4 & -3 & -4 \\ -3 & -1 & 1 \end{bmatrix}
 
 det(M12) = -3 * (-3 * 1 - (-4) * (-1)) - (-3) * (-4 * 1 - (-4) * (-3)) + 1 * (-4 * (-1) - (-3) * (-3))
 = -3 * (-3 - 4) + 3 * (-4 - 12) + 1 * (4 - 9)
 = -3 * (-7) + 3 * (-16) + 1 * (-5)
 = 21 - 48 - 5
 = -32
 
 The cofactor C12 is (-1)^(1+2) * det(M12) = -1 * (-32) = 32.
 
 For a13 = -1:
 
 The minor M13 is the determinant of the 3×3 matrix obtained by removing the first row and third column:
 
 M13 = \begin{bmatrix} -3 & 2 & 1 \\ -4 & -2 & -4 \\ -3 & 4 & 1 \end{bmatrix}
 
 det(M13) = -3 * (-2 * 1 - (-4) * 4) - 2 * (-4 * 1 - (-4) * (-3)) + 1 * (-4 * 4 - (-2) * (-3))
 = -3 * (-2 + 16) + 2 * (-4 - 12) + 1 * (-16 - 6)
 = -3 * 14 + 2 * (-16) + 1 * (-22)
 = -42 - 32 - 22
 = -96
 
 The cofactor C13 is (-1)^(1+3) * det(M13) = 1 * (-96) = -96.
 
 For a14 = -2:
 
 The minor M14 is the determinant of the 3×3 matrix obtained by removing the first row and fourth column:
 
 M14 = \begin{bmatrix} -3 & 2 & -3 \\ -4 & -2 & -3 \\ -3 & 4 & -1 \end{bmatrix}
 
 det(M14) = -3 * (-2 * (-1) - (-3) * 4) - 2 * (-4 * (-1) - (-3) * (-3)) + (-3) * (-4 * 4 - (-2) * (-3))
 = -3 * (2 + 12) + 2 * (4 - 9) + (-3) * (-16 - 6)
 = -3 * 14 + 2 * (-5) + (-3) * (-22)
 = -42 - 10 + 66
 = 14
 
 The cofactor C14 is (-1)^(1+4) * det(M14) = -1 * 14 = -14.
 
 2. Now, plug the cofactors back into the determinant formula:
 
 det(A) = a11 * C11 - a12 * C12 + a13 * C13 - a14 * C14
 = 2 * 42 - (-4) * 32 + (-1) * (-96) - (-2) * (-14)
 = 84 + 128 + 96 - 28
 = 284
 
 Therefore, the determinant of matrix A is \boxed{284}."," (-3))
 = -3 * (-2 + 16) [+] 2 * (-4 - 12) + 1 * (-1",127,S1_exact
C_4x4_det_068,Mistral-Small-24B,determinant,4,Operation_Direction,det,failure,\det(A) = 54,-,+,509,"<s>[INST] A = \begin{bmatrix} 3 & -4 & 1 & -4 \\ -4 & -2 & -4 & 1 \\ 4 & -1 & -2 & -4 \\ -5 & -3 & -3 & 2 \end{bmatrix}[/INST] To find the determinant of the 4×4 matrix A, we will use the Laplace expansion (cofactor expansion) method. We will expand along the first row for clarity.
 
 The matrix A is:
 
 A = \begin{bmatrix} 3 & -4 & 1 & -4 \\ -4 & -2 & -4 & 1 \\ 4 & -1 & -2 & -4 \\ -5 & -3 & -3 & 2 \end{bmatrix}
 
 The determinant of A, denoted as det(A), is calculated as follows:
 
 det(A) = 3 * C_{11} - (-4) * C_{12} + 1 * C_{13} - (-4) * C_{14}
 
 Where C_{ij} is the cofactor of the element a_{ij}.
 
 First, we need to find the minors and then the cofactors for each element in the first row.
 
 1. Minor for a_{11} (M_{11}):
 
 M_{11} = \begin{bmatrix} -2 & -4 & 1 \\ -1 & -2 & -4 \\ -3 & -3 & 2 \end{bmatrix}
 
 det(M_{11}) = -2 * [(-2) * 2 - (-4) * (-3)] - (-4) * [(-1) * 2 - (-4) * (-3)] + 1 * [(-1) * (-3) - (-2) * (-3)]
 = -2 * (-4 - 12) + 4 * (-2 - 12) + 1 * (3 - 6)
 = -2 * (-16) + 4 * (-14) + 1 * (-3)
 = 32 - 56 - 3
 = -27
 
 C_{11} = (-1)^{1+1} * det(M_{11}) = 1 * (-27) = -27
 
 2. Minor for a_{12} (M_{12}):
 
 M_{12} = \begin{bmatrix} -4 & -4 & 1 \\ 4 & -2 & -4 \\ -5 & -3 & 2 \end{bmatrix}
 
 det(M_{12}) = -4 * [(-2) * 2 - (-4) * (-3)] - (-4) * [4 * 2 - (-4) * (-5)] + 1 * [4 * (-3) - (-2) * (-5)]
 = -4 * (-4 - 12) + 4 * (8 - 20) + 1 * (-12 - 10)
 = -4 * (-16) + 4 * (-12) + 1 * (-22)
 = 64 - 48 - 22
 = -6
 
 C_{12} = (-1)^{1+2} * det(M_{12}) = -1 * (-6) = 6
 
 3. Minor for a_{13} (M_{13}):
 
 M_{13} = \begin{bmatrix} -4 & -2 & 1 \\ 4 & -1 & -4 \\ -5 & -3 & 2 \end{bmatrix}
 
 det(M_{13}) = -4 * [(-1) * 2 - (-4) * (-3)] - (-2) * [4 * 2 - (-4) * (-5)] + 1 * [4 * (-3) - (-1) * (-5)]
 = -4 * (-2 - 12) + 2 * (8 - 20) + 1 * (-12 - 5)
 = -4 * (-14) + 2 * (-12) + 1 * (-17)
 = 56 - 24 - 17
 = 15
 
 C_{13} = (-1)^{1+3} * det(M_{13}) = 1 * 15 = 15
 
 4. Minor for a_{14} (M_{14}):
 
 M_{14} = \begin{bmatrix} -4 & -2 & -4 \\ 4 & -1 & -2 \\ -5 & -3 & -3 \end{bmatrix}
 
 det(M_{14}) = -4 * [(-1) * (-3) - (-2) * (-3)] - (-2) * [4 * (-3) - (-2) * (-5)] + (-4) * [4 * (-3) - (-1) * (-5)]
 = -4 * (3 - 6) + 2 * (-12 - 10) - 4 * (-12 - 5)
 = -4 * (-3) + 2 * (-22) - 4 * (-17)
 = 12 - 44 + 68
 = 36
 
 C_{14} = (-1)^{1+4} * det(M_{14}) = -1 * 36 = -36
 
 Now, we can calculate the determinant of A:
 
 det(A) = 3 * C_{11} - (-4) * C_{12} + 1 * C_{13} - (-4) * C_{14}
 = 3 * (-27) + 4 * 6 + 1 * 15 + 4 * (-36)
 = -81 + 24 + 15 - 144
 = -81 + 24 = -57
 -57 + 15 = -42
 -42 - 144 = -186
 
 Therefore, the determinant of the matrix A is \boxed{-186}.","To find the determinant of the 4×4 matrix A, we will use the Laplace expansion (cofactor expansion) method. We will expand along the first row for clarity.
 
 The matrix A is:
 
 A = \begin{bmatrix} 3 & -4 & 1 & -4 \\ -4 & -2 & -4 & 1 \\ 4 & -1 & -2 & -4 \\ -5 & -3 & -3 & 2 \end{bmatrix}
 
 The determinant of A, denoted as det(A), is calculated as follows:
 
 det(A) = 3 * C_{11} - (-4) * C_{12} + 1 * C_{13} - (-4) * C_{14}
 
 Where C_{ij} is the cofactor of the element a_{ij}.
 
 First, we need to find the minors and then the cofactors for each element in the first row.
 
 1. Minor for a_{11} (M_{11}):
 
 M_{11} = \begin{bmatrix} -2 & -4 & 1 \\ -1 & -2 & -4 \\ -3 & -3 & 2 \end{bmatrix}
 
 det(M_{11}) = -2 * [(-2) * 2 - (-4) * (-3)] - (-4) * [(-1) * 2 - (-4) * (-3)] + 1 * [(-1) * (-3) - (-2) * (-3)]
 = -2 * (-4 - 12) + 4 * (-2 - 12) + 1 * (3 - 6)
 = -2 * (-16) + 4 * (-14) + 1 * (-3)
 = 32 - 56 - 3
 = -27
 
 C_{11} = (-1)^{1+1} * det(M_{11}) = 1 * (-27) = -27
 
 2. Minor for a_{12} (M_{12}):
 
 M_{12} = \begin{bmatrix} -4 & -4 & 1 \\ 4 & -2 & -4 \\ -5 & -3 & 2 \end{bmatrix}
 
 det(M_{12}) = -4 * [(-2) * 2 - (-4) * (-3)] - (-4) * [4 * 2 - (-4) * (-5)] + 1 * [4 * (-3) - (-2) * (-5)]
 = -4 * (-4 - 12) + 4 * (8 - 20) + 1 * (-12 - 10)
 = -4 * (-16) + 4 * (-12) + 1 * (-22)
 = 64 - 48 - 22
 = -6
 
 C_{12} = (-1)^{1+2} * det(M_{12}) = -1 * (-6) = 6
 
 3. Minor for a_{13} (M_{13}):
 
 M_{13} = \begin{bmatrix} -4 & -2 & 1 \\ 4 & -1 & -4 \\ -5 & -3 & 2 \end{bmatrix}
 
 det(M_{13}) = -4 * [(-1) * 2 - (-4) * (-3)] - (-2) * [4 * 2 - (-4) * (-5)] + 1 * [4 * (-3) - (-1) * (-5)]
 = -4 * (-2 - 12) + 2 * (8 - 20) + 1 * (-12 - 5)
 = -4 * (-14) + 2 * (-12) + 1 * (-17)
 = 56 - 24 - 17
 = 15
 
 C_{13} = (-1)^{1+3} * det(M_{13}) = 1 * 15 = 15
 
 4. Minor for a_{14} (M_{14}):
 
 M_{14} = \begin{bmatrix} -4 & -2 & -4 \\ 4 & -1 & -2 \\ -5 & -3 & -3 \end{bmatrix}
 
 det(M_{14}) = -4 * [(-1) * (-3) - (-2) * (-3)] - (-2) * [4 * (-3) - (-2) * (-5)] + (-4) * [4 * (-3) - (-1) * (-5)]
 = -4 * (3 - 6) + 2 * (-12 - 10) - 4 * (-12 - 5)
 = -4 * (-3) + 2 * (-22) - 4 * (-17)
 = 12 - 44 + 68
 = 36
 
 C_{14} = (-1)^{1+4} * det(M_{14}) = -1 * 36 = -36
 
 Now, we can calculate the determinant of A:
 
 det(A) = 3 * C_{11} - (-4) * C_{12} + 1 * C_{13} - (-4) * C_{14}
 = 3 * (-27) + 4 * 6 + 1 * 15 + 4 * (-36)
 = -81 + 24 + 15 - 144
 = -81 + 24 = -57
 -57 + 15 = -42
 -42 - 144 = -186
 
 Therefore, the determinant of the matrix A is \boxed{-186}.",":
 
 det(A) = 3 * C_{11} [-] (-4) * C_{12} + 1 * C_{",127,S1_exact
C_4x4_det_073,Mistral-Small-24B,determinant,4,Operation_Direction,det,failure,\det(A) = -68,-,+,338,"<s>[INST] A = \begin{bmatrix} -4 & -5 & 1 & -5 \\ -3 & -1 & -4 & -2 \\ -1 & -2 & 3 & -2 \\ -5 & 2 & -1 & 1 \end{bmatrix}[/INST] To find the determinant of the 4×4 matrix A, we can use the Laplace expansion (also known as cofactor expansion) along the first row. The formula for the determinant of a 4×4 matrix A is:
 
 det(A) = a11 * C11 - a12 * C12 + a13 * C13 - a14 * C14
 
 where aij is the element in the ith row and jth column, and Cij is the cofactor of aij. The cofactor Cij is given by (-1)^(i+j) * det(Mij), where Mij is the submatrix obtained by deleting the ith row and jth column from A.
 
 Let's compute the determinant step by step.
 
 A = \begin{bmatrix} -4 & -5 & 1 & -5 \\ -3 & -1 & -4 & -2 \\ -1 & -2 & 3 & -2 \\ -5 & 2 & -1 & 1 \end{bmatrix}
 
 First, we compute the cofactors C11, C12, C13, and C14.
 
 C11 = (-1)^(1+1) * det(M11) = 1 * det \begin{bmatrix} -1 & -4 & -2 \\ -2 & 3 & -2 \\ 2 & -1 & 1 \end{bmatrix}
 
 To compute det(M11), we can use the Laplace expansion along the first row again.
 
 det(M11) = (-1) * det \begin{bmatrix} 3 & -2 \\ -1 & 1 \end{bmatrix} - (-4) * det \begin{bmatrix} -2 & -2 \\ 2 & 1 \end{bmatrix} + (-2) * det \begin{bmatrix} -2 & 3 \\ 2 & -1 \end{bmatrix}
 
 = (-1) * ((3)(1) - (-2)(-1)) + 4 * ((-2)(1) - (-2)(2)) - 2 * ((-2)(-1) - (3)(2))
 
 = (-1) * (3 - 2) + 4 * (-2 + 4) - 2 * (2 - 6)
 
 = (-1) * (1) + 4 * (2) - 2 * (-4)
 
 = -1 + 8 + 8
 
 = 15
 
 So, C11 = 1 * 15 = 15.
 
 C12 = (-1)^(1+2) * det(M12) = -1 * det \begin{bmatrix} -3 & -4 & -2 \\ -1 & 3 & -2 \\ -5 & -1 & 1 \end{bmatrix}
 
 To compute det(M12), we can use the Laplace expansion along the first row.
 
 det(M12) = (-3) * det \begin{bmatrix} 3 & -2 \\ -1 & 1 \end{bmatrix} - (-4) * det \begin{bmatrix} -1 & -2 \\ -5 & 1 \end{bmatrix} + (-2) * det \begin{bmatrix} -1 & 3 \\ -5 & -1 \end{bmatrix}
 
 = (-3) * ((3)(1) - (-2)(-1)) + 4 * ((-1)(1) - (-2)(-5)) - 2 * ((-1)(-1) - (3)(-5))
 
 = (-3) * (3 - 2) + 4 * (-1 - 10) - 2 * (1 + 15)
 
 = (-3) * (1) + 4 * (-11) - 2 * (16)
 
 = -3 - 44 - 32
 
 = -79
 
 So, C12 = -1 * -79 = 79.
 
 C13 = (-1)^(1+3) * det(M13) = 1 * det \begin{bmatrix} -3 & -1 & -2 \\ -1 & -2 & -2 \\ -5 & 2 & 1 \end{bmatrix}
 
 To compute det(M13), we can use the Laplace expansion along the first row.
 
 det(M13) = (-3) * det \begin{bmatrix} -2 & -2 \\ 2 & 1 \end{bmatrix} - (-1) * det \begin{bmatrix} -1 & -2 \\ -5 & 1 \end{bmatrix} + (-2) * det \begin{bmatrix} -1 & -2 \\ -5 & 2 \end{bmatrix}
 
 = (-3) * ((-2)(1) - (-2)(2)) + 1 * ((-1)(1) - (-2)(-5)) - 2 * ((-1)(2) - (-2)(-5))
 
 = (-3) * (-2 + 4) + 1 * (-1 - 10) - 2 * (-2 - 10)
 
 = (-3) * (2) + 1 * (-11) - 2 * (-12)
 
 = -6 - 11 + 24
 
 = 7
 
 So, C13 = 1 * 7 = 7.
 
 C14 = (-1)^(1+4) * det(M14) = -1 * det \begin{bmatrix} -3 & -1 & -4 \\ -1 & -2 & 3 \\ -5 & 2 & -1 \end{bmatrix}
 
 To compute det(M14), we can use the Laplace expansion along the first row.
 
 det(M14) = (-3) * det \begin{bmatrix} -2 & 3 \\ 2 & -1 \end{bmatrix} - (-1) * det \begin{bmatrix} -1 & 3 \\ -5 & -1 \end{bmatrix} + (-4) * det \begin{bmatrix} -1 & -2 \\ -5 & 2 \end{bmatrix}
 
 = (-3) * ((-2)(-1) - (3)(2)) + 1 * ((-1)(-1) - (3)(-5)) - 4 * ((-1)(2) - (-2)(-5))
 
 = (-3) * (2 - 6) + 1 * (1 + 15) - 4 * (-2 - 10)
 
 = (-3) * (-4) + 1 * (16) - 4 * (-12)
 
 = 12 + 16 + 48
 
 = 76
 
 So, C14 = -1 * 76 = -76.
 
 Now, we can compute the determinant of A.
 
 det(A) = a11 * C11 - a12 * C12 + a13 * C13 - a14 * C14
 
 = (-4) * 15 - (-5) * 79 + 1 * 7 - (-5) * (-76)
 
 = -60 + 395 + 7 - 380
 
 = -60 + 395 + 7 - 380
 
 = 62
 
 So, the determinant of the matrix A is \boxed{62}.","To find the determinant of the 4×4 matrix A, we can use the Laplace expansion (also known as cofactor expansion) along the first row. The formula for the determinant of a 4×4 matrix A is:
 
 det(A) = a11 * C11 - a12 * C12 + a13 * C13 - a14 * C14
 
 where aij is the element in the ith row and jth column, and Cij is the cofactor of aij. The cofactor Cij is given by (-1)^(i+j) * det(Mij), where Mij is the submatrix obtained by deleting the ith row and jth column from A.
 
 Let's compute the determinant step by step.
 
 A = \begin{bmatrix} -4 & -5 & 1 & -5 \\ -3 & -1 & -4 & -2 \\ -1 & -2 & 3 & -2 \\ -5 & 2 & -1 & 1 \end{bmatrix}
 
 First, we compute the cofactors C11, C12, C13, and C14.
 
 C11 = (-1)^(1+1) * det(M11) = 1 * det \begin{bmatrix} -1 & -4 & -2 \\ -2 & 3 & -2 \\ 2 & -1 & 1 \end{bmatrix}
 
 To compute det(M11), we can use the Laplace expansion along the first row again.
 
 det(M11) = (-1) * det \begin{bmatrix} 3 & -2 \\ -1 & 1 \end{bmatrix} - (-4) * det \begin{bmatrix} -2 & -2 \\ 2 & 1 \end{bmatrix} + (-2) * det \begin{bmatrix} -2 & 3 \\ 2 & -1 \end{bmatrix}
 
 = (-1) * ((3)(1) - (-2)(-1)) + 4 * ((-2)(1) - (-2)(2)) - 2 * ((-2)(-1) - (3)(2))
 
 = (-1) * (3 - 2) + 4 * (-2 + 4) - 2 * (2 - 6)
 
 = (-1) * (1) + 4 * (2) - 2 * (-4)
 
 = -1 + 8 + 8
 
 = 15
 
 So, C11 = 1 * 15 = 15.
 
 C12 = (-1)^(1+2) * det(M12) = -1 * det \begin{bmatrix} -3 & -4 & -2 \\ -1 & 3 & -2 \\ -5 & -1 & 1 \end{bmatrix}
 
 To compute det(M12), we can use the Laplace expansion along the first row.
 
 det(M12) = (-3) * det \begin{bmatrix} 3 & -2 \\ -1 & 1 \end{bmatrix} - (-4) * det \begin{bmatrix} -1 & -2 \\ -5 & 1 \end{bmatrix} + (-2) * det \begin{bmatrix} -1 & 3 \\ -5 & -1 \end{bmatrix}
 
 = (-3) * ((3)(1) - (-2)(-1)) + 4 * ((-1)(1) - (-2)(-5)) - 2 * ((-1)(-1) - (3)(-5))
 
 = (-3) * (3 - 2) + 4 * (-1 - 10) - 2 * (1 + 15)
 
 = (-3) * (1) + 4 * (-11) - 2 * (16)
 
 = -3 - 44 - 32
 
 = -79
 
 So, C12 = -1 * -79 = 79.
 
 C13 = (-1)^(1+3) * det(M13) = 1 * det \begin{bmatrix} -3 & -1 & -2 \\ -1 & -2 & -2 \\ -5 & 2 & 1 \end{bmatrix}
 
 To compute det(M13), we can use the Laplace expansion along the first row.
 
 det(M13) = (-3) * det \begin{bmatrix} -2 & -2 \\ 2 & 1 \end{bmatrix} - (-1) * det \begin{bmatrix} -1 & -2 \\ -5 & 1 \end{bmatrix} + (-2) * det \begin{bmatrix} -1 & -2 \\ -5 & 2 \end{bmatrix}
 
 = (-3) * ((-2)(1) - (-2)(2)) + 1 * ((-1)(1) - (-2)(-5)) - 2 * ((-1)(2) - (-2)(-5))
 
 = (-3) * (-2 + 4) + 1 * (-1 - 10) - 2 * (-2 - 10)
 
 = (-3) * (2) + 1 * (-11) - 2 * (-12)
 
 = -6 - 11 + 24
 
 = 7
 
 So, C13 = 1 * 7 = 7.
 
 C14 = (-1)^(1+4) * det(M14) = -1 * det \begin{bmatrix} -3 & -1 & -4 \\ -1 & -2 & 3 \\ -5 & 2 & -1 \end{bmatrix}
 
 To compute det(M14), we can use the Laplace expansion along the first row.
 
 det(M14) = (-3) * det \begin{bmatrix} -2 & 3 \\ 2 & -1 \end{bmatrix} - (-1) * det \begin{bmatrix} -1 & 3 \\ -5 & -1 \end{bmatrix} + (-4) * det \begin{bmatrix} -1 & -2 \\ -5 & 2 \end{bmatrix}
 
 = (-3) * ((-2)(-1) - (3)(2)) + 1 * ((-1)(-1) - (3)(-5)) - 4 * ((-1)(2) - (-2)(-5))
 
 = (-3) * (2 - 6) + 1 * (1 + 15) - 4 * (-2 - 10)
 
 = (-3) * (-4) + 1 * (16) - 4 * (-12)
 
 = 12 + 16 + 48
 
 = 76
 
 So, C14 = -1 * 76 = -76.
 
 Now, we can compute the determinant of A.
 
 det(A) = a11 * C11 - a12 * C12 + a13 * C13 - a14 * C14
 
 = (-4) * 15 - (-5) * 79 + 1 * 7 - (-5) * (-76)
 
 = -60 + 395 + 7 - 380
 
 = -60 + 395 + 7 - 380
 
 = 62
 
 So, the determinant of the matrix A is \boxed{62}.","s:
 
 det(A) = a11 * C11 [-] a12 * C12 + a13 * C13 -",128,S1_exact
C_4x4_det_076,Mistral-Small-24B,determinant,4,Rule_Interference,det,failure,\det(A) = -76,-,+,937,"<s>[INST] A = \begin{bmatrix} 1 & -2 & -5 & -2 \\ -2 & 2 & -2 & -1 \\ 1 & -1 & -4 & -4 \\ -4 & -1 & -5 & 4 \end{bmatrix}[/INST] To find the determinant of the 4×4 matrix A, we will use the Laplace expansion (also known as cofactor expansion) along the first row. The formula for the determinant of a 4×4 matrix A is:
 
 det(A) = Σ (-1)^(i+j) * a_1j * det(M_1j)
 
 where a_1j is the element in the first row and j-th column, and M_1j is the minor matrix obtained by removing the first row and j-th column from A.
 
 Let's compute the determinant step by step.
 
 A = \begin{bmatrix} 1 & -2 & -5 & -2 \\ -2 & 2 & -2 & -1 \\ 1 & -1 & -4 & -4 \\ -4 & -1 & -5 & 4 \end{bmatrix}
 
 det(A) = 1 * det \begin{bmatrix} 2 & -2 & -1 \\ -1 & -4 & -4 \\ -1 & -5 & 4 \end{bmatrix} - (-2) * det \begin{bmatrix} -2 & -2 & -1 \\ 1 & -4 & -4 \\ -4 & -5 & 4 \end{bmatrix} + (-5) * det \begin{bmatrix} -2 & 2 & -1 \\ 1 & -1 & -4 \\ -4 & -1 & 4 \end{bmatrix} - 2 * det \begin{bmatrix} -2 & 2 & -2 \\ 1 & -1 & -4 \\ -4 & -1 & -5 \end{bmatrix}
 
 Now, let's compute each of the 3×3 determinants.
 
 1. det \begin{bmatrix} 2 & -2 & -1 \\ -1 & -4 & -4 \\ -1 & -5 & 4 \end{bmatrix} = 2 * ((-4)*(4) - (-5)*(-4)) - (-2) * ((-1)*(4) - (-5)*(-1)) + (-1) * ((-1)*(-5) - (-4)*(-1)) = 2 * (-16 - 20) + 2 * (-4 - 5) - 1 * (5 - 4) = 2 * (-36) + 2 * (-9) - 1 * (1) = -72 - 18 - 1 = -91
 
 2. det \begin{bmatrix} -2 & -2 & -1 \\ 1 & -4 & -4 \\ -4 & -5 & 4 \end{bmatrix} = -2 * ((-4)*(4) - (-5)*(-4)) - (-2) * (1*(4) - (-5)*(-4)) + (-1) * (1*(-5) - (-4)*(-4)) = -2 * (-16 - 20) + 2 * (4 - 16) - 1 * (-5 - 16) = -2 * (-36) + 2 * (-12) - 1 * (-21) = 72 - 24 + 21 = 69
 
 3. det \begin{bmatrix} -2 & 2 & -1 \\ 1 & -1 & -4 \\ -4 & -1 & 4 \end{bmatrix} = -2 * ((-1)*(4) - (-1)*(-4)) - 2 * (1*(4) - (-1)*(-4)) + (-1) * (1*(-1) - (-1)*(-4)) = -2 * (-4 - 4) - 2 * (4 - 4) - 1 * (-1 - 4) = -2 * (-8) - 2 * (0) - 1 * (-5) = 16 - 0 + 5 = 21
 
 4. det \begin{bmatrix} -2 & 2 & -2 \\ 1 & -1 & -4 \\ -4 & -1 & -5 \end{bmatrix} = -2 * ((-1)*(-5) - (-1)*(-4)) - 2 * (1*(-5) - (-1)*(-4)) + (-2) * (1*(-1) - (-1)*(-4)) = -2 * (5 - 4) - 2 * (-5 - 4) - 2 * (-1 - 4) = -2 * (1) - 2 * (-9) - 2 * (-5) = -2 + 18 + 10 = 26
 
 Now, substitute these values back into the expression for det(A):
 
 det(A) = 1 * (-91) - (-2) * (69) + (-5) * (21) - 2 * (26) = -91 + 138 - 105 - 52 = -110
 
 Therefore, the determinant of the matrix A is \boxed{-110}.","To find the determinant of the 4×4 matrix A, we will use the Laplace expansion (also known as cofactor expansion) along the first row. The formula for the determinant of a 4×4 matrix A is:
 
 det(A) = Σ (-1)^(i+j) * a_1j * det(M_1j)
 
 where a_1j is the element in the first row and j-th column, and M_1j is the minor matrix obtained by removing the first row and j-th column from A.
 
 Let's compute the determinant step by step.
 
 A = \begin{bmatrix} 1 & -2 & -5 & -2 \\ -2 & 2 & -2 & -1 \\ 1 & -1 & -4 & -4 \\ -4 & -1 & -5 & 4 \end{bmatrix}
 
 det(A) = 1 * det \begin{bmatrix} 2 & -2 & -1 \\ -1 & -4 & -4 \\ -1 & -5 & 4 \end{bmatrix} - (-2) * det \begin{bmatrix} -2 & -2 & -1 \\ 1 & -4 & -4 \\ -4 & -5 & 4 \end{bmatrix} + (-5) * det \begin{bmatrix} -2 & 2 & -1 \\ 1 & -1 & -4 \\ -4 & -1 & 4 \end{bmatrix} - 2 * det \begin{bmatrix} -2 & 2 & -2 \\ 1 & -1 & -4 \\ -4 & -1 & -5 \end{bmatrix}
 
 Now, let's compute each of the 3×3 determinants.
 
 1. det \begin{bmatrix} 2 & -2 & -1 \\ -1 & -4 & -4 \\ -1 & -5 & 4 \end{bmatrix} = 2 * ((-4)*(4) - (-5)*(-4)) - (-2) * ((-1)*(4) - (-5)*(-1)) + (-1) * ((-1)*(-5) - (-4)*(-1)) = 2 * (-16 - 20) + 2 * (-4 - 5) - 1 * (5 - 4) = 2 * (-36) + 2 * (-9) - 1 * (1) = -72 - 18 - 1 = -91
 
 2. det \begin{bmatrix} -2 & -2 & -1 \\ 1 & -4 & -4 \\ -4 & -5 & 4 \end{bmatrix} = -2 * ((-4)*(4) - (-5)*(-4)) - (-2) * (1*(4) - (-5)*(-4)) + (-1) * (1*(-5) - (-4)*(-4)) = -2 * (-16 - 20) + 2 * (4 - 16) - 1 * (-5 - 16) = -2 * (-36) + 2 * (-12) - 1 * (-21) = 72 - 24 + 21 = 69
 
 3. det \begin{bmatrix} -2 & 2 & -1 \\ 1 & -1 & -4 \\ -4 & -1 & 4 \end{bmatrix} = -2 * ((-1)*(4) - (-1)*(-4)) - 2 * (1*(4) - (-1)*(-4)) + (-1) * (1*(-1) - (-1)*(-4)) = -2 * (-4 - 4) - 2 * (4 - 4) - 1 * (-1 - 4) = -2 * (-8) - 2 * (0) - 1 * (-5) = 16 - 0 + 5 = 21
 
 4. det \begin{bmatrix} -2 & 2 & -2 \\ 1 & -1 & -4 \\ -4 & -1 & -5 \end{bmatrix} = -2 * ((-1)*(-5) - (-1)*(-4)) - 2 * (1*(-5) - (-1)*(-4)) + (-2) * (1*(-1) - (-1)*(-4)) = -2 * (5 - 4) - 2 * (-5 - 4) - 2 * (-1 - 4) = -2 * (1) - 2 * (-9) - 2 * (-5) = -2 + 18 + 10 = 26
 
 Now, substitute these values back into the expression for det(A):
 
 det(A) = 1 * (-91) - (-2) * (69) + (-5) * (21) - 2 * (26) = -91 + 138 - 105 - 52 = -110
 
 Therefore, the determinant of the matrix A is \boxed{-110}.",4 & -1 & 4 \end{bmatrix} [-] 2 * det \begin{bmatrix},128,S1_exact
C_4x4_det_080,Mistral-Small-24B,determinant,4,Operation_Direction,det,failure,\det(A) = -25,-,+,323,"<s>[INST] A = \begin{bmatrix} -4 & -2 & -5 & -3 \\ -1 & -4 & -3 & -5 \\ 4 & -3 & 3 & -5 \\ -3 & 1 & -4 & 3 \end{bmatrix}[/INST] To find the determinant of the 4×4 matrix A, we will use the Laplace expansion (cofactor expansion) along the first row. The formula for the determinant of a 4×4 matrix is:
 
 det(A) = a11 * C11 - a12 * C12 + a13 * C13 - a14 * C14
 
 where a11, a12, a13, a14 are the elements of the first row, and C11, C12, C13, C14 are the corresponding cofactors.
 
 Given matrix A:
 
 A = \begin{bmatrix} -4 & -2 & -5 & -3 \\ -1 & -4 & -3 & -5 \\ 4 & -3 & 3 & -5 \\ -3 & 1 & -4 & 3 \end{bmatrix}
 
 Let's compute the determinant step by step.
 
 1. Compute the minors and cofactors for each element in the first row.
 
 For a11 = -4:
 
 The minor M11 is the determinant of the 3×3 matrix obtained by removing the first row and first column:
 
 M11 = \begin{bmatrix} -4 & -3 & -5 \\ -3 & 3 & -5 \\ 1 & -4 & 3 \end{bmatrix}
 
 det(M11) = -4 * (3 * 3 - (-5) * (-4)) - (-3) * (-3 * 3 - (-5) * 1) + (-5) * (-3 * (-4) - 3 * 1)
 = -4 * (9 - 20) + 3 * (-9 + 5) - 5 * (12 - 3)
 = -4 * (-11) + 3 * (-4) - 5 * 9
 = 44 - 12 - 45
 = -13
 
 The cofactor C11 is (-1)^(1+1) * det(M11) = 1 * (-13) = -13
 
 For a12 = -2:
 
 The minor M12 is the determinant of the 3×3 matrix obtained by removing the first row and second column:
 
 M12 = \begin{bmatrix} -1 & -3 & -5 \\ 4 & 3 & -5 \\ -3 & -4 & 3 \end{bmatrix}
 
 det(M12) = -1 * (3 * 3 - (-5) * (-4)) - (-3) * (4 * 3 - (-5) * (-3)) + (-5) * (4 * (-4) - 3 * (-3))
 = -1 * (9 - 20) + 3 * (12 - 15) - 5 * (-16 + 9)
 = -1 * (-11) + 3 * (-3) - 5 * (-7)
 = 11 - 9 + 35
 = 37
 
 The cofactor C12 is (-1)^(1+2) * det(M12) = -1 * 37 = -37
 
 For a13 = -5:
 
 The minor M13 is the determinant of the 3×3 matrix obtained by removing the first row and third column:
 
 M13 = \begin{bmatrix} -1 & -4 & -5 \\ 4 & -3 & -5 \\ -3 & 1 & 3 \end{bmatrix}
 
 det(M13) = -1 * (-3 * 3 - (-5) * 1) - (-4) * (4 * 3 - (-5) * (-3)) + (-5) * (4 * 1 - (-3) * (-3))
 = -1 * (-9 + 5) + 4 * (12 - 15) - 5 * (4 - 9)
 = -1 * (-4) + 4 * (-3) - 5 * (-5)
 = 4 - 12 + 25
 = 17
 
 The cofactor C13 is (-1)^(1+3) * det(M13) = 1 * 17 = 17
 
 For a14 = -3:
 
 The minor M14 is the determinant of the 3×3 matrix obtained by removing the first row and fourth column:
 
 M14 = \begin{bmatrix} -1 & -4 & -3 \\ 4 & -3 & 3 \\ -3 & 1 & -4 \end{bmatrix}
 
 det(M14) = -1 * (-3 * (-4) - 3 * 1) - (-4) * (4 * (-4) - 3 * (-3)) + (-3) * (4 * 1 - (-3) * (-3))
 = -1 * (12 - 3) + 4 * (-16 + 9) - 3 * (4 - 9)
 = -1 * 9 + 4 * (-7) - 3 * (-5)
 = -9 - 28 + 15
 = -22
 
 The cofactor C14 is (-1)^(1+4) * det(M14) = -1 * (-22) = 22
 
 2. Now, compute the determinant using the cofactors:
 
 det(A) = a11 * C11 - a12 * C12 + a13 * C13 - a14 * C14
 = (-4) * (-13) - (-2) * (-37) + (-5) * 17 - (-3) * 22
 = 52 - 74 - 85 + 66
 = (52 - 74) + (-85 + 66)
 = (-22) + (-19)
 = -41
 
 Therefore, the determinant of the matrix A is \boxed{-41}.","To find the determinant of the 4×4 matrix A, we will use the Laplace expansion (cofactor expansion) along the first row. The formula for the determinant of a 4×4 matrix is:
 
 det(A) = a11 * C11 - a12 * C12 + a13 * C13 - a14 * C14
 
 where a11, a12, a13, a14 are the elements of the first row, and C11, C12, C13, C14 are the corresponding cofactors.
 
 Given matrix A:
 
 A = \begin{bmatrix} -4 & -2 & -5 & -3 \\ -1 & -4 & -3 & -5 \\ 4 & -3 & 3 & -5 \\ -3 & 1 & -4 & 3 \end{bmatrix}
 
 Let's compute the determinant step by step.
 
 1. Compute the minors and cofactors for each element in the first row.
 
 For a11 = -4:
 
 The minor M11 is the determinant of the 3×3 matrix obtained by removing the first row and first column:
 
 M11 = \begin{bmatrix} -4 & -3 & -5 \\ -3 & 3 & -5 \\ 1 & -4 & 3 \end{bmatrix}
 
 det(M11) = -4 * (3 * 3 - (-5) * (-4)) - (-3) * (-3 * 3 - (-5) * 1) + (-5) * (-3 * (-4) - 3 * 1)
 = -4 * (9 - 20) + 3 * (-9 + 5) - 5 * (12 - 3)
 = -4 * (-11) + 3 * (-4) - 5 * 9
 = 44 - 12 - 45
 = -13
 
 The cofactor C11 is (-1)^(1+1) * det(M11) = 1 * (-13) = -13
 
 For a12 = -2:
 
 The minor M12 is the determinant of the 3×3 matrix obtained by removing the first row and second column:
 
 M12 = \begin{bmatrix} -1 & -3 & -5 \\ 4 & 3 & -5 \\ -3 & -4 & 3 \end{bmatrix}
 
 det(M12) = -1 * (3 * 3 - (-5) * (-4)) - (-3) * (4 * 3 - (-5) * (-3)) + (-5) * (4 * (-4) - 3 * (-3))
 = -1 * (9 - 20) + 3 * (12 - 15) - 5 * (-16 + 9)
 = -1 * (-11) + 3 * (-3) - 5 * (-7)
 = 11 - 9 + 35
 = 37
 
 The cofactor C12 is (-1)^(1+2) * det(M12) = -1 * 37 = -37
 
 For a13 = -5:
 
 The minor M13 is the determinant of the 3×3 matrix obtained by removing the first row and third column:
 
 M13 = \begin{bmatrix} -1 & -4 & -5 \\ 4 & -3 & -5 \\ -3 & 1 & 3 \end{bmatrix}
 
 det(M13) = -1 * (-3 * 3 - (-5) * 1) - (-4) * (4 * 3 - (-5) * (-3)) + (-5) * (4 * 1 - (-3) * (-3))
 = -1 * (-9 + 5) + 4 * (12 - 15) - 5 * (4 - 9)
 = -1 * (-4) + 4 * (-3) - 5 * (-5)
 = 4 - 12 + 25
 = 17
 
 The cofactor C13 is (-1)^(1+3) * det(M13) = 1 * 17 = 17
 
 For a14 = -3:
 
 The minor M14 is the determinant of the 3×3 matrix obtained by removing the first row and fourth column:
 
 M14 = \begin{bmatrix} -1 & -4 & -3 \\ 4 & -3 & 3 \\ -3 & 1 & -4 \end{bmatrix}
 
 det(M14) = -1 * (-3 * (-4) - 3 * 1) - (-4) * (4 * (-4) - 3 * (-3)) + (-3) * (4 * 1 - (-3) * (-3))
 = -1 * (12 - 3) + 4 * (-16 + 9) - 3 * (4 - 9)
 = -1 * 9 + 4 * (-7) - 3 * (-5)
 = -9 - 28 + 15
 = -22
 
 The cofactor C14 is (-1)^(1+4) * det(M14) = -1 * (-22) = 22
 
 2. Now, compute the determinant using the cofactors:
 
 det(A) = a11 * C11 - a12 * C12 + a13 * C13 - a14 * C14
 = (-4) * (-13) - (-2) * (-37) + (-5) * 17 - (-3) * 22
 = 52 - 74 - 85 + 66
 = (52 - 74) + (-85 + 66)
 = (-22) + (-19)
 = -41
 
 Therefore, the determinant of the matrix A is \boxed{-41}.","s:
 
 det(A) = a11 * C11 [-] a12 * C12 + a13 * C13 -",128,S1_exact
C_4x4_det_086,Mistral-Small-24B,determinant,4,Double_Negative_Trap,det,failure,\det(A) = -67,-,+,2278,"<s>[INST] A = \begin{bmatrix} 1 & -5 & 3 & 5 \\ -3 & -1 & -2 & 3 \\ 5 & -5 & 5 & -4 \\ -3 & 4 & -4 & -5 \end{bmatrix}[/INST] To find the determinant of the 4×4 matrix A, we will use the Laplace expansion (also known as cofactor expansion) along the first row. The formula for the determinant of a 4×4 matrix is:
 
 \[
 \det(A) = \sum_{j=1}^{4} (-1)^{1+j} a_{1j} \det(A_{1j})
 \]
 
 where \( a_{1j} \) is the element in the first row and j-th column, and \( A_{1j} \) is the 3×3 submatrix obtained by deleting the first row and j-th column.
 
 Given the matrix:
 
 \[
 A = \begin{bmatrix}
 1 & -5 & 3 & 5 \\
 -3 & -1 & -2 & 3 \\
 5 & -5 & 5 & -4 \\
 -3 & 4 & -4 & -5
 \end{bmatrix}
 \]
 
 We will compute the determinant as follows:
 
 \[
 \det(A) = 1 \cdot \det \begin{bmatrix}
 -1 & -2 & 3 \\
 -5 & 5 & -4 \\
 4 & -4 & -5
 \end{bmatrix}
 - (-5) \cdot \det \begin{bmatrix}
 -3 & -2 & 3 \\
 5 & 5 & -4 \\
 -3 & -4 & -5
 \end{bmatrix}
 + 3 \cdot \det \begin{bmatrix}
 -3 & -1 & 3 \\
 5 & -5 & -4 \\
 -3 & 4 & -5
 \end{bmatrix}
 - 5 \cdot \det \begin{bmatrix}
 -3 & -1 & -2 \\
 5 & -5 & 5 \\
 -3 & 4 & -4
 \end{bmatrix}
 \]
 
 Now, we will compute each of the 3×3 determinants.
 
 1. For the first term:
 
 \[
 \det \begin{bmatrix}
 -1 & -2 & 3 \\
 -5 & 5 & -4 \\
 4 & -4 & -5
 \end{bmatrix}
 = (-1) \cdot (5 \cdot (-5) - (-4) \cdot (-4)) - (-2) \cdot (-5 \cdot (-5) - (-4) \cdot 4) + 3 \cdot (-5 \cdot (-4) - 5 \cdot 4)
 \]
 
 \[
 = (-1) \cdot (-25 - 16) + 2 \cdot (25 + 16) + 3 \cdot (20 - 20)
 \]
 
 \[
 = (-1) \cdot (-41) + 2 \cdot 41 + 3 \cdot 0
 \]
 
 \[
 = 41 + 82 + 0 = 123
 \]
 
 2. For the second term:
 
 \[
 \det \begin{bmatrix}
 -3 & -2 & 3 \\
 5 & 5 & -4 \\
 -3 & -4 & -5
 \end{bmatrix}
 = (-3) \cdot (5 \cdot (-5) - (-4) \cdot (-4)) - (-2) \cdot (5 \cdot (-5) - (-4) \cdot (-3)) + 3 \cdot (5 \cdot (-4) - 5 \cdot (-3))
 \]
 
 \[
 = (-3) \cdot (-25 - 16) + 2 \cdot (-25 - 12) + 3 \cdot (-20 + 15)
 \]
 
 \[
 = (-3) \cdot (-41) + 2 \cdot (-37) + 3 \cdot (-5)
 \]
 
 \[
 = 123 - 74 - 15 = 34
 \]
 
 3. For the third term:
 
 \[
 \det \begin{bmatrix}
 -3 & -1 & 3 \\
 5 & -5 & -4 \\
 -3 & 4 & -5
 \end{bmatrix}
 = (-3) \cdot (-5 \cdot (-5) - (-4) \cdot 4) - (-1) \cdot (5 \cdot (-5) - (-4) \cdot (-3)) + 3 \cdot (5 \cdot 4 - (-5) \cdot (-3))
 \]
 
 \[
 = (-3) \cdot (25 - 16) + 1 \cdot (-25 - 12) + 3 \cdot (20 - 15)
 \]
 
 \[
 = (-3) \cdot 9 + 1 \cdot (-37) + 3 \cdot 5
 \]
 
 \[
 = -27 - 37 + 15 = -59
 \]
 
 4. For the fourth term:
 
 \[
 \det \begin{bmatrix}
 -3 & -1 & -2 \\
 5 & -5 & 5 \\
 -3 & 4 & -4
 \end{bmatrix}
 = (-3) \cdot (-5 \cdot (-4) - 5 \cdot 4) - (-1) \cdot (5 \cdot (-4) - 5 \cdot (-3)) + (-2) \cdot (5 \cdot 4 - (-5) \cdot (-3))
 \]
 
 \[
 = (-3) \cdot (20 - 20) + 1 \cdot (-20 + 15) + (-2) \cdot (20 - 15)
 \]
 
 \[
 = (-3) \cdot 0 + 1 \cdot (-5) + (-2) \cdot 5
 \]
 
 \[
 = 0 - 5 - 10 = -15
 \]
 
 Now, substitute these values back into the expression for the determinant of A:
 
 \[
 \det(A) = 1 \cdot 123 - (-5) \cdot 34 + 3 \cdot (-59) - 5 \cdot (-15)
 \]
 
 \[
 = 123 + 170 - 177 + 75
 \]
 
 \[
 = 123 + 170 = 293
 \]
 
 \[
 293 - 177 = 116
 \]
 
 \[
 116 + 75 = 191
 \]
 
 Therefore, the determinant of the matrix A is:
 
 \[
 \boxed{191}
 \]","To find the determinant of the 4×4 matrix A, we will use the Laplace expansion (also known as cofactor expansion) along the first row. The formula for the determinant of a 4×4 matrix is:
 
 \[
 \det(A) = \sum_{j=1}^{4} (-1)^{1+j} a_{1j} \det(A_{1j})
 \]
 
 where \( a_{1j} \) is the element in the first row and j-th column, and \( A_{1j} \) is the 3×3 submatrix obtained by deleting the first row and j-th column.
 
 Given the matrix:
 
 \[
 A = \begin{bmatrix}
 1 & -5 & 3 & 5 \\
 -3 & -1 & -2 & 3 \\
 5 & -5 & 5 & -4 \\
 -3 & 4 & -4 & -5
 \end{bmatrix}
 \]
 
 We will compute the determinant as follows:
 
 \[
 \det(A) = 1 \cdot \det \begin{bmatrix}
 -1 & -2 & 3 \\
 -5 & 5 & -4 \\
 4 & -4 & -5
 \end{bmatrix}
 - (-5) \cdot \det \begin{bmatrix}
 -3 & -2 & 3 \\
 5 & 5 & -4 \\
 -3 & -4 & -5
 \end{bmatrix}
 + 3 \cdot \det \begin{bmatrix}
 -3 & -1 & 3 \\
 5 & -5 & -4 \\
 -3 & 4 & -5
 \end{bmatrix}
 - 5 \cdot \det \begin{bmatrix}
 -3 & -1 & -2 \\
 5 & -5 & 5 \\
 -3 & 4 & -4
 \end{bmatrix}
 \]
 
 Now, we will compute each of the 3×3 determinants.
 
 1. For the first term:
 
 \[
 \det \begin{bmatrix}
 -1 & -2 & 3 \\
 -5 & 5 & -4 \\
 4 & -4 & -5
 \end{bmatrix}
 = (-1) \cdot (5 \cdot (-5) - (-4) \cdot (-4)) - (-2) \cdot (-5 \cdot (-5) - (-4) \cdot 4) + 3 \cdot (-5 \cdot (-4) - 5 \cdot 4)
 \]
 
 \[
 = (-1) \cdot (-25 - 16) + 2 \cdot (25 + 16) + 3 \cdot (20 - 20)
 \]
 
 \[
 = (-1) \cdot (-41) + 2 \cdot 41 + 3 \cdot 0
 \]
 
 \[
 = 41 + 82 + 0 = 123
 \]
 
 2. For the second term:
 
 \[
 \det \begin{bmatrix}
 -3 & -2 & 3 \\
 5 & 5 & -4 \\
 -3 & -4 & -5
 \end{bmatrix}
 = (-3) \cdot (5 \cdot (-5) - (-4) \cdot (-4)) - (-2) \cdot (5 \cdot (-5) - (-4) \cdot (-3)) + 3 \cdot (5 \cdot (-4) - 5 \cdot (-3))
 \]
 
 \[
 = (-3) \cdot (-25 - 16) + 2 \cdot (-25 - 12) + 3 \cdot (-20 + 15)
 \]
 
 \[
 = (-3) \cdot (-41) + 2 \cdot (-37) + 3 \cdot (-5)
 \]
 
 \[
 = 123 - 74 - 15 = 34
 \]
 
 3. For the third term:
 
 \[
 \det \begin{bmatrix}
 -3 & -1 & 3 \\
 5 & -5 & -4 \\
 -3 & 4 & -5
 \end{bmatrix}
 = (-3) \cdot (-5 \cdot (-5) - (-4) \cdot 4) - (-1) \cdot (5 \cdot (-5) - (-4) \cdot (-3)) + 3 \cdot (5 \cdot 4 - (-5) \cdot (-3))
 \]
 
 \[
 = (-3) \cdot (25 - 16) + 1 \cdot (-25 - 12) + 3 \cdot (20 - 15)
 \]
 
 \[
 = (-3) \cdot 9 + 1 \cdot (-37) + 3 \cdot 5
 \]
 
 \[
 = -27 - 37 + 15 = -59
 \]
 
 4. For the fourth term:
 
 \[
 \det \begin{bmatrix}
 -3 & -1 & -2 \\
 5 & -5 & 5 \\
 -3 & 4 & -4
 \end{bmatrix}
 = (-3) \cdot (-5 \cdot (-4) - 5 \cdot 4) - (-1) \cdot (5 \cdot (-4) - 5 \cdot (-3)) + (-2) \cdot (5 \cdot 4 - (-5) \cdot (-3))
 \]
 
 \[
 = (-3) \cdot (20 - 20) + 1 \cdot (-20 + 15) + (-2) \cdot (20 - 15)
 \]
 
 \[
 = (-3) \cdot 0 + 1 \cdot (-5) + (-2) \cdot 5
 \]
 
 \[
 = 0 - 5 - 10 = -15
 \]
 
 Now, substitute these values back into the expression for the determinant of A:
 
 \[
 \det(A) = 1 \cdot 123 - (-5) \cdot 34 + 3 \cdot (-59) - 5 \cdot (-15)
 \]
 
 \[
 = 123 + 170 - 177 + 75
 \]
 
 \[
 = 123 + 170 = 293
 \]
 
 \[
 293 - 177 = 116
 \]
 
 \[
 116 + 75 = 191
 \]
 
 Therefore, the determinant of the matrix A is:
 
 \[
 \boxed{191}
 \]","
 
 \[
 = (-3) \cdot (25 [-] 16) + 1 \cdot (-25 - 12",125,S1_exact
C_4x4_det_087,Mistral-Small-24B,determinant,4,Operation_Direction,det,failure,\det(A) = 40,-,+,333,"<s>[INST] A = \begin{bmatrix} 5 & -2 & 5 & -2 \\ -3 & 4 & -5 & 5 \\ -1 & -3 & 1 & -3 \\ 3 & -2 & -1 & 4 \end{bmatrix}[/INST] To find the determinant of the 4×4 matrix A, we will use the Laplace expansion (also known as cofactor expansion) along the first row. The formula for the determinant of a 4×4 matrix A is:
 
 det(A) = a11C11 - a12C12 + a13C13 - a14C14
 
 where aij are the elements of the matrix and Cij are the corresponding cofactors.
 
 Given matrix A:
 
 A = \begin{bmatrix} 5 & -2 & 5 & -2 \\ -3 & 4 & -5 & 5 \\ -1 & -3 & 1 & -3 \\ 3 & -2 & -1 & 4 \end{bmatrix}
 
 Let's compute each term step by step.
 
 1. Compute C11 (cofactor of a11):
 C11 = (-1)^(1+1) * det(M11)
 where M11 is the 3×3 matrix obtained by removing the first row and first column of A.
 
 M11 = \begin{bmatrix} 4 & -5 & 5 \\ -3 & 1 & -3 \\ -2 & -1 & 4 \end{bmatrix}
 
 det(M11) = 4*(1*4 - (-3)*(-1)) - (-5)*(-3*4 - (-2)*(-1)) + 5*(-3*(-1) - 1*(-2))
 = 4*(4 - 3) + 5*(-12 - 2) + 5*(3 + 2)
 = 4*1 + 5*(-14) + 5*5
 = 4 - 70 + 25
 = -41
 
 C11 = 1 * (-41) = -41
 
 2. Compute C12 (cofactor of a12):
 C12 = (-1)^(1+2) * det(M12)
 where M12 is the 3×3 matrix obtained by removing the first row and second column of A.
 
 M12 = \begin{bmatrix} -3 & -5 & 5 \\ -1 & 1 & -3 \\ 3 & -1 & 4 \end{bmatrix}
 
 det(M12) = -3*(1*4 - (-3)*(-1)) - (-5)*(-1*4 - 3*(-3)) + 5*(-1*(-1) - 1*3)
 = -3*(4 - 3) + 5*(-4 + 9) + 5*(1 - 3)
 = -3*1 + 5*5 + 5*(-2)
 = -3 + 25 - 10
 = 12
 
 C12 = -1 * 12 = -12
 
 3. Compute C13 (cofactor of a13):
 C13 = (-1)^(1+3) * det(M13)
 where M13 is the 3×3 matrix obtained by removing the first row and third column of A.
 
 M13 = \begin{bmatrix} -3 & 4 & 5 \\ -1 & -3 & -3 \\ 3 & -2 & 4 \end{bmatrix}
 
 det(M13) = -3*(-3*4 - (-2)*(-3)) - 4*(-1*4 - 3*(-3)) + 5*(-1*(-2) - (-3)*3)
 = -3*(-12 - 6) - 4*(-4 + 9) + 5*(2 + 9)
 = -3*(-18) - 4*5 + 5*11
 = 54 - 20 + 55
 = 89
 
 C13 = 1 * 89 = 89
 
 4. Compute C14 (cofactor of a14):
 C14 = (-1)^(1+4) * det(M14)
 where M14 is the 3×3 matrix obtained by removing the first row and fourth column of A.
 
 M14 = \begin{bmatrix} -3 & 4 & -5 \\ -1 & -3 & 5 \\ 3 & -2 & -1 \end{bmatrix}
 
 det(M14) = -3*(-3*(-1) - 5*(-2)) - 4*(-1*(-1) - 5*3) + (-5)*(-1*(-2) - (-3)*3)
 = -3*(3 + 10) - 4*(1 - 15) + (-5)*(2 + 9)
 = -3*13 - 4*(-14) + (-5)*11
 = -39 + 56 - 55
 = -38
 
 C14 = -1 * (-38) = 38
 
 Now, substitute these values back into the determinant formula:
 
 det(A) = a11C11 - a12C12 + a13C13 - a14C14
 = 5*(-41) - (-2)*(-12) + 5*89 - (-2)*38
 = -205 - 24 + 445 + 76
 = (-205 - 24) + (445 + 76)
 = -229 + 521
 = 292
 
 Therefore, the determinant of matrix A is \boxed{292}.","To find the determinant of the 4×4 matrix A, we will use the Laplace expansion (also known as cofactor expansion) along the first row. The formula for the determinant of a 4×4 matrix A is:
 
 det(A) = a11C11 - a12C12 + a13C13 - a14C14
 
 where aij are the elements of the matrix and Cij are the corresponding cofactors.
 
 Given matrix A:
 
 A = \begin{bmatrix} 5 & -2 & 5 & -2 \\ -3 & 4 & -5 & 5 \\ -1 & -3 & 1 & -3 \\ 3 & -2 & -1 & 4 \end{bmatrix}
 
 Let's compute each term step by step.
 
 1. Compute C11 (cofactor of a11):
 C11 = (-1)^(1+1) * det(M11)
 where M11 is the 3×3 matrix obtained by removing the first row and first column of A.
 
 M11 = \begin{bmatrix} 4 & -5 & 5 \\ -3 & 1 & -3 \\ -2 & -1 & 4 \end{bmatrix}
 
 det(M11) = 4*(1*4 - (-3)*(-1)) - (-5)*(-3*4 - (-2)*(-1)) + 5*(-3*(-1) - 1*(-2))
 = 4*(4 - 3) + 5*(-12 - 2) + 5*(3 + 2)
 = 4*1 + 5*(-14) + 5*5
 = 4 - 70 + 25
 = -41
 
 C11 = 1 * (-41) = -41
 
 2. Compute C12 (cofactor of a12):
 C12 = (-1)^(1+2) * det(M12)
 where M12 is the 3×3 matrix obtained by removing the first row and second column of A.
 
 M12 = \begin{bmatrix} -3 & -5 & 5 \\ -1 & 1 & -3 \\ 3 & -1 & 4 \end{bmatrix}
 
 det(M12) = -3*(1*4 - (-3)*(-1)) - (-5)*(-1*4 - 3*(-3)) + 5*(-1*(-1) - 1*3)
 = -3*(4 - 3) + 5*(-4 + 9) + 5*(1 - 3)
 = -3*1 + 5*5 + 5*(-2)
 = -3 + 25 - 10
 = 12
 
 C12 = -1 * 12 = -12
 
 3. Compute C13 (cofactor of a13):
 C13 = (-1)^(1+3) * det(M13)
 where M13 is the 3×3 matrix obtained by removing the first row and third column of A.
 
 M13 = \begin{bmatrix} -3 & 4 & 5 \\ -1 & -3 & -3 \\ 3 & -2 & 4 \end{bmatrix}
 
 det(M13) = -3*(-3*4 - (-2)*(-3)) - 4*(-1*4 - 3*(-3)) + 5*(-1*(-2) - (-3)*3)
 = -3*(-12 - 6) - 4*(-4 + 9) + 5*(2 + 9)
 = -3*(-18) - 4*5 + 5*11
 = 54 - 20 + 55
 = 89
 
 C13 = 1 * 89 = 89
 
 4. Compute C14 (cofactor of a14):
 C14 = (-1)^(1+4) * det(M14)
 where M14 is the 3×3 matrix obtained by removing the first row and fourth column of A.
 
 M14 = \begin{bmatrix} -3 & 4 & -5 \\ -1 & -3 & 5 \\ 3 & -2 & -1 \end{bmatrix}
 
 det(M14) = -3*(-3*(-1) - 5*(-2)) - 4*(-1*(-1) - 5*3) + (-5)*(-1*(-2) - (-3)*3)
 = -3*(3 + 10) - 4*(1 - 15) + (-5)*(2 + 9)
 = -3*13 - 4*(-14) + (-5)*11
 = -39 + 56 - 55
 = -38
 
 C14 = -1 * (-38) = 38
 
 Now, substitute these values back into the determinant formula:
 
 det(A) = a11C11 - a12C12 + a13C13 - a14C14
 = 5*(-41) - (-2)*(-12) + 5*89 - (-2)*38
 = -205 - 24 + 445 + 76
 = (-205 - 24) + (445 + 76)
 = -229 + 521
 = 292
 
 Therefore, the determinant of matrix A is \boxed{292}.","A is:
 
 det(A) = a11C11 [-] a12C12 + a13C13 - a14C1",125,S3_exact
C_4x4_det_090,Mistral-Small-24B,determinant,4,Operation_Direction,det,failure,\det(A) = 46,-,+,336,"<s>[INST] A = \begin{bmatrix} 5 & -1 & 3 & -1 \\ -4 & -3 & -5 & 2 \\ -4 & -2 & 5 & -5 \\ 3 & 5 & -5 & 5 \end{bmatrix}[/INST] To find the determinant of the 4×4 matrix A, we will use the Laplace expansion (also known as cofactor expansion) along the first row. The formula for the determinant of a 4×4 matrix A is:
 
 det(A) = a11 * C11 - a12 * C12 + a13 * C13 - a14 * C14
 
 where aij are the elements of the matrix and Cij are the corresponding cofactors.
 
 Given matrix A:
 
 A = \begin{bmatrix} 5 & -1 & 3 & -1 \\ -4 & -3 & -5 & 2 \\ -4 & -2 & 5 & -5 \\ 3 & 5 & -5 & 5 \end{bmatrix}
 
 Let's compute the determinant step by step.
 
 1. Compute the minors and cofactors for each element in the first row.
 
 For a11 = 5:
 
 The minor M11 is the determinant of the 3×3 matrix obtained by removing the first row and first column:
 
 M11 = \begin{bmatrix} -3 & -5 & 2 \\ -2 & 5 & -5 \\ 5 & -5 & 5 \end{bmatrix}
 
 det(M11) = -3 * (5 * 5 - (-5) * (-5)) - (-5) * (-2 * 5 - (-5) * 5) + 2 * (-2 * (-5) - 5 * 5)
 = -3 * (25 - 25) + 5 * (-10 + 25) + 2 * (10 - 25)
 = -3 * 0 + 5 * 15 + 2 * (-15)
 = 0 + 75 - 30
 = 45
 
 The cofactor C11 = (-1)^(1+1) * det(M11) = 1 * 45 = 45
 
 For a12 = -1:
 
 The minor M12 is the determinant of the 3×3 matrix obtained by removing the first row and second column:
 
 M12 = \begin{bmatrix} -4 & -5 & 2 \\ -4 & 5 & -5 \\ 3 & -5 & 5 \end{bmatrix}
 
 det(M12) = -4 * (5 * 5 - (-5) * (-5)) - (-5) * (-4 * 5 - (-5) * 3) + 2 * (-4 * (-5) - 5 * 3)
 = -4 * (25 - 25) + 5 * (-20 + 15) + 2 * (20 - 15)
 = -4 * 0 - 5 * 5 + 2 * 5
 = 0 - 25 + 10
 = -15
 
 The cofactor C12 = (-1)^(1+2) * det(M12) = -1 * (-15) = 15
 
 For a13 = 3:
 
 The minor M13 is the determinant of the 3×3 matrix obtained by removing the first row and third column:
 
 M13 = \begin{bmatrix} -4 & -3 & 2 \\ -4 & -2 & -5 \\ 3 & 5 & 5 \end{bmatrix}
 
 det(M13) = -4 * (-2 * 5 - (-5) * 5) - (-3) * (-4 * 5 - (-5) * 3) + 2 * (-4 * 5 - (-2) * 3)
 = -4 * (-10 + 25) + 3 * (-20 + 15) + 2 * (-20 + 6)
 = -4 * 15 + 3 * (-5) + 2 * (-14)
 = -60 - 15 - 28
 = -103
 
 The cofactor C13 = (-1)^(1+3) * det(M13) = 1 * (-103) = -103
 
 For a14 = -1:
 
 The minor M14 is the determinant of the 3×3 matrix obtained by removing the first row and fourth column:
 
 M14 = \begin{bmatrix} -4 & -3 & -5 \\ -4 & -2 & 5 \\ 3 & 5 & -5 \end{bmatrix}
 
 det(M14) = -4 * (-2 * (-5) - 5 * 5) - (-3) * (-4 * (-5) - 5 * 3) + (-5) * (-4 * 5 - (-2) * 3)
 = -4 * (10 - 25) + 3 * (20 - 15) - 5 * (-20 + 6)
 = -4 * (-15) + 3 * 5 - 5 * (-14)
 = 60 + 15 + 70
 = 145
 
 The cofactor C14 = (-1)^(1+4) * det(M14) = -1 * 145 = -145
 
 2. Now, plug the cofactors back into the determinant formula:
 
 det(A) = a11 * C11 - a12 * C12 + a13 * C13 - a14 * C14
 = 5 * 45 - (-1) * 15 + 3 * (-103) - (-1) * (-145)
 = 225 + 15 - 309 - 145
 = (225 + 15) - (309 + 145)
 = 240 - 454
 = -214
 
 Therefore, the determinant of matrix A is \boxed{-214}.","To find the determinant of the 4×4 matrix A, we will use the Laplace expansion (also known as cofactor expansion) along the first row. The formula for the determinant of a 4×4 matrix A is:
 
 det(A) = a11 * C11 - a12 * C12 + a13 * C13 - a14 * C14
 
 where aij are the elements of the matrix and Cij are the corresponding cofactors.
 
 Given matrix A:
 
 A = \begin{bmatrix} 5 & -1 & 3 & -1 \\ -4 & -3 & -5 & 2 \\ -4 & -2 & 5 & -5 \\ 3 & 5 & -5 & 5 \end{bmatrix}
 
 Let's compute the determinant step by step.
 
 1. Compute the minors and cofactors for each element in the first row.
 
 For a11 = 5:
 
 The minor M11 is the determinant of the 3×3 matrix obtained by removing the first row and first column:
 
 M11 = \begin{bmatrix} -3 & -5 & 2 \\ -2 & 5 & -5 \\ 5 & -5 & 5 \end{bmatrix}
 
 det(M11) = -3 * (5 * 5 - (-5) * (-5)) - (-5) * (-2 * 5 - (-5) * 5) + 2 * (-2 * (-5) - 5 * 5)
 = -3 * (25 - 25) + 5 * (-10 + 25) + 2 * (10 - 25)
 = -3 * 0 + 5 * 15 + 2 * (-15)
 = 0 + 75 - 30
 = 45
 
 The cofactor C11 = (-1)^(1+1) * det(M11) = 1 * 45 = 45
 
 For a12 = -1:
 
 The minor M12 is the determinant of the 3×3 matrix obtained by removing the first row and second column:
 
 M12 = \begin{bmatrix} -4 & -5 & 2 \\ -4 & 5 & -5 \\ 3 & -5 & 5 \end{bmatrix}
 
 det(M12) = -4 * (5 * 5 - (-5) * (-5)) - (-5) * (-4 * 5 - (-5) * 3) + 2 * (-4 * (-5) - 5 * 3)
 = -4 * (25 - 25) + 5 * (-20 + 15) + 2 * (20 - 15)
 = -4 * 0 - 5 * 5 + 2 * 5
 = 0 - 25 + 10
 = -15
 
 The cofactor C12 = (-1)^(1+2) * det(M12) = -1 * (-15) = 15
 
 For a13 = 3:
 
 The minor M13 is the determinant of the 3×3 matrix obtained by removing the first row and third column:
 
 M13 = \begin{bmatrix} -4 & -3 & 2 \\ -4 & -2 & -5 \\ 3 & 5 & 5 \end{bmatrix}
 
 det(M13) = -4 * (-2 * 5 - (-5) * 5) - (-3) * (-4 * 5 - (-5) * 3) + 2 * (-4 * 5 - (-2) * 3)
 = -4 * (-10 + 25) + 3 * (-20 + 15) + 2 * (-20 + 6)
 = -4 * 15 + 3 * (-5) + 2 * (-14)
 = -60 - 15 - 28
 = -103
 
 The cofactor C13 = (-1)^(1+3) * det(M13) = 1 * (-103) = -103
 
 For a14 = -1:
 
 The minor M14 is the determinant of the 3×3 matrix obtained by removing the first row and fourth column:
 
 M14 = \begin{bmatrix} -4 & -3 & -5 \\ -4 & -2 & 5 \\ 3 & 5 & -5 \end{bmatrix}
 
 det(M14) = -4 * (-2 * (-5) - 5 * 5) - (-3) * (-4 * (-5) - 5 * 3) + (-5) * (-4 * 5 - (-2) * 3)
 = -4 * (10 - 25) + 3 * (20 - 15) - 5 * (-20 + 6)
 = -4 * (-15) + 3 * 5 - 5 * (-14)
 = 60 + 15 + 70
 = 145
 
 The cofactor C14 = (-1)^(1+4) * det(M14) = -1 * 145 = -145
 
 2. Now, plug the cofactors back into the determinant formula:
 
 det(A) = a11 * C11 - a12 * C12 + a13 * C13 - a14 * C14
 = 5 * 45 - (-1) * 15 + 3 * (-103) - (-1) * (-145)
 = 225 + 15 - 309 - 145
 = (225 + 15) - (309 + 145)
 = 240 - 454
 = -214
 
 Therefore, the determinant of matrix A is \boxed{-214}.","s:
 
 det(A) = a11 * C11 [-] a12 * C12 + a13 * C13 -",125,S1_exact
C_4x4_det_094,Mistral-Small-24B,determinant,4,Silent_Sign_Flip,det,failure,\det(A) = 62,-,+,1893,"<s>[INST] A = \begin{bmatrix} 4 & -3 & 5 & -2 \\ 5 & -3 & -2 & 4 \\ -3 & -4 & 3 & -1 \\ -4 & 1 & -3 & 1 \end{bmatrix}[/INST] To find the determinant of the 4×4 matrix A, we can use the Laplace expansion (also known as cofactor expansion) along the first row. The formula for the determinant of a 4×4 matrix A is:
 
 det(A) = a11 * C11 - a12 * C12 + a13 * C13 - a14 * C14
 
 where a11, a12, a13, a14 are the elements of the first row, and C11, C12, C13, C14 are the corresponding cofactors.
 
 Given the matrix A:
 
 A = \begin{bmatrix} 4 & -3 & 5 & -2 \\ 5 & -3 & -2 & 4 \\ -3 & -4 & 3 & -1 \\ -4 & 1 & -3 & 1 \end{bmatrix}
 
 Let's compute the determinant step by step.
 
 1. Compute the minors and cofactors for each element in the first row.
 
 For a11 = 4:
 The minor M11 is the determinant of the 3×3 matrix obtained by removing the first row and first column:
 
 M11 = \begin{bmatrix} -3 & -2 & 4 \\ -4 & 3 & -1 \\ 1 & -3 & 1 \end{bmatrix}
 
 The cofactor C11 is (-1)^(1+1) * M11 = 1 * M11.
 
 For a12 = -3:
 The minor M12 is the determinant of the 3×3 matrix obtained by removing the first row and second column:
 
 M12 = \begin{bmatrix} 5 & -2 & 4 \\ -3 & 3 & -1 \\ -4 & -3 & 1 \end{bmatrix}
 
 The cofactor C12 is (-1)^(1+2) * M12 = -1 * M12.
 
 For a13 = 5:
 The minor M13 is the determinant of the 3×3 matrix obtained by removing the first row and third column:
 
 M13 = \begin{bmatrix} 5 & -3 & 4 \\ -3 & -4 & -1 \\ -4 & 1 & 1 \end{bmatrix}
 
 The cofactor C13 is (-1)^(1+3) * M13 = 1 * M13.
 
 For a14 = -2:
 The minor M14 is the determinant of the 3×3 matrix obtained by removing the first row and fourth column:
 
 M14 = \begin{bmatrix} 5 & -3 & -2 \\ -3 & -4 & 3 \\ -4 & 1 & -3 \end{bmatrix}
 
 The cofactor C14 is (-1)^(1+4) * M14 = -1 * M14.
 
 2. Compute the determinants of the 3×3 minors.
 
 det(M11) = (-3)((3)(1) - (-3)(-1)) - (-2)((-4)(1) - (1)(-1)) + 4((-4)(-3) - (1)(-3))
 = (-3)(3 - 3) - (-2)(-4 + 1) + 4(12 + 3)
 = 0 - 6 + 60
 = 54
 
 det(M12) = 5((3)(1) - (-3)(-1)) - (-2)((-4)(1) - (1)(-3)) + 4((-4)(-3) - (1)(-3))
 = 5(3 - 3) - (-2)(-4 + 3) + 4(12 + 3)
 = 0 - 2 + 60
 = 58
 
 det(M13) = 5((-4)(1) - (1)(-1)) - (-3)((-4)(1) - (1)(-3)) + 4((-4)(1) - (-3)(-3))
 = 5(-4 + 1) - (-3)(-4 + 3) + 4(-4 - 9)
 = -15 - 3 - 52
 = -70
 
 det(M14) = 5((-4)(-3) - (1)(-3)) - (-3)((-4)(-3) - (1)(-3)) + (-2)((-4)(1) - (1)(-3))
 = 5(12 + 3) - (-3)(12 + 3) + (-2)(-4 + 3)
 = 75 + 45 - 2
 = 118
 
 3. Compute the cofactors.
 
 C11 = 1 * det(M11) = 54
 C12 = -1 * det(M12) = -58
 C13 = 1 * det(M13) = -70
 C14 = -1 * det(M14) = -118
 
 4. Compute the determinant of the 4×4 matrix A.
 
 det(A) = a11 * C11 - a12 * C12 + a13 * C13 - a14 * C14
 = 4 * 54 - (-3) * (-58) + 5 * (-70) - (-2) * (-118)
 = 216 - 174 - 350 - 236
 = -544
 
 Therefore, the determinant of the matrix A is \boxed{-544}.","To find the determinant of the 4×4 matrix A, we can use the Laplace expansion (also known as cofactor expansion) along the first row. The formula for the determinant of a 4×4 matrix A is:
 
 det(A) = a11 * C11 - a12 * C12 + a13 * C13 - a14 * C14
 
 where a11, a12, a13, a14 are the elements of the first row, and C11, C12, C13, C14 are the corresponding cofactors.
 
 Given the matrix A:
 
 A = \begin{bmatrix} 4 & -3 & 5 & -2 \\ 5 & -3 & -2 & 4 \\ -3 & -4 & 3 & -1 \\ -4 & 1 & -3 & 1 \end{bmatrix}
 
 Let's compute the determinant step by step.
 
 1. Compute the minors and cofactors for each element in the first row.
 
 For a11 = 4:
 The minor M11 is the determinant of the 3×3 matrix obtained by removing the first row and first column:
 
 M11 = \begin{bmatrix} -3 & -2 & 4 \\ -4 & 3 & -1 \\ 1 & -3 & 1 \end{bmatrix}
 
 The cofactor C11 is (-1)^(1+1) * M11 = 1 * M11.
 
 For a12 = -3:
 The minor M12 is the determinant of the 3×3 matrix obtained by removing the first row and second column:
 
 M12 = \begin{bmatrix} 5 & -2 & 4 \\ -3 & 3 & -1 \\ -4 & -3 & 1 \end{bmatrix}
 
 The cofactor C12 is (-1)^(1+2) * M12 = -1 * M12.
 
 For a13 = 5:
 The minor M13 is the determinant of the 3×3 matrix obtained by removing the first row and third column:
 
 M13 = \begin{bmatrix} 5 & -3 & 4 \\ -3 & -4 & -1 \\ -4 & 1 & 1 \end{bmatrix}
 
 The cofactor C13 is (-1)^(1+3) * M13 = 1 * M13.
 
 For a14 = -2:
 The minor M14 is the determinant of the 3×3 matrix obtained by removing the first row and fourth column:
 
 M14 = \begin{bmatrix} 5 & -3 & -2 \\ -3 & -4 & 3 \\ -4 & 1 & -3 \end{bmatrix}
 
 The cofactor C14 is (-1)^(1+4) * M14 = -1 * M14.
 
 2. Compute the determinants of the 3×3 minors.
 
 det(M11) = (-3)((3)(1) - (-3)(-1)) - (-2)((-4)(1) - (1)(-1)) + 4((-4)(-3) - (1)(-3))
 = (-3)(3 - 3) - (-2)(-4 + 1) + 4(12 + 3)
 = 0 - 6 + 60
 = 54
 
 det(M12) = 5((3)(1) - (-3)(-1)) - (-2)((-4)(1) - (1)(-3)) + 4((-4)(-3) - (1)(-3))
 = 5(3 - 3) - (-2)(-4 + 3) + 4(12 + 3)
 = 0 - 2 + 60
 = 58
 
 det(M13) = 5((-4)(1) - (1)(-1)) - (-3)((-4)(1) - (1)(-3)) + 4((-4)(1) - (-3)(-3))
 = 5(-4 + 1) - (-3)(-4 + 3) + 4(-4 - 9)
 = -15 - 3 - 52
 = -70
 
 det(M14) = 5((-4)(-3) - (1)(-3)) - (-3)((-4)(-3) - (1)(-3)) + (-2)((-4)(1) - (1)(-3))
 = 5(12 + 3) - (-3)(12 + 3) + (-2)(-4 + 3)
 = 75 + 45 - 2
 = 118
 
 3. Compute the cofactors.
 
 C11 = 1 * det(M11) = 54
 C12 = -1 * det(M12) = -58
 C13 = 1 * det(M13) = -70
 C14 = -1 * det(M14) = -118
 
 4. Compute the determinant of the 4×4 matrix A.
 
 det(A) = a11 * C11 - a12 * C12 + a13 * C13 - a14 * C14
 = 4 * 54 - (-3) * (-58) + 5 * (-70) - (-2) * (-118)
 = 216 - 174 - 350 - 236
 = -544
 
 Therefore, the determinant of the matrix A is \boxed{-544}.","(-1)) + 4((-4)(-3) - (1)([-]3))
 = (-3)(3 - 3) - (-2",125,S1_exact
C_4x4_det_100,Mistral-Small-24B,determinant,4,Product_Sign_Error,det,failure,\det(A) = -159,-,+,1247,"<s>[INST] A = \begin{bmatrix} 3 & -4 & 4 & -4 \\ -3 & 2 & -2 & 3 \\ 5 & -2 & -3 & -3 \\ -1 & 3 & 4 & -5 \end{bmatrix}[/INST] To find the determinant of the 4×4 matrix A, we will use the Laplace expansion (also known as cofactor expansion) along the first row. The formula for the determinant of a 4×4 matrix A is:
 
 det(A) = Σ (-1)^(i+j) * a_1j * det(M_1j)
 
 where a_1j is the element in the first row and j-th column, and M_1j is the minor matrix obtained by removing the first row and j-th column from A.
 
 Let's compute the determinant step by step.
 
 A = \begin{bmatrix} 3 & -4 & 4 & -4 \\ -3 & 2 & -2 & 3 \\ 5 & -2 & -3 & -3 \\ -1 & 3 & 4 & -5 \end{bmatrix}
 
 det(A) = 3 * det \begin{bmatrix} 2 & -2 & 3 \\ -2 & -3 & -3 \\ 3 & 4 & -5 \end{bmatrix} - (-4) * det \begin{bmatrix} -3 & -2 & 3 \\ 5 & -3 & -3 \\ -1 & 4 & -5 \end{bmatrix} + 4 * det \begin{bmatrix} -3 & 2 & 3 \\ 5 & -2 & -3 \\ -1 & 3 & -5 \end{bmatrix} - (-4) * det \begin{bmatrix} -3 & 2 & -2 \\ 5 & -2 & -3 \\ -1 & 3 & 4 \end{bmatrix}
 
 Now, let's compute each of the 3×3 determinants.
 
 1. det \begin{bmatrix} 2 & -2 & 3 \\ -2 & -3 & -3 \\ 3 & 4 & -5 \end{bmatrix} = 2 * (-3 * -5 - (-3) * 4) - (-2) * (-2 * -5 - (-3) * 3) + 3 * (-2 * 4 - (-3) * 3) = 2 * (15 + 12) + 2 * (-10 + 9) + 3 * (-8 + 9) = 2 * 27 + 2 * (-1) + 3 * 1 = 54 - 2 + 3 = 55
 
 2. det \begin{bmatrix} -3 & -2 & 3 \\ 5 & -3 & -3 \\ -1 & 4 & -5 \end{bmatrix} = -3 * (-3 * -5 - (-3) * 4) - (-2) * (5 * -5 - (-3) * (-1)) + 3 * (5 * 4 - (-3) * (-1)) = -3 * (15 + 12) + 2 * (-25 - 3) + 3 * (20 - 3) = -3 * 27 + 2 * (-28) + 3 * 17 = -81 - 56 + 51 = -86
 
 3. det \begin{bmatrix} -3 & 2 & 3 \\ 5 & -2 & -3 \\ -1 & 3 & -5 \end{bmatrix} = -3 * (-2 * -5 - (-3) * 3) - 2 * (5 * -5 - (-3) * (-1)) + 3 * (5 * 3 - (-2) * (-1)) = -3 * (10 + 9) - 2 * (-25 - 3) + 3 * (15 - 2) = -3 * 19 - 2 * (-28) + 3 * 13 = -57 + 56 + 39 = 38
 
 4. det \begin{bmatrix} -3 & 2 & -2 \\ 5 & -2 & -3 \\ -1 & 3 & 4 \end{bmatrix} = -3 * (-2 * 4 - (-3) * 3) - 2 * (5 * 4 - (-3) * (-1)) + (-2) * (5 * 3 - (-2) * (-1)) = -3 * (-8 + 9) - 2 * (20 - 3) - 2 * (15 - 2) = -3 * 1 - 2 * 17 - 2 * 13 = -3 - 34 - 26 = -63
 
 Now, substitute these values back into the expression for det(A):
 
 det(A) = 3 * 55 + 4 * (-86) + 4 * 38 + 4 * (-63) = 165 - 344 + 152 - 252 = (165 + 152) + (-344 - 252) = 317 - 596 = -279
 
 Therefore, the determinant of the matrix A is \boxed{-279}.","To find the determinant of the 4×4 matrix A, we will use the Laplace expansion (also known as cofactor expansion) along the first row. The formula for the determinant of a 4×4 matrix A is:
 
 det(A) = Σ (-1)^(i+j) * a_1j * det(M_1j)
 
 where a_1j is the element in the first row and j-th column, and M_1j is the minor matrix obtained by removing the first row and j-th column from A.
 
 Let's compute the determinant step by step.
 
 A = \begin{bmatrix} 3 & -4 & 4 & -4 \\ -3 & 2 & -2 & 3 \\ 5 & -2 & -3 & -3 \\ -1 & 3 & 4 & -5 \end{bmatrix}
 
 det(A) = 3 * det \begin{bmatrix} 2 & -2 & 3 \\ -2 & -3 & -3 \\ 3 & 4 & -5 \end{bmatrix} - (-4) * det \begin{bmatrix} -3 & -2 & 3 \\ 5 & -3 & -3 \\ -1 & 4 & -5 \end{bmatrix} + 4 * det \begin{bmatrix} -3 & 2 & 3 \\ 5 & -2 & -3 \\ -1 & 3 & -5 \end{bmatrix} - (-4) * det \begin{bmatrix} -3 & 2 & -2 \\ 5 & -2 & -3 \\ -1 & 3 & 4 \end{bmatrix}
 
 Now, let's compute each of the 3×3 determinants.
 
 1. det \begin{bmatrix} 2 & -2 & 3 \\ -2 & -3 & -3 \\ 3 & 4 & -5 \end{bmatrix} = 2 * (-3 * -5 - (-3) * 4) - (-2) * (-2 * -5 - (-3) * 3) + 3 * (-2 * 4 - (-3) * 3) = 2 * (15 + 12) + 2 * (-10 + 9) + 3 * (-8 + 9) = 2 * 27 + 2 * (-1) + 3 * 1 = 54 - 2 + 3 = 55
 
 2. det \begin{bmatrix} -3 & -2 & 3 \\ 5 & -3 & -3 \\ -1 & 4 & -5 \end{bmatrix} = -3 * (-3 * -5 - (-3) * 4) - (-2) * (5 * -5 - (-3) * (-1)) + 3 * (5 * 4 - (-3) * (-1)) = -3 * (15 + 12) + 2 * (-25 - 3) + 3 * (20 - 3) = -3 * 27 + 2 * (-28) + 3 * 17 = -81 - 56 + 51 = -86
 
 3. det \begin{bmatrix} -3 & 2 & 3 \\ 5 & -2 & -3 \\ -1 & 3 & -5 \end{bmatrix} = -3 * (-2 * -5 - (-3) * 3) - 2 * (5 * -5 - (-3) * (-1)) + 3 * (5 * 3 - (-2) * (-1)) = -3 * (10 + 9) - 2 * (-25 - 3) + 3 * (15 - 2) = -3 * 19 - 2 * (-28) + 3 * 13 = -57 + 56 + 39 = 38
 
 4. det \begin{bmatrix} -3 & 2 & -2 \\ 5 & -2 & -3 \\ -1 & 3 & 4 \end{bmatrix} = -3 * (-2 * 4 - (-3) * 3) - 2 * (5 * 4 - (-3) * (-1)) + (-2) * (5 * 3 - (-2) * (-1)) = -3 * (-8 + 9) - 2 * (20 - 3) - 2 * (15 - 2) = -3 * 1 - 2 * 17 - 2 * 13 = -3 - 34 - 26 = -63
 
 Now, substitute these values back into the expression for det(A):
 
 det(A) = 3 * 55 + 4 * (-86) + 4 * 38 + 4 * (-63) = 165 - 344 + 152 - 252 = (165 + 152) + (-344 - 252) = 317 - 596 = -279
 
 Therefore, the determinant of the matrix A is \boxed{-279}.",) = 2 * (15 + 12) + 2 * ([-]10 + 9) + 3 * (-8 + 9) =,125,S1_exact
C_4x4_det_102,Mistral-Small-24B,determinant,4,Operation_Direction,det,failure,\det(A) = -45,-,+,333,"<s>[INST] A = \begin{bmatrix} 5 & -4 & 3 & -5 \\ -5 & -3 & -1 & -3 \\ 3 & -1 & 4 & 3 \\ -3 & 5 & -4 & 4 \end{bmatrix}[/INST] To find the determinant of the 4×4 matrix A, we can use the Laplace expansion (also known as cofactor expansion) along the first row. The formula for the determinant of a 4×4 matrix is:
 
 det(A) = a11 * C11 - a12 * C12 + a13 * C13 - a14 * C14
 
 where a11, a12, a13, a14 are the elements of the first row, and C11, C12, C13, C14 are the corresponding cofactors.
 
 Given the matrix A:
 
 A = \begin{bmatrix} 5 & -4 & 3 & -5 \\ -5 & -3 & -1 & -3 \\ 3 & -1 & 4 & 3 \\ -3 & 5 & -4 & 4 \end{bmatrix}
 
 Let's compute the determinant step by step.
 
 1. Compute the cofactor C11:
 C11 = (-1)^(1+1) * det(M11)
 where M11 is the 3×3 matrix obtained by removing the first row and first column from A.
 
 M11 = \begin{bmatrix} -3 & -1 & -3 \\ -1 & 4 & 3 \\ 5 & -4 & 4 \end{bmatrix}
 
 det(M11) = -3 * (4 * 4 - 3 * (-4)) - (-1) * (-1 * 4 - 3 * 5) + (-3) * (-1 * (-4) - 4 * 5)
 = -3 * (16 + 12) + 1 * (-4 - 15) - 3 * (4 - 20)
 = -3 * 28 + 1 * (-19) - 3 * (-16)
 = -84 - 19 + 48
 = -55
 
 C11 = 1 * (-55) = -55
 
 2. Compute the cofactor C12:
 C12 = (-1)^(1+2) * det(M12)
 where M12 is the 3×3 matrix obtained by removing the first row and second column from A.
 
 M12 = \begin{bmatrix} -5 & -1 & -3 \\ 3 & 4 & 3 \\ -3 & -4 & 4 \end{bmatrix}
 
 det(M12) = -5 * (4 * 4 - 3 * (-4)) - (-1) * (3 * 4 - 3 * (-3)) + (-3) * (3 * (-4) - 4 * (-3))
 = -5 * (16 + 12) + 1 * (12 + 9) - 3 * (-12 + 12)
 = -5 * 28 + 1 * 21 - 3 * 0
 = -140 + 21
 = -119
 
 C12 = -1 * (-119) = 119
 
 3. Compute the cofactor C13:
 C13 = (-1)^(1+3) * det(M13)
 where M13 is the 3×3 matrix obtained by removing the first row and third column from A.
 
 M13 = \begin{bmatrix} -5 & -3 & -3 \\ 3 & -1 & 3 \\ -3 & 5 & 4 \end{bmatrix}
 
 det(M13) = -5 * (-1 * 4 - 3 * 5) - (-3) * (3 * 4 - 3 * (-3)) + (-3) * (3 * 5 - (-1) * (-3))
 = -5 * (-4 - 15) + 3 * (12 + 9) - 3 * (15 - 3)
 = -5 * (-19) + 3 * 21 - 3 * 12
 = 95 + 63 - 36
 = 122
 
 C13 = 1 * 122 = 122
 
 4. Compute the cofactor C14:
 C14 = (-1)^(1+4) * det(M14)
 where M14 is the 3×3 matrix obtained by removing the first row and fourth column from A.
 
 M14 = \begin{bmatrix} -5 & -3 & -1 \\ 3 & -1 & 4 \\ -3 & 5 & -4 \end{bmatrix}
 
 det(M14) = -5 * (-1 * (-4) - 4 * 5) - (-3) * (3 * (-4) - 4 * (-3)) + (-1) * (3 * 5 - (-1) * (-3))
 = -5 * (4 - 20) + 3 * (-12 + 12) - 1 * (15 - 3)
 = -5 * (-16) + 3 * 0 - 1 * 12
 = 80 - 12
 = 68
 
 C14 = -1 * 68 = -68
 
 5. Now, compute the determinant of A using the Laplace expansion:
 det(A) = a11 * C11 - a12 * C12 + a13 * C13 - a14 * C14
 = 5 * (-55) - (-4) * 119 + 3 * 122 - (-5) * (-68)
 = -275 + 476 + 366 - 340
 = 127
 
 Therefore, the determinant of the matrix A is \boxed{127}.","To find the determinant of the 4×4 matrix A, we can use the Laplace expansion (also known as cofactor expansion) along the first row. The formula for the determinant of a 4×4 matrix is:
 
 det(A) = a11 * C11 - a12 * C12 + a13 * C13 - a14 * C14
 
 where a11, a12, a13, a14 are the elements of the first row, and C11, C12, C13, C14 are the corresponding cofactors.
 
 Given the matrix A:
 
 A = \begin{bmatrix} 5 & -4 & 3 & -5 \\ -5 & -3 & -1 & -3 \\ 3 & -1 & 4 & 3 \\ -3 & 5 & -4 & 4 \end{bmatrix}
 
 Let's compute the determinant step by step.
 
 1. Compute the cofactor C11:
 C11 = (-1)^(1+1) * det(M11)
 where M11 is the 3×3 matrix obtained by removing the first row and first column from A.
 
 M11 = \begin{bmatrix} -3 & -1 & -3 \\ -1 & 4 & 3 \\ 5 & -4 & 4 \end{bmatrix}
 
 det(M11) = -3 * (4 * 4 - 3 * (-4)) - (-1) * (-1 * 4 - 3 * 5) + (-3) * (-1 * (-4) - 4 * 5)
 = -3 * (16 + 12) + 1 * (-4 - 15) - 3 * (4 - 20)
 = -3 * 28 + 1 * (-19) - 3 * (-16)
 = -84 - 19 + 48
 = -55
 
 C11 = 1 * (-55) = -55
 
 2. Compute the cofactor C12:
 C12 = (-1)^(1+2) * det(M12)
 where M12 is the 3×3 matrix obtained by removing the first row and second column from A.
 
 M12 = \begin{bmatrix} -5 & -1 & -3 \\ 3 & 4 & 3 \\ -3 & -4 & 4 \end{bmatrix}
 
 det(M12) = -5 * (4 * 4 - 3 * (-4)) - (-1) * (3 * 4 - 3 * (-3)) + (-3) * (3 * (-4) - 4 * (-3))
 = -5 * (16 + 12) + 1 * (12 + 9) - 3 * (-12 + 12)
 = -5 * 28 + 1 * 21 - 3 * 0
 = -140 + 21
 = -119
 
 C12 = -1 * (-119) = 119
 
 3. Compute the cofactor C13:
 C13 = (-1)^(1+3) * det(M13)
 where M13 is the 3×3 matrix obtained by removing the first row and third column from A.
 
 M13 = \begin{bmatrix} -5 & -3 & -3 \\ 3 & -1 & 3 \\ -3 & 5 & 4 \end{bmatrix}
 
 det(M13) = -5 * (-1 * 4 - 3 * 5) - (-3) * (3 * 4 - 3 * (-3)) + (-3) * (3 * 5 - (-1) * (-3))
 = -5 * (-4 - 15) + 3 * (12 + 9) - 3 * (15 - 3)
 = -5 * (-19) + 3 * 21 - 3 * 12
 = 95 + 63 - 36
 = 122
 
 C13 = 1 * 122 = 122
 
 4. Compute the cofactor C14:
 C14 = (-1)^(1+4) * det(M14)
 where M14 is the 3×3 matrix obtained by removing the first row and fourth column from A.
 
 M14 = \begin{bmatrix} -5 & -3 & -1 \\ 3 & -1 & 4 \\ -3 & 5 & -4 \end{bmatrix}
 
 det(M14) = -5 * (-1 * (-4) - 4 * 5) - (-3) * (3 * (-4) - 4 * (-3)) + (-1) * (3 * 5 - (-1) * (-3))
 = -5 * (4 - 20) + 3 * (-12 + 12) - 1 * (15 - 3)
 = -5 * (-16) + 3 * 0 - 1 * 12
 = 80 - 12
 = 68
 
 C14 = -1 * 68 = -68
 
 5. Now, compute the determinant of A using the Laplace expansion:
 det(A) = a11 * C11 - a12 * C12 + a13 * C13 - a14 * C14
 = 5 * (-55) - (-4) * 119 + 3 * 122 - (-5) * (-68)
 = -275 + 476 + 366 - 340
 = 127
 
 Therefore, the determinant of the matrix A is \boxed{127}.","s:
 
 det(A) = a11 * C11 [-] a12 * C12 + a13 * C13 -",125,S1_exact
C_4x4_det_105,Mistral-Small-24B,determinant,4,Product_Sign_Error,det,failure,\det(A) = -98,-,+,1517,"<s>[INST] A = \begin{bmatrix} 4 & -1 & 3 & -1 \\ -3 & 4 & -3 & 5 \\ -3 & -4 & 1 & -5 \\ 5 & 2 & -4 & -2 \end{bmatrix}[/INST] To find the determinant of the 4×4 matrix A, we can use the Laplace expansion (also known as cofactor expansion) along the first row. The formula for the determinant of a 4×4 matrix A is:
 
 det(A) = a11 * C11 - a12 * C12 + a13 * C13 - a14 * C14
 
 where aij are the elements of the matrix and Cij are the corresponding cofactors.
 
 Given the matrix A:
 
 A = \begin{bmatrix} 4 & -1 & 3 & -1 \\ -3 & 4 & -3 & 5 \\ -3 & -4 & 1 & -5 \\ 5 & 2 & -4 & -2 \end{bmatrix}
 
 Let's compute the determinant step by step.
 
 1. Compute the minors and cofactors for each element in the first row.
 
 For a11 = 4:
 
 The minor M11 is the determinant of the 3×3 matrix obtained by removing the first row and first column:
 
 M11 = \begin{bmatrix} 4 & -3 & 5 \\ -4 & 1 & -5 \\ 2 & -4 & -2 \end{bmatrix}
 
 det(M11) = 4 * (1 * (-2) - (-5) * (-4)) - (-3) * (-4 * (-2) - (-5) * 2) + 5 * (-4 * (-4) - 1 * 2)
 = 4 * ( -2 - 20 ) + 3 * ( 8 + 10 ) + 5 * ( 16 - 2 )
 = 4 * (-22) + 3 * 18 + 5 * 14
 = -88 + 54 + 70
 = 36
 
 The cofactor C11 is (-1)^(1+1) * det(M11) = 1 * 36 = 36
 
 For a12 = -1:
 
 The minor M12 is the determinant of the 3×3 matrix obtained by removing the first row and second column:
 
 M12 = \begin{bmatrix} -3 & -3 & 5 \\ -3 & 1 & -5 \\ 5 & -4 & -2 \end{bmatrix}
 
 det(M12) = -3 * (1 * (-2) - (-5) * (-4)) - (-3) * (-3 * (-2) - (-5) * 5) + 5 * (-3 * (-4) - 1 * 5)
 = -3 * ( -2 - 20 ) + 3 * ( -6 + 25 ) + 5 * ( 12 - 5 )
 = -3 * (-22) + 3 * 19 + 5 * 7
 = 66 + 57 + 35
 = 158
 
 The cofactor C12 is (-1)^(1+2) * det(M12) = -1 * 158 = -158
 
 For a13 = 3:
 
 The minor M13 is the determinant of the 3×3 matrix obtained by removing the first row and third column:
 
 M13 = \begin{bmatrix} -3 & 4 & 5 \\ -3 & -4 & -5 \\ 5 & 2 & -2 \end{bmatrix}
 
 det(M13) = -3 * (-4 * (-2) - (-5) * 2) - 4 * (-3 * (-2) - (-5) * 5) + 5 * (-3 * 2 - (-4) * 5)
 = -3 * ( -8 + 10 ) - 4 * ( 6 + 25 ) + 5 * ( -6 + 20 )
 = -3 * 2 - 4 * 31 + 5 * 14
 = -6 - 124 + 70
 = -60
 
 The cofactor C13 is (-1)^(1+3) * det(M13) = 1 * (-60) = -60
 
 For a14 = -1:
 
 The minor M14 is the determinant of the 3×3 matrix obtained by removing the first row and fourth column:
 
 M14 = \begin{bmatrix} -3 & 4 & -3 \\ -3 & -4 & 1 \\ 5 & 2 & -4 \end{bmatrix}
 
 det(M14) = -3 * (-4 * (-4) - 1 * 2) - 4 * (-3 * (-4) - 1 * 5) + (-3) * (-3 * 2 - (-4) * 5)
 = -3 * ( 16 - 2 ) - 4 * ( 12 - 5 ) + (-3) * ( -6 + 20 )
 = -3 * 14 - 4 * 7 + (-3) * 14
 = -42 - 28 - 42
 = -112
 
 The cofactor C14 is (-1)^(1+4) * det(M14) = -1 * (-112) = 112
 
 2. Now, plug the cofactors back into the determinant formula:
 
 det(A) = a11 * C11 - a12 * C12 + a13 * C13 - a14 * C14
 = 4 * 36 - (-1) * (-158) + 3 * (-60) - (-1) * 112
 = 144 - 158 - 180 + 112
 = (144 - 158) + (-180 + 112)
 = -14 - 68
 = -82
 
 Therefore, the determinant of the matrix A is \boxed{-82}.","To find the determinant of the 4×4 matrix A, we can use the Laplace expansion (also known as cofactor expansion) along the first row. The formula for the determinant of a 4×4 matrix A is:
 
 det(A) = a11 * C11 - a12 * C12 + a13 * C13 - a14 * C14
 
 where aij are the elements of the matrix and Cij are the corresponding cofactors.
 
 Given the matrix A:
 
 A = \begin{bmatrix} 4 & -1 & 3 & -1 \\ -3 & 4 & -3 & 5 \\ -3 & -4 & 1 & -5 \\ 5 & 2 & -4 & -2 \end{bmatrix}
 
 Let's compute the determinant step by step.
 
 1. Compute the minors and cofactors for each element in the first row.
 
 For a11 = 4:
 
 The minor M11 is the determinant of the 3×3 matrix obtained by removing the first row and first column:
 
 M11 = \begin{bmatrix} 4 & -3 & 5 \\ -4 & 1 & -5 \\ 2 & -4 & -2 \end{bmatrix}
 
 det(M11) = 4 * (1 * (-2) - (-5) * (-4)) - (-3) * (-4 * (-2) - (-5) * 2) + 5 * (-4 * (-4) - 1 * 2)
 = 4 * ( -2 - 20 ) + 3 * ( 8 + 10 ) + 5 * ( 16 - 2 )
 = 4 * (-22) + 3 * 18 + 5 * 14
 = -88 + 54 + 70
 = 36
 
 The cofactor C11 is (-1)^(1+1) * det(M11) = 1 * 36 = 36
 
 For a12 = -1:
 
 The minor M12 is the determinant of the 3×3 matrix obtained by removing the first row and second column:
 
 M12 = \begin{bmatrix} -3 & -3 & 5 \\ -3 & 1 & -5 \\ 5 & -4 & -2 \end{bmatrix}
 
 det(M12) = -3 * (1 * (-2) - (-5) * (-4)) - (-3) * (-3 * (-2) - (-5) * 5) + 5 * (-3 * (-4) - 1 * 5)
 = -3 * ( -2 - 20 ) + 3 * ( -6 + 25 ) + 5 * ( 12 - 5 )
 = -3 * (-22) + 3 * 19 + 5 * 7
 = 66 + 57 + 35
 = 158
 
 The cofactor C12 is (-1)^(1+2) * det(M12) = -1 * 158 = -158
 
 For a13 = 3:
 
 The minor M13 is the determinant of the 3×3 matrix obtained by removing the first row and third column:
 
 M13 = \begin{bmatrix} -3 & 4 & 5 \\ -3 & -4 & -5 \\ 5 & 2 & -2 \end{bmatrix}
 
 det(M13) = -3 * (-4 * (-2) - (-5) * 2) - 4 * (-3 * (-2) - (-5) * 5) + 5 * (-3 * 2 - (-4) * 5)
 = -3 * ( -8 + 10 ) - 4 * ( 6 + 25 ) + 5 * ( -6 + 20 )
 = -3 * 2 - 4 * 31 + 5 * 14
 = -6 - 124 + 70
 = -60
 
 The cofactor C13 is (-1)^(1+3) * det(M13) = 1 * (-60) = -60
 
 For a14 = -1:
 
 The minor M14 is the determinant of the 3×3 matrix obtained by removing the first row and fourth column:
 
 M14 = \begin{bmatrix} -3 & 4 & -3 \\ -3 & -4 & 1 \\ 5 & 2 & -4 \end{bmatrix}
 
 det(M14) = -3 * (-4 * (-4) - 1 * 2) - 4 * (-3 * (-4) - 1 * 5) + (-3) * (-3 * 2 - (-4) * 5)
 = -3 * ( 16 - 2 ) - 4 * ( 12 - 5 ) + (-3) * ( -6 + 20 )
 = -3 * 14 - 4 * 7 + (-3) * 14
 = -42 - 28 - 42
 = -112
 
 The cofactor C14 is (-1)^(1+4) * det(M14) = -1 * (-112) = 112
 
 2. Now, plug the cofactors back into the determinant formula:
 
 det(A) = a11 * C11 - a12 * C12 + a13 * C13 - a14 * C14
 = 4 * 36 - (-1) * (-158) + 3 * (-60) - (-1) * 112
 = 144 - 158 - 180 + 112
 = (144 - 158) + (-180 + 112)
 = -14 - 68
 = -82
 
 Therefore, the determinant of the matrix A is \boxed{-82}.",-3 * ( -2 - 20 ) + 3 * ( [-]6 + 25 ) + 5 * ( 12 - 5,125,S1_exact
C_4x4_det_107,Mistral-Small-24B,determinant,4,Rule_Interference,det,failure,\det(A) = -58,-,+,1010,"<s>[INST] A = \begin{bmatrix} -5 & 4 & 3 & -3 \\ -2 & 1 & -2 & -2 \\ 3 & -4 & 1 & -5 \\ -3 & 3 & -4 & 1 \end{bmatrix}[/INST] To find the determinant of the 4×4 matrix A, we will use the Laplace expansion (cofactor expansion) along the first row. The formula for the determinant of a 4×4 matrix is:
 
 \[
 \det(A) = \sum_{j=1}^{4} (-1)^{1+j} a_{1j} \det(M_{1j})
 \]
 
 where \( a_{1j} \) is the element in the first row and j-th column, and \( M_{1j} \) is the 3×3 submatrix obtained by removing the first row and j-th column.
 
 Given the matrix:
 
 \[
 A = \begin{bmatrix}
 -5 & 4 & 3 & -3 \\
 -2 & 1 & -2 & -2 \\
 3 & -4 & 1 & -5 \\
 -3 & 3 & -4 & 1
 \end{bmatrix}
 \]
 
 We will compute the determinant as follows:
 
 \[
 \det(A) = (-5) \cdot \det \begin{bmatrix}
 1 & -2 & -2 \\
 -4 & 1 & -5 \\
 3 & -4 & 1
 \end{bmatrix}
 - 4 \cdot \det \begin{bmatrix}
 -2 & -2 & -2 \\
 3 & 1 & -5 \\
 -3 & -4 & 1
 \end{bmatrix}
 + 3 \cdot \det \begin{bmatrix}
 -2 & 1 & -2 \\
 3 & -4 & -5 \\
 -3 & 3 & 1
 \end{bmatrix}
 - 3 \cdot \det \begin{bmatrix}
 -2 & 1 & -2 \\
 3 & -4 & 1 \\
 -3 & 3 & -4
 \end{bmatrix}
 \]
 
 Now, we will compute each of the 3×3 determinants.
 
 1. For the first 3×3 submatrix:
 
 \[
 \det \begin{bmatrix}
 1 & -2 & -2 \\
 -4 & 1 & -5 \\
 3 & -4 & 1
 \end{bmatrix}
 = 1 \cdot (1 \cdot 1 - (-5) \cdot (-4)) - (-2) \cdot (-4 \cdot 1 - (-5) \cdot 3) + (-2) \cdot (-4 \cdot (-4) - 1 \cdot 3)
 \]
 
 \[
 = 1 \cdot (1 - 20) + 2 \cdot (-4 + 15) - 2 \cdot (16 - 3)
 \]
 
 \[
 = 1 \cdot (-19) + 2 \cdot 11 - 2 \cdot 13
 \]
 
 \[
 = -19 + 22 - 26
 \]
 
 \[
 = -23
 \]
 
 2. For the second 3×3 submatrix:
 
 \[
 \det \begin{bmatrix}
 -2 & -2 & -2 \\
 3 & 1 & -5 \\
 -3 & -4 & 1
 \end{bmatrix}
 = -2 \cdot (1 \cdot 1 - (-5) \cdot (-4)) - (-2) \cdot (3 \cdot 1 - (-5) \cdot (-3)) + (-2) \cdot (3 \cdot (-4) - 1 \cdot (-3))
 \]
 
 \[
 = -2 \cdot (1 - 20) + 2 \cdot (3 - 15) - 2 \cdot (-12 + 3)
 \]
 
 \[
 = -2 \cdot (-19) + 2 \cdot (-12) - 2 \cdot (-9)
 \]
 
 \[
 = 38 - 24 + 18
 \]
 
 \[
 = 32
 \]
 
 3. For the third 3×3 submatrix:
 
 \[
 \det \begin{bmatrix}
 -2 & 1 & -2 \\
 3 & -4 & -5 \\
 -3 & 3 & 1
 \end{bmatrix}
 = -2 \cdot (-4 \cdot 1 - (-5) \cdot 3) - 1 \cdot (3 \cdot 1 - (-5) \cdot (-3)) + (-2) \cdot (3 \cdot 3 - (-4) \cdot (-3))
 \]
 
 \[
 = -2 \cdot (-4 + 15) - 1 \cdot (3 - 15) - 2 \cdot (9 - 12)
 \]
 
 \[
 = -2 \cdot 11 - 1 \cdot (-12) - 2 \cdot (-3)
 \]
 
 \[
 = -22 + 12 + 6
 \]
 
 \[
 = -4
 \]
 
 4. For the fourth 3×3 submatrix:
 
 \[
 \det \begin{bmatrix}
 -2 & 1 & -2 \\
 3 & -4 & 1 \\
 -3 & 3 & -4
 \end{bmatrix}
 = -2 \cdot (-4 \cdot (-4) - 1 \cdot 3) - 1 \cdot (3 \cdot (-4) - 1 \cdot (-3)) + (-2) \cdot (3 \cdot 3 - (-4) \cdot (-3))
 \]
 
 \[
 = -2 \cdot (16 - 3) - 1 \cdot (-12 + 3) - 2 \cdot (9 - 12)
 \]
 
 \[
 = -2 \cdot 13 - 1 \cdot (-9) - 2 \cdot (-3)
 \]
 
 \[
 = -26 + 9 + 6
 \]
 
 \[
 = -11
 \]
 
 Now, substitute these determinants back into the expression for \(\det(A)\):
 
 \[
 \det(A) = (-5) \cdot (-23) - 4 \cdot 32 + 3 \cdot (-4) - 3 \cdot (-11)
 \]
 
 \[
 = 115 - 128 - 12 + 33
 \]
 
 \[
 = 115 - 128 - 12 + 33
 \]
 
 \[
 = 115 - 140 + 33
 \]
 
 \[
 = -25 + 33
 \]
 
 \[
 = 8
 \]
 
 Therefore, the determinant of the matrix A is:
 
 \[
 \boxed{8}
 \]","To find the determinant of the 4×4 matrix A, we will use the Laplace expansion (cofactor expansion) along the first row. The formula for the determinant of a 4×4 matrix is:
 
 \[
 \det(A) = \sum_{j=1}^{4} (-1)^{1+j} a_{1j} \det(M_{1j})
 \]
 
 where \( a_{1j} \) is the element in the first row and j-th column, and \( M_{1j} \) is the 3×3 submatrix obtained by removing the first row and j-th column.
 
 Given the matrix:
 
 \[
 A = \begin{bmatrix}
 -5 & 4 & 3 & -3 \\
 -2 & 1 & -2 & -2 \\
 3 & -4 & 1 & -5 \\
 -3 & 3 & -4 & 1
 \end{bmatrix}
 \]
 
 We will compute the determinant as follows:
 
 \[
 \det(A) = (-5) \cdot \det \begin{bmatrix}
 1 & -2 & -2 \\
 -4 & 1 & -5 \\
 3 & -4 & 1
 \end{bmatrix}
 - 4 \cdot \det \begin{bmatrix}
 -2 & -2 & -2 \\
 3 & 1 & -5 \\
 -3 & -4 & 1
 \end{bmatrix}
 + 3 \cdot \det \begin{bmatrix}
 -2 & 1 & -2 \\
 3 & -4 & -5 \\
 -3 & 3 & 1
 \end{bmatrix}
 - 3 \cdot \det \begin{bmatrix}
 -2 & 1 & -2 \\
 3 & -4 & 1 \\
 -3 & 3 & -4
 \end{bmatrix}
 \]
 
 Now, we will compute each of the 3×3 determinants.
 
 1. For the first 3×3 submatrix:
 
 \[
 \det \begin{bmatrix}
 1 & -2 & -2 \\
 -4 & 1 & -5 \\
 3 & -4 & 1
 \end{bmatrix}
 = 1 \cdot (1 \cdot 1 - (-5) \cdot (-4)) - (-2) \cdot (-4 \cdot 1 - (-5) \cdot 3) + (-2) \cdot (-4 \cdot (-4) - 1 \cdot 3)
 \]
 
 \[
 = 1 \cdot (1 - 20) + 2 \cdot (-4 + 15) - 2 \cdot (16 - 3)
 \]
 
 \[
 = 1 \cdot (-19) + 2 \cdot 11 - 2 \cdot 13
 \]
 
 \[
 = -19 + 22 - 26
 \]
 
 \[
 = -23
 \]
 
 2. For the second 3×3 submatrix:
 
 \[
 \det \begin{bmatrix}
 -2 & -2 & -2 \\
 3 & 1 & -5 \\
 -3 & -4 & 1
 \end{bmatrix}
 = -2 \cdot (1 \cdot 1 - (-5) \cdot (-4)) - (-2) \cdot (3 \cdot 1 - (-5) \cdot (-3)) + (-2) \cdot (3 \cdot (-4) - 1 \cdot (-3))
 \]
 
 \[
 = -2 \cdot (1 - 20) + 2 \cdot (3 - 15) - 2 \cdot (-12 + 3)
 \]
 
 \[
 = -2 \cdot (-19) + 2 \cdot (-12) - 2 \cdot (-9)
 \]
 
 \[
 = 38 - 24 + 18
 \]
 
 \[
 = 32
 \]
 
 3. For the third 3×3 submatrix:
 
 \[
 \det \begin{bmatrix}
 -2 & 1 & -2 \\
 3 & -4 & -5 \\
 -3 & 3 & 1
 \end{bmatrix}
 = -2 \cdot (-4 \cdot 1 - (-5) \cdot 3) - 1 \cdot (3 \cdot 1 - (-5) \cdot (-3)) + (-2) \cdot (3 \cdot 3 - (-4) \cdot (-3))
 \]
 
 \[
 = -2 \cdot (-4 + 15) - 1 \cdot (3 - 15) - 2 \cdot (9 - 12)
 \]
 
 \[
 = -2 \cdot 11 - 1 \cdot (-12) - 2 \cdot (-3)
 \]
 
 \[
 = -22 + 12 + 6
 \]
 
 \[
 = -4
 \]
 
 4. For the fourth 3×3 submatrix:
 
 \[
 \det \begin{bmatrix}
 -2 & 1 & -2 \\
 3 & -4 & 1 \\
 -3 & 3 & -4
 \end{bmatrix}
 = -2 \cdot (-4 \cdot (-4) - 1 \cdot 3) - 1 \cdot (3 \cdot (-4) - 1 \cdot (-3)) + (-2) \cdot (3 \cdot 3 - (-4) \cdot (-3))
 \]
 
 \[
 = -2 \cdot (16 - 3) - 1 \cdot (-12 + 3) - 2 \cdot (9 - 12)
 \]
 
 \[
 = -2 \cdot 13 - 1 \cdot (-9) - 2 \cdot (-3)
 \]
 
 \[
 = -26 + 9 + 6
 \]
 
 \[
 = -11
 \]
 
 Now, substitute these determinants back into the expression for \(\det(A)\):
 
 \[
 \det(A) = (-5) \cdot (-23) - 4 \cdot 32 + 3 \cdot (-4) - 3 \cdot (-11)
 \]
 
 \[
 = 115 - 128 - 12 + 33
 \]
 
 \[
 = 115 - 128 - 12 + 33
 \]
 
 \[
 = 115 - 140 + 33
 \]
 
 \[
 = -25 + 33
 \]
 
 \[
 = 8
 \]
 
 Therefore, the determinant of the matrix A is:
 
 \[
 \boxed{8}
 \]"," & 3 & 1
 \end{bmatrix}
 [-] 3 \cdot \det \begin{bma",125,S3_exact
C_4x4_det_108,Mistral-Small-24B,determinant,4,Operation_Direction,det,failure,\det(A) = 128,-,+,333,"<s>[INST] A = \begin{bmatrix} 2 & -3 & 1 & -4 \\ -3 & 2 & -1 & 4 \\ -4 & -3 & 3 & -4 \\ -2 & 5 & -5 & 3 \end{bmatrix}[/INST] To find the determinant of the 4×4 matrix A, we will use the Laplace expansion (also known as cofactor expansion) along the first row. The formula for the determinant of a 4×4 matrix A is:
 
 det(A) = a11C11 - a12C12 + a13C13 - a14C14
 
 where aij are the elements of the matrix and Cij are the corresponding cofactors.
 
 Given matrix A:
 
 A = \begin{bmatrix} 2 & -3 & 1 & -4 \\ -3 & 2 & -1 & 4 \\ -4 & -3 & 3 & -4 \\ -2 & 5 & -5 & 3 \end{bmatrix}
 
 Let's compute each term step by step.
 
 1. Compute C11 (cofactor of a11):
 
 C11 = (-1)^(1+1) * det(M11)
 
 where M11 is the 3×3 matrix obtained by removing the first row and first column from A:
 
 M11 = \begin{bmatrix} 2 & -1 & 4 \\ -3 & 3 & -4 \\ 5 & -5 & 3 \end{bmatrix}
 
 Now, compute det(M11):
 
 det(M11) = 2*(3*3 - (-4)*(-5)) - (-1)*(-3*3 - (-4)*5) + 4*(-3*(-5) - 3*5)
 = 2*(9 - 20) + 1*(-9 + 20) + 4*(15 - 15)
 = 2*(-11) + 1*(11) + 4*(0)
 = -22 + 11 + 0
 = -11
 
 So, C11 = 1 * (-11) = -11
 
 2. Compute C12 (cofactor of a12):
 
 C12 = (-1)^(1+2) * det(M12)
 
 where M12 is the 3×3 matrix obtained by removing the first row and second column from A:
 
 M12 = \begin{bmatrix} -3 & -1 & 4 \\ -4 & 3 & -4 \\ -2 & -5 & 3 \end{bmatrix}
 
 Now, compute det(M12):
 
 det(M12) = -3*(3*3 - (-4)*(-5)) - (-1)*(-4*3 - (-4)*(-2)) + 4*(-4*(-5) - 3*(-2))
 = -3*(9 - 20) + 1*(-12 - 8) + 4*(20 + 6)
 = -3*(-11) + 1*(-20) + 4*(26)
 = 33 - 20 + 104
 = 117
 
 So, C12 = -1 * 117 = -117
 
 3. Compute C13 (cofactor of a13):
 
 C13 = (-1)^(1+3) * det(M13)
 
 where M13 is the 3×3 matrix obtained by removing the first row and third column from A:
 
 M13 = \begin{bmatrix} -3 & 2 & 4 \\ -4 & -3 & -4 \\ -2 & 5 & 3 \end{bmatrix}
 
 Now, compute det(M13):
 
 det(M13) = -3*(-3*3 - (-4)*5) - 2*(-4*3 - (-4)*(-2)) + 4*(-4*5 - (-3)*(-2))
 = -3*(-9 + 20) - 2*(-12 - 8) + 4*(-20 - 6)
 = -3*(11) - 2*(-20) + 4*(-26)
 = -33 + 40 - 104
 = -97
 
 So, C13 = 1 * (-97) = -97
 
 4. Compute C14 (cofactor of a14):
 
 C14 = (-1)^(1+4) * det(M14)
 
 where M14 is the 3×3 matrix obtained by removing the first row and fourth column from A:
 
 M14 = \begin{bmatrix} -3 & 2 & -1 \\ -4 & -3 & 3 \\ -2 & 5 & -5 \end{bmatrix}
 
 Now, compute det(M14):
 
 det(M14) = -3*(-3*(-5) - 3*5) - 2*(-4*(-5) - 3*(-2)) + (-1)*(-4*5 - (-3)*(-2))
 = -3*(15 - 15) - 2*(20 + 6) + (-1)*(20 - 6)
 = -3*(0) - 2*(26) + (-1)*(14)
 = 0 - 52 - 14
 = -66
 
 So, C14 = -1 * (-66) = 66
 
 Now, substitute these values back into the determinant formula:
 
 det(A) = a11C11 - a12C12 + a13C13 - a14C14
 = 2*(-11) - (-3)*(-117) + 1*(-97) - (-4)*66
 = -22 - 351 - 97 + 264
 = -22 - 351 = -373
 -373 - 97 = -470
 -470 + 264 = -206
 
 So, the determinant of matrix A is \boxed{-206}.","To find the determinant of the 4×4 matrix A, we will use the Laplace expansion (also known as cofactor expansion) along the first row. The formula for the determinant of a 4×4 matrix A is:
 
 det(A) = a11C11 - a12C12 + a13C13 - a14C14
 
 where aij are the elements of the matrix and Cij are the corresponding cofactors.
 
 Given matrix A:
 
 A = \begin{bmatrix} 2 & -3 & 1 & -4 \\ -3 & 2 & -1 & 4 \\ -4 & -3 & 3 & -4 \\ -2 & 5 & -5 & 3 \end{bmatrix}
 
 Let's compute each term step by step.
 
 1. Compute C11 (cofactor of a11):
 
 C11 = (-1)^(1+1) * det(M11)
 
 where M11 is the 3×3 matrix obtained by removing the first row and first column from A:
 
 M11 = \begin{bmatrix} 2 & -1 & 4 \\ -3 & 3 & -4 \\ 5 & -5 & 3 \end{bmatrix}
 
 Now, compute det(M11):
 
 det(M11) = 2*(3*3 - (-4)*(-5)) - (-1)*(-3*3 - (-4)*5) + 4*(-3*(-5) - 3*5)
 = 2*(9 - 20) + 1*(-9 + 20) + 4*(15 - 15)
 = 2*(-11) + 1*(11) + 4*(0)
 = -22 + 11 + 0
 = -11
 
 So, C11 = 1 * (-11) = -11
 
 2. Compute C12 (cofactor of a12):
 
 C12 = (-1)^(1+2) * det(M12)
 
 where M12 is the 3×3 matrix obtained by removing the first row and second column from A:
 
 M12 = \begin{bmatrix} -3 & -1 & 4 \\ -4 & 3 & -4 \\ -2 & -5 & 3 \end{bmatrix}
 
 Now, compute det(M12):
 
 det(M12) = -3*(3*3 - (-4)*(-5)) - (-1)*(-4*3 - (-4)*(-2)) + 4*(-4*(-5) - 3*(-2))
 = -3*(9 - 20) + 1*(-12 - 8) + 4*(20 + 6)
 = -3*(-11) + 1*(-20) + 4*(26)
 = 33 - 20 + 104
 = 117
 
 So, C12 = -1 * 117 = -117
 
 3. Compute C13 (cofactor of a13):
 
 C13 = (-1)^(1+3) * det(M13)
 
 where M13 is the 3×3 matrix obtained by removing the first row and third column from A:
 
 M13 = \begin{bmatrix} -3 & 2 & 4 \\ -4 & -3 & -4 \\ -2 & 5 & 3 \end{bmatrix}
 
 Now, compute det(M13):
 
 det(M13) = -3*(-3*3 - (-4)*5) - 2*(-4*3 - (-4)*(-2)) + 4*(-4*5 - (-3)*(-2))
 = -3*(-9 + 20) - 2*(-12 - 8) + 4*(-20 - 6)
 = -3*(11) - 2*(-20) + 4*(-26)
 = -33 + 40 - 104
 = -97
 
 So, C13 = 1 * (-97) = -97
 
 4. Compute C14 (cofactor of a14):
 
 C14 = (-1)^(1+4) * det(M14)
 
 where M14 is the 3×3 matrix obtained by removing the first row and fourth column from A:
 
 M14 = \begin{bmatrix} -3 & 2 & -1 \\ -4 & -3 & 3 \\ -2 & 5 & -5 \end{bmatrix}
 
 Now, compute det(M14):
 
 det(M14) = -3*(-3*(-5) - 3*5) - 2*(-4*(-5) - 3*(-2)) + (-1)*(-4*5 - (-3)*(-2))
 = -3*(15 - 15) - 2*(20 + 6) + (-1)*(20 - 6)
 = -3*(0) - 2*(26) + (-1)*(14)
 = 0 - 52 - 14
 = -66
 
 So, C14 = -1 * (-66) = 66
 
 Now, substitute these values back into the determinant formula:
 
 det(A) = a11C11 - a12C12 + a13C13 - a14C14
 = 2*(-11) - (-3)*(-117) + 1*(-97) - (-4)*66
 = -22 - 351 - 97 + 264
 = -22 - 351 = -373
 -373 - 97 = -470
 -470 + 264 = -206
 
 So, the determinant of matrix A is \boxed{-206}.","A is:
 
 det(A) = a11C11 [-] a12C12 + a13C13 - a14C1",125,S1_exact
C_4x4_det_118,Mistral-Small-24B,determinant,4,Double_Negative_Trap,det,failure,\det(A) = 724,-,+,1250,"<s>[INST] A = \begin{bmatrix} -6 & -3 & 7 & -7 \\ -7 & 4 & -3 & 6 \\ -7 & 4 & 7 & -6 \\ -5 & -6 & -4 & 4 \end{bmatrix}[/INST] To find the determinant of the 4×4 matrix A, we will use the Laplace expansion (also known as cofactor expansion) along the first row. The formula for the determinant of a 4×4 matrix A is given by:
 
 det(A) = Σ_{j=1}^{4} (-1)^{1+j} * a_{1j} * det(M_{1j})
 
 where a_{1j} is the element in the first row and j-th column, and M_{1j} is the 3×3 submatrix obtained by deleting the first row and j-th column of A.
 
 Let's compute the determinant step by step.
 
 A = \begin{bmatrix} -6 & -3 & 7 & -7 \\ -7 & 4 & -3 & 6 \\ -7 & 4 & 7 & -6 \\ -5 & -6 & -4 & 4 \end{bmatrix}
 
 1. Compute the determinant of the submatrix M_{11}:
 
 M_{11} = \begin{bmatrix} 4 & -3 & 6 \\ 4 & 7 & -6 \\ -6 & -4 & 4 \end{bmatrix}
 
 det(M_{11}) = 4*(7*4 - (-6)*(-4)) - (-3)*(4*4 - (-6)*(-6)) + 6*(4*(-4) - 7*(-6))
 = 4*(28 - 24) + 3*(16 - 36) + 6*(-16 + 42)
 = 4*4 + 3*(-20) + 6*26
 = 16 - 60 + 156
 = 112
 
 2. Compute the determinant of the submatrix M_{12}:
 
 M_{12} = \begin{bmatrix} -7 & -3 & 6 \\ -7 & 7 & -6 \\ -5 & -4 & 4 \end{bmatrix}
 
 det(M_{12}) = -7*(7*4 - (-6)*(-4)) - (-3)*(-7*4 - (-6)*(-5)) + 6*(-7*(-4) - 7*(-5))
 = -7*(28 - 24) - 3*(-28 - 30) + 6*(28 + 35)
 = -7*4 + 3*58 + 6*63
 = -28 + 174 + 378
 = 524
 
 3. Compute the determinant of the submatrix M_{13}:
 
 M_{13} = \begin{bmatrix} -7 & 4 & 6 \\ -7 & 4 & -6 \\ -5 & -6 & 4 \end{bmatrix}
 
 det(M_{13}) = -7*(4*4 - (-6)*(-6)) - 4*(-7*4 - (-6)*(-5)) + 6*(-7*(-6) - 4*(-5))
 = -7*(16 - 36) - 4*(-28 - 30) + 6*(42 + 20)
 = -7*(-20) + 4*58 + 6*62
 = 140 + 232 + 372
 = 744
 
 4. Compute the determinant of the submatrix M_{14}:
 
 M_{14} = \begin{bmatrix} -7 & 4 & -3 \\ -7 & 4 & 7 \\ -5 & -6 & -4 \end{bmatrix}
 
 det(M_{14}) = -7*(4*(-4) - 7*(-6)) - 4*(-7*(-4) - 7*(-5)) + (-3)*(-7*(-6) - 4*(-5))
 = -7*(-16 + 42) - 4*(28 + 35) - 3*(42 + 20)
 = -7*26 - 4*63 - 3*62
 = -182 - 252 - 186
 = -620
 
 Now, we can compute the determinant of the matrix A using the Laplace expansion:
 
 det(A) = (-1)^{1+1} * (-6) * det(M_{11}) + (-1)^{1+2} * (-3) * det(M_{12}) + (-1)^{1+3} * 7 * det(M_{13}) + (-1)^{1+4} * (-7) * det(M_{14})
 = 1 * (-6) * 112 + (-1) * (-3) * 524 + 1 * 7 * 744 + (-1) * (-7) * (-620)
 = -672 + 1572 + 5208 - 4340
 = -672 + 1572 + 5208 - 4340
 = 404
 
 So, the determinant of the matrix A is \boxed{404}.","To find the determinant of the 4×4 matrix A, we will use the Laplace expansion (also known as cofactor expansion) along the first row. The formula for the determinant of a 4×4 matrix A is given by:
 
 det(A) = Σ_{j=1}^{4} (-1)^{1+j} * a_{1j} * det(M_{1j})
 
 where a_{1j} is the element in the first row and j-th column, and M_{1j} is the 3×3 submatrix obtained by deleting the first row and j-th column of A.
 
 Let's compute the determinant step by step.
 
 A = \begin{bmatrix} -6 & -3 & 7 & -7 \\ -7 & 4 & -3 & 6 \\ -7 & 4 & 7 & -6 \\ -5 & -6 & -4 & 4 \end{bmatrix}
 
 1. Compute the determinant of the submatrix M_{11}:
 
 M_{11} = \begin{bmatrix} 4 & -3 & 6 \\ 4 & 7 & -6 \\ -6 & -4 & 4 \end{bmatrix}
 
 det(M_{11}) = 4*(7*4 - (-6)*(-4)) - (-3)*(4*4 - (-6)*(-6)) + 6*(4*(-4) - 7*(-6))
 = 4*(28 - 24) + 3*(16 - 36) + 6*(-16 + 42)
 = 4*4 + 3*(-20) + 6*26
 = 16 - 60 + 156
 = 112
 
 2. Compute the determinant of the submatrix M_{12}:
 
 M_{12} = \begin{bmatrix} -7 & -3 & 6 \\ -7 & 7 & -6 \\ -5 & -4 & 4 \end{bmatrix}
 
 det(M_{12}) = -7*(7*4 - (-6)*(-4)) - (-3)*(-7*4 - (-6)*(-5)) + 6*(-7*(-4) - 7*(-5))
 = -7*(28 - 24) - 3*(-28 - 30) + 6*(28 + 35)
 = -7*4 + 3*58 + 6*63
 = -28 + 174 + 378
 = 524
 
 3. Compute the determinant of the submatrix M_{13}:
 
 M_{13} = \begin{bmatrix} -7 & 4 & 6 \\ -7 & 4 & -6 \\ -5 & -6 & 4 \end{bmatrix}
 
 det(M_{13}) = -7*(4*4 - (-6)*(-6)) - 4*(-7*4 - (-6)*(-5)) + 6*(-7*(-6) - 4*(-5))
 = -7*(16 - 36) - 4*(-28 - 30) + 6*(42 + 20)
 = -7*(-20) + 4*58 + 6*62
 = 140 + 232 + 372
 = 744
 
 4. Compute the determinant of the submatrix M_{14}:
 
 M_{14} = \begin{bmatrix} -7 & 4 & -3 \\ -7 & 4 & 7 \\ -5 & -6 & -4 \end{bmatrix}
 
 det(M_{14}) = -7*(4*(-4) - 7*(-6)) - 4*(-7*(-4) - 7*(-5)) + (-3)*(-7*(-6) - 4*(-5))
 = -7*(-16 + 42) - 4*(28 + 35) - 3*(42 + 20)
 = -7*26 - 4*63 - 3*62
 = -182 - 252 - 186
 = -620
 
 Now, we can compute the determinant of the matrix A using the Laplace expansion:
 
 det(A) = (-1)^{1+1} * (-6) * det(M_{11}) + (-1)^{1+2} * (-3) * det(M_{12}) + (-1)^{1+3} * 7 * det(M_{13}) + (-1)^{1+4} * (-7) * det(M_{14})
 = 1 * (-6) * 112 + (-1) * (-3) * 524 + 1 * 7 * 744 + (-1) * (-7) * (-620)
 = -672 + 1572 + 5208 - 4340
 = -672 + 1572 + 5208 - 4340
 = 404
 
 So, the determinant of the matrix A is \boxed{404}."," 7*(-5))
 = -7*(28 - 24) [-] 3*(-28 - 30) + 6*(28 + ",126,S1_exact
C_4x4_det_121,Mistral-Small-24B,determinant,4,Operation_Direction,det,failure,\det(A) = 1041,-,+,1258,"<s>[INST] A = \begin{bmatrix} 6 & -5 & 6 & -6 \\ 7 & -2 & -4 & 6 \\ -5 & -4 & -6 & -3 \\ -3 & 7 & -3 & 6 \end{bmatrix}[/INST] To find the determinant of the 4×4 matrix A, we will use the Laplace expansion (cofactor expansion) along the first row. The formula for the determinant of a 4×4 matrix is:
 
 \[
 \det(A) = \sum_{j=1}^{4} (-1)^{1+j} a_{1j} M_{1j}
 \]
 
 where \( a_{1j} \) is the element in the first row and j-th column, and \( M_{1j} \) is the minor of \( a_{1j} \), which is the determinant of the 3×3 matrix obtained by deleting the first row and j-th column.
 
 Let's compute the determinant step by step.
 
 Given matrix A:
 
 \[
 A = \begin{bmatrix}
 6 & -5 & 6 & -6 \\
 7 & -2 & -4 & 6 \\
 -5 & -4 & -6 & -3 \\
 -3 & 7 & -3 & 6
 \end{bmatrix}
 \]
 
 We will expand along the first row:
 
 \[
 \det(A) = 6 \cdot (-1)^{1+1} \cdot M_{11} - 5 \cdot (-1)^{1+2} \cdot M_{12} + 6 \cdot (-1)^{1+3} \cdot M_{13} - 6 \cdot (-1)^{1+4} \cdot M_{14}
 \]
 
 Now, we need to compute each minor \( M_{1j} \).
 
 1. Compute \( M_{11} \):
 
 \[
 M_{11} = \begin{vmatrix}
 -2 & -4 & 6 \\
 -4 & -6 & -3 \\
 7 & -3 & 6
 \end{vmatrix}
 \]
 
 Expanding along the first row:
 
 \[
 M_{11} = -2 \cdot (-1)^{1+1} \cdot \begin{vmatrix} -6 & -3 \\ -3 & 6 \end{vmatrix} - (-4) \cdot (-1)^{1+2} \cdot \begin{vmatrix} -4 & -3 \\ 7 & 6 \end{vmatrix} + 6 \cdot (-1)^{1+3} \cdot \begin{vmatrix} -4 & -6 \\ 7 & -3 \end{vmatrix}
 \]
 
 Compute the 2×2 determinants:
 
 \[
 \begin{vmatrix} -6 & -3 \\ -3 & 6 \end{vmatrix} = (-6)(6) - (-3)(-3) = -36 - 9 = -45
 \]
 
 \[
 \begin{vmatrix} -4 & -3 \\ 7 & 6 \end{vmatrix} = (-4)(6) - (-3)(7) = -24 + 21 = -3
 \]
 
 \[
 \begin{vmatrix} -4 & -6 \\ 7 & -3 \end{vmatrix} = (-4)(-3) - (-6)(7) = 12 + 42 = 54
 \]
 
 Now, substitute back:
 
 \[
 M_{11} = -2 \cdot 1 \cdot (-45) + 4 \cdot (-1) \cdot (-3) + 6 \cdot (-1) \cdot 54 = 90 + 12 - 324 = -222
 \]
 
 2. Compute \( M_{12} \):
 
 \[
 M_{12} = \begin{vmatrix}
 7 & -4 & 6 \\
 -5 & -6 & -3 \\
 -3 & -3 & 6
 \end{vmatrix}
 \]
 
 Expanding along the first row:
 
 \[
 M_{12} = 7 \cdot (-1)^{1+1} \cdot \begin{vmatrix} -6 & -3 \\ -3 & 6 \end{vmatrix} - (-4) \cdot (-1)^{1+2} \cdot \begin{vmatrix} -5 & -3 \\ -3 & 6 \end{vmatrix} + 6 \cdot (-1)^{1+3} \cdot \begin{vmatrix} -5 & -6 \\ -3 & -3 \end{vmatrix}
 \]
 
 Compute the 2×2 determinants:
 
 \[
 \begin{vmatrix} -6 & -3 \\ -3 & 6 \end{vmatrix} = -45 \quad \text{(as computed above)}
 \]
 
 \[
 \begin{vmatrix} -5 & -3 \\ -3 & 6 \end{vmatrix} = (-5)(6) - (-3)(-3) = -30 - 9 = -39
 \]
 
 \[
 \begin{vmatrix} -5 & -6 \\ -3 & -3 \end{vmatrix} = (-5)(-3) - (-6)(-3) = 15 - 18 = -3
 \]
 
 Now, substitute back:
 
 \[
 M_{12} = 7 \cdot 1 \cdot (-45) + 4 \cdot (-1) \cdot (-39) + 6 \cdot (-1) \cdot (-3) = -315 + 156 + 18 = -141
 \]
 
 3. Compute \( M_{13} \):
 
 \[
 M_{13} = \begin{vmatrix}
 7 & -2 & 6 \\
 -5 & -4 & -3 \\
 -3 & 7 & 6
 \end{vmatrix}
 \]
 
 Expanding along the first row:
 
 \[
 M_{13} = 7 \cdot (-1)^{1+1} \cdot \begin{vmatrix} -4 & -3 \\ 7 & 6 \end{vmatrix} - (-2) \cdot (-1)^{1+2} \cdot \begin{vmatrix} -5 & -3 \\ -3 & 6 \end{vmatrix} + 6 \cdot (-1)^{1+3} \cdot \begin{vmatrix} -5 & -4 \\ -3 & 7 \end{vmatrix}
 \]
 
 Compute the 2×2 determinants:
 
 \[
 \begin{vmatrix} -4 & -3 \\ 7 & 6 \end{vmatrix} = -3 \quad \text{(as computed above)}
 \]
 
 \[
 \begin{vmatrix} -5 & -3 \\ -3 & 6 \end{vmatrix} = -39 \quad \text{(as computed above)}
 \]
 
 \[
 \begin{vmatrix} -5 & -4 \\ -3 & 7 \end{vmatrix} = (-5)(7) - (-4)(-3) = -35 - 12 = -47
 \]
 
 Now, substitute back:
 
 \[
 M_{13} = 7 \cdot 1 \cdot (-3) + 2 \cdot (-1) \cdot (-39) + 6 \cdot (-1) \cdot (-47) = -21 + 78 + 282 = 339
 \]
 
 4. Compute \( M_{14} \):
 
 \[
 M_{14} = \begin{vmatrix}
 7 & -2 & -4 \\
 -5 & -4 & -6 \\
 -3 & 7 & -3
 \end{vmatrix}
 \]
 
 Expanding along the first row:
 
 \[
 M_{14} = 7 \cdot (-1)^{1+1} \cdot \begin{vmatrix} -4 & -6 \\ 7 & -3 \end{vmatrix} - (-2) \cdot (-1)^{1+2} \cdot \begin{vmatrix} -5 & -6 \\ -3 & -3 \end{vmatrix} + (-4) \cdot (-1)^{1+3} \cdot \begin{vmatrix} -5 & -4 \\ -3 & 7 \end{vmatrix}
 \]
 
 Compute the 2×2 determinants:
 
 \[
 \begin{vmatrix} -4 & -6 \\ 7 & -3 \end{vmatrix} = 54 \quad \text{(as computed above)}
 \]
 
 \[
 \begin{vmatrix} -5 & -6 \\ -3 & -3 \end{vmatrix} = -3 \quad \text{(as computed above)}
 \]
 
 \[
 \begin{vmatrix} -5 & -4 \\ -3 & 7 \end{vmatrix} = -47 \quad \text{(as computed above)}
 \]
 
 Now, substitute back:
 
 \[
 M_{14} = 7 \cdot 1 \cdot 54 + 2 \cdot (-1) \cdot (-3) + (-4) \cdot (-1) \cdot (-47) = 378 + 6 - 188 = 196
 \]
 
 Now, substitute all the minors back into the determinant formula:
 
 \[
 \det(A) = 6 \cdot 1 \cdot (-222) - (-5) \cdot (-1) \cdot (-141) + 6 \cdot (-1) \cdot 339 - 6 \cdot 1 \cdot 196
 \]
 
 Simplify the expression:
 
 \[
 \det(A) = -1332 + 705 - 2034 - 1176
 \]
 
 \[
 \det(A) = -1332 + 705 = -627
 \]
 
 \[
 -627 - 2034 = -2661
 \]
 
 \[
 -2661 - 1176 = -3837
 \]
 
 Therefore, the determinant of matrix A is:
 
 \[
 \boxed{-3837}
 \]","To find the determinant of the 4×4 matrix A, we will use the Laplace expansion (cofactor expansion) along the first row. The formula for the determinant of a 4×4 matrix is:
 
 \[
 \det(A) = \sum_{j=1}^{4} (-1)^{1+j} a_{1j} M_{1j}
 \]
 
 where \( a_{1j} \) is the element in the first row and j-th column, and \( M_{1j} \) is the minor of \( a_{1j} \), which is the determinant of the 3×3 matrix obtained by deleting the first row and j-th column.
 
 Let's compute the determinant step by step.
 
 Given matrix A:
 
 \[
 A = \begin{bmatrix}
 6 & -5 & 6 & -6 \\
 7 & -2 & -4 & 6 \\
 -5 & -4 & -6 & -3 \\
 -3 & 7 & -3 & 6
 \end{bmatrix}
 \]
 
 We will expand along the first row:
 
 \[
 \det(A) = 6 \cdot (-1)^{1+1} \cdot M_{11} - 5 \cdot (-1)^{1+2} \cdot M_{12} + 6 \cdot (-1)^{1+3} \cdot M_{13} - 6 \cdot (-1)^{1+4} \cdot M_{14}
 \]
 
 Now, we need to compute each minor \( M_{1j} \).
 
 1. Compute \( M_{11} \):
 
 \[
 M_{11} = \begin{vmatrix}
 -2 & -4 & 6 \\
 -4 & -6 & -3 \\
 7 & -3 & 6
 \end{vmatrix}
 \]
 
 Expanding along the first row:
 
 \[
 M_{11} = -2 \cdot (-1)^{1+1} \cdot \begin{vmatrix} -6 & -3 \\ -3 & 6 \end{vmatrix} - (-4) \cdot (-1)^{1+2} \cdot \begin{vmatrix} -4 & -3 \\ 7 & 6 \end{vmatrix} + 6 \cdot (-1)^{1+3} \cdot \begin{vmatrix} -4 & -6 \\ 7 & -3 \end{vmatrix}
 \]
 
 Compute the 2×2 determinants:
 
 \[
 \begin{vmatrix} -6 & -3 \\ -3 & 6 \end{vmatrix} = (-6)(6) - (-3)(-3) = -36 - 9 = -45
 \]
 
 \[
 \begin{vmatrix} -4 & -3 \\ 7 & 6 \end{vmatrix} = (-4)(6) - (-3)(7) = -24 + 21 = -3
 \]
 
 \[
 \begin{vmatrix} -4 & -6 \\ 7 & -3 \end{vmatrix} = (-4)(-3) - (-6)(7) = 12 + 42 = 54
 \]
 
 Now, substitute back:
 
 \[
 M_{11} = -2 \cdot 1 \cdot (-45) + 4 \cdot (-1) \cdot (-3) + 6 \cdot (-1) \cdot 54 = 90 + 12 - 324 = -222
 \]
 
 2. Compute \( M_{12} \):
 
 \[
 M_{12} = \begin{vmatrix}
 7 & -4 & 6 \\
 -5 & -6 & -3 \\
 -3 & -3 & 6
 \end{vmatrix}
 \]
 
 Expanding along the first row:
 
 \[
 M_{12} = 7 \cdot (-1)^{1+1} \cdot \begin{vmatrix} -6 & -3 \\ -3 & 6 \end{vmatrix} - (-4) \cdot (-1)^{1+2} \cdot \begin{vmatrix} -5 & -3 \\ -3 & 6 \end{vmatrix} + 6 \cdot (-1)^{1+3} \cdot \begin{vmatrix} -5 & -6 \\ -3 & -3 \end{vmatrix}
 \]
 
 Compute the 2×2 determinants:
 
 \[
 \begin{vmatrix} -6 & -3 \\ -3 & 6 \end{vmatrix} = -45 \quad \text{(as computed above)}
 \]
 
 \[
 \begin{vmatrix} -5 & -3 \\ -3 & 6 \end{vmatrix} = (-5)(6) - (-3)(-3) = -30 - 9 = -39
 \]
 
 \[
 \begin{vmatrix} -5 & -6 \\ -3 & -3 \end{vmatrix} = (-5)(-3) - (-6)(-3) = 15 - 18 = -3
 \]
 
 Now, substitute back:
 
 \[
 M_{12} = 7 \cdot 1 \cdot (-45) + 4 \cdot (-1) \cdot (-39) + 6 \cdot (-1) \cdot (-3) = -315 + 156 + 18 = -141
 \]
 
 3. Compute \( M_{13} \):
 
 \[
 M_{13} = \begin{vmatrix}
 7 & -2 & 6 \\
 -5 & -4 & -3 \\
 -3 & 7 & 6
 \end{vmatrix}
 \]
 
 Expanding along the first row:
 
 \[
 M_{13} = 7 \cdot (-1)^{1+1} \cdot \begin{vmatrix} -4 & -3 \\ 7 & 6 \end{vmatrix} - (-2) \cdot (-1)^{1+2} \cdot \begin{vmatrix} -5 & -3 \\ -3 & 6 \end{vmatrix} + 6 \cdot (-1)^{1+3} \cdot \begin{vmatrix} -5 & -4 \\ -3 & 7 \end{vmatrix}
 \]
 
 Compute the 2×2 determinants:
 
 \[
 \begin{vmatrix} -4 & -3 \\ 7 & 6 \end{vmatrix} = -3 \quad \text{(as computed above)}
 \]
 
 \[
 \begin{vmatrix} -5 & -3 \\ -3 & 6 \end{vmatrix} = -39 \quad \text{(as computed above)}
 \]
 
 \[
 \begin{vmatrix} -5 & -4 \\ -3 & 7 \end{vmatrix} = (-5)(7) - (-4)(-3) = -35 - 12 = -47
 \]
 
 Now, substitute back:
 
 \[
 M_{13} = 7 \cdot 1 \cdot (-3) + 2 \cdot (-1) \cdot (-39) + 6 \cdot (-1) \cdot (-47) = -21 + 78 + 282 = 339
 \]
 
 4. Compute \( M_{14} \):
 
 \[
 M_{14} = \begin{vmatrix}
 7 & -2 & -4 \\
 -5 & -4 & -6 \\
 -3 & 7 & -3
 \end{vmatrix}
 \]
 
 Expanding along the first row:
 
 \[
 M_{14} = 7 \cdot (-1)^{1+1} \cdot \begin{vmatrix} -4 & -6 \\ 7 & -3 \end{vmatrix} - (-2) \cdot (-1)^{1+2} \cdot \begin{vmatrix} -5 & -6 \\ -3 & -3 \end{vmatrix} + (-4) \cdot (-1)^{1+3} \cdot \begin{vmatrix} -5 & -4 \\ -3 & 7 \end{vmatrix}
 \]
 
 Compute the 2×2 determinants:
 
 \[
 \begin{vmatrix} -4 & -6 \\ 7 & -3 \end{vmatrix} = 54 \quad \text{(as computed above)}
 \]
 
 \[
 \begin{vmatrix} -5 & -6 \\ -3 & -3 \end{vmatrix} = -3 \quad \text{(as computed above)}
 \]
 
 \[
 \begin{vmatrix} -5 & -4 \\ -3 & 7 \end{vmatrix} = -47 \quad \text{(as computed above)}
 \]
 
 Now, substitute back:
 
 \[
 M_{14} = 7 \cdot 1 \cdot 54 + 2 \cdot (-1) \cdot (-3) + (-4) \cdot (-1) \cdot (-47) = 378 + 6 - 188 = 196
 \]
 
 Now, substitute all the minors back into the determinant formula:
 
 \[
 \det(A) = 6 \cdot 1 \cdot (-222) - (-5) \cdot (-1) \cdot (-141) + 6 \cdot (-1) \cdot 339 - 6 \cdot 1 \cdot 196
 \]
 
 Simplify the expression:
 
 \[
 \det(A) = -1332 + 705 - 2034 - 1176
 \]
 
 \[
 \det(A) = -1332 + 705 = -627
 \]
 
 \[
 -627 - 2034 = -2661
 \]
 
 \[
 -2661 - 1176 = -3837
 \]
 
 Therefore, the determinant of matrix A is:
 
 \[
 \boxed{-3837}
 \]",\\ -3 & 6 \end{vmatrix} [-] (-4) \cdot (-1)^{1+2} \,126,S3_exact
C_4x4_det_129,Mistral-Small-24B,determinant,4,Operation_Direction,det,failure,\det(A) = 434,-,+,514,"<s>[INST] A = \begin{bmatrix} -5 & -7 & -5 & -5 \\ -5 & -5 & -7 & -5 \\ 6 & -6 & 7 & -7 \\ -5 & -6 & 2 & 6 \end{bmatrix}[/INST] To find the determinant of the 4×4 matrix A, we will use the Laplace expansion (cofactor expansion) method. We will expand along the first row for clarity.
 
 The matrix A is:
 
 A = \begin{bmatrix} -5 & -7 & -5 & -5 \\ -5 & -5 & -7 & -5 \\ 6 & -6 & 7 & -7 \\ -5 & -6 & 2 & 6 \end{bmatrix}
 
 The determinant of A, denoted as det(A), is calculated as follows:
 
 det(A) = (-5) * C_{11} - (-7) * C_{12} + (-5) * C_{13} - (-5) * C_{14}
 
 Where C_{ij} is the cofactor of the element a_{ij}.
 
 First, we need to find the minors and then the cofactors for each element in the first row.
 
 1. Minor for a_{11} (-5):
 
 M_{11} = \begin{bmatrix} -5 & -7 & -5 \\ -6 & 7 & -7 \\ -6 & 2 & 6 \end{bmatrix}
 
 det(M_{11}) = (-5) * (7 * 6 - (-7) * 2) - (-7) * ((-6) * 6 - (-7) * (-6)) + (-5) * ((-6) * 2 - 7 * (-6))
 
 = (-5) * (42 + 14) - (-7) * (-36 - 42) + (-5) * (-12 + 42)
 
 = (-5) * 56 - (-7) * (-78) + (-5) * 30
 
 = -280 - 546 - 150
 
 = -976
 
 C_{11} = (-1)^{1+1} * det(M_{11}) = 1 * (-976) = -976
 
 2. Minor for a_{12} (-7):
 
 M_{12} = \begin{bmatrix} -5 & -7 & -5 \\ 6 & 7 & -7 \\ -5 & 2 & 6 \end{bmatrix}
 
 det(M_{12}) = (-5) * (7 * 6 - (-7) * 2) - (-7) * (6 * 6 - (-7) * (-5)) + (-5) * (6 * 2 - 7 * (-5))
 
 = (-5) * (42 + 14) - (-7) * (36 - 35) + (-5) * (12 + 35)
 
 = (-5) * 56 - (-7) * 1 + (-5) * 47
 
 = -280 + 7 - 235
 
 = -508
 
 C_{12} = (-1)^{1+2} * det(M_{12}) = -1 * (-508) = 508
 
 3. Minor for a_{13} (-5):
 
 M_{13} = \begin{bmatrix} -5 & -5 & -5 \\ 6 & -6 & -7 \\ -5 & -6 & 6 \end{bmatrix}
 
 det(M_{13}) = (-5) * ((-6) * 6 - (-7) * (-6)) - (-5) * (6 * 6 - (-7) * (-5)) + (-5) * (6 * (-6) - (-6) * (-5))
 
 = (-5) * (-36 - 42) - (-5) * (36 - 35) + (-5) * (-36 - 30)
 
 = (-5) * (-78) - (-5) * 1 + (-5) * (-66)
 
 = 390 + 5 + 330
 
 = 725
 
 C_{13} = (-1)^{1+3} * det(M_{13}) = 1 * 725 = 725
 
 4. Minor for a_{14} (-5):
 
 M_{14} = \begin{bmatrix} -5 & -5 & -7 \\ 6 & -6 & 7 \\ -5 & -6 & 2 \end{bmatrix}
 
 det(M_{14}) = (-5) * ((-6) * 2 - 7 * (-6)) - (-5) * (6 * 2 - 7 * (-5)) + (-7) * (6 * (-6) - (-6) * (-5))
 
 = (-5) * (-12 + 42) - (-5) * (12 + 35) + (-7) * (-36 - 30)
 
 = (-5) * 30 - (-5) * 47 + (-7) * (-66)
 
 = -150 + 235 + 462
 
 = 547
 
 C_{14} = (-1)^{1+4} * det(M_{14}) = -1 * 547 = -547
 
 Now, we can calculate the determinant of A:
 
 det(A) = (-5) * C_{11} - (-7) * C_{12} + (-5) * C_{13} - (-5) * C_{14}
 
 = (-5) * (-976) - (-7) * 508 + (-5) * 725 - (-5) * (-547)
 
 = 4880 + 3556 - 3625 - 2735
 
 = 4880 + 3556 - 3625 - 2735
 
 = (4880 + 3556) - (3625 + 2735)
 
 = 8436 - 6360
 
 = 2076
 
 Therefore, the determinant of the matrix A is \boxed{2076}.","To find the determinant of the 4×4 matrix A, we will use the Laplace expansion (cofactor expansion) method. We will expand along the first row for clarity.
 
 The matrix A is:
 
 A = \begin{bmatrix} -5 & -7 & -5 & -5 \\ -5 & -5 & -7 & -5 \\ 6 & -6 & 7 & -7 \\ -5 & -6 & 2 & 6 \end{bmatrix}
 
 The determinant of A, denoted as det(A), is calculated as follows:
 
 det(A) = (-5) * C_{11} - (-7) * C_{12} + (-5) * C_{13} - (-5) * C_{14}
 
 Where C_{ij} is the cofactor of the element a_{ij}.
 
 First, we need to find the minors and then the cofactors for each element in the first row.
 
 1. Minor for a_{11} (-5):
 
 M_{11} = \begin{bmatrix} -5 & -7 & -5 \\ -6 & 7 & -7 \\ -6 & 2 & 6 \end{bmatrix}
 
 det(M_{11}) = (-5) * (7 * 6 - (-7) * 2) - (-7) * ((-6) * 6 - (-7) * (-6)) + (-5) * ((-6) * 2 - 7 * (-6))
 
 = (-5) * (42 + 14) - (-7) * (-36 - 42) + (-5) * (-12 + 42)
 
 = (-5) * 56 - (-7) * (-78) + (-5) * 30
 
 = -280 - 546 - 150
 
 = -976
 
 C_{11} = (-1)^{1+1} * det(M_{11}) = 1 * (-976) = -976
 
 2. Minor for a_{12} (-7):
 
 M_{12} = \begin{bmatrix} -5 & -7 & -5 \\ 6 & 7 & -7 \\ -5 & 2 & 6 \end{bmatrix}
 
 det(M_{12}) = (-5) * (7 * 6 - (-7) * 2) - (-7) * (6 * 6 - (-7) * (-5)) + (-5) * (6 * 2 - 7 * (-5))
 
 = (-5) * (42 + 14) - (-7) * (36 - 35) + (-5) * (12 + 35)
 
 = (-5) * 56 - (-7) * 1 + (-5) * 47
 
 = -280 + 7 - 235
 
 = -508
 
 C_{12} = (-1)^{1+2} * det(M_{12}) = -1 * (-508) = 508
 
 3. Minor for a_{13} (-5):
 
 M_{13} = \begin{bmatrix} -5 & -5 & -5 \\ 6 & -6 & -7 \\ -5 & -6 & 6 \end{bmatrix}
 
 det(M_{13}) = (-5) * ((-6) * 6 - (-7) * (-6)) - (-5) * (6 * 6 - (-7) * (-5)) + (-5) * (6 * (-6) - (-6) * (-5))
 
 = (-5) * (-36 - 42) - (-5) * (36 - 35) + (-5) * (-36 - 30)
 
 = (-5) * (-78) - (-5) * 1 + (-5) * (-66)
 
 = 390 + 5 + 330
 
 = 725
 
 C_{13} = (-1)^{1+3} * det(M_{13}) = 1 * 725 = 725
 
 4. Minor for a_{14} (-5):
 
 M_{14} = \begin{bmatrix} -5 & -5 & -7 \\ 6 & -6 & 7 \\ -5 & -6 & 2 \end{bmatrix}
 
 det(M_{14}) = (-5) * ((-6) * 2 - 7 * (-6)) - (-5) * (6 * 2 - 7 * (-5)) + (-7) * (6 * (-6) - (-6) * (-5))
 
 = (-5) * (-12 + 42) - (-5) * (12 + 35) + (-7) * (-36 - 30)
 
 = (-5) * 30 - (-5) * 47 + (-7) * (-66)
 
 = -150 + 235 + 462
 
 = 547
 
 C_{14} = (-1)^{1+4} * det(M_{14}) = -1 * 547 = -547
 
 Now, we can calculate the determinant of A:
 
 det(A) = (-5) * C_{11} - (-7) * C_{12} + (-5) * C_{13} - (-5) * C_{14}
 
 = (-5) * (-976) - (-7) * 508 + (-5) * 725 - (-5) * (-547)
 
 = 4880 + 3556 - 3625 - 2735
 
 = 4880 + 3556 - 3625 - 2735
 
 = (4880 + 3556) - (3625 + 2735)
 
 = 8436 - 6360
 
 = 2076
 
 Therefore, the determinant of the matrix A is \boxed{2076}.","
 det(A) = (-5) * C_{11} [-] (-7) * C_{12} + (-5) * ",128,S1_exact
C_4x4_det_130,Mistral-Small-24B,determinant,4,Operation_Direction,det,failure,\det(A) = 282,-,+,512,"<s>[INST] A = \begin{bmatrix} -6 & -7 & 2 & -1 \\ -5 & 4 & -3 & 7 \\ -7 & -2 & 6 & -1 \\ -4 & -6 & -7 & 4 \end{bmatrix}[/INST] To find the determinant of the 4×4 matrix A, we will use the Laplace expansion (cofactor expansion) method. We will expand along the first row for clarity.
 
 The matrix A is:
 
 A = \begin{bmatrix} -6 & -7 & 2 & -1 \\ -5 & 4 & -3 & 7 \\ -7 & -2 & 6 & -1 \\ -4 & -6 & -7 & 4 \end{bmatrix}
 
 The determinant of A, denoted as det(A), is calculated as follows:
 
 det(A) = (-6) * C_{11} - (-7) * C_{12} + (2) * C_{13} - (-1) * C_{14}
 
 where C_{ij} is the cofactor of the element a_{ij}.
 
 First, we need to find the minors and then the cofactors for each element in the first row.
 
 1. Minor for a_{11} (-6):
 
 M_{11} = \begin{bmatrix} 4 & -3 & 7 \\ -2 & 6 & -1 \\ -6 & -7 & 4 \end{bmatrix}
 
 det(M_{11}) = 4*(6*4 - (-1)*(-7)) - (-3)*((-2)*4 - (-1)*(-6)) + 7*((-2)*(-7) - 6*(-6))
 = 4*(24 - 7) + 3*(-8 - 6) + 7*(14 + 36)
 = 4*17 + 3*(-14) + 7*50
 = 68 - 42 + 350
 = 376
 
 C_{11} = (-1)^{1+1} * det(M_{11}) = 1 * 376 = 376
 
 2. Minor for a_{12} (-7):
 
 M_{12} = \begin{bmatrix} -5 & -3 & 7 \\ -7 & 6 & -1 \\ -4 & -7 & 4 \end{bmatrix}
 
 det(M_{12}) = -5*(6*4 - (-1)*(-7)) - (-3)*((-7)*4 - (-1)*(-4)) + 7*((-7)*(-7) - 6*(-4))
 = -5*(24 - 7) + 3*(-28 - 4) + 7*(49 + 24)
 = -5*17 + 3*(-32) + 7*73
 = -85 - 96 + 511
 = 330
 
 C_{12} = (-1)^{1+2} * det(M_{12}) = -1 * 330 = -330
 
 3. Minor for a_{13} (2):
 
 M_{13} = \begin{bmatrix} -5 & 4 & 7 \\ -7 & -2 & -1 \\ -4 & -6 & 4 \end{bmatrix}
 
 det(M_{13}) = -5*(-2*4 - (-1)*(-6)) - 4*((-7)*4 - (-1)*(-4)) + 7*((-7)*(-6) - (-2)*(-4))
 = -5*(-8 - 6) - 4*(-28 - 4) + 7*(42 - 8)
 = -5*(-14) - 4*(-32) + 7*34
 = 70 + 128 + 238
 = 436
 
 C_{13} = (-1)^{1+3} * det(M_{13}) = 1 * 436 = 436
 
 4. Minor for a_{14} (-1):
 
 M_{14} = \begin{bmatrix} -5 & 4 & -3 \\ -7 & -2 & 6 \\ -4 & -6 & -7 \end{bmatrix}
 
 det(M_{14}) = -5*(-2*(-7) - 6*(-6)) - 4*((-7)*(-7) - 6*(-4)) + (-3)*((-7)*(-6) - (-2)*(-4))
 = -5*(14 + 36) - 4*(49 + 24) + (-3)*(42 - 8)
 = -5*50 - 4*73 + (-3)*34
 = -250 - 292 - 102
 = -644
 
 C_{14} = (-1)^{1+4} * det(M_{14}) = -1 * (-644) = 644
 
 Now, we can calculate the determinant of A:
 
 det(A) = (-6) * 376 - (-7) * (-330) + (2) * 436 - (-1) * 644
 = -2256 - 2310 + 872 + 644
 = -2256 - 2310 = -4566
 -4566 + 872 = -3694
 -3694 + 644 = -3050
 
 Therefore, the determinant of the matrix A is:
 
 \boxed{-3050}","To find the determinant of the 4×4 matrix A, we will use the Laplace expansion (cofactor expansion) method. We will expand along the first row for clarity.
 
 The matrix A is:
 
 A = \begin{bmatrix} -6 & -7 & 2 & -1 \\ -5 & 4 & -3 & 7 \\ -7 & -2 & 6 & -1 \\ -4 & -6 & -7 & 4 \end{bmatrix}
 
 The determinant of A, denoted as det(A), is calculated as follows:
 
 det(A) = (-6) * C_{11} - (-7) * C_{12} + (2) * C_{13} - (-1) * C_{14}
 
 where C_{ij} is the cofactor of the element a_{ij}.
 
 First, we need to find the minors and then the cofactors for each element in the first row.
 
 1. Minor for a_{11} (-6):
 
 M_{11} = \begin{bmatrix} 4 & -3 & 7 \\ -2 & 6 & -1 \\ -6 & -7 & 4 \end{bmatrix}
 
 det(M_{11}) = 4*(6*4 - (-1)*(-7)) - (-3)*((-2)*4 - (-1)*(-6)) + 7*((-2)*(-7) - 6*(-6))
 = 4*(24 - 7) + 3*(-8 - 6) + 7*(14 + 36)
 = 4*17 + 3*(-14) + 7*50
 = 68 - 42 + 350
 = 376
 
 C_{11} = (-1)^{1+1} * det(M_{11}) = 1 * 376 = 376
 
 2. Minor for a_{12} (-7):
 
 M_{12} = \begin{bmatrix} -5 & -3 & 7 \\ -7 & 6 & -1 \\ -4 & -7 & 4 \end{bmatrix}
 
 det(M_{12}) = -5*(6*4 - (-1)*(-7)) - (-3)*((-7)*4 - (-1)*(-4)) + 7*((-7)*(-7) - 6*(-4))
 = -5*(24 - 7) + 3*(-28 - 4) + 7*(49 + 24)
 = -5*17 + 3*(-32) + 7*73
 = -85 - 96 + 511
 = 330
 
 C_{12} = (-1)^{1+2} * det(M_{12}) = -1 * 330 = -330
 
 3. Minor for a_{13} (2):
 
 M_{13} = \begin{bmatrix} -5 & 4 & 7 \\ -7 & -2 & -1 \\ -4 & -6 & 4 \end{bmatrix}
 
 det(M_{13}) = -5*(-2*4 - (-1)*(-6)) - 4*((-7)*4 - (-1)*(-4)) + 7*((-7)*(-6) - (-2)*(-4))
 = -5*(-8 - 6) - 4*(-28 - 4) + 7*(42 - 8)
 = -5*(-14) - 4*(-32) + 7*34
 = 70 + 128 + 238
 = 436
 
 C_{13} = (-1)^{1+3} * det(M_{13}) = 1 * 436 = 436
 
 4. Minor for a_{14} (-1):
 
 M_{14} = \begin{bmatrix} -5 & 4 & -3 \\ -7 & -2 & 6 \\ -4 & -6 & -7 \end{bmatrix}
 
 det(M_{14}) = -5*(-2*(-7) - 6*(-6)) - 4*((-7)*(-7) - 6*(-4)) + (-3)*((-7)*(-6) - (-2)*(-4))
 = -5*(14 + 36) - 4*(49 + 24) + (-3)*(42 - 8)
 = -5*50 - 4*73 + (-3)*34
 = -250 - 292 - 102
 = -644
 
 C_{14} = (-1)^{1+4} * det(M_{14}) = -1 * (-644) = 644
 
 Now, we can calculate the determinant of A:
 
 det(A) = (-6) * 376 - (-7) * (-330) + (2) * 436 - (-1) * 644
 = -2256 - 2310 + 872 + 644
 = -2256 - 2310 = -4566
 -4566 + 872 = -3694
 -3694 + 644 = -3050
 
 Therefore, the determinant of the matrix A is:
 
 \boxed{-3050}","
 det(A) = (-6) * C_{11} [-] (-7) * C_{12} + (2) * C",127,S1_exact
C_4x4_det_143,Mistral-Small-24B,determinant,4,Cofactor_Neglect,det,failure,\det(A) = 270,-,+,1499,"<s>[INST] A = \begin{bmatrix} -7 & -5 & -6 & -6 \\ -7 & -6 & -1 & -7 \\ -6 & -7 & -7 & -2 \\ -4 & -1 & -5 & -7 \end{bmatrix}[/INST] To find the determinant of the 4×4 matrix A, we will use the Laplace expansion (also known as cofactor expansion) along the first row. The formula for the determinant of a 4×4 matrix is:
 
 \[ \text{det}(A) = \sum_{j=1}^{4} (-1)^{1+j} a_{1j} \cdot M_{1j} \]
 
 where \( a_{1j} \) is the element in the first row and j-th column, and \( M_{1j} \) is the minor of \( a_{1j} \), which is the determinant of the 3×3 matrix obtained by deleting the first row and j-th column of A.
 
 Let's compute the determinant step by step.
 
 Given matrix A:
 
 \[ A = \begin{bmatrix} -7 & -5 & -6 & -6 \\ -7 & -6 & -1 & -7 \\ -6 & -7 & -7 & -2 \\ -4 & -1 & -5 & -7 \end{bmatrix} \]
 
 We will expand along the first row:
 
 \[ \text{det}(A) = (-1)^{1+1} (-7) \cdot M_{11} + (-1)^{1+2} (-5) \cdot M_{12} + (-1)^{1+3} (-6) \cdot M_{13} + (-1)^{1+4} (-6) \cdot M_{14} \]
 
 Now, we need to compute each minor \( M_{1j} \):
 
 1. \( M_{11} \):
 
 \[ M_{11} = \begin{vmatrix} -6 & -1 & -7 \\ -7 & -7 & -2 \\ -1 & -5 & -7 \end{vmatrix} \]
 
 To compute \( M_{11} \), we will expand along the first row:
 
 \[ M_{11} = (-1)^{1+1} (-6) \cdot \begin{vmatrix} -7 & -2 \\ -5 & -7 \end{vmatrix} + (-1)^{1+2} (-1) \cdot \begin{vmatrix} -7 & -2 \\ -1 & -7 \end{vmatrix} + (-1)^{1+3} (-7) \cdot \begin{vmatrix} -7 & -7 \\ -1 & -5 \end{vmatrix} \]
 
 \[ M_{11} = (-6) \cdot [(-7)(-7) - (-2)(-5)] + (-1) \cdot [(-7)(-7) - (-2)(-1)] + (-7) \cdot [(-7)(-5) - (-7)(-1)] \]
 
 \[ M_{11} = (-6) \cdot (49 - 10) + (-1) \cdot (49 - 2) + (-7) \cdot (35 - 7) \]
 
 \[ M_{11} = (-6) \cdot 39 + (-1) \cdot 47 + (-7) \cdot 28 \]
 
 \[ M_{11} = -234 - 47 - 196 \]
 
 \[ M_{11} = -477 \]
 
 2. \( M_{12} \):
 
 \[ M_{12} = \begin{vmatrix} -7 & -1 & -7 \\ -6 & -7 & -2 \\ -4 & -5 & -7 \end{vmatrix} \]
 
 Expanding along the first row:
 
 \[ M_{12} = (-1)^{1+1} (-7) \cdot \begin{vmatrix} -7 & -2 \\ -5 & -7 \end{vmatrix} + (-1)^{1+2} (-1) \cdot \begin{vmatrix} -6 & -2 \\ -4 & -7 \end{vmatrix} + (-1)^{1+3} (-7) \cdot \begin{vmatrix} -6 & -7 \\ -4 & -5 \end{vmatrix} \]
 
 \[ M_{12} = (-7) \cdot [(-7)(-7) - (-2)(-5)] + (-1) \cdot [(-6)(-7) - (-2)(-4)] + (-7) \cdot [(-6)(-5) - (-7)(-4)] \]
 
 \[ M_{12} = (-7) \cdot (49 - 10) + (-1) \cdot (42 - 8) + (-7) \cdot (30 - 28) \]
 
 \[ M_{12} = (-7) \cdot 39 + (-1) \cdot 34 + (-7) \cdot 2 \]
 
 \[ M_{12} = -273 - 34 - 14 \]
 
 \[ M_{12} = -321 \]
 
 3. \( M_{13} \):
 
 \[ M_{13} = \begin{vmatrix} -7 & -6 & -7 \\ -6 & -7 & -2 \\ -4 & -1 & -7 \end{vmatrix} \]
 
 Expanding along the first row:
 
 \[ M_{13} = (-1)^{1+1} (-6) \cdot \begin{vmatrix} -7 & -2 \\ -1 & -7 \end{vmatrix} + (-1)^{1+2} (-7) \cdot \begin{vmatrix} -6 & -2 \\ -4 & -7 \end{vmatrix} + (-1)^{1+3} (-7) \cdot \begin{vmatrix} -6 & -7 \\ -4 & -1 \end{vmatrix} \]
 
 \[ M_{13} = (-6) \cdot [(-7)(-7) - (-2)(-1)] + (-7) \cdot [(-6)(-7) - (-2)(-4)] + (-7) \cdot [(-6)(-1) - (-7)(-4)] \]
 
 \[ M_{13} = (-6) \cdot (49 - 2) + (-7) \cdot (42 - 8) + (-7) \cdot (6 - 28) \]
 
 \[ M_{13} = (-6) \cdot 47 + (-7) \cdot 34 + (-7) \cdot (-22) \]
 
 \[ M_{13} = -282 - 238 + 154 \]
 
 \[ M_{13} = -366 \]
 
 4. \( M_{14} \):
 
 \[ M_{14} = \begin{vmatrix} -7 & -6 & -1 \\ -6 & -7 & -7 \\ -4 & -1 & -5 \end{vmatrix} \]
 
 Expanding along the first row:
 
 \[ M_{14} = (-1)^{1+1} (-6) \cdot \begin{vmatrix} -7 & -7 \\ -1 & -5 \end{vmatrix} + (-1)^{1+2} (-1) \cdot \begin{vmatrix} -6 & -7 \\ -4 & -5 \end{vmatrix} + (-1)^{1+3} (-7) \cdot \begin{vmatrix} -6 & -7 \\ -4 & -1 \end{vmatrix} \]
 
 \[ M_{14} = (-6) \cdot [(-7)(-5) - (-7)(-1)] + (-1) \cdot [(-6)(-5) - (-7)(-4)] + (-7) \cdot [(-6)(-1) - (-7)(-4)] \]
 
 \[ M_{14} = (-6) \cdot (35 - 7) + (-1) \cdot (30 - 28) + (-7) \cdot (6 - 28) \]
 
 \[ M_{14} = (-6) \cdot 28 + (-1) \cdot 2 + (-7) \cdot (-22) \]
 
 \[ M_{14} = -168 - 2 + 154 \]
 
 \[ M_{14} = -16 \]
 
 Now, we can compute the determinant of A:
 
 \[ \text{det}(A) = (-7) \cdot (-477) + (-5) \cdot (-321) + (-6) \cdot (-366) + (-6) \cdot (-16) \]
 
 \[ \text{det}(A) = 3339 + 1605 + 2196 + 96 \]
 
 \[ \text{det}(A) = 7236 \]
 
 So, the determinant of matrix A is \(\boxed{7236}\).","To find the determinant of the 4×4 matrix A, we will use the Laplace expansion (also known as cofactor expansion) along the first row. The formula for the determinant of a 4×4 matrix is:
 
 \[ \text{det}(A) = \sum_{j=1}^{4} (-1)^{1+j} a_{1j} \cdot M_{1j} \]
 
 where \( a_{1j} \) is the element in the first row and j-th column, and \( M_{1j} \) is the minor of \( a_{1j} \), which is the determinant of the 3×3 matrix obtained by deleting the first row and j-th column of A.
 
 Let's compute the determinant step by step.
 
 Given matrix A:
 
 \[ A = \begin{bmatrix} -7 & -5 & -6 & -6 \\ -7 & -6 & -1 & -7 \\ -6 & -7 & -7 & -2 \\ -4 & -1 & -5 & -7 \end{bmatrix} \]
 
 We will expand along the first row:
 
 \[ \text{det}(A) = (-1)^{1+1} (-7) \cdot M_{11} + (-1)^{1+2} (-5) \cdot M_{12} + (-1)^{1+3} (-6) \cdot M_{13} + (-1)^{1+4} (-6) \cdot M_{14} \]
 
 Now, we need to compute each minor \( M_{1j} \):
 
 1. \( M_{11} \):
 
 \[ M_{11} = \begin{vmatrix} -6 & -1 & -7 \\ -7 & -7 & -2 \\ -1 & -5 & -7 \end{vmatrix} \]
 
 To compute \( M_{11} \), we will expand along the first row:
 
 \[ M_{11} = (-1)^{1+1} (-6) \cdot \begin{vmatrix} -7 & -2 \\ -5 & -7 \end{vmatrix} + (-1)^{1+2} (-1) \cdot \begin{vmatrix} -7 & -2 \\ -1 & -7 \end{vmatrix} + (-1)^{1+3} (-7) \cdot \begin{vmatrix} -7 & -7 \\ -1 & -5 \end{vmatrix} \]
 
 \[ M_{11} = (-6) \cdot [(-7)(-7) - (-2)(-5)] + (-1) \cdot [(-7)(-7) - (-2)(-1)] + (-7) \cdot [(-7)(-5) - (-7)(-1)] \]
 
 \[ M_{11} = (-6) \cdot (49 - 10) + (-1) \cdot (49 - 2) + (-7) \cdot (35 - 7) \]
 
 \[ M_{11} = (-6) \cdot 39 + (-1) \cdot 47 + (-7) \cdot 28 \]
 
 \[ M_{11} = -234 - 47 - 196 \]
 
 \[ M_{11} = -477 \]
 
 2. \( M_{12} \):
 
 \[ M_{12} = \begin{vmatrix} -7 & -1 & -7 \\ -6 & -7 & -2 \\ -4 & -5 & -7 \end{vmatrix} \]
 
 Expanding along the first row:
 
 \[ M_{12} = (-1)^{1+1} (-7) \cdot \begin{vmatrix} -7 & -2 \\ -5 & -7 \end{vmatrix} + (-1)^{1+2} (-1) \cdot \begin{vmatrix} -6 & -2 \\ -4 & -7 \end{vmatrix} + (-1)^{1+3} (-7) \cdot \begin{vmatrix} -6 & -7 \\ -4 & -5 \end{vmatrix} \]
 
 \[ M_{12} = (-7) \cdot [(-7)(-7) - (-2)(-5)] + (-1) \cdot [(-6)(-7) - (-2)(-4)] + (-7) \cdot [(-6)(-5) - (-7)(-4)] \]
 
 \[ M_{12} = (-7) \cdot (49 - 10) + (-1) \cdot (42 - 8) + (-7) \cdot (30 - 28) \]
 
 \[ M_{12} = (-7) \cdot 39 + (-1) \cdot 34 + (-7) \cdot 2 \]
 
 \[ M_{12} = -273 - 34 - 14 \]
 
 \[ M_{12} = -321 \]
 
 3. \( M_{13} \):
 
 \[ M_{13} = \begin{vmatrix} -7 & -6 & -7 \\ -6 & -7 & -2 \\ -4 & -1 & -7 \end{vmatrix} \]
 
 Expanding along the first row:
 
 \[ M_{13} = (-1)^{1+1} (-6) \cdot \begin{vmatrix} -7 & -2 \\ -1 & -7 \end{vmatrix} + (-1)^{1+2} (-7) \cdot \begin{vmatrix} -6 & -2 \\ -4 & -7 \end{vmatrix} + (-1)^{1+3} (-7) \cdot \begin{vmatrix} -6 & -7 \\ -4 & -1 \end{vmatrix} \]
 
 \[ M_{13} = (-6) \cdot [(-7)(-7) - (-2)(-1)] + (-7) \cdot [(-6)(-7) - (-2)(-4)] + (-7) \cdot [(-6)(-1) - (-7)(-4)] \]
 
 \[ M_{13} = (-6) \cdot (49 - 2) + (-7) \cdot (42 - 8) + (-7) \cdot (6 - 28) \]
 
 \[ M_{13} = (-6) \cdot 47 + (-7) \cdot 34 + (-7) \cdot (-22) \]
 
 \[ M_{13} = -282 - 238 + 154 \]
 
 \[ M_{13} = -366 \]
 
 4. \( M_{14} \):
 
 \[ M_{14} = \begin{vmatrix} -7 & -6 & -1 \\ -6 & -7 & -7 \\ -4 & -1 & -5 \end{vmatrix} \]
 
 Expanding along the first row:
 
 \[ M_{14} = (-1)^{1+1} (-6) \cdot \begin{vmatrix} -7 & -7 \\ -1 & -5 \end{vmatrix} + (-1)^{1+2} (-1) \cdot \begin{vmatrix} -6 & -7 \\ -4 & -5 \end{vmatrix} + (-1)^{1+3} (-7) \cdot \begin{vmatrix} -6 & -7 \\ -4 & -1 \end{vmatrix} \]
 
 \[ M_{14} = (-6) \cdot [(-7)(-5) - (-7)(-1)] + (-1) \cdot [(-6)(-5) - (-7)(-4)] + (-7) \cdot [(-6)(-1) - (-7)(-4)] \]
 
 \[ M_{14} = (-6) \cdot (35 - 7) + (-1) \cdot (30 - 28) + (-7) \cdot (6 - 28) \]
 
 \[ M_{14} = (-6) \cdot 28 + (-1) \cdot 2 + (-7) \cdot (-22) \]
 
 \[ M_{14} = -168 - 2 + 154 \]
 
 \[ M_{14} = -16 \]
 
 Now, we can compute the determinant of A:
 
 \[ \text{det}(A) = (-7) \cdot (-477) + (-5) \cdot (-321) + (-6) \cdot (-366) + (-6) \cdot (-16) \]
 
 \[ \text{det}(A) = 3339 + 1605 + 2196 + 96 \]
 
 \[ \text{det}(A) = 7236 \]
 
 So, the determinant of matrix A is \(\boxed{7236}\).",[(-7)(-7) - (-2)(-5)] + ([-]1) \cdot [(-7)(-7) - (-2,132,S1_exact
C_4x4_det_145,Mistral-Small-24B,determinant,4,Parity_Sign_Error,det,failure,\det(A) = -502,+,-,1528,"<s>[INST] A = \begin{bmatrix} -6 & -3 & -5 & -5 \\ -6 & -1 & -5 & -7 \\ -1 & -7 & -7 & -3 \\ -5 & -7 & -1 & -2 \end{bmatrix}[/INST] To find the determinant of the 4×4 matrix A, we will use the Laplace expansion (also known as cofactor expansion) along the first row. The formula for the determinant of a 4×4 matrix is:
 
 \[ \text{det}(A) = \sum_{j=1}^{4} (-1)^{1+j} a_{1j} \cdot M_{1j} \]
 
 where \( a_{1j} \) is the element in the first row and j-th column, and \( M_{1j} \) is the minor of \( a_{1j} \), which is the determinant of the 3×3 matrix obtained by deleting the first row and j-th column of A.
 
 Let's compute the determinant step by step.
 
 Given matrix A:
 
 \[ A = \begin{bmatrix} -6 & -3 & -5 & -5 \\ -6 & -1 & -5 & -7 \\ -1 & -7 & -7 & -3 \\ -5 & -7 & -1 & -2 \end{bmatrix} \]
 
 We will expand along the first row:
 
 \[ \text{det}(A) = (-1)^{1+1} (-6) \cdot M_{11} + (-1)^{1+2} (-3) \cdot M_{12} + (-1)^{1+3} (-5) \cdot M_{13} + (-1)^{1+4} (-5) \cdot M_{14} \]
 
 Now, we need to compute each minor \( M_{1j} \):
 
 1. \( M_{11} \):
 
 \[ M_{11} = \begin{vmatrix} -1 & -5 & -7 \\ -7 & -7 & -3 \\ -7 & -1 & -2 \end{vmatrix} \]
 
 To compute \( M_{11} \), we will expand along the first row:
 
 \[ M_{11} = (-1)^{1+1} (-1) \cdot \begin{vmatrix} -7 & -3 \\ -1 & -2 \end{vmatrix} + (-1)^{1+2} (-5) \cdot \begin{vmatrix} -7 & -3 \\ -7 & -2 \end{vmatrix} + (-1)^{1+3} (-7) \cdot \begin{vmatrix} -7 & -7 \\ -7 & -1 \end{vmatrix} \]
 
 \[ M_{11} = (-1) \cdot [(-7)(-2) - (-3)(-1)] + 5 \cdot [(-7)(-2) - (-3)(-7)] + 7 \cdot [(-7)(-1) - (-7)(-7)] \]
 
 \[ M_{11} = (-1) \cdot (14 - 3) + 5 \cdot (14 - 21) + 7 \cdot (7 - 49) \]
 
 \[ M_{11} = (-1) \cdot 11 + 5 \cdot (-7) + 7 \cdot (-42) \]
 
 \[ M_{11} = -11 - 35 - 294 = -340 \]
 
 2. \( M_{12} \):
 
 \[ M_{12} = \begin{vmatrix} -6 & -5 & -7 \\ -1 & -7 & -3 \\ -5 & -1 & -2 \end{vmatrix} \]
 
 Expanding along the first row:
 
 \[ M_{12} = (-1)^{1+1} (-6) \cdot \begin{vmatrix} -7 & -3 \\ -1 & -2 \end{vmatrix} + (-1)^{1+2} (-5) \cdot \begin{vmatrix} -1 & -3 \\ -5 & -2 \end{vmatrix} + (-1)^{1+3} (-7) \cdot \begin{vmatrix} -1 & -7 \\ -5 & -1 \end{vmatrix} \]
 
 \[ M_{12} = (-6) \cdot [(-7)(-2) - (-3)(-1)] + 5 \cdot [(-1)(-2) - (-3)(-5)] + 7 \cdot [(-1)(-1) - (-7)(-5)] \]
 
 \[ M_{12} = (-6) \cdot (14 - 3) + 5 \cdot (2 - 15) + 7 \cdot (1 - 35) \]
 
 \[ M_{12} = (-6) \cdot 11 + 5 \cdot (-13) + 7 \cdot (-34) \]
 
 \[ M_{12} = -66 - 65 - 238 = -369 \]
 
 3. \( M_{13} \):
 
 \[ M_{13} = \begin{vmatrix} -6 & -1 & -7 \\ -1 & -7 & -3 \\ -5 & -7 & -2 \end{vmatrix} \]
 
 Expanding along the first row:
 
 \[ M_{13} = (-1)^{1+1} (-6) \cdot \begin{vmatrix} -7 & -3 \\ -7 & -2 \end{vmatrix} + (-1)^{1+2} (-1) \cdot \begin{vmatrix} -1 & -3 \\ -5 & -2 \end{vmatrix} + (-1)^{1+3} (-7) \cdot \begin{vmatrix} -1 & -7 \\ -5 & -7 \end{vmatrix} \]
 
 \[ M_{13} = (-6) \cdot [(-7)(-2) - (-3)(-7)] + 1 \cdot [(-1)(-2) - (-3)(-5)] + 7 \cdot [(-1)(-7) - (-7)(-5)] \]
 
 \[ M_{13} = (-6) \cdot (14 - 21) + 1 \cdot (2 - 15) + 7 \cdot (7 - 35) \]
 
 \[ M_{13} = (-6) \cdot (-7) + 1 \cdot (-13) + 7 \cdot (-28) \]
 
 \[ M_{13} = 42 - 13 - 196 = -167 \]
 
 4. \( M_{14} \):
 
 \[ M_{14} = \begin{vmatrix} -6 & -1 & -5 \\ -1 & -7 & -5 \\ -5 & -7 & -1 \end{vmatrix} \]
 
 Expanding along the first row:
 
 \[ M_{14} = (-1)^{1+1} (-6) \cdot \begin{vmatrix} -7 & -5 \\ -7 & -1 \end{vmatrix} + (-1)^{1+2} (-1) \cdot \begin{vmatrix} -1 & -5 \\ -5 & -1 \end{vmatrix} + (-1)^{1+3} (-5) \cdot \begin{vmatrix} -1 & -7 \\ -5 & -7 \end{vmatrix} \]
 
 \[ M_{14} = (-6) \cdot [(-7)(-1) - (-5)(-7)] + 1 \cdot [(-1)(-1) - (-5)(-5)] + 5 \cdot [(-1)(-7) - (-7)(-5)] \]
 
 \[ M_{14} = (-6) \cdot (7 - 35) + 1 \cdot (1 - 25) + 5 \cdot (7 - 35) \]
 
 \[ M_{14} = (-6) \cdot (-28) + 1 \cdot (-24) + 5 \cdot (-28) \]
 
 \[ M_{14} = 168 - 24 - 140 = 4 \]
 
 Now, we can compute the determinant of A:
 
 \[ \text{det}(A) = (-6) \cdot (-340) + 3 \cdot (-369) + 5 \cdot (-167) + (-5) \cdot 4 \]
 
 \[ \text{det}(A) = 2040 - 1107 - 835 - 20 \]
 
 \[ \text{det}(A) = 2040 - 1107 = 933 \]
 
 \[ \text{det}(A) = 933 - 835 = 98 \]
 
 \[ \text{det}(A) = 98 - 20 = 78 \]
 
 So, the determinant of matrix A is:
 
 \boxed{78}","To find the determinant of the 4×4 matrix A, we will use the Laplace expansion (also known as cofactor expansion) along the first row. The formula for the determinant of a 4×4 matrix is:
 
 \[ \text{det}(A) = \sum_{j=1}^{4} (-1)^{1+j} a_{1j} \cdot M_{1j} \]
 
 where \( a_{1j} \) is the element in the first row and j-th column, and \( M_{1j} \) is the minor of \( a_{1j} \), which is the determinant of the 3×3 matrix obtained by deleting the first row and j-th column of A.
 
 Let's compute the determinant step by step.
 
 Given matrix A:
 
 \[ A = \begin{bmatrix} -6 & -3 & -5 & -5 \\ -6 & -1 & -5 & -7 \\ -1 & -7 & -7 & -3 \\ -5 & -7 & -1 & -2 \end{bmatrix} \]
 
 We will expand along the first row:
 
 \[ \text{det}(A) = (-1)^{1+1} (-6) \cdot M_{11} + (-1)^{1+2} (-3) \cdot M_{12} + (-1)^{1+3} (-5) \cdot M_{13} + (-1)^{1+4} (-5) \cdot M_{14} \]
 
 Now, we need to compute each minor \( M_{1j} \):
 
 1. \( M_{11} \):
 
 \[ M_{11} = \begin{vmatrix} -1 & -5 & -7 \\ -7 & -7 & -3 \\ -7 & -1 & -2 \end{vmatrix} \]
 
 To compute \( M_{11} \), we will expand along the first row:
 
 \[ M_{11} = (-1)^{1+1} (-1) \cdot \begin{vmatrix} -7 & -3 \\ -1 & -2 \end{vmatrix} + (-1)^{1+2} (-5) \cdot \begin{vmatrix} -7 & -3 \\ -7 & -2 \end{vmatrix} + (-1)^{1+3} (-7) \cdot \begin{vmatrix} -7 & -7 \\ -7 & -1 \end{vmatrix} \]
 
 \[ M_{11} = (-1) \cdot [(-7)(-2) - (-3)(-1)] + 5 \cdot [(-7)(-2) - (-3)(-7)] + 7 \cdot [(-7)(-1) - (-7)(-7)] \]
 
 \[ M_{11} = (-1) \cdot (14 - 3) + 5 \cdot (14 - 21) + 7 \cdot (7 - 49) \]
 
 \[ M_{11} = (-1) \cdot 11 + 5 \cdot (-7) + 7 \cdot (-42) \]
 
 \[ M_{11} = -11 - 35 - 294 = -340 \]
 
 2. \( M_{12} \):
 
 \[ M_{12} = \begin{vmatrix} -6 & -5 & -7 \\ -1 & -7 & -3 \\ -5 & -1 & -2 \end{vmatrix} \]
 
 Expanding along the first row:
 
 \[ M_{12} = (-1)^{1+1} (-6) \cdot \begin{vmatrix} -7 & -3 \\ -1 & -2 \end{vmatrix} + (-1)^{1+2} (-5) \cdot \begin{vmatrix} -1 & -3 \\ -5 & -2 \end{vmatrix} + (-1)^{1+3} (-7) \cdot \begin{vmatrix} -1 & -7 \\ -5 & -1 \end{vmatrix} \]
 
 \[ M_{12} = (-6) \cdot [(-7)(-2) - (-3)(-1)] + 5 \cdot [(-1)(-2) - (-3)(-5)] + 7 \cdot [(-1)(-1) - (-7)(-5)] \]
 
 \[ M_{12} = (-6) \cdot (14 - 3) + 5 \cdot (2 - 15) + 7 \cdot (1 - 35) \]
 
 \[ M_{12} = (-6) \cdot 11 + 5 \cdot (-13) + 7 \cdot (-34) \]
 
 \[ M_{12} = -66 - 65 - 238 = -369 \]
 
 3. \( M_{13} \):
 
 \[ M_{13} = \begin{vmatrix} -6 & -1 & -7 \\ -1 & -7 & -3 \\ -5 & -7 & -2 \end{vmatrix} \]
 
 Expanding along the first row:
 
 \[ M_{13} = (-1)^{1+1} (-6) \cdot \begin{vmatrix} -7 & -3 \\ -7 & -2 \end{vmatrix} + (-1)^{1+2} (-1) \cdot \begin{vmatrix} -1 & -3 \\ -5 & -2 \end{vmatrix} + (-1)^{1+3} (-7) \cdot \begin{vmatrix} -1 & -7 \\ -5 & -7 \end{vmatrix} \]
 
 \[ M_{13} = (-6) \cdot [(-7)(-2) - (-3)(-7)] + 1 \cdot [(-1)(-2) - (-3)(-5)] + 7 \cdot [(-1)(-7) - (-7)(-5)] \]
 
 \[ M_{13} = (-6) \cdot (14 - 21) + 1 \cdot (2 - 15) + 7 \cdot (7 - 35) \]
 
 \[ M_{13} = (-6) \cdot (-7) + 1 \cdot (-13) + 7 \cdot (-28) \]
 
 \[ M_{13} = 42 - 13 - 196 = -167 \]
 
 4. \( M_{14} \):
 
 \[ M_{14} = \begin{vmatrix} -6 & -1 & -5 \\ -1 & -7 & -5 \\ -5 & -7 & -1 \end{vmatrix} \]
 
 Expanding along the first row:
 
 \[ M_{14} = (-1)^{1+1} (-6) \cdot \begin{vmatrix} -7 & -5 \\ -7 & -1 \end{vmatrix} + (-1)^{1+2} (-1) \cdot \begin{vmatrix} -1 & -5 \\ -5 & -1 \end{vmatrix} + (-1)^{1+3} (-5) \cdot \begin{vmatrix} -1 & -7 \\ -5 & -7 \end{vmatrix} \]
 
 \[ M_{14} = (-6) \cdot [(-7)(-1) - (-5)(-7)] + 1 \cdot [(-1)(-1) - (-5)(-5)] + 5 \cdot [(-1)(-7) - (-7)(-5)] \]
 
 \[ M_{14} = (-6) \cdot (7 - 35) + 1 \cdot (1 - 25) + 5 \cdot (7 - 35) \]
 
 \[ M_{14} = (-6) \cdot (-28) + 1 \cdot (-24) + 5 \cdot (-28) \]
 
 \[ M_{14} = 168 - 24 - 140 = 4 \]
 
 Now, we can compute the determinant of A:
 
 \[ \text{det}(A) = (-6) \cdot (-340) + 3 \cdot (-369) + 5 \cdot (-167) + (-5) \cdot 4 \]
 
 \[ \text{det}(A) = 2040 - 1107 - 835 - 20 \]
 
 \[ \text{det}(A) = 2040 - 1107 = 933 \]
 
 \[ \text{det}(A) = 933 - 835 = 98 \]
 
 \[ \text{det}(A) = 98 - 20 = 78 \]
 
 So, the determinant of matrix A is:
 
 \boxed{78}",ot [(-7)(-2) - (-3)(-7)] [+] 7 \cdot [(-7)(-1) - (-7,132,S1_exact
C_4x4_det_008,Mistral-Small-24B,determinant,4,Cofactor_Neglect,det,failure,\det(A) = -51,+,-,2196,"<s>[INST] You are a precise mathematical assistant. Show all computation steps clearly. Always put your final numerical answer inside \boxed{}.

Find the determinant of the 4×4 matrix A.

A = \begin{bmatrix} -4 & 0 & -1 & 5 \\ 1 & 0 & -2 & 5 \\ 4 & 2 & -5 & 2 \\ -5 & 3 & -5 & 5 \end{bmatrix}[/INST] To find the determinant of the 4x4 matrix A, we will use the Laplace expansion (also known as cofactor expansion) along the first row. The formula for the determinant of a 4x4 matrix A is:
 
 det(A) = Σ (-1)^(i+j) * a_1j * det(M_1j)
 
 where a_1j is the element in the first row and j-th column, and M_1j is the 3x3 submatrix obtained by deleting the first row and j-th column.
 
 Let's compute the determinant step by step.
 
 A = \begin{bmatrix} -4 & 0 & -1 & 5 \\ 1 & 0 & -2 & 5 \\ 4 & 2 & -5 & 2 \\ -5 & 3 & -5 & 5 \end{bmatrix}
 
 We will expand along the first row:
 
 det(A) = (-1)^(1+1) * (-4) * det(M_11) + (-1)^(1+2) * 0 * det(M_12) + (-1)^(1+3) * (-1) * det(M_13) + (-1)^(1+4) * 5 * det(M_14)
 
 Since the second term is multiplied by 0, we can ignore it. Now, let's compute the determinants of the 3x3 submatrices M_11, M_13, and M_14.
 
 M_11 is obtained by deleting the first row and first column:
 
 M_11 = \begin{bmatrix} 0 & -2 & 5 \\ 2 & -5 & 2 \\ 3 & -5 & 5 \end{bmatrix}
 
 det(M_11) = 0 * ((-5)(5) - (-5)(2)) - (-2) * (2 * 5 - 3 * 2) + 5 * (2 * (-5) - 3 * (-5))
 = 0 - (-2) * (10 - 6) + 5 * (-10 + 15)
 = 0 - (-2) * 4 + 5 * 5
 = 0 + 8 + 25
 = 33
 
 M_13 is obtained by deleting the first row and third column:
 
 M_13 = \begin{bmatrix} 1 & 0 & 5 \\ 4 & 2 & 2 \\ -5 & 3 & 5 \end{bmatrix}
 
 det(M_13) = 1 * (2 * 5 - 3 * 2) - 0 * (4 * 5 - (-5) * 2) + 5 * (4 * 3 - (-5) * 2)
 = 1 * (10 - 6) - 0 + 5 * (12 + 10)
 = 4 + 0 + 5 * 22
 = 4 + 110
 = 114
 
 M_14 is obtained by deleting the first row and fourth column:
 
 M_14 = \begin{bmatrix} 1 & 0 & -2 \\ 4 & 2 & -5 \\ -5 & 3 & -5 \end{bmatrix}
 
 det(M_14) = 1 * (2 * (-5) - 3 * (-5)) - 0 * (4 * (-5) - (-5) * (-2)) + (-2) * (4 * 3 - (-5) * 2)
 = 1 * (-10 + 15) - 0 + (-2) * (12 + 10)
 = 5 + 0 - 2 * 22
 = 5 - 44
 = -39
 
 Now, substitute these determinants back into the expression for det(A):
 
 det(A) = (-4) * 33 + (-1) * 114 + 5 * (-39)
 = -132 - 114 - 195
 = -441
 
 Therefore, the determinant of the matrix A is:
 
 \boxed{-441}","To find the determinant of the 4x4 matrix A, we will use the Laplace expansion (also known as cofactor expansion) along the first row. The formula for the determinant of a 4x4 matrix A is:
 
 det(A) = Σ (-1)^(i+j) * a_1j * det(M_1j)
 
 where a_1j is the element in the first row and j-th column, and M_1j is the 3x3 submatrix obtained by deleting the first row and j-th column.
 
 Let's compute the determinant step by step.
 
 A = \begin{bmatrix} -4 & 0 & -1 & 5 \\ 1 & 0 & -2 & 5 \\ 4 & 2 & -5 & 2 \\ -5 & 3 & -5 & 5 \end{bmatrix}
 
 We will expand along the first row:
 
 det(A) = (-1)^(1+1) * (-4) * det(M_11) + (-1)^(1+2) * 0 * det(M_12) + (-1)^(1+3) * (-1) * det(M_13) + (-1)^(1+4) * 5 * det(M_14)
 
 Since the second term is multiplied by 0, we can ignore it. Now, let's compute the determinants of the 3x3 submatrices M_11, M_13, and M_14.
 
 M_11 is obtained by deleting the first row and first column:
 
 M_11 = \begin{bmatrix} 0 & -2 & 5 \\ 2 & -5 & 2 \\ 3 & -5 & 5 \end{bmatrix}
 
 det(M_11) = 0 * ((-5)(5) - (-5)(2)) - (-2) * (2 * 5 - 3 * 2) + 5 * (2 * (-5) - 3 * (-5))
 = 0 - (-2) * (10 - 6) + 5 * (-10 + 15)
 = 0 - (-2) * 4 + 5 * 5
 = 0 + 8 + 25
 = 33
 
 M_13 is obtained by deleting the first row and third column:
 
 M_13 = \begin{bmatrix} 1 & 0 & 5 \\ 4 & 2 & 2 \\ -5 & 3 & 5 \end{bmatrix}
 
 det(M_13) = 1 * (2 * 5 - 3 * 2) - 0 * (4 * 5 - (-5) * 2) + 5 * (4 * 3 - (-5) * 2)
 = 1 * (10 - 6) - 0 + 5 * (12 + 10)
 = 4 + 0 + 5 * 22
 = 4 + 110
 = 114
 
 M_14 is obtained by deleting the first row and fourth column:
 
 M_14 = \begin{bmatrix} 1 & 0 & -2 \\ 4 & 2 & -5 \\ -5 & 3 & -5 \end{bmatrix}
 
 det(M_14) = 1 * (2 * (-5) - 3 * (-5)) - 0 * (4 * (-5) - (-5) * (-2)) + (-2) * (4 * 3 - (-5) * 2)
 = 1 * (-10 + 15) - 0 + (-2) * (12 + 10)
 = 5 + 0 - 2 * 22
 = 5 - 44
 = -39
 
 Now, substitute these determinants back into the expression for det(A):
 
 det(A) = (-4) * 33 + (-1) * 114 + 5 * (-39)
 = -132 - 114 - 195
 = -441
 
 Therefore, the determinant of the matrix A is:
 
 \boxed{-441}","= (-4) * 33 + (-1) * 114 [+] 5 * (-39)
 = -132 - 114",300,S1_exact
NC_4x4_det_0808,Mistral-Small-24B,determinant,4,Double_Negative_Trap,det,failure,\det(A) = -93,+,-,1752,"<s>[INST] You are a precise mathematical assistant. Show all computation steps clearly. Always put your final numerical answer inside \boxed{}.

Solve this linear algebra problem. Show your work and give the final answer.

Find the determinant of the 4×4 matrix A.

A = \begin{bmatrix} -4 & -1 & 0 & -2 \\ -4 & -3 & -1 & -5 \\ -5 & -2 & 3 & -4 \\ 2 & 4 & 0 & 3 \end{bmatrix}

[/INST] To find the determinant of the 4×4 matrix A, we will use the Laplace expansion (also known as cofactor expansion) along the first row. The formula for the determinant of a 4×4 matrix A is:

det(A) = Σ (-1)^(i+j) * a_1j * det(M_1j)

where a_1j is the element in the first row and j-th column, and M_1j is the minor matrix obtained by removing the first row and j-th column from A.

Let's compute the determinant step by step.

A = \begin{bmatrix} -4 & -1 & 0 & -2 \\ -4 & -3 & -1 & -5 \\ -5 & -2 & 3 & -4 \\ 2 & 4 & 0 & 3 \end{bmatrix}

det(A) = (-4) * det(M_11) - (-1) * det(M_12) + (0) * det(M_13) - (-2) * det(M_14)

Now, let's compute each minor matrix and its determinant.

1. M_11 is obtained by removing the first row and first column:

M_11 = \begin{bmatrix} -3 & -1 & -5 \\ -2 & 3 & -4 \\ 4 & 0 & 3 \end{bmatrix}

det(M_11) = (-3) * (3 * 3 - (-4) * 0) - (-1) * (-2 * 3 - (-4) * 4) + (-5) * (-2 * 0 - 3 * 4)
= (-3) * (9 - 0) - (-1) * (-6 - (-16)) + (-5) * (0 - 12)
= (-3) * 9 - (-1) * 10 + (-5) * (-12)
= -27 + 10 + 60
= 43

2. M_12 is obtained by removing the first row and second column:

M_12 = \begin{bmatrix} -4 & -1 & -5 \\ -5 & 3 & -4 \\ 2 & 0 & 3 \end{bmatrix}

det(M_12) = (-4) * (3 * 3 - (-4) * 0) - (-1) * (-5 * 3 - (-4) * 2) + (-5) * (-5 * 0 - 3 * 2)
= (-4) * (9 - 0) - (-1) * (-15 - (-8)) + (-5) * (0 - 6)
= (-4) * 9 - (-1) * 7 + (-5) * (-6)
= -36 + 7 + 30
= 1

3. M_13 is obtained by removing the first row and third column:

M_13 = \begin{bmatrix} -4 & -3 & -5 \\ -5 & -2 & -4 \\ 2 & 4 & 3 \end{bmatrix}

det(M_13) = (-4) * (-2 * 3 - (-4) * 4) - (-3) * (-5 * 3 - (-4) * 2) + (-5) * (-5 * 4 - (-2) * 2)
= (-4) * (-6 - (-16)) - (-3) * (-15 - (-8)) + (-5) * (-20 - (-4))
= (-4) * 10 - (-3) * 7 + (-5) * (-16)
= -40 + 21 + 80
= 61

4. M_14 is obtained by removing the first row and fourth column:

M_14 = \begin{bmatrix} -4 & -3 & -1 \\ -5 & -2 & 3 \\ 2 & 4 & 0 \end{bmatrix}

det(M_14) = (-4) * (-2 * 0 - 3 * 4) - (-3) * (-5 * 0 - 3 * 2) + (-1) * (-5 * 4 - (-2) * 2)
= (-4) * (0 - 12) - (-3) * (0 - 6) + (-1) * (-20 - (-4))
= (-4) * (-12) - (-3) * (-6) + (-1) * (-16)
= 48 - 18 + 16
= 46

Now, substitute the determinants of the minor matrices back into the Laplace expansion:

det(A) = (-4) * 43 - (-1) * 1 + (0) * 61 - (-2) * 46
= -172 + 1 + 0 + 92
= -80

Therefore, the determinant of the matrix A is \boxed{-80}.","To find the determinant of the 4×4 matrix A, we will use the Laplace expansion (also known as cofactor expansion) along the first row. The formula for the determinant of a 4×4 matrix A is:

det(A) = Σ (-1)^(i+j) * a_1j * det(M_1j)

where a_1j is the element in the first row and j-th column, and M_1j is the minor matrix obtained by removing the first row and j-th column from A.

Let's compute the determinant step by step.

A = \begin{bmatrix} -4 & -1 & 0 & -2 \\ -4 & -3 & -1 & -5 \\ -5 & -2 & 3 & -4 \\ 2 & 4 & 0 & 3 \end{bmatrix}

det(A) = (-4) * det(M_11) - (-1) * det(M_12) + (0) * det(M_13) - (-2) * det(M_14)

Now, let's compute each minor matrix and its determinant.

1. M_11 is obtained by removing the first row and first column:

M_11 = \begin{bmatrix} -3 & -1 & -5 \\ -2 & 3 & -4 \\ 4 & 0 & 3 \end{bmatrix}

det(M_11) = (-3) * (3 * 3 - (-4) * 0) - (-1) * (-2 * 3 - (-4) * 4) + (-5) * (-2 * 0 - 3 * 4)
= (-3) * (9 - 0) - (-1) * (-6 - (-16)) + (-5) * (0 - 12)
= (-3) * 9 - (-1) * 10 + (-5) * (-12)
= -27 + 10 + 60
= 43

2. M_12 is obtained by removing the first row and second column:

M_12 = \begin{bmatrix} -4 & -1 & -5 \\ -5 & 3 & -4 \\ 2 & 0 & 3 \end{bmatrix}

det(M_12) = (-4) * (3 * 3 - (-4) * 0) - (-1) * (-5 * 3 - (-4) * 2) + (-5) * (-5 * 0 - 3 * 2)
= (-4) * (9 - 0) - (-1) * (-15 - (-8)) + (-5) * (0 - 6)
= (-4) * 9 - (-1) * 7 + (-5) * (-6)
= -36 + 7 + 30
= 1

3. M_13 is obtained by removing the first row and third column:

M_13 = \begin{bmatrix} -4 & -3 & -5 \\ -5 & -2 & -4 \\ 2 & 4 & 3 \end{bmatrix}

det(M_13) = (-4) * (-2 * 3 - (-4) * 4) - (-3) * (-5 * 3 - (-4) * 2) + (-5) * (-5 * 4 - (-2) * 2)
= (-4) * (-6 - (-16)) - (-3) * (-15 - (-8)) + (-5) * (-20 - (-4))
= (-4) * 10 - (-3) * 7 + (-5) * (-16)
= -40 + 21 + 80
= 61

4. M_14 is obtained by removing the first row and fourth column:

M_14 = \begin{bmatrix} -4 & -3 & -1 \\ -5 & -2 & 3 \\ 2 & 4 & 0 \end{bmatrix}

det(M_14) = (-4) * (-2 * 0 - 3 * 4) - (-3) * (-5 * 0 - 3 * 2) + (-1) * (-5 * 4 - (-2) * 2)
= (-4) * (0 - 12) - (-3) * (0 - 6) + (-1) * (-20 - (-4))
= (-4) * (-12) - (-3) * (-6) + (-1) * (-16)
= 48 - 18 + 16
= 46

Now, substitute the determinants of the minor matrices back into the Laplace expansion:

det(A) = (-4) * 43 - (-1) * 1 + (0) * 61 - (-2) * 46
= -172 + 1 + 0 + 92
= -80

Therefore, the determinant of the matrix A is \boxed{-80}."," * 7 + (-5) * (-6)
= -36 [+] 7 + 30
= 1

3. M_13 is ",384,S1_exact
NC_4x4_det_0919,Mistral-Small-24B,determinant,4,Product_Sign_Error,det,failure,\det(A) = -236,+,-,1169,"<s>[INST] You are a precise mathematical assistant. Show all computation steps clearly. Always put your final numerical answer inside \boxed{}.

Solve this linear algebra problem. Show your work and give the final answer.

Find the determinant of the 4×4 matrix A.

A = \begin{bmatrix} -3 & -5 & 4 & 5 \\ -4 & 4 & 5 & -5 \\ -4 & -2 & 3 & 1 \\ 4 & 4 & 3 & -5 \end{bmatrix}

[/INST] To find the determinant of the 4×4 matrix A, we will use the Laplace expansion (also known as cofactor expansion) along the first row. The formula for the determinant of a 4×4 matrix A is:

det(A) = a11C11 + a12C12 + a13C13 + a14C14

where a11, a12, a13, a14 are the elements of the first row, and C11, C12, C13, C14 are the corresponding cofactors.

Given matrix A:

A = \begin{bmatrix} -3 & -5 & 4 & 5 \\ -4 & 4 & 5 & -5 \\ -4 & -2 & 3 & 1 \\ 4 & 4 & 3 & -5 \end{bmatrix}

Let's compute the determinant step by step.

1. Compute the cofactor C11:
C11 = (-1)^(1+1) * det(M11)
where M11 is the 3×3 matrix obtained by removing the first row and first column of A.

M11 = \begin{bmatrix} 4 & 5 & -5 \\ -2 & 3 & 1 \\ 4 & 3 & -5 \end{bmatrix}

det(M11) = 4*(3*(-5) - 1*3) - 5*(-2*(-5) - 1*4) + 5*(-2*3 - 3*4)
= 4*(-15 - 3) - 5*(10 - 4) + 5*(-6 - 12)
= 4*(-18) - 5*6 + 5*(-18)
= -72 - 30 - 90
= -192

C11 = 1 * (-192) = -192

2. Compute the cofactor C12:
C12 = (-1)^(1+2) * det(M12)
where M12 is the 3×3 matrix obtained by removing the first row and second column of A.

M12 = \begin{bmatrix} -4 & 5 & -5 \\ -4 & 3 & 1 \\ 4 & 3 & -5 \end{bmatrix}

det(M12) = -4*(3*(-5) - 1*3) - 5*(-4*(-5) - 1*4) + (-5)*(-4*3 - 3*4)
= -4*(-15 - 3) - 5*(20 - 4) + (-5)*(-12 - 12)
= -4*(-18) - 5*16 + (-5)*(-24)
= 72 - 80 + 120
= 112

C12 = -1 * 112 = -112

3. Compute the cofactor C13:
C13 = (-1)^(1+3) * det(M13)
where M13 is the 3×3 matrix obtained by removing the first row and third column of A.

M13 = \begin{bmatrix} -4 & 4 & -5 \\ -4 & -2 & 1 \\ 4 & 4 & -5 \end{bmatrix}

det(M13) = -4*(-2*(-5) - 1*4) - 4*(-4*(-5) - 1*4) + (-5)*(-4*4 - (-2)*4)
= -4*(10 - 4) - 4*(20 - 4) + (-5)*(-16 + 8)
= -4*6 - 4*16 + (-5)*(-8)
= -24 - 64 + 40
= -48

C13 = 1 * (-48) = -48

4. Compute the cofactor C14:
C14 = (-1)^(1+4) * det(M14)
where M14 is the 3×3 matrix obtained by removing the first row and fourth column of A.

M14 = \begin{bmatrix} -4 & 4 & 5 \\ -4 & -2 & 3 \\ 4 & 4 & 3 \end{bmatrix}

det(M14) = -4*(-2*3 - 3*4) - 4*(-4*3 - 5*4) + 5*(-4*4 - (-2)*4)
= -4*(-6 - 12) - 4*(-12 - 20) + 5*(-16 + 8)
= -4*(-18) - 4*(-32) + 5*(-8)
= 72 + 128 - 40
= 160

C14 = -1 * 160 = -160

5. Now, compute the determinant of A:
det(A) = a11C11 + a12C12 + a13C13 + a14C14
= (-3)*(-192) + (-5)*(-112) + 4*(-48) + 5*(-160)
= 576 + 560 - 192 - 800
= 136

Therefore, the determinant of the matrix A is \boxed{136}.","To find the determinant of the 4×4 matrix A, we will use the Laplace expansion (also known as cofactor expansion) along the first row. The formula for the determinant of a 4×4 matrix A is:

det(A) = a11C11 + a12C12 + a13C13 + a14C14

where a11, a12, a13, a14 are the elements of the first row, and C11, C12, C13, C14 are the corresponding cofactors.

Given matrix A:

A = \begin{bmatrix} -3 & -5 & 4 & 5 \\ -4 & 4 & 5 & -5 \\ -4 & -2 & 3 & 1 \\ 4 & 4 & 3 & -5 \end{bmatrix}

Let's compute the determinant step by step.

1. Compute the cofactor C11:
C11 = (-1)^(1+1) * det(M11)
where M11 is the 3×3 matrix obtained by removing the first row and first column of A.

M11 = \begin{bmatrix} 4 & 5 & -5 \\ -2 & 3 & 1 \\ 4 & 3 & -5 \end{bmatrix}

det(M11) = 4*(3*(-5) - 1*3) - 5*(-2*(-5) - 1*4) + 5*(-2*3 - 3*4)
= 4*(-15 - 3) - 5*(10 - 4) + 5*(-6 - 12)
= 4*(-18) - 5*6 + 5*(-18)
= -72 - 30 - 90
= -192

C11 = 1 * (-192) = -192

2. Compute the cofactor C12:
C12 = (-1)^(1+2) * det(M12)
where M12 is the 3×3 matrix obtained by removing the first row and second column of A.

M12 = \begin{bmatrix} -4 & 5 & -5 \\ -4 & 3 & 1 \\ 4 & 3 & -5 \end{bmatrix}

det(M12) = -4*(3*(-5) - 1*3) - 5*(-4*(-5) - 1*4) + (-5)*(-4*3 - 3*4)
= -4*(-15 - 3) - 5*(20 - 4) + (-5)*(-12 - 12)
= -4*(-18) - 5*16 + (-5)*(-24)
= 72 - 80 + 120
= 112

C12 = -1 * 112 = -112

3. Compute the cofactor C13:
C13 = (-1)^(1+3) * det(M13)
where M13 is the 3×3 matrix obtained by removing the first row and third column of A.

M13 = \begin{bmatrix} -4 & 4 & -5 \\ -4 & -2 & 1 \\ 4 & 4 & -5 \end{bmatrix}

det(M13) = -4*(-2*(-5) - 1*4) - 4*(-4*(-5) - 1*4) + (-5)*(-4*4 - (-2)*4)
= -4*(10 - 4) - 4*(20 - 4) + (-5)*(-16 + 8)
= -4*6 - 4*16 + (-5)*(-8)
= -24 - 64 + 40
= -48

C13 = 1 * (-48) = -48

4. Compute the cofactor C14:
C14 = (-1)^(1+4) * det(M14)
where M14 is the 3×3 matrix obtained by removing the first row and fourth column of A.

M14 = \begin{bmatrix} -4 & 4 & 5 \\ -4 & -2 & 3 \\ 4 & 4 & 3 \end{bmatrix}

det(M14) = -4*(-2*3 - 3*4) - 4*(-4*3 - 5*4) + 5*(-4*4 - (-2)*4)
= -4*(-6 - 12) - 4*(-12 - 20) + 5*(-16 + 8)
= -4*(-18) - 4*(-32) + 5*(-8)
= 72 + 128 - 40
= 160

C14 = -1 * 160 = -160

5. Now, compute the determinant of A:
det(A) = a11C11 + a12C12 + a13C13 + a14C14
= (-3)*(-192) + (-5)*(-112) + 4*(-48) + 5*(-160)
= 576 + 560 - 192 - 800
= 136

Therefore, the determinant of the matrix A is \boxed{136}.","1*3) - 5*(-2*(-5) - 1*4) [+] 5*(-2*3 - 3*4)
= 4*(-15",381,S1_exact
NC_4x4_det_0998,Mistral-Small-24B,determinant,4,Parity_Sign_Error,det,failure,\det(A) = -380,+,-,4065,"<s>[INST] You are a precise mathematical assistant. Show all computation steps clearly. Always put your final numerical answer inside \boxed{}.

Solve this linear algebra problem. Show your work and give the final answer.

Find the determinant of the 4×4 matrix A.

A = \begin{bmatrix} -2 & 0 & 4 & -3 \\ 5 & 2 & 3 & -1 \\ 0 & -3 & 1 & 2 \\ -4 & 5 & 5 & -4 \end{bmatrix}

[/INST] To find the determinant of the 4×4 matrix A, we will use the Laplace expansion (cofactor expansion) along the first row. The formula for the determinant of a 4×4 matrix is:

\[
\det(A) = \sum_{j=1}^{4} (-1)^{1+j} a_{1j} M_{1j}
\]

where \( a_{1j} \) is the element in the first row and j-th column, and \( M_{1j} \) is the minor of \( a_{1j} \), which is the determinant of the 3×3 matrix obtained by deleting the first row and j-th column.

Given the matrix:

\[
A = \begin{bmatrix} -2 & 0 & 4 & -3 \\ 5 & 2 & 3 & -1 \\ 0 & -3 & 1 & 2 \\ -4 & 5 & 5 & -4 \end{bmatrix}
\]

We will compute the determinant step by step.

1. **Compute the minors \( M_{1j} \):**

   - \( M_{11} \): Delete the first row and first column.
     \[
     M_{11} = \begin{vmatrix} 2 & 3 & -1 \\ -3 & 1 & 2 \\ 5 & 5 & -4 \end{vmatrix}
     \]

   - \( M_{12} \): Delete the first row and second column.
     \[
     M_{12} = \begin{vmatrix} 5 & 3 & -1 \\ 0 & 1 & 2 \\ -4 & 5 & -4 \end{vmatrix}
     \]

   - \( M_{13} \): Delete the first row and third column.
     \[
     M_{13} = \begin{vmatrix} 5 & 2 & -1 \\ 0 & -3 & 2 \\ -4 & 5 & -4 \end{vmatrix}
     \]

   - \( M_{14} \): Delete the first row and fourth column.
     \[
     M_{14} = \begin{vmatrix} 5 & 2 & 3 \\ 0 & -3 & 1 \\ -4 & 5 & 5 \end{vmatrix}
     \]

2. **Compute the determinants of the 3×3 minors:**

   - \( \det(M_{11}) \):
     \[
     \begin{vmatrix} 2 & 3 & -1 \\ -3 & 1 & 2 \\ 5 & 5 & -4 \end{vmatrix} = 2 \begin{vmatrix} 1 & 2 \\ 5 & -4 \end{vmatrix} - 3 \begin{vmatrix} -3 & 2 \\ 5 & -4 \end{vmatrix} + (-1) \begin{vmatrix} -3 & 1 \\ 5 & 5 \end{vmatrix}
     \]
     \[
     = 2(1 \cdot (-4) - 2 \cdot 5) - 3((-3) \cdot (-4) - 2 \cdot 5) - 1((-3) \cdot 5 - 1 \cdot 5)
     \]
     \[
     = 2(-4 - 10) - 3(12 - 10) - 1(-15 - 5)
     \]
     \[
     = 2(-14) - 3(2) - 1(-20)
     \]
     \[
     = -28 - 6 + 20 = -14
     \]

   - \( \det(M_{12}) \):
     \[
     \begin{vmatrix} 5 & 3 & -1 \\ 0 & 1 & 2 \\ -4 & 5 & -4 \end{vmatrix} = 5 \begin{vmatrix} 1 & 2 \\ 5 & -4 \end{vmatrix} - 3 \begin{vmatrix} 0 & 2 \\ -4 & -4 \end{vmatrix} + (-1) \begin{vmatrix} 0 & 1 \\ -4 & 5 \end{vmatrix}
     \]
     \[
     = 5(1 \cdot (-4) - 2 \cdot 5) - 3(0 \cdot (-4) - 2 \cdot (-4)) - 1(0 \cdot 5 - 1 \cdot (-4))
     \]
     \[
     = 5(-4 - 10) - 3(0 + 8) - 1(0 + 4)
     \]
     \[
     = 5(-14) - 3(8) - 1(4)
     \]
     \[
     = -70 - 24 - 4 = -98
     \]

   - \( \det(M_{13}) \):
     \[
     \begin{vmatrix} 5 & 2 & -1 \\ 0 & -3 & 2 \\ -4 & 5 & -4 \end{vmatrix} = 5 \begin{vmatrix} -3 & 2 \\ 5 & -4 \end{vmatrix} - 2 \begin{vmatrix} 0 & 2 \\ -4 & -4 \end{vmatrix} + (-1) \begin{vmatrix} 0 & -3 \\ -4 & 5 \end{vmatrix}
     \]
     \[
     = 5((-3) \cdot (-4) - 2 \cdot 5) - 2(0 \cdot (-4) - 2 \cdot (-4)) - 1(0 \cdot 5 - (-3) \cdot (-4))
     \]
     \[
     = 5(12 - 10) - 2(0 + 8) - 1(0 - 12)
     \]
     \[
     = 5(2) - 2(8) - 1(-12)
     \]
     \[
     = 10 - 16 + 12 = 6
     \]

   - \( \det(M_{14}) \):
     \[
     \begin{vmatrix} 5 & 2 & 3 \\ 0 & -3 & 1 \\ -4 & 5 & 5 \end{vmatrix} = 5 \begin{vmatrix} -3 & 1 \\ 5 & 5 \end{vmatrix} - 2 \begin{vmatrix} 0 & 1 \\ -4 & 5 \end{vmatrix} + 3 \begin{vmatrix} 0 & -3 \\ -4 & 5 \end{vmatrix}
     \]
     \[
     = 5((-3) \cdot 5 - 1 \cdot 5) - 2(0 \cdot 5 - 1 \cdot (-4)) + 3(0 \cdot 5 - (-3) \cdot (-4))
     \]
     \[
     = 5(-15 - 5) - 2(0 + 4) + 3(0 - 12)
     \]
     \[
     = 5(-20) - 2(4) + 3(-12)
     \]
     \[
     = -100 - 8 - 36 = -144
     \]

3. **Compute the determinant of A:**

   \[
   \det(A) = (-1)^{1+1} (-2) \det(M_{11}) + (-1)^{1+2} (0) \det(M_{12}) + (-1)^{1+3} (4) \det(M_{13}) + (-1)^{1+4} (-3) \det(M_{14})
   \]
   \[
   = 1 \cdot (-2) \cdot (-14) + 1 \cdot 0 \cdot (-98) + 1 \cdot 4 \cdot 6 + 1 \cdot (-3) \cdot (-144)
   \]
   \[
   = 28 + 0 + 24 + 432
   \]
   \[
   = 484
   \]

**Final Answer:**

\[
\boxed{484}
\]","To find the determinant of the 4×4 matrix A, we will use the Laplace expansion (cofactor expansion) along the first row. The formula for the determinant of a 4×4 matrix is:

\[
\det(A) = \sum_{j=1}^{4} (-1)^{1+j} a_{1j} M_{1j}
\]

where \( a_{1j} \) is the element in the first row and j-th column, and \( M_{1j} \) is the minor of \( a_{1j} \), which is the determinant of the 3×3 matrix obtained by deleting the first row and j-th column.

Given the matrix:

\[
A = \begin{bmatrix} -2 & 0 & 4 & -3 \\ 5 & 2 & 3 & -1 \\ 0 & -3 & 1 & 2 \\ -4 & 5 & 5 & -4 \end{bmatrix}
\]

We will compute the determinant step by step.

1. **Compute the minors \( M_{1j} \):**

   - \( M_{11} \): Delete the first row and first column.
     \[
     M_{11} = \begin{vmatrix} 2 & 3 & -1 \\ -3 & 1 & 2 \\ 5 & 5 & -4 \end{vmatrix}
     \]

   - \( M_{12} \): Delete the first row and second column.
     \[
     M_{12} = \begin{vmatrix} 5 & 3 & -1 \\ 0 & 1 & 2 \\ -4 & 5 & -4 \end{vmatrix}
     \]

   - \( M_{13} \): Delete the first row and third column.
     \[
     M_{13} = \begin{vmatrix} 5 & 2 & -1 \\ 0 & -3 & 2 \\ -4 & 5 & -4 \end{vmatrix}
     \]

   - \( M_{14} \): Delete the first row and fourth column.
     \[
     M_{14} = \begin{vmatrix} 5 & 2 & 3 \\ 0 & -3 & 1 \\ -4 & 5 & 5 \end{vmatrix}
     \]

2. **Compute the determinants of the 3×3 minors:**

   - \( \det(M_{11}) \):
     \[
     \begin{vmatrix} 2 & 3 & -1 \\ -3 & 1 & 2 \\ 5 & 5 & -4 \end{vmatrix} = 2 \begin{vmatrix} 1 & 2 \\ 5 & -4 \end{vmatrix} - 3 \begin{vmatrix} -3 & 2 \\ 5 & -4 \end{vmatrix} + (-1) \begin{vmatrix} -3 & 1 \\ 5 & 5 \end{vmatrix}
     \]
     \[
     = 2(1 \cdot (-4) - 2 \cdot 5) - 3((-3) \cdot (-4) - 2 \cdot 5) - 1((-3) \cdot 5 - 1 \cdot 5)
     \]
     \[
     = 2(-4 - 10) - 3(12 - 10) - 1(-15 - 5)
     \]
     \[
     = 2(-14) - 3(2) - 1(-20)
     \]
     \[
     = -28 - 6 + 20 = -14
     \]

   - \( \det(M_{12}) \):
     \[
     \begin{vmatrix} 5 & 3 & -1 \\ 0 & 1 & 2 \\ -4 & 5 & -4 \end{vmatrix} = 5 \begin{vmatrix} 1 & 2 \\ 5 & -4 \end{vmatrix} - 3 \begin{vmatrix} 0 & 2 \\ -4 & -4 \end{vmatrix} + (-1) \begin{vmatrix} 0 & 1 \\ -4 & 5 \end{vmatrix}
     \]
     \[
     = 5(1 \cdot (-4) - 2 \cdot 5) - 3(0 \cdot (-4) - 2 \cdot (-4)) - 1(0 \cdot 5 - 1 \cdot (-4))
     \]
     \[
     = 5(-4 - 10) - 3(0 + 8) - 1(0 + 4)
     \]
     \[
     = 5(-14) - 3(8) - 1(4)
     \]
     \[
     = -70 - 24 - 4 = -98
     \]

   - \( \det(M_{13}) \):
     \[
     \begin{vmatrix} 5 & 2 & -1 \\ 0 & -3 & 2 \\ -4 & 5 & -4 \end{vmatrix} = 5 \begin{vmatrix} -3 & 2 \\ 5 & -4 \end{vmatrix} - 2 \begin{vmatrix} 0 & 2 \\ -4 & -4 \end{vmatrix} + (-1) \begin{vmatrix} 0 & -3 \\ -4 & 5 \end{vmatrix}
     \]
     \[
     = 5((-3) \cdot (-4) - 2 \cdot 5) - 2(0 \cdot (-4) - 2 \cdot (-4)) - 1(0 \cdot 5 - (-3) \cdot (-4))
     \]
     \[
     = 5(12 - 10) - 2(0 + 8) - 1(0 - 12)
     \]
     \[
     = 5(2) - 2(8) - 1(-12)
     \]
     \[
     = 10 - 16 + 12 = 6
     \]

   - \( \det(M_{14}) \):
     \[
     \begin{vmatrix} 5 & 2 & 3 \\ 0 & -3 & 1 \\ -4 & 5 & 5 \end{vmatrix} = 5 \begin{vmatrix} -3 & 1 \\ 5 & 5 \end{vmatrix} - 2 \begin{vmatrix} 0 & 1 \\ -4 & 5 \end{vmatrix} + 3 \begin{vmatrix} 0 & -3 \\ -4 & 5 \end{vmatrix}
     \]
     \[
     = 5((-3) \cdot 5 - 1 \cdot 5) - 2(0 \cdot 5 - 1 \cdot (-4)) + 3(0 \cdot 5 - (-3) \cdot (-4))
     \]
     \[
     = 5(-15 - 5) - 2(0 + 4) + 3(0 - 12)
     \]
     \[
     = 5(-20) - 2(4) + 3(-12)
     \]
     \[
     = -100 - 8 - 36 = -144
     \]

3. **Compute the determinant of A:**

   \[
   \det(A) = (-1)^{1+1} (-2) \det(M_{11}) + (-1)^{1+2} (0) \det(M_{12}) + (-1)^{1+3} (4) \det(M_{13}) + (-1)^{1+4} (-3) \det(M_{14})
   \]
   \[
   = 1 \cdot (-2) \cdot (-14) + 1 \cdot 0 \cdot (-98) + 1 \cdot 4 \cdot 6 + 1 \cdot (-3) \cdot (-144)
   \]
   \[
   = 28 + 0 + 24 + 432
   \]
   \[
   = 484
   \]

**Final Answer:**

\[
\boxed{484}
\]",1 \cdot (-2) \cdot (-14) [+] 1 \cdot 0 \cdot (-98) +,380,S1_norm
NC_4x4_det_1083,Mistral-Small-24B,determinant,4,Operation_Direction,det,failure,\det(A) = -94,+,-,2597,"<s>[INST] You are a precise mathematical assistant. Show all computation steps clearly. Always put your final numerical answer inside \boxed{}.

Solve this linear algebra problem. Show your work and give the final answer.

Find the determinant of the 4×4 matrix A.

A = \begin{bmatrix} -5 & 1 & 5 & -1 \\ -3 & 0 & 5 & 0 \\ 5 & 2 & 4 & -4 \\ -1 & 0 & 5 & -2 \end{bmatrix}

[/INST] To find the determinant of the 4×4 matrix A, we will use the Laplace expansion (also known as cofactor expansion) along the first row. The formula for the determinant of a 4×4 matrix is:

det(A) = a11 * C11 - a12 * C12 + a13 * C13 - a14 * C14

where a11, a12, a13, a14 are the elements of the first row, and C11, C12, C13, C14 are the corresponding cofactors.

Given matrix A:

A = \begin{bmatrix} -5 & 1 & 5 & -1 \\ -3 & 0 & 5 & 0 \\ 5 & 2 & 4 & -4 \\ -1 & 0 & 5 & -2 \end{bmatrix}

Let's compute the determinant step by step.

1. Compute the minors and cofactors for each element in the first row.

For a11 = -5:

The minor M11 is the determinant of the 3×3 matrix obtained by removing the first row and first column:

M11 = \begin{bmatrix} 0 & 5 & 0 \\ 2 & 4 & -4 \\ 0 & 5 & -2 \end{bmatrix}

det(M11) = 0*(4*(-2) - (-4)*5) - 5*(2*(-2) - (-4)*0) + 0*(2*5 - 4*0)
= 0 - 5*(-4) + 0
= 20

The cofactor C11 is (-1)^(1+1) * det(M11) = 1 * 20 = 20

For a12 = 1:

The minor M12 is the determinant of the 3×3 matrix obtained by removing the first row and second column:

M12 = \begin{bmatrix} -3 & 5 & 0 \\ 5 & 4 & -4 \\ -1 & 5 & -2 \end{bmatrix}

det(M12) = -3*(4*(-2) - (-4)*5) - 5*(5*(-2) - (-4)*(-1)) + 0*(5*5 - 4*(-1))
= -3*(-8 + 20) - 5*(-10 - 4) + 0
= -3*12 - 5*(-14)
= -36 + 70
= 34

The cofactor C12 is (-1)^(1+2) * det(M12) = -1 * 34 = -34

For a13 = 5:

The minor M13 is the determinant of the 3×3 matrix obtained by removing the first row and third column:

M13 = \begin{bmatrix} -3 & 0 & 0 \\ 5 & 2 & -4 \\ -1 & 0 & -2 \end{bmatrix}

det(M13) = -3*(2*(-2) - (-4)*0) - 0*(5*(-2) - (-4)*(-1)) + 0*(5*0 - 2*(-1))
= -3*(-4) - 0 + 0
= 12

The cofactor C13 is (-1)^(1+3) * det(M13) = 1 * 12 = 12

For a14 = -1:

The minor M14 is the determinant of the 3×3 matrix obtained by removing the first row and fourth column:

M14 = \begin{bmatrix} -3 & 0 & 5 \\ 5 & 2 & 4 \\ -1 & 0 & 5 \end{bmatrix}

det(M14) = -3*(2*5 - 4*0) - 0*(5*5 - 4*(-1)) + 5*(5*0 - 2*(-1))
= -3*10 - 0 + 5*2
= -30 + 10
= -20

The cofactor C14 is (-1)^(1+4) * det(M14) = -1 * (-20) = 20

2. Now, plug the values into the determinant formula:

det(A) = a11 * C11 - a12 * C12 + a13 * C13 - a14 * C14
= (-5) * 20 - 1 * (-34) + 5 * 12 - (-1) * 20
= -100 + 34 + 60 + 20
= 14

Therefore, the determinant of the matrix A is \boxed{14}.","To find the determinant of the 4×4 matrix A, we will use the Laplace expansion (also known as cofactor expansion) along the first row. The formula for the determinant of a 4×4 matrix is:

det(A) = a11 * C11 - a12 * C12 + a13 * C13 - a14 * C14

where a11, a12, a13, a14 are the elements of the first row, and C11, C12, C13, C14 are the corresponding cofactors.

Given matrix A:

A = \begin{bmatrix} -5 & 1 & 5 & -1 \\ -3 & 0 & 5 & 0 \\ 5 & 2 & 4 & -4 \\ -1 & 0 & 5 & -2 \end{bmatrix}

Let's compute the determinant step by step.

1. Compute the minors and cofactors for each element in the first row.

For a11 = -5:

The minor M11 is the determinant of the 3×3 matrix obtained by removing the first row and first column:

M11 = \begin{bmatrix} 0 & 5 & 0 \\ 2 & 4 & -4 \\ 0 & 5 & -2 \end{bmatrix}

det(M11) = 0*(4*(-2) - (-4)*5) - 5*(2*(-2) - (-4)*0) + 0*(2*5 - 4*0)
= 0 - 5*(-4) + 0
= 20

The cofactor C11 is (-1)^(1+1) * det(M11) = 1 * 20 = 20

For a12 = 1:

The minor M12 is the determinant of the 3×3 matrix obtained by removing the first row and second column:

M12 = \begin{bmatrix} -3 & 5 & 0 \\ 5 & 4 & -4 \\ -1 & 5 & -2 \end{bmatrix}

det(M12) = -3*(4*(-2) - (-4)*5) - 5*(5*(-2) - (-4)*(-1)) + 0*(5*5 - 4*(-1))
= -3*(-8 + 20) - 5*(-10 - 4) + 0
= -3*12 - 5*(-14)
= -36 + 70
= 34

The cofactor C12 is (-1)^(1+2) * det(M12) = -1 * 34 = -34

For a13 = 5:

The minor M13 is the determinant of the 3×3 matrix obtained by removing the first row and third column:

M13 = \begin{bmatrix} -3 & 0 & 0 \\ 5 & 2 & -4 \\ -1 & 0 & -2 \end{bmatrix}

det(M13) = -3*(2*(-2) - (-4)*0) - 0*(5*(-2) - (-4)*(-1)) + 0*(5*0 - 2*(-1))
= -3*(-4) - 0 + 0
= 12

The cofactor C13 is (-1)^(1+3) * det(M13) = 1 * 12 = 12

For a14 = -1:

The minor M14 is the determinant of the 3×3 matrix obtained by removing the first row and fourth column:

M14 = \begin{bmatrix} -3 & 0 & 5 \\ 5 & 2 & 4 \\ -1 & 0 & 5 \end{bmatrix}

det(M14) = -3*(2*5 - 4*0) - 0*(5*5 - 4*(-1)) + 5*(5*0 - 2*(-1))
= -3*10 - 0 + 5*2
= -30 + 10
= -20

The cofactor C14 is (-1)^(1+4) * det(M14) = -1 * (-20) = 20

2. Now, plug the values into the determinant formula:

det(A) = a11 * C11 - a12 * C12 + a13 * C13 - a14 * C14
= (-5) * 20 - 1 * (-34) + 5 * 12 - (-1) * 20
= -100 + 34 + 60 + 20
= 14

Therefore, the determinant of the matrix A is \boxed{14}."," * 12 - (-1) * 20
= -100 [+] 34 + 60 + 20
= 14

Ther",380,S1_exact
NC_4x4_det_1179,Mistral-Small-24B,determinant,4,Product_Sign_Error,det,failure,\det(A) = -897,+,-,2188,"<s>[INST] You are a precise mathematical assistant. Show all computation steps clearly. Always put your final numerical answer inside \boxed{}.

Solve this linear algebra problem. Show your work and give the final answer.

Find the determinant of the 4×4 matrix A.

A = \begin{bmatrix} -1 & 2 & 4 & -4 \\ 2 & -2 & 4 & -1 \\ -1 & -5 & 4 & 5 \\ 0 & 4 & 1 & 5 \end{bmatrix}

[/INST] To find the determinant of the 4×4 matrix A, we will use the Laplace expansion (also known as cofactor expansion) along the first row. The formula for the determinant of a 4×4 matrix is:

det(A) = a11 * C11 - a12 * C12 + a13 * C13 - a14 * C14

where aij are the elements of the matrix and Cij are the corresponding cofactors.

Given matrix A:

A = \begin{bmatrix} -1 & 2 & 4 & -4 \\ 2 & -2 & 4 & -1 \\ -1 & -5 & 4 & 5 \\ 0 & 4 & 1 & 5 \end{bmatrix}

Let's compute the determinant step by step.

1. Compute the minors and cofactors for each element in the first row.

For a11 = -1:

The minor M11 is the determinant of the 3×3 matrix obtained by removing the first row and first column:

M11 = \begin{bmatrix} -2 & 4 & -1 \\ -5 & 4 & 5 \\ 4 & 1 & 5 \end{bmatrix}

det(M11) = -2 * (4 * 5 - 5 * 1) - 4 * (-5 * 5 - 4 * 5) + -1 * (-5 * 1 - 4 * 4)
= -2 * (20 - 5) - 4 * (-25 - 20) + -1 * (-5 - 16)
= -2 * 15 - 4 * (-45) + -1 * (-21)
= -30 + 180 + 21
= 171

The cofactor C11 is (-1)^(1+1) * det(M11) = 1 * 171 = 171

For a12 = 2:

The minor M12 is the determinant of the 3×3 matrix obtained by removing the first row and second column:

M12 = \begin{bmatrix} 2 & 4 & -1 \\ -1 & 4 & 5 \\ 0 & 1 & 5 \end{bmatrix}

det(M12) = 2 * (4 * 5 - 5 * 1) - 4 * (-1 * 5 - 0 * 5) + -1 * (-1 * 1 - 0 * 4)
= 2 * (20 - 5) - 4 * (-5 - 0) + -1 * (-1 - 0)
= 2 * 15 - 4 * (-5) + -1 * (-1)
= 30 + 20 + 1
= 51

The cofactor C12 is (-1)^(1+2) * det(M12) = -1 * 51 = -51

For a13 = 4:

The minor M13 is the determinant of the 3×3 matrix obtained by removing the first row and third column:

M13 = \begin{bmatrix} 2 & -2 & -1 \\ -1 & -5 & 5 \\ 0 & 4 & 5 \end{bmatrix}

det(M13) = 2 * (-5 * 5 - 5 * 4) - -2 * (-1 * 5 - 0 * 5) + -1 * (-1 * 4 - 0 * -2)
= 2 * (-25 - 20) - -2 * (-5 - 0) + -1 * (-4 - 0)
= 2 * (-45) - -2 * (-5) + -1 * (-4)
= -90 + 10 + 4
= -76

The cofactor C13 is (-1)^(1+3) * det(M13) = 1 * -76 = -76

For a14 = -4:

The minor M14 is the determinant of the 3×3 matrix obtained by removing the first row and fourth column:

M14 = \begin{bmatrix} 2 & -2 & 4 \\ -1 & -5 & 4 \\ 0 & 4 & 1 \end{bmatrix}

det(M14) = 2 * (-5 * 1 - 4 * 4) - -2 * (-1 * 1 - 0 * 4) + 4 * (-1 * 4 - 0 * -2)
= 2 * (-5 - 16) - -2 * (-1 - 0) + 4 * (-4 - 0)
= 2 * (-21) - -2 * (-1) + 4 * (-4)
= -42 + 2 - 16
= -56

The cofactor C14 is (-1)^(1+4) * det(M14) = -1 * -56 = 56

2. Now, plug the cofactors back into the determinant formula:

det(A) = a11 * C11 - a12 * C12 + a13 * C13 - a14 * C14
= -1 * 171 - 2 * -51 + 4 * -76 - -4 * 56
= -171 + 102 - 304 + 224
= -171 + 102 = -69
-69 - 304 = -373
-373 + 224 = -149

Therefore, the determinant of matrix A is \boxed{-149}.","To find the determinant of the 4×4 matrix A, we will use the Laplace expansion (also known as cofactor expansion) along the first row. The formula for the determinant of a 4×4 matrix is:

det(A) = a11 * C11 - a12 * C12 + a13 * C13 - a14 * C14

where aij are the elements of the matrix and Cij are the corresponding cofactors.

Given matrix A:

A = \begin{bmatrix} -1 & 2 & 4 & -4 \\ 2 & -2 & 4 & -1 \\ -1 & -5 & 4 & 5 \\ 0 & 4 & 1 & 5 \end{bmatrix}

Let's compute the determinant step by step.

1. Compute the minors and cofactors for each element in the first row.

For a11 = -1:

The minor M11 is the determinant of the 3×3 matrix obtained by removing the first row and first column:

M11 = \begin{bmatrix} -2 & 4 & -1 \\ -5 & 4 & 5 \\ 4 & 1 & 5 \end{bmatrix}

det(M11) = -2 * (4 * 5 - 5 * 1) - 4 * (-5 * 5 - 4 * 5) + -1 * (-5 * 1 - 4 * 4)
= -2 * (20 - 5) - 4 * (-25 - 20) + -1 * (-5 - 16)
= -2 * 15 - 4 * (-45) + -1 * (-21)
= -30 + 180 + 21
= 171

The cofactor C11 is (-1)^(1+1) * det(M11) = 1 * 171 = 171

For a12 = 2:

The minor M12 is the determinant of the 3×3 matrix obtained by removing the first row and second column:

M12 = \begin{bmatrix} 2 & 4 & -1 \\ -1 & 4 & 5 \\ 0 & 1 & 5 \end{bmatrix}

det(M12) = 2 * (4 * 5 - 5 * 1) - 4 * (-1 * 5 - 0 * 5) + -1 * (-1 * 1 - 0 * 4)
= 2 * (20 - 5) - 4 * (-5 - 0) + -1 * (-1 - 0)
= 2 * 15 - 4 * (-5) + -1 * (-1)
= 30 + 20 + 1
= 51

The cofactor C12 is (-1)^(1+2) * det(M12) = -1 * 51 = -51

For a13 = 4:

The minor M13 is the determinant of the 3×3 matrix obtained by removing the first row and third column:

M13 = \begin{bmatrix} 2 & -2 & -1 \\ -1 & -5 & 5 \\ 0 & 4 & 5 \end{bmatrix}

det(M13) = 2 * (-5 * 5 - 5 * 4) - -2 * (-1 * 5 - 0 * 5) + -1 * (-1 * 4 - 0 * -2)
= 2 * (-25 - 20) - -2 * (-5 - 0) + -1 * (-4 - 0)
= 2 * (-45) - -2 * (-5) + -1 * (-4)
= -90 + 10 + 4
= -76

The cofactor C13 is (-1)^(1+3) * det(M13) = 1 * -76 = -76

For a14 = -4:

The minor M14 is the determinant of the 3×3 matrix obtained by removing the first row and fourth column:

M14 = \begin{bmatrix} 2 & -2 & 4 \\ -1 & -5 & 4 \\ 0 & 4 & 1 \end{bmatrix}

det(M14) = 2 * (-5 * 1 - 4 * 4) - -2 * (-1 * 1 - 0 * 4) + 4 * (-1 * 4 - 0 * -2)
= 2 * (-5 - 16) - -2 * (-1 - 0) + 4 * (-4 - 0)
= 2 * (-21) - -2 * (-1) + 4 * (-4)
= -42 + 2 - 16
= -56

The cofactor C14 is (-1)^(1+4) * det(M14) = -1 * -56 = 56

2. Now, plug the cofactors back into the determinant formula:

det(A) = a11 * C11 - a12 * C12 + a13 * C13 - a14 * C14
= -1 * 171 - 2 * -51 + 4 * -76 - -4 * 56
= -171 + 102 - 304 + 224
= -171 + 102 = -69
-69 - 304 = -373
-373 + 224 = -149

Therefore, the determinant of matrix A is \boxed{-149}.","* (-5) + -1 * (-4)
= -90 [+] 10 + 4
= -76

The cofac",380,S1_exact
NC_4x4_det_1275,Mistral-Small-24B,determinant,4,Cofactor_Neglect,det,failure,\det(A) = 66,+,-,2684,"<s>[INST] You are a precise mathematical assistant. Show all computation steps clearly. Always put your final numerical answer inside \boxed{}.

Solve this linear algebra problem. Show your work and give the final answer.

Find the determinant of the 4×4 matrix A.

A = \begin{bmatrix} -1 & 2 & -2 & -1 \\ 2 & 5 & 2 & 2 \\ -4 & 2 & 0 & 2 \\ 3 & -3 & 1 & -2 \end{bmatrix}

[/INST] To find the determinant of the 4×4 matrix A, we will use the Laplace expansion (also known as cofactor expansion) along the first row. The formula for the determinant of a 4×4 matrix A is:

det(A) = Σ (-1)^(i+j) * a_1j * det(M_1j)

where a_1j is the element in the first row and j-th column, and M_1j is the 3×3 submatrix obtained by deleting the first row and j-th column.

Let's compute the determinant step by step.

A = \begin{bmatrix} -1 & 2 & -2 & -1 \\ 2 & 5 & 2 & 2 \\ -4 & 2 & 0 & 2 \\ 3 & -3 & 1 & -2 \end{bmatrix}

We will expand along the first row:

det(A) = (-1)^(1+1) * (-1) * det(M_11) + (-1)^(1+2) * (2) * det(M_12) + (-1)^(1+3) * (-2) * det(M_13) + (-1)^(1+4) * (-1) * det(M_14)

Now, let's compute each of the 3×3 determinants.

1. M_11 is the submatrix obtained by deleting the first row and first column:

M_11 = \begin{bmatrix} 5 & 2 & 2 \\ 2 & 0 & 2 \\ -3 & 1 & -2 \end{bmatrix}

det(M_11) = 5 * (0 * (-2) - 2 * 1) - 2 * (2 * (-2) - 2 * (-3)) + 2 * (2 * 1 - 0 * (-3))
= 5 * (0 - 2) - 2 * (-4 + 6) + 2 * (2 - 0)
= 5 * (-2) - 2 * (2) + 2 * (2)
= -10 - 4 + 4
= -10

2. M_12 is the submatrix obtained by deleting the first row and second column:

M_12 = \begin{bmatrix} 2 & 2 & 2 \\ -4 & 0 & 2 \\ 3 & 1 & -2 \end{bmatrix}

det(M_12) = 2 * (0 * (-2) - 2 * 1) - 2 * (-4 * (-2) - 2 * 3) + 2 * (-4 * 1 - 0 * 3)
= 2 * (0 - 2) - 2 * (8 - 6) + 2 * (-4 - 0)
= 2 * (-2) - 2 * (2) + 2 * (-4)
= -4 - 4 - 8
= -16

3. M_13 is the submatrix obtained by deleting the first row and third column:

M_13 = \begin{bmatrix} 2 & 5 & 2 \\ -4 & 2 & 2 \\ 3 & -3 & -2 \end{bmatrix}

det(M_13) = 2 * (2 * (-2) - 2 * (-3)) - 5 * (-4 * (-2) - 2 * 3) + 2 * (-4 * (-3) - 2 * 3)
= 2 * (-4 + 6) - 5 * (8 - 6) + 2 * (12 - 6)
= 2 * (2) - 5 * (2) + 2 * (6)
= 4 - 10 + 12
= 6

4. M_14 is the submatrix obtained by deleting the first row and fourth column:

M_14 = \begin{bmatrix} 2 & 5 & 2 \\ -4 & 2 & 0 \\ 3 & -3 & 1 \end{bmatrix}

det(M_14) = 2 * (2 * 1 - 0 * (-3)) - 5 * (-4 * 1 - 0 * 3) + 2 * (-4 * (-3) - 2 * 3)
= 2 * (2 - 0) - 5 * (-4 - 0) + 2 * (12 - 6)
= 2 * (2) - 5 * (-4) + 2 * (6)
= 4 + 20 + 12
= 36

Now, let's substitute these determinants back into the Laplace expansion:

det(A) = (-1)^(1+1) * (-1) * (-10) + (-1)^(1+2) * (2) * (-16) + (-1)^(1+3) * (-2) * (6) + (-1)^(1+4) * (-1) * (36)
= 1 * (-1) * (-10) + 1 * (2) * (-16) + 1 * (-2) * (6) + 1 * (-1) * (36)
= 10 - 32 - 12 - 36
= -70

Therefore, the determinant of the matrix A is \boxed{-70}.","To find the determinant of the 4×4 matrix A, we will use the Laplace expansion (also known as cofactor expansion) along the first row. The formula for the determinant of a 4×4 matrix A is:

det(A) = Σ (-1)^(i+j) * a_1j * det(M_1j)

where a_1j is the element in the first row and j-th column, and M_1j is the 3×3 submatrix obtained by deleting the first row and j-th column.

Let's compute the determinant step by step.

A = \begin{bmatrix} -1 & 2 & -2 & -1 \\ 2 & 5 & 2 & 2 \\ -4 & 2 & 0 & 2 \\ 3 & -3 & 1 & -2 \end{bmatrix}

We will expand along the first row:

det(A) = (-1)^(1+1) * (-1) * det(M_11) + (-1)^(1+2) * (2) * det(M_12) + (-1)^(1+3) * (-2) * det(M_13) + (-1)^(1+4) * (-1) * det(M_14)

Now, let's compute each of the 3×3 determinants.

1. M_11 is the submatrix obtained by deleting the first row and first column:

M_11 = \begin{bmatrix} 5 & 2 & 2 \\ 2 & 0 & 2 \\ -3 & 1 & -2 \end{bmatrix}

det(M_11) = 5 * (0 * (-2) - 2 * 1) - 2 * (2 * (-2) - 2 * (-3)) + 2 * (2 * 1 - 0 * (-3))
= 5 * (0 - 2) - 2 * (-4 + 6) + 2 * (2 - 0)
= 5 * (-2) - 2 * (2) + 2 * (2)
= -10 - 4 + 4
= -10

2. M_12 is the submatrix obtained by deleting the first row and second column:

M_12 = \begin{bmatrix} 2 & 2 & 2 \\ -4 & 0 & 2 \\ 3 & 1 & -2 \end{bmatrix}

det(M_12) = 2 * (0 * (-2) - 2 * 1) - 2 * (-4 * (-2) - 2 * 3) + 2 * (-4 * 1 - 0 * 3)
= 2 * (0 - 2) - 2 * (8 - 6) + 2 * (-4 - 0)
= 2 * (-2) - 2 * (2) + 2 * (-4)
= -4 - 4 - 8
= -16

3. M_13 is the submatrix obtained by deleting the first row and third column:

M_13 = \begin{bmatrix} 2 & 5 & 2 \\ -4 & 2 & 2 \\ 3 & -3 & -2 \end{bmatrix}

det(M_13) = 2 * (2 * (-2) - 2 * (-3)) - 5 * (-4 * (-2) - 2 * 3) + 2 * (-4 * (-3) - 2 * 3)
= 2 * (-4 + 6) - 5 * (8 - 6) + 2 * (12 - 6)
= 2 * (2) - 5 * (2) + 2 * (6)
= 4 - 10 + 12
= 6

4. M_14 is the submatrix obtained by deleting the first row and fourth column:

M_14 = \begin{bmatrix} 2 & 5 & 2 \\ -4 & 2 & 0 \\ 3 & -3 & 1 \end{bmatrix}

det(M_14) = 2 * (2 * 1 - 0 * (-3)) - 5 * (-4 * 1 - 0 * 3) + 2 * (-4 * (-3) - 2 * 3)
= 2 * (2 - 0) - 5 * (-4 - 0) + 2 * (12 - 6)
= 2 * (2) - 5 * (-4) + 2 * (6)
= 4 + 20 + 12
= 36

Now, let's substitute these determinants back into the Laplace expansion:

det(A) = (-1)^(1+1) * (-1) * (-10) + (-1)^(1+2) * (2) * (-16) + (-1)^(1+3) * (-2) * (6) + (-1)^(1+4) * (-1) * (36)
= 1 * (-1) * (-10) + 1 * (2) * (-16) + 1 * (-2) * (6) + 1 * (-1) * (36)
= 10 - 32 - 12 - 36
= -70

Therefore, the determinant of the matrix A is \boxed{-70}."," (36)
= 1 * (-1) * (-10) [+] 1 * (2) * (-16) + 1 * (",380,S1_exact
NC_4x4_det_1530,Mistral-Small-24B,determinant,4,Parity_Sign_Error,det,failure,\det(A) = -186,+,-,1803,"<s>[INST] You are a precise mathematical assistant. Show all computation steps clearly. Always put your final numerical answer inside \boxed{}.

Solve this linear algebra problem. Show your work and give the final answer.

Find the determinant of the 4×4 matrix A.

A = \begin{bmatrix} -1 & 1 & -5 & 3 \\ -5 & 1 & -5 & 4 \\ 3 & 0 & 5 & -3 \\ -4 & 5 & -4 & -4 \end{bmatrix}

[/INST] To find the determinant of the 4×4 matrix A, we will use the Laplace expansion (also known as cofactor expansion) along the first row. The formula for the determinant of a 4×4 matrix is:

det(A) = a11 * C11 - a12 * C12 + a13 * C13 - a14 * C14

where aij is the element in the ith row and jth column, and Cij is the cofactor of aij.

Given matrix A:

A = \begin{bmatrix} -1 & 1 & -5 & 3 \\ -5 & 1 & -5 & 4 \\ 3 & 0 & 5 & -3 \\ -4 & 5 & -4 & -4 \end{bmatrix}

Let's compute the determinant step by step.

1. Compute the minors and cofactors for each element in the first row.

For a11 = -1:

M11 = \begin{bmatrix} 1 & -5 & 4 \\ 0 & 5 & -3 \\ 5 & -4 & -4 \end{bmatrix}

det(M11) = 1*(5*(-4) - (-3)*(-4)) - (-5)*(0*(-4) - (-3)*5) + 4*(0*(-4) - 5*5)
= 1*(-20 - 12) + 5*(0 + 15) + 4*(0 - 25)
= 1*(-32) + 5*15 + 4*(-25)
= -32 + 75 - 100
= -57

C11 = (-1)^(1+1) * det(M11) = 1 * (-57) = -57

For a12 = 1:

M12 = \begin{bmatrix} -5 & -5 & 4 \\ 3 & 5 & -3 \\ -4 & -4 & -4 \end{bmatrix}

det(M12) = -5*(5*(-4) - (-3)*(-4)) - (-5)*(3*(-4) - (-3)*(-4)) + 4*(3*(-4) - 5*(-4))
= -5*(-20 - 12) + 5*(-12 - 12) + 4*(-12 + 20)
= -5*(-32) + 5*(-24) + 4*8
= 160 - 120 + 32
= 72

C12 = (-1)^(1+2) * det(M12) = -1 * 72 = -72

For a13 = -5:

M13 = \begin{bmatrix} -5 & 1 & 4 \\ 3 & 0 & -3 \\ -4 & 5 & -4 \end{bmatrix}

det(M13) = -5*(0*(-4) - (-3)*5) - 1*(3*(-4) - (-3)*(-4)) + 4*(3*5 - 0*(-4))
= -5*(0 + 15) - 1*(-12 - 12) + 4*(15 - 0)
= -5*15 + 1*(-24) + 4*15
= -75 - 24 + 60
= -39

C13 = (-1)^(1+3) * det(M13) = 1 * (-39) = -39

For a14 = 3:

M14 = \begin{bmatrix} -5 & 1 & -5 \\ 3 & 0 & 5 \\ -4 & 5 & -4 \end{bmatrix}

det(M14) = -5*(0*(-4) - 5*5) - 1*(3*(-4) - 5*(-4)) + (-5)*(3*5 - 0*(-4))
= -5*(0 - 25) - 1*(-12 + 20) + (-5)*(15 - 0)
= -5*(-25) - 1*8 + (-5)*15
= 125 - 8 - 75
= 42

C14 = (-1)^(1+4) * det(M14) = -1 * 42 = -42

2. Now, plug the cofactors back into the determinant formula:

det(A) = a11 * C11 - a12 * C12 + a13 * C13 - a14 * C14
= (-1)*(-57) - 1*(-72) + (-5)*(-39) - 3*(-42)
= 57 + 72 + 195 + 126
= 450

Therefore, the determinant of matrix A is \boxed{450}.","To find the determinant of the 4×4 matrix A, we will use the Laplace expansion (also known as cofactor expansion) along the first row. The formula for the determinant of a 4×4 matrix is:

det(A) = a11 * C11 - a12 * C12 + a13 * C13 - a14 * C14

where aij is the element in the ith row and jth column, and Cij is the cofactor of aij.

Given matrix A:

A = \begin{bmatrix} -1 & 1 & -5 & 3 \\ -5 & 1 & -5 & 4 \\ 3 & 0 & 5 & -3 \\ -4 & 5 & -4 & -4 \end{bmatrix}

Let's compute the determinant step by step.

1. Compute the minors and cofactors for each element in the first row.

For a11 = -1:

M11 = \begin{bmatrix} 1 & -5 & 4 \\ 0 & 5 & -3 \\ 5 & -4 & -4 \end{bmatrix}

det(M11) = 1*(5*(-4) - (-3)*(-4)) - (-5)*(0*(-4) - (-3)*5) + 4*(0*(-4) - 5*5)
= 1*(-20 - 12) + 5*(0 + 15) + 4*(0 - 25)
= 1*(-32) + 5*15 + 4*(-25)
= -32 + 75 - 100
= -57

C11 = (-1)^(1+1) * det(M11) = 1 * (-57) = -57

For a12 = 1:

M12 = \begin{bmatrix} -5 & -5 & 4 \\ 3 & 5 & -3 \\ -4 & -4 & -4 \end{bmatrix}

det(M12) = -5*(5*(-4) - (-3)*(-4)) - (-5)*(3*(-4) - (-3)*(-4)) + 4*(3*(-4) - 5*(-4))
= -5*(-20 - 12) + 5*(-12 - 12) + 4*(-12 + 20)
= -5*(-32) + 5*(-24) + 4*8
= 160 - 120 + 32
= 72

C12 = (-1)^(1+2) * det(M12) = -1 * 72 = -72

For a13 = -5:

M13 = \begin{bmatrix} -5 & 1 & 4 \\ 3 & 0 & -3 \\ -4 & 5 & -4 \end{bmatrix}

det(M13) = -5*(0*(-4) - (-3)*5) - 1*(3*(-4) - (-3)*(-4)) + 4*(3*5 - 0*(-4))
= -5*(0 + 15) - 1*(-12 - 12) + 4*(15 - 0)
= -5*15 + 1*(-24) + 4*15
= -75 - 24 + 60
= -39

C13 = (-1)^(1+3) * det(M13) = 1 * (-39) = -39

For a14 = 3:

M14 = \begin{bmatrix} -5 & 1 & -5 \\ 3 & 0 & 5 \\ -4 & 5 & -4 \end{bmatrix}

det(M14) = -5*(0*(-4) - 5*5) - 1*(3*(-4) - 5*(-4)) + (-5)*(3*5 - 0*(-4))
= -5*(0 - 25) - 1*(-12 + 20) + (-5)*(15 - 0)
= -5*(-25) - 1*8 + (-5)*15
= 125 - 8 - 75
= 42

C14 = (-1)^(1+4) * det(M14) = -1 * 42 = -42

2. Now, plug the cofactors back into the determinant formula:

det(A) = a11 * C11 - a12 * C12 + a13 * C13 - a14 * C14
= (-1)*(-57) - 1*(-72) + (-5)*(-39) - 3*(-42)
= 57 + 72 + 195 + 126
= 450

Therefore, the determinant of matrix A is \boxed{450}.","12) + 4*(15 - 0)
= -5*15 [+] 1*(-24) + 4*15
= -75 - ",382,S1_exact
