model,phase,domain,case_id,written_sign,final_lead,passes_filter,peak_layer,n_layers,rel_depth,late
Gemma-3-27B,discovery,det_error,NC_4x4_det_1858,+,1.1250,0,55,62,0.901639,1
Gemma-3-27B,discovery,det_error,NC2_4x4_det_0848,-,8.0391,1,5,62,0.081967,0
Gemma-3-27B,discovery,det_error,NC2_4x4_det_1034,+,15.3750,1,55,62,0.901639,1
Gemma-3-27B,discovery,det_error,NC2_4x4_det_0961,+,3.0000,1,55,62,0.901639,1
Gemma-3-27B,discovery,det_error,NC_4x4_det_1399,+,1.2500,0,55,62,0.901639,1
Gemma-3-27B,discovery,det_error,NC2_4x4_det_1578,+,6.7500,1,55,62,0.901639,1
Gemma-3-27B,discovery,det_error,NC_4x4_det_227,+,11.8750,1,55,62,0.901639,1
Gemma-3-27B,discovery,det_error,NC_4x4_det_0872,+,-1.6250,0,42,62,0.688525,0
Gemma-3-27B,discovery,det_error,NC2_4x4_det_0544,+,17.0000,1,55,62,0.901639,1
Gemma-3-27B,discovery,det_error,NC_4x4_det_769,+,14.6250,1,55,62,0.901639,1
Gemma-3-27B,discovery,det_error,NC_4x4_det_0938,+,6.8750,1,55,62,0.901639,1
Gemma-3-27B,discovery,det_error,NC_4x4_det_174,+,-1.7500,0,55,62,0.901639,1
Gemma-3-27B,discovery,det_error,NC2_4x4_det_1232,-,1.0000,0,13,62,0.213115,0
Gemma-3-27B,discovery,det_error,NC_4x4_det_283,+,2.5000,1,55,62,0.901639,1
Gemma-3-27B,discovery,det_error,NC_4x4_det_793,+,10.0000,1,55,62,0.901639,1
Gemma-3-27B,discovery,det_error,NC_4x4_det_139,+,22.1250,1,55,62,0.901639,1
Gemma-3-27B,discovery,det_error,NC2_4x4_det_1501,+,0.7500,0,55,62,0.901639,1
Gemma-3-27B,discovery,det_error,NC2_4x4_det_0864,-,10.0000,1,12,62,0.196721,0
Gemma-3-27B,discovery,det_error,NC2_4x4_det_0469,+,3.5000,1,55,62,0.901639,1
Gemma-3-27B,discovery,det_error,NC_4x4_det_775,-,21.5625,1,61,62,1.000000,1
Gemma-3-27B,discovery,det_error,NC_4x4_det_1138,-,8.8750,1,5,62,0.081967,0
Gemma-3-27B,discovery,det_error,NC_4x4_det_1697,+,0.0000,0,55,62,0.901639,1
Gemma-3-27B,discovery,det_error,NC_4x4_det_1730,+,0.7500,0,55,62,0.901639,1
Gemma-3-27B,discovery,det_error,NC2_4x4_det_0216,+,9.6250,1,55,62,0.901639,1
Gemma-3-27B,discovery,det_error,NC2_4x4_det_0944,-,8.8906,1,12,62,0.196721,0
Gemma-3-27B,discovery,det_error,C_4x4_det_022,+,0.0000,0,55,62,0.901639,1
Gemma-3-27B,discovery,det_error,NC2_4x4_det_1779,-,23.3750,1,61,62,1.000000,1
Gemma-3-27B,discovery,det_error,NC2_4x4_det_1283,-,15.3750,1,61,62,1.000000,1
Gemma-3-27B,discovery,det_error,NC2_4x4_det_0172,-,2.7500,1,13,62,0.213115,0
Gemma-3-27B,discovery,det_error,NC_4x4_det_1656,+,3.0000,1,55,62,0.901639,1
Gemma-3-27B,discovery,det_error,NC2_4x4_det_1993,+,4.6250,1,55,62,0.901639,1
Gemma-3-27B,discovery,det_error,NC_4x4_det_0963,-,2.7500,1,13,62,0.213115,0
Gemma-3-27B,discovery,det_error,NC2_4x4_det_0401,-,3.5000,1,12,62,0.196721,0
Gemma-3-27B,discovery,det_error,NC_4x4_det_683,-,4.7500,1,13,62,0.213115,0
Gemma-3-27B,discovery,det_error,NC_4x4_det_1930,+,7.1250,1,55,62,0.901639,1
Gemma-3-27B,discovery,det_error,NC_4x4_det_547,+,1.7500,0,55,62,0.901639,1
Gemma-3-27B,discovery,det_error,NC2_4x4_det_0663,+,11.1250,1,55,62,0.901639,1
Gemma-3-27B,discovery,det_error,NC2_4x4_det_1586,+,1.2500,0,55,62,0.901639,1
Gemma-3-27B,discovery,det_error,NC_4x4_det_1268,+,18.2500,1,55,62,0.901639,1
Gemma-3-27B,discovery,det_error,NC2_4x4_det_0662,+,2.7500,1,55,62,0.901639,1
Gemma-3-27B,discovery,det_error,NC_4x4_det_1375,+,2.5000,1,55,62,0.901639,1
Gemma-3-27B,discovery,det_error,NC_4x4_det_1315,+,13.7500,1,55,62,0.901639,1
Gemma-3-27B,discovery,det_error,NC_4x4_det_450,-,5.2500,1,12,62,0.196721,0
Gemma-3-27B,discovery,det_error,NC2_4x4_det_1680,-,7.0000,1,12,62,0.196721,0
Gemma-3-27B,discovery,det_error,NC_4x4_det_1019,-,1.1875,0,12,62,0.196721,0
Gemma-3-27B,discovery,det_error,NC_4x4_det_306,-,15.6250,1,61,62,1.000000,1
Gemma-3-27B,discovery,det_error,NC2_4x4_det_0953,+,1.7500,0,55,62,0.901639,1
Gemma-3-27B,discovery,det_error,NC_4x4_det_695,+,1.2500,0,55,62,0.901639,1
Gemma-3-27B,discovery,det_error,NC2_4x4_det_0782,-,21.5000,1,61,62,1.000000,1
Gemma-3-27B,discovery,det_error,NC2_4x4_det_1225,+,3.7500,1,55,62,0.901639,1
Gemma-3-27B,discovery,det_error,C_4x4_det_058,+,9.0000,1,55,62,0.901639,1
Gemma-3-27B,discovery,det_error,C_4x4_det_062,-,3.7500,1,13,62,0.213115,0
Gemma-3-27B,discovery,det_error,C_4x4_det_064,+,4.5000,1,55,62,0.901639,1
Gemma-3-27B,discovery,det_error,C_4x4_det_072,-,0.2500,0,13,62,0.213115,0
Gemma-3-27B,discovery,det_error,C_4x4_det_073,+,2.7500,1,55,62,0.901639,1
Gemma-3-27B,discovery,det_error,C_4x4_det_075,+,8.1250,1,55,62,0.901639,1
Gemma-3-27B,discovery,det_error,C_4x4_det_096,+,8.3750,1,55,62,0.901639,1
Gemma-3-27B,discovery,det_error,C_4x4_det_113,+,0.7500,0,55,62,0.901639,1
Gemma-3-27B,discovery,det_error,C_4x4_det_119,-,0.2500,0,13,62,0.213115,0
Gemma-3-27B,discovery,det_error,C_4x4_det_120,+,5.3750,1,55,62,0.901639,1
Gemma-3-27B,discovery,det_error,C_4x4_det_126,+,-0.2500,0,55,62,0.901639,1
Gemma-3-27B,discovery,det_error,C_4x4_det_128,-,-0.2500,0,13,62,0.213115,0
Gemma-3-27B,discovery,det_error,C_4x4_det_131,-,-1.2500,0,13,62,0.213115,0
Gemma-3-27B,discovery,det_error,C_4x4_det_151,+,13.2500,1,55,62,0.901639,1
Gemma-3-27B,discovery,det_error,C_4x4_det_152,+,12.0000,1,55,62,0.901639,1
Gemma-3-27B,discovery,det_error,C_4x4_det_154,+,12.3750,1,55,62,0.901639,1
Gemma-3-27B,discovery,det_error,C_4x4_det_156,+,11.0000,1,55,62,0.901639,1
Gemma-3-27B,discovery,det_error,C_4x4_det_163,+,12.0000,1,55,62,0.901639,1
Gemma-3-27B,discovery,det_error,NC2_4x4_det_0049,-,15.0000,1,61,62,1.000000,1
Gemma-3-27B,discovery,det_error,NC_4x4_det_1377,-,13.3750,1,13,62,0.213115,0
Gemma-3-27B,discovery,det_error,NC_4x4_det_020,-,1.5000,0,13,62,0.213115,0
Gemma-3-27B,discovery,det_error,NC2_4x4_det_0817,-,5.5000,1,61,62,1.000000,1
Gemma-3-27B,discovery,det_error,NC_4x4_det_765,-,10.6250,1,61,62,1.000000,1
Gemma-3-27B,discovery,det_error,NC_4x4_det_1605,-,15.3750,1,61,62,1.000000,1
Gemma-3-27B,discovery,det_error,NC_4x4_det_617,-,14.5000,1,61,62,1.000000,1
Gemma-3-27B,discovery,det_error,NC2_4x4_det_0219,-,14.2500,1,13,62,0.213115,0
Gemma-3-27B,discovery,det_error,NC_4x4_det_324,-,1.0000,0,13,62,0.213115,0
Gemma-3-27B,discovery,det_error,NC_4x4_det_0839,-,-3.2500,0,13,62,0.213115,0
Gemma-3-27B,discovery,det_error,NC_4x4_det_1723,-,12.0000,1,61,62,1.000000,1
Gemma-3-27B,discovery,det_error,NC_4x4_det_1600,-,16.3750,1,61,62,1.000000,1
Gemma-3-27B,discovery,det_error,NC2_4x4_det_1455,-,8.2500,1,12,62,0.196721,0
Gemma-3-27B,discovery,det_error,NC_4x4_det_462,-,23.3750,1,61,62,1.000000,1
Gemma-3-27B,discovery,det_error,NC_4x4_det_1487,-,13.6250,1,61,62,1.000000,1
Gemma-3-27B,discovery,det_error,NC_4x4_det_400,-,21.0000,1,61,62,1.000000,1
Gemma-3-27B,discovery,det_error,NC2_4x4_det_1736,-,6.8438,1,12,62,0.196721,0
Gemma-3-27B,discovery,det_error,NC_4x4_det_480,-,6.7812,1,12,62,0.196721,0
Gemma-3-27B,discovery,det_error,NC_4x4_det_1999,-,7.6250,1,12,62,0.196721,0
Gemma-3-27B,discovery,det_error,NC2_4x4_det_1245,-,17.3750,1,12,62,0.196721,0
Gemma-3-27B,discovery,det_error,NC_4x4_det_086,-,11.5234,1,5,62,0.081967,0
Gemma-3-27B,discovery,det_error,NC_4x4_det_0876,-,-1.0000,0,13,62,0.213115,0
Gemma-3-27B,discovery,det_error,NC2_4x4_det_1938,-,3.7500,1,9,62,0.147541,0
Gemma-3-27B,discovery,det_error,C_4x4_det_003,-,1.7500,0,13,62,0.213115,0
Gemma-3-27B,discovery,det_correct,NC_4x4_det_191,-,26.5000,1,61,62,1.000000,1
Gemma-3-27B,discovery,det_correct,NC_4x4_det_192,+,20.5000,1,55,62,0.901639,1
Gemma-3-27B,discovery,det_correct,NC_4x4_det_193,-,8.2344,1,12,62,0.196721,0
Gemma-3-27B,discovery,det_correct,NC_4x4_det_194,-,8.6250,1,60,62,0.983607,1
Gemma-3-27B,discovery,det_correct,NC_4x4_det_195,-,11.6250,1,12,62,0.196721,0
Gemma-3-27B,discovery,det_correct,NC_4x4_det_196,-,4.8750,1,5,62,0.081967,0
Gemma-3-27B,discovery,det_correct,NC_4x4_det_197,-,10.1250,1,12,62,0.196721,0
Gemma-3-27B,discovery,det_correct,NC_4x4_det_198,+,23.2500,1,61,62,1.000000,1
Gemma-3-27B,discovery,det_correct,NC_4x4_det_199,-,21.3750,1,61,62,1.000000,1
Gemma-3-27B,discovery,det_correct,NC_4x4_det_200,-,17.3750,1,61,62,1.000000,1
Gemma-3-27B,discovery,det_correct,NC_4x4_det_201,-,9.2422,1,5,62,0.081967,0
Gemma-3-27B,discovery,det_correct,NC_4x4_det_202,-,5.1250,1,12,62,0.196721,0
Gemma-3-27B,discovery,det_correct,NC_4x4_det_203,+,21.7500,1,55,62,0.901639,1
Gemma-3-27B,discovery,det_correct,NC_4x4_det_204,-,17.1250,1,61,62,1.000000,1
Gemma-3-27B,discovery,det_correct,NC_4x4_det_205,-,5.0625,1,12,62,0.196721,0
Gemma-3-27B,discovery,det_correct,NC_4x4_det_206,+,20.6250,1,61,62,1.000000,1
Gemma-3-27B,discovery,det_correct,NC_4x4_det_207,-,16.6250,1,61,62,1.000000,1
Gemma-3-27B,discovery,det_correct,NC_4x4_det_208,-,6.8750,1,58,62,0.950820,1
Gemma-3-27B,discovery,det_correct,NC_4x4_det_209,+,23.1250,1,55,62,0.901639,1
Gemma-3-27B,discovery,det_correct,NC_4x4_det_210,+,23.2500,1,55,62,0.901639,1
Gemma-3-27B,discovery,det_correct,NC_4x4_det_211,+,14.8750,1,55,62,0.901639,1
Gemma-3-27B,discovery,det_correct,NC_4x4_det_212,-,4.3750,1,12,62,0.196721,0
Gemma-3-27B,discovery,det_correct,NC_4x4_det_213,-,13.8750,1,61,62,1.000000,1
Gemma-3-27B,discovery,det_correct,NC_4x4_det_214,-,8.3125,1,5,62,0.081967,0
Gemma-3-27B,discovery,det_correct,NC_4x4_det_217,-,11.7656,1,6,62,0.098361,0
Gemma-3-27B,discovery,det_correct,NC_4x4_det_218,+,19.8750,1,61,62,1.000000,1
Gemma-3-27B,discovery,det_correct,NC_4x4_det_219,+,21.8750,1,55,62,0.901639,1
Gemma-3-27B,discovery,det_correct,NC_4x4_det_220,-,13.6250,1,61,62,1.000000,1
Gemma-3-27B,discovery,det_correct,NC_4x4_det_221,-,13.1250,1,60,62,0.983607,1
Gemma-3-27B,discovery,det_correct,NC_4x4_det_222,-,4.6562,1,12,62,0.196721,0
Gemma-3-27B,discovery,det_correct,NC_4x4_det_223,-,14.2773,1,61,62,1.000000,1
Gemma-3-27B,discovery,det_correct,NC_4x4_det_224,+,20.8750,1,55,62,0.901639,1
Gemma-3-27B,discovery,det_correct,NC_4x4_det_225,+,17.7500,1,59,62,0.967213,1
Gemma-3-27B,discovery,det_correct,NC_4x4_det_226,-,11.5312,1,12,62,0.196721,0
Gemma-3-27B,discovery,det_correct,NC_4x4_det_228,-,3.8438,1,12,62,0.196721,0
Gemma-3-27B,discovery,det_correct,NC_4x4_det_230,-,8.8438,1,12,62,0.196721,0
Gemma-3-27B,discovery,det_correct,NC_4x4_det_232,+,7.3750,1,55,62,0.901639,1
Gemma-3-27B,discovery,det_correct,NC_4x4_det_233,-,6.3750,1,5,62,0.081967,0
Gemma-3-27B,discovery,det_correct,NC_4x4_det_234,-,17.5000,1,12,62,0.196721,0
Gemma-3-27B,discovery,det_correct,NC_4x4_det_236,-,15.5000,1,12,62,0.196721,0
Gemma-3-27B,discovery,det_correct,NC_4x4_det_237,-,14.9375,1,5,62,0.081967,0
Gemma-3-27B,discovery,det_correct,NC_4x4_det_238,-,21.1250,1,61,62,1.000000,1
Gemma-3-27B,discovery,det_correct,NC_4x4_det_239,-,0.7500,0,12,62,0.196721,0
Gemma-3-27B,discovery,det_correct,NC_4x4_det_240,+,22.1250,1,55,62,0.901639,1
Gemma-3-27B,discovery,det_correct,NC_4x4_det_241,-,3.3438,1,12,62,0.196721,0
Gemma-3-27B,discovery,det_correct,NC_4x4_det_242,+,4.0000,1,55,62,0.901639,1
Gemma-3-27B,discovery,det_correct,NC_4x4_det_243,+,22.2500,1,61,62,1.000000,1
Gemma-3-27B,discovery,det_correct,NC_4x4_det_244,+,22.2500,1,55,62,0.901639,1
Gemma-3-27B,discovery,det_correct,NC_4x4_det_245,+,23.0000,1,55,62,0.901639,1
Gemma-3-27B,discovery,det_correct,NC_4x4_det_247,-,8.1250,1,12,62,0.196721,0
Gemma-3-27B,discovery,ibp_error,ibp_pts_n10_b1,-,13.1250,1,60,62,0.983607,1
Gemma-3-27B,discovery,ibp_error,ibp_pts_n10_b17,-,5.0000,1,61,62,1.000000,1
Gemma-3-27B,discovery,ibp_error,ibp_pts_n10_b19,+,-1.8750,0,44,62,0.721311,0
Gemma-3-27B,discovery,ibp_error,ibp_pts_n11_b1,+,14.5000,1,55,62,0.901639,1
Gemma-3-27B,discovery,ibp_error,ibp_pts_n11_b17,-,6.1250,1,60,62,0.983607,1
Gemma-3-27B,discovery,ibp_error,ibp_pts_n11_b19,-,-0.0625,0,5,62,0.081967,0
Gemma-3-27B,discovery,ibp_error,ibp_pts_n12_b29,+,15.0000,1,55,62,0.901639,1
Gemma-3-27B,discovery,ibp_error,ibp_pts_n13_b1,+,6.5000,1,55,62,0.901639,1
Gemma-3-27B,discovery,ibp_error,ibp_pts_n13_b2,+,0.3750,0,55,62,0.901639,1
Gemma-3-27B,discovery,ibp_error,ibp_pts_n8_b7,+,9.7500,1,55,62,0.901639,1
Gemma-3-27B,discovery,ibp_error,ibp_pts_n9_b11,+,6.6250,1,55,62,0.901639,1
Gemma-3-27B,discovery,ibp_error,ibp_pts_n9_b12,-,1.4688,0,12,62,0.196721,0
Gemma-3-27B,discovery,ibp_error,ibp_pts_n9_b29,+,15.8750,1,55,62,0.901639,1
Gemma-3-27B,discovery,ibp_error,ibp_pts_n9_b31,+,16.0000,1,55,62,0.901639,1
Gemma-3-27B,discovery,ibp_error,ibp_n7_022,+,-1.8750,0,39,62,0.639344,0
Gemma-3-27B,discovery,ibp_error,ibp_pts_ext2_n10_001,+,-1.1250,0,44,62,0.721311,0
Gemma-3-27B,discovery,ibp_error,ibp_pts_ext2_n11_001,-,0.1250,0,5,62,0.081967,0
Gemma-3-27B,discovery,ibp_error,ibp_pts_ext2_n12_003,+,14.5000,1,55,62,0.901639,1
Gemma-3-27B,discovery,ibp_error,ibp_pts_ext2_n9_003,+,15.0000,1,55,62,0.901639,1
Gemma-3-27B,discovery,ibp_error,ibp_pts_ext2_n9_004,+,15.2500,1,55,62,0.901639,1
Gemma-3-27B,discovery,ibp_error,ibp_pts_ext_n10_001,-,12.3750,1,60,62,0.983607,1
Gemma-3-27B,discovery,ibp_error,ibp_pts_ext_n10_008,-,4.6250,1,61,62,1.000000,1
Gemma-3-27B,discovery,ibp_error,ibp_pts_ext_n11_001,+,14.1250,1,55,62,0.901639,1
Gemma-3-27B,discovery,ibp_error,ibp_pts_ext_n11_008,-,5.8750,1,60,62,0.983607,1
Gemma-3-27B,discovery,ibp_error,ibp_pts_ext_n13_001,+,6.5000,1,55,62,0.901639,1
Gemma-3-27B,discovery,ibp_error,ibp_pts_ext_n13_002,+,-2.1250,0,42,62,0.688525,0
Gemma-3-27B,discovery,ibp_error,ibp_pts_n8_005,+,9.7500,1,55,62,0.901639,1
Gemma-3-27B,discovery,ibp_error,ibp_pts_n9_011,+,6.5000,1,55,62,0.901639,1
Gemma-3-27B,discovery,ibp_error,ibp_pts_n9_012,-,1.2500,0,12,62,0.196721,0
Gemma-3-27B,discovery,ibp_error,ibp_pts_n13_b109,-,4.7500,1,13,62,0.213115,0
Gemma-3-27B,discovery,ibp_error,ibp_pts_n13_b73,-,5.3750,1,12,62,0.196721,0
Gemma-3-27B,discovery,ibp_error,ibp_pts_n13_b101,-,14.5000,1,61,62,1.000000,1
Gemma-3-27B,discovery,ibp_error,ibp_pts_n16_b51,-,1.0000,0,12,62,0.196721,0
Gemma-3-27B,discovery,ibp_error,ibp_pts_n13_b19,-,22.5000,1,61,62,1.000000,1
Gemma-3-27B,discovery,ibp_error,ibp_pts_n13_b51,-,-2.2500,0,12,62,0.196721,0
Gemma-3-27B,discovery,ibp_error,ibp_pts_n13_b23,-,21.2500,1,61,62,1.000000,1
Gemma-3-27B,discovery,ibp_error,ibp_pts_n14_b67,-,4.2500,1,12,62,0.196721,0
Gemma-3-27B,discovery,ibp_error,ibp_ptc_n15_b13,-,26.1250,1,61,62,1.000000,1
Gemma-3-27B,discovery,ibp_error,ibp_pts_n16_b131,-,13.7500,1,60,62,0.983607,1
Gemma-3-27B,discovery,ibp_error,ibp_ptc_n8_b43,-,11.6250,1,55,62,0.901639,1
Gemma-3-27B,discovery,ibp_error,ibp_ptc_n8_b8,-,5.0000,1,12,62,0.196721,0
Gemma-3-27B,discovery,ibp_error,ibp_pts_n16_b97,-,19.2500,1,61,62,1.000000,1
Gemma-3-27B,discovery,ibp_error,ibp_pts_n13_b49,-,-1.7500,0,12,62,0.196721,0
Gemma-3-27B,discovery,ibp_error,ibp_pts_n16_b35,-,5.5000,1,13,62,0.213115,0
Gemma-3-27B,discovery,ibp_error,ibp_ptc_n11_b211,-,6.8750,1,13,62,0.213115,0
Gemma-3-27B,discovery,ibp_error,ibp_ptc_n13_b18,-,7.1250,1,12,62,0.196721,0
Gemma-3-27B,discovery,ibp_error,ibp_ptc_n12_b49,-,5.2500,1,12,62,0.196721,0
Gemma-3-27B,discovery,ibp_error,ibp_ptc_n11_b149,-,7.6250,1,58,62,0.950820,1
Gemma-3-27B,discovery,ibp_error,ibp_ptc_n12_b137,-,6.2500,1,13,62,0.213115,0
Gemma-3-27B,discovery,ibp_error,ibp_ptc_n8_b269,-,3.7500,1,13,62,0.213115,0
Gemma-3-27B,discovery,ibp_error,ibp_pts_n13_b4,-,7.2500,1,12,62,0.196721,0
Gemma-3-27B,discovery,ibp_error,ibp_ptc_n16_b47,-,8.3750,1,13,62,0.213115,0
Gemma-3-27B,discovery,ibp_error,ibp_ptc_n16_b39,-,12.0000,1,58,62,0.950820,1
Gemma-3-27B,discovery,ibp_error,ibp_ptc_n13_b33,-,4.5000,1,13,62,0.213115,0
Gemma-3-27B,discovery,ibp_error,ibp_ptc_n10_b103,+,17.1250,1,55,62,0.901639,1
Gemma-3-27B,discovery,ibp_error,ibp_ptc_n11_b71,+,7.0000,1,55,62,0.901639,1
Gemma-3-27B,discovery,ibp_error,ibp_pts_n11_b53,+,15.3750,1,55,62,0.901639,1
Gemma-3-27B,discovery,ibp_error,ibp_pts_n14_b41,+,10.1250,1,50,62,0.819672,1
Gemma-3-27B,discovery,ibp_error,ibp_ptc_n13_b43,+,15.3750,1,55,62,0.901639,1
Gemma-3-27B,discovery,ibp_error,ibp_pts_n16_b41,+,14.3750,1,55,62,0.901639,1
Gemma-3-27B,discovery,ibp_error,ibp_pts_n11_b193,+,10.2500,1,55,62,0.901639,1
Gemma-3-27B,discovery,ibp_error,ibp_pts_n14_b71,+,12.6250,1,55,62,0.901639,1
Gemma-3-27B,discovery,ibp_error,ibp_ptc_n13_b35,+,18.0000,1,55,62,0.901639,1
Gemma-3-27B,discovery,ibp_error,ibp_pts_n7_b149,+,11.3750,1,55,62,0.901639,1
Gemma-3-27B,discovery,ibp_error,ibp_pts_n14_b47,+,-1.2500,0,44,62,0.721311,0
Gemma-3-27B,discovery,ibp_error,ibp_pts_n15_b109,+,5.2500,1,55,62,0.901639,1
Gemma-3-27B,discovery,ibp_error,ibp_pts_n11_b109,+,19.6250,1,55,62,0.901639,1
Gemma-3-27B,discovery,ibp_error,ibp_ptc_n11_b151,+,17.3750,1,55,62,0.901639,1
Gemma-3-27B,discovery,ibp_error,ibp_pts_n15_b59,+,0.5000,0,43,62,0.704918,0
Gemma-3-27B,discovery,ibp_error,ibp_ptc_n15_b67,+,5.7500,1,55,62,0.901639,1
Gemma-3-27B,discovery,ibp_correct,ibp_ptc_n10_b131,-,8.3750,1,12,62,0.196721,0
Gemma-3-27B,discovery,ibp_correct,ibp_pts_n7_b233,-,20.1875,1,61,62,1.000000,1
Gemma-3-27B,discovery,ibp_correct,ibp_ptc_n9_b5,+,16.1250,1,43,62,0.704918,0
Gemma-3-27B,discovery,ibp_correct,ibp_pts_n8_b31,+,14.5000,1,55,62,0.901639,1
Gemma-3-27B,discovery,ibp_correct,ibp_ptc_n10_b53,+,17.5000,1,55,62,0.901639,1
Gemma-3-27B,discovery,ibp_correct,ibp_ptc_n0_b11,-,23.6250,1,12,62,0.196721,0
Gemma-3-27B,discovery,ibp_correct,ibp_pts_n5_b79,+,21.0000,1,55,62,0.901639,1
Gemma-3-27B,discovery,ibp_correct,ibp_ptc_n5_b11,-,17.6250,1,60,62,0.983607,1
Gemma-3-27B,discovery,ibp_correct,ibp_ptc_n0_b7,+,18.0000,1,55,62,0.901639,1
Gemma-3-27B,discovery,ibp_correct,ibp_ptc_n5_b43,-,16.3750,1,60,62,0.983607,1
Gemma-3-27B,discovery,ibp_correct,ibp_pts_n10_b53,-,20.4375,1,12,62,0.196721,0
Gemma-3-27B,discovery,ibp_correct,ibp_pts_n8_b83,-,15.7500,1,60,62,0.983607,1
Gemma-3-27B,discovery,ibp_correct,ibp_pts_n5_b229,-,21.7500,1,61,62,1.000000,1
Gemma-3-27B,discovery,ibp_correct,ibp_ptc_n1_b5,+,17.3750,1,50,62,0.819672,1
Gemma-3-27B,discovery,ibp_correct,ibp_ptc_n7_b13,+,13.7500,1,55,62,0.901639,1
Gemma-3-27B,discovery,ibp_correct,ibp_ptc_n7_b233,-,16.8750,1,60,62,0.983607,1
Gemma-3-27B,discovery,ibp_correct,ibp_pts_n7_b131,-,14.5000,1,11,62,0.180328,0
Gemma-3-27B,discovery,ibp_correct,ibp_ptc_n8_b193,+,17.5000,1,55,62,0.901639,1
Gemma-3-27B,discovery,ibp_correct,ibp_pts_n7_b151,+,19.6250,1,55,62,0.901639,1
Gemma-3-27B,discovery,ibp_correct,ibp_pts_n8_b151,+,16.0000,1,55,62,0.901639,1
Gemma-3-27B,discovery,ibp_correct,ibp_pts_n7_b269,-,20.3750,1,61,62,1.000000,1
Gemma-3-27B,discovery,ibp_correct,ibp_ptc_n8_b181,-,15.0000,1,60,62,0.983607,1
Gemma-3-27B,discovery,ibp_correct,ibp_ptc_n5_b101,+,17.8750,1,55,62,0.901639,1
Gemma-3-27B,discovery,ibp_correct,ibp_pts_n5_b131,-,21.7500,1,61,62,1.000000,1
Gemma-3-27B,discovery,ibp_correct,ibp_pts_n7_b71,+,17.2500,1,47,62,0.770492,1
Gemma-3-27B,discovery,ibp_correct,ibp_pts_n5_b197,+,19.7500,1,55,62,0.901639,1
Gemma-3-27B,discovery,ibp_correct,ibp_ptc_n3_b5,+,26.7500,1,55,62,0.901639,1
Gemma-3-27B,discovery,ibp_correct,ibp_pts_n8_b71,+,17.6250,1,55,62,0.901639,1
Gemma-3-27B,discovery,ibp_correct,ibp_ptc_n7_b157,-,21.5000,1,61,62,1.000000,1
Gemma-3-27B,discovery,ibp_correct,ibp_ptc_n7_b8,-,14.6250,1,60,62,0.983607,1
Gemma-3-27B,discovery,ibp_correct,ibp_ptc_n2_b14,-,26.0000,1,61,62,1.000000,1
Gemma-3-27B,discovery,ibp_correct,ibp_pts_n7_b193,+,22.2500,1,55,62,0.901639,1
Gemma-3-27B,discovery,ibp_correct,ibp_ptc_n10_b41,+,11.2500,1,55,62,0.901639,1
Gemma-3-27B,discovery,ibp_correct,ibp_ptc_n7_b179,+,17.5000,1,55,62,0.901639,1
Gemma-3-27B,discovery,ibp_correct,ibp_ptc_n11_b197,-,5.0000,1,12,62,0.196721,0
Gemma-3-27B,discovery,ibp_correct,ibp_ptc_n11_b181,+,8.8750,1,55,62,0.901639,1
Gemma-3-27B,discovery,ibp_correct,ibp_ptc_n7_b31,+,20.0000,1,55,62,0.901639,1
Gemma-3-27B,discovery,ibp_correct,ibp_ptc_n8_b131,+,13.8750,1,55,62,0.901639,1
Gemma-3-27B,discovery,ibp_correct,ibp_ptc_n10_b191,-,7.3750,1,60,62,0.983607,1
Gemma-3-27B,discovery,ibp_correct,ibp_ptc_n5_b131,-,19.5000,1,61,62,1.000000,1
Gemma-3-27B,discovery,ibp_correct,ibp_ptc_n5_b223,+,14.8750,1,55,62,0.901639,1
Gemma-3-27B,discovery,ibp_correct,ibp_pts_n7_b53,-,20.8750,1,59,62,0.967213,1
Gemma-3-27B,discovery,ibp_correct,ibp_ptc_n8_b39,+,14.1250,1,55,62,0.901639,1
Gemma-3-27B,discovery,ibp_correct,ibp_ptc_n0_b5,-,25.3125,1,61,62,1.000000,1
Gemma-3-27B,discovery,ibp_correct,ibp_pts_n7_b163,-,20.7500,1,61,62,1.000000,1
Gemma-3-27B,discovery,ibp_correct,ibp_ptc_n5_b3,-,17.7500,1,60,62,0.983607,1
Gemma-3-27B,discovery,ibp_correct,ibp_ptc_n7_b59,+,20.1250,1,59,62,0.967213,1
Gemma-3-27B,discovery,ibp_correct,ibp_pts_n7_b139,-,12.7500,1,60,62,0.983607,1
Gemma-3-27B,discovery,ibp_correct,ibp_ptc_n9_b2,+,15.3750,1,55,62,0.901639,1
Gemma-3-27B,discovery,ibp_correct,ibp_pts_n7_b137,-,13.5000,1,60,62,0.983607,1
Gemma-3-27B,heldout,det_error,NC_4x4_det_1837,-,11.2500,1,60,62,0.983607,1
Gemma-3-27B,heldout,det_error,NC_4x4_det_1360,+,-3.3750,0,42,62,0.688525,0
Gemma-3-27B,heldout,det_error,NC2_4x4_det_1689,-,0.0000,0,12,62,0.196721,0
Gemma-3-27B,heldout,det_error,NC_4x4_det_1328,-,1.5000,0,13,62,0.213115,0
Gemma-3-27B,heldout,det_error,NC_4x4_det_445,+,-1.8750,0,42,62,0.688525,0
Gemma-3-27B,heldout,det_error,NC_4x4_det_1865,+,-8.1250,0,42,62,0.688525,0
Gemma-3-27B,heldout,det_error,NC_4x4_det_325,+,2.7500,1,55,62,0.901639,1
Gemma-3-27B,heldout,det_error,NC2_4x4_det_0784,-,-3.6250,0,13,62,0.213115,0
Gemma-3-27B,heldout,det_error,NC2_4x4_det_1204,+,-1.8750,0,42,62,0.688525,0
Gemma-3-27B,heldout,det_error,NC2_4x4_det_1973,-,-11.7188,0,12,62,0.196721,0
Gemma-3-27B,heldout,det_error,NC_4x4_det_264,-,11.1250,1,60,62,0.983607,1
Gemma-3-27B,heldout,det_error,NC_4x4_det_116,-,-0.2500,0,13,62,0.213115,0
Gemma-3-27B,heldout,det_error,NC2_4x4_det_1001,-,1.5000,0,10,62,0.163934,0
Gemma-3-27B,heldout,det_error,NC_4x4_det_583,+,14.7500,1,55,62,0.901639,1
Gemma-3-27B,heldout,det_error,NC2_4x4_det_0112,-,1.8750,0,13,62,0.213115,0
Gemma-3-27B,heldout,det_error,NC_4x4_det_1422,+,12.8750,1,55,62,0.901639,1
Gemma-3-27B,heldout,det_error,NC2_4x4_det_1002,-,-1.5000,0,9,62,0.147541,0
Gemma-3-27B,heldout,det_error,NC2_4x4_det_0252,+,-1.7500,0,42,62,0.688525,0
Gemma-3-27B,heldout,det_error,NC2_4x4_det_1009,+,-0.5000,0,42,62,0.688525,0
Gemma-3-27B,heldout,det_error,NC2_4x4_det_0845,+,-2.8750,0,42,62,0.688525,0
Gemma-3-27B,heldout,det_error,NC2_4x4_det_1834,-,0.3750,0,12,62,0.196721,0
Gemma-3-27B,heldout,det_error,NC2_4x4_det_0793,+,6.7500,1,55,62,0.901639,1
Gemma-3-27B,heldout,det_error,NC_4x4_det_293,-,-2.3750,0,13,62,0.213115,0
Gemma-3-27B,heldout,det_error,NC_4x4_det_1679,+,-1.5000,0,42,62,0.688525,0
Gemma-3-27B,heldout,det_error,NC_4x4_det_1700,+,0.1250,0,55,62,0.901639,1
Gemma-3-27B,heldout,det_error,NC_4x4_det_190,+,-5.3750,0,42,62,0.688525,0
Gemma-3-27B,heldout,det_error,NC_4x4_det_1282,+,6.6250,1,55,62,0.901639,1
Gemma-3-27B,heldout,det_error,NC_4x4_det_674,-,2.1250,1,12,62,0.196721,0
Gemma-3-27B,heldout,det_error,NC2_4x4_det_0313,+,-4.1250,0,42,62,0.688525,0
Gemma-3-27B,heldout,det_error,NC_4x4_det_1345,-,1.7500,0,60,62,0.983607,1
Gemma-3-27B,heldout,det_error,NC_4x4_det_1593,+,16.3750,1,55,62,0.901639,1
Gemma-3-27B,heldout,det_error,NC_4x4_det_005,-,14.5000,1,59,62,0.967213,1
Gemma-3-27B,heldout,det_error,NC_4x4_det_1437,+,0.0000,0,42,62,0.688525,0
Gemma-3-27B,heldout,det_error,NC2_4x4_det_0978,+,-0.5000,0,42,62,0.688525,0
Gemma-3-27B,heldout,det_error,NC2_4x4_det_0753,-,3.5000,1,9,62,0.147541,0
Gemma-3-27B,heldout,det_error,NC2_4x4_det_1286,+,14.0000,1,55,62,0.901639,1
Gemma-3-27B,heldout,det_error,NC_4x4_det_427,+,0.3750,0,55,62,0.901639,1
Gemma-3-27B,heldout,det_error,NC2_4x4_det_0262,+,6.0000,1,55,62,0.901639,1
Gemma-3-27B,heldout,det_error,NC2_4x4_det_0950,+,-1.1250,0,42,62,0.688525,0
Gemma-3-27B,heldout,det_error,NC2_4x4_det_0722,+,8.8750,1,55,62,0.901639,1
Gemma-3-27B,heldout,det_error,NC_4x4_det_1936,+,3.5000,1,55,62,0.901639,1
Gemma-3-27B,heldout,det_error,NC2_4x4_det_0708,-,10.6250,1,60,62,0.983607,1
Gemma-3-27B,heldout,det_error,NC2_4x4_det_1741,+,-2.0000,0,42,62,0.688525,0
Gemma-3-27B,heldout,det_error,NC2_4x4_det_0745,+,-2.1250,0,42,62,0.688525,0
Gemma-3-27B,heldout,det_error,NC_4x4_det_428,+,-2.7500,0,42,62,0.688525,0
Gemma-3-27B,heldout,det_error,NC_4x4_det_1143,-,3.0000,1,13,62,0.213115,0
Gemma-3-27B,heldout,det_error,NC_4x4_det_1980,+,0.8750,0,55,62,0.901639,1
Gemma-3-27B,heldout,det_error,NC_4x4_det_267,-,-3.7500,0,12,62,0.196721,0
Gemma-3-27B,heldout,det_error,NC_4x4_det_1973,+,1.2500,0,55,62,0.901639,1
Gemma-3-27B,heldout,det_error,NC2_4x4_det_1688,+,-2.0000,0,42,62,0.688525,0
Gemma-3-27B,heldout,det_error,NC_4x4_det_1344,+,-1.1250,0,55,62,0.901639,1
Gemma-3-27B,heldout,det_error,NC_4x4_det_163,-,11.7500,1,60,62,0.983607,1
Gemma-3-27B,heldout,det_error,NC2_4x4_det_0801,-,0.8750,0,13,62,0.213115,0
Gemma-3-27B,heldout,det_error,NC_4x4_det_080,+,0.3750,0,55,62,0.901639,1
Gemma-3-27B,heldout,det_error,NC2_4x4_det_0301,+,-1.3750,0,42,62,0.688525,0
Gemma-3-27B,heldout,det_error,NC2_4x4_det_1462,+,5.5000,1,55,62,0.901639,1
Gemma-3-27B,heldout,det_error,NC_4x4_det_0999,+,-0.7500,0,55,62,0.901639,1
Gemma-3-27B,heldout,det_error,NC2_4x4_det_1838,-,2.7500,1,61,62,1.000000,1
Gemma-3-27B,heldout,det_error,NC2_4x4_det_0695,+,-4.6250,0,42,62,0.688525,0
Gemma-3-27B,heldout,det_error,NC_4x4_det_1900,+,2.2500,1,55,62,0.901639,1
Gemma-3-27B,heldout,det_error,NC2_4x4_det_0303,+,1.1250,0,42,62,0.688525,0
Gemma-3-27B,heldout,det_error,NC2_4x4_det_0488,+,-1.7500,0,42,62,0.688525,0
Gemma-3-27B,heldout,det_error,NC_4x4_det_712,+,-3.2500,0,42,62,0.688525,0
Gemma-3-27B,heldout,det_error,NC2_4x4_det_0210,+,4.8750,1,50,62,0.819672,1
Gemma-3-27B,heldout,det_error,NC2_4x4_det_0031,+,0.8750,0,42,62,0.688525,0
Gemma-3-27B,heldout,det_error,NC_4x4_det_1094,+,-0.1250,0,42,62,0.688525,0
Gemma-3-27B,heldout,det_error,NC2_4x4_det_0931,+,8.8750,1,55,62,0.901639,1
Gemma-3-27B,heldout,det_error,NC2_4x4_det_1414,+,-4.7500,0,55,62,0.901639,1
Gemma-3-27B,heldout,det_error,NC_4x4_det_1071,+,-4.6250,0,42,62,0.688525,0
Gemma-3-27B,heldout,det_error,NC2_4x4_det_0386,-,1.1250,0,13,62,0.213115,0
Gemma-3-27B,heldout,det_error,NC_4x4_det_1291,-,4.6250,1,13,62,0.213115,0
Gemma-3-27B,heldout,det_error,NC_4x4_det_0931,-,4.0000,1,13,62,0.213115,0
Gemma-3-27B,heldout,det_error,NC2_4x4_det_0277,+,14.7500,1,55,62,0.901639,1
Gemma-3-27B,heldout,det_error,NC_4x4_det_1828,+,-1.2500,0,42,62,0.688525,0
Gemma-3-27B,heldout,det_error,NC_4x4_det_1852,+,10.1250,1,55,62,0.901639,1
Gemma-3-27B,heldout,det_error,NC_4x4_det_161,-,-0.1875,0,12,62,0.196721,0
Gemma-3-27B,heldout,det_error,NC2_4x4_det_0427,+,-4.3750,0,42,62,0.688525,0
Gemma-3-27B,heldout,det_error,NC2_4x4_det_0468,+,0.1250,0,50,62,0.819672,1
Gemma-3-27B,heldout,det_error,NC2_4x4_det_0741,+,-2.0000,0,42,62,0.688525,0
Gemma-3-27B,heldout,det_error,NC2_4x4_det_1705,+,-0.5000,0,55,62,0.901639,1
Gemma-3-27B,heldout,det_error,NC2_4x4_det_1512,+,-3.7500,0,42,62,0.688525,0
Gemma-3-27B,heldout,det_error,NC_4x4_det_1910,+,-0.2500,0,55,62,0.901639,1
Gemma-3-27B,heldout,det_error,NC2_4x4_det_1811,+,-0.8750,0,50,62,0.819672,1
Gemma-3-27B,heldout,det_error,NC_4x4_det_1464,+,-1.6250,0,42,62,0.688525,0
Gemma-3-27B,heldout,det_error,NC_4x4_det_1883,+,-2.8750,0,42,62,0.688525,0
Gemma-3-27B,heldout,det_error,NC_4x4_det_1919,-,-3.6250,0,12,62,0.196721,0
Gemma-3-27B,heldout,det_error,NC2_4x4_det_1422,-,5.8750,1,12,62,0.196721,0
Gemma-3-27B,heldout,det_error,NC2_4x4_det_1269,+,3.7500,1,45,62,0.737705,0
Gemma-3-27B,heldout,det_error,NC2_4x4_det_1330,-,12.0000,1,61,62,1.000000,1
Gemma-3-27B,heldout,det_error,NC_4x4_det_229,-,7.1250,1,12,62,0.196721,0
Gemma-3-27B,heldout,det_error,NC_4x4_det_215,+,-2.5000,0,42,62,0.688525,0
Gemma-3-27B,heldout,det_error,NC_4x4_det_1917,-,8.1250,1,60,62,0.983607,1
Gemma-3-27B,heldout,det_error,NC2_4x4_det_0249,+,-0.5000,0,55,62,0.901639,1
Gemma-3-27B,heldout,det_error,NC_4x4_det_1492,+,1.1250,0,55,62,0.901639,1
Gemma-3-27B,heldout,det_error,NC2_4x4_det_1872,+,10.0000,1,55,62,0.901639,1
Gemma-3-27B,heldout,det_error,NC_4x4_det_087,-,3.8750,1,13,62,0.213115,0
Gemma-3-27B,heldout,det_error,NC2_4x4_det_0131,+,5.6250,1,55,62,0.901639,1
Gemma-3-27B,heldout,det_error,NC_4x4_det_0907,+,5.0000,1,55,62,0.901639,1
Gemma-3-27B,heldout,det_error,NC2_4x4_det_1100,-,-2.1250,0,12,62,0.196721,0
Gemma-3-27B,heldout,det_error,NC_4x4_det_011,+,19.8750,1,55,62,0.901639,1
Gemma-3-27B,heldout,det_error,NC_4x4_det_069,-,5.3750,1,12,62,0.196721,0
Gemma-3-27B,heldout,det_error,NC2_4x4_det_1793,-,11.2500,1,60,62,0.983607,1
Gemma-3-27B,heldout,det_error,NC_4x4_det_0993,+,-0.2500,0,55,62,0.901639,1
Gemma-3-27B,heldout,det_error,NC_4x4_det_1474,+,-4.8750,0,42,62,0.688525,0
Gemma-3-27B,heldout,det_error,NC2_4x4_det_0872,+,-1.6250,0,42,62,0.688525,0
Gemma-3-27B,heldout,det_error,NC_4x4_det_538,-,2.5000,1,12,62,0.196721,0
Gemma-3-27B,heldout,det_error,NC2_4x4_det_1854,-,-3.5000,0,12,62,0.196721,0
Gemma-3-27B,heldout,det_error,NC2_4x4_det_0284,+,3.1250,1,55,62,0.901639,1
Gemma-3-27B,heldout,det_error,NC2_4x4_det_1545,+,-1.2500,0,57,62,0.934426,1
Gemma-3-27B,heldout,det_error,NC_4x4_det_290,+,-1.1250,0,42,62,0.688525,0
Gemma-3-27B,heldout,det_error,NC2_4x4_det_0974,+,2.2500,1,55,62,0.901639,1
Gemma-3-27B,heldout,det_error,NC_4x4_det_1742,+,-2.3750,0,42,62,0.688525,0
Gemma-3-27B,heldout,det_error,NC_4x4_det_0858,+,0.6250,0,55,62,0.901639,1
Gemma-3-27B,heldout,det_error,NC_4x4_det_1196,+,7.8750,1,55,62,0.901639,1
Gemma-3-27B,heldout,det_error,NC2_4x4_det_1375,+,-0.8750,0,55,62,0.901639,1
Gemma-3-27B,heldout,det_error,NC2_4x4_det_1915,-,2.1250,1,13,62,0.213115,0
Gemma-3-27B,heldout,det_error,NC2_4x4_det_1284,-,13.6250,1,61,62,1.000000,1
Gemma-3-27B,heldout,det_error,NC2_4x4_det_0844,+,0.0000,0,55,62,0.901639,1
Gemma-3-27B,heldout,det_error,NC2_4x4_det_0968,+,-3.7500,0,42,62,0.688525,0
Gemma-3-27B,heldout,det_error,NC_4x4_det_487,-,-4.0000,0,13,62,0.213115,0
Gemma-3-27B,heldout,det_error,NC2_4x4_det_1715,+,-5.0000,0,55,62,0.901639,1
Gemma-3-27B,heldout,det_error,NC2_4x4_det_0314,-,3.2500,1,13,62,0.213115,0
Gemma-3-27B,heldout,det_error,NC_4x4_det_1440,+,6.8750,1,55,62,0.901639,1
Gemma-3-27B,heldout,det_error,NC_4x4_det_137,+,2.0000,1,55,62,0.901639,1
Gemma-3-27B,heldout,det_error,NC_4x4_det_1532,+,5.7500,1,55,62,0.901639,1
Gemma-3-27B,heldout,det_error,NC2_4x4_det_1085,+,-0.8750,0,38,62,0.622951,0
Gemma-3-27B,heldout,det_correct,NC_4x4_det_248,+,8.6250,1,58,62,0.950820,1
Gemma-3-27B,heldout,det_correct,NC_4x4_det_249,-,5.2500,1,13,62,0.213115,0
Gemma-3-27B,heldout,det_correct,NC_4x4_det_250,-,7.1250,1,13,62,0.213115,0
Gemma-3-27B,heldout,det_correct,NC_4x4_det_251,-,10.8750,1,13,62,0.213115,0
Gemma-3-27B,heldout,det_correct,NC_4x4_det_252,-,11.7500,1,13,62,0.213115,0
Gemma-3-27B,heldout,det_correct,NC_4x4_det_253,-,11.3750,1,13,62,0.213115,0
Gemma-3-27B,heldout,det_correct,NC_4x4_det_254,+,11.7500,1,58,62,0.950820,1
Gemma-3-27B,heldout,det_correct,NC_4x4_det_255,-,11.6250,1,13,62,0.213115,0
Gemma-3-27B,heldout,det_correct,NC_4x4_det_256,+,7.0000,1,55,62,0.901639,1
Gemma-3-27B,heldout,det_correct,NC_4x4_det_257,+,0.0000,0,39,62,0.639344,0
Gemma-3-27B,heldout,det_correct,NC_4x4_det_258,-,11.0000,1,13,62,0.213115,0
Gemma-3-27B,heldout,det_correct,NC_4x4_det_260,-,9.5000,1,13,62,0.213115,0
Gemma-3-27B,heldout,det_correct,NC_4x4_det_262,+,-2.0000,0,39,62,0.639344,0
Gemma-3-27B,heldout,det_correct,NC_4x4_det_265,+,-0.2500,0,39,62,0.639344,0
Gemma-3-27B,heldout,det_correct,NC_4x4_det_266,-,10.5000,1,13,62,0.213115,0
Gemma-3-27B,heldout,det_correct,NC_4x4_det_268,-,6.8750,1,13,62,0.213115,0
Gemma-3-27B,heldout,det_correct,NC_4x4_det_269,-,12.3750,1,13,62,0.213115,0
Gemma-3-27B,heldout,det_correct,NC_4x4_det_270,-,6.8750,1,13,62,0.213115,0
Gemma-3-27B,heldout,det_correct,NC_4x4_det_271,-,10.1250,1,13,62,0.213115,0
Gemma-3-27B,heldout,det_correct,NC_4x4_det_272,+,9.5000,1,58,62,0.950820,1
Gemma-3-27B,heldout,det_correct,NC_4x4_det_273,-,7.8750,1,13,62,0.213115,0
Gemma-3-27B,heldout,det_correct,NC_4x4_det_275,-,8.6250,1,13,62,0.213115,0
Gemma-3-27B,heldout,det_correct,NC_4x4_det_276,-,3.7500,1,13,62,0.213115,0
Gemma-3-27B,heldout,det_correct,NC_4x4_det_278,-,6.6250,1,13,62,0.213115,0
Gemma-3-27B,heldout,det_correct,NC_4x4_det_280,+,0.8750,0,39,62,0.639344,0
Gemma-3-27B,heldout,det_correct,NC_4x4_det_281,+,7.7500,1,58,62,0.950820,1
Gemma-3-27B,heldout,det_correct,NC_4x4_det_284,-,7.2500,1,13,62,0.213115,0
Gemma-3-27B,heldout,det_correct,NC_4x4_det_286,-,8.0000,1,13,62,0.213115,0
Gemma-3-27B,heldout,det_correct,NC_4x4_det_287,-,7.8750,1,60,62,0.983607,1
Gemma-3-27B,heldout,det_correct,NC_4x4_det_289,+,3.3750,1,39,62,0.639344,0
Gemma-3-27B,heldout,det_correct,NC_4x4_det_291,+,2.3750,1,39,62,0.639344,0
Gemma-3-27B,heldout,det_correct,NC_4x4_det_292,-,7.8750,1,13,62,0.213115,0
Gemma-3-27B,heldout,det_correct,NC_4x4_det_294,-,7.6250,1,13,62,0.213115,0
Gemma-3-27B,heldout,det_correct,NC_4x4_det_295,-,6.2500,1,13,62,0.213115,0
Gemma-3-27B,heldout,det_correct,NC_4x4_det_296,-,8.6250,1,13,62,0.213115,0
Gemma-3-27B,heldout,det_correct,NC_4x4_det_297,+,0.0000,0,39,62,0.639344,0
Gemma-3-27B,heldout,det_correct,NC_4x4_det_298,-,8.3750,1,13,62,0.213115,0
Gemma-3-27B,heldout,det_correct,NC_4x4_det_299,-,4.5000,1,13,62,0.213115,0
Gemma-3-27B,heldout,det_correct,NC_4x4_det_300,-,12.0000,1,13,62,0.213115,0
Gemma-3-27B,heldout,det_correct,NC_4x4_det_301,+,4.6250,1,38,62,0.622951,0
Gemma-3-27B,heldout,det_correct,NC_4x4_det_302,-,11.3750,1,13,62,0.213115,0
Gemma-3-27B,heldout,det_correct,NC_4x4_det_303,+,12.3750,1,55,62,0.901639,1
Gemma-3-27B,heldout,det_correct,NC_4x4_det_304,-,12.7500,1,13,62,0.213115,0
Gemma-3-27B,heldout,det_correct,NC_4x4_det_305,+,3.8750,1,57,62,0.934426,1
Gemma-3-27B,heldout,det_correct,NC_4x4_det_307,-,11.2500,1,13,62,0.213115,0
Gemma-3-27B,heldout,det_correct,NC_4x4_det_308,-,11.6250,1,60,62,0.983607,1
Gemma-3-27B,heldout,det_correct,NC_4x4_det_309,-,9.6250,1,13,62,0.213115,0
Gemma-3-27B,heldout,det_correct,NC_4x4_det_310,+,0.0000,0,45,62,0.737705,0
Gemma-3-27B,heldout,det_correct,NC_4x4_det_311,-,10.8750,1,13,62,0.213115,0
Gemma-3-27B,heldout,det_correct,NC_4x4_det_312,-,10.0000,1,13,62,0.213115,0
Gemma-3-27B,heldout,det_correct,NC_4x4_det_313,+,-3.2500,0,39,62,0.639344,0
Gemma-3-27B,heldout,det_correct,NC_4x4_det_314,-,12.0000,1,13,62,0.213115,0
Gemma-3-27B,heldout,det_correct,NC_4x4_det_315,-,8.2500,1,13,62,0.213115,0
Gemma-3-27B,heldout,det_correct,NC_4x4_det_317,-,7.5000,1,60,62,0.983607,1
Gemma-3-27B,heldout,det_correct,NC_4x4_det_318,-,11.3750,1,13,62,0.213115,0
Gemma-3-27B,heldout,det_correct,NC_4x4_det_319,+,1.5000,0,39,62,0.639344,0
Gemma-3-27B,heldout,det_correct,NC_4x4_det_321,+,-0.8750,0,39,62,0.639344,0
Gemma-3-27B,heldout,det_correct,NC_4x4_det_322,-,6.1250,1,13,62,0.213115,0
Gemma-3-27B,heldout,det_correct,NC_4x4_det_323,+,0.0000,0,39,62,0.639344,0
Gemma-3-27B,heldout,det_correct,NC_4x4_det_326,-,7.3750,1,13,62,0.213115,0
Gemma-3-27B,heldout,det_correct,NC_4x4_det_327,+,-0.3750,0,35,62,0.573770,0
Gemma-3-27B,heldout,det_correct,NC_4x4_det_328,-,6.2500,1,13,62,0.213115,0
Gemma-3-27B,heldout,det_correct,NC_4x4_det_329,-,9.0000,1,59,62,0.967213,1
Gemma-3-27B,heldout,det_correct,NC_4x4_det_330,-,11.1250,1,13,62,0.213115,0
Gemma-3-27B,heldout,det_correct,NC_4x4_det_331,+,2.8750,1,58,62,0.950820,1
Gemma-3-27B,heldout,det_correct,NC_4x4_det_332,-,8.8750,1,13,62,0.213115,0
Gemma-3-27B,heldout,det_correct,NC_4x4_det_333,-,11.3750,1,13,62,0.213115,0
Gemma-3-27B,heldout,det_correct,NC_4x4_det_334,-,10.7500,1,13,62,0.213115,0
Gemma-3-27B,heldout,det_correct,NC_4x4_det_335,-,9.2500,1,13,62,0.213115,0
Gemma-3-27B,heldout,det_correct,NC_4x4_det_336,-,8.7500,1,13,62,0.213115,0
Gemma-3-27B,heldout,det_correct,NC_4x4_det_337,+,0.6250,0,39,62,0.639344,0
Gemma-3-27B,heldout,det_correct,NC_4x4_det_338,+,9.1250,1,58,62,0.950820,1
Gemma-3-27B,heldout,det_correct,NC_4x4_det_339,-,6.6250,1,13,62,0.213115,0
Gemma-3-27B,heldout,det_correct,NC_4x4_det_343,+,2.2500,1,35,62,0.573770,0
Gemma-3-27B,heldout,det_correct,NC_4x4_det_344,+,2.6250,1,39,62,0.639344,0
Gemma-3-27B,heldout,det_correct,NC_4x4_det_345,+,5.7500,1,38,62,0.622951,0
Gemma-3-27B,heldout,det_correct,NC_4x4_det_346,-,12.7500,1,13,62,0.213115,0
Gemma-3-27B,heldout,det_correct,NC_4x4_det_347,+,6.7500,1,55,62,0.901639,1
Gemma-3-27B,heldout,det_correct,NC_4x4_det_348,-,9.1250,1,60,62,0.983607,1
Gemma-3-27B,heldout,det_correct,NC_4x4_det_349,-,7.8750,1,13,62,0.213115,0
Gemma-3-27B,heldout,det_correct,NC_4x4_det_350,-,8.7500,1,13,62,0.213115,0
Gemma-3-27B,heldout,det_correct,NC_4x4_det_351,+,12.6250,1,58,62,0.950820,1
Gemma-3-27B,heldout,det_correct,NC_4x4_det_353,+,-0.3750,0,39,62,0.639344,0
Gemma-3-27B,heldout,det_correct,NC_4x4_det_354,-,7.2500,1,13,62,0.213115,0
Gemma-3-27B,heldout,det_correct,NC_4x4_det_355,-,4.1250,1,13,62,0.213115,0
Gemma-3-27B,heldout,det_correct,NC_4x4_det_356,+,5.5000,1,55,62,0.901639,1
Gemma-3-27B,heldout,det_correct,NC_4x4_det_357,-,12.3750,1,59,62,0.967213,1
Gemma-3-27B,heldout,det_correct,NC_4x4_det_358,+,5.6250,1,58,62,0.950820,1
Gemma-3-27B,heldout,det_correct,NC_4x4_det_359,-,9.5000,1,59,62,0.967213,1
Gemma-3-27B,heldout,det_correct,NC_4x4_det_361,-,8.0000,1,13,62,0.213115,0
Gemma-3-27B,heldout,det_correct,NC_4x4_det_362,-,8.0000,1,13,62,0.213115,0
Gemma-3-27B,heldout,det_correct,NC_4x4_det_363,-,12.0000,1,13,62,0.213115,0
Gemma-3-27B,heldout,det_correct,NC_4x4_det_364,-,7.5000,1,13,62,0.213115,0
Gemma-3-27B,heldout,det_correct,NC_4x4_det_367,-,8.3750,1,13,62,0.213115,0
Gemma-3-27B,heldout,det_correct,NC_4x4_det_368,-,9.5000,1,13,62,0.213115,0
Gemma-3-27B,heldout,det_correct,NC_4x4_det_369,-,10.8750,1,59,62,0.967213,1
Gemma-3-27B,heldout,det_correct,NC_4x4_det_370,-,12.0000,1,13,62,0.213115,0
Gemma-3-27B,heldout,det_correct,NC_4x4_det_371,-,8.0000,1,13,62,0.213115,0
Gemma-3-27B,heldout,det_correct,NC_4x4_det_373,+,1.6250,0,58,62,0.950820,1
Gemma-3-27B,heldout,det_correct,NC_4x4_det_374,-,11.2500,1,13,62,0.213115,0
Gemma-3-27B,heldout,det_correct,NC_4x4_det_375,+,3.0000,1,55,62,0.901639,1
Gemma-3-27B,heldout,det_correct,NC_4x4_det_376,-,4.5000,1,13,62,0.213115,0
Gemma-3-27B,heldout,det_correct,NC_4x4_det_377,+,3.7500,1,58,62,0.950820,1
Gemma-3-27B,heldout,det_correct,NC_4x4_det_378,-,9.1250,1,13,62,0.213115,0
Gemma-3-27B,heldout,det_correct,NC_4x4_det_379,+,1.8750,0,35,62,0.573770,0
Gemma-3-27B,heldout,det_correct,NC_4x4_det_380,-,7.6250,1,13,62,0.213115,0
Gemma-3-27B,heldout,det_correct,NC_4x4_det_381,-,11.1250,1,13,62,0.213115,0
Gemma-3-27B,heldout,det_correct,NC_4x4_det_384,+,4.5000,1,46,62,0.754098,1
Gemma-3-27B,heldout,det_correct,NC_4x4_det_385,-,7.3750,1,60,62,0.983607,1
Gemma-3-27B,heldout,det_correct,NC_4x4_det_386,-,9.2500,1,13,62,0.213115,0
Gemma-3-27B,heldout,det_correct,NC_4x4_det_388,-,4.8750,1,13,62,0.213115,0
Gemma-3-27B,heldout,det_correct,NC_4x4_det_389,-,11.8750,1,13,62,0.213115,0
Gemma-3-27B,heldout,det_correct,NC_4x4_det_390,-,8.6250,1,13,62,0.213115,0
Gemma-3-27B,heldout,det_correct,NC_4x4_det_391,-,6.2500,1,13,62,0.213115,0
Gemma-3-27B,heldout,det_correct,NC_4x4_det_392,-,10.8750,1,13,62,0.213115,0
Gemma-3-27B,heldout,det_correct,NC_4x4_det_393,+,10.0000,1,58,62,0.950820,1
Gemma-3-27B,heldout,det_correct,NC_4x4_det_394,-,10.0000,1,13,62,0.213115,0
Gemma-3-27B,heldout,det_correct,NC_4x4_det_395,-,4.5000,1,13,62,0.213115,0
Gemma-3-27B,heldout,det_correct,NC_4x4_det_396,-,6.2500,1,13,62,0.213115,0
Gemma-3-27B,heldout,det_correct,NC_4x4_det_398,-,8.3750,1,13,62,0.213115,0
Gemma-3-27B,heldout,det_correct,NC_4x4_det_399,+,10.5000,1,58,62,0.950820,1
Gemma-3-27B,heldout,det_correct,NC_4x4_det_401,+,3.7500,1,45,62,0.737705,0
Gemma-3-27B,heldout,det_correct,NC_4x4_det_402,+,-1.5000,0,35,62,0.573770,0
Gemma-3-27B,heldout,det_correct,NC_4x4_det_403,+,4.8750,1,55,62,0.901639,1
Gemma-3-27B,heldout,det_correct,NC_4x4_det_404,-,7.7500,1,13,62,0.213115,0
Gemma-3-27B,heldout,det_correct,NC_4x4_det_405,-,8.7500,1,60,62,0.983607,1
Gemma-3-27B,heldout,det_correct,NC_4x4_det_406,-,7.0000,1,13,62,0.213115,0
Gemma-3-27B,heldout,det_correct,NC_4x4_det_407,-,2.6250,1,13,62,0.213115,0
Gemma-3-27B,heldout,det_correct,NC_4x4_det_408,+,1.0000,0,55,62,0.901639,1
Gemma-3-27B,heldout,det_correct,NC_4x4_det_409,-,6.0000,1,13,62,0.213115,0
Gemma-3-27B,heldout,det_correct,NC_4x4_det_411,-,7.7500,1,58,62,0.950820,1
Gemma-3-27B,heldout,det_correct,NC_4x4_det_412,+,4.0000,1,58,62,0.950820,1
Gemma-3-27B,heldout,det_correct,NC_4x4_det_413,+,0.7500,0,35,62,0.573770,0
Gemma-3-27B,heldout,det_correct,NC_4x4_det_415,-,9.7500,1,13,62,0.213115,0
Gemma-3-27B,heldout,det_correct,NC_4x4_det_416,-,11.7500,1,13,62,0.213115,0
Gemma-3-27B,heldout,det_correct,NC_4x4_det_417,-,9.2500,1,13,62,0.213115,0
Gemma-3-27B,heldout,det_correct,NC_4x4_det_418,-,11.2500,1,13,62,0.213115,0
Gemma-3-27B,heldout,det_correct,NC_4x4_det_419,-,8.0000,1,13,62,0.213115,0
Gemma-3-27B,heldout,ibp_error,ibp_ptc_n10_b127,+,6.7500,1,55,62,0.901639,1
Gemma-3-27B,heldout,ibp_error,ibp_ptc_n10_b193,-,4.2500,1,13,62,0.213115,0
Gemma-3-27B,heldout,ibp_error,ibp_ptc_n10_b233,-,3.2500,1,13,62,0.213115,0
Gemma-3-27B,heldout,ibp_error,ibp_ptc_n10_b61,-,4.3750,1,12,62,0.196721,0
Gemma-3-27B,heldout,ibp_error,ibp_ptc_n10_b79,+,9.2500,1,55,62,0.901639,1
Gemma-3-27B,heldout,ibp_error,ibp_ptc_n11_b19,+,6.1250,1,55,62,0.901639,1
Gemma-3-27B,heldout,ibp_error,ibp_ptc_n12_b101,+,5.1250,1,42,62,0.688525,0
Gemma-3-27B,heldout,ibp_error,ibp_ptc_n12_b13,-,9.6250,1,58,62,0.950820,1
Gemma-3-27B,heldout,ibp_error,ibp_ptc_n12_b2,-,8.6250,1,58,62,0.950820,1
Gemma-3-27B,heldout,ibp_error,ibp_ptc_n12_b45,+,7.8750,1,55,62,0.901639,1
Gemma-3-27B,heldout,ibp_error,ibp_ptc_n12_b51,-,1.5000,0,12,62,0.196721,0
Gemma-3-27B,heldout,ibp_error,ibp_ptc_n12_b73,+,6.5000,1,55,62,0.901639,1
Gemma-3-27B,heldout,ibp_error,ibp_ptc_n12_b8,-,2.2500,1,5,62,0.081967,0
Gemma-3-27B,heldout,ibp_error,ibp_ptc_n13_b10,-,0.5000,0,10,62,0.163934,0
Gemma-3-27B,heldout,ibp_error,ibp_ptc_n13_b103,+,7.3750,1,55,62,0.901639,1
Gemma-3-27B,heldout,ibp_error,ibp_ptc_n13_b11,+,10.0000,1,55,62,0.901639,1
Gemma-3-27B,heldout,ibp_error,ibp_ptc_n13_b23,+,8.0000,1,55,62,0.901639,1
Gemma-3-27B,heldout,ibp_error,ibp_ptc_n13_b61,+,3.8750,1,39,62,0.639344,0
Gemma-3-27B,heldout,ibp_error,ibp_ptc_n13_b97,-,-1.1250,0,12,62,0.196721,0
Gemma-3-27B,heldout,ibp_error,ibp_ptc_n14_b7,+,7.1250,1,55,62,0.901639,1
Gemma-3-27B,heldout,ibp_error,ibp_ptc_n14_b83,+,3.7500,1,39,62,0.639344,0
Gemma-3-27B,heldout,ibp_error,ibp_ptc_n15_b14,-,7.0000,1,58,62,0.950820,1
Gemma-3-27B,heldout,ibp_error,ibp_ptc_n15_b6,-,3.0000,1,12,62,0.196721,0
Gemma-3-27B,heldout,ibp_error,ibp_ptc_n16_b37,+,6.2500,1,55,62,0.901639,1
Gemma-3-27B,heldout,ibp_error,ibp_ptc_n16_b43,-,-4.5000,0,13,62,0.213115,0
Gemma-3-27B,heldout,ibp_error,ibp_ptc_n16_b53,-,-6.3750,0,12,62,0.196721,0
Gemma-3-27B,heldout,ibp_error,ibp_ptc_n16_b61,-,3.2500,1,12,62,0.196721,0
Gemma-3-27B,heldout,ibp_error,ibp_ptc_n7_b101,+,9.5000,1,55,62,0.901639,1
Gemma-3-27B,heldout,ibp_error,ibp_ptc_n7_b127,+,12.6250,1,55,62,0.901639,1
Gemma-3-27B,heldout,ibp_error,ibp_ptc_n7_b229,+,12.8750,1,55,62,0.901639,1
Gemma-3-27B,heldout,ibp_error,ibp_ptc_n7_b37,+,2.2500,1,55,62,0.901639,1
Gemma-3-27B,heldout,ibp_error,ibp_ptc_n8_b101,+,-5.8750,0,42,62,0.688525,0
Gemma-3-27B,heldout,ibp_error,ibp_ptc_n8_b229,-,2.5000,1,13,62,0.213115,0
Gemma-3-27B,heldout,ibp_error,ibp_ptc_n8_b257,-,3.2500,1,12,62,0.196721,0
Gemma-3-27B,heldout,ibp_error,ibp_ptc_n8_b51,+,7.1250,1,50,62,0.819672,1
Gemma-3-27B,heldout,ibp_error,ibp_ptc_n9_b15,-,-0.5000,0,12,62,0.196721,0
Gemma-3-27B,heldout,ibp_error,ibp_ptc_n9_b25,+,0.3750,0,39,62,0.639344,0
Gemma-3-27B,heldout,ibp_error,ibp_ptc_n9_b4,+,-5.8750,0,46,62,0.754098,1
Gemma-3-27B,heldout,ibp_error,ibp_pts_n10_b157,+,0.0000,0,38,62,0.622951,0
Gemma-3-27B,heldout,ibp_error,ibp_pts_n10_b179,+,2.3750,1,39,62,0.639344,0
Gemma-3-27B,heldout,ibp_error,ibp_pts_n10_b197,+,3.5000,1,39,62,0.639344,0
Gemma-3-27B,heldout,ibp_error,ibp_pts_n10_b47,-,2.2500,1,10,62,0.163934,0
Gemma-3-27B,heldout,ibp_error,ibp_pts_n10_b79,+,3.5000,1,38,62,0.622951,0
Gemma-3-27B,heldout,ibp_error,ibp_pts_n11_b107,-,-2.6250,0,12,62,0.196721,0
Gemma-3-27B,heldout,ibp_error,ibp_pts_n11_b113,+,7.8750,1,55,62,0.901639,1
Gemma-3-27B,heldout,ibp_error,ibp_pts_n11_b163,-,-1.5000,0,12,62,0.196721,0
Gemma-3-27B,heldout,ibp_error,ibp_pts_n11_b181,-,0.5000,0,10,62,0.163934,0
Gemma-3-27B,heldout,ibp_error,ibp_pts_n11_b197,+,16.7500,1,55,62,0.901639,1
Gemma-3-27B,heldout,ibp_error,ibp_pts_n11_b37,+,11.0000,1,55,62,0.901639,1
Gemma-3-27B,heldout,ibp_error,ibp_pts_n12_b41,+,-3.3750,0,44,62,0.721311,0
Gemma-3-27B,heldout,ibp_error,ibp_pts_n12_b51,+,-2.8750,0,44,62,0.721311,0
Gemma-3-27B,heldout,ibp_error,ibp_pts_n12_b53,+,6.6250,1,55,62,0.901639,1
Gemma-3-27B,heldout,ibp_error,ibp_pts_n13_b113,+,-0.5000,0,55,62,0.901639,1
Gemma-3-27B,heldout,ibp_error,ibp_pts_n13_b33,+,9.1250,1,55,62,0.901639,1
Gemma-3-27B,heldout,ibp_error,ibp_pts_n13_b41,+,1.3750,0,43,62,0.704918,0
Gemma-3-27B,heldout,ibp_error,ibp_pts_n13_b43,-,1.6875,0,12,62,0.196721,0
Gemma-3-27B,heldout,ibp_error,ibp_pts_n13_b47,-,13.1250,1,60,62,0.983607,1
Gemma-3-27B,heldout,ibp_error,ibp_pts_n13_b53,+,0.0000,0,38,62,0.622951,0
Gemma-3-27B,heldout,ibp_error,ibp_pts_n13_b67,-,1.2500,0,10,62,0.163934,0
Gemma-3-27B,heldout,ibp_error,ibp_pts_n13_b71,+,0.1250,0,43,62,0.704918,0
Gemma-3-27B,heldout,ibp_error,ibp_pts_n14_b33,-,2.1250,1,13,62,0.213115,0
Gemma-3-27B,heldout,ibp_error,ibp_pts_n14_b51,+,9.3750,1,55,62,0.901639,1
Gemma-3-27B,heldout,ibp_error,ibp_pts_n14_b73,+,-1.0000,0,38,62,0.622951,0
Gemma-3-27B,heldout,ibp_error,ibp_pts_n14_b89,-,0.5000,0,10,62,0.163934,0
Gemma-3-27B,heldout,ibp_error,ibp_pts_n15_b113,+,0.3750,0,55,62,0.901639,1
Gemma-3-27B,heldout,ibp_error,ibp_pts_n15_b83,+,9.6250,1,55,62,0.901639,1
Gemma-3-27B,heldout,ibp_error,ibp_pts_n16_b16,-,2.8750,1,58,62,0.950820,1
Gemma-3-27B,heldout,ibp_error,ibp_pts_n16_b61,+,-0.6250,0,44,62,0.721311,0
Gemma-3-27B,heldout,ibp_error,ibp_pts_n16_b79,+,4.2500,1,55,62,0.901639,1
Gemma-3-27B,heldout,ibp_error,ibp_pts_n16_b89,-,-6.7500,0,10,62,0.163934,0
Gemma-3-27B,heldout,ibp_error,ibp_pts_n8_b137,+,3.2500,1,38,62,0.622951,0
Gemma-3-27B,heldout,ibp_error,ibp_pts_n8_b139,+,0.7500,0,43,62,0.704918,0
Gemma-3-27B,heldout,ibp_error,ibp_pts_n8_b313,-,-1.8750,0,12,62,0.196721,0
Gemma-3-27B,heldout,ibp_correct,ibp_pts_n2_b9,-,12.5625,1,60,62,0.983607,1
Gemma-3-27B,heldout,ibp_correct,ibp_ptc_n14_b107,-,12.0000,1,46,62,0.754098,1
Gemma-3-27B,heldout,ibp_correct,ibp_ptc_n13_b41,-,13.5000,1,58,62,0.950820,1
Gemma-3-27B,heldout,ibp_correct,ibp_pts_n1_b6,-,11.6250,1,58,62,0.950820,1
Gemma-3-27B,heldout,ibp_correct,ibp_pts_n10_b31,-,14.1250,1,60,62,0.983607,1
Gemma-3-27B,heldout,ibp_correct,ibp_pts_n1_b10,-,10.7500,1,58,62,0.950820,1
Gemma-3-27B,heldout,ibp_correct,ibp_pts_n2_b10,-,14.5000,1,60,62,0.983607,1
Gemma-3-27B,heldout,ibp_correct,ibp_pts_n2_b6,-,13.7500,1,60,62,0.983607,1
Gemma-3-27B,heldout,ibp_correct,ibp_ptc_n14_b61,-,14.0000,1,60,62,0.983607,1
Gemma-3-27B,heldout,ibp_correct,ibp_pts_n1_b12,-,8.8750,1,55,62,0.901639,1
Gemma-3-27B,heldout,ibp_correct,ibp_pts_n2_b4,-,12.8750,1,60,62,0.983607,1
Gemma-3-27B,heldout,ibp_correct,ibp_pts_n1_b4,-,11.1250,1,58,62,0.950820,1
Gemma-3-27B,heldout,ibp_correct,ibp_pts_n13_b21,-,14.3750,1,60,62,0.983607,1
Gemma-3-27B,heldout,ibp_correct,ibp_ptc_n12_b37,-,15.2500,1,60,62,0.983607,1
Gemma-3-27B,heldout,ibp_correct,ibp_pts_n13_b59,-,2.6250,1,10,62,0.163934,0
Gemma-3-27B,heldout,ibp_correct,ibp_ptc_n13_b53,-,16.4375,1,60,62,0.983607,1
Gemma-3-27B,heldout,ibp_correct,ibp_pts_n2_b12,-,16.0000,1,60,62,0.983607,1
Gemma-3-27B,heldout,ibp_correct,ibp_ptc_n14_b71,-,14.6250,1,60,62,0.983607,1
Gemma-3-27B,heldout,ibp_correct,ibp_ptc_n16_b89,-,14.8750,1,60,62,0.983607,1
Gemma-3-27B,heldout,ibp_correct,ibp_ptc_n12_b103,-,11.3750,1,46,62,0.754098,1
Gemma-3-27B,heldout,ibp_correct,ibp_ptc_n13_b49,-,14.7500,1,60,62,0.983607,1
Gemma-3-27B,heldout,ibp_correct,ibp_pts_n2_b8,-,12.0625,1,58,62,0.950820,1
Gemma-3-27B,heldout,ibp_correct,ibp_pts_n7_b37,-,2.7500,1,10,62,0.163934,0
Gemma-3-27B,heldout,ibp_correct,ibp_ptc_n8_b191,-,19.0000,1,60,62,0.983607,1
Gemma-3-27B,heldout,ibp_correct,ibp_ptc_n8_b41,-,17.3750,1,60,62,0.983607,1
Gemma-3-27B,heldout,ibp_correct,ibp_ptc_n5_b1,-,15.1250,1,60,62,0.983607,1
Gemma-3-27B,heldout,ibp_correct,ibp_ptc_n7_b227,-,14.5000,1,60,62,0.983607,1
Gemma-3-27B,heldout,ibp_correct,ibp_pts_n7_b127,-,10.5000,1,60,62,0.983607,1
Gemma-3-27B,heldout,ibp_correct,ibp_ptc_n8_b317,-,15.8125,1,60,62,0.983607,1
Gemma-3-27B,heldout,ibp_correct,ibp_ptc_n5_b157,-,17.2500,1,60,62,0.983607,1
Gemma-3-27B,heldout,ibp_correct,ibp_ptc_n8_b151,-,19.6875,1,60,62,0.983607,1
Gemma-3-27B,heldout,ibp_correct,ibp_ptc_n1_b11,-,10.0625,1,58,62,0.950820,1
Gemma-3-27B,heldout,ibp_correct,ibp_pts_n5_b227,-,2.5000,1,10,62,0.163934,0
Gemma-3-27B,heldout,ibp_correct,ibp_pts_n5_b53,-,14.5000,1,60,62,0.983607,1
Gemma-3-27B,heldout,ibp_correct,ibp_ptc_n5_b71,-,15.6250,1,60,62,0.983607,1
Gemma-3-27B,heldout,ibp_correct,ibp_pts_n7_b83,-,11.5000,1,60,62,0.983607,1
Gemma-3-27B,heldout,ibp_correct,ibp_pts_n8_b61,-,14.2500,1,60,62,0.983607,1
Gemma-3-27B,heldout,ibp_correct,ibp_pts_n8_b191,-,14.6250,1,60,62,0.983607,1
Gemma-3-27B,heldout,ibp_correct,ibp_pts_n6_b5,-,17.2500,1,60,62,0.983607,1
Gemma-3-27B,heldout,ibp_correct,ibp_pts_n8_b199,-,16.7500,1,61,62,1.000000,1
Gemma-3-27B,heldout,ibp_correct,ibp_pts_n8_b103,-,14.6250,1,58,62,0.950820,1
Gemma-3-27B,heldout,ibp_correct,ibp_ptc_n3_b11,-,18.0625,1,60,62,0.983607,1
Gemma-3-27B,heldout,ibp_correct,ibp_ptc_n5_b59,-,15.1875,1,60,62,0.983607,1
Gemma-3-27B,heldout,ibp_correct,ibp_pts_n5_b59,-,19.3750,1,61,62,1.000000,1
Gemma-3-27B,heldout,ibp_correct,ibp_ptc_n7_b163,-,17.3750,1,60,62,0.983607,1
Gemma-3-27B,heldout,ibp_correct,ibp_ptc_n1_b1,-,13.5000,1,60,62,0.983607,1
Gemma-3-27B,heldout,ibp_correct,ibp_ptc_n10_b89,-,16.5625,1,60,62,0.983607,1
Gemma-3-27B,heldout,ibp_correct,ibp_ptc_n8_b149,-,16.4375,1,60,62,0.983607,1
Gemma-3-27B,heldout,ibp_correct,ibp_ptc_n7_b89,-,14.4375,1,58,62,0.950820,1
Gemma-3-27B,heldout,ibp_correct,ibp_ptc_n8_b211,-,16.0625,1,60,62,0.983607,1
Gemma-3-27B,heldout,ibp_correct,ibp_ptc_n8_b97,-,16.5625,1,60,62,0.983607,1
Gemma-3-27B,heldout,ibp_correct,ibp_pts_n7_b311,-,2.1250,1,12,62,0.196721,0
Gemma-3-27B,heldout,ibp_correct,ibp_pts_n8_b59,-,14.3750,1,60,62,0.983607,1
Gemma-3-27B,heldout,ibp_correct,ibp_pts_n8_b149,-,14.1250,1,58,62,0.950820,1
Gemma-3-27B,heldout,ibp_correct,ibp_ptc_n7_b79,-,13.0000,1,60,62,0.983607,1
Gemma-3-27B,heldout,ibp_correct,ibp_ptc_n5_b191,-,15.3750,1,60,62,0.983607,1
Gemma-3-27B,heldout,ibp_correct,ibp_ptc_n4_b11,-,18.2500,1,60,62,0.983607,1
Gemma-3-27B,heldout,ibp_correct,ibp_ptc_n8_b199,-,14.3750,1,58,62,0.950820,1
Gemma-3-27B,heldout,ibp_correct,ibp_ptc_n8_b59,-,16.2500,1,60,62,0.983607,1
Gemma-3-27B,heldout,ibp_correct,ibp_pts_n5_b103,-,3.7500,1,60,62,0.983607,1
Gemma-3-27B,heldout,ibp_correct,ibp_ptc_n2_b16,-,17.6875,1,60,62,0.983607,1
Gemma-3-27B,heldout,ibp_correct,ibp_ptc_n3_b10,-,17.6875,1,60,62,0.983607,1
Gemma-3-27B,heldout,ibp_correct,ibp_pts_n8_b131,-,2.7500,1,60,62,0.983607,1
Gemma-3-27B,heldout,ibp_correct,ibp_ptc_n5_b53,-,15.3125,1,60,62,0.983607,1
Gemma-3-27B,heldout,ibp_correct,ibp_ptc_n8_b73,-,7.7500,1,59,62,0.967213,1
Gemma-3-27B,heldout,ibp_correct,ibp_ptc_n5_b197,-,18.8750,1,61,62,1.000000,1
Gemma-3-27B,heldout,ibp_correct,ibp_ptc_n5_b211,-,15.3125,1,60,62,0.983607,1
Gemma-3-27B,heldout,ibp_correct,ibp_ptc_n8_b137,-,16.4375,1,60,62,0.983607,1
Gemma-3-27B,heldout,ibp_correct,ibp_ptc_n7_b313,-,17.3750,1,60,62,0.983607,1
Gemma-3-27B,heldout,ibp_correct,ibp_ptc_n7_b61,-,17.5000,1,60,62,0.983607,1
Gemma-3-27B,heldout,ibp_correct,ibp_ptc_n5_b229,-,14.3750,1,60,62,0.983607,1
Gemma-3-27B,heldout,ibp_correct,ibp_ptc_n3_b9,-,16.9375,1,60,62,0.983607,1
Gemma-3-27B,heldout,ibp_correct,ibp_pts_n8_b43,-,13.8750,1,60,62,0.983607,1
Gemma-3-27B,heldout,ibp_correct,ibp_ptc_n9_b11,-,14.6875,1,60,62,0.983607,1
Gemma-3-27B,heldout,ibp_correct,ibp_pts_n5_b223,-,15.6250,1,60,62,0.983607,1
Gemma-3-27B,heldout,ibp_correct,ibp_ptc_n8_b79,-,17.9375,1,60,62,0.983607,1
Gemma-3-27B,heldout,ibp_correct,ibp_pts_n5_b191,-,2.2500,1,60,62,0.983607,1
Gemma-3-27B,heldout,ibp_correct,ibp_pts_n7_b211,-,1.5000,0,10,62,0.163934,0
Gemma-3-27B,heldout,ibp_correct,ibp_ptc_n7_b139,-,17.9375,1,60,62,0.983607,1
Gemma-3-27B,heldout,ibp_correct,ibp_ptc_n7_b41,-,16.3750,1,60,62,0.983607,1
Gemma-3-27B,heldout,ibp_correct,ibp_ptc_n8_b173,-,16.9375,1,60,62,0.983607,1
Gemma-3-27B,heldout,ibp_correct,ibp_ptc_n5_b79,-,17.3750,1,60,62,0.983607,1
Gemma-3-27B,heldout,ibp_correct,ibp_ptc_n10_b157,-,16.9375,1,60,62,0.983607,1
Gemma-3-27B,heldout,ibp_correct,ibp_pts_n8_b193,-,18.1250,1,61,62,1.000000,1
Gemma-3-27B,heldout,ibp_correct,ibp_ptc_n6_b3,-,16.8125,1,60,62,0.983607,1
Gemma-3-27B,heldout,ibp_correct,ibp_ptc_n5_b61,-,17.3750,1,60,62,0.983607,1
Gemma-3-27B,heldout,ibp_correct,ibp_ptc_n7_b151,-,17.2500,1,60,62,0.983607,1
Gemma-3-27B,heldout,ibp_correct,ibp_ptc_n8_b113,-,17.3750,1,60,62,0.983607,1
Gemma-3-27B,heldout,ibp_correct,ibp_ptc_n7_b73,-,16.1250,1,60,62,0.983607,1
Gemma-3-27B,heldout,ibp_correct,ibp_ptc_n8_b313,-,14.5000,1,60,62,0.983607,1
Gemma-3-27B,heldout,ibp_correct,ibp_ptc_n8_b1,-,13.5000,1,60,62,0.983607,1
Gemma-3-27B,heldout,ibp_correct,ibp_pts_n6_b2,-,20.1250,1,61,62,1.000000,1
Gemma-3-27B,heldout,ibp_correct,ibp_ptc_n10_b173,-,9.1875,1,12,62,0.196721,0
Gemma-3-27B,heldout,ibp_correct,ibp_ptc_n7_b239,-,13.5000,1,60,62,0.983607,1
Gemma-3-27B,heldout,ibp_correct,ibp_pts_n8_b227,-,14.8750,1,60,62,0.983607,1
Gemma-3-27B,heldout,ibp_correct,ibp_pts_n8_b181,-,14.5000,1,60,62,0.983607,1
Gemma-3-27B,heldout,ibp_correct,ibp_pts_n10_b173,-,15.0000,1,60,62,0.983607,1
Gemma-3-27B,heldout,ibp_correct,ibp_ptc_n5_b179,-,16.7500,1,60,62,0.983607,1
Gemma-3-27B,heldout,ibp_correct,ibp_ptc_n7_b241,-,13.0000,1,46,62,0.754098,1
Gemma-3-27B,heldout,ibp_correct,ibp_pts_n5_b151,-,13.0000,1,60,62,0.983607,1
Gemma-3-27B,heldout,ibp_correct,ibp_ptc_n5_b5,-,13.6250,1,60,62,0.983607,1
Gemma-3-27B,heldout,ibp_correct,ibp_ptc_n5_b97,-,15.5000,1,60,62,0.983607,1
Gemma-3-27B,heldout,ibp_correct,ibp_ptc_n7_b167,-,18.0625,1,60,62,0.983607,1
Gemma-3-27B,heldout,ibp_correct,ibp_pts_n5_b149,-,2.7500,1,60,62,0.983607,1
Gemma-3-27B,heldout,ibp_correct,ibp_pts_n5_b89,-,14.5000,1,60,62,0.983607,1
Gemma-3-27B,heldout,ibp_correct,ibp_pts_n7_b79,-,18.8750,1,61,62,1.000000,1
Gemma-3-27B,heldout,ibp_correct,ibp_ptc_n7_b281,-,13.0000,1,46,62,0.754098,1
Gemma-3-27B,heldout,ibp_correct,ibp_ptc_n8_b53,-,15.1250,1,60,62,0.983607,1
Gemma-3-27B,heldout,ibp_correct,ibp_ptc_n8_b4,-,16.4375,1,60,62,0.983607,1
Gemma-3-27B,heldout,ibp_correct,ibp_pts_n7_b197,-,3.2500,1,60,62,0.983607,1
Gemma-3-27B,heldout,ibp_correct,ibp_ptc_n8_b31,-,15.3750,1,60,62,0.983607,1
Gemma-3-27B,heldout,ibp_correct,ibp_pts_n8_b257,-,3.7500,1,60,62,0.983607,1
Gemma-3-27B,heldout,ibp_correct,ibp_ptc_n3_b6,-,17.5000,1,60,62,0.983607,1
Gemma-3-27B,heldout,ibp_correct,ibp_pts_n7_b283,-,3.2500,1,60,62,0.983607,1
Gemma-3-27B,heldout,ibp_correct,ibp_ptc_n10_b107,-,15.6250,1,60,62,0.983607,1
Gemma-3-27B,heldout,ibp_correct,ibp_ptc_n6_b4,-,16.5625,1,60,62,0.983607,1
Gemma-3-27B,heldout,ibp_correct,ibp_ptc_n8_b163,-,18.0000,1,60,62,0.983607,1
Gemma-3-27B,heldout,ibp_correct,ibp_pts_n7_b157,-,4.2500,1,60,62,0.983607,1
Gemma-3-27B,heldout,ibp_correct,ibp_pts_n7_b101,-,19.3750,1,61,62,1.000000,1
Gemma-3-27B,heldout,ibp_correct,ibp_ptc_n10_b1,-,14.6250,1,60,62,0.983607,1
Gemma-3-27B,heldout,ibp_correct,ibp_ptc_n5_b7,-,16.0625,1,60,62,0.983607,1
Gemma-3-27B,heldout,ibp_correct,ibp_ptc_n5_b113,-,15.6250,1,60,62,0.983607,1
Gemma-3-27B,heldout,ibp_correct,ibp_ptc_n7_b5,-,14.5625,1,60,62,0.983607,1
Gemma-3-27B,heldout,ibp_correct,ibp_pts_n7_b313,-,1.2500,0,10,62,0.163934,0
Gemma-3-27B,heldout,ibp_correct,ibp_pts_n8_b233,-,15.3750,1,60,62,0.983607,1
Gemma-3-27B,heldout,ibp_correct,ibp_ptc_n5_b103,-,14.7500,1,60,62,0.983607,1
Gemma-3-27B,heldout,ibp_correct,ibp_ptc_n7_b197,-,17.6875,1,60,62,0.983607,1
Gemma-3-27B,heldout,ibp_correct,ibp_ptc_n6_b5,-,15.7500,1,60,62,0.983607,1
Gemma-3-27B,heldout,ibp_correct,ibp_pts_n5_b137,-,14.5000,1,60,62,0.983607,1
Gemma-3-27B,heldout,ibp_correct,ibp_ptc_n13_b17,-,15.3750,1,58,62,0.950820,1
Gemma-3-27B,heldout,ibp_correct,ibp_pts_n8_b277,-,3.0000,1,10,62,0.163934,0
Gemma-3-27B,heldout,ibp_correct,ibp_ptc_n6_b23,-,16.0000,1,60,62,0.983607,1
Gemma-3-27B,heldout,ibp_correct,ibp_ptc_n7_b109,-,17.1875,1,60,62,0.983607,1
Gemma-3-27B,heldout,ibp_correct,ibp_ptc_n6_b1,-,13.6875,1,60,62,0.983607,1
Gemma-3-27B,heldout,ibp_correct,ibp_ptc_n1_b7,-,11.5625,1,58,62,0.950820,1
Gemma-3-27B,heldout,ibp_correct,ibp_ptc_n5_b127,-,16.5000,1,60,62,0.983607,1
Gemma-3-27B,heldout,ibp_correct,ibp_pts_n7_b241,-,1.5000,0,10,62,0.163934,0
Gemma-3-27B,heldout,ibp_correct,ibp_ptc_n5_b193,-,16.9375,1,60,62,0.983607,1
Gemma-3-27B,heldout,ibp_correct,ibp_ptc_n7_b307,-,13.1250,1,60,62,0.983607,1
Gemma-3-27B,heldout,ibp_correct,ibp_ptc_n8_b139,-,17.2500,1,60,62,0.983607,1
Gemma-3-27B,heldout,ibp_correct,ibp_pts_n5_b179,-,2.7500,1,60,62,0.983607,1
Gemma-3-27B,heldout,ibp_correct,ibp_ptc_n5_b173,-,13.8750,1,60,62,0.983607,1
Gemma-3-27B,heldout,ibp_correct,ibp_ptc_n8_b239,-,15.8125,1,60,62,0.983607,1
Gemma-3-27B,heldout,ibp_correct,ibp_ptc_n5_b137,-,17.4375,1,60,62,0.983607,1
Gemma-3-27B,heldout,ibp_correct,ibp_ptc_n5_b41,-,15.9375,1,60,62,0.983607,1
Gemma-3-27B,heldout,ibp_correct,ibp_pts_n5_b163,-,14.8750,1,60,62,0.983607,1
Gemma-3-27B,heldout,ibp_correct,ibp_ptc_n9_b1,-,12.3750,1,60,62,0.983607,1
Gemma-3-27B,heldout,ibp_correct,ibp_ptc_n5_b151,-,16.1875,1,60,62,0.983607,1
Gemma-3-27B,heldout,ibp_correct,ibp_ptc_n10_b139,-,16.4375,1,60,62,0.983607,1
Gemma-3-27B,heldout,ibp_correct,ibp_ptc_n5_b37,-,17.3125,1,60,62,0.983607,1
Phi-4-14B,discovery,det_error,NC_4x4_det_226,-,28.5000,1,39,40,1.000000,1
Phi-4-14B,discovery,det_error,NC_4x4_det_1487,-,43.4375,1,39,40,1.000000,1
Phi-4-14B,discovery,det_error,NC_4x4_det_1061,-,1.0000,0,2,40,0.051282,0
Phi-4-14B,discovery,det_error,NC_4x4_det_0873,+,7.0000,1,29,40,0.743590,0
Phi-4-14B,discovery,det_error,NC_4x4_det_1497,-,3.5000,1,39,40,1.000000,1
Phi-4-14B,discovery,det_error,NC_4x4_det_1863,-,3.7500,1,39,40,1.000000,1
Phi-4-14B,discovery,det_error,NC_4x4_det_252,-,16.5000,1,36,40,0.923077,1
Phi-4-14B,discovery,det_error,NC_4x4_det_1820,-,39.9375,1,39,40,1.000000,1
Phi-4-14B,discovery,det_error,NC_4x4_det_0931,-,17.8750,1,39,40,1.000000,1
Phi-4-14B,discovery,det_error,NC_4x4_det_1244,-,17.1875,1,37,40,0.948718,1
Phi-4-14B,discovery,det_error,NC_4x4_det_1492,-,32.1250,1,39,40,1.000000,1
Phi-4-14B,discovery,det_error,C_4x4_det_020,+,-1.6250,0,10,40,0.256410,0
Phi-4-14B,discovery,det_error,NC_4x4_det_437,+,29.7500,1,36,40,0.923077,1
Phi-4-14B,discovery,det_error,NC_4x4_det_1643,-,14.3750,1,39,40,1.000000,1
Phi-4-14B,discovery,det_error,C_4x4_det_006,-,7.8750,1,37,40,0.948718,1
Phi-4-14B,discovery,det_error,NC_4x4_det_1206,-,24.8750,1,37,40,0.948718,1
Phi-4-14B,discovery,det_error,NC_4x4_det_240,-,-3.0000,0,5,40,0.128205,0
Phi-4-14B,discovery,det_error,NC_4x4_det_120,+,7.0000,1,29,40,0.743590,0
Phi-4-14B,discovery,det_error,NC_4x4_det_262,-,16.8750,1,39,40,1.000000,1
Phi-4-14B,discovery,det_error,NC_4x4_det_1800,-,15.8750,1,37,40,0.948718,1
Phi-4-14B,discovery,det_error,NC_4x4_det_476,-,18.1250,1,36,40,0.923077,1
Phi-4-14B,discovery,det_error,NC_4x4_det_679,-,8.7500,1,39,40,1.000000,1
Phi-4-14B,discovery,det_error,NC_4x4_det_1354,-,18.6875,1,37,40,0.948718,1
Phi-4-14B,discovery,det_error,NC_4x4_det_1131,-,20.8750,1,39,40,1.000000,1
Phi-4-14B,discovery,det_error,NC_4x4_det_1419,-,17.8125,1,36,40,0.923077,1
Phi-4-14B,discovery,det_error,C_4x4_det_005,-,22.3750,1,37,40,0.948718,1
Phi-4-14B,discovery,det_error,NC_4x4_det_108,-,17.0000,1,39,40,1.000000,1
Phi-4-14B,discovery,det_error,NC_4x4_det_450,-,2.5000,1,2,40,0.051282,0
Phi-4-14B,discovery,det_error,NC_4x4_det_527,-,10.5000,1,39,40,1.000000,1
Phi-4-14B,discovery,det_error,NC_4x4_det_0954,-,14.2500,1,39,40,1.000000,1
Phi-4-14B,discovery,det_error,NC_4x4_det_0824,-,23.2500,1,37,40,0.948718,1
Phi-4-14B,discovery,det_error,NC_4x4_det_1004,-,13.1250,1,39,40,1.000000,1
Phi-4-14B,discovery,det_error,NC_4x4_det_1353,-,16.9375,1,37,40,0.948718,1
Phi-4-14B,discovery,det_error,C_4x4_det_043,-,28.7500,1,39,40,1.000000,1
Phi-4-14B,discovery,det_error,NC_4x4_det_132,-,42.4375,1,39,40,1.000000,1
Phi-4-14B,discovery,det_error,C_4x4_det_038,-,40.3750,1,39,40,1.000000,1
Phi-4-14B,discovery,det_error,NC_4x4_det_1490,-,16.1250,1,37,40,0.948718,1
Phi-4-14B,discovery,det_error,NC_4x4_det_197,-,24.3750,1,37,40,0.948718,1
Phi-4-14B,discovery,det_error,NC_4x4_det_1813,-,17.1250,1,39,40,1.000000,1
Phi-4-14B,discovery,det_error,NC_4x4_det_1049,-,2.5000,1,36,40,0.923077,1
Phi-4-14B,discovery,det_error,NC_4x4_det_0890,-,42.5625,1,39,40,1.000000,1
Phi-4-14B,discovery,det_error,NC_4x4_det_275,-,28.2500,1,37,40,0.948718,1
Phi-4-14B,discovery,det_error,NC_4x4_det_446,-,6.7500,1,37,40,0.948718,1
Phi-4-14B,discovery,det_error,NC_4x4_det_714,-,34.1875,1,39,40,1.000000,1
Phi-4-14B,discovery,det_error,NC_4x4_det_0911,-,32.5000,1,39,40,1.000000,1
Phi-4-14B,discovery,det_error,NC_4x4_det_606,-,22.7500,1,37,40,0.948718,1
Phi-4-14B,discovery,det_error,NC_4x4_det_1477,-,9.8750,1,37,40,0.948718,1
Phi-4-14B,discovery,det_error,NC_4x4_det_242,-,28.2500,1,39,40,1.000000,1
Phi-4-14B,discovery,det_error,NC_4x4_det_1050,-,18.5625,1,37,40,0.948718,1
Phi-4-14B,discovery,det_error,NC_4x4_det_285,-,23.2500,1,37,40,0.948718,1
Phi-4-14B,discovery,det_error,C_4x4_det_005_arch,-,21.3125,1,37,40,0.948718,1
Phi-4-14B,discovery,det_error,C_4x4_det_006_arch,-,7.8750,1,37,40,0.948718,1
Phi-4-14B,discovery,det_error,C_4x4_det_007_arch,-,19.7500,1,37,40,0.948718,1
Phi-4-14B,discovery,det_error,C_4x4_det_008_arch,-,23.9375,1,37,40,0.948718,1
Phi-4-14B,discovery,det_error,C_4x4_det_009_arch,+,5.3750,1,30,40,0.769231,1
Phi-4-14B,discovery,det_error,C_4x4_det_010_arch,-,11.5000,1,37,40,0.948718,1
Phi-4-14B,discovery,det_error,C_4x4_det_012_arch,-,0.6250,0,2,40,0.051282,0
Phi-4-14B,discovery,det_error,C_4x4_det_016_arch,-,1.7500,0,37,40,0.948718,1
Phi-4-14B,discovery,det_error,C_4x4_det_017_arch,-,20.3750,1,36,40,0.923077,1
Phi-4-14B,discovery,det_error,C_4x4_det_020_arch,+,-1.2500,0,10,40,0.256410,0
Phi-4-14B,discovery,det_error,C_4x4_det_024_arch,-,19.0625,1,34,40,0.871795,1
Phi-4-14B,discovery,det_correct,NC_4x4_det_040,+,29.6250,1,32,40,0.820513,1
Phi-4-14B,discovery,det_correct,NC_4x4_det_206,-,7.0625,1,37,40,0.948718,1
Phi-4-14B,discovery,det_correct,NC_4x4_det_209,-,38.4375,1,39,40,1.000000,1
Phi-4-14B,discovery,det_correct,NC_4x4_det_216,-,19.8750,1,39,40,1.000000,1
Phi-4-14B,discovery,det_correct,NC_4x4_det_218,-,17.2188,1,39,40,1.000000,1
Phi-4-14B,discovery,det_correct,NC_4x4_det_222,-,4.0703,1,23,40,0.589744,0
Phi-4-14B,discovery,det_correct,NC_4x4_det_233,-,12.0000,1,35,40,0.897436,1
Phi-4-14B,discovery,det_correct,NC_4x4_det_237,-,33.6250,1,39,40,1.000000,1
Phi-4-14B,discovery,det_correct,NC_4x4_det_238,-,25.8750,1,37,40,0.948718,1
Phi-4-14B,discovery,det_correct,NC_4x4_det_256,-,7.1562,1,35,40,0.897436,1
Phi-4-14B,discovery,det_correct,NC_4x4_det_265,-,4.0625,1,24,40,0.615385,0
Phi-4-14B,discovery,det_correct,NC_4x4_det_271,+,32.1250,1,39,40,1.000000,1
Phi-4-14B,discovery,det_correct,NC_4x4_det_272,-,14.3750,1,39,40,1.000000,1
Phi-4-14B,discovery,det_correct,NC_4x4_det_280,-,29.8125,1,37,40,0.948718,1
Phi-4-14B,discovery,det_correct,NC_4x4_det_294,+,29.8125,1,36,40,0.923077,1
Phi-4-14B,discovery,det_correct,NC_4x4_det_297,-,8.1875,1,35,40,0.897436,1
Phi-4-14B,discovery,det_correct,NC_4x4_det_302,+,10.2500,1,32,40,0.820513,1
Phi-4-14B,discovery,det_correct,NC_4x4_det_304,-,4.2500,1,34,40,0.871795,1
Phi-4-14B,discovery,det_correct,NC_4x4_det_314,-,37.3750,1,39,40,1.000000,1
Phi-4-14B,discovery,det_correct,NC_4x4_det_321,-,34.9375,1,37,40,0.948718,1
Phi-4-14B,discovery,det_correct,NC_4x4_det_323,-,40.1250,1,39,40,1.000000,1
Phi-4-14B,discovery,det_correct,NC_4x4_det_353,-,39.1250,1,39,40,1.000000,1
Phi-4-14B,discovery,det_correct,NC_4x4_det_358,-,13.1250,1,37,40,0.948718,1
Phi-4-14B,discovery,det_correct,NC_4x4_det_382,+,25.1250,1,39,40,1.000000,1
Phi-4-14B,discovery,det_correct,NC_4x4_det_387,-,12.0625,1,35,40,0.897436,1
Phi-4-14B,discovery,det_correct,NC_4x4_det_401,-,35.3125,1,39,40,1.000000,1
Phi-4-14B,discovery,det_correct,NC_4x4_det_410,-,5.1094,1,4,40,0.102564,0
Phi-4-14B,discovery,det_correct,NC_4x4_det_421,-,-1.2500,0,2,40,0.051282,0
Phi-4-14B,discovery,det_correct,NC_4x4_det_432,-,7.3203,1,36,40,0.923077,1
Phi-4-14B,discovery,det_correct,NC_4x4_det_447,+,9.0000,1,32,40,0.820513,1
Phi-4-14B,discovery,det_correct,NC_4x4_det_448,-,25.3750,1,39,40,1.000000,1
Phi-4-14B,discovery,det_correct,NC_4x4_det_454,-,-0.5000,0,2,40,0.051282,0
Phi-4-14B,discovery,det_correct,NC_4x4_det_458,-,36.2500,1,39,40,1.000000,1
Phi-4-14B,discovery,det_correct,NC_4x4_det_471,-,39.4375,1,39,40,1.000000,1
Phi-4-14B,discovery,det_correct,NC_4x4_det_475,+,30.8750,1,32,40,0.820513,1
Phi-4-14B,discovery,det_correct,NC_4x4_det_477,+,23.8750,1,36,40,0.923077,1
Phi-4-14B,discovery,det_correct,NC_4x4_det_478,+,27.8125,1,39,40,1.000000,1
Phi-4-14B,discovery,det_correct,NC_4x4_det_486,-,26.0000,1,37,40,0.948718,1
Phi-4-14B,discovery,det_correct,NC_4x4_det_493,+,31.1250,1,39,40,1.000000,1
Phi-4-14B,discovery,det_correct,NC_4x4_det_494,-,43.5000,1,39,40,1.000000,1
Phi-4-14B,discovery,det_correct,NC_4x4_det_502,-,6.5312,1,36,40,0.923077,1
Phi-4-14B,discovery,det_correct,NC_4x4_det_512,-,3.7500,1,34,40,0.871795,1
Phi-4-14B,discovery,det_correct,NC_4x4_det_520,-,13.1562,1,29,40,0.743590,0
Phi-4-14B,discovery,det_correct,NC_4x4_det_545,-,25.3125,1,37,40,0.948718,1
Phi-4-14B,discovery,det_correct,NC_4x4_det_559,-,14.2500,1,36,40,0.923077,1
Phi-4-14B,discovery,det_correct,NC_4x4_det_560,-,11.6250,1,39,40,1.000000,1
Phi-4-14B,discovery,det_correct,NC_4x4_det_565,-,2.4844,1,2,40,0.051282,0
Phi-4-14B,discovery,det_correct,NC_4x4_det_571,-,12.5000,1,39,40,1.000000,1
Phi-4-14B,discovery,det_correct,NC_4x4_det_580,-,41.2500,1,39,40,1.000000,1
Phi-4-14B,discovery,det_correct,NC_4x4_det_585,+,26.7500,1,32,40,0.820513,1
Phi-4-14B,discovery,ibp_error,ibp_pts_n7_b5,-,3.0000,1,33,40,0.846154,1
Phi-4-14B,discovery,ibp_error,ibp_pts_n8_b12,-,29.7500,1,39,40,1.000000,1
Phi-4-14B,discovery,ibp_error,ibp_pts_n8_b15,-,30.0000,1,39,40,1.000000,1
Phi-4-14B,discovery,ibp_error,ibp_pts_n8_b5,-,29.5000,1,39,40,1.000000,1
Phi-4-14B,discovery,ibp_error,ibp_pts_n8_b9,-,30.2500,1,39,40,1.000000,1
Phi-4-14B,discovery,ibp_error,ibp_pts_n9_b1,-,10.1250,1,37,40,0.948718,1
Phi-4-14B,discovery,ibp_error,ibp_pts_n9_b11,-,28.5000,1,39,40,1.000000,1
Phi-4-14B,discovery,ibp_error,ibp_pts_n9_b13,-,28.0000,1,39,40,1.000000,1
Phi-4-14B,discovery,ibp_error,ibp_pts_n9_b2,-,3.0000,1,33,40,0.846154,1
Phi-4-14B,discovery,ibp_error,ibp_pts_n9_b3,-,29.5000,1,39,40,1.000000,1
Phi-4-14B,discovery,ibp_error,ibp_pts_n9_b7,-,1.7500,0,33,40,0.846154,1
Phi-4-14B,discovery,ibp_error,ibp_pts_n9_b9,-,29.2500,1,39,40,1.000000,1
Phi-4-14B,discovery,ibp_error,ibp_ptc_n5_b107,-,28.6250,1,39,40,1.000000,1
Phi-4-14B,discovery,ibp_error,ibp_ptc_n5_b73,-,0.5000,0,33,40,0.846154,1
Phi-4-14B,discovery,ibp_error,ibp_ptc_n5_b89,-,0.7500,0,33,40,0.846154,1
Phi-4-14B,discovery,ibp_error,ibp_ptc_n5_b97,-,-0.2500,0,33,40,0.846154,1
Phi-4-14B,discovery,ibp_error,ibp_pts_n10_b101,-,30.7500,1,39,40,1.000000,1
Phi-4-14B,discovery,ibp_error,ibp_pts_n10_b113,-,31.0000,1,39,40,1.000000,1
Phi-4-14B,discovery,ibp_error,ibp_pts_n10_b157,-,29.8750,1,39,40,1.000000,1
Phi-4-14B,discovery,ibp_error,ibp_pts_n10_b17,-,26.8750,1,39,40,1.000000,1
Phi-4-14B,discovery,ibp_error,ibp_pts_n10_b199,-,29.8750,1,39,40,1.000000,1
Phi-4-14B,discovery,ibp_error,ibp_pts_n10_b227,-,29.8750,1,39,40,1.000000,1
Phi-4-14B,discovery,ibp_error,ibp_pts_n10_b23,-,29.1250,1,39,40,1.000000,1
Phi-4-14B,discovery,ibp_error,ibp_pts_n10_b31,-,30.2500,1,39,40,1.000000,1
Phi-4-14B,discovery,ibp_error,ibp_pts_n10_b41,-,31.0000,1,39,40,1.000000,1
Phi-4-14B,discovery,ibp_error,ibp_pts_n10_b43,-,30.6250,1,39,40,1.000000,1
Phi-4-14B,discovery,ibp_error,ibp_pts_n10_b47,-,30.7500,1,39,40,1.000000,1
Phi-4-14B,discovery,ibp_error,ibp_pts_n10_b59,-,30.8750,1,39,40,1.000000,1
Phi-4-14B,discovery,ibp_error,ibp_pts_n10_b67,-,30.1250,1,39,40,1.000000,1
Phi-4-14B,discovery,ibp_error,ibp_pts_n10_b7,-,30.0000,1,39,40,1.000000,1
Phi-4-14B,discovery,ibp_error,ibp_pts_n10_b79,-,30.8750,1,39,40,1.000000,1
Phi-4-14B,discovery,ibp_error,ibp_pts_n10_b83,-,30.5000,1,39,40,1.000000,1
Phi-4-14B,discovery,ibp_error,ibp_pts_n10_b89,-,30.3750,1,39,40,1.000000,1
Phi-4-14B,discovery,ibp_error,ibp_pts_n11_b1,-,2.0000,1,33,40,0.846154,1
Phi-4-14B,discovery,ibp_error,ibp_pts_n11_b107,-,29.8750,1,39,40,1.000000,1
Phi-4-14B,discovery,ibp_error,ibp_pts_n11_b127,-,31.1250,1,39,40,1.000000,1
Phi-4-14B,discovery,ibp_error,ibp_pts_n11_b149,-,26.0000,1,39,40,1.000000,1
Phi-4-14B,discovery,ibp_error,ibp_pts_n11_b173,-,30.8750,1,39,40,1.000000,1
Phi-4-14B,discovery,ibp_error,ibp_pts_n11_b211,-,31.0000,1,39,40,1.000000,1
Phi-4-14B,discovery,ibp_error,ibp_pts_n11_b229,-,31.1250,1,39,40,1.000000,1
Phi-4-14B,discovery,ibp_correct,ibp_pts_n5_b31,-,36.4375,1,39,40,1.000000,1
Phi-4-14B,discovery,ibp_correct,ibp_ptc_n5_b47,-,34.2500,1,39,40,1.000000,1
Phi-4-14B,discovery,ibp_correct,ibp_ptc_n7_b269,-,34.1250,1,39,40,1.000000,1
Phi-4-14B,discovery,ibp_correct,ibp_ptc_n8_b151,-,32.7500,1,39,40,1.000000,1
Phi-4-14B,discovery,ibp_correct,ibp_ptc_n8_b199,-,33.0000,1,39,40,1.000000,1
Phi-4-14B,discovery,ibp_correct,ibp_ptc_n3_b10,-,36.0938,1,39,40,1.000000,1
Phi-4-14B,discovery,ibp_correct,ibp_ptc_n10_b197,+,7.1250,1,35,40,0.897436,1
Phi-4-14B,discovery,ibp_correct,ibp_pts_n2_b15,-,37.3125,1,39,40,1.000000,1
Phi-4-14B,discovery,ibp_correct,ibp_ptc_n5_b5,-,17.5938,1,39,40,1.000000,1
Phi-4-14B,discovery,ibp_correct,ibp_ptc_n5_b151,-,36.4375,1,39,40,1.000000,1
Phi-4-14B,discovery,ibp_correct,ibp_pts_n8_b197,-,30.6250,1,39,40,1.000000,1
Phi-4-14B,discovery,ibp_correct,ibp_pts_n4_b1,-,39.9688,1,39,40,1.000000,1
Phi-4-14B,discovery,ibp_correct,ibp_ptc_n10_b167,+,29.5000,1,39,40,1.000000,1
Phi-4-14B,discovery,ibp_correct,ibp_ptc_n5_b167,-,32.5000,1,39,40,1.000000,1
Phi-4-14B,discovery,ibp_correct,ibp_pts_n7_b269,-,28.6250,1,39,40,1.000000,1
Phi-4-14B,discovery,ibp_correct,ibp_ptc_n8_b113,-,35.6250,1,39,40,1.000000,1
Phi-4-14B,discovery,ibp_correct,ibp_ptc_n4_b7,+,37.0000,1,39,40,1.000000,1
Phi-4-14B,discovery,ibp_correct,ibp_pts_n3_b4,-,29.2500,1,39,40,1.000000,1
Phi-4-14B,discovery,ibp_correct,ibp_ptc_n7_b197,-,23.5000,1,39,40,1.000000,1
Phi-4-14B,discovery,ibp_correct,ibp_pts_n2_b2,+,31.1250,1,39,40,1.000000,1
Phi-4-14B,discovery,ibp_correct,ibp_pts_n8_b311,+,32.7500,1,39,40,1.000000,1
Phi-4-14B,discovery,ibp_correct,ibp_ptc_n7_b71,-,23.5000,1,39,40,1.000000,1
Phi-4-14B,discovery,ibp_correct,ibp_ptc_n2_b1,-,30.7500,1,39,40,1.000000,1
Phi-4-14B,discovery,ibp_correct,ibp_pts_n8_b257,-,30.5000,1,39,40,1.000000,1
Phi-4-14B,discovery,ibp_correct,ibp_ptc_n9_b29,-,33.0000,1,39,40,1.000000,1
Phi-4-14B,discovery,ibp_correct,ibp_ptc_n10_b211,-,14.7500,1,37,40,0.948718,1
Phi-4-14B,discovery,ibp_correct,ibp_pts_n2_b13,-,35.0000,1,39,40,1.000000,1
Phi-4-14B,discovery,ibp_correct,ibp_ptc_n4_b5,+,30.7500,1,39,40,1.000000,1
Phi-4-14B,discovery,ibp_correct,ibp_ptc_n3_b1,+,30.1250,1,39,40,1.000000,1
Phi-4-14B,discovery,ibp_correct,ibp_ptc_n5_b199,-,39.4375,1,39,40,1.000000,1
Phi-4-14B,discovery,ibp_correct,ibp_ptc_n5_b229,-,35.9375,1,39,40,1.000000,1
Phi-4-14B,discovery,ibp_correct,ibp_ptc_n1_b5,+,29.7500,1,39,40,1.000000,1
Phi-4-14B,discovery,ibp_correct,ibp_ptc_n5_b227,+,32.1250,1,39,40,1.000000,1
Phi-4-14B,discovery,ibp_correct,ibp_pts_n1_b2,-,34.9688,1,39,40,1.000000,1
Phi-4-14B,discovery,ibp_correct,ibp_ptc_n7_b179,-,34.1250,1,39,40,1.000000,1
Phi-4-14B,discovery,ibp_correct,ibp_pts_n7_b149,-,30.3750,1,39,40,1.000000,1
Phi-4-14B,discovery,ibp_correct,ibp_pts_n5_b97,-,31.8750,1,39,40,1.000000,1
Phi-4-14B,discovery,ibp_correct,ibp_ptc_n10_b41,+,22.8750,1,32,40,0.820513,1
Phi-4-14B,discovery,ibp_correct,ibp_pts_n8_b139,-,30.5000,1,39,40,1.000000,1
Phi-4-14B,discovery,ibp_correct,ibp_pts_n5_b199,-,23.7500,1,37,40,0.948718,1
Phi-4-14B,discovery,ibp_correct,ibp_ptc_n5_b113,-,37.8750,1,39,40,1.000000,1
Phi-4-14B,discovery,ibp_correct,ibp_ptc_n3_b4,-,35.0625,1,39,40,1.000000,1
Phi-4-14B,discovery,ibp_correct,ibp_pts_n2_b17,+,30.0000,1,39,40,1.000000,1
Phi-4-14B,discovery,ibp_correct,ibp_pts_n5_b59,+,34.3750,1,39,40,1.000000,1
Phi-4-14B,discovery,ibp_correct,ibp_ptc_n10_b199,-,15.5000,1,37,40,0.948718,1
Phi-4-14B,discovery,ibp_correct,ibp_pts_n3_b9,-,39.8438,1,39,40,1.000000,1
Phi-4-14B,discovery,ibp_correct,ibp_ptc_n2_b17,-,16.5898,1,39,40,1.000000,1
Phi-4-14B,discovery,ibp_correct,ibp_ptc_n8_b191,-,32.8750,1,39,40,1.000000,1
Phi-4-14B,discovery,ibp_correct,ibp_ptc_n5_b223,-,35.9062,1,39,40,1.000000,1
Phi-4-14B,discovery,ibp_correct,ibp_pts_n0_b2,+,33.6250,1,39,40,1.000000,1
Phi-4-14B,heldout,det_error,NC_4x4_det_750,-,4.7500,1,37,40,0.948718,1
Phi-4-14B,heldout,det_error,NC_4x4_det_765,-,18.2500,1,36,40,0.923077,1
Phi-4-14B,heldout,det_error,NC_4x4_det_1346,-,14.0000,1,39,40,1.000000,1
Phi-4-14B,heldout,det_error,NC_4x4_det_142,-,40.6875,1,39,40,1.000000,1
Phi-4-14B,heldout,det_error,NC_4x4_det_389,-,25.2500,1,37,40,0.948718,1
Phi-4-14B,heldout,det_error,NC_4x4_det_1821,-,10.0000,1,37,40,0.948718,1
Phi-4-14B,heldout,det_error,NC_4x4_det_468,-,31.0000,1,39,40,1.000000,1
Phi-4-14B,heldout,det_error,NC_4x4_det_1575,+,18.7500,1,36,40,0.923077,1
Phi-4-14B,heldout,det_error,NC_4x4_det_1187,-,7.5000,1,37,40,0.948718,1
Phi-4-14B,heldout,det_error,NC_4x4_det_384,-,33.7500,1,39,40,1.000000,1
Phi-4-14B,heldout,det_error,NC_4x4_det_344,-,29.9375,1,39,40,1.000000,1
Phi-4-14B,heldout,det_error,C_4x4_det_029,-,31.5000,1,37,40,0.948718,1
Phi-4-14B,heldout,det_error,NC_4x4_det_0983,-,5.5000,1,37,40,0.948718,1
Phi-4-14B,heldout,det_error,C_4x4_det_012,-,1.7500,0,37,40,0.948718,1
Phi-4-14B,heldout,det_error,NC_4x4_det_229,-,43.5625,1,39,40,1.000000,1
Phi-4-14B,heldout,det_error,NC_4x4_det_1226,-,40.0625,1,39,40,1.000000,1
Phi-4-14B,heldout,det_error,NC_4x4_det_732,-,10.6250,1,39,40,1.000000,1
Phi-4-14B,heldout,det_error,NC_4x4_det_1966,-,25.5000,1,37,40,0.948718,1
Phi-4-14B,heldout,det_error,NC_4x4_det_1450,+,19.7500,1,36,40,0.923077,1
Phi-4-14B,heldout,det_error,NC_4x4_det_025,-,39.8750,1,39,40,1.000000,1
Phi-4-14B,heldout,det_error,NC_4x4_det_1024,-,40.8750,1,39,40,1.000000,1
Phi-4-14B,heldout,det_error,NC_4x4_det_1280,+,37.5000,1,39,40,1.000000,1
Phi-4-14B,heldout,det_error,NC_4x4_det_588,-,8.2500,1,34,40,0.871795,1
Phi-4-14B,heldout,det_error,NC_4x4_det_315,-,-4.0000,0,2,40,0.051282,0
Phi-4-14B,heldout,det_error,NC_4x4_det_789,-,21.8750,1,34,40,0.871795,1
Phi-4-14B,heldout,det_error,NC_4x4_det_1526,-,12.0000,1,37,40,0.948718,1
Phi-4-14B,heldout,det_error,NC_4x4_det_1417,-,15.6250,1,39,40,1.000000,1
Phi-4-14B,heldout,det_error,NC_4x4_det_463,+,35.6250,1,39,40,1.000000,1
Phi-4-14B,heldout,det_error,NC_4x4_det_1090,-,11.8750,1,39,40,1.000000,1
Phi-4-14B,heldout,det_error,NC_4x4_det_620,-,11.5000,1,39,40,1.000000,1
Phi-4-14B,heldout,det_error,NC_4x4_det_036,-,9.5000,1,39,40,1.000000,1
Phi-4-14B,heldout,det_error,NC_4x4_det_355,-,29.9375,1,37,40,0.948718,1
Phi-4-14B,heldout,det_error,NC_4x4_det_1687,+,25.6250,1,36,40,0.923077,1
Phi-4-14B,heldout,det_error,C_4x4_det_019,-,13.1875,1,36,40,0.923077,1
Phi-4-14B,heldout,det_error,NC_4x4_det_1027,-,18.6250,1,36,40,0.923077,1
Phi-4-14B,heldout,det_error,NC_4x4_det_1950,-,8.0000,1,39,40,1.000000,1
Phi-4-14B,heldout,det_error,NC_4x4_det_360,-,17.5000,1,37,40,0.948718,1
Phi-4-14B,heldout,det_error,NC_4x4_det_1699,-,14.2500,1,39,40,1.000000,1
Phi-4-14B,heldout,det_error,C_4x4_det_039,-,17.3750,1,36,40,0.923077,1
Phi-4-14B,heldout,det_error,NC_4x4_det_1994,-,21.6250,1,39,40,1.000000,1
Phi-4-14B,heldout,det_error,NC_4x4_det_258,-,16.0625,1,36,40,0.923077,1
Phi-4-14B,heldout,det_error,NC_4x4_det_1749,+,18.7500,1,32,40,0.820513,1
Phi-4-14B,heldout,det_error,NC_4x4_det_251,-,11.3750,1,37,40,0.948718,1
Phi-4-14B,heldout,det_error,NC_4x4_det_1762,+,11.5000,1,32,40,0.820513,1
Phi-4-14B,heldout,det_error,C_4x4_det_032,-,21.6250,1,39,40,1.000000,1
Phi-4-14B,heldout,det_error,NC_4x4_det_1216,-,29.2500,1,39,40,1.000000,1
Phi-4-14B,heldout,det_error,NC_4x4_det_1326,+,12.3750,1,39,40,1.000000,1
Phi-4-14B,heldout,det_error,NC_4x4_det_1924,-,24.2500,1,37,40,0.948718,1
Phi-4-14B,heldout,det_error,NC_4x4_det_1802,-,28.8750,1,39,40,1.000000,1
Phi-4-14B,heldout,det_error,NC_4x4_det_608,-,10.5000,1,37,40,0.948718,1
Phi-4-14B,heldout,det_error,NC_4x4_det_1684,-,18.0625,1,37,40,0.948718,1
Phi-4-14B,heldout,det_error,NC_4x4_det_1753,-,3.7500,1,34,40,0.871795,1
Phi-4-14B,heldout,det_error,NC_4x4_det_1645,-,4.7500,1,37,40,0.948718,1
Phi-4-14B,heldout,det_error,C_4x4_det_016,-,2.6250,1,37,40,0.948718,1
Phi-4-14B,heldout,det_error,NC_4x4_det_1416,-,29.7500,1,39,40,1.000000,1
Phi-4-14B,heldout,det_error,NC_4x4_det_1732,-,31.0000,1,37,40,0.948718,1
Phi-4-14B,heldout,det_error,NC_4x4_det_501,-,30.8750,1,39,40,1.000000,1
Phi-4-14B,heldout,det_error,NC_4x4_det_0869,-,15.8750,1,39,40,1.000000,1
Phi-4-14B,heldout,det_error,NC_4x4_det_052,-,14.3750,1,39,40,1.000000,1
Phi-4-14B,heldout,det_error,NC_4x4_det_395,-,21.5000,1,39,40,1.000000,1
Phi-4-14B,heldout,det_error,NC_4x4_det_1284,+,29.5000,1,36,40,0.923077,1
Phi-4-14B,heldout,det_error,NC_4x4_det_1247,-,30.1875,1,37,40,0.948718,1
Phi-4-14B,heldout,det_error,NC_4x4_det_1735,-,14.0000,1,37,40,0.948718,1
Phi-4-14B,heldout,det_error,NC_4x4_det_1361,+,37.1250,1,39,40,1.000000,1
Phi-4-14B,heldout,det_error,NC_4x4_det_1289,-,42.1875,1,39,40,1.000000,1
Phi-4-14B,heldout,det_error,NC_4x4_det_495,-,15.0000,1,36,40,0.923077,1
Phi-4-14B,heldout,det_error,NC_4x4_det_1162,-,8.7500,1,37,40,0.948718,1
Phi-4-14B,heldout,det_error,NC_4x4_det_1438,+,11.7500,1,32,40,0.820513,1
Phi-4-14B,heldout,det_error,NC_4x4_det_313,+,33.7500,1,39,40,1.000000,1
Phi-4-14B,heldout,det_error,NC_4x4_det_1625,-,20.1250,1,37,40,0.948718,1
Phi-4-14B,heldout,det_error,NC_4x4_det_700,+,20.0000,1,36,40,0.923077,1
Phi-4-14B,heldout,det_error,NC_4x4_det_1602,-,6.5000,1,37,40,0.948718,1
Phi-4-14B,heldout,det_error,NC_4x4_det_1852,-,20.0000,1,39,40,1.000000,1
Phi-4-14B,heldout,det_error,NC_4x4_det_1766,-,6.5000,1,37,40,0.948718,1
Phi-4-14B,heldout,det_error,NC_4x4_det_1022,-,-2.5000,0,2,40,0.051282,0
Phi-4-14B,heldout,det_error,NC_4x4_det_1422,-,16.1250,1,39,40,1.000000,1
Phi-4-14B,heldout,det_error,NC_4x4_det_1794,-,4.5000,1,39,40,1.000000,1
Phi-4-14B,heldout,det_error,NC_4x4_det_385,-,16.5000,1,39,40,1.000000,1
Phi-4-14B,heldout,det_error,C_4x4_det_036,-,4.5000,1,39,40,1.000000,1
Phi-4-14B,heldout,det_error,NC_4x4_det_754,-,5.7500,1,37,40,0.948718,1
Phi-4-14B,heldout,det_error,NC_4x4_det_0920,-,17.4375,1,37,40,0.948718,1
Phi-4-14B,heldout,det_error,NC_4x4_det_0853,-,18.3750,1,36,40,0.923077,1
Phi-4-14B,heldout,det_error,NC_4x4_det_735,-,9.7500,1,39,40,1.000000,1
Phi-4-14B,heldout,det_error,NC_4x4_det_1091,-,17.6250,1,39,40,1.000000,1
Phi-4-14B,heldout,det_error,NC_4x4_det_764,-,5.7500,1,37,40,0.948718,1
Phi-4-14B,heldout,det_error,NC_4x4_det_1164,-,34.4375,1,39,40,1.000000,1
Phi-4-14B,heldout,det_error,NC_4x4_det_361,+,19.7500,1,36,40,0.923077,1
Phi-4-14B,heldout,det_error,C_4x4_det_024,-,19.3125,1,34,40,0.871795,1
Phi-4-14B,heldout,det_error,NC_4x4_det_219,-,4.0000,1,39,40,1.000000,1
Phi-4-14B,heldout,det_error,NC_4x4_det_1742,-,26.9375,1,37,40,0.948718,1
Phi-4-14B,heldout,det_error,NC_4x4_det_115,-,16.7500,1,39,40,1.000000,1
Phi-4-14B,heldout,det_error,NC_4x4_det_1299,+,35.8750,1,39,40,1.000000,1
Phi-4-14B,heldout,det_error,NC_4x4_det_445,-,17.4375,1,37,40,0.948718,1
Phi-4-14B,heldout,det_error,NC_4x4_det_537,+,2.0000,1,27,40,0.692308,0
Phi-4-14B,heldout,det_error,NC_4x4_det_341,-,4.2500,1,37,40,0.948718,1
Phi-4-14B,heldout,det_error,NC_4x4_det_1331,-,29.1250,1,39,40,1.000000,1
Phi-4-14B,heldout,det_error,C_4x4_det_050,-,27.3750,1,37,40,0.948718,1
Phi-4-14B,heldout,det_error,C_4x4_det_037,-,5.5000,1,37,40,0.948718,1
Phi-4-14B,heldout,det_error,NC_4x4_det_1957,-,31.4375,1,39,40,1.000000,1
Phi-4-14B,heldout,det_error,NC_4x4_det_0975,-,9.2500,1,39,40,1.000000,1
Phi-4-14B,heldout,det_error,C_4x4_det_048,+,4.5000,1,31,40,0.794872,1
Phi-4-14B,heldout,det_error,NC_4x4_det_1179,-,25.2500,1,37,40,0.948718,1
Phi-4-14B,heldout,det_error,NC_4x4_det_1589,-,18.5625,1,37,40,0.948718,1
Phi-4-14B,heldout,det_error,NC_4x4_det_1317,+,36.6250,1,39,40,1.000000,1
Phi-4-14B,heldout,det_error,NC_4x4_det_575,-,34.9375,1,39,40,1.000000,1
Phi-4-14B,heldout,det_error,C_4x4_det_007,-,20.2500,1,37,40,0.948718,1
Phi-4-14B,heldout,det_error,NC_4x4_det_1533,-,-4.0000,0,5,40,0.128205,0
Phi-4-14B,heldout,det_error,NC_4x4_det_1988,-,26.8750,1,37,40,0.948718,1
Phi-4-14B,heldout,det_error,C_4x4_det_010,-,10.5000,1,37,40,0.948718,1
Phi-4-14B,heldout,det_error,NC_4x4_det_0994,-,21.1250,1,36,40,0.923077,1
Phi-4-14B,heldout,det_error,NC_4x4_det_152,-,40.8125,1,39,40,1.000000,1
Phi-4-14B,heldout,det_error,NC_4x4_det_1383,-,9.2500,1,37,40,0.948718,1
Phi-4-14B,heldout,det_error,NC_4x4_det_228,-,28.7500,1,37,40,0.948718,1
Phi-4-14B,heldout,det_error,NC_4x4_det_569,-,15.5000,1,36,40,0.923077,1
Phi-4-14B,heldout,det_error,NC_4x4_det_1902,-,40.1250,1,39,40,1.000000,1
Phi-4-14B,heldout,det_error,NC_4x4_det_234,-,5.2500,1,39,40,1.000000,1
Phi-4-14B,heldout,det_error,NC_4x4_det_434,-,15.5000,1,36,40,0.923077,1
Phi-4-14B,heldout,det_error,NC_4x4_det_0885,-,23.3750,1,37,40,0.948718,1
Phi-4-14B,heldout,det_error,NC_4x4_det_1561,-,6.5000,1,37,40,0.948718,1
Phi-4-14B,heldout,det_error,NC_4x4_det_1199,-,17.3750,1,36,40,0.923077,1
Phi-4-14B,heldout,det_error,NC_4x4_det_725,-,10.6250,1,37,40,0.948718,1
Phi-4-14B,heldout,det_error,NC_4x4_det_0812,-,16.3750,1,39,40,1.000000,1
Phi-4-14B,heldout,det_error,NC_4x4_det_1040,-,29.1250,1,37,40,0.948718,1
Phi-4-14B,heldout,det_error,NC_4x4_det_075,-,27.3750,1,39,40,1.000000,1
Phi-4-14B,heldout,det_error,NC_4x4_det_1808,-,23.5000,1,37,40,0.948718,1
Phi-4-14B,heldout,det_error,NC_4x4_det_1940,-,29.0625,1,39,40,1.000000,1
Phi-4-14B,heldout,det_error,NC_4x4_det_0879,+,26.6250,1,36,40,0.923077,1
Phi-4-14B,heldout,det_error,NC_4x4_det_1750,-,-5.5000,0,2,40,0.051282,0
Phi-4-14B,heldout,det_error,NC_4x4_det_623,-,3.5000,1,37,40,0.948718,1
Phi-4-14B,heldout,det_error,NC_4x4_det_261,-,11.5000,1,36,40,0.923077,1
Phi-4-14B,heldout,det_error,NC_4x4_det_096,+,7.0000,1,28,40,0.717949,0
Phi-4-14B,heldout,det_error,NC_4x4_det_1170,-,22.1250,1,39,40,1.000000,1
Phi-4-14B,heldout,det_error,NC_4x4_det_1930,-,44.1875,1,39,40,1.000000,1
Phi-4-14B,heldout,det_error,NC_4x4_det_1744,-,29.7500,1,39,40,1.000000,1
Phi-4-14B,heldout,det_error,C_4x4_det_030,-,28.6250,1,37,40,0.948718,1
Phi-4-14B,heldout,det_error,NC_4x4_det_020,-,26.7500,1,37,40,0.948718,1
Phi-4-14B,heldout,det_error,NC_4x4_det_650,-,4.5000,1,37,40,0.948718,1
Phi-4-14B,heldout,det_error,NC_4x4_det_675,-,3.5000,1,39,40,1.000000,1
Phi-4-14B,heldout,det_error,NC_4x4_det_0814,-,42.4375,1,39,40,1.000000,1
Phi-4-14B,heldout,det_error,NC_4x4_det_746,-,16.1250,1,37,40,0.948718,1
Phi-4-14B,heldout,det_error,NC_4x4_det_259,+,30.5000,1,36,40,0.923077,1
Phi-4-14B,heldout,det_error,NC_4x4_det_1271,+,1.0000,0,30,40,0.769231,1
Phi-4-14B,heldout,det_error,NC_4x4_det_1469,+,8.7500,1,33,40,0.846154,1
Phi-4-14B,heldout,det_error,NC_4x4_det_1923,-,27.7500,1,37,40,0.948718,1
Phi-4-14B,heldout,det_error,NC_4x4_det_043,-,-1.7500,0,23,40,0.589744,0
Phi-4-14B,heldout,det_error,NC_4x4_det_310,-,3.0000,1,39,40,1.000000,1
Phi-4-14B,heldout,det_error,NC_4x4_det_0817,+,10.5000,1,29,40,0.743590,0
Phi-4-14B,heldout,det_error,C_4x4_det_017,-,20.6250,1,36,40,0.923077,1
Phi-4-14B,heldout,det_error,NC_4x4_det_047,-,42.4375,1,39,40,1.000000,1
Phi-4-14B,heldout,det_error,NC_4x4_det_1709,-,26.5000,1,37,40,0.948718,1
Phi-4-14B,heldout,det_correct,NC_4x4_det_586,-,7.2500,1,36,40,0.923077,1
Phi-4-14B,heldout,det_correct,NC_4x4_det_590,-,4.2656,1,4,40,0.102564,0
Phi-4-14B,heldout,det_correct,NC_4x4_det_598,-,13.8359,1,39,40,1.000000,1
Phi-4-14B,heldout,det_correct,NC_4x4_det_611,-,39.0000,1,39,40,1.000000,1
Phi-4-14B,heldout,det_correct,NC_4x4_det_613,-,39.4062,1,39,40,1.000000,1
Phi-4-14B,heldout,det_correct,NC_4x4_det_629,+,7.0000,1,32,40,0.820513,1
Phi-4-14B,heldout,det_correct,NC_4x4_det_641,-,20.1250,1,39,40,1.000000,1
Phi-4-14B,heldout,det_correct,NC_4x4_det_648,-,21.0625,1,37,40,0.948718,1
Phi-4-14B,heldout,det_correct,NC_4x4_det_649,-,4.6328,1,24,40,0.615385,0
Phi-4-14B,heldout,det_correct,NC_4x4_det_662,-,25.1875,1,37,40,0.948718,1
Phi-4-14B,heldout,det_correct,NC_4x4_det_676,-,31.6875,1,37,40,0.948718,1
Phi-4-14B,heldout,det_correct,NC_4x4_det_677,-,7.8516,1,34,40,0.871795,1
Phi-4-14B,heldout,det_correct,NC_4x4_det_678,-,4.2500,1,38,40,0.974359,1
Phi-4-14B,heldout,det_correct,NC_4x4_det_680,-,4.7969,1,24,40,0.615385,0
Phi-4-14B,heldout,det_correct,NC_4x4_det_685,-,4.8125,1,39,40,1.000000,1
Phi-4-14B,heldout,det_correct,NC_4x4_det_707,-,37.3125,1,39,40,1.000000,1
Phi-4-14B,heldout,det_correct,NC_4x4_det_710,-,11.0312,1,35,40,0.897436,1
Phi-4-14B,heldout,det_correct,NC_4x4_det_723,-,21.2500,1,39,40,1.000000,1
Phi-4-14B,heldout,det_correct,NC_4x4_det_724,-,19.3750,1,39,40,1.000000,1
Phi-4-14B,heldout,det_correct,NC_4x4_det_737,-,7.1719,1,35,40,0.897436,1
Phi-4-14B,heldout,det_correct,NC_4x4_det_774,-,0.7500,0,34,40,0.871795,1
Phi-4-14B,heldout,det_correct,NC_4x4_det_798,-,3.9062,1,24,40,0.615385,0
Phi-4-14B,heldout,det_correct,NC_4x4_det_0809,-,3.8125,1,24,40,0.615385,0
Phi-4-14B,heldout,det_correct,NC_4x4_det_0822,-,38.9375,1,39,40,1.000000,1
Phi-4-14B,heldout,det_correct,NC_4x4_det_0835,-,38.0000,1,39,40,1.000000,1
Phi-4-14B,heldout,det_correct,NC_4x4_det_0837,-,12.1094,1,29,40,0.743590,0
Phi-4-14B,heldout,det_correct,NC_4x4_det_0852,-,-3.5000,0,0,40,0.000000,0
Phi-4-14B,heldout,det_correct,NC_4x4_det_0857,-,40.0000,1,39,40,1.000000,1
Phi-4-14B,heldout,det_correct,NC_4x4_det_0859,-,24.4375,1,39,40,1.000000,1
Phi-4-14B,heldout,det_correct,NC_4x4_det_0866,-,4.9375,1,24,40,0.615385,0
Phi-4-14B,heldout,det_correct,NC_4x4_det_0867,-,40.2188,1,39,40,1.000000,1
Phi-4-14B,heldout,det_correct,NC_4x4_det_0881,-,14.9219,1,39,40,1.000000,1
Phi-4-14B,heldout,det_correct,NC_4x4_det_0882,-,13.5312,1,39,40,1.000000,1
Phi-4-14B,heldout,det_correct,NC_4x4_det_0891,+,17.5000,1,36,40,0.923077,1
Phi-4-14B,heldout,det_correct,NC_4x4_det_0907,-,23.3750,1,39,40,1.000000,1
Phi-4-14B,heldout,det_correct,NC_4x4_det_0917,-,37.6250,1,39,40,1.000000,1
Phi-4-14B,heldout,det_correct,NC_4x4_det_0918,-,29.5000,1,39,40,1.000000,1
Phi-4-14B,heldout,det_correct,NC_4x4_det_0923,-,27.1250,1,39,40,1.000000,1
Phi-4-14B,heldout,det_correct,NC_4x4_det_0929,-,20.2500,1,37,40,0.948718,1
Phi-4-14B,heldout,det_correct,NC_4x4_det_0945,+,16.0000,1,36,40,0.923077,1
Phi-4-14B,heldout,det_correct,NC_4x4_det_0952,-,34.3125,1,39,40,1.000000,1
Phi-4-14B,heldout,det_correct,NC_4x4_det_0955,-,42.2188,1,39,40,1.000000,1
Phi-4-14B,heldout,det_correct,NC_4x4_det_0959,-,4.2500,1,34,40,0.871795,1
Phi-4-14B,heldout,det_correct,NC_4x4_det_0962,+,3.0000,1,31,40,0.794872,1
Phi-4-14B,heldout,det_correct,NC_4x4_det_0964,-,10.5000,1,37,40,0.948718,1
Phi-4-14B,heldout,det_correct,NC_4x4_det_0972,-,29.7500,1,36,40,0.923077,1
Phi-4-14B,heldout,det_correct,NC_4x4_det_0976,-,20.2500,1,37,40,0.948718,1
Phi-4-14B,heldout,det_correct,NC_4x4_det_0980,-,10.9375,1,36,40,0.923077,1
Phi-4-14B,heldout,det_correct,NC_4x4_det_1002,-,30.7500,1,37,40,0.948718,1
Phi-4-14B,heldout,det_correct,NC_4x4_det_1008,-,-6.2500,0,0,40,0.000000,0
Phi-4-14B,heldout,det_correct,NC_4x4_det_1020,-,32.0000,1,37,40,0.948718,1
Phi-4-14B,heldout,det_correct,NC_4x4_det_1028,-,30.5000,1,39,40,1.000000,1
Phi-4-14B,heldout,det_correct,NC_4x4_det_1030,-,40.9375,1,39,40,1.000000,1
Phi-4-14B,heldout,det_correct,NC_4x4_det_1043,-,13.3750,1,39,40,1.000000,1
Phi-4-14B,heldout,det_correct,NC_4x4_det_1045,-,24.7500,1,37,40,0.948718,1
Phi-4-14B,heldout,det_correct,NC_4x4_det_1047,-,9.0000,1,39,40,1.000000,1
Phi-4-14B,heldout,det_correct,NC_4x4_det_1054,-,39.2812,1,39,40,1.000000,1
Phi-4-14B,heldout,det_correct,NC_4x4_det_1062,-,8.6719,1,35,40,0.897436,1
Phi-4-14B,heldout,det_correct,NC_4x4_det_1066,+,11.0000,1,32,40,0.820513,1
Phi-4-14B,heldout,det_correct,NC_4x4_det_1072,-,38.8750,1,39,40,1.000000,1
Phi-4-14B,heldout,det_correct,NC_4x4_det_1075,-,3.7266,1,22,40,0.564103,0
Phi-4-14B,heldout,det_correct,NC_4x4_det_1110,-,19.7500,1,37,40,0.948718,1
Phi-4-14B,heldout,det_correct,NC_4x4_det_1112,-,36.1875,1,39,40,1.000000,1
Phi-4-14B,heldout,det_correct,NC_4x4_det_1130,-,8.7148,1,37,40,0.948718,1
Phi-4-14B,heldout,det_correct,NC_4x4_det_1138,-,30.5000,1,39,40,1.000000,1
Phi-4-14B,heldout,det_correct,NC_4x4_det_1153,-,4.5000,1,38,40,0.974359,1
Phi-4-14B,heldout,det_correct,NC_4x4_det_1160,-,4.6328,1,23,40,0.589744,0
Phi-4-14B,heldout,det_correct,NC_4x4_det_1167,-,12.0000,1,39,40,1.000000,1
Phi-4-14B,heldout,det_correct,NC_4x4_det_1177,-,2.0000,1,38,40,0.974359,1
Phi-4-14B,heldout,det_correct,NC_4x4_det_1184,-,8.2188,1,35,40,0.897436,1
Phi-4-14B,heldout,det_correct,NC_4x4_det_1213,-,38.3125,1,39,40,1.000000,1
Phi-4-14B,heldout,det_correct,NC_4x4_det_1246,-,-0.7500,0,2,40,0.051282,0
Phi-4-14B,heldout,det_correct,NC_4x4_det_1262,-,34.6250,1,39,40,1.000000,1
Phi-4-14B,heldout,det_correct,NC_4x4_det_1274,-,13.1250,1,39,40,1.000000,1
Phi-4-14B,heldout,det_correct,NC_4x4_det_1276,-,1.7500,0,0,40,0.000000,0
Phi-4-14B,heldout,det_correct,NC_4x4_det_1277,+,29.6875,1,32,40,0.820513,1
Phi-4-14B,heldout,det_correct,NC_4x4_det_1318,-,14.0156,1,39,40,1.000000,1
Phi-4-14B,heldout,det_correct,NC_4x4_det_1324,-,13.0000,1,37,40,0.948718,1
Phi-4-14B,heldout,det_correct,NC_4x4_det_1338,-,12.5000,1,39,40,1.000000,1
Phi-4-14B,heldout,det_correct,NC_4x4_det_1343,-,4.3516,1,24,40,0.615385,0
Phi-4-14B,heldout,det_correct,NC_4x4_det_1347,-,4.3906,1,24,40,0.615385,0
Phi-4-14B,heldout,det_correct,NC_4x4_det_1367,-,0.5000,0,34,40,0.871795,1
Phi-4-14B,heldout,det_correct,NC_4x4_det_1376,-,12.5000,1,39,40,1.000000,1
Phi-4-14B,heldout,det_correct,NC_4x4_det_1381,-,9.8750,1,29,40,0.743590,0
Phi-4-14B,heldout,det_correct,NC_4x4_det_1393,-,4.2422,1,37,40,0.948718,1
Phi-4-14B,heldout,det_correct,NC_4x4_det_1411,-,4.2344,1,23,40,0.589744,0
Phi-4-14B,heldout,det_correct,NC_4x4_det_1413,-,14.2500,1,39,40,1.000000,1
Phi-4-14B,heldout,det_correct,NC_4x4_det_1414,-,37.8125,1,39,40,1.000000,1
Phi-4-14B,heldout,det_correct,NC_4x4_det_1423,+,29.1250,1,39,40,1.000000,1
Phi-4-14B,heldout,det_correct,NC_4x4_det_1429,-,5.2500,1,34,40,0.871795,1
Phi-4-14B,heldout,det_correct,NC_4x4_det_1458,-,28.6250,1,39,40,1.000000,1
Phi-4-14B,heldout,det_correct,NC_4x4_det_1463,-,20.6250,1,39,40,1.000000,1
Phi-4-14B,heldout,det_correct,NC_4x4_det_1471,-,3.5938,1,4,40,0.102564,0
Phi-4-14B,heldout,det_correct,NC_4x4_det_1483,-,41.7812,1,39,40,1.000000,1
Phi-4-14B,heldout,det_correct,NC_4x4_det_1491,-,14.3359,1,39,40,1.000000,1
Phi-4-14B,heldout,det_correct,NC_4x4_det_1509,-,37.2500,1,39,40,1.000000,1
Phi-4-14B,heldout,det_correct,NC_4x4_det_1511,-,33.9375,1,39,40,1.000000,1
Phi-4-14B,heldout,det_correct,NC_4x4_det_1512,-,12.5000,1,39,40,1.000000,1
Phi-4-14B,heldout,det_correct,NC_4x4_det_1514,-,14.6172,1,39,40,1.000000,1
Phi-4-14B,heldout,det_correct,NC_4x4_det_1517,-,17.8125,1,35,40,0.897436,1
Phi-4-14B,heldout,det_correct,NC_4x4_det_1522,-,22.0000,1,39,40,1.000000,1
Phi-4-14B,heldout,det_correct,NC_4x4_det_1534,-,5.2500,1,36,40,0.923077,1
Phi-4-14B,heldout,det_correct,NC_4x4_det_1547,-,1.2500,0,34,40,0.871795,1
Phi-4-14B,heldout,det_correct,NC_4x4_det_1556,-,15.9375,1,36,40,0.923077,1
Phi-4-14B,heldout,det_correct,NC_4x4_det_1574,-,4.6719,1,24,40,0.615385,0
Phi-4-14B,heldout,det_correct,NC_4x4_det_1585,-,5.7500,1,34,40,0.871795,1
Phi-4-14B,heldout,det_correct,NC_4x4_det_1596,-,4.8008,1,24,40,0.615385,0
Phi-4-14B,heldout,det_correct,NC_4x4_det_1611,-,12.7500,1,39,40,1.000000,1
Phi-4-14B,heldout,det_correct,NC_4x4_det_1618,-,17.5000,1,39,40,1.000000,1
Phi-4-14B,heldout,det_correct,NC_4x4_det_1621,-,19.6250,1,34,40,0.871795,1
Phi-4-14B,heldout,det_correct,NC_4x4_det_1633,+,33.3750,1,39,40,1.000000,1
Phi-4-14B,heldout,det_correct,NC_4x4_det_1646,-,33.4375,1,39,40,1.000000,1
Phi-4-14B,heldout,det_correct,NC_4x4_det_1652,-,32.6250,1,37,40,0.948718,1
Phi-4-14B,heldout,det_correct,NC_4x4_det_1665,-,1.5625,0,2,40,0.051282,0
Phi-4-14B,heldout,det_correct,NC_4x4_det_1666,-,21.1250,1,39,40,1.000000,1
Phi-4-14B,heldout,det_correct,NC_4x4_det_1676,-,26.0625,1,39,40,1.000000,1
Phi-4-14B,heldout,det_correct,NC_4x4_det_1677,-,35.7500,1,39,40,1.000000,1
Phi-4-14B,heldout,det_correct,NC_4x4_det_1690,-,4.1328,1,37,40,0.948718,1
Phi-4-14B,heldout,det_correct,NC_4x4_det_1715,-,7.0000,1,36,40,0.923077,1
Phi-4-14B,heldout,det_correct,NC_4x4_det_1727,-,24.8750,1,37,40,0.948718,1
Phi-4-14B,heldout,det_correct,NC_4x4_det_1743,+,9.7500,1,32,40,0.820513,1
Phi-4-14B,heldout,det_correct,NC_4x4_det_1760,-,13.7500,1,37,40,0.948718,1
Phi-4-14B,heldout,det_correct,NC_4x4_det_1772,-,32.4375,1,37,40,0.948718,1
Phi-4-14B,heldout,det_correct,NC_4x4_det_1782,-,42.1875,1,39,40,1.000000,1
Phi-4-14B,heldout,det_correct,NC_4x4_det_1789,+,2.8750,1,29,40,0.743590,0
Phi-4-14B,heldout,det_correct,NC_4x4_det_1796,-,19.4375,1,35,40,0.897436,1
Phi-4-14B,heldout,det_correct,NC_4x4_det_1823,-,17.7500,1,35,40,0.897436,1
Phi-4-14B,heldout,det_correct,NC_4x4_det_1825,-,14.9766,1,39,40,1.000000,1
Phi-4-14B,heldout,det_correct,NC_4x4_det_1833,-,18.6875,1,39,40,1.000000,1
Phi-4-14B,heldout,det_correct,NC_4x4_det_1834,-,38.5625,1,39,40,1.000000,1
Phi-4-14B,heldout,det_correct,NC_4x4_det_1843,-,9.8125,1,39,40,1.000000,1
Phi-4-14B,heldout,det_correct,NC_4x4_det_1853,-,4.1641,1,23,40,0.589744,0
Phi-4-14B,heldout,det_correct,NC_4x4_det_1854,-,13.7500,1,39,40,1.000000,1
Phi-4-14B,heldout,det_correct,NC_4x4_det_1859,+,36.2500,1,39,40,1.000000,1
Phi-4-14B,heldout,det_correct,NC_4x4_det_1873,-,15.9375,1,35,40,0.897436,1
Phi-4-14B,heldout,det_correct,NC_4x4_det_1880,-,14.2500,1,39,40,1.000000,1
Phi-4-14B,heldout,det_correct,NC_4x4_det_1881,-,-0.5000,0,2,40,0.051282,0
Phi-4-14B,heldout,det_correct,NC_4x4_det_1887,-,12.5000,1,39,40,1.000000,1
Phi-4-14B,heldout,det_correct,NC_4x4_det_1901,-,4.7500,1,37,40,0.948718,1
Phi-4-14B,heldout,det_correct,NC_4x4_det_1916,+,12.0000,1,36,40,0.923077,1
Phi-4-14B,heldout,det_correct,NC_4x4_det_1929,-,3.9844,1,24,40,0.615385,0
Phi-4-14B,heldout,det_correct,NC_4x4_det_1934,-,4.3828,1,24,40,0.615385,0
Phi-4-14B,heldout,det_correct,NC_4x4_det_1937,-,10.1758,1,36,40,0.923077,1
Phi-4-14B,heldout,det_correct,NC_4x4_det_1948,-,4.7500,1,35,40,0.897436,1
Phi-4-14B,heldout,det_correct,NC_4x4_det_1952,-,41.0625,1,39,40,1.000000,1
Phi-4-14B,heldout,det_correct,NC_4x4_det_1967,-,6.5000,1,34,40,0.871795,1
Phi-4-14B,heldout,det_correct,NC_4x4_det_1992,-,-6.0000,0,0,40,0.000000,0
Phi-4-14B,heldout,det_correct,NC_4x4_det_1995,-,13.8945,1,39,40,1.000000,1
Phi-4-14B,heldout,det_correct,NC_4x4_det_1998,-,4.2812,1,37,40,0.948718,1
Phi-4-14B,heldout,ibp_error,ibp_ptc_n14_b5,+,-1.5000,0,27,40,0.692308,0
Phi-4-14B,heldout,ibp_error,ibp_ptc_n6_b17,+,1.2500,0,32,40,0.820513,1
Phi-4-14B,heldout,ibp_error,ibp_ptc_n7_b1,+,0.6250,0,32,40,0.820513,1
Phi-4-14B,heldout,ibp_error,ibp_ptc_n7_b17,+,1.2500,0,27,40,0.692308,0
Phi-4-14B,heldout,ibp_error,ibp_ptc_n8_b11,+,-1.5000,0,27,40,0.692308,0
Phi-4-14B,heldout,ibp_error,ibp_ptc_n8_b2,+,3.7500,1,31,40,0.794872,1
Phi-4-14B,heldout,ibp_error,ibp_ptc_n9_b5,+,1.5000,0,27,40,0.692308,0
Phi-4-14B,heldout,ibp_error,ibp_ptc_n9_b7,+,-1.0000,0,27,40,0.692308,0
Phi-4-14B,heldout,ibp_error,ibp_pts_n11_b29,-,31.2500,1,39,40,1.000000,1
Phi-4-14B,heldout,ibp_error,ibp_pts_n11_b73,-,31.1250,1,39,40,1.000000,1
Phi-4-14B,heldout,ibp_error,ibp_pts_n12_b51,-,28.5000,1,39,40,1.000000,1
Phi-4-14B,heldout,ibp_error,ibp_pts_n12_b83,-,28.2500,1,39,40,1.000000,1
Phi-4-14B,heldout,ibp_error,ibp_pts_n12_b89,-,30.5000,1,39,40,1.000000,1
Phi-4-14B,heldout,ibp_error,ibp_pts_n13_b51,-,30.5000,1,39,40,1.000000,1
Phi-4-14B,heldout,ibp_error,ibp_pts_n13_b59,-,30.5000,1,39,40,1.000000,1
Phi-4-14B,heldout,ibp_error,ibp_pts_n13_b79,-,30.5000,1,39,40,1.000000,1
Phi-4-14B,heldout,ibp_error,ibp_pts_n14_b1,-,12.8750,1,37,40,0.948718,1
Phi-4-14B,heldout,ibp_error,ibp_pts_n14_b49,-,29.5000,1,39,40,1.000000,1
Phi-4-14B,heldout,ibp_error,ibp_pts_n14_b51,-,30.0000,1,39,40,1.000000,1
Phi-4-14B,heldout,ibp_error,ibp_pts_n15_b37,-,30.6250,1,39,40,1.000000,1
Phi-4-14B,heldout,ibp_error,ibp_pts_n15_b6,-,32.4375,1,39,40,1.000000,1
Phi-4-14B,heldout,ibp_error,ibp_pts_n15_b89,-,30.5000,1,39,40,1.000000,1
Phi-4-14B,heldout,ibp_error,ibp_pts_n16_b113,-,30.3750,1,39,40,1.000000,1
Phi-4-14B,heldout,ibp_error,ibp_pts_n16_b131,-,30.2500,1,39,40,1.000000,1
Phi-4-14B,heldout,ibp_error,ibp_pts_n16_b37,-,30.3750,1,39,40,1.000000,1
Phi-4-14B,heldout,ibp_error,ibp_pts_n5_b101,-,1.0000,0,33,40,0.846154,1
Phi-4-14B,heldout,ibp_error,ibp_pts_n5_b109,-,0.7500,0,33,40,0.846154,1
Phi-4-14B,heldout,ibp_error,ibp_pts_n5_b11,-,15.7500,1,37,40,0.948718,1
Phi-4-14B,heldout,ibp_error,ibp_pts_n5_b131,-,0.7500,0,33,40,0.846154,1
Phi-4-14B,heldout,ibp_error,ibp_pts_n5_b137,-,0.5000,0,33,40,0.846154,1
Phi-4-14B,heldout,ibp_error,ibp_pts_n5_b157,-,29.3750,1,39,40,1.000000,1
Phi-4-14B,heldout,ibp_error,ibp_pts_n5_b163,-,29.5000,1,39,40,1.000000,1
Phi-4-14B,heldout,ibp_error,ibp_pts_n5_b179,-,1.5000,0,33,40,0.846154,1
Phi-4-14B,heldout,ibp_error,ibp_pts_n5_b29,-,0.7500,0,33,40,0.846154,1
Phi-4-14B,heldout,ibp_error,ibp_pts_n5_b37,-,-1.0000,0,33,40,0.846154,1
Phi-4-14B,heldout,ibp_error,ibp_pts_n5_b41,-,-1.2500,0,33,40,0.846154,1
Phi-4-14B,heldout,ibp_error,ibp_pts_n5_b43,-,-0.2500,0,33,40,0.846154,1
Phi-4-14B,heldout,ibp_error,ibp_pts_n5_b47,-,0.0000,0,33,40,0.846154,1
Phi-4-14B,heldout,ibp_error,ibp_pts_n5_b71,-,0.2500,0,33,40,0.846154,1
Phi-4-14B,heldout,ibp_error,ibp_pts_n6_b11,-,-5.6250,0,2,40,0.051282,0
Phi-4-14B,heldout,ibp_error,ibp_pts_n6_b7,-,28.8750,1,39,40,1.000000,1
Phi-4-14B,heldout,ibp_error,ibp_pts_n7_b101,-,30.2500,1,39,40,1.000000,1
Phi-4-14B,heldout,ibp_error,ibp_pts_n7_b103,-,26.6250,1,39,40,1.000000,1
Phi-4-14B,heldout,ibp_error,ibp_pts_n7_b109,-,29.5000,1,39,40,1.000000,1
Phi-4-14B,heldout,ibp_error,ibp_pts_n7_b12,-,29.7500,1,39,40,1.000000,1
Phi-4-14B,heldout,ibp_error,ibp_pts_n7_b13,-,28.2500,1,39,40,1.000000,1
Phi-4-14B,heldout,ibp_error,ibp_pts_n7_b17,-,28.1250,1,39,40,1.000000,1
Phi-4-14B,heldout,ibp_error,ibp_pts_n7_b173,-,29.5000,1,39,40,1.000000,1
Phi-4-14B,heldout,ibp_error,ibp_pts_n7_b181,-,29.6250,1,39,40,1.000000,1
Phi-4-14B,heldout,ibp_error,ibp_pts_n7_b197,-,29.5000,1,39,40,1.000000,1
Phi-4-14B,heldout,ibp_error,ibp_pts_n7_b227,-,29.3750,1,39,40,1.000000,1
Phi-4-14B,heldout,ibp_error,ibp_pts_n7_b229,-,30.0000,1,39,40,1.000000,1
Phi-4-14B,heldout,ibp_error,ibp_pts_n7_b283,-,29.7500,1,39,40,1.000000,1
Phi-4-14B,heldout,ibp_error,ibp_pts_n7_b41,-,30.5000,1,39,40,1.000000,1
Phi-4-14B,heldout,ibp_error,ibp_pts_n7_b43,-,29.6250,1,39,40,1.000000,1
Phi-4-14B,heldout,ibp_error,ibp_pts_n7_b59,-,30.2500,1,39,40,1.000000,1
Phi-4-14B,heldout,ibp_error,ibp_pts_n7_b73,-,28.3750,1,39,40,1.000000,1
Phi-4-14B,heldout,ibp_error,ibp_pts_n7_b89,-,29.8750,1,39,40,1.000000,1
Phi-4-14B,heldout,ibp_error,ibp_pts_n7_b9,-,30.1250,1,39,40,1.000000,1
Phi-4-14B,heldout,ibp_error,ibp_pts_n7_b97,-,29.7500,1,39,40,1.000000,1
Phi-4-14B,heldout,ibp_error,ibp_pts_n8_b101,-,30.5000,1,39,40,1.000000,1
Phi-4-14B,heldout,ibp_error,ibp_pts_n8_b151,-,30.6250,1,39,40,1.000000,1
Phi-4-14B,heldout,ibp_error,ibp_pts_n8_b157,-,30.5000,1,39,40,1.000000,1
Phi-4-14B,heldout,ibp_error,ibp_pts_n8_b163,-,30.1250,1,39,40,1.000000,1
Phi-4-14B,heldout,ibp_error,ibp_pts_n8_b167,-,30.5000,1,39,40,1.000000,1
Phi-4-14B,heldout,ibp_error,ibp_pts_n8_b191,-,31.0000,1,39,40,1.000000,1
Phi-4-14B,heldout,ibp_error,ibp_pts_n8_b211,-,30.7500,1,39,40,1.000000,1
Phi-4-14B,heldout,ibp_error,ibp_pts_n8_b239,-,30.7500,1,39,40,1.000000,1
Phi-4-14B,heldout,ibp_error,ibp_pts_n8_b25,-,29.1250,1,39,40,1.000000,1
Phi-4-14B,heldout,ibp_error,ibp_pts_n8_b271,-,25.5000,1,39,40,1.000000,1
Phi-4-14B,heldout,ibp_error,ibp_pts_n8_b277,-,25.5000,1,39,40,1.000000,1
Phi-4-14B,heldout,ibp_error,ibp_pts_n8_b283,-,30.5000,1,39,40,1.000000,1
Phi-4-14B,heldout,ibp_error,ibp_pts_n8_b313,-,30.2500,1,39,40,1.000000,1
Phi-4-14B,heldout,ibp_error,ibp_pts_n8_b71,-,31.0000,1,39,40,1.000000,1
Phi-4-14B,heldout,ibp_error,ibp_pts_n8_b73,-,30.7500,1,39,40,1.000000,1
Phi-4-14B,heldout,ibp_error,ibp_pts_n8_b79,-,30.7500,1,39,40,1.000000,1
Phi-4-14B,heldout,ibp_error,ibp_pts_n9_b17,-,24.0625,1,39,40,1.000000,1
Phi-4-14B,heldout,ibp_correct,ibp_pts_n2_b6,+,24.8750,1,31,40,0.794872,1
Phi-4-14B,heldout,ibp_correct,ibp_pts_n1_b6,+,31.3750,1,31,40,0.794872,1
Phi-4-14B,heldout,ibp_correct,ibp_pts_n1_b4,+,27.8750,1,39,40,1.000000,1
Phi-4-14B,heldout,ibp_correct,ibp_pts_n2_b8,+,23.7500,1,39,40,1.000000,1
Phi-4-14B,heldout,ibp_correct,ibp_pts_n2_b12,+,28.1250,1,36,40,0.923077,1
Phi-4-14B,heldout,ibp_correct,ibp_pts_n2_b4,-,22.7500,1,37,40,0.948718,1
Phi-4-14B,heldout,ibp_correct,ibp_pts_n2_b9,+,28.0000,1,36,40,0.923077,1
Phi-4-14B,heldout,ibp_correct,ibp_pts_n2_b10,+,28.1250,1,36,40,0.923077,1
Phi-4-14B,heldout,ibp_correct,ibp_pts_n1_b10,+,31.2500,1,31,40,0.794872,1
Phi-4-14B,heldout,ibp_correct,ibp_pts_n1_b12,+,27.6250,1,36,40,0.923077,1
Phi-4-14B,heldout,ibp_correct,ibp_pts_n8_b137,-,30.5000,1,39,40,1.000000,1
Phi-4-14B,heldout,ibp_correct,ibp_ptc_n10_b107,-,19.7500,1,37,40,0.948718,1
Phi-4-14B,heldout,ibp_correct,ibp_ptc_n5_b53,-,32.0625,1,39,40,1.000000,1
Phi-4-14B,heldout,ibp_correct,ibp_ptc_n3_b6,+,30.0000,1,39,40,1.000000,1
Phi-4-14B,heldout,ibp_correct,ibp_ptc_n5_b149,-,41.9375,1,39,40,1.000000,1
Phi-4-14B,heldout,ibp_correct,ibp_pts_n7_b83,+,30.8750,1,39,40,1.000000,1
Phi-4-14B,heldout,ibp_correct,ibp_pts_n7_b67,-,31.1875,1,39,40,1.000000,1
Phi-4-14B,heldout,ibp_correct,ibp_ptc_n2_b13,-,38.1250,1,39,40,1.000000,1
Phi-4-14B,heldout,ibp_correct,ibp_ptc_n2_b19,+,26.5625,1,39,40,1.000000,1
Phi-4-14B,heldout,ibp_correct,ibp_ptc_n7_b307,-,34.2500,1,39,40,1.000000,1
Phi-4-14B,heldout,ibp_correct,ibp_pts_n2_b16,+,28.2500,1,39,40,1.000000,1
Phi-4-14B,heldout,ibp_correct,ibp_ptc_n10_b59,+,29.5000,1,39,40,1.000000,1
Phi-4-14B,heldout,ibp_correct,ibp_pts_n2_b18,+,32.7500,1,39,40,1.000000,1
Phi-4-14B,heldout,ibp_correct,ibp_pts_n7_b193,+,23.2500,1,36,40,0.923077,1
Phi-4-14B,heldout,ibp_correct,ibp_ptc_n5_b41,-,32.6875,1,39,40,1.000000,1
Phi-4-14B,heldout,ibp_correct,ibp_pts_n1_b13,+,28.0000,1,36,40,0.923077,1
Phi-4-14B,heldout,ibp_correct,ibp_ptc_n7_b113,-,27.3125,1,39,40,1.000000,1
Phi-4-14B,heldout,ibp_correct,ibp_pts_n5_b89,-,37.3750,1,39,40,1.000000,1
Phi-4-14B,heldout,ibp_correct,ibp_pts_n7_b233,-,7.0000,1,33,40,0.846154,1
Phi-4-14B,heldout,ibp_correct,ibp_pts_n7_b127,-,29.6250,1,39,40,1.000000,1
Phi-4-14B,heldout,ibp_correct,ibp_ptc_n5_b139,-,41.6250,1,39,40,1.000000,1
Phi-4-14B,heldout,ibp_correct,ibp_ptc_n5_b197,-,41.1250,1,39,40,1.000000,1
Phi-4-14B,heldout,ibp_correct,ibp_ptc_n5_b103,-,41.1875,1,39,40,1.000000,1
Phi-4-14B,heldout,ibp_correct,ibp_pts_n5_b167,+,33.7500,1,39,40,1.000000,1
Phi-4-14B,heldout,ibp_correct,ibp_pts_n0_b11,-,29.1250,1,37,40,0.948718,1
Phi-4-14B,heldout,ibp_correct,ibp_ptc_n7_b227,+,29.0000,1,39,40,1.000000,1
Phi-4-14B,heldout,ibp_correct,ibp_pts_n7_b311,-,29.8750,1,39,40,1.000000,1
Phi-4-14B,heldout,ibp_correct,ibp_pts_n5_b1,+,39.1250,1,39,40,1.000000,1
Phi-4-14B,heldout,ibp_correct,ibp_pts_n8_b241,-,22.8125,1,36,40,0.923077,1
Phi-4-14B,heldout,ibp_correct,ibp_ptc_n7_b47,-,24.0000,1,39,40,1.000000,1
Phi-4-14B,heldout,ibp_correct,ibp_ptc_n10_b233,+,5.8750,1,30,40,0.769231,1
Phi-4-14B,heldout,ibp_correct,ibp_ptc_n3_b7,+,30.8750,1,39,40,1.000000,1
Phi-4-14B,heldout,ibp_correct,ibp_pts_n3_b2,+,30.8750,1,39,40,1.000000,1
Phi-4-14B,heldout,ibp_correct,ibp_ptc_n10_b193,+,26.8750,1,32,40,0.820513,1
Phi-4-14B,heldout,ibp_correct,ibp_pts_n7_b263,+,31.7500,1,39,40,1.000000,1
Phi-4-14B,heldout,ibp_correct,ibp_ptc_n5_b43,-,32.3750,1,39,40,1.000000,1
Phi-4-14B,heldout,ibp_correct,ibp_pts_n7_b71,-,31.3125,1,39,40,1.000000,1
Phi-4-14B,heldout,ibp_correct,ibp_ptc_n10_b53,+,23.7500,1,32,40,0.820513,1
Phi-4-14B,heldout,ibp_correct,ibp_ptc_n7_b281,-,27.5000,1,39,40,1.000000,1
Phi-4-14B,heldout,ibp_correct,ibp_pts_n5_b103,-,30.5000,1,39,40,1.000000,1
Phi-4-14B,heldout,ibp_correct,ibp_ptc_n5_b173,-,32.3750,1,39,40,1.000000,1
Phi-4-14B,heldout,ibp_correct,ibp_pts_n7_b113,-,19.7500,1,37,40,0.948718,1
Phi-4-14B,heldout,ibp_correct,ibp_pts_n2_b11,+,30.6250,1,39,40,1.000000,1
Phi-4-14B,heldout,ibp_correct,ibp_ptc_n2_b11,+,27.1250,1,39,40,1.000000,1
Phi-4-14B,heldout,ibp_correct,ibp_ptc_n7_b131,-,32.7500,1,39,40,1.000000,1
Phi-4-14B,heldout,ibp_correct,ibp_ptc_n5_b79,-,32.8750,1,39,40,1.000000,1
Phi-4-14B,heldout,ibp_correct,ibp_ptc_n10_b47,-,22.1250,1,36,40,0.923077,1
Phi-4-14B,heldout,ibp_correct,ibp_ptc_n5_b179,-,39.8125,1,39,40,1.000000,1
Phi-4-14B,heldout,ibp_correct,ibp_pts_n5_b83,-,29.6250,1,39,40,1.000000,1
Phi-4-14B,heldout,ibp_correct,ibp_ptc_n8_b167,-,35.1875,1,39,40,1.000000,1
Phi-4-14B,heldout,ibp_correct,ibp_ptc_n9_b1,-,23.2500,1,37,40,0.948718,1
Phi-4-14B,heldout,ibp_correct,ibp_ptc_n7_b293,-,34.1250,1,39,40,1.000000,1
Phi-4-14B,heldout,ibp_correct,ibp_ptc_n4_b2,-,36.4688,1,39,40,1.000000,1
Phi-4-14B,heldout,ibp_correct,ibp_ptc_n1_b7,-,7.4844,1,39,40,1.000000,1
Phi-4-14B,heldout,ibp_correct,ibp_pts_n8_b293,-,30.5000,1,39,40,1.000000,1
Phi-4-14B,heldout,ibp_correct,ibp_ptc_n7_b89,-,27.5000,1,39,40,1.000000,1
Phi-4-14B,heldout,ibp_correct,ibp_pts_n3_b11,+,28.2500,1,39,40,1.000000,1
Phi-4-14B,heldout,ibp_correct,ibp_ptc_n7_b33,-,32.0000,1,39,40,1.000000,1
Phi-4-14B,heldout,ibp_correct,ibp_ptc_n7_b163,-,27.3125,1,39,40,1.000000,1
Phi-4-14B,heldout,ibp_correct,ibp_ptc_n2_b2,+,33.7500,1,39,40,1.000000,1
Phi-4-14B,heldout,ibp_correct,ibp_ptc_n5_b109,-,41.5625,1,39,40,1.000000,1
Phi-4-14B,heldout,ibp_correct,ibp_ptc_n4_b11,+,34.0000,1,39,40,1.000000,1
Phi-4-14B,heldout,ibp_correct,ibp_ptc_n10_b127,-,22.1250,1,36,40,0.923077,1
Phi-4-14B,heldout,ibp_correct,ibp_ptc_n5_b7,+,28.3750,1,39,40,1.000000,1
Phi-4-14B,heldout,ibp_correct,ibp_pts_n8_b193,-,29.5000,1,39,40,1.000000,1
Phi-4-14B,heldout,ibp_correct,ibp_ptc_n10_b61,-,30.3750,1,39,40,1.000000,1
Phi-4-14B,heldout,ibp_correct,ibp_pts_n7_b139,-,29.5000,1,39,40,1.000000,1
Phi-4-14B,heldout,ibp_correct,ibp_ptc_n2_b14,-,35.6875,1,39,40,1.000000,1
Phi-4-14B,heldout,ibp_correct,ibp_ptc_n7_b233,+,31.1250,1,39,40,1.000000,1
Phi-4-14B,heldout,ibp_correct,ibp_pts_n5_b151,-,30.2500,1,39,40,1.000000,1
Phi-4-14B,heldout,ibp_correct,ibp_pts_n1_b1,+,26.8750,1,39,40,1.000000,1
Phi-4-14B,heldout,ibp_correct,ibp_pts_n2_b7,+,28.3750,1,39,40,1.000000,1
Phi-4-14B,heldout,ibp_correct,ibp_ptc_n7_b127,-,38.8125,1,39,40,1.000000,1
Phi-4-14B,heldout,ibp_correct,ibp_pts_n0_b1,+,29.2500,1,39,40,1.000000,1
Phi-4-14B,heldout,ibp_correct,ibp_ptc_n5_b29,-,38.0625,1,39,40,1.000000,1
Phi-4-14B,heldout,ibp_correct,ibp_ptc_n2_b15,+,28.6250,1,39,40,1.000000,1
Phi-4-14B,heldout,ibp_correct,ibp_ptc_n7_b25,-,37.6250,1,39,40,1.000000,1
Phi-4-14B,heldout,ibp_correct,ibp_pts_n3_b6,-,29.1250,1,39,40,1.000000,1
Phi-4-14B,heldout,ibp_correct,ibp_ptc_n5_b137,-,41.0000,1,39,40,1.000000,1
Phi-4-14B,heldout,ibp_correct,ibp_pts_n5_b79,-,36.5938,1,39,40,1.000000,1
Phi-4-14B,heldout,ibp_correct,ibp_ptc_n5_b157,+,32.2500,1,39,40,1.000000,1
Phi-4-14B,heldout,ibp_correct,ibp_ptc_n1_b13,+,28.9375,1,39,40,1.000000,1
Phi-4-14B,heldout,ibp_correct,ibp_ptc_n7_b241,-,33.8750,1,39,40,1.000000,1
Phi-4-14B,heldout,ibp_correct,ibp_ptc_n10_b149,+,24.2500,1,32,40,0.820513,1
Phi-4-14B,heldout,ibp_correct,ibp_pts_n4_b11,-,24.2500,1,39,40,1.000000,1
Phi-4-14B,heldout,ibp_correct,ibp_pts_n8_b229,-,30.5000,1,39,40,1.000000,1
Phi-4-14B,heldout,ibp_correct,ibp_ptc_n4_b1,+,32.7500,1,39,40,1.000000,1
Phi-4-14B,heldout,ibp_correct,ibp_ptc_n10_b73,-,21.6250,1,39,40,1.000000,1
Phi-4-14B,heldout,ibp_correct,ibp_pts_n7_b281,-,30.7500,1,39,40,1.000000,1
Phi-4-14B,heldout,ibp_correct,ibp_ptc_n0_b1,-,32.3125,1,39,40,1.000000,1
Phi-4-14B,heldout,ibp_correct,ibp_pts_n8_b223,+,33.1250,1,39,40,1.000000,1
Phi-4-14B,heldout,ibp_correct,ibp_ptc_n7_b239,-,38.6875,1,39,40,1.000000,1
Phi-4-14B,heldout,ibp_correct,ibp_pts_n7_b137,-,27.6250,1,39,40,1.000000,1
Phi-4-14B,heldout,ibp_correct,ibp_ptc_n1_b11,+,28.8125,1,39,40,1.000000,1
Phi-4-14B,heldout,ibp_correct,ibp_ptc_n6_b1,-,34.6875,1,39,40,1.000000,1
Phi-4-14B,heldout,ibp_correct,ibp_pts_n2_b1,-,12.6250,1,37,40,0.948718,1
Phi-4-14B,heldout,ibp_correct,ibp_ptc_n5_b163,+,32.5000,1,39,40,1.000000,1
Phi-4-14B,heldout,ibp_correct,ibp_ptc_n5_b37,-,32.5625,1,39,40,1.000000,1
Phi-4-14B,heldout,ibp_correct,ibp_ptc_n10_b97,-,30.2500,1,39,40,1.000000,1
Phi-4-14B,heldout,ibp_correct,ibp_pts_n7_b211,+,16.5000,1,31,40,0.794872,1
Phi-4-14B,heldout,ibp_correct,ibp_pts_n5_b127,+,33.5000,1,39,40,1.000000,1
Phi-4-14B,heldout,ibp_correct,ibp_pts_n7_b167,-,8.8906,1,35,40,0.897436,1
Phi-4-14B,heldout,ibp_correct,ibp_ptc_n7_b251,-,32.9375,1,39,40,1.000000,1
Phi-4-14B,heldout,ibp_correct,ibp_ptc_n7_b311,-,33.8750,1,39,40,1.000000,1
Phi-4-14B,heldout,ibp_correct,ibp_ptc_n7_b229,-,35.8750,1,39,40,1.000000,1
Phi-4-14B,heldout,ibp_correct,ibp_pts_n7_b223,-,30.2500,1,39,40,1.000000,1
Phi-4-14B,heldout,ibp_correct,ibp_pts_n8_b317,-,30.6250,1,39,40,1.000000,1
Phi-4-14B,heldout,ibp_correct,ibp_ptc_n10_b71,-,26.2500,1,39,40,1.000000,1
Phi-4-14B,heldout,ibp_correct,ibp_ptc_n7_b67,-,27.1875,1,39,40,1.000000,1
Phi-4-14B,heldout,ibp_correct,ibp_pts_n7_b191,-,26.8750,1,39,40,1.000000,1
Phi-4-14B,heldout,ibp_correct,ibp_pts_n8_b251,-,23.2500,1,36,40,0.923077,1
Phi-4-14B,heldout,ibp_correct,ibp_ptc_n2_b16,+,28.3750,1,39,40,1.000000,1
Phi-4-14B,heldout,ibp_correct,ibp_pts_n5_b53,+,34.1250,1,39,40,1.000000,1
Phi-4-14B,heldout,ibp_correct,ibp_pts_n7_b257,-,27.0000,1,39,40,1.000000,1
Phi-4-14B,heldout,ibp_correct,ibp_ptc_n5_b131,-,41.3125,1,39,40,1.000000,1
Phi-4-14B,heldout,ibp_correct,ibp_pts_n7_b79,-,31.1875,1,39,40,1.000000,1
Phi-4-14B,heldout,ibp_correct,ibp_pts_n7_b157,-,29.3750,1,39,40,1.000000,1
Phi-4-14B,heldout,ibp_correct,ibp_pts_n5_b19,-,34.8750,1,39,40,1.000000,1
Phi-4-14B,heldout,ibp_correct,ibp_pts_n7_b313,-,29.6250,1,39,40,1.000000,1
Phi-4-14B,heldout,ibp_correct,ibp_ptc_n8_b149,-,32.8750,1,39,40,1.000000,1
Phi-4-14B,heldout,ibp_correct,ibp_ptc_n10_b223,+,24.2500,1,32,40,0.820513,1
Phi-4-14B,heldout,ibp_correct,ibp_ptc_n8_b51,-,35.3750,1,39,40,1.000000,1
Phi-4-14B,heldout,ibp_correct,ibp_ptc_n7_b103,-,23.3750,1,39,40,1.000000,1
Phi-4-14B,heldout,ibp_correct,ibp_ptc_n10_b139,-,19.3750,1,37,40,0.948718,1
Phi-4-14B,heldout,ibp_correct,ibp_pts_n7_b199,+,23.0000,1,36,40,0.923077,1
Phi-4-14B,heldout,ibp_correct,ibp_ptc_n7_b263,-,27.1250,1,34,40,0.871795,1
Phi-4-14B,heldout,ibp_correct,ibp_pts_n5_b229,+,38.3750,1,39,40,1.000000,1
Phi-4-14B,heldout,ibp_correct,ibp_pts_n5_b73,-,26.8750,1,39,40,1.000000,1
Phi-4-14B,heldout,ibp_correct,ibp_pts_n8_b269,-,30.7500,1,39,40,1.000000,1
Phi-4-14B,heldout,ibp_correct,ibp_ptc_n8_b193,+,29.3750,1,39,40,1.000000,1
Phi-4-14B,heldout,ibp_correct,ibp_ptc_n7_b101,-,32.5000,1,39,40,1.000000,1
Phi-4-14B,heldout,ibp_correct,ibp_ptc_n7_b79,-,32.7500,1,39,40,1.000000,1
Phi-4-14B,heldout,ibp_correct,ibp_ptc_n3_b9,+,32.5000,1,39,40,1.000000,1
Phi-4-14B,heldout,ibp_correct,ibp_pts_n8_b281,-,22.7500,1,36,40,0.923077,1
Phi-4-14B,heldout,ibp_correct,ibp_pts_n5_b67,-,36.5625,1,39,40,1.000000,1
Phi-4-14B,heldout,ibp_correct,ibp_ptc_n1_b1,-,9.2129,1,39,40,1.000000,1
Mistral-Small-24B,discovery,det_error,NC_4x4_det_1337,+,2.1250,1,32,40,0.820513,1
Mistral-Small-24B,discovery,det_error,NC_4x4_det_1396,-,0.8750,0,10,40,0.256410,0
Mistral-Small-24B,discovery,det_error,NC_4x4_det_1772,-,11.2500,1,39,40,1.000000,1
Mistral-Small-24B,discovery,det_error,NC_4x4_det_1901,-,0.8750,0,10,40,0.256410,0
Mistral-Small-24B,discovery,det_error,NC_4x4_det_1297,-,3.5000,1,39,40,1.000000,1
Mistral-Small-24B,discovery,det_error,NC_4x4_det_431,+,3.5000,1,32,40,0.820513,1
Mistral-Small-24B,discovery,det_error,NC_4x4_det_0860,-,3.7500,1,39,40,1.000000,1
Mistral-Small-24B,discovery,det_error,NC_4x4_det_526,-,-1.6250,0,10,40,0.256410,0
Mistral-Small-24B,discovery,det_error,NC_4x4_det_1919,-,-3.5000,0,13,40,0.333333,0
Mistral-Small-24B,discovery,det_error,NC_4x4_det_249,-,-3.2500,0,10,40,0.256410,0
Mistral-Small-24B,discovery,det_error,NC_4x4_det_677,-,4.5000,1,38,40,0.974359,1
Mistral-Small-24B,discovery,det_error,NC_4x4_det_1315,-,-6.8750,0,10,40,0.256410,0
Mistral-Small-24B,discovery,det_error,NC_4x4_det_1220,-,-3.2500,0,10,40,0.256410,0
Mistral-Small-24B,discovery,det_error,NC_4x4_det_1979,-,2.0000,1,38,40,0.974359,1
Mistral-Small-24B,discovery,det_error,NC_4x4_det_657,-,2.8750,1,38,40,0.974359,1
Mistral-Small-24B,discovery,det_error,NC_4x4_det_0836,-,-3.7500,0,10,40,0.256410,0
Mistral-Small-24B,discovery,det_error,NC_4x4_det_1000,-,3.8750,1,38,40,0.974359,1
Mistral-Small-24B,discovery,det_error,NC_4x4_det_1455,+,-0.1250,0,32,40,0.820513,1
Mistral-Small-24B,discovery,det_error,NC_4x4_det_0927,-,-2.7500,0,10,40,0.256410,0
Mistral-Small-24B,discovery,det_error,NC_4x4_det_1099,-,5.8750,1,39,40,1.000000,1
Mistral-Small-24B,discovery,det_error,NC_4x4_det_1125,-,-4.2500,0,11,40,0.282051,0
Mistral-Small-24B,discovery,det_error,NC_4x4_det_0866,-,2.5000,1,36,40,0.923077,1
Mistral-Small-24B,discovery,det_error,NC_4x4_det_1885,+,-0.5000,0,32,40,0.820513,1
Mistral-Small-24B,discovery,det_error,NC_4x4_det_073,+,7.6250,1,39,40,1.000000,1
Mistral-Small-24B,discovery,det_error,NC_4x4_det_0905,-,2.3750,1,39,40,1.000000,1
Mistral-Small-24B,discovery,det_error,C_4x4_det_032,+,-0.2500,0,21,40,0.538462,0
Mistral-Small-24B,discovery,det_error,NC_4x4_det_1532,-,7.0000,1,39,40,1.000000,1
Mistral-Small-24B,discovery,det_error,NC_4x4_det_1243,-,-0.7500,0,0,40,0.000000,0
Mistral-Small-24B,discovery,det_error,NC_4x4_det_1586,-,-8.1250,0,11,40,0.282051,0
Mistral-Small-24B,discovery,det_error,NC_4x4_det_0858,-,-5.8750,0,13,40,0.333333,0
Mistral-Small-24B,discovery,det_error,NC_4x4_det_060,-,-3.3750,0,10,40,0.256410,0
Mistral-Small-24B,discovery,det_error,NC_4x4_det_084,-,-6.1250,0,10,40,0.256410,0
Mistral-Small-24B,discovery,det_error,NC_4x4_det_1576,-,-1.3750,0,10,40,0.256410,0
Mistral-Small-24B,discovery,det_error,C_4x4_det_021,-,0.2500,0,10,40,0.256410,0
Mistral-Small-24B,discovery,det_error,NC_4x4_det_0950,-,2.1250,1,38,40,0.974359,1
Mistral-Small-24B,discovery,det_error,C_4x4_det_002,-,-5.1250,0,10,40,0.256410,0
Mistral-Small-24B,discovery,det_error,NC_4x4_det_197,-,2.0000,1,10,40,0.256410,0
Mistral-Small-24B,discovery,det_error,NC_4x4_det_785,-,-1.0000,0,10,40,0.256410,0
Mistral-Small-24B,discovery,det_error,NC_4x4_det_146,-,1.0000,0,39,40,1.000000,1
Mistral-Small-24B,discovery,det_error,NC_4x4_det_479,+,-2.0000,0,21,40,0.538462,0
Mistral-Small-24B,discovery,det_error,NC_4x4_det_1544,-,15.6250,1,39,40,1.000000,1
Mistral-Small-24B,discovery,det_error,NC_4x4_det_303,-,-3.8750,0,11,40,0.282051,0
Mistral-Small-24B,discovery,det_error,NC_4x4_det_1400,-,-8.7500,0,11,40,0.282051,0
Mistral-Small-24B,discovery,det_error,NC_4x4_det_0930,-,4.0000,1,38,40,0.974359,1
Mistral-Small-24B,discovery,det_error,NC_4x4_det_0922,-,-3.0000,0,10,40,0.256410,0
Mistral-Small-24B,discovery,det_error,NC_4x4_det_1419,-,1.7500,0,38,40,0.974359,1
Mistral-Small-24B,discovery,det_error,NC_4x4_det_195,-,0.2500,0,39,40,1.000000,1
Mistral-Small-24B,discovery,det_error,NC_4x4_det_396,-,1.1250,0,38,40,0.974359,1
Mistral-Small-24B,discovery,det_error,NC_4x4_det_412,-,-3.6250,0,0,40,0.000000,0
Mistral-Small-24B,discovery,det_error,NC_4x4_det_201,-,-0.7500,0,10,40,0.256410,0
Mistral-Small-24B,discovery,det_error,C_4x4_det_001,+,0.2500,0,25,40,0.641026,0
Mistral-Small-24B,discovery,det_error,C_4x4_det_002_ARCH,-,-3.7500,0,10,40,0.256410,0
Mistral-Small-24B,discovery,det_error,C_4x4_det_005_ARCH,-,-2.6250,0,10,40,0.256410,0
Mistral-Small-24B,discovery,det_error,C_4x4_det_006_ARCH,-,3.6250,1,39,40,1.000000,1
Mistral-Small-24B,discovery,det_error,C_4x4_det_007_ARCH,-,-0.7500,0,39,40,1.000000,1
Mistral-Small-24B,discovery,det_error,C_4x4_det_008_ARCH,+,6.5000,1,37,40,0.948718,1
Mistral-Small-24B,discovery,det_error,C_4x4_det_011_ARCH,-,-2.6250,0,10,40,0.256410,0
Mistral-Small-24B,discovery,det_error,C_4x4_det_012_ARCH,-,5.0000,1,39,40,1.000000,1
Mistral-Small-24B,discovery,det_error,C_4x4_det_014_ARCH,-,-3.1250,0,10,40,0.256410,0
Mistral-Small-24B,discovery,det_error,C_4x4_det_015_ARCH,-,-0.1250,0,13,40,0.333333,0
Mistral-Small-24B,discovery,det_error,C_4x4_det_020,-,12.2500,1,39,40,1.000000,1
Mistral-Small-24B,discovery,det_error,C_4x4_det_021_ARCH,-,0.3750,0,10,40,0.256410,0
Mistral-Small-24B,discovery,det_error,C_4x4_det_051,-,-1.3750,0,35,40,0.897436,1
Mistral-Small-24B,discovery,det_error,C_4x4_det_055,-,-1.3750,0,35,40,0.897436,1
Mistral-Small-24B,discovery,det_error,C_4x4_det_056,-,0.1250,0,38,40,0.974359,1
Mistral-Small-24B,discovery,det_error,C_4x4_det_058,-,2.2500,1,38,40,0.974359,1
Mistral-Small-24B,discovery,det_error,C_4x4_det_062,+,1.5000,0,29,40,0.743590,0
Mistral-Small-24B,discovery,det_error,C_4x4_det_067,+,-1.8750,0,21,40,0.538462,0
Mistral-Small-24B,discovery,det_error,C_4x4_det_068,-,2.3750,1,38,40,0.974359,1
Mistral-Small-24B,discovery,det_error,C_4x4_det_073,-,-2.7500,0,10,40,0.256410,0
Mistral-Small-24B,discovery,det_error,C_4x4_det_076,-,2.8750,1,38,40,0.974359,1
Mistral-Small-24B,discovery,det_error,C_4x4_det_080,-,-2.3750,0,10,40,0.256410,0
Mistral-Small-24B,discovery,det_error,C_4x4_det_086,-,0.5000,0,35,40,0.897436,1
Mistral-Small-24B,discovery,det_error,C_4x4_det_087,-,-5.8750,0,11,40,0.282051,0
Mistral-Small-24B,discovery,det_error,C_4x4_det_090,-,-2.8750,0,10,40,0.256410,0
Mistral-Small-24B,discovery,det_error,C_4x4_det_094,-,10.7500,1,38,40,0.974359,1
Mistral-Small-24B,discovery,det_error,C_4x4_det_100,-,5.1250,1,39,40,1.000000,1
Mistral-Small-24B,discovery,det_error,C_4x4_det_102,-,-2.3750,0,10,40,0.256410,0
Mistral-Small-24B,discovery,det_error,C_4x4_det_105,-,8.1250,1,39,40,1.000000,1
Mistral-Small-24B,discovery,det_error,C_4x4_det_107,-,5.1250,1,38,40,0.974359,1
Mistral-Small-24B,discovery,det_error,C_4x4_det_108,-,-5.8750,0,11,40,0.282051,0
Mistral-Small-24B,discovery,det_error,C_4x4_det_118,-,-0.1250,0,39,40,1.000000,1
Mistral-Small-24B,discovery,det_error,C_4x4_det_121,-,1.2500,0,35,40,0.897436,1
Mistral-Small-24B,discovery,det_error,C_4x4_det_129,-,-0.1250,0,10,40,0.256410,0
Mistral-Small-24B,discovery,det_error,C_4x4_det_130,-,-0.5000,0,10,40,0.256410,0
Mistral-Small-24B,discovery,det_error,C_4x4_det_143,-,4.0625,1,39,40,1.000000,1
Mistral-Small-24B,discovery,det_error,C_4x4_det_145,+,1.8750,0,37,40,0.948718,1
Mistral-Small-24B,discovery,det_error,C_4x4_det_008,+,6.7500,1,37,40,0.948718,1
Mistral-Small-24B,discovery,det_error,NC_4x4_det_0808,+,0.8750,0,36,40,0.923077,1
Mistral-Small-24B,discovery,det_error,NC_4x4_det_0919,+,4.3750,1,29,40,0.743590,0
Mistral-Small-24B,discovery,det_error,NC_4x4_det_0998,+,5.7500,1,39,40,1.000000,1
Mistral-Small-24B,discovery,det_error,NC_4x4_det_1083,+,9.8750,1,32,40,0.820513,1
Mistral-Small-24B,discovery,det_error,NC_4x4_det_1179,+,3.3750,1,32,40,0.820513,1
Mistral-Small-24B,discovery,det_error,NC_4x4_det_1275,+,0.5000,0,23,40,0.589744,0
Mistral-Small-24B,discovery,det_error,NC_4x4_det_1530,+,3.7500,1,32,40,0.820513,1
Mistral-Small-24B,discovery,det_correct,NC_4x4_det_1300,+,15.2500,1,39,40,1.000000,1
Mistral-Small-24B,discovery,det_correct,NC_4x4_det_598,-,8.4844,1,39,40,1.000000,1
Mistral-Small-24B,discovery,det_correct,NC_4x4_det_1092,-,7.5625,1,39,40,1.000000,1
Mistral-Small-24B,discovery,det_correct,NC_4x4_det_1669,-,10.0000,1,38,40,0.974359,1
Mistral-Small-24B,discovery,det_correct,C_4x4_det_022,-,6.1250,1,38,40,0.974359,1
Mistral-Small-24B,discovery,det_correct,C_4x4_det_023,+,4.0000,1,32,40,0.820513,1
Mistral-Small-24B,discovery,det_correct,NC_4x4_det_003,+,7.7500,1,32,40,0.820513,1
Mistral-Small-24B,discovery,det_correct,NC_4x4_det_270,-,7.5000,1,39,40,1.000000,1
Mistral-Small-24B,discovery,det_correct,NC_4x4_det_1716,-,7.0000,1,39,40,1.000000,1
Mistral-Small-24B,discovery,det_correct,NC_4x4_det_1471,-,6.2500,1,38,40,0.974359,1
Mistral-Small-24B,discovery,det_correct,NC_4x4_det_568,-,-3.7500,0,11,40,0.282051,0
Mistral-Small-24B,discovery,det_correct,NC_4x4_det_1168,+,8.0000,1,32,40,0.820513,1
Mistral-Small-24B,discovery,det_correct,C_4x4_det_024,-,8.0625,1,39,40,1.000000,1
Mistral-Small-24B,discovery,det_correct,NC_4x4_det_065,+,6.6250,1,38,40,0.974359,1
Mistral-Small-24B,discovery,det_correct,NC_4x4_det_0804,-,9.9062,1,39,40,1.000000,1
Mistral-Small-24B,discovery,det_correct,NC_4x4_det_057,-,7.0000,1,38,40,0.974359,1
Mistral-Small-24B,discovery,det_correct,NC_4x4_det_259,-,9.5938,1,39,40,1.000000,1
Mistral-Small-24B,discovery,det_correct,NC_4x4_det_799,-,4.1914,1,39,40,1.000000,1
Mistral-Small-24B,discovery,det_correct,NC_4x4_det_1080,+,6.5000,1,39,40,1.000000,1
Mistral-Small-24B,discovery,det_correct,NC_4x4_det_625,-,5.5625,1,39,40,1.000000,1
Mistral-Small-24B,discovery,det_correct,NC_4x4_det_566,+,3.5000,1,36,40,0.923077,1
Mistral-Small-24B,discovery,det_correct,NC_4x4_det_009,-,11.5625,1,39,40,1.000000,1
Mistral-Small-24B,discovery,det_correct,NC_4x4_det_0815,-,2.5000,1,39,40,1.000000,1
Mistral-Small-24B,discovery,det_correct,C_4x4_det_025,+,8.0000,1,38,40,0.974359,1
Mistral-Small-24B,discovery,det_correct,NC_4x4_det_133,-,6.7500,1,38,40,0.974359,1
Mistral-Small-24B,discovery,det_correct,NC_4x4_det_1588,+,11.8750,1,39,40,1.000000,1
Mistral-Small-24B,discovery,det_correct,NC_4x4_det_1690,-,8.6250,1,39,40,1.000000,1
Mistral-Small-24B,discovery,det_correct,NC_4x4_det_1540,-,2.7500,1,39,40,1.000000,1
Mistral-Small-24B,discovery,det_correct,NC_4x4_det_1855,-,-4.2500,0,11,40,0.282051,0
Mistral-Small-24B,discovery,det_correct,NC_4x4_det_0816,+,2.6250,1,30,40,0.769231,1
Mistral-Small-24B,discovery,det_correct,NC_4x4_det_024,-,7.3750,1,38,40,0.974359,1
Mistral-Small-24B,discovery,det_correct,NC_4x4_det_1001,+,-1.0000,0,33,40,0.846154,1
Mistral-Small-24B,discovery,det_correct,NC_4x4_det_447,-,18.0625,1,39,40,1.000000,1
Mistral-Small-24B,discovery,det_correct,NC_4x4_det_1323,-,7.1250,1,38,40,0.974359,1
Mistral-Small-24B,discovery,det_correct,NC_4x4_det_1556,-,-4.2500,0,11,40,0.282051,0
Mistral-Small-24B,discovery,det_correct,NC_4x4_det_732,-,4.1172,1,39,40,1.000000,1
Mistral-Small-24B,discovery,det_correct,NC_4x4_det_044,-,3.9375,1,36,40,0.923077,1
Mistral-Small-24B,discovery,det_correct,NC_4x4_det_075,+,14.7500,1,39,40,1.000000,1
Mistral-Small-24B,discovery,det_correct,NC_4x4_det_018,-,7.6250,1,39,40,1.000000,1
Mistral-Small-24B,discovery,det_correct,NC_4x4_det_131,-,3.6250,1,38,40,0.974359,1
Mistral-Small-24B,discovery,det_correct,NC_4x4_det_1940,-,7.0000,1,38,40,0.974359,1
Mistral-Small-24B,discovery,det_correct,C_4x4_det_038,-,8.1250,1,38,40,0.974359,1
Mistral-Small-24B,discovery,det_correct,NC_4x4_det_094,+,8.5000,1,39,40,1.000000,1
Mistral-Small-24B,discovery,det_correct,NC_4x4_det_1929,-,2.7500,1,38,40,0.974359,1
Mistral-Small-24B,discovery,det_correct,C_4x4_det_035,+,12.0000,1,39,40,1.000000,1
Mistral-Small-24B,discovery,det_correct,NC_4x4_det_176,-,7.3750,1,38,40,0.974359,1
Mistral-Small-24B,discovery,det_correct,NC_4x4_det_1806,+,10.0000,1,39,40,1.000000,1
Mistral-Small-24B,discovery,det_correct,NC_4x4_det_1107,+,8.7500,1,39,40,1.000000,1
Mistral-Small-24B,discovery,det_correct,NC_4x4_det_1926,-,6.2344,1,39,40,1.000000,1
Mistral-Small-24B,discovery,det_correct,NC_4x4_det_1975,-,4.8750,1,38,40,0.974359,1
Mistral-Small-24B,discovery,det_correct,NC_4x4_det_058,-,2.1250,1,38,40,0.974359,1
Mistral-Small-24B,discovery,det_correct,C_4x4_det_045,-,3.9375,1,39,40,1.000000,1
Mistral-Small-24B,discovery,det_correct,NC_4x4_det_0892,-,7.1875,1,39,40,1.000000,1
Mistral-Small-24B,discovery,det_correct,NC_4x4_det_1060,+,10.3750,1,39,40,1.000000,1
Mistral-Small-24B,discovery,det_correct,NC_4x4_det_1040,-,-3.5000,0,10,40,0.256410,0
Mistral-Small-24B,discovery,det_correct,NC_4x4_det_1547,+,9.7500,1,39,40,1.000000,1
Mistral-Small-24B,discovery,det_correct,NC_4x4_det_1796,-,8.0469,1,39,40,1.000000,1
Mistral-Small-24B,discovery,det_correct,NC_4x4_det_1860,+,16.0000,1,39,40,1.000000,1
Mistral-Small-24B,discovery,det_correct,NC_4x4_det_069,-,-3.2500,0,13,40,0.333333,0
Mistral-Small-24B,discovery,det_correct,NC_4x4_det_056,-,11.0938,1,39,40,1.000000,1
Mistral-Small-24B,discovery,det_correct,NC_4x4_det_0805,-,18.6250,1,39,40,1.000000,1
Mistral-Small-24B,discovery,det_correct,NC_4x4_det_534,-,9.6250,1,39,40,1.000000,1
Mistral-Small-24B,discovery,det_correct,NC_4x4_det_128,-,6.3750,1,38,40,0.974359,1
Mistral-Small-24B,discovery,det_correct,NC_4x4_det_1529,-,4.1211,1,39,40,1.000000,1
Mistral-Small-24B,discovery,det_correct,NC_4x4_det_1792,-,12.0000,1,39,40,1.000000,1
Mistral-Small-24B,discovery,det_correct,NC_4x4_det_225,-,3.2109,1,39,40,1.000000,1
Mistral-Small-24B,discovery,det_correct,NC_4x4_det_0914,+,4.1250,1,32,40,0.820513,1
Mistral-Small-24B,discovery,det_correct,C_4x4_det_013,-,5.8750,1,38,40,0.974359,1
Mistral-Small-24B,discovery,det_correct,NC_4x4_det_0862,+,4.3750,1,29,40,0.743590,0
Mistral-Small-24B,discovery,det_correct,C_4x4_det_044,-,8.6250,1,39,40,1.000000,1
Mistral-Small-24B,discovery,det_correct,NC_4x4_det_0807,-,4.1250,1,38,40,0.974359,1
Mistral-Small-24B,discovery,det_correct,NC_4x4_det_1456,-,9.6250,1,39,40,1.000000,1
Mistral-Small-24B,discovery,det_correct,NC_4x4_det_588,-,6.2188,1,39,40,1.000000,1
Mistral-Small-24B,discovery,det_correct,NC_4x4_det_0865,-,4.2500,1,39,40,1.000000,1
Mistral-Small-24B,discovery,det_correct,NC_4x4_det_738,-,5.6250,1,38,40,0.974359,1
Mistral-Small-24B,discovery,det_correct,NC_4x4_det_0852,-,6.8750,1,38,40,0.974359,1
Mistral-Small-24B,discovery,det_correct,NC_4x4_det_0833,-,6.4375,1,39,40,1.000000,1
Mistral-Small-24B,discovery,det_correct,NC_4x4_det_0870,-,-4.1250,0,10,40,0.256410,0
Mistral-Small-24B,discovery,ibp_error,ibp_ptc_n7_b79,-,2.6250,1,39,40,1.000000,1
Mistral-Small-24B,discovery,ibp_error,ibp_pts_n10_b31,-,2.2500,1,38,40,0.974359,1
Mistral-Small-24B,discovery,ibp_error,ibp_ptc_n10_b149,-,-0.3750,0,7,40,0.179487,0
Mistral-Small-24B,discovery,ibp_error,ibp_pts_n15_b71,-,0.2500,0,11,40,0.282051,0
Mistral-Small-24B,discovery,ibp_error,ibp_ptc_n7_b283,-,8.6719,1,39,40,1.000000,1
Mistral-Small-24B,discovery,ibp_error,ibp_pts_n11_b173,-,-4.3750,0,1,40,0.025641,0
Mistral-Small-24B,discovery,ibp_error,ibp_ptc_n10_b193,-,3.2500,1,37,40,0.948718,1
Mistral-Small-24B,discovery,ibp_error,ibp_pts_n14_b79,-,2.1250,1,38,40,0.974359,1
Mistral-Small-24B,discovery,ibp_error,ibp_ptc_n5_b107,-,3.8750,1,39,40,1.000000,1
Mistral-Small-24B,discovery,ibp_error,ibp_ptc_n5_b89,-,3.0000,1,38,40,0.974359,1
Mistral-Small-24B,discovery,ibp_error,ibp_pts_n11_b211,-,2.1250,1,38,40,0.974359,1
Mistral-Small-24B,discovery,ibp_error,ibp_ptc_n5_b149,-,3.7500,1,39,40,1.000000,1
Mistral-Small-24B,discovery,ibp_error,ibp_ptc_n7_b157,-,4.7500,1,39,40,1.000000,1
Mistral-Small-24B,discovery,ibp_error,ibp_pts_n11_b113,-,-4.7500,0,1,40,0.025641,0
Mistral-Small-24B,discovery,ibp_error,ibp_ptc_n5_b227,-,7.9688,1,39,40,1.000000,1
Mistral-Small-24B,discovery,ibp_error,ibp_ptc_n7_b89,-,3.5000,1,38,40,0.974359,1
Mistral-Small-24B,discovery,ibp_error,ibp_ptc_n5_b179,-,4.8750,1,39,40,1.000000,1
Mistral-Small-24B,discovery,ibp_error,ibp_pts_n13_b47,-,0.6250,0,38,40,0.974359,1
Mistral-Small-24B,discovery,ibp_error,ibp_pts_n8_b61,-,0.2500,0,9,40,0.230769,0
Mistral-Small-24B,discovery,ibp_error,ibp_ptc_n16_b49,-,-0.1250,0,7,40,0.179487,0
Mistral-Small-24B,discovery,ibp_error,ibp_ptc_n5_b59,-,13.5625,1,39,40,1.000000,1
Mistral-Small-24B,discovery,ibp_error,ibp_ptc_n15_b1,-,7.5625,1,39,40,1.000000,1
Mistral-Small-24B,discovery,ibp_error,ibp_pts_n7_b37,-,-2.7500,0,1,40,0.025641,0
Mistral-Small-24B,discovery,ibp_error,ibp_pts_n12_b1,-,3.0000,1,38,40,0.974359,1
Mistral-Small-24B,discovery,ibp_error,ibp_pts_n15_b39,-,1.3750,0,38,40,0.974359,1
Mistral-Small-24B,discovery,ibp_error,ibp_pts_n7_b67,-,-3.6250,0,1,40,0.025641,0
Mistral-Small-24B,discovery,ibp_error,ibp_pts_n16_b67,-,2.7500,1,38,40,0.974359,1
Mistral-Small-24B,discovery,ibp_error,ibp_ptc_n7_b7,-,3.6250,1,38,40,0.974359,1
Mistral-Small-24B,discovery,ibp_error,ibp_ptc_n7_b211,-,2.6250,1,38,40,0.974359,1
Mistral-Small-24B,discovery,ibp_error,ibp_ptc_n7_b127,-,3.6250,1,39,40,1.000000,1
Mistral-Small-24B,discovery,ibp_error,ibp_ptc_n7_b307,-,2.6250,1,39,40,1.000000,1
Mistral-Small-24B,discovery,ibp_error,ibp_ptc_n5_b79,-,3.5000,1,39,40,1.000000,1
Mistral-Small-24B,discovery,ibp_error,ibp_ptc_n13_b51,-,2.6250,1,38,40,0.974359,1
Mistral-Small-24B,discovery,ibp_error,ibp_pts_n12_b39,-,3.2500,1,38,40,0.974359,1
Mistral-Small-24B,discovery,ibp_error,ibp_pts_n12_b43,-,2.2500,1,38,40,0.974359,1
Mistral-Small-24B,discovery,ibp_error,ibp_ptc_n5_b103,-,3.6250,1,39,40,1.000000,1
Mistral-Small-24B,discovery,ibp_error,ibp_ptc_n11_b179,-,2.6250,1,38,40,0.974359,1
Mistral-Small-24B,discovery,ibp_error,ibp_ptc_n5_b199,-,3.3750,1,39,40,1.000000,1
Mistral-Small-24B,discovery,ibp_error,ibp_ptc_n5_b73,-,3.3750,1,38,40,0.974359,1
Mistral-Small-24B,discovery,ibp_correct,ibp_ptc_n3_b5,-,-2.0000,0,19,40,0.487179,0
Mistral-Small-24B,discovery,ibp_correct,ibp_pts_n5_b37,+,12.1250,1,39,40,1.000000,1
Mistral-Small-24B,discovery,ibp_correct,ibp_ptc_n7_b313,-,2.5000,1,39,40,1.000000,1
Mistral-Small-24B,discovery,ibp_correct,ibp_pts_n7_b151,+,1.1250,0,30,40,0.769231,1
Mistral-Small-24B,discovery,ibp_correct,ibp_ptc_n3_b6,+,11.8750,1,39,40,1.000000,1
Mistral-Small-24B,discovery,ibp_correct,ibp_ptc_n0_b11,+,8.6250,1,39,40,1.000000,1
Mistral-Small-24B,discovery,ibp_correct,ibp_ptc_n7_b10,+,9.2500,1,38,40,0.974359,1
Mistral-Small-24B,discovery,ibp_correct,ibp_ptc_n8_b29,-,6.8750,1,38,40,0.974359,1
Mistral-Small-24B,discovery,ibp_correct,ibp_ptc_n5_b41,-,7.7188,1,39,40,1.000000,1
Mistral-Small-24B,discovery,ibp_correct,ibp_ptc_n8_b223,-,11.8750,1,39,40,1.000000,1
Mistral-Small-24B,discovery,ibp_correct,ibp_pts_n8_b83,+,10.3750,1,39,40,1.000000,1
Mistral-Small-24B,discovery,ibp_correct,ibp_ptc_n5_b197,-,5.5625,1,39,40,1.000000,1
Mistral-Small-24B,discovery,ibp_correct,ibp_pts_n8_b179,-,5.6250,1,39,40,1.000000,1
Mistral-Small-24B,discovery,ibp_correct,ibp_pts_n11_b223,-,9.0000,1,39,40,1.000000,1
Mistral-Small-24B,discovery,ibp_correct,ibp_ptc_n5_b5,+,3.5000,1,38,40,0.974359,1
Mistral-Small-24B,discovery,ibp_correct,ibp_ptc_n5_b37,-,7.2500,1,39,40,1.000000,1
Mistral-Small-24B,discovery,ibp_correct,ibp_ptc_n1_b1,+,13.0000,1,39,40,1.000000,1
Mistral-Small-24B,discovery,ibp_correct,ibp_ptc_n10_b109,+,14.1250,1,39,40,1.000000,1
Mistral-Small-24B,discovery,ibp_correct,ibp_ptc_n10_b131,-,9.5000,1,39,40,1.000000,1
Mistral-Small-24B,discovery,ibp_correct,ibp_ptc_n8_b227,-,9.0625,1,39,40,1.000000,1
Mistral-Small-24B,discovery,ibp_correct,ibp_pts_n5_b89,-,17.1250,1,39,40,1.000000,1
Mistral-Small-24B,discovery,ibp_correct,ibp_ptc_n10_b89,+,11.1250,1,39,40,1.000000,1
Mistral-Small-24B,discovery,ibp_correct,ibp_ptc_n1_b2,-,12.7500,1,39,40,1.000000,1
Mistral-Small-24B,discovery,ibp_correct,ibp_ptc_n3_b11,+,13.8750,1,39,40,1.000000,1
Mistral-Small-24B,discovery,ibp_correct,ibp_ptc_n5_b43,-,10.0625,1,39,40,1.000000,1
Mistral-Small-24B,discovery,ibp_correct,ibp_ptc_n5_b67,-,6.9375,1,39,40,1.000000,1
Mistral-Small-24B,discovery,ibp_correct,ibp_ptc_n6_b8,-,11.5000,1,39,40,1.000000,1
Mistral-Small-24B,discovery,ibp_correct,ibp_ptc_n10_b101,-,9.3750,1,38,40,0.974359,1
Mistral-Small-24B,discovery,ibp_correct,ibp_ptc_n1_b5,-,3.7500,1,38,40,0.974359,1
Mistral-Small-24B,discovery,ibp_correct,ibp_pts_n7_b197,-,13.8750,1,39,40,1.000000,1
Mistral-Small-24B,discovery,ibp_correct,ibp_pts_n6_b10,+,9.2500,1,39,40,1.000000,1
Mistral-Small-24B,discovery,ibp_correct,ibp_pts_n0_b11,-,-1.0000,0,1,40,0.025641,0
Mistral-Small-24B,discovery,ibp_correct,ibp_pts_n1_b7,+,11.1250,1,39,40,1.000000,1
Mistral-Small-24B,discovery,ibp_correct,ibp_pts_n5_b7,-,15.8750,1,39,40,1.000000,1
Mistral-Small-24B,discovery,ibp_correct,ibp_pts_n1_b5,-,8.0625,1,39,40,1.000000,1
Mistral-Small-24B,discovery,ibp_correct,ibp_pts_n2_b16,+,7.7500,1,32,40,0.820513,1
Mistral-Small-24B,discovery,ibp_correct,ibp_pts_n3_b4,+,7.3750,1,32,40,0.820513,1
Mistral-Small-24B,discovery,ibp_correct,ibp_pts_n1_b3,+,12.2500,1,39,40,1.000000,1
Mistral-Small-24B,discovery,ibp_correct,ibp_pts_n6_b8,+,5.2500,1,29,40,0.743590,0
Mistral-Small-24B,discovery,ibp_correct,ibp_pts_n5_b23,+,2.7500,1,29,40,0.743590,0
Mistral-Small-24B,discovery,ibp_correct,ibp_pts_n0_b7,-,16.5000,1,39,40,1.000000,1
Mistral-Small-24B,discovery,ibp_correct,ibp_pts_n5_b29,+,9.8125,1,39,40,1.000000,1
Mistral-Small-24B,discovery,ibp_correct,ibp_ptc_n2_b1,+,9.2500,1,38,40,0.974359,1
Mistral-Small-24B,heldout,det_error,NC_4x4_det_1550,-,-3.3750,0,10,40,0.256410,0
Mistral-Small-24B,heldout,det_error,NC_4x4_det_1054,-,5.5000,1,39,40,1.000000,1
Mistral-Small-24B,heldout,det_error,NC_4x4_det_1225,+,7.1250,1,38,40,0.974359,1
Mistral-Small-24B,heldout,det_error,NC_4x4_det_607,-,4.0000,1,38,40,0.974359,1
Mistral-Small-24B,heldout,det_error,NC_4x4_det_1983,-,-3.8750,0,0,40,0.000000,0
Mistral-Small-24B,heldout,det_error,NC_4x4_det_0907,-,1.0000,0,10,40,0.256410,0
Mistral-Small-24B,heldout,det_error,NC_4x4_det_358,-,4.0000,1,39,40,1.000000,1
Mistral-Small-24B,heldout,det_error,NC_4x4_det_1606,-,1.5000,0,38,40,0.974359,1
Mistral-Small-24B,heldout,det_error,NC_4x4_det_0991,-,-1.7500,0,10,40,0.256410,0
Mistral-Small-24B,heldout,det_error,NC_4x4_det_1481,-,-3.1250,0,10,40,0.256410,0
Mistral-Small-24B,heldout,det_error,NC_4x4_det_1098,-,-7.7500,0,10,40,0.256410,0
Mistral-Small-24B,heldout,det_error,NC_4x4_det_080,-,3.7500,1,39,40,1.000000,1
Mistral-Small-24B,heldout,det_error,NC_4x4_det_1306,+,1.6250,0,29,40,0.743590,0
Mistral-Small-24B,heldout,det_error,NC_4x4_det_797,-,-3.7500,0,10,40,0.256410,0
Mistral-Small-24B,heldout,det_error,NC_4x4_det_1955,-,4.6250,1,39,40,1.000000,1
Mistral-Small-24B,heldout,det_error,NC_4x4_det_068,-,3.0000,1,38,40,0.974359,1
Mistral-Small-24B,heldout,det_error,NC_4x4_det_1755,+,3.6250,1,29,40,0.743590,0
Mistral-Small-24B,heldout,det_error,NC_4x4_det_1470,-,1.7500,0,37,40,0.948718,1
Mistral-Small-24B,heldout,det_error,NC_4x4_det_126,-,1.5000,0,38,40,0.974359,1
Mistral-Small-24B,heldout,det_error,NC_4x4_det_776,+,3.0000,1,36,40,0.923077,1
Mistral-Small-24B,heldout,det_error,NC_4x4_det_455,-,-4.3750,0,11,40,0.282051,0
Mistral-Small-24B,heldout,det_error,NC_4x4_det_1128,-,-1.2500,0,10,40,0.256410,0
Mistral-Small-24B,heldout,det_error,NC_4x4_det_1029,-,3.0000,1,38,40,0.974359,1
Mistral-Small-24B,heldout,det_error,NC_4x4_det_019,-,0.8750,0,39,40,1.000000,1
Mistral-Small-24B,heldout,det_error,NC_4x4_det_1976,-,-4.7500,0,10,40,0.256410,0
Mistral-Small-24B,heldout,det_error,NC_4x4_det_467,-,1.3750,0,38,40,0.974359,1
Mistral-Small-24B,heldout,det_error,NC_4x4_det_0868,-,-2.6250,0,10,40,0.256410,0
Mistral-Small-24B,heldout,det_error,NC_4x4_det_751,-,5.7500,1,38,40,0.974359,1
Mistral-Small-24B,heldout,det_error,NC_4x4_det_1014,-,4.0000,1,39,40,1.000000,1
Mistral-Small-24B,heldout,det_error,NC_4x4_det_1756,-,-1.3750,0,10,40,0.256410,0
Mistral-Small-24B,heldout,det_error,NC_4x4_det_1930,+,9.3750,1,39,40,1.000000,1
Mistral-Small-24B,heldout,det_error,NC_4x4_det_0898,-,4.0000,1,38,40,0.974359,1
Mistral-Small-24B,heldout,det_error,NC_4x4_det_059,-,-2.7500,0,0,40,0.000000,0
Mistral-Small-24B,heldout,det_error,NC_4x4_det_0828,-,-8.6250,0,11,40,0.282051,0
Mistral-Small-24B,heldout,det_error,NC_4x4_det_512,+,-5.6250,0,23,40,0.589744,0
Mistral-Small-24B,heldout,det_error,NC_4x4_det_1911,-,-4.6250,0,0,40,0.000000,0
Mistral-Small-24B,heldout,det_error,C_4x4_det_039,-,-0.8750,0,0,40,0.000000,0
Mistral-Small-24B,heldout,det_error,NC_4x4_det_0888,-,-3.3750,0,10,40,0.256410,0
Mistral-Small-24B,heldout,det_error,NC_4x4_det_783,-,-3.8750,0,10,40,0.256410,0
Mistral-Small-24B,heldout,det_error,NC_4x4_det_684,-,3.3750,1,38,40,0.974359,1
Mistral-Small-24B,heldout,det_error,NC_4x4_det_1355,-,5.0000,1,38,40,0.974359,1
Mistral-Small-24B,heldout,det_error,NC_4x4_det_410,-,-8.6250,0,10,40,0.256410,0
Mistral-Small-24B,heldout,det_error,NC_4x4_det_0960,-,5.1250,1,38,40,0.974359,1
Mistral-Small-24B,heldout,det_error,NC_4x4_det_1516,-,6.7500,1,38,40,0.974359,1
Mistral-Small-24B,heldout,det_error,NC_4x4_det_739,-,1.6250,0,38,40,0.974359,1
Mistral-Small-24B,heldout,det_error,NC_4x4_det_1953,-,6.0000,1,38,40,0.974359,1
Mistral-Small-24B,heldout,det_error,NC_4x4_det_1645,-,3.8750,1,38,40,0.974359,1
Mistral-Small-24B,heldout,det_error,NC_4x4_det_0843,-,-6.5000,0,10,40,0.256410,0
Mistral-Small-24B,heldout,det_error,NC_4x4_det_081,-,7.2500,1,38,40,0.974359,1
Mistral-Small-24B,heldout,det_error,NC_4x4_det_553,+,-4.0000,0,27,40,0.692308,0
Mistral-Small-24B,heldout,det_error,C_4x4_det_015,-,0.0000,0,13,40,0.333333,0
Mistral-Small-24B,heldout,det_error,NC_4x4_det_1811,-,-1.2500,0,11,40,0.282051,0
Mistral-Small-24B,heldout,det_error,NC_4x4_det_1635,-,3.6250,1,38,40,0.974359,1
Mistral-Small-24B,heldout,det_error,NC_4x4_det_1670,+,2.2500,1,36,40,0.923077,1
Mistral-Small-24B,heldout,det_error,NC_4x4_det_541,+,4.3750,1,36,40,0.923077,1
Mistral-Small-24B,heldout,det_error,NC_4x4_det_0925,-,-0.6875,0,36,40,0.923077,1
Mistral-Small-24B,heldout,det_error,NC_4x4_det_0879,-,4.6250,1,37,40,0.948718,1
Mistral-Small-24B,heldout,det_error,NC_4x4_det_029,-,2.6250,1,38,40,0.974359,1
Mistral-Small-24B,heldout,det_error,NC_4x4_det_351,-,-3.8750,0,10,40,0.256410,0
Mistral-Small-24B,heldout,det_error,NC_4x4_det_1821,-,3.1250,1,39,40,1.000000,1
Mistral-Small-24B,heldout,det_error,NC_4x4_det_1219,-,-0.2500,0,0,40,0.000000,0
Mistral-Small-24B,heldout,det_error,NC_4x4_det_064,-,4.8750,1,39,40,1.000000,1
Mistral-Small-24B,heldout,det_error,NC_4x4_det_1620,-,13.0000,1,39,40,1.000000,1
Mistral-Small-24B,heldout,det_error,NC_4x4_det_1977,-,-1.1250,0,10,40,0.256410,0
Mistral-Small-24B,heldout,det_error,NC_4x4_det_483,-,5.5000,1,39,40,1.000000,1
Mistral-Small-24B,heldout,det_error,NC_4x4_det_066,-,0.5000,0,38,40,0.974359,1
Mistral-Small-24B,heldout,det_error,NC_4x4_det_0884,-,3.8750,1,38,40,0.974359,1
Mistral-Small-24B,heldout,det_error,NC_4x4_det_244,-,2.2500,1,38,40,0.974359,1
Mistral-Small-24B,heldout,det_error,NC_4x4_det_288,+,6.7500,1,38,40,0.974359,1
Mistral-Small-24B,heldout,det_error,NC_4x4_det_1499,-,-4.5000,0,11,40,0.282051,0
Mistral-Small-24B,heldout,det_error,NC_4x4_det_634,-,1.0000,0,39,40,1.000000,1
Mistral-Small-24B,heldout,det_error,NC_4x4_det_556,-,-1.5000,0,10,40,0.256410,0
Mistral-Small-24B,heldout,det_error,NC_4x4_det_470,-,3.1250,1,38,40,0.974359,1
Mistral-Small-24B,heldout,det_error,NC_4x4_det_1711,-,3.8750,1,39,40,1.000000,1
Mistral-Small-24B,heldout,det_error,NC_4x4_det_1927,-,-4.6250,0,11,40,0.282051,0
Mistral-Small-24B,heldout,det_error,NC_4x4_det_1426,+,2.7500,1,32,40,0.820513,1
Mistral-Small-24B,heldout,det_error,NC_4x4_det_408,-,4.3750,1,38,40,0.974359,1
Mistral-Small-24B,heldout,det_error,NC_4x4_det_340,-,-0.7500,0,15,40,0.384615,0
Mistral-Small-24B,heldout,det_error,NC_4x4_det_1347,-,-0.1250,0,10,40,0.256410,0
Mistral-Small-24B,heldout,det_error,NC_4x4_det_1906,-,2.1250,1,10,40,0.256410,0
Mistral-Small-24B,heldout,det_error,NC_4x4_det_432,-,-1.1250,0,10,40,0.256410,0
Mistral-Small-24B,heldout,det_error,NC_4x4_det_1832,-,6.6250,1,38,40,0.974359,1
Mistral-Small-24B,heldout,det_error,C_4x4_det_007,-,-0.6250,0,39,40,1.000000,1
Mistral-Small-24B,heldout,det_error,NC_4x4_det_0964,-,-1.2500,0,13,40,0.333333,0
Mistral-Small-24B,heldout,det_error,NC_4x4_det_1987,-,-3.3750,0,10,40,0.256410,0
Mistral-Small-24B,heldout,det_error,NC_4x4_det_1313,-,-3.2500,0,11,40,0.282051,0
Mistral-Small-24B,heldout,det_error,NC_4x4_det_1111,-,-1.2500,0,1,40,0.025641,0
Mistral-Small-24B,heldout,det_error,NC_4x4_det_459,-,5.1250,1,38,40,0.974359,1
Mistral-Small-24B,heldout,det_error,NC_4x4_det_767,-,-3.5000,0,10,40,0.256410,0
Mistral-Small-24B,heldout,det_error,NC_4x4_det_045,-,3.2500,1,39,40,1.000000,1
Mistral-Small-24B,heldout,det_error,C_4x4_det_012,-,5.3750,1,39,40,1.000000,1
Mistral-Small-24B,heldout,det_error,NC_4x4_det_1954,-,5.5000,1,38,40,0.974359,1
Mistral-Small-24B,heldout,det_error,NC_4x4_det_718,+,6.8750,1,37,40,0.948718,1
Mistral-Small-24B,heldout,det_error,NC_4x4_det_1144,+,6.0000,1,32,40,0.820513,1
Mistral-Small-24B,heldout,det_error,C_4x4_det_005,-,-3.6250,0,11,40,0.282051,0
Mistral-Small-24B,heldout,det_error,NC_4x4_det_0918,-,-1.0000,0,10,40,0.256410,0
Mistral-Small-24B,heldout,det_error,NC_4x4_det_717,-,5.2500,1,37,40,0.948718,1
Mistral-Small-24B,heldout,det_error,NC_4x4_det_1766,-,1.8750,0,10,40,0.256410,0
Mistral-Small-24B,heldout,det_error,NC_4x4_det_1968,-,-3.7500,0,10,40,0.256410,0
Mistral-Small-24B,heldout,det_error,C_4x4_det_014,-,-3.6250,0,11,40,0.282051,0
Mistral-Small-24B,heldout,det_error,NC_4x4_det_488,-,2.5000,1,38,40,0.974359,1
Mistral-Small-24B,heldout,det_error,NC_4x4_det_1677,-,-0.2500,0,0,40,0.000000,0
Mistral-Small-24B,heldout,det_error,C_4x4_det_006,-,3.6875,1,39,40,1.000000,1
Mistral-Small-24B,heldout,det_error,NC_4x4_det_650,-,-0.1250,0,10,40,0.256410,0
Mistral-Small-24B,heldout,det_error,NC_4x4_det_604,-,-3.6250,0,10,40,0.256410,0
Mistral-Small-24B,heldout,det_error,NC_4x4_det_633,-,5.0000,1,38,40,0.974359,1
Mistral-Small-24B,heldout,det_error,NC_4x4_det_537,-,-0.5000,0,0,40,0.000000,0
Mistral-Small-24B,heldout,det_error,NC_4x4_det_1378,-,3.3750,1,38,40,0.974359,1
Mistral-Small-24B,heldout,det_error,NC_4x4_det_374,-,1.8750,0,10,40,0.256410,0
Mistral-Small-24B,heldout,det_error,NC_4x4_det_1807,-,-2.1250,0,10,40,0.256410,0
Mistral-Small-24B,heldout,det_error,NC_4x4_det_1086,-,3.7500,1,38,40,0.974359,1
Mistral-Small-24B,heldout,det_error,NC_4x4_det_1883,-,-3.7500,0,10,40,0.256410,0
Mistral-Small-24B,heldout,det_error,NC_4x4_det_1961,-,-4.0000,0,10,40,0.256410,0
Mistral-Small-24B,heldout,det_error,NC_4x4_det_233,-,-8.3750,0,11,40,0.282051,0
Mistral-Small-24B,heldout,det_error,NC_4x4_det_1266,-,-2.8750,0,0,40,0.000000,0
Mistral-Small-24B,heldout,det_error,NC_4x4_det_289,-,4.5000,1,38,40,0.974359,1
Mistral-Small-24B,heldout,det_error,NC_4x4_det_1120,-,2.0000,1,10,40,0.256410,0
Mistral-Small-24B,heldout,det_error,NC_4x4_det_1971,-,1.2500,0,39,40,1.000000,1
Mistral-Small-24B,heldout,det_error,NC_4x4_det_076,-,-2.8750,0,15,40,0.384615,0
Mistral-Small-24B,heldout,det_error,NC_4x4_det_545,-,-2.2500,0,10,40,0.256410,0
Mistral-Small-24B,heldout,det_error,NC_4x4_det_1391,-,7.3750,1,39,40,1.000000,1
Mistral-Small-24B,heldout,det_error,NC_4x4_det_1308,-,-2.7500,0,0,40,0.000000,0
Mistral-Small-24B,heldout,det_error,NC_4x4_det_485,+,3.1250,1,37,40,0.948718,1
Mistral-Small-24B,heldout,det_error,NC_4x4_det_1384,-,10.2500,1,39,40,1.000000,1
Mistral-Small-24B,heldout,det_error,NC_4x4_det_1476,-,3.8750,1,38,40,0.974359,1
Mistral-Small-24B,heldout,det_error,NC_4x4_det_0903,+,2.8750,1,37,40,0.948718,1
Mistral-Small-24B,heldout,det_error,NC_4x4_det_220,+,3.2500,1,32,40,0.820513,1
Mistral-Small-24B,heldout,det_error,C_4x4_det_011,-,-3.1250,0,11,40,0.282051,0
Mistral-Small-24B,heldout,det_error,NC_4x4_det_008,-,-2.2500,0,13,40,0.333333,0
Mistral-Small-24B,heldout,det_error,NC_4x4_det_377,-,-1.6250,0,13,40,0.333333,0
Mistral-Small-24B,heldout,det_error,NC_4x4_det_1812,-,-7.6250,0,10,40,0.256410,0
Mistral-Small-24B,heldout,det_error,NC_4x4_det_1863,-,4.7500,1,39,40,1.000000,1
Mistral-Small-24B,heldout,det_error,NC_4x4_det_756,-,4.8125,1,39,40,1.000000,1
Mistral-Small-24B,heldout,det_error,NC_4x4_det_636,-,-1.6250,0,10,40,0.256410,0
Mistral-Small-24B,heldout,det_error,NC_4x4_det_1190,-,10.2500,1,39,40,1.000000,1
Mistral-Small-24B,heldout,det_error,NC_4x4_det_1956,-,6.6875,1,39,40,1.000000,1
Mistral-Small-24B,heldout,det_error,NC_4x4_det_002,-,-2.7500,0,10,40,0.256410,0
Mistral-Small-24B,heldout,det_error,NC_4x4_det_291,-,-1.5000,0,10,40,0.256410,0
Mistral-Small-24B,heldout,det_error,NC_4x4_det_1320,-,1.8750,0,10,40,0.256410,0
Mistral-Small-24B,heldout,det_error,NC_4x4_det_422,-,4.5000,1,39,40,1.000000,1
Mistral-Small-24B,heldout,det_error,NC_4x4_det_1725,+,5.7500,1,37,40,0.948718,1
Mistral-Small-24B,heldout,det_error,NC_4x4_det_1769,+,2.8750,1,32,40,0.820513,1
Mistral-Small-24B,heldout,det_correct,NC_4x4_det_0948,-,9.1250,1,39,40,1.000000,1
Mistral-Small-24B,heldout,det_correct,NC_4x4_det_1198,-,8.1250,1,39,40,1.000000,1
Mistral-Small-24B,heldout,det_correct,NC_4x4_det_1809,-,7.1250,1,38,40,0.974359,1
Mistral-Small-24B,heldout,det_correct,NC_4x4_det_1207,-,7.5625,1,39,40,1.000000,1
Mistral-Small-24B,heldout,det_correct,NC_4x4_det_154,-,7.3125,1,39,40,1.000000,1
Mistral-Small-24B,heldout,det_correct,NC_4x4_det_1915,-,7.2500,1,38,40,0.974359,1
Mistral-Small-24B,heldout,det_correct,NC_4x4_det_1242,-,7.3125,1,39,40,1.000000,1
Mistral-Small-24B,heldout,det_correct,NC_4x4_det_1511,-,7.1250,1,38,40,0.974359,1
Mistral-Small-24B,heldout,det_correct,NC_4x4_det_0980,+,6.0000,1,39,40,1.000000,1
Mistral-Small-24B,heldout,det_correct,NC_4x4_det_1233,-,6.0000,1,39,40,1.000000,1
Mistral-Small-24B,heldout,det_correct,NC_4x4_det_1510,-,-4.2500,0,10,40,0.256410,0
Mistral-Small-24B,heldout,det_correct,NC_4x4_det_1059,+,6.8750,1,32,40,0.820513,1
Mistral-Small-24B,heldout,det_correct,NC_4x4_det_248,-,16.3125,1,39,40,1.000000,1
Mistral-Small-24B,heldout,det_correct,NC_4x4_det_710,-,-4.5000,0,11,40,0.282051,0
Mistral-Small-24B,heldout,det_correct,NC_4x4_det_093,-,6.7500,1,39,40,1.000000,1
Mistral-Small-24B,heldout,det_correct,NC_4x4_det_1707,-,7.1875,1,39,40,1.000000,1
Mistral-Small-24B,heldout,det_correct,NC_4x4_det_1577,-,7.5000,1,38,40,0.974359,1
Mistral-Small-24B,heldout,det_correct,NC_4x4_det_626,-,6.0312,1,39,40,1.000000,1
Mistral-Small-24B,heldout,det_correct,NC_4x4_det_1027,-,6.5000,1,38,40,0.974359,1
Mistral-Small-24B,heldout,det_correct,NC_4x4_det_123,-,-3.8750,0,11,40,0.282051,0
Mistral-Small-24B,heldout,det_correct,NC_4x4_det_449,+,7.8750,1,39,40,1.000000,1
Mistral-Small-24B,heldout,det_correct,NC_4x4_det_715,-,6.8750,1,38,40,0.974359,1
Mistral-Small-24B,heldout,det_correct,NC_4x4_det_1629,+,9.0000,1,39,40,1.000000,1
Mistral-Small-24B,heldout,det_correct,NC_4x4_det_122,-,1.6250,0,38,40,0.974359,1
Mistral-Small-24B,heldout,det_correct,NC_4x4_det_1980,-,8.5625,1,39,40,1.000000,1
Mistral-Small-24B,heldout,det_correct,NC_4x4_det_1699,-,12.6250,1,39,40,1.000000,1
Mistral-Small-24B,heldout,det_correct,NC_4x4_det_212,-,6.2812,1,39,40,1.000000,1
Mistral-Small-24B,heldout,det_correct,NC_4x4_det_1834,+,3.3750,1,38,40,0.974359,1
Mistral-Small-24B,heldout,det_correct,NC_4x4_det_1736,+,1.6250,0,26,40,0.666667,0
Mistral-Small-24B,heldout,det_correct,NC_4x4_det_696,-,7.9375,1,39,40,1.000000,1
Mistral-Small-24B,heldout,det_correct,NC_4x4_det_794,-,4.1250,1,38,40,0.974359,1
Mistral-Small-24B,heldout,det_correct,NC_4x4_det_1598,-,-1.5000,0,15,40,0.384615,0
Mistral-Small-24B,heldout,det_correct,NC_4x4_det_1005,-,8.3750,1,39,40,1.000000,1
Mistral-Small-24B,heldout,det_correct,NC_4x4_det_1124,+,9.8750,1,39,40,1.000000,1
Mistral-Small-24B,heldout,det_correct,NC_4x4_det_1591,+,11.6250,1,39,40,1.000000,1
Mistral-Small-24B,heldout,det_correct,NC_4x4_det_1746,-,-3.2500,0,10,40,0.256410,0
Mistral-Small-24B,heldout,det_correct,NC_4x4_det_1890,+,7.1250,1,32,40,0.820513,1
Mistral-Small-24B,heldout,det_correct,NC_4x4_det_1057,-,7.0000,1,39,40,1.000000,1
Mistral-Small-24B,heldout,det_correct,NC_4x4_det_241,-,4.8750,1,39,40,1.000000,1
Mistral-Small-24B,heldout,det_correct,NC_4x4_det_486,+,8.6250,1,39,40,1.000000,1
Mistral-Small-24B,heldout,det_correct,NC_4x4_det_366,+,8.3750,1,39,40,1.000000,1
Mistral-Small-24B,heldout,det_correct,NC_4x4_det_1827,-,-4.2500,0,10,40,0.256410,0
Mistral-Small-24B,heldout,det_correct,NC_4x4_det_1296,-,7.8438,1,39,40,1.000000,1
Mistral-Small-24B,heldout,det_correct,NC_4x4_det_590,-,-3.8750,0,10,40,0.256410,0
Mistral-Small-24B,heldout,det_correct,NC_4x4_det_1170,+,6.8750,1,39,40,1.000000,1
Mistral-Small-24B,heldout,det_correct,NC_4x4_det_1498,+,14.3750,1,39,40,1.000000,1
Mistral-Small-24B,heldout,det_correct,NC_4x4_det_648,-,3.0000,1,39,40,1.000000,1
Mistral-Small-24B,heldout,det_correct,NC_4x4_det_544,-,8.9062,1,39,40,1.000000,1
Mistral-Small-24B,heldout,det_correct,NC_4x4_det_392,-,2.3750,1,39,40,1.000000,1
Mistral-Small-24B,heldout,det_correct,NC_4x4_det_1425,+,7.1250,1,32,40,0.820513,1
Mistral-Small-24B,heldout,det_correct,NC_4x4_det_600,-,7.3750,1,38,40,0.974359,1
Mistral-Small-24B,heldout,det_correct,NC_4x4_det_689,-,9.6250,1,39,40,1.000000,1
Mistral-Small-24B,heldout,det_correct,NC_4x4_det_1649,+,9.2500,1,39,40,1.000000,1
Mistral-Small-24B,heldout,det_correct,NC_4x4_det_1686,-,4.6250,1,39,40,1.000000,1
Mistral-Small-24B,heldout,det_correct,NC_4x4_det_1878,+,6.6250,1,32,40,0.820513,1
Mistral-Small-24B,heldout,det_correct,NC_4x4_det_1418,-,6.5000,1,38,40,0.974359,1
Mistral-Small-24B,heldout,det_correct,NC_4x4_det_500,-,8.4375,1,39,40,1.000000,1
Mistral-Small-24B,heldout,det_correct,NC_4x4_det_0966,-,7.3750,1,38,40,0.974359,1
Mistral-Small-24B,heldout,det_correct,NC_4x4_det_319,+,4.1250,1,32,40,0.820513,1
Mistral-Small-24B,heldout,det_correct,NC_4x4_det_227,-,12.5000,1,39,40,1.000000,1
Mistral-Small-24B,heldout,det_correct,NC_4x4_det_493,-,7.2500,1,38,40,0.974359,1
Mistral-Small-24B,heldout,det_correct,NC_4x4_det_1055,-,-3.5000,0,11,40,0.282051,0
Mistral-Small-24B,heldout,det_correct,NC_4x4_det_1871,-,4.1250,1,39,40,1.000000,1
Mistral-Small-24B,heldout,det_correct,NC_4x4_det_1034,-,6.5625,1,39,40,1.000000,1
Mistral-Small-24B,heldout,det_correct,NC_4x4_det_331,-,3.9062,1,39,40,1.000000,1
Mistral-Small-24B,heldout,det_correct,NC_4x4_det_1991,-,5.5938,1,39,40,1.000000,1
Mistral-Small-24B,heldout,det_correct,NC_4x4_det_1644,+,8.0000,1,39,40,1.000000,1
Mistral-Small-24B,heldout,det_correct,NC_4x4_det_1282,+,-0.3750,0,12,40,0.307692,0
Mistral-Small-24B,heldout,det_correct,NC_4x4_det_1826,-,9.0938,1,39,40,1.000000,1
Mistral-Small-24B,heldout,det_correct,NC_4x4_det_1818,+,7.5000,1,39,40,1.000000,1
Mistral-Small-24B,heldout,det_correct,NC_4x4_det_1745,-,-3.6250,0,10,40,0.256410,0
Mistral-Small-24B,heldout,det_correct,NC_4x4_det_0937,-,5.7188,1,39,40,1.000000,1
Mistral-Small-24B,heldout,det_correct,NC_4x4_det_237,-,7.3750,1,38,40,0.974359,1
Mistral-Small-24B,heldout,det_correct,NC_4x4_det_1640,-,6.8125,1,39,40,1.000000,1
Mistral-Small-24B,heldout,det_correct,NC_4x4_det_1513,-,7.0000,1,38,40,0.974359,1
Mistral-Small-24B,heldout,det_correct,NC_4x4_det_342,-,7.5000,1,38,40,0.974359,1
Mistral-Small-24B,heldout,det_correct,NC_4x4_det_185,-,1.0312,0,10,40,0.256410,0
Mistral-Small-24B,heldout,det_correct,NC_4x4_det_509,-,4.5000,1,39,40,1.000000,1
Mistral-Small-24B,heldout,det_correct,NC_4x4_det_1618,-,-4.1250,0,11,40,0.282051,0
Mistral-Small-24B,heldout,det_correct,NC_4x4_det_1689,-,7.1250,1,38,40,0.974359,1
Mistral-Small-24B,heldout,det_correct,NC_4x4_det_676,-,6.5625,1,39,40,1.000000,1
Mistral-Small-24B,heldout,det_correct,NC_4x4_det_1464,-,4.0547,1,39,40,1.000000,1
Mistral-Small-24B,heldout,det_correct,NC_4x4_det_194,-,8.4375,1,39,40,1.000000,1
Mistral-Small-24B,heldout,det_correct,NC_4x4_det_1193,+,14.8750,1,39,40,1.000000,1
Mistral-Small-24B,heldout,det_correct,NC_4x4_det_1759,+,7.3750,1,39,40,1.000000,1
Mistral-Small-24B,heldout,det_correct,NC_4x4_det_1518,-,4.0000,1,36,40,0.923077,1
Mistral-Small-24B,heldout,det_correct,NC_4x4_det_1750,-,6.2500,1,38,40,0.974359,1
Mistral-Small-24B,heldout,det_correct,NC_4x4_det_787,-,6.9375,1,39,40,1.000000,1
Mistral-Small-24B,heldout,det_correct,NC_4x4_det_1349,-,8.6875,1,39,40,1.000000,1
Mistral-Small-24B,heldout,det_correct,NC_4x4_det_140,+,2.7500,1,32,40,0.820513,1
Mistral-Small-24B,heldout,det_correct,NC_4x4_det_1553,+,5.7500,1,38,40,0.974359,1
Mistral-Small-24B,heldout,det_correct,NC_4x4_det_106,-,10.2500,1,39,40,1.000000,1
Mistral-Small-24B,heldout,det_correct,NC_4x4_det_666,-,6.1250,1,39,40,1.000000,1
Mistral-Small-24B,heldout,det_correct,NC_4x4_det_1160,+,3.2500,1,32,40,0.820513,1
Mistral-Small-24B,heldout,det_correct,NC_4x4_det_1371,-,-3.7500,0,10,40,0.256410,0
Mistral-Small-24B,heldout,det_correct,NC_4x4_det_1294,-,6.8750,1,38,40,0.974359,1
Mistral-Small-24B,heldout,det_correct,NC_4x4_det_1177,+,5.8750,1,37,40,0.948718,1
Mistral-Small-24B,heldout,det_correct,NC_4x4_det_258,-,2.5000,1,34,40,0.871795,1
Mistral-Small-24B,heldout,det_correct,NC_4x4_det_382,-,6.7500,1,38,40,0.974359,1
Mistral-Small-24B,heldout,det_correct,NC_4x4_det_1357,+,8.2500,1,38,40,0.974359,1
Mistral-Small-24B,heldout,det_correct,NC_4x4_det_703,+,11.3750,1,39,40,1.000000,1
Mistral-Small-24B,heldout,det_correct,NC_4x4_det_692,-,6.2188,1,39,40,1.000000,1
Mistral-Small-24B,heldout,det_correct,NC_4x4_det_0956,-,-0.7500,0,5,40,0.128205,0
Mistral-Small-24B,heldout,det_correct,NC_4x4_det_272,-,7.2500,1,38,40,0.974359,1
Mistral-Small-24B,heldout,det_correct,NC_4x4_det_0962,-,6.8750,1,38,40,0.974359,1
Mistral-Small-24B,heldout,det_correct,NC_4x4_det_1509,-,-3.6250,0,10,40,0.256410,0
Mistral-Small-24B,heldout,det_correct,NC_4x4_det_378,-,7.2500,1,38,40,0.974359,1
Mistral-Small-24B,heldout,det_correct,NC_4x4_det_1182,-,8.4688,1,39,40,1.000000,1
Mistral-Small-24B,heldout,det_correct,NC_4x4_det_1758,-,8.0625,1,39,40,1.000000,1
Mistral-Small-24B,heldout,det_correct,NC_4x4_det_1743,-,3.5000,1,39,40,1.000000,1
Mistral-Small-24B,heldout,det_correct,NC_4x4_det_506,-,7.9844,1,39,40,1.000000,1
Mistral-Small-24B,heldout,det_correct,NC_4x4_det_1341,+,7.6250,1,39,40,1.000000,1
Mistral-Small-24B,heldout,det_correct,NC_4x4_det_365,-,8.0000,1,39,40,1.000000,1
Mistral-Small-24B,heldout,det_correct,NC_4x4_det_771,-,-3.6250,0,11,40,0.282051,0
Mistral-Small-24B,heldout,det_correct,NC_4x4_det_436,+,9.1250,1,39,40,1.000000,1
Mistral-Small-24B,heldout,det_correct,NC_4x4_det_593,-,3.8750,1,38,40,0.974359,1
Mistral-Small-24B,heldout,det_correct,NC_4x4_det_1158,-,2.7812,1,35,40,0.897436,1
Mistral-Small-24B,heldout,det_correct,NC_4x4_det_0928,-,2.0000,1,39,40,1.000000,1
Mistral-Small-24B,heldout,det_correct,NC_4x4_det_1964,-,7.1250,1,39,40,1.000000,1
Mistral-Small-24B,heldout,det_correct,NC_4x4_det_758,+,8.8750,1,37,40,0.948718,1
Mistral-Small-24B,heldout,det_correct,NC_4x4_det_473,+,8.7500,1,39,40,1.000000,1
Mistral-Small-24B,heldout,det_correct,NC_4x4_det_1058,-,6.7500,1,38,40,0.974359,1
Mistral-Small-24B,heldout,ibp_error,ibp_ptc_n10_b53,-,1.5000,0,37,40,0.948718,1
Mistral-Small-24B,heldout,ibp_error,ibp_pts_n12_b16,-,-1.8750,0,11,40,0.282051,0
Mistral-Small-24B,heldout,ibp_error,ibp_ptc_n5_b157,-,4.2500,1,39,40,1.000000,1
Mistral-Small-24B,heldout,ibp_error,ibp_ptc_n13_b45,-,0.6250,0,38,40,0.974359,1
Mistral-Small-24B,heldout,ibp_error,ibp_ptc_n5_b71,-,3.8750,1,39,40,1.000000,1
Mistral-Small-24B,heldout,ibp_error,ibp_ptc_n13_b103,-,0.0000,0,7,40,0.179487,0
Mistral-Small-24B,heldout,ibp_error,ibp_ptc_n7_b271,-,1.1250,0,11,40,0.282051,0
Mistral-Small-24B,heldout,ibp_error,ibp_ptc_n7_b61,-,3.6250,1,39,40,1.000000,1
Mistral-Small-24B,heldout,ibp_error,ibp_ptc_n7_b71,-,2.5000,1,39,40,1.000000,1
Mistral-Small-24B,heldout,ibp_error,ibp_pts_n7_b33,-,-4.5000,0,1,40,0.025641,0
Mistral-Small-24B,heldout,ibp_error,ibp_ptc_n9_b23,-,2.7500,1,38,40,0.974359,1
Mistral-Small-24B,heldout,ibp_error,ibp_ptc_n7_b281,-,7.5000,1,39,40,1.000000,1
Mistral-Small-24B,heldout,ibp_error,ibp_ptc_n10_b163,-,-0.7500,0,7,40,0.179487,0
Mistral-Small-24B,heldout,ibp_error,ibp_pts_n12_b61,-,0.5000,0,11,40,0.282051,0
Mistral-Small-24B,heldout,ibp_error,ibp_ptc_n13_b127,-,-0.1250,0,7,40,0.179487,0
Mistral-Small-24B,heldout,ibp_error,ibp_pts_n7_b83,-,4.2500,1,38,40,0.974359,1
Mistral-Small-24B,heldout,ibp_error,ibp_ptc_n7_b137,-,4.5000,1,38,40,0.974359,1
Mistral-Small-24B,heldout,ibp_error,ibp_ptc_n7_b131,-,10.0625,1,39,40,1.000000,1
Mistral-Small-24B,heldout,ibp_error,ibp_ptc_n16_b137,-,-0.1250,0,7,40,0.179487,0
Mistral-Small-24B,heldout,ibp_error,ibp_ptc_n13_b107,+,1.3750,0,29,40,0.743590,0
Mistral-Small-24B,heldout,ibp_error,ibp_ptc_n5_b137,-,4.1250,1,39,40,1.000000,1
Mistral-Small-24B,heldout,ibp_error,ibp_pts_n15_b127,-,0.3750,0,11,40,0.282051,0
Mistral-Small-24B,heldout,ibp_error,ibp_pts_n13_b18,-,1.6250,0,38,40,0.974359,1
Mistral-Small-24B,heldout,ibp_error,ibp_ptc_n7_b241,-,3.7500,1,39,40,1.000000,1
Mistral-Small-24B,heldout,ibp_error,ibp_ptc_n11_b223,+,6.5000,1,26,40,0.666667,0
Mistral-Small-24B,heldout,ibp_error,ibp_pts_n13_b103,-,0.3750,0,11,40,0.282051,0
Mistral-Small-24B,heldout,ibp_error,ibp_pts_n7_b61,-,-3.7500,0,1,40,0.025641,0
Mistral-Small-24B,heldout,ibp_error,ibp_pts_n5_b191,-,-7.1250,0,1,40,0.025641,0
Mistral-Small-24B,heldout,ibp_error,ibp_ptc_n15_b67,-,-0.1250,0,37,40,0.948718,1
Mistral-Small-24B,heldout,ibp_error,ibp_ptc_n7_b227,-,2.3750,1,38,40,0.974359,1
Mistral-Small-24B,heldout,ibp_error,ibp_pts_n14_b101,-,1.7500,0,38,40,0.974359,1
Mistral-Small-24B,heldout,ibp_error,ibp_pts_n10_b197,+,-1.0000,0,28,40,0.717949,0
Mistral-Small-24B,heldout,ibp_error,ibp_pts_n13_b7,-,1.1250,0,38,40,0.974359,1
Mistral-Small-24B,heldout,ibp_error,ibp_ptc_n5_b191,-,4.7500,1,39,40,1.000000,1
Mistral-Small-24B,heldout,ibp_error,ibp_ptc_n16_b51,-,2.2500,1,38,40,0.974359,1
Mistral-Small-24B,heldout,ibp_error,ibp_pts_n8_b283,-,-0.5000,0,9,40,0.230769,0
Mistral-Small-24B,heldout,ibp_error,ibp_pts_n8_b97,-,1.1250,0,38,40,0.974359,1
Mistral-Small-24B,heldout,ibp_error,ibp_ptc_n5_b113,-,3.5000,1,39,40,1.000000,1
Mistral-Small-24B,heldout,ibp_error,ibp_pts_n11_b109,-,15.3750,1,39,40,1.000000,1
Mistral-Small-24B,heldout,ibp_error,ibp_pts_n14_b16,-,0.1250,0,9,40,0.230769,0
Mistral-Small-24B,heldout,ibp_error,ibp_pts_n12_b53,+,-0.7500,0,27,40,0.692308,0
Mistral-Small-24B,heldout,ibp_error,ibp_pts_n7_b229,+,1.8750,0,29,40,0.743590,0
Mistral-Small-24B,heldout,ibp_error,ibp_ptc_n7_b277,-,3.3750,1,39,40,1.000000,1
Mistral-Small-24B,heldout,ibp_error,ibp_ptc_n7_b257,-,2.8750,1,39,40,1.000000,1
Mistral-Small-24B,heldout,ibp_error,ibp_pts_n15_b61,-,0.6250,0,11,40,0.282051,0
Mistral-Small-24B,heldout,ibp_error,ibp_ptc_n15_b131,-,2.7500,1,38,40,0.974359,1
Mistral-Small-24B,heldout,ibp_error,ibp_ptc_n7_b167,-,4.7500,1,39,40,1.000000,1
Mistral-Small-24B,heldout,ibp_error,ibp_pts_n12_b79,-,2.0000,1,38,40,0.974359,1
Mistral-Small-24B,heldout,ibp_error,ibp_ptc_n5_b229,-,4.1250,1,39,40,1.000000,1
Mistral-Small-24B,heldout,ibp_error,ibp_pts_n16_b89,-,2.8750,1,38,40,0.974359,1
Mistral-Small-24B,heldout,ibp_error,ibp_ptc_n5_b109,-,2.0000,1,39,40,1.000000,1
Mistral-Small-24B,heldout,ibp_error,ibp_pts_n12_b73,-,3.3750,1,38,40,0.974359,1
Mistral-Small-24B,heldout,ibp_error,ibp_ptc_n16_b43,-,-0.6250,0,7,40,0.179487,0
Mistral-Small-24B,heldout,ibp_error,ibp_ptc_n5_b131,-,4.7500,1,39,40,1.000000,1
Mistral-Small-24B,heldout,ibp_error,ibp_ptc_n13_b67,-,-0.5000,0,7,40,0.179487,0
Mistral-Small-24B,heldout,ibp_error,ibp_pts_n14_b113,-,-0.1250,0,11,40,0.282051,0
Mistral-Small-24B,heldout,ibp_error,ibp_pts_n11_b97,+,-0.6250,0,20,40,0.512821,0
Mistral-Small-24B,heldout,ibp_error,ibp_pts_n13_b23,-,1.8750,0,38,40,0.974359,1
Mistral-Small-24B,heldout,ibp_error,ibp_pts_n10_b7,-,3.0000,1,38,40,0.974359,1
Mistral-Small-24B,heldout,ibp_error,ibp_ptc_n13_b29,-,2.2500,1,38,40,0.974359,1
Mistral-Small-24B,heldout,ibp_error,ibp_pts_n8_b19,-,1.6250,0,38,40,0.974359,1
Mistral-Small-24B,heldout,ibp_error,ibp_ptc_n16_b127,-,-0.1250,0,7,40,0.179487,0
Mistral-Small-24B,heldout,ibp_error,ibp_ptc_n13_b33,-,1.8750,0,38,40,0.974359,1
Mistral-Small-24B,heldout,ibp_error,ibp_pts_n10_b11,+,3.7500,1,26,40,0.666667,0
Mistral-Small-24B,heldout,ibp_error,ibp_pts_n3_b10,+,-0.7500,0,26,40,0.666667,0
Mistral-Small-24B,heldout,ibp_error,ibp_pts_n11_b179,-,-0.6250,0,15,40,0.384615,0
Mistral-Small-24B,heldout,ibp_error,ibp_pts_n8_b307,-,1.2500,0,38,40,0.974359,1
Mistral-Small-24B,heldout,ibp_error,ibp_pts_n15_b25,+,-1.7500,0,27,40,0.692308,0
Mistral-Small-24B,heldout,ibp_error,ibp_ptc_n13_b25,+,1.6250,0,26,40,0.666667,0
Mistral-Small-24B,heldout,ibp_error,ibp_ptc_n12_b7,+,2.1250,1,28,40,0.717949,0
Mistral-Small-24B,heldout,ibp_correct,ibp_pts_n2_b4,-,11.3125,1,39,40,1.000000,1
Mistral-Small-24B,heldout,ibp_correct,ibp_pts_n1_b10,-,11.8125,1,39,40,1.000000,1
Mistral-Small-24B,heldout,ibp_correct,ibp_ptc_n12_b79,-,12.6250,1,39,40,1.000000,1
Mistral-Small-24B,heldout,ibp_correct,ibp_pts_n2_b8,-,6.8750,1,38,40,0.974359,1
Mistral-Small-24B,heldout,ibp_correct,ibp_pts_n1_b4,-,12.5625,1,39,40,1.000000,1
Mistral-Small-24B,heldout,ibp_correct,ibp_pts_n1_b6,+,11.7500,1,39,40,1.000000,1
Mistral-Small-24B,heldout,ibp_correct,ibp_pts_n2_b9,-,0.7500,0,38,40,0.974359,1
Mistral-Small-24B,heldout,ibp_correct,ibp_pts_n1_b12,+,12.0000,1,39,40,1.000000,1
Mistral-Small-24B,heldout,ibp_correct,ibp_ptc_n12_b71,+,1.6250,0,36,40,0.923077,1
Mistral-Small-24B,heldout,ibp_correct,ibp_ptc_n12_b73,+,1.1250,0,28,40,0.717949,0
Mistral-Small-24B,heldout,ibp_correct,ibp_ptc_n2_b14,-,14.3750,1,39,40,1.000000,1
Mistral-Small-24B,heldout,ibp_correct,ibp_ptc_n5_b61,+,6.0000,1,39,40,1.000000,1
Mistral-Small-24B,heldout,ibp_correct,ibp_pts_n7_b103,-,9.8750,1,39,40,1.000000,1
Mistral-Small-24B,heldout,ibp_correct,ibp_ptc_n8_b281,+,6.7500,1,38,40,0.974359,1
Mistral-Small-24B,heldout,ibp_correct,ibp_pts_n11_b67,+,12.4375,1,39,40,1.000000,1
Mistral-Small-24B,heldout,ibp_correct,ibp_ptc_n5_b223,+,5.8750,1,32,40,0.820513,1
Mistral-Small-24B,heldout,ibp_correct,ibp_pts_n5_b73,+,7.6250,1,39,40,1.000000,1
Mistral-Small-24B,heldout,ibp_correct,ibp_ptc_n0_b2,+,7.6250,1,38,40,0.974359,1
Mistral-Small-24B,heldout,ibp_correct,ibp_pts_n7_b181,+,5.6250,1,29,40,0.743590,0
Mistral-Small-24B,heldout,ibp_correct,ibp_ptc_n5_b97,+,7.5000,1,38,40,0.974359,1
Mistral-Small-24B,heldout,ibp_correct,ibp_ptc_n8_b73,-,10.1250,1,39,40,1.000000,1
Mistral-Small-24B,heldout,ibp_correct,ibp_pts_n5_b173,+,10.2500,1,38,40,0.974359,1
Mistral-Small-24B,heldout,ibp_correct,ibp_pts_n7_b107,+,9.8750,1,39,40,1.000000,1
Mistral-Small-24B,heldout,ibp_correct,ibp_pts_n5_b227,-,7.6250,1,38,40,0.974359,1
Mistral-Small-24B,heldout,ibp_correct,ibp_ptc_n6_b10,-,10.7500,1,39,40,1.000000,1
Mistral-Small-24B,heldout,ibp_correct,ibp_ptc_n10_b73,-,5.5000,1,38,40,0.974359,1
Mistral-Small-24B,heldout,ibp_correct,ibp_pts_n5_b127,+,9.2500,1,39,40,1.000000,1
Mistral-Small-24B,heldout,ibp_correct,ibp_ptc_n7_b263,-,11.6875,1,39,40,1.000000,1
Mistral-Small-24B,heldout,ibp_correct,ibp_ptc_n6_b12,-,10.5000,1,39,40,1.000000,1
Mistral-Small-24B,heldout,ibp_correct,ibp_ptc_n8_b173,+,10.3750,1,38,40,0.974359,1
Mistral-Small-24B,heldout,ibp_correct,ibp_ptc_n10_b233,-,8.2500,1,38,40,0.974359,1
Mistral-Small-24B,heldout,ibp_correct,ibp_ptc_n4_b5,+,7.2500,1,29,40,0.743590,0
Mistral-Small-24B,heldout,ibp_correct,ibp_ptc_n8_b59,+,5.5000,1,32,40,0.820513,1
Mistral-Small-24B,heldout,ibp_correct,ibp_ptc_n7_b173,-,9.5000,1,39,40,1.000000,1
Mistral-Small-24B,heldout,ibp_correct,ibp_pts_n10_b223,-,11.5625,1,39,40,1.000000,1
Mistral-Small-24B,heldout,ibp_correct,ibp_ptc_n4_b11,-,8.8750,1,39,40,1.000000,1
Mistral-Small-24B,heldout,ibp_correct,ibp_ptc_n5_b193,-,6.2500,1,39,40,1.000000,1
Mistral-Small-24B,heldout,ibp_correct,ibp_ptc_n3_b2,-,5.7500,1,38,40,0.974359,1
Mistral-Small-24B,heldout,ibp_correct,ibp_ptc_n10_b61,-,8.3750,1,39,40,1.000000,1
Mistral-Small-24B,heldout,ibp_correct,ibp_ptc_n8_b7,-,5.3750,1,38,40,0.974359,1
Mistral-Small-24B,heldout,ibp_correct,ibp_pts_n5_b101,-,16.6250,1,39,40,1.000000,1
Mistral-Small-24B,heldout,ibp_correct,ibp_ptc_n5_b101,+,6.6250,1,39,40,1.000000,1
Mistral-Small-24B,heldout,ibp_correct,ibp_pts_n7_b233,-,6.2500,1,38,40,0.974359,1
Mistral-Small-24B,heldout,ibp_correct,ibp_pts_n11_b89,-,8.2500,1,38,40,0.974359,1
Mistral-Small-24B,heldout,ibp_correct,ibp_ptc_n7_b13,-,2.0625,1,36,40,0.923077,1
Mistral-Small-24B,heldout,ibp_correct,ibp_ptc_n5_b29,-,7.0625,1,39,40,1.000000,1
Mistral-Small-24B,heldout,ibp_correct,ibp_ptc_n8_b311,+,9.0000,1,38,40,0.974359,1
Mistral-Small-24B,heldout,ibp_correct,ibp_ptc_n7_b109,+,11.0000,1,38,40,0.974359,1
Mistral-Small-24B,heldout,ibp_correct,ibp_ptc_n3_b4,-,4.6250,1,38,40,0.974359,1
Mistral-Small-24B,heldout,ibp_correct,ibp_ptc_n5_b3,-,7.6250,1,39,40,1.000000,1
Mistral-Small-24B,heldout,ibp_correct,ibp_pts_n5_b97,+,9.8750,1,39,40,1.000000,1
Mistral-Small-24B,heldout,ibp_correct,ibp_ptc_n6_b6,-,10.6250,1,39,40,1.000000,1
Mistral-Small-24B,heldout,ibp_correct,ibp_pts_n5_b103,+,7.1250,1,39,40,1.000000,1
Mistral-Small-24B,heldout,ibp_correct,ibp_ptc_n8_b307,-,7.8750,1,38,40,0.974359,1
Mistral-Small-24B,heldout,ibp_correct,ibp_ptc_n0_b3,+,8.0000,1,26,40,0.666667,0
Mistral-Small-24B,heldout,ibp_correct,ibp_ptc_n8_b67,+,7.3750,1,38,40,0.974359,1
Mistral-Small-24B,heldout,ibp_correct,ibp_pts_n5_b163,+,8.5000,1,37,40,0.948718,1
Mistral-Small-24B,heldout,ibp_correct,ibp_ptc_n2_b18,-,6.0000,1,39,40,1.000000,1
Mistral-Small-24B,heldout,ibp_correct,ibp_pts_n7_b251,-,7.3750,1,38,40,0.974359,1
Mistral-Small-24B,heldout,ibp_correct,ibp_ptc_n10_b29,+,8.3750,1,38,40,0.974359,1
Mistral-Small-24B,heldout,ibp_correct,ibp_pts_n5_b137,-,12.3750,1,39,40,1.000000,1
Mistral-Small-24B,heldout,ibp_correct,ibp_ptc_n1_b13,+,10.2500,1,39,40,1.000000,1
Mistral-Small-24B,heldout,ibp_correct,ibp_pts_n5_b83,+,9.1250,1,39,40,1.000000,1
Mistral-Small-24B,heldout,ibp_correct,ibp_ptc_n7_b73,+,10.8750,1,38,40,0.974359,1
Mistral-Small-24B,heldout,ibp_correct,ibp_ptc_n8_b241,-,7.8750,1,39,40,1.000000,1
Mistral-Small-24B,heldout,ibp_correct,ibp_ptc_n5_b53,-,11.3750,1,39,40,1.000000,1
Mistral-Small-24B,heldout,ibp_correct,ibp_ptc_n10_b43,-,7.8438,1,39,40,1.000000,1
Mistral-Small-24B,heldout,ibp_correct,ibp_ptc_n7_b101,+,9.7500,1,39,40,1.000000,1
Mistral-Small-24B,heldout,ibp_correct,ibp_ptc_n8_b197,-,5.7500,1,38,40,0.974359,1
Mistral-Small-24B,heldout,ibp_correct,ibp_ptc_n8_b149,+,8.3750,1,39,40,1.000000,1
Mistral-Small-24B,heldout,ibp_correct,ibp_ptc_n10_b41,+,11.3750,1,39,40,1.000000,1
Mistral-Small-24B,heldout,ibp_correct,ibp_ptc_n8_b71,-,8.2500,1,39,40,1.000000,1
Mistral-Small-24B,heldout,ibp_correct,ibp_ptc_n3_b1,+,7.6250,1,39,40,1.000000,1
Mistral-Small-24B,heldout,ibp_correct,ibp_ptc_n10_b67,+,6.5000,1,38,40,0.974359,1
Mistral-Small-24B,heldout,ibp_correct,ibp_ptc_n8_b193,-,9.3750,1,39,40,1.000000,1
Mistral-Small-24B,heldout,ibp_correct,ibp_pts_n7_b173,-,7.1250,1,38,40,0.974359,1
Mistral-Small-24B,heldout,ibp_correct,ibp_ptc_n5_b83,-,8.3750,1,39,40,1.000000,1
Mistral-Small-24B,heldout,ibp_correct,ibp_ptc_n8_b97,+,10.1250,1,38,40,0.974359,1
Mistral-Small-24B,heldout,ibp_correct,ibp_ptc_n7_b107,+,11.1250,1,38,40,0.974359,1
Mistral-Small-24B,heldout,ibp_correct,ibp_ptc_n1_b3,-,3.0000,1,38,40,0.974359,1
Mistral-Small-24B,heldout,ibp_correct,ibp_pts_n5_b41,-,8.1250,1,38,40,0.974359,1
Mistral-Small-24B,heldout,ibp_correct,ibp_ptc_n7_b67,+,10.7500,1,38,40,0.974359,1
Mistral-Small-24B,heldout,ibp_correct,ibp_ptc_n5_b211,+,8.5000,1,39,40,1.000000,1
Mistral-Small-24B,heldout,ibp_correct,ibp_pts_n5_b223,-,9.2500,1,39,40,1.000000,1
Mistral-Small-24B,heldout,ibp_correct,ibp_ptc_n0_b5,+,8.3750,1,38,40,0.974359,1
Mistral-Small-24B,heldout,ibp_correct,ibp_pts_n5_b79,-,7.1250,1,38,40,0.974359,1
Mistral-Small-24B,heldout,ibp_correct,ibp_pts_n7_b139,+,9.0000,1,38,40,0.974359,1
Mistral-Small-24B,heldout,ibp_correct,ibp_ptc_n3_b8,-,1.2500,0,37,40,0.948718,1
Mistral-Small-24B,heldout,ibp_correct,ibp_pts_n8_b193,-,1.1250,0,38,40,0.974359,1
Mistral-Small-24B,heldout,ibp_correct,ibp_pts_n5_b179,-,14.6875,1,39,40,1.000000,1
Mistral-Small-24B,heldout,ibp_correct,ibp_ptc_n7_b83,+,10.5000,1,39,40,1.000000,1
Mistral-Small-24B,heldout,ibp_correct,ibp_ptc_n8_b1,+,10.1250,1,39,40,1.000000,1
Mistral-Small-24B,heldout,ibp_correct,ibp_ptc_n8_b199,-,9.3750,1,39,40,1.000000,1
Mistral-Small-24B,heldout,ibp_correct,ibp_pts_n7_b109,+,7.2500,1,38,40,0.974359,1
Mistral-Small-24B,heldout,ibp_correct,ibp_ptc_n8_b167,-,5.8750,1,38,40,0.974359,1
Mistral-Small-24B,heldout,ibp_correct,ibp_pts_n10_b227,-,2.5312,1,39,40,1.000000,1
Mistral-Small-24B,heldout,ibp_correct,ibp_ptc_n6_b5,-,6.6875,1,37,40,0.948718,1
Mistral-Small-24B,heldout,ibp_correct,ibp_ptc_n10_b83,+,5.2500,1,39,40,1.000000,1
Mistral-Small-24B,heldout,ibp_correct,ibp_ptc_n8_b179,-,5.3750,1,38,40,0.974359,1
Mistral-Small-24B,heldout,ibp_correct,ibp_ptc_n7_b139,-,9.7500,1,39,40,1.000000,1
Mistral-Small-24B,heldout,ibp_correct,ibp_ptc_n10_b139,-,9.8750,1,39,40,1.000000,1
Mistral-Small-24B,heldout,ibp_correct,ibp_ptc_n7_b233,-,6.8750,1,38,40,0.974359,1
Mistral-Small-24B,heldout,ibp_correct,ibp_pts_n5_b197,-,7.5000,1,38,40,0.974359,1
Mistral-Small-24B,heldout,ibp_correct,ibp_ptc_n7_b4,-,7.5000,1,38,40,0.974359,1
Mistral-Small-24B,heldout,ibp_correct,ibp_ptc_n3_b10,-,6.0625,1,39,40,1.000000,1
Mistral-Small-24B,heldout,ibp_correct,ibp_ptc_n7_b29,+,10.5000,1,38,40,0.974359,1
Mistral-Small-24B,heldout,ibp_correct,ibp_pts_n5_b151,+,6.1250,1,37,40,0.948718,1
Mistral-Small-24B,heldout,ibp_correct,ibp_ptc_n5_b127,-,9.8750,1,39,40,1.000000,1
Mistral-Small-24B,heldout,ibp_correct,ibp_ptc_n5_b173,-,9.1250,1,39,40,1.000000,1
Mistral-Small-24B,heldout,ibp_correct,ibp_ptc_n10_b79,-,8.6250,1,39,40,1.000000,1
Mistral-Small-24B,heldout,ibp_correct,ibp_ptc_n8_b5,-,2.8750,1,36,40,0.923077,1
Mistral-Small-24B,heldout,ibp_correct,ibp_ptc_n7_b223,-,6.8750,1,38,40,0.974359,1
Mistral-Small-24B,heldout,ibp_correct,ibp_ptc_n5_b47,-,11.1250,1,39,40,1.000000,1
Mistral-Small-24B,heldout,ibp_correct,ibp_pts_n7_b227,-,8.2500,1,38,40,0.974359,1
Mistral-Small-24B,heldout,ibp_correct,ibp_ptc_n5_b181,+,12.3750,1,39,40,1.000000,1
Mistral-Small-24B,heldout,ibp_correct,ibp_ptc_n10_b211,-,8.3750,1,39,40,1.000000,1
Mistral-Small-24B,heldout,ibp_correct,ibp_ptc_n8_b257,-,7.0000,1,38,40,0.974359,1
Mistral-Small-24B,heldout,ibp_correct,ibp_ptc_n9_b29,+,12.8750,1,39,40,1.000000,1
Mistral-Small-24B,heldout,ibp_correct,ibp_ptc_n8_b83,-,9.1250,1,39,40,1.000000,1
Mistral-Small-24B,heldout,ibp_correct,ibp_ptc_n8_b131,+,6.5000,1,32,40,0.820513,1
Mistral-Small-24B,heldout,ibp_correct,ibp_ptc_n1_b7,+,6.2500,1,39,40,1.000000,1
Mistral-Small-24B,heldout,ibp_correct,ibp_ptc_n7_b269,-,8.7500,1,39,40,1.000000,1
Mistral-Small-24B,heldout,ibp_correct,ibp_ptc_n0_b7,-,1.7500,0,39,40,1.000000,1
Mistral-Small-24B,heldout,ibp_correct,ibp_pts_n7_b149,+,7.3750,1,38,40,0.974359,1
Mistral-Small-24B,heldout,ibp_correct,ibp_ptc_n7_b41,-,7.0000,1,39,40,1.000000,1
Mistral-Small-24B,heldout,ibp_correct,ibp_pts_n5_b109,-,9.7500,1,39,40,1.000000,1
Mistral-Small-24B,heldout,ibp_correct,ibp_ptc_n7_b103,-,3.6875,1,34,40,0.871795,1
Mistral-Small-24B,heldout,ibp_correct,ibp_ptc_n5_b167,+,8.3750,1,39,40,1.000000,1
Mistral-Small-24B,heldout,ibp_correct,ibp_ptc_n8_b251,-,9.5000,1,39,40,1.000000,1
Mistral-Small-24B,heldout,ibp_correct,ibp_ptc_n8_b283,-,6.8750,1,39,40,1.000000,1
Mistral-Small-24B,heldout,ibp_correct,ibp_ptc_n7_b181,+,11.0000,1,39,40,1.000000,1
Mistral-Small-24B,heldout,ibp_correct,ibp_ptc_n7_b199,+,13.0000,1,39,40,1.000000,1
Mistral-Small-24B,heldout,ibp_correct,ibp_ptc_n8_b211,+,13.2500,1,39,40,1.000000,1
Mistral-Small-24B,heldout,ibp_correct,ibp_ptc_n3_b3,+,11.5000,1,39,40,1.000000,1
Mistral-Small-24B,heldout,ibp_correct,ibp_pts_n7_b89,-,6.1250,1,38,40,0.974359,1
Mistral-Small-24B,heldout,ibp_correct,ibp_ptc_n10_b151,-,8.1250,1,38,40,0.974359,1
Mistral-Small-24B,heldout,ibp_correct,ibp_ptc_n8_b107,-,8.5000,1,39,40,1.000000,1
Mistral-Small-24B,heldout,ibp_correct,ibp_ptc_n2_b15,-,15.0000,1,39,40,1.000000,1
Mistral-Small-24B,heldout,ibp_correct,ibp_ptc_n8_b47,-,10.8750,1,39,40,1.000000,1
Mistral-Small-24B,heldout,ibp_correct,ibp_ptc_n10_b179,+,7.8750,1,39,40,1.000000,1
Mistral-Small-24B,heldout,ibp_correct,ibp_ptc_n6_b4,+,8.0000,1,38,40,0.974359,1
Mistral-Small-24B,heldout,ibp_correct,ibp_ptc_n7_b37,+,8.6250,1,38,40,0.974359,1
Mistral-Small-24B,heldout,ibp_correct,ibp_ptc_n7_b47,-,3.8750,1,39,40,1.000000,1
Mistral-Small-24B,heldout,ibp_correct,ibp_ptc_n1_b11,-,2.7500,1,38,40,0.974359,1
Mistral-Small-24B,heldout,ibp_correct,ibp_ptc_n8_b109,-,10.6250,1,39,40,1.000000,1
Mistral-Small-24B,heldout,ibp_correct,ibp_pts_n7_b137,-,5.3750,1,37,40,0.948718,1
Mistral-Small-24B,heldout,ibp_correct,ibp_pts_n7_b223,+,8.6250,1,39,40,1.000000,1
Mistral-Small-24B,heldout,ibp_correct,ibp_ptc_n7_b3,+,11.1250,1,39,40,1.000000,1
Mistral-Small-24B,heldout,ibp_correct,ibp_pts_n7_b131,-,6.0000,1,38,40,0.974359,1
Mistral-Small-24B,heldout,ibp_correct,ibp_pts_n5_b211,-,12.7500,1,39,40,1.000000,1
Mistral-Small-24B,heldout,ibp_correct,ibp_pts_n5_b167,-,12.6250,1,39,40,1.000000,1
Mistral-Small-24B,heldout,ibp_correct,ibp_pts_n2_b19,+,10.1250,1,39,40,1.000000,1
Mistral-Small-24B,heldout,ibp_correct,ibp_pts_n2_b11,+,8.3750,1,38,40,0.974359,1
Mistral-Small-24B,heldout,ibp_correct,ibp_pts_n3_b6,-,12.8750,1,38,40,0.974359,1
Mistral-Small-24B,heldout,ibp_correct,ibp_pts_n2_b18,-,14.8750,1,39,40,1.000000,1
Mistral-Small-24B,heldout,ibp_correct,ibp_pts_n3_b9,+,10.5000,1,39,40,1.000000,1
Llama-3.3-70B,discovery,det_error,C_4x4_det_036,+,7.2500,1,79,80,1.000000,1
Llama-3.3-70B,discovery,det_error,NC_4x4_det_001,-,11.9688,1,79,80,1.000000,1
Llama-3.3-70B,discovery,det_error,NC_4x4_det_026,+,5.7500,1,63,80,0.797468,1
Llama-3.3-70B,discovery,det_error,NC_4x4_det_031,-,3.2500,1,78,80,0.987342,1
Llama-3.3-70B,discovery,det_error,NC_4x4_det_039,+,6.5000,1,63,80,0.797468,1
Llama-3.3-70B,discovery,det_error,NC_4x4_det_042,+,19.8750,1,79,80,1.000000,1
Llama-3.3-70B,discovery,det_error,NC_4x4_det_048,+,10.7500,1,79,80,1.000000,1
Llama-3.3-70B,discovery,det_error,NC_4x4_det_053,-,7.2500,1,79,80,1.000000,1
Llama-3.3-70B,discovery,det_error,NC_4x4_det_065,-,7.6875,1,79,80,1.000000,1
Llama-3.3-70B,discovery,det_error,NC_4x4_det_083,-,28.0000,1,79,80,1.000000,1
Llama-3.3-70B,discovery,det_error,NC_4x4_det_086,-,9.7500,1,79,80,1.000000,1
Llama-3.3-70B,discovery,det_error,NC_4x4_det_105,+,-9.7500,0,61,80,0.772152,1
Llama-3.3-70B,discovery,det_error,NC_4x4_det_133,+,19.2500,1,79,80,1.000000,1
Llama-3.3-70B,discovery,det_error,NC_4x4_det_137,-,-2.1719,0,48,80,0.607595,0
Llama-3.3-70B,discovery,det_error,NC_4x4_det_154,+,-5.0000,0,43,80,0.544304,0
Llama-3.3-70B,discovery,det_error,NC_4x4_det_165,+,-16.2500,0,1,80,0.012658,0
Llama-3.3-70B,discovery,det_correct,C_4x4_det_001,-,26.2500,1,79,80,1.000000,1
Llama-3.3-70B,discovery,det_correct,C_4x4_det_003,+,4.7500,1,77,80,0.974684,1
Llama-3.3-70B,discovery,det_correct,C_4x4_det_004,-,21.5000,1,79,80,1.000000,1
Llama-3.3-70B,discovery,det_correct,C_4x4_det_005,-,6.7500,1,78,80,0.987342,1
Llama-3.3-70B,discovery,det_correct,C_4x4_det_006,-,15.8750,1,79,80,1.000000,1
Llama-3.3-70B,discovery,det_correct,C_4x4_det_007,-,31.7500,1,79,80,1.000000,1
Llama-3.3-70B,discovery,det_correct,C_4x4_det_008,-,25.0000,1,79,80,1.000000,1
Llama-3.3-70B,discovery,det_correct,C_4x4_det_009,-,25.0000,1,79,80,1.000000,1
Llama-3.3-70B,discovery,det_correct,C_4x4_det_010,-,21.2500,1,79,80,1.000000,1
Llama-3.3-70B,discovery,det_correct,C_4x4_det_011,-,29.7500,1,79,80,1.000000,1
Llama-3.3-70B,discovery,det_correct,C_4x4_det_012,-,25.2500,1,79,80,1.000000,1
Llama-3.3-70B,discovery,det_correct,C_4x4_det_013,-,31.2500,1,79,80,1.000000,1
Llama-3.3-70B,discovery,det_correct,C_4x4_det_014,-,24.7500,1,79,80,1.000000,1
Llama-3.3-70B,discovery,det_correct,C_4x4_det_015,-,26.2500,1,79,80,1.000000,1
Llama-3.3-70B,discovery,det_correct,C_4x4_det_016,-,28.0000,1,79,80,1.000000,1
Llama-3.3-70B,discovery,det_correct,C_4x4_det_017,-,30.1250,1,79,80,1.000000,1
Llama-3.3-70B,discovery,det_correct,C_4x4_det_018,-,21.0000,1,79,80,1.000000,1
Llama-3.3-70B,discovery,det_correct,C_4x4_det_019,-,20.0000,1,79,80,1.000000,1
Llama-3.3-70B,discovery,det_correct,C_4x4_det_020,-,13.0000,1,79,80,1.000000,1
Llama-3.3-70B,discovery,det_correct,C_4x4_det_021,-,22.1250,1,79,80,1.000000,1
Llama-3.3-70B,discovery,det_correct,C_4x4_det_022,-,30.8750,1,79,80,1.000000,1
Llama-3.3-70B,discovery,det_correct,C_4x4_det_023,+,5.0000,1,77,80,0.974684,1
Llama-3.3-70B,discovery,det_correct,C_4x4_det_024,-,32.5000,1,79,80,1.000000,1
Llama-3.3-70B,discovery,det_correct,C_4x4_det_025,-,32.5000,1,79,80,1.000000,1
Llama-3.3-70B,discovery,det_correct,C_4x4_det_026,-,17.8750,1,79,80,1.000000,1
Llama-3.3-70B,discovery,det_correct,C_4x4_det_027,-,19.2500,1,79,80,1.000000,1
Llama-3.3-70B,discovery,det_correct,C_4x4_det_029,-,33.7500,1,79,80,1.000000,1
Llama-3.3-70B,discovery,det_correct,C_4x4_det_030,-,18.2500,1,79,80,1.000000,1
Llama-3.3-70B,discovery,det_correct,C_4x4_det_031,-,11.2500,1,77,80,0.974684,1
Llama-3.3-70B,discovery,det_correct,C_4x4_det_032,-,30.8750,1,79,80,1.000000,1
Llama-3.3-70B,discovery,det_correct,C_4x4_det_033,+,4.7500,1,77,80,0.974684,1
Llama-3.3-70B,discovery,det_correct,C_4x4_det_034,+,31.2500,1,79,80,1.000000,1
Llama-3.3-70B,discovery,det_correct,C_4x4_det_035,-,14.2500,1,79,80,1.000000,1
Llama-3.3-70B,discovery,det_correct,C_4x4_det_037,-,23.5000,1,79,80,1.000000,1
Llama-3.3-70B,discovery,det_correct,C_4x4_det_039,-,18.2500,1,79,80,1.000000,1
Llama-3.3-70B,discovery,det_correct,C_4x4_det_040,-,29.7500,1,79,80,1.000000,1
Llama-3.3-70B,discovery,det_correct,C_4x4_det_042,+,26.2500,1,79,80,1.000000,1
Llama-3.3-70B,discovery,det_correct,C_4x4_det_043,+,22.3750,1,79,80,1.000000,1
Llama-3.3-70B,discovery,det_correct,C_4x4_det_044,+,29.7500,1,79,80,1.000000,1
Llama-3.3-70B,discovery,det_correct,C_4x4_det_045,-,22.2500,1,79,80,1.000000,1
Llama-3.3-70B,discovery,det_correct,C_4x4_det_046,+,28.3750,1,79,80,1.000000,1
Llama-3.3-70B,discovery,det_correct,C_4x4_det_047,-,17.2500,1,79,80,1.000000,1
Llama-3.3-70B,discovery,det_correct,C_4x4_det_048,-,27.8750,1,79,80,1.000000,1
Llama-3.3-70B,discovery,det_correct,C_4x4_det_049,-,10.2500,1,79,80,1.000000,1
Llama-3.3-70B,discovery,det_correct,NC_4x4_det_002,-,17.5000,1,79,80,1.000000,1
Llama-3.3-70B,discovery,det_correct,NC_4x4_det_003,+,7.2500,1,77,80,0.974684,1
Llama-3.3-70B,discovery,det_correct,NC_4x4_det_004,-,20.0000,1,79,80,1.000000,1
Llama-3.3-70B,discovery,det_correct,NC_4x4_det_005,+,32.1250,1,79,80,1.000000,1
Llama-3.3-70B,discovery,det_correct,NC_4x4_det_006,-,29.5000,1,79,80,1.000000,1
Llama-3.3-70B,discovery,det_correct,NC_4x4_det_007,-,15.5000,1,79,80,1.000000,1
Llama-3.3-70B,discovery,det_correct,NC_4x4_det_010,+,30.8750,1,79,80,1.000000,1
Llama-3.3-70B,discovery,det_correct,NC_4x4_det_012,-,6.7500,1,77,80,0.974684,1
Llama-3.3-70B,discovery,det_correct,NC_4x4_det_013,+,25.1250,1,79,80,1.000000,1
Llama-3.3-70B,discovery,det_correct,NC_4x4_det_014,-,30.5000,1,79,80,1.000000,1
Llama-3.3-70B,discovery,det_correct,NC_4x4_det_015,-,30.0000,1,79,80,1.000000,1
Llama-3.3-70B,discovery,det_correct,NC_4x4_det_016,+,27.8750,1,79,80,1.000000,1
Llama-3.3-70B,discovery,det_correct,NC_4x4_det_017,-,27.3750,1,79,80,1.000000,1
Llama-3.3-70B,discovery,det_correct,NC_4x4_det_018,+,23.8750,1,79,80,1.000000,1
Llama-3.3-70B,discovery,det_correct,NC_4x4_det_019,-,29.0000,1,79,80,1.000000,1
Llama-3.3-70B,discovery,det_correct,NC_4x4_det_020,-,19.7500,1,79,80,1.000000,1
Llama-3.3-70B,discovery,det_correct,NC_4x4_det_021,-,15.8750,1,79,80,1.000000,1
Llama-3.3-70B,discovery,det_correct,NC_4x4_det_022,-,26.3750,1,79,80,1.000000,1
Llama-3.3-70B,discovery,det_correct,NC_4x4_det_023,+,28.3750,1,79,80,1.000000,1
Llama-3.3-70B,discovery,det_correct,NC_4x4_det_025,-,20.5000,1,79,80,1.000000,1
Llama-3.3-70B,discovery,det_correct,NC_4x4_det_027,-,21.7500,1,79,80,1.000000,1
Llama-3.3-70B,discovery,det_correct,NC_4x4_det_028,+,27.7500,1,79,80,1.000000,1
Llama-3.3-70B,discovery,det_correct,NC_4x4_det_030,-,22.6250,1,79,80,1.000000,1
Llama-3.3-70B,discovery,det_correct,NC_4x4_det_032,-,20.1250,1,79,80,1.000000,1
Llama-3.3-70B,discovery,det_correct,NC_4x4_det_033,-,19.5000,1,79,80,1.000000,1
Llama-3.3-70B,discovery,det_correct,NC_4x4_det_034,-,27.2500,1,79,80,1.000000,1
Llama-3.3-70B,discovery,det_correct,NC_4x4_det_035,-,32.3750,1,79,80,1.000000,1
Llama-3.3-70B,discovery,det_correct,NC_4x4_det_036,-,29.1250,1,79,80,1.000000,1
Llama-3.3-70B,discovery,det_correct,NC_4x4_det_037,-,27.1250,1,79,80,1.000000,1
Llama-3.3-70B,discovery,det_correct,NC_4x4_det_041,-,15.8750,1,79,80,1.000000,1
Llama-3.3-70B,discovery,det_correct,NC_4x4_det_043,-,29.6250,1,79,80,1.000000,1
Llama-3.3-70B,discovery,det_correct,NC_4x4_det_044,+,27.7500,1,79,80,1.000000,1
Llama-3.3-70B,discovery,det_correct,NC_4x4_det_046,-,31.1250,1,79,80,1.000000,1
Llama-3.3-70B,discovery,det_correct,NC_4x4_det_047,+,1.0000,0,60,80,0.759494,1
Llama-3.3-70B,discovery,det_correct,NC_4x4_det_049,-,23.7500,1,79,80,1.000000,1
Llama-3.3-70B,discovery,det_correct,NC_4x4_det_050,-,12.7500,1,79,80,1.000000,1
Llama-3.3-70B,heldout,det_error,NC_4x4_det_206,-,3.2188,1,73,80,0.924051,1
Llama-3.3-70B,heldout,det_error,NC_4x4_det_207,+,-3.2500,0,61,80,0.772152,1
Llama-3.3-70B,heldout,det_error,NC_4x4_det_211,-,1.0312,0,73,80,0.924051,1
Llama-3.3-70B,heldout,det_error,NC_4x4_det_214,+,0.2500,0,70,80,0.886076,1
Llama-3.3-70B,heldout,det_error,NC_4x4_det_216,+,-0.7500,0,57,80,0.721519,0
Llama-3.3-70B,heldout,det_error,NC_4x4_det_219,+,9.5000,1,63,80,0.797468,1
Llama-3.3-70B,heldout,det_error,NC_4x4_det_225,-,24.6250,1,79,80,1.000000,1
Llama-3.3-70B,heldout,det_error,NC_4x4_det_246,-,0.2031,0,11,80,0.139241,0
Llama-3.3-70B,heldout,det_error,NC_4x4_det_253,-,3.7500,1,78,80,0.987342,1
Llama-3.3-70B,heldout,det_error,NC_4x4_det_268,-,10.0000,1,79,80,1.000000,1
Llama-3.3-70B,heldout,det_error,NC_4x4_det_279,-,5.3750,1,79,80,1.000000,1
Llama-3.3-70B,heldout,det_error,NC_4x4_det_312,+,16.2500,1,79,80,1.000000,1
Llama-3.3-70B,heldout,det_error,NC_4x4_det_314,+,1.5000,0,63,80,0.797468,1
Llama-3.3-70B,heldout,det_error,NC_4x4_det_334,-,-1.5000,0,14,80,0.177215,0
Llama-3.3-70B,heldout,det_error,NC_4x4_det_335,-,0.5000,0,44,80,0.556962,0
Llama-3.3-70B,heldout,det_error,NC_4x4_det_341,-,-7.0000,0,33,80,0.417722,0
Llama-3.3-70B,heldout,det_error,NC_4x4_det_350,+,3.5000,1,57,80,0.721519,0
Llama-3.3-70B,heldout,det_error,NC_4x4_det_353,-,0.5000,0,70,80,0.886076,1
Llama-3.3-70B,heldout,det_error,NC_4x4_det_364,-,2.3594,1,66,80,0.835443,1
Llama-3.3-70B,heldout,det_error,NC_4x4_det_373,-,1.0000,0,32,80,0.405063,0
Llama-3.3-70B,heldout,det_error,NC_4x4_det_394,-,3.6875,1,79,80,1.000000,1
Llama-3.3-70B,heldout,det_error,NC_4x4_det_406,-,9.0938,1,79,80,1.000000,1
Llama-3.3-70B,heldout,det_error,NC_4x4_det_423,+,-3.5000,0,60,80,0.759494,1
Llama-3.3-70B,heldout,det_error,NC_4x4_det_431,+,5.2500,1,79,80,1.000000,1
Llama-3.3-70B,heldout,det_error,NC_4x4_det_432,-,4.9141,1,79,80,1.000000,1
Llama-3.3-70B,heldout,det_error,NC_4x4_det_436,-,8.7500,1,77,80,0.974684,1
Llama-3.3-70B,heldout,det_error,NC_4x4_det_472,-,16.7500,1,79,80,1.000000,1
Llama-3.3-70B,heldout,det_error,NC_4x4_det_478,-,-3.0000,0,7,80,0.088608,0
Llama-3.3-70B,heldout,det_error,NC_4x4_det_501,-,9.3750,1,79,80,1.000000,1
Llama-3.3-70B,heldout,det_error,NC_4x4_det_525,+,2.5000,1,63,80,0.797468,1
Llama-3.3-70B,heldout,det_error,NC_4x4_det_527,+,20.0000,1,79,80,1.000000,1
Llama-3.3-70B,heldout,det_error,NC_4x4_det_532,-,4.0000,1,78,80,0.987342,1
Llama-3.3-70B,heldout,det_error,NC_4x4_det_534,-,5.2500,1,77,80,0.974684,1
Llama-3.3-70B,heldout,det_error,NC_4x4_det_535,-,11.0000,1,77,80,0.974684,1
Llama-3.3-70B,heldout,det_error,NC_4x4_det_550,+,8.5000,1,71,80,0.898734,1
Llama-3.3-70B,heldout,det_error,NC_4x4_det_559,-,0.1875,0,74,80,0.936709,1
Llama-3.3-70B,heldout,det_error,NC_4x4_det_568,-,9.3242,1,79,80,1.000000,1
Llama-3.3-70B,heldout,det_error,NC_4x4_det_577,+,8.5000,1,79,80,1.000000,1
Llama-3.3-70B,heldout,det_error,NC_4x4_det_591,-,2.9688,1,74,80,0.936709,1
Llama-3.3-70B,heldout,det_error,NC_4x4_det_599,-,3.2500,1,74,80,0.936709,1
Llama-3.3-70B,heldout,det_error,NC_4x4_det_601,-,-0.0625,0,73,80,0.924051,1
Llama-3.3-70B,heldout,det_error,NC_4x4_det_618,+,16.7500,1,79,80,1.000000,1
Llama-3.3-70B,heldout,det_error,NC_4x4_det_623,-,9.1875,1,79,80,1.000000,1
Llama-3.3-70B,heldout,det_error,NC_4x4_det_630,+,5.2500,1,63,80,0.797468,1
Llama-3.3-70B,heldout,det_error,NC_4x4_det_652,-,4.2500,1,77,80,0.974684,1
Llama-3.3-70B,heldout,det_error,NC_4x4_det_676,+,12.7500,1,51,80,0.645570,0
Llama-3.3-70B,heldout,det_error,NC_4x4_det_678,+,1.7500,0,79,80,1.000000,1
Llama-3.3-70B,heldout,det_error,NC_4x4_det_683,-,8.2500,1,79,80,1.000000,1
Llama-3.3-70B,heldout,det_error,NC_4x4_det_685,-,1.5625,0,74,80,0.936709,1
Llama-3.3-70B,heldout,det_error,NC_4x4_det_689,-,2.1250,1,11,80,0.139241,0
Llama-3.3-70B,heldout,det_error,NC_4x4_det_711,-,1.0000,0,78,80,0.987342,1
Llama-3.3-70B,heldout,det_error,NC_4x4_det_745,+,14.0000,1,79,80,1.000000,1
Llama-3.3-70B,heldout,det_error,NC_4x4_det_753,+,4.0000,1,63,80,0.797468,1
Llama-3.3-70B,heldout,det_error,NC_4x4_det_761,+,19.5000,1,79,80,1.000000,1
Llama-3.3-70B,heldout,det_error,NC_4x4_det_796,+,12.0000,1,79,80,1.000000,1
Llama-3.3-70B,heldout,det_error,NC_4x4_det_0839,-,26.0000,1,79,80,1.000000,1
Llama-3.3-70B,heldout,det_error,NC_4x4_det_0855,-,-0.7500,0,14,80,0.177215,0
Llama-3.3-70B,heldout,det_error,NC_4x4_det_0887,-,3.5000,1,78,80,0.987342,1
Llama-3.3-70B,heldout,det_error,NC_4x4_det_0901,+,18.0000,1,79,80,1.000000,1
Llama-3.3-70B,heldout,det_error,NC_4x4_det_0915,+,19.7500,1,79,80,1.000000,1
Llama-3.3-70B,heldout,det_error,NC_4x4_det_0930,-,9.2500,1,79,80,1.000000,1
Llama-3.3-70B,heldout,det_error,NC_4x4_det_0936,-,33.5000,1,79,80,1.000000,1
Llama-3.3-70B,heldout,det_error,NC_4x4_det_0944,-,21.0000,1,79,80,1.000000,1
Llama-3.3-70B,heldout,det_error,NC_4x4_det_0945,-,34.5000,1,79,80,1.000000,1
Llama-3.3-70B,heldout,det_error,NC_4x4_det_0949,+,5.0000,1,79,80,1.000000,1
Llama-3.3-70B,heldout,det_error,NC_4x4_det_0959,-,-10.7500,0,14,80,0.177215,0
Llama-3.3-70B,heldout,det_error,NC_4x4_det_0984,+,2.5000,1,58,80,0.734177,0
Llama-3.3-70B,heldout,det_error,NC_4x4_det_1015,-,2.7500,1,78,80,0.987342,1
Llama-3.3-70B,heldout,det_error,NC_4x4_det_1022,-,0.2500,0,2,80,0.025316,0
Llama-3.3-70B,heldout,det_error,NC_4x4_det_1032,-,4.2500,1,79,80,1.000000,1
Llama-3.3-70B,heldout,det_error,NC_4x4_det_1042,-,0.3281,0,29,80,0.367089,0
Llama-3.3-70B,heldout,det_error,NC_4x4_det_1043,-,2.6562,1,73,80,0.924051,1
Llama-3.3-70B,heldout,det_error,NC_4x4_det_1047,-,1.0000,0,14,80,0.177215,0
Llama-3.3-70B,heldout,det_error,NC_4x4_det_1067,+,5.2500,1,79,80,1.000000,1
Llama-3.3-70B,heldout,det_error,NC_4x4_det_1069,-,1.7500,0,74,80,0.936709,1
Llama-3.3-70B,heldout,det_error,NC_4x4_det_1097,+,3.0000,1,57,80,0.721519,0
Llama-3.3-70B,heldout,det_error,NC_4x4_det_1132,-,4.2500,1,78,80,0.987342,1
Llama-3.3-70B,heldout,det_error,NC_4x4_det_1148,-,18.5000,1,79,80,1.000000,1
Llama-3.3-70B,heldout,det_error,NC_4x4_det_1160,+,4.0000,1,62,80,0.784810,1
Llama-3.3-70B,heldout,det_error,NC_4x4_det_1181,+,6.5000,1,63,80,0.797468,1
Llama-3.3-70B,heldout,det_error,NC_4x4_det_1199,+,32.6250,1,79,80,1.000000,1
Llama-3.3-70B,heldout,det_error,NC_4x4_det_1217,+,1.0000,0,63,80,0.797468,1
Llama-3.3-70B,heldout,det_error,NC_4x4_det_1227,-,0.0000,0,77,80,0.974684,1
Llama-3.3-70B,heldout,det_error,NC_4x4_det_1251,-,17.7500,1,79,80,1.000000,1
Llama-3.3-70B,heldout,det_error,NC_4x4_det_1269,-,14.7500,1,79,80,1.000000,1
Llama-3.3-70B,heldout,det_error,NC_4x4_det_1270,+,-7.7500,0,57,80,0.721519,0
Llama-3.3-70B,heldout,det_error,NC_4x4_det_1293,-,3.0000,1,79,80,1.000000,1
Llama-3.3-70B,heldout,det_error,NC_4x4_det_1302,-,5.0469,1,79,80,1.000000,1
Llama-3.3-70B,heldout,det_error,NC_4x4_det_1305,-,3.7500,1,78,80,0.987342,1
Llama-3.3-70B,heldout,det_error,NC_4x4_det_1309,+,8.0000,1,79,80,1.000000,1
Llama-3.3-70B,heldout,det_error,NC_4x4_det_1316,-,8.4062,1,79,80,1.000000,1
Llama-3.3-70B,heldout,det_error,NC_4x4_det_1336,-,14.2500,1,79,80,1.000000,1
Llama-3.3-70B,heldout,det_error,NC_4x4_det_1339,-,27.0000,1,79,80,1.000000,1
Llama-3.3-70B,heldout,det_error,NC_4x4_det_1346,+,14.5000,1,79,80,1.000000,1
Llama-3.3-70B,heldout,det_error,NC_4x4_det_1368,-,6.7500,1,79,80,1.000000,1
Llama-3.3-70B,heldout,det_error,NC_4x4_det_1389,-,11.7500,1,79,80,1.000000,1
Llama-3.3-70B,heldout,det_error,NC_4x4_det_1402,-,15.2500,1,79,80,1.000000,1
Llama-3.3-70B,heldout,det_error,NC_4x4_det_1411,-,5.7031,1,79,80,1.000000,1
Llama-3.3-70B,heldout,det_error,NC_4x4_det_1419,+,3.7500,1,63,80,0.797468,1
Llama-3.3-70B,heldout,det_error,NC_4x4_det_1430,+,-2.2500,0,57,80,0.721519,0
Llama-3.3-70B,heldout,det_error,NC_4x4_det_1462,-,2.7500,1,78,80,0.987342,1
Llama-3.3-70B,heldout,det_error,NC_4x4_det_1470,+,19.2500,1,79,80,1.000000,1
Llama-3.3-70B,heldout,det_error,NC_4x4_det_1478,-,-0.2500,0,47,80,0.594937,0
Llama-3.3-70B,heldout,det_error,NC_4x4_det_1487,-,29.8750,1,79,80,1.000000,1
Llama-3.3-70B,heldout,det_error,NC_4x4_det_1507,-,-0.2500,0,14,80,0.177215,0
Llama-3.3-70B,heldout,det_error,NC_4x4_det_1516,-,-1.2500,0,14,80,0.177215,0
Llama-3.3-70B,heldout,det_error,NC_4x4_det_1548,-,28.5000,1,79,80,1.000000,1
Llama-3.3-70B,heldout,det_error,NC_4x4_det_1576,+,4.7500,1,58,80,0.734177,0
Llama-3.3-70B,heldout,det_error,NC_4x4_det_1612,+,2.0000,1,55,80,0.696203,0
Llama-3.3-70B,heldout,det_error,NC_4x4_det_1624,-,2.7500,1,77,80,0.974684,1
Llama-3.3-70B,heldout,det_error,NC_4x4_det_1630,-,5.2500,1,79,80,1.000000,1
Llama-3.3-70B,heldout,det_error,NC_4x4_det_1636,-,3.0000,1,78,80,0.987342,1
Llama-3.3-70B,heldout,det_error,NC_4x4_det_1637,+,-3.5000,0,49,80,0.620253,0
Llama-3.3-70B,heldout,det_error,NC_4x4_det_1641,+,1.0000,0,63,80,0.797468,1
Llama-3.3-70B,heldout,det_error,NC_4x4_det_1681,-,10.5156,1,79,80,1.000000,1
Llama-3.3-70B,heldout,det_error,NC_4x4_det_1746,-,3.0000,1,78,80,0.987342,1
Llama-3.3-70B,heldout,det_error,NC_4x4_det_1768,+,0.2500,0,63,80,0.797468,1
Llama-3.3-70B,heldout,det_error,NC_4x4_det_1769,-,4.8984,1,79,80,1.000000,1
Llama-3.3-70B,heldout,det_error,NC_4x4_det_1791,-,4.7500,1,77,80,0.974684,1
Llama-3.3-70B,heldout,det_error,NC_4x4_det_1793,+,18.7500,1,79,80,1.000000,1
Llama-3.3-70B,heldout,det_error,NC_4x4_det_1813,+,15.5000,1,79,80,1.000000,1
Llama-3.3-70B,heldout,det_error,NC_4x4_det_1815,+,4.5000,1,79,80,1.000000,1
Llama-3.3-70B,heldout,det_error,NC_4x4_det_1817,-,5.7500,1,77,80,0.974684,1
Llama-3.3-70B,heldout,det_error,NC_4x4_det_1823,-,4.5000,1,77,80,0.974684,1
Llama-3.3-70B,heldout,det_error,NC_4x4_det_1840,+,14.5000,1,79,80,1.000000,1
Llama-3.3-70B,heldout,det_error,NC_4x4_det_1852,-,6.5000,1,78,80,0.987342,1
Llama-3.3-70B,heldout,det_error,NC_4x4_det_1854,-,1.8516,0,4,80,0.050633,0
Llama-3.3-70B,heldout,det_error,NC_4x4_det_1855,-,32.1250,1,79,80,1.000000,1
Llama-3.3-70B,heldout,det_error,NC_4x4_det_1867,+,2.7500,1,79,80,1.000000,1
Llama-3.3-70B,heldout,det_error,NC_4x4_det_1870,-,4.0000,1,78,80,0.987342,1
Llama-3.3-70B,heldout,det_error,NC_4x4_det_1892,+,11.5000,1,79,80,1.000000,1
Llama-3.3-70B,heldout,det_error,NC_4x4_det_1896,-,10.4062,1,79,80,1.000000,1
Llama-3.3-70B,heldout,det_error,NC_4x4_det_1898,+,12.5000,1,63,80,0.797468,1
Llama-3.3-70B,heldout,det_error,NC_4x4_det_1912,+,-0.5000,0,63,80,0.797468,1
Llama-3.3-70B,heldout,det_error,NC_4x4_det_1917,-,-2.2500,0,14,80,0.177215,0
Llama-3.3-70B,heldout,det_error,NC_4x4_det_1923,-,0.5000,0,77,80,0.974684,1
Llama-3.3-70B,heldout,det_error,NC_4x4_det_1946,-,3.7812,1,79,80,1.000000,1
Llama-3.3-70B,heldout,det_error,NC_4x4_det_1962,+,6.2500,1,63,80,0.797468,1
Llama-3.3-70B,heldout,det_error,NC_4x4_det_1982,-,1.0469,0,15,80,0.189873,0
Llama-3.3-70B,heldout,det_error,NC_4x4_det_1992,+,-2.7500,0,57,80,0.721519,0
Llama-3.3-70B,heldout,det_error,NC_4x4_det_1993,+,-1.0000,0,57,80,0.721519,0
Llama-3.3-70B,heldout,det_error,NC_4x4_det_2064,-,1.8750,0,74,80,0.936709,1
Llama-3.3-70B,heldout,det_error,NC_4x4_det_2068,-,0.5000,0,70,80,0.886076,1
Llama-3.3-70B,heldout,det_error,NC_4x4_det_2118,-,-2.0781,0,31,80,0.392405,0
Llama-3.3-70B,heldout,det_error,NC_4x4_det_2133,-,7.0000,1,79,80,1.000000,1
Llama-3.3-70B,heldout,det_error,NC_4x4_det_2139,-,11.5000,1,79,80,1.000000,1
Llama-3.3-70B,heldout,det_error,NC_4x4_det_2176,+,26.6250,1,79,80,1.000000,1
Llama-3.3-70B,heldout,det_error,NC_4x4_det_2183,-,0.0000,0,49,80,0.620253,0
Llama-3.3-70B,heldout,det_error,NC_4x4_det_2189,+,3.0000,1,58,80,0.734177,0
Llama-3.3-70B,heldout,det_error,NC_4x4_det_2197,+,20.3750,1,79,80,1.000000,1
Llama-3.3-70B,heldout,det_error,NC_4x4_det_2223,-,3.2500,1,78,80,0.987342,1
Llama-3.3-70B,heldout,det_error,NC_4x4_det_2248,-,5.7500,1,79,80,1.000000,1
Llama-3.3-70B,heldout,det_error,NC_4x4_det_2258,+,-8.5000,0,63,80,0.797468,1
Llama-3.3-70B,heldout,det_error,NC_4x4_det_2259,-,13.2500,1,79,80,1.000000,1
Llama-3.3-70B,heldout,det_error,NC_4x4_det_2305,+,24.7500,1,79,80,1.000000,1
Llama-3.3-70B,heldout,det_error,NC_4x4_det_2306,+,3.7500,1,62,80,0.784810,1
Llama-3.3-70B,heldout,det_error,NC_4x4_det_2312,-,4.0000,1,78,80,0.987342,1
Llama-3.3-70B,heldout,det_error,NC_4x4_det_2329,-,-2.0000,0,0,80,0.000000,0
Llama-3.3-70B,heldout,det_error,NC_4x4_det_2337,-,3.5000,1,78,80,0.987342,1
Llama-3.3-70B,heldout,det_error,NC_4x4_det_2350,-,7.1250,1,79,80,1.000000,1
Llama-3.3-70B,heldout,det_error,NC_4x4_det_2367,-,6.7500,1,78,80,0.987342,1
Llama-3.3-70B,heldout,det_error,NC_4x4_det_2381,-,8.7500,1,79,80,1.000000,1
Llama-3.3-70B,heldout,det_error,NC_4x4_det_2386,-,5.3555,1,79,80,1.000000,1
Llama-3.3-70B,heldout,det_error,NC_4x4_det_2387,-,34.3750,1,79,80,1.000000,1
Llama-3.3-70B,heldout,det_error,NC_4x4_det_2405,-,-1.7500,0,14,80,0.177215,0
Llama-3.3-70B,heldout,det_error,NC_4x4_det_2415,-,6.2500,1,79,80,1.000000,1
Llama-3.3-70B,heldout,det_error,NC_4x4_det_2437,-,9.7500,1,79,80,1.000000,1
Llama-3.3-70B,heldout,det_error,NC_4x4_det_2450,-,3.0000,1,44,80,0.556962,0
Llama-3.3-70B,heldout,det_error,NC_4x4_det_2451,-,-1.0312,0,14,80,0.177215,0
Llama-3.3-70B,heldout,det_error,NC_4x4_det_2456,-,2.5000,1,78,80,0.987342,1
Llama-3.3-70B,heldout,det_error,NC_4x4_det_2516,+,5.5000,1,79,80,1.000000,1
Llama-3.3-70B,heldout,det_error,NC_4x4_det_2549,+,19.0000,1,79,80,1.000000,1
Llama-3.3-70B,heldout,det_error,NC_4x4_det_2556,-,3.2500,1,78,80,0.987342,1
Llama-3.3-70B,heldout,det_error,NC_4x4_det_2562,+,0.2500,0,63,80,0.797468,1
Llama-3.3-70B,heldout,det_error,NC_4x4_det_2574,+,4.7500,1,79,80,1.000000,1
Llama-3.3-70B,heldout,det_error,NC_4x4_det_2584,-,0.5000,0,26,80,0.329114,0
Llama-3.3-70B,heldout,det_error,NC_4x4_det_2615,+,-7.7500,0,63,80,0.797468,1
Llama-3.3-70B,heldout,det_error,NC_4x4_det_2618,+,2.2500,1,63,80,0.797468,1
Llama-3.3-70B,heldout,det_error,NC_4x4_det_2640,+,10.0000,1,79,80,1.000000,1
Llama-3.3-70B,heldout,det_error,NC_4x4_det_2643,-,0.9688,0,7,80,0.088608,0
Llama-3.3-70B,heldout,det_error,NC_4x4_det_2651,-,-3.0000,0,14,80,0.177215,0
Llama-3.3-70B,heldout,det_error,NC_4x4_det_2654,-,4.0156,1,79,80,1.000000,1
Llama-3.3-70B,heldout,det_error,NC_4x4_det_2660,-,5.0000,1,79,80,1.000000,1
Llama-3.3-70B,heldout,det_error,NC_4x4_det_2665,-,12.2500,1,79,80,1.000000,1
Llama-3.3-70B,heldout,det_error,NC_4x4_det_2674,-,28.1250,1,79,80,1.000000,1
Llama-3.3-70B,heldout,det_error,NC_4x4_det_2682,-,31.3750,1,79,80,1.000000,1
Llama-3.3-70B,heldout,det_error,NC_4x4_det_2684,+,14.2500,1,63,80,0.797468,1
Llama-3.3-70B,heldout,det_error,NC_4x4_det_2704,-,4.5000,1,79,80,1.000000,1
Llama-3.3-70B,heldout,det_error,NC_4x4_det_2705,-,5.0625,1,79,80,1.000000,1
Llama-3.3-70B,heldout,det_error,NC_4x4_det_2726,-,21.0000,1,79,80,1.000000,1
Llama-3.3-70B,heldout,det_error,NC_4x4_det_2765,-,14.5000,1,79,80,1.000000,1
Llama-3.3-70B,heldout,det_error,NC_4x4_det_2791,+,2.7500,1,71,80,0.898734,1
Llama-3.3-70B,heldout,det_correct,NC_4x4_det_052,+,21.3750,1,79,80,1.000000,1
Llama-3.3-70B,heldout,det_correct,NC_4x4_det_055,-,30.8750,1,79,80,1.000000,1
Llama-3.3-70B,heldout,det_correct,NC_4x4_det_056,-,25.0000,1,79,80,1.000000,1
Llama-3.3-70B,heldout,det_correct,NC_4x4_det_058,-,29.3750,1,79,80,1.000000,1
Llama-3.3-70B,heldout,det_correct,NC_4x4_det_061,-,30.2500,1,79,80,1.000000,1
Llama-3.3-70B,heldout,det_correct,NC_4x4_det_062,-,23.2500,1,79,80,1.000000,1
Llama-3.3-70B,heldout,det_correct,NC_4x4_det_064,+,20.8750,1,79,80,1.000000,1
Llama-3.3-70B,heldout,det_correct,NC_4x4_det_068,-,28.7500,1,79,80,1.000000,1
Llama-3.3-70B,heldout,det_correct,NC_4x4_det_070,+,19.2500,1,79,80,1.000000,1
Llama-3.3-70B,heldout,det_correct,NC_4x4_det_072,-,27.3750,1,79,80,1.000000,1
Llama-3.3-70B,heldout,det_correct,NC_4x4_det_073,-,28.2500,1,79,80,1.000000,1
Llama-3.3-70B,heldout,det_correct,NC_4x4_det_075,-,32.7500,1,79,80,1.000000,1
Llama-3.3-70B,heldout,det_correct,NC_4x4_det_076,-,29.0000,1,79,80,1.000000,1
Llama-3.3-70B,heldout,det_correct,NC_4x4_det_077,+,3.7500,1,58,80,0.734177,0
Llama-3.3-70B,heldout,det_correct,NC_4x4_det_078,+,16.6250,1,79,80,1.000000,1
Llama-3.3-70B,heldout,det_correct,NC_4x4_det_080,+,1.7500,0,63,80,0.797468,1
Llama-3.3-70B,heldout,det_correct,NC_4x4_det_081,-,27.2500,1,79,80,1.000000,1
Llama-3.3-70B,heldout,det_correct,NC_4x4_det_082,-,30.0000,1,79,80,1.000000,1
Llama-3.3-70B,heldout,det_correct,NC_4x4_det_087,-,28.1250,1,79,80,1.000000,1
Llama-3.3-70B,heldout,det_correct,NC_4x4_det_091,-,23.0000,1,79,80,1.000000,1
Llama-3.3-70B,heldout,det_correct,NC_4x4_det_093,-,27.5000,1,79,80,1.000000,1
Llama-3.3-70B,heldout,det_correct,NC_4x4_det_094,-,29.2500,1,79,80,1.000000,1
Llama-3.3-70B,heldout,det_correct,NC_4x4_det_096,-,25.2500,1,79,80,1.000000,1
Llama-3.3-70B,heldout,det_correct,NC_4x4_det_098,-,27.3750,1,79,80,1.000000,1
Llama-3.3-70B,heldout,det_correct,NC_4x4_det_102,+,23.5000,1,79,80,1.000000,1
Llama-3.3-70B,heldout,det_correct,NC_4x4_det_103,-,26.0000,1,79,80,1.000000,1
Llama-3.3-70B,heldout,det_correct,NC_4x4_det_106,-,27.3750,1,79,80,1.000000,1
Llama-3.3-70B,heldout,det_correct,NC_4x4_det_108,+,21.5000,1,79,80,1.000000,1
Llama-3.3-70B,heldout,det_correct,NC_4x4_det_109,+,21.2500,1,79,80,1.000000,1
Llama-3.3-70B,heldout,det_correct,NC_4x4_det_111,-,24.5000,1,79,80,1.000000,1
Llama-3.3-70B,heldout,det_correct,NC_4x4_det_114,+,11.0000,1,63,80,0.797468,1
Llama-3.3-70B,heldout,det_correct,NC_4x4_det_115,-,29.5000,1,79,80,1.000000,1
Llama-3.3-70B,heldout,det_correct,NC_4x4_det_116,+,23.8750,1,79,80,1.000000,1
Llama-3.3-70B,heldout,det_correct,NC_4x4_det_117,-,28.6250,1,79,80,1.000000,1
Llama-3.3-70B,heldout,det_correct,NC_4x4_det_118,-,25.7500,1,79,80,1.000000,1
Llama-3.3-70B,heldout,det_correct,NC_4x4_det_121,-,25.6250,1,79,80,1.000000,1
Llama-3.3-70B,heldout,det_correct,NC_4x4_det_122,-,25.7500,1,79,80,1.000000,1
Llama-3.3-70B,heldout,det_correct,NC_4x4_det_124,-,28.2500,1,79,80,1.000000,1
Llama-3.3-70B,heldout,det_correct,NC_4x4_det_125,+,22.7500,1,79,80,1.000000,1
Llama-3.3-70B,heldout,det_correct,NC_4x4_det_126,-,25.7500,1,79,80,1.000000,1
Llama-3.3-70B,heldout,det_correct,NC_4x4_det_127,-,24.5000,1,79,80,1.000000,1
Llama-3.3-70B,heldout,det_correct,NC_4x4_det_128,-,25.0000,1,79,80,1.000000,1
Llama-3.3-70B,heldout,det_correct,NC_4x4_det_130,-,28.1250,1,79,80,1.000000,1
Llama-3.3-70B,heldout,det_correct,NC_4x4_det_132,-,26.1250,1,79,80,1.000000,1
Llama-3.3-70B,heldout,det_correct,NC_4x4_det_135,+,21.7500,1,79,80,1.000000,1
Llama-3.3-70B,heldout,det_correct,NC_4x4_det_136,-,30.1250,1,79,80,1.000000,1
Llama-3.3-70B,heldout,det_correct,NC_4x4_det_138,-,28.6250,1,79,80,1.000000,1
Llama-3.3-70B,heldout,det_correct,NC_4x4_det_139,-,23.5000,1,79,80,1.000000,1
Llama-3.3-70B,heldout,det_correct,NC_4x4_det_142,-,27.0000,1,79,80,1.000000,1
Llama-3.3-70B,heldout,det_correct,NC_4x4_det_143,-,25.2500,1,79,80,1.000000,1
Llama-3.3-70B,heldout,det_correct,NC_4x4_det_144,-,26.3750,1,79,80,1.000000,1
Llama-3.3-70B,heldout,det_correct,NC_4x4_det_145,-,32.7500,1,79,80,1.000000,1
Llama-3.3-70B,heldout,det_correct,NC_4x4_det_149,-,25.0000,1,79,80,1.000000,1
Llama-3.3-70B,heldout,det_correct,NC_4x4_det_151,-,26.0000,1,79,80,1.000000,1
Llama-3.3-70B,heldout,det_correct,NC_4x4_det_152,+,18.7500,1,79,80,1.000000,1
Llama-3.3-70B,heldout,det_correct,NC_4x4_det_153,+,22.7500,1,79,80,1.000000,1
Llama-3.3-70B,heldout,det_correct,NC_4x4_det_155,+,0.7500,0,63,80,0.797468,1
Llama-3.3-70B,heldout,det_correct,NC_4x4_det_156,-,0.7500,0,1,80,0.012658,0
Llama-3.3-70B,heldout,det_correct,NC_4x4_det_157,+,5.5000,1,58,80,0.734177,0
Llama-3.3-70B,heldout,det_correct,NC_4x4_det_159,-,30.5000,1,79,80,1.000000,1
Llama-3.3-70B,heldout,det_correct,NC_4x4_det_160,-,22.6250,1,79,80,1.000000,1
Llama-3.3-70B,heldout,det_correct,NC_4x4_det_161,+,18.6250,1,79,80,1.000000,1
Llama-3.3-70B,heldout,det_correct,NC_4x4_det_162,-,27.5000,1,79,80,1.000000,1
Llama-3.3-70B,heldout,det_correct,NC_4x4_det_163,-,28.6250,1,79,80,1.000000,1
Llama-3.3-70B,heldout,det_correct,NC_4x4_det_164,-,29.1250,1,79,80,1.000000,1
Llama-3.3-70B,heldout,det_correct,NC_4x4_det_166,-,27.3750,1,79,80,1.000000,1
Llama-3.3-70B,heldout,det_correct,NC_4x4_det_167,-,28.3750,1,79,80,1.000000,1
Llama-3.3-70B,heldout,det_correct,NC_4x4_det_168,+,8.5000,1,58,80,0.734177,0
Llama-3.3-70B,heldout,det_correct,NC_4x4_det_169,-,27.0000,1,79,80,1.000000,1
Llama-3.3-70B,heldout,det_correct,NC_4x4_det_170,-,28.1250,1,79,80,1.000000,1
Llama-3.3-70B,heldout,det_correct,NC_4x4_det_171,-,28.7500,1,79,80,1.000000,1
Llama-3.3-70B,heldout,det_correct,NC_4x4_det_172,-,5.5000,1,78,80,0.987342,1
Llama-3.3-70B,heldout,det_correct,NC_4x4_det_173,-,30.2500,1,79,80,1.000000,1
Llama-3.3-70B,heldout,det_correct,NC_4x4_det_175,+,16.0000,1,79,80,1.000000,1
Llama-3.3-70B,heldout,det_correct,NC_4x4_det_176,-,27.5000,1,79,80,1.000000,1
Llama-3.3-70B,heldout,det_correct,NC_4x4_det_179,-,28.7500,1,79,80,1.000000,1
Llama-3.3-70B,heldout,det_correct,NC_4x4_det_183,-,27.2500,1,79,80,1.000000,1
Llama-3.3-70B,heldout,det_correct,NC_4x4_det_186,-,26.0000,1,79,80,1.000000,1
Llama-3.3-70B,heldout,det_correct,NC_4x4_det_187,-,31.2500,1,79,80,1.000000,1
Llama-3.3-70B,heldout,det_correct,NC_4x4_det_189,-,26.0000,1,79,80,1.000000,1
Llama-3.3-70B,heldout,det_correct,NC_4x4_det_192,-,26.7500,1,79,80,1.000000,1
Llama-3.3-70B,heldout,det_correct,NC_4x4_det_193,+,13.5000,1,79,80,1.000000,1
Llama-3.3-70B,heldout,det_correct,NC_4x4_det_195,+,20.7500,1,79,80,1.000000,1
Llama-3.3-70B,heldout,det_correct,NC_4x4_det_196,+,21.1250,1,79,80,1.000000,1
Llama-3.3-70B,heldout,det_correct,NC_4x4_det_197,-,30.8750,1,79,80,1.000000,1
Llama-3.3-70B,heldout,det_correct,NC_4x4_det_051,+,29.3750,1,79,80,1.000000,1
Llama-3.3-70B,heldout,det_correct,NC_4x4_det_057,-,16.5000,1,79,80,1.000000,1
Llama-3.3-70B,heldout,det_correct,NC_4x4_det_059,+,24.8750,1,79,80,1.000000,1
Llama-3.3-70B,heldout,det_correct,NC_4x4_det_060,+,32.8750,1,79,80,1.000000,1
Llama-3.3-70B,heldout,det_correct,NC_4x4_det_063,-,23.2500,1,79,80,1.000000,1
Llama-3.3-70B,heldout,det_correct,NC_4x4_det_066,+,17.2500,1,79,80,1.000000,1
Llama-3.3-70B,heldout,det_correct,NC_4x4_det_069,+,22.5000,1,79,80,1.000000,1
Llama-3.3-70B,heldout,det_correct,NC_4x4_det_071,-,20.0000,1,79,80,1.000000,1
Llama-3.3-70B,heldout,det_correct,NC_4x4_det_074,+,29.2500,1,79,80,1.000000,1
Llama-3.3-70B,heldout,det_correct,NC_4x4_det_079,-,8.7500,1,78,80,0.987342,1
Llama-3.3-70B,heldout,det_correct,NC_4x4_det_084,+,30.6250,1,79,80,1.000000,1
Llama-3.3-70B,heldout,det_correct,NC_4x4_det_085,-,18.2500,1,79,80,1.000000,1
Llama-3.3-70B,heldout,det_correct,NC_4x4_det_089,+,25.1250,1,79,80,1.000000,1
Llama-3.3-70B,heldout,det_correct,NC_4x4_det_090,+,30.5000,1,79,80,1.000000,1
Llama-3.3-70B,heldout,det_correct,NC_4x4_det_092,+,25.6250,1,79,80,1.000000,1
Llama-3.3-70B,heldout,det_correct,NC_4x4_det_097,-,25.7500,1,79,80,1.000000,1
Llama-3.3-70B,heldout,det_correct,NC_4x4_det_099,+,30.2500,1,79,80,1.000000,1
Llama-3.3-70B,heldout,det_correct,NC_4x4_det_100,+,23.1250,1,79,80,1.000000,1
Llama-3.3-70B,heldout,det_correct,NC_4x4_det_101,+,6.2500,1,60,80,0.759494,1
Llama-3.3-70B,heldout,det_correct,NC_4x4_det_104,+,29.5000,1,79,80,1.000000,1
Llama-3.3-70B,heldout,det_correct,NC_4x4_det_107,-,26.0000,1,79,80,1.000000,1
Llama-3.3-70B,heldout,det_correct,NC_4x4_det_112,+,27.7500,1,79,80,1.000000,1
Llama-3.3-70B,heldout,det_correct,NC_4x4_det_119,-,30.7500,1,79,80,1.000000,1
Llama-3.3-70B,heldout,det_correct,NC_4x4_det_120,+,31.2500,1,79,80,1.000000,1
Llama-3.3-70B,heldout,det_correct,NC_4x4_det_123,-,21.2500,1,79,80,1.000000,1
Llama-3.3-70B,heldout,det_correct,NC_4x4_det_131,+,30.5000,1,79,80,1.000000,1
Llama-3.3-70B,heldout,det_correct,NC_4x4_det_134,+,11.2500,1,77,80,0.974684,1
Llama-3.3-70B,heldout,det_correct,NC_4x4_det_140,+,31.0000,1,79,80,1.000000,1
Llama-3.3-70B,heldout,det_correct,NC_4x4_det_141,+,26.7500,1,79,80,1.000000,1
Llama-3.3-70B,heldout,det_correct,NC_4x4_det_147,+,31.0000,1,79,80,1.000000,1
Llama-3.3-70B,heldout,det_correct,NC_4x4_det_150,-,27.2500,1,79,80,1.000000,1
Llama-3.3-70B,heldout,det_correct,NC_4x4_det_174,+,6.2500,1,77,80,0.974684,1
Llama-3.3-70B,heldout,det_correct,NC_4x4_det_177,+,30.0000,1,79,80,1.000000,1
Llama-3.3-70B,heldout,det_correct,NC_4x4_det_178,+,27.2500,1,79,80,1.000000,1
Llama-3.3-70B,heldout,det_correct,NC_4x4_det_180,+,30.0000,1,79,80,1.000000,1
Llama-3.3-70B,heldout,det_correct,NC_4x4_det_181,-,16.5000,1,79,80,1.000000,1
Llama-3.3-70B,heldout,det_correct,NC_4x4_det_184,+,26.8750,1,79,80,1.000000,1
Llama-3.3-70B,heldout,det_correct,NC_4x4_det_185,+,29.5000,1,79,80,1.000000,1
Llama-3.3-70B,heldout,det_correct,NC_4x4_det_188,+,31.1250,1,79,80,1.000000,1
Llama-3.3-70B,heldout,det_correct,NC_4x4_det_190,-,26.7500,1,79,80,1.000000,1
Llama-3.3-70B,heldout,det_correct,NC_4x4_det_191,-,31.6250,1,79,80,1.000000,1
Llama-3.3-70B,heldout,det_correct,NC_4x4_det_194,+,14.5000,1,79,80,1.000000,1
Llama-3.3-70B,heldout,det_correct,NC_4x4_det_198,-,18.0000,1,79,80,1.000000,1
Llama-3.3-70B,heldout,det_correct,NC_4x4_det_199,+,29.0000,1,79,80,1.000000,1
Llama-3.3-70B,heldout,det_correct,NC_4x4_det_200,+,27.8750,1,79,80,1.000000,1
Qwen-2.5-72B,discovery,det_error,C_4x4_det_001,+,5.6250,1,77,80,0.974684,1
Qwen-2.5-72B,discovery,det_error,C_4x4_det_002,-,6.0000,1,79,80,1.000000,1
Qwen-2.5-72B,discovery,det_error,C_4x4_det_004,+,1.8750,0,74,80,0.936709,1
Qwen-2.5-72B,discovery,det_error,C_4x4_det_005,-,2.5000,1,0,80,0.000000,0
Qwen-2.5-72B,discovery,det_error,C_4x4_det_008,+,18.0000,1,77,80,0.974684,1
Qwen-2.5-72B,discovery,det_error,C_4x4_det_009,-,3.3750,1,78,80,0.987342,1
Qwen-2.5-72B,discovery,det_error,C_4x4_det_010,-,16.5000,1,79,80,1.000000,1
Qwen-2.5-72B,discovery,det_error,C_4x4_det_011,-,1.3750,0,0,80,0.000000,0
Qwen-2.5-72B,discovery,det_error,C_4x4_det_014,+,15.6250,1,77,80,0.974684,1
Qwen-2.5-72B,discovery,det_error,C_4x4_det_017,+,15.0000,1,77,80,0.974684,1
Qwen-2.5-72B,discovery,det_error,C_4x4_det_023,+,4.6250,1,74,80,0.936709,1
Qwen-2.5-72B,discovery,det_error,C_4x4_det_024,+,6.2500,1,72,80,0.911392,1
Qwen-2.5-72B,discovery,det_error,C_4x4_det_026,+,4.8750,1,72,80,0.911392,1
Qwen-2.5-72B,discovery,det_error,C_4x4_det_027,-,0.7500,0,0,80,0.000000,0
Qwen-2.5-72B,discovery,det_error,C_4x4_det_030,-,3.5000,1,0,80,0.000000,0
Qwen-2.5-72B,discovery,det_error,C_4x4_det_031,+,6.6250,1,72,80,0.911392,1
Qwen-2.5-72B,discovery,det_error,C_4x4_det_032,-,2.6250,1,78,80,0.987342,1
Qwen-2.5-72B,discovery,det_error,C_4x4_det_035,+,3.6250,1,72,80,0.911392,1
Qwen-2.5-72B,discovery,det_error,C_4x4_det_039,+,0.6250,0,71,80,0.898734,1
Qwen-2.5-72B,discovery,det_error,C_4x4_det_040,+,-0.3750,0,71,80,0.898734,1
Qwen-2.5-72B,discovery,det_error,C_4x4_det_042,-,1.8750,0,0,80,0.000000,0
Qwen-2.5-72B,discovery,det_error,C_4x4_det_047,-,12.5000,1,79,80,1.000000,1
Qwen-2.5-72B,discovery,det_error,C_4x4_det_048,+,12.6250,1,77,80,0.974684,1
Qwen-2.5-72B,discovery,det_error,NC_4x4_det_001,+,7.0000,1,72,80,0.911392,1
Qwen-2.5-72B,discovery,det_error,NC_4x4_det_009,+,0.5000,0,71,80,0.898734,1
Qwen-2.5-72B,discovery,det_error,NC_4x4_det_010,+,-0.6250,0,71,80,0.898734,1
Qwen-2.5-72B,discovery,det_error,NC_4x4_det_011,-,5.2500,1,79,80,1.000000,1
Qwen-2.5-72B,discovery,det_error,NC_4x4_det_018,+,1.3750,0,74,80,0.936709,1
Qwen-2.5-72B,discovery,det_error,NC_4x4_det_024,-,2.0000,1,0,80,0.000000,0
Qwen-2.5-72B,discovery,det_error,NC_4x4_det_028,+,1.0000,0,71,80,0.898734,1
Qwen-2.5-72B,discovery,det_error,NC_4x4_det_029,-,12.0000,1,79,80,1.000000,1
Qwen-2.5-72B,discovery,det_error,NC_4x4_det_036,+,2.8750,1,72,80,0.911392,1
Qwen-2.5-72B,discovery,det_error,NC_4x4_det_038,+,8.3750,1,77,80,0.974684,1
Qwen-2.5-72B,discovery,det_error,NC_4x4_det_043,-,0.3750,0,0,80,0.000000,0
Qwen-2.5-72B,discovery,det_error,NC_4x4_det_047,-,5.2500,1,79,80,1.000000,1
Qwen-2.5-72B,discovery,det_error,NC_4x4_det_066,+,4.7500,1,77,80,0.974684,1
Qwen-2.5-72B,discovery,det_error,NC_4x4_det_071,+,16.8750,1,77,80,0.974684,1
Qwen-2.5-72B,discovery,det_error,NC_4x4_det_080,-,-0.2500,0,0,80,0.000000,0
Qwen-2.5-72B,discovery,det_error,NC_4x4_det_086,+,17.6875,1,77,80,0.974684,1
Qwen-2.5-72B,discovery,det_error,NC_4x4_det_089,+,3.1250,1,74,80,0.936709,1
Qwen-2.5-72B,discovery,det_error,NC_4x4_det_098,-,7.0000,1,78,80,0.987342,1
Qwen-2.5-72B,discovery,det_error,NC_4x4_det_100,-,7.8750,1,79,80,1.000000,1
Qwen-2.5-72B,discovery,det_error,NC_4x4_det_101,-,1.5000,0,78,80,0.987342,1
Qwen-2.5-72B,discovery,det_error,NC_4x4_det_103,+,7.8750,1,77,80,0.974684,1
Qwen-2.5-72B,discovery,det_error,NC_4x4_det_105,-,2.1250,1,0,80,0.000000,0
Qwen-2.5-72B,discovery,det_error,NC_4x4_det_110,-,3.5000,1,0,80,0.000000,0
Qwen-2.5-72B,discovery,det_error,NC_4x4_det_117,-,3.2500,1,0,80,0.000000,0
Qwen-2.5-72B,discovery,det_error,NC_4x4_det_123,+,0.1250,0,57,80,0.721519,0
Qwen-2.5-72B,discovery,det_error,NC_4x4_det_165,-,10.8750,1,79,80,1.000000,1
Qwen-2.5-72B,discovery,det_error,NC_4x4_det_166,+,4.3750,1,72,80,0.911392,1
Qwen-2.5-72B,discovery,det_error,NC_4x4_det_172,-,10.1250,1,79,80,1.000000,1
Qwen-2.5-72B,discovery,det_error,NC_4x4_det_179,-,3.8750,1,0,80,0.000000,0
Qwen-2.5-72B,discovery,det_error,NC_4x4_det_183,+,16.3750,1,77,80,0.974684,1
Qwen-2.5-72B,discovery,det_error,NC_4x4_det_185,-,2.1250,1,0,80,0.000000,0
Qwen-2.5-72B,discovery,det_error,NC_4x4_det_189,-,1.0000,0,0,80,0.000000,0
Qwen-2.5-72B,discovery,det_error,NC_4x4_det_190,-,1.7500,0,0,80,0.000000,0
Qwen-2.5-72B,discovery,det_error,NC_4x4_det_192,-,4.7500,1,79,80,1.000000,1
Qwen-2.5-72B,discovery,det_error,NC_4x4_det_194,+,2.5000,1,74,80,0.936709,1
Qwen-2.5-72B,discovery,det_error,NC_4x4_det_198,+,16.7500,1,77,80,0.974684,1
Qwen-2.5-72B,discovery,det_correct,C_4x4_det_003,-,0.7500,0,0,80,0.000000,0
Qwen-2.5-72B,discovery,det_correct,C_4x4_det_006,-,5.0000,1,78,80,0.987342,1
Qwen-2.5-72B,discovery,det_correct,C_4x4_det_013,-,8.3750,1,77,80,0.974684,1
Qwen-2.5-72B,discovery,det_correct,C_4x4_det_019,-,6.7500,1,77,80,0.974684,1
Qwen-2.5-72B,discovery,det_correct,C_4x4_det_020,-,0.1250,0,0,80,0.000000,0
Qwen-2.5-72B,discovery,det_correct,C_4x4_det_021,-,2.7500,1,0,80,0.000000,0
Qwen-2.5-72B,discovery,det_correct,C_4x4_det_022,+,-0.7500,0,59,80,0.746835,0
Qwen-2.5-72B,discovery,det_correct,C_4x4_det_025,-,1.6250,0,0,80,0.000000,0
Qwen-2.5-72B,discovery,det_correct,C_4x4_det_032,-,6.0000,1,78,80,0.987342,1
Qwen-2.5-72B,discovery,det_correct,C_4x4_det_033,+,9.1250,1,72,80,0.911392,1
Qwen-2.5-72B,discovery,det_correct,C_4x4_det_034,+,1.6250,0,72,80,0.911392,1
Qwen-2.5-72B,discovery,det_correct,C_4x4_det_036,+,0.7500,0,66,80,0.835443,1
Qwen-2.5-72B,discovery,det_correct,C_4x4_det_045,-,7.7500,1,77,80,0.974684,1
Qwen-2.5-72B,discovery,det_correct,C_4x4_det_046,-,8.6250,1,77,80,0.974684,1
Qwen-2.5-72B,discovery,det_correct,NC_4x4_det_003,+,9.7500,1,72,80,0.911392,1
Qwen-2.5-72B,discovery,det_correct,NC_4x4_det_004,-,3.8750,1,78,80,0.987342,1
Qwen-2.5-72B,discovery,det_correct,NC_4x4_det_006,+,0.8750,0,73,80,0.924051,1
Qwen-2.5-72B,discovery,det_correct,NC_4x4_det_015,-,7.5000,1,77,80,0.974684,1
Qwen-2.5-72B,discovery,det_correct,NC_4x4_det_021,-,6.5000,1,79,80,1.000000,1
Qwen-2.5-72B,discovery,det_correct,NC_4x4_det_032,+,5.1250,1,72,80,0.911392,1
Qwen-2.5-72B,discovery,det_correct,NC_4x4_det_033,-,7.7500,1,77,80,0.974684,1
Qwen-2.5-72B,discovery,det_correct,NC_4x4_det_037,-,3.7500,1,78,80,0.987342,1
Qwen-2.5-72B,discovery,det_correct,NC_4x4_det_039,-,3.3750,1,0,80,0.000000,0
Qwen-2.5-72B,discovery,det_correct,NC_4x4_det_040,+,4.5000,1,72,80,0.911392,1
Qwen-2.5-72B,discovery,det_correct,NC_4x4_det_041,-,6.0000,1,78,80,0.987342,1
Qwen-2.5-72B,discovery,det_correct,NC_4x4_det_046,-,1.2500,0,0,80,0.000000,0
Qwen-2.5-72B,discovery,det_correct,NC_4x4_det_054,+,2.1250,1,74,80,0.936709,1
Qwen-2.5-72B,discovery,det_correct,NC_4x4_det_056,-,3.8750,1,75,80,0.949367,1
Qwen-2.5-72B,discovery,det_correct,NC_4x4_det_060,-,1.7500,0,0,80,0.000000,0
Qwen-2.5-72B,discovery,det_correct,NC_4x4_det_062,-,6.3750,1,77,80,0.974684,1
Qwen-2.5-72B,discovery,det_correct,NC_4x4_det_064,+,0.6250,0,73,80,0.924051,1
Qwen-2.5-72B,discovery,det_correct,NC_4x4_det_065,-,1.8750,0,0,80,0.000000,0
Qwen-2.5-72B,discovery,det_correct,NC_4x4_det_076,-,2.3750,1,78,80,0.987342,1
Qwen-2.5-72B,discovery,det_correct,NC_4x4_det_077,-,4.8750,1,78,80,0.987342,1
Qwen-2.5-72B,discovery,det_correct,NC_4x4_det_082,-,0.7500,0,0,80,0.000000,0
Qwen-2.5-72B,discovery,det_correct,NC_4x4_det_083,+,6.6250,1,72,80,0.911392,1
Qwen-2.5-72B,discovery,det_correct,NC_4x4_det_085,-,1.5000,0,0,80,0.000000,0
Qwen-2.5-72B,discovery,det_correct,NC_4x4_det_088,-,8.6250,1,77,80,0.974684,1
Qwen-2.5-72B,discovery,det_correct,NC_4x4_det_090,-,7.5000,1,77,80,0.974684,1
Qwen-2.5-72B,discovery,det_correct,NC_4x4_det_094,-,6.3750,1,77,80,0.974684,1
Qwen-2.5-72B,discovery,det_correct,NC_4x4_det_095,-,6.2500,1,79,80,1.000000,1
Qwen-2.5-72B,discovery,det_correct,NC_4x4_det_107,-,0.7500,0,0,80,0.000000,0
Qwen-2.5-72B,discovery,det_correct,NC_4x4_det_164,-,1.7500,0,0,80,0.000000,0
Qwen-2.5-72B,discovery,det_correct,NC_4x4_det_168,-,8.5000,1,77,80,0.974684,1
Qwen-2.5-72B,discovery,det_correct,NC_4x4_det_178,-,5.3750,1,78,80,0.987342,1
Qwen-2.5-72B,discovery,det_correct,NC_4x4_det_197,-,10.1250,1,77,80,0.974684,1
Qwen-2.5-72B,discovery,det_correct,NC_4x4_det_026,-,3.5000,1,0,80,0.000000,0
Qwen-2.5-72B,heldout,det_error,NC_4x4_det_201,-,2.6250,1,0,80,0.000000,0
Qwen-2.5-72B,heldout,det_error,NC_4x4_det_202,+,2.0000,1,71,80,0.898734,1
Qwen-2.5-72B,heldout,det_error,NC_4x4_det_203,+,4.5000,1,72,80,0.911392,1
Qwen-2.5-72B,heldout,det_error,NC_4x4_det_204,+,1.1250,0,68,80,0.860759,1
Qwen-2.5-72B,heldout,det_error,NC_4x4_det_205,-,12.7500,1,79,80,1.000000,1
Qwen-2.5-72B,heldout,det_error,NC_4x4_det_207,-,15.1250,1,79,80,1.000000,1
Qwen-2.5-72B,heldout,det_error,NC_4x4_det_209,-,1.8750,0,0,80,0.000000,0
Qwen-2.5-72B,heldout,det_error,NC_4x4_det_210,-,1.8750,0,0,80,0.000000,0
Qwen-2.5-72B,heldout,det_error,NC_4x4_det_211,+,3.5000,1,72,80,0.911392,1
Qwen-2.5-72B,heldout,det_error,NC_4x4_det_213,+,7.2500,1,77,80,0.974684,1
Qwen-2.5-72B,heldout,det_error,NC_4x4_det_214,-,1.7500,0,0,80,0.000000,0
Qwen-2.5-72B,heldout,det_error,NC_4x4_det_217,-,7.5000,1,79,80,1.000000,1
Qwen-2.5-72B,heldout,det_error,NC_4x4_det_218,-,26.7500,1,79,80,1.000000,1
Qwen-2.5-72B,heldout,det_error,NC_4x4_det_220,-,1.6250,0,0,80,0.000000,0
Qwen-2.5-72B,heldout,det_error,NC_4x4_det_221,+,3.3750,1,74,80,0.936709,1
Qwen-2.5-72B,heldout,det_error,NC_4x4_det_222,-,3.7500,1,0,80,0.000000,0
Qwen-2.5-72B,heldout,det_error,NC_4x4_det_223,+,0.7500,0,68,80,0.860759,1
Qwen-2.5-72B,heldout,det_error,NC_4x4_det_226,+,15.7500,1,77,80,0.974684,1
Qwen-2.5-72B,heldout,det_error,NC_4x4_det_228,-,1.5000,0,0,80,0.000000,0
Qwen-2.5-72B,heldout,det_error,NC_4x4_det_229,-,4.5000,1,0,80,0.000000,0
Qwen-2.5-72B,heldout,det_error,NC_4x4_det_230,+,3.5000,1,74,80,0.936709,1
Qwen-2.5-72B,heldout,det_error,NC_4x4_det_231,+,16.3750,1,77,80,0.974684,1
Qwen-2.5-72B,heldout,det_error,NC_4x4_det_232,-,0.8750,0,0,80,0.000000,0
Qwen-2.5-72B,heldout,det_error,NC_4x4_det_235,+,0.8750,0,71,80,0.898734,1
Qwen-2.5-72B,heldout,det_error,NC_4x4_det_239,+,15.0000,1,77,80,0.974684,1
Qwen-2.5-72B,heldout,det_error,NC_4x4_det_241,-,1.6250,0,0,80,0.000000,0
Qwen-2.5-72B,heldout,det_error,NC_4x4_det_242,+,6.3750,1,77,80,0.974684,1
Qwen-2.5-72B,heldout,det_error,NC_4x4_det_245,-,2.6250,1,0,80,0.000000,0
Qwen-2.5-72B,heldout,det_error,NC_4x4_det_246,-,0.6250,0,0,80,0.000000,0
Qwen-2.5-72B,heldout,det_error,NC_4x4_det_247,-,1.8750,0,0,80,0.000000,0
Qwen-2.5-72B,heldout,det_error,NC_4x4_det_248,-,7.8750,1,79,80,1.000000,1
Qwen-2.5-72B,heldout,det_error,NC_4x4_det_252,+,-1.2500,0,55,80,0.696203,0
Qwen-2.5-72B,heldout,det_error,NC_4x4_det_253,+,0.7500,0,71,80,0.898734,1
Qwen-2.5-72B,heldout,det_error,NC_4x4_det_254,-,2.3750,1,0,80,0.000000,0
Qwen-2.5-72B,heldout,det_error,NC_4x4_det_256,+,0.1250,0,54,80,0.683544,0
Qwen-2.5-72B,heldout,det_error,NC_4x4_det_257,-,1.5000,0,0,80,0.000000,0
Qwen-2.5-72B,heldout,det_error,NC_4x4_det_258,+,1.5000,0,68,80,0.860759,1
Qwen-2.5-72B,heldout,det_error,NC_4x4_det_259,-,2.0000,1,0,80,0.000000,0
Qwen-2.5-72B,heldout,det_error,NC_4x4_det_263,-,1.7500,0,0,80,0.000000,0
Qwen-2.5-72B,heldout,det_error,NC_4x4_det_264,-,4.0000,1,0,80,0.000000,0
Qwen-2.5-72B,heldout,det_error,NC_4x4_det_265,-,2.2500,1,0,80,0.000000,0
Qwen-2.5-72B,heldout,det_error,NC_4x4_det_266,+,3.1250,1,72,80,0.911392,1
Qwen-2.5-72B,heldout,det_error,NC_4x4_det_267,-,2.6250,1,0,80,0.000000,0
Qwen-2.5-72B,heldout,det_error,NC_4x4_det_268,+,5.2500,1,77,80,0.974684,1
Qwen-2.5-72B,heldout,det_error,NC_4x4_det_269,-,9.1250,1,79,80,1.000000,1
Qwen-2.5-72B,heldout,det_error,NC_4x4_det_270,-,3.2500,1,0,80,0.000000,0
Qwen-2.5-72B,heldout,det_error,NC_4x4_det_273,-,5.6250,1,78,80,0.987342,1
Qwen-2.5-72B,heldout,det_error,NC_4x4_det_275,+,6.8750,1,77,80,0.974684,1
Qwen-2.5-72B,heldout,det_error,NC_4x4_det_276,-,6.5000,1,79,80,1.000000,1
Qwen-2.5-72B,heldout,det_error,NC_4x4_det_277,+,9.1250,1,77,80,0.974684,1
Qwen-2.5-72B,heldout,det_error,NC_4x4_det_278,+,14.6250,1,77,80,0.974684,1
Qwen-2.5-72B,heldout,det_error,NC_4x4_det_279,+,1.0000,0,60,80,0.759494,1
Qwen-2.5-72B,heldout,det_error,NC_4x4_det_280,-,7.0000,1,79,80,1.000000,1
Qwen-2.5-72B,heldout,det_error,NC_4x4_det_281,-,5.8750,1,79,80,1.000000,1
Qwen-2.5-72B,heldout,det_error,NC_4x4_det_282,-,11.0000,1,79,80,1.000000,1
Qwen-2.5-72B,heldout,det_error,NC_4x4_det_283,+,2.6250,1,74,80,0.936709,1
Qwen-2.5-72B,heldout,det_error,NC_4x4_det_284,+,4.3750,1,77,80,0.974684,1
Qwen-2.5-72B,heldout,det_error,NC_4x4_det_286,-,1.2500,0,0,80,0.000000,0
Qwen-2.5-72B,heldout,det_error,NC_4x4_det_287,-,1.8750,0,0,80,0.000000,0
Qwen-2.5-72B,heldout,det_error,NC_4x4_det_289,+,2.6250,1,72,80,0.911392,1
Qwen-2.5-72B,heldout,det_error,NC_4x4_det_290,-,0.5000,0,0,80,0.000000,0
Qwen-2.5-72B,heldout,det_error,NC_4x4_det_291,+,2.2500,1,72,80,0.911392,1
Qwen-2.5-72B,heldout,det_error,NC_4x4_det_292,+,3.0000,1,72,80,0.911392,1
Qwen-2.5-72B,heldout,det_error,NC_4x4_det_293,+,0.2500,0,59,80,0.746835,0
Qwen-2.5-72B,heldout,det_error,NC_4x4_det_295,-,6.5000,1,79,80,1.000000,1
Qwen-2.5-72B,heldout,det_error,NC_4x4_det_296,+,13.8750,1,77,80,0.974684,1
Qwen-2.5-72B,heldout,det_error,NC_4x4_det_297,-,15.8125,1,77,80,0.974684,1
Qwen-2.5-72B,heldout,det_error,NC_4x4_det_298,+,0.0000,0,59,80,0.746835,0
Qwen-2.5-72B,heldout,det_error,NC_4x4_det_299,-,17.0000,1,79,80,1.000000,1
Qwen-2.5-72B,heldout,det_error,NC_4x4_det_301,-,4.5000,1,0,80,0.000000,0
Qwen-2.5-72B,heldout,det_error,NC_4x4_det_303,-,1.8750,0,0,80,0.000000,0
Qwen-2.5-72B,heldout,det_error,NC_4x4_det_305,-,2.5000,1,0,80,0.000000,0
Qwen-2.5-72B,heldout,det_error,NC_4x4_det_306,+,0.3750,0,59,80,0.746835,0
Qwen-2.5-72B,heldout,det_error,NC_4x4_det_307,+,9.2500,1,77,80,0.974684,1
Qwen-2.5-72B,heldout,det_error,NC_4x4_det_309,+,4.2500,1,72,80,0.911392,1
Qwen-2.5-72B,heldout,det_error,NC_4x4_det_311,+,15.7500,1,77,80,0.974684,1
Qwen-2.5-72B,heldout,det_error,NC_4x4_det_312,-,4.3750,1,0,80,0.000000,0
Qwen-2.5-72B,heldout,det_error,NC_4x4_det_313,+,16.3750,1,77,80,0.974684,1
Qwen-2.5-72B,heldout,det_error,NC_4x4_det_317,+,16.2500,1,77,80,0.974684,1
Qwen-2.5-72B,heldout,det_error,NC_4x4_det_320,+,0.6250,0,71,80,0.898734,1
Qwen-2.5-72B,heldout,det_error,NC_4x4_det_324,+,1.6250,0,71,80,0.898734,1
Qwen-2.5-72B,heldout,det_error,NC_4x4_det_328,-,5.0000,1,78,80,0.987342,1
Qwen-2.5-72B,heldout,det_error,NC_4x4_det_333,+,-0.2500,0,74,80,0.936709,1
Qwen-2.5-72B,heldout,det_error,NC_4x4_det_334,+,2.6250,1,72,80,0.911392,1
Qwen-2.5-72B,heldout,det_error,NC_4x4_det_335,+,2.1250,1,71,80,0.898734,1
Qwen-2.5-72B,heldout,det_error,NC_4x4_det_336,+,5.7500,1,72,80,0.911392,1
Qwen-2.5-72B,heldout,det_error,NC_4x4_det_339,+,15.7500,1,77,80,0.974684,1
Qwen-2.5-72B,heldout,det_error,NC_4x4_det_340,-,7.2500,1,79,80,1.000000,1
Qwen-2.5-72B,heldout,det_error,NC_4x4_det_341,-,2.6250,1,0,80,0.000000,0
Qwen-2.5-72B,heldout,det_error,NC_4x4_det_342,-,1.8750,0,0,80,0.000000,0
Qwen-2.5-72B,heldout,det_error,NC_4x4_det_344,+,12.1250,1,77,80,0.974684,1
Qwen-2.5-72B,heldout,det_error,NC_4x4_det_346,+,4.6250,1,74,80,0.936709,1
Qwen-2.5-72B,heldout,det_error,NC_4x4_det_347,+,16.1250,1,77,80,0.974684,1
Qwen-2.5-72B,heldout,det_error,NC_4x4_det_348,-,1.8750,0,0,80,0.000000,0
Qwen-2.5-72B,heldout,det_error,NC_4x4_det_349,+,4.6250,1,74,80,0.936709,1
Qwen-2.5-72B,heldout,det_error,NC_4x4_det_350,-,1.2500,0,0,80,0.000000,0
Qwen-2.5-72B,heldout,det_error,NC_4x4_det_351,+,0.0000,0,59,80,0.746835,0
Qwen-2.5-72B,heldout,det_error,NC_4x4_det_354,-,0.0000,0,0,80,0.000000,0
Qwen-2.5-72B,heldout,det_error,NC_4x4_det_355,-,1.7500,0,0,80,0.000000,0
Qwen-2.5-72B,heldout,det_error,NC_4x4_det_356,+,13.8750,1,77,80,0.974684,1
Qwen-2.5-72B,heldout,det_error,NC_4x4_det_359,+,1.3750,0,68,80,0.860759,1
Qwen-2.5-72B,heldout,det_error,NC_4x4_det_360,-,1.5000,0,0,80,0.000000,0
Qwen-2.5-72B,heldout,det_error,NC_4x4_det_361,+,-0.3750,0,59,80,0.746835,0
Qwen-2.5-72B,heldout,det_error,NC_4x4_det_362,-,2.6250,1,0,80,0.000000,0
Qwen-2.5-72B,heldout,det_error,NC_4x4_det_364,+,3.0000,1,74,80,0.936709,1
Qwen-2.5-72B,heldout,det_error,NC_4x4_det_365,+,8.6250,1,77,80,0.974684,1
Qwen-2.5-72B,heldout,det_error,NC_4x4_det_367,+,3.3750,1,72,80,0.911392,1
Qwen-2.5-72B,heldout,det_error,NC_4x4_det_368,+,8.5000,1,77,80,0.974684,1
Qwen-2.5-72B,heldout,det_error,NC_4x4_det_369,-,2.1250,1,0,80,0.000000,0
Qwen-2.5-72B,heldout,det_error,NC_4x4_det_370,+,14.6250,1,77,80,0.974684,1
Qwen-2.5-72B,heldout,det_error,NC_4x4_det_371,+,4.7500,1,72,80,0.911392,1
Qwen-2.5-72B,heldout,det_error,NC_4x4_det_372,-,1.5000,0,0,80,0.000000,0
Qwen-2.5-72B,heldout,det_error,NC_4x4_det_373,-,9.6250,1,79,80,1.000000,1
Qwen-2.5-72B,heldout,det_error,NC_4x4_det_374,+,4.1250,1,74,80,0.936709,1
Qwen-2.5-72B,heldout,det_error,NC_4x4_det_375,-,4.2500,1,0,80,0.000000,0
Qwen-2.5-72B,heldout,det_error,NC_4x4_det_376,+,0.5000,0,59,80,0.746835,0
Qwen-2.5-72B,heldout,det_error,NC_4x4_det_377,-,6.2500,1,78,80,0.987342,1
Qwen-2.5-72B,heldout,det_error,NC_4x4_det_378,-,1.8750,0,0,80,0.000000,0
Qwen-2.5-72B,heldout,det_error,NC_4x4_det_380,-,6.8750,1,79,80,1.000000,1
Qwen-2.5-72B,heldout,det_error,NC_4x4_det_383,+,17.7500,1,77,80,0.974684,1
Qwen-2.5-72B,heldout,det_error,NC_4x4_det_384,-,14.6250,1,79,80,1.000000,1
Qwen-2.5-72B,heldout,det_error,NC_4x4_det_385,-,6.1250,1,78,80,0.987342,1
Qwen-2.5-72B,heldout,det_error,NC_4x4_det_386,+,5.8750,1,77,80,0.974684,1
Qwen-2.5-72B,heldout,det_error,NC_4x4_det_389,-,11.0000,1,79,80,1.000000,1
Qwen-2.5-72B,heldout,det_error,NC_4x4_det_390,+,1.0000,0,72,80,0.911392,1
Qwen-2.5-72B,heldout,det_error,NC_4x4_det_391,+,4.8750,1,77,80,0.974684,1
Qwen-2.5-72B,heldout,det_error,NC_4x4_det_392,-,2.5000,1,0,80,0.000000,0
Qwen-2.5-72B,heldout,det_error,NC_4x4_det_394,+,2.8750,1,72,80,0.911392,1
Qwen-2.5-72B,heldout,det_error,NC_4x4_det_395,-,2.0000,1,0,80,0.000000,0
Qwen-2.5-72B,heldout,det_error,NC_4x4_det_396,+,7.0000,1,72,80,0.911392,1
Qwen-2.5-72B,heldout,det_error,NC_4x4_det_397,-,1.3750,0,0,80,0.000000,0
Qwen-2.5-72B,heldout,det_error,NC_4x4_det_399,+,1.5000,0,68,80,0.860759,1
Qwen-2.5-72B,heldout,det_error,NC_4x4_det_404,-,7.5000,1,79,80,1.000000,1
Qwen-2.5-72B,heldout,det_error,NC_4x4_det_413,+,1.6250,0,77,80,0.974684,1
Qwen-2.5-72B,heldout,det_error,NC_4x4_det_418,+,1.7500,0,72,80,0.911392,1
Qwen-2.5-72B,heldout,det_error,NC_4x4_det_420,-,2.7500,1,0,80,0.000000,0
Qwen-2.5-72B,heldout,det_error,NC_4x4_det_424,-,8.3750,1,79,80,1.000000,1
Qwen-2.5-72B,heldout,det_error,NC_4x4_det_426,-,1.5000,0,0,80,0.000000,0
Qwen-2.5-72B,heldout,det_error,NC_4x4_det_427,+,1.1250,0,71,80,0.898734,1
Qwen-2.5-72B,heldout,det_error,NC_4x4_det_428,-,1.7500,0,0,80,0.000000,0
Qwen-2.5-72B,heldout,det_error,NC_4x4_det_429,+,1.6250,0,61,80,0.772152,1
Qwen-2.5-72B,heldout,det_error,NC_4x4_det_430,+,0.0000,0,59,80,0.746835,0
Qwen-2.5-72B,heldout,det_error,NC_4x4_det_431,+,19.6250,1,77,80,0.974684,1
Qwen-2.5-72B,heldout,det_error,NC_4x4_det_433,-,1.3750,0,0,80,0.000000,0
Qwen-2.5-72B,heldout,det_error,NC_4x4_det_434,-,1.6250,0,0,80,0.000000,0
Qwen-2.5-72B,heldout,det_error,NC_4x4_det_435,-,13.7500,1,79,80,1.000000,1
Qwen-2.5-72B,heldout,det_error,NC_4x4_det_436,+,3.3750,1,72,80,0.911392,1
Qwen-2.5-72B,heldout,det_correct,GEN_4x4_det_0002,-,2.2500,1,0,80,0.000000,0
Qwen-2.5-72B,heldout,det_correct,GEN_4x4_det_0004,-,7.2500,1,77,80,0.974684,1
Qwen-2.5-72B,heldout,det_correct,GEN_4x4_det_0005,-,1.7500,0,0,80,0.000000,0
Qwen-2.5-72B,heldout,det_correct,GEN_4x4_det_0009,-,7.7500,1,77,80,0.974684,1
Qwen-2.5-72B,heldout,det_correct,GEN_4x4_det_0013,-,5.3750,1,77,80,0.974684,1
Qwen-2.5-72B,heldout,det_correct,GEN_4x4_det_0019,+,6.1250,1,72,80,0.911392,1
Qwen-2.5-72B,heldout,det_correct,GEN_4x4_det_0027,-,5.0000,1,78,80,0.987342,1
Qwen-2.5-72B,heldout,det_correct,GEN_4x4_det_0028,-,6.1250,1,77,80,0.974684,1
Qwen-2.5-72B,heldout,det_correct,GEN_4x4_det_0036,-,2.2500,1,0,80,0.000000,0
Qwen-2.5-72B,heldout,det_correct,GEN_4x4_det_0039,-,7.2500,1,77,80,0.974684,1
Qwen-2.5-72B,heldout,det_correct,GEN_4x4_det_0041,-,6.6250,1,77,80,0.974684,1
Qwen-2.5-72B,heldout,det_correct,GEN_4x4_det_0055,-,7.2500,1,77,80,0.974684,1
Qwen-2.5-72B,heldout,det_correct,GEN_4x4_det_0057,-,1.0000,0,0,80,0.000000,0
Qwen-2.5-72B,heldout,det_correct,GEN_4x4_det_0058,-,0.6250,0,0,80,0.000000,0
Qwen-2.5-72B,heldout,det_correct,GEN_4x4_det_0070,+,0.8750,0,74,80,0.936709,1
Qwen-2.5-72B,heldout,det_correct,GEN_4x4_det_0072,-,4.5000,1,78,80,0.987342,1
Qwen-2.5-72B,heldout,det_correct,GEN_4x4_det_0074,-,6.8750,1,77,80,0.974684,1
Qwen-2.5-72B,heldout,det_correct,GEN_4x4_det_0077,-,4.2500,1,78,80,0.987342,1
Qwen-2.5-72B,heldout,det_correct,GEN_4x4_det_0098,-,3.3750,1,78,80,0.987342,1
Qwen-2.5-72B,heldout,det_correct,GEN_4x4_det_0110,-,1.5000,0,0,80,0.000000,0
Qwen-2.5-72B,heldout,det_correct,GEN_4x4_det_0108,-,8.0000,1,77,80,0.974684,1
Qwen-2.5-72B,heldout,det_correct,GEN_4x4_det_0126,-,5.5000,1,78,80,0.987342,1
Qwen-2.5-72B,heldout,det_correct,GEN_4x4_det_0159,+,13.8125,1,77,80,0.974684,1
Qwen-2.5-72B,heldout,det_correct,GEN_4x4_det_0161,-,4.6250,1,78,80,0.987342,1
Qwen-2.5-72B,heldout,det_correct,GEN_4x4_det_0167,-,2.1250,1,0,80,0.000000,0
Qwen-2.5-72B,heldout,det_correct,GEN_4x4_det_0166,+,2.0000,1,74,80,0.936709,1
Qwen-2.5-72B,heldout,det_correct,GEN_4x4_det_0170,-,3.7500,1,75,80,0.949367,1
Qwen-2.5-72B,heldout,det_correct,GEN_4x4_det_0168,+,5.8750,1,72,80,0.911392,1
Qwen-2.5-72B,heldout,det_correct,GEN_4x4_det_0169,-,7.6250,1,77,80,0.974684,1
Qwen-2.5-72B,heldout,det_correct,GEN_4x4_det_0174,-,4.1250,1,78,80,0.987342,1
Qwen-2.5-72B,heldout,det_correct,GEN_4x4_det_0173,-,7.1250,1,77,80,0.974684,1
Qwen-2.5-72B,heldout,det_correct,GEN_4x4_det_0172,-,4.3750,1,78,80,0.987342,1
Qwen-2.5-72B,heldout,det_correct,GEN_4x4_det_0178,-,0.6250,0,0,80,0.000000,0
Qwen-2.5-72B,heldout,det_correct,GEN_4x4_det_0183,-,0.7500,0,0,80,0.000000,0
Qwen-2.5-72B,heldout,det_correct,GEN_4x4_det_0187,-,3.2500,1,0,80,0.000000,0
Qwen-2.5-72B,heldout,det_correct,GEN_4x4_det_0197,-,0.5000,0,0,80,0.000000,0
Qwen-2.5-72B,heldout,det_correct,GEN_4x4_det_0192,-,4.8750,1,78,80,0.987342,1
Qwen-2.5-72B,heldout,det_correct,GEN_4x4_det_0196,-,5.0000,1,78,80,0.987342,1
Qwen-2.5-72B,heldout,det_correct,GEN_4x4_det_0199,-,7.1250,1,77,80,0.974684,1
Qwen-2.5-72B,heldout,det_correct,GEN_4x4_det_0202,-,1.7500,0,0,80,0.000000,0
Qwen-2.5-72B,heldout,det_correct,GEN_4x4_det_0205,-,5.2500,1,78,80,0.987342,1
Qwen-2.5-72B,heldout,det_correct,GEN_4x4_det_0211,+,8.0000,1,77,80,0.974684,1
Qwen-2.5-72B,heldout,det_correct,GEN_4x4_det_0210,-,4.8750,1,78,80,0.987342,1
Qwen-2.5-72B,heldout,det_correct,GEN_4x4_det_0212,-,5.3750,1,78,80,0.987342,1
Qwen-2.5-72B,heldout,det_correct,GEN_4x4_det_0228,-,1.1250,0,0,80,0.000000,0
Qwen-2.5-72B,heldout,det_correct,GEN_4x4_det_0233,-,5.2500,1,78,80,0.987342,1
Qwen-2.5-72B,heldout,det_correct,GEN_4x4_det_0237,-,3.8750,1,78,80,0.987342,1
Qwen-2.5-72B,heldout,det_correct,GEN_4x4_det_0243,-,2.5000,1,0,80,0.000000,0
Qwen-2.5-72B,heldout,det_correct,GEN_4x4_det_0247,+,4.8750,1,72,80,0.911392,1
Qwen-2.5-72B,heldout,det_correct,GEN_4x4_det_0239,+,1.5000,0,72,80,0.911392,1
Qwen-2.5-72B,heldout,det_correct,GEN_4x4_det_0245,-,8.0000,1,77,80,0.974684,1
Qwen-2.5-72B,heldout,det_correct,GEN_4x4_det_0249,-,6.2500,1,77,80,0.974684,1
Qwen-2.5-72B,heldout,det_correct,GEN_4x4_det_0263,-,4.2500,1,0,80,0.000000,0
Qwen-2.5-72B,heldout,det_correct,GEN_4x4_det_0270,-,8.0000,1,77,80,0.974684,1
Qwen-2.5-72B,heldout,det_correct,GEN_4x4_det_0286,-,0.1250,0,0,80,0.000000,0
Qwen-2.5-72B,heldout,det_correct,GEN_4x4_det_0292,-,1.0000,0,0,80,0.000000,0
Qwen-2.5-72B,heldout,det_correct,GEN_4x4_det_0310,-,0.7500,0,0,80,0.000000,0
Qwen-2.5-72B,heldout,det_correct,GEN_4x4_det_0326,-,4.5000,1,75,80,0.949367,1
Qwen-2.5-72B,heldout,det_correct,GEN_4x4_det_0321,-,6.7500,1,77,80,0.974684,1
Qwen-2.5-72B,heldout,det_correct,GEN_4x4_det_0312,-,5.1250,1,78,80,0.987342,1
Qwen-2.5-72B,heldout,det_correct,GEN_4x4_det_0331,-,8.6250,1,77,80,0.974684,1
Qwen-2.5-72B,heldout,det_correct,GEN_4x4_det_0335,-,2.7500,1,78,80,0.987342,1
Qwen-2.5-72B,heldout,det_correct,GEN_4x4_det_0336,-,7.0000,1,77,80,0.974684,1
Qwen-2.5-72B,heldout,det_correct,GEN_4x4_det_0339,-,8.3750,1,78,80,0.987342,1
Qwen-2.5-72B,heldout,det_correct,GEN_4x4_det_0343,-,4.0000,1,0,80,0.000000,0
Qwen-2.5-72B,heldout,det_correct,GEN_4x4_det_0330,-,6.3750,1,77,80,0.974684,1
Qwen-2.5-72B,heldout,det_correct,GEN_4x4_det_0348,-,7.0000,1,77,80,0.974684,1
Qwen-2.5-72B,heldout,det_correct,GEN_4x4_det_0358,+,0.8750,0,66,80,0.835443,1
Qwen-2.5-72B,heldout,det_correct,GEN_4x4_det_0354,-,8.3750,1,77,80,0.974684,1
Qwen-2.5-72B,heldout,det_correct,GEN_4x4_det_0352,-,5.3750,1,78,80,0.987342,1
Qwen-2.5-72B,heldout,det_correct,GEN_4x4_det_0364,-,1.1250,0,0,80,0.000000,0
Qwen-2.5-72B,heldout,det_correct,GEN_4x4_det_0367,+,1.6250,0,72,80,0.911392,1
Qwen-2.5-72B,heldout,det_correct,GEN_4x4_det_0376,-,5.5000,1,77,80,0.974684,1
Qwen-2.5-72B,heldout,det_correct,GEN_4x4_det_0384,-,2.2500,1,0,80,0.000000,0
Qwen-2.5-72B,heldout,det_correct,GEN_4x4_det_0387,-,8.0000,1,77,80,0.974684,1
Qwen-2.5-72B,heldout,det_correct,GEN_4x4_det_0392,-,7.0000,1,77,80,0.974684,1
Qwen-2.5-72B,heldout,det_correct,GEN_4x4_det_0395,-,2.3750,1,0,80,0.000000,0
Qwen-2.5-72B,heldout,det_correct,GEN_4x4_det_0399,-,2.0000,1,0,80,0.000000,0
Qwen-2.5-72B,heldout,det_correct,GEN_4x4_det_0397,-,0.7500,0,0,80,0.000000,0
Qwen-2.5-72B,heldout,det_correct,GEN_4x4_det_0406,-,7.6250,1,77,80,0.974684,1
Qwen-2.5-72B,heldout,det_correct,GEN_4x4_det_0413,-,0.6250,0,0,80,0.000000,0
Qwen-2.5-72B,heldout,det_correct,GEN_4x4_det_0421,-,5.8750,1,78,80,0.987342,1
Qwen-2.5-72B,heldout,det_correct,GEN_4x4_det_0441,+,16.3750,1,77,80,0.974684,1
Qwen-2.5-72B,heldout,det_correct,GEN_4x4_det_0446,-,3.0000,1,0,80,0.000000,0
Qwen-2.5-72B,heldout,det_correct,GEN_4x4_det_0458,-,2.6250,1,0,80,0.000000,0
Qwen-2.5-72B,heldout,det_correct,GEN_4x4_det_0455,-,6.1250,1,75,80,0.949367,1
Qwen-2.5-72B,heldout,det_correct,GEN_4x4_det_0465,-,9.5000,1,77,80,0.974684,1
Qwen-2.5-72B,heldout,det_correct,GEN_4x4_det_0466,-,1.7500,0,0,80,0.000000,0
Qwen-2.5-72B,heldout,det_correct,GEN_4x4_det_0475,-,2.0000,1,0,80,0.000000,0
Qwen-2.5-72B,heldout,det_correct,GEN_4x4_det_0480,-,4.8750,1,78,80,0.987342,1
Qwen-2.5-72B,heldout,det_correct,GEN_4x4_det_0478,-,5.5000,1,78,80,0.987342,1
Qwen-2.5-72B,heldout,det_correct,GEN_4x4_det_0479,-,5.5000,1,77,80,0.974684,1
Qwen-2.5-72B,heldout,det_correct,GEN_4x4_det_0490,-,6.2500,1,77,80,0.974684,1
Qwen-2.5-72B,heldout,det_correct,GEN_4x4_det_0495,-,6.3750,1,77,80,0.974684,1
Qwen-2.5-72B,heldout,det_correct,GEN_4x4_det_0500,-,4.7500,1,78,80,0.987342,1
Qwen-2.5-72B,heldout,det_correct,GEN_4x4_det_0503,-,5.6250,1,78,80,0.987342,1
Qwen-2.5-72B,heldout,det_correct,GEN_4x4_det_0519,+,4.2500,1,72,80,0.911392,1
Qwen-2.5-72B,heldout,det_correct,GEN_4x4_det_0520,-,2.3750,1,78,80,0.987342,1
Qwen-2.5-72B,heldout,det_correct,GEN_4x4_det_0522,+,1.1250,0,59,80,0.746835,0
Qwen-2.5-72B,heldout,det_correct,GEN_4x4_det_0517,-,6.2500,1,77,80,0.974684,1
Qwen-2.5-72B,heldout,det_correct,GEN_4x4_det_0525,-,8.2500,1,77,80,0.974684,1
Qwen-2.5-72B,heldout,det_correct,GEN_4x4_det_0531,-,9.5000,1,77,80,0.974684,1
Qwen-2.5-72B,heldout,det_correct,GEN_4x4_det_0534,+,3.8750,1,74,80,0.936709,1
Qwen-2.5-72B,heldout,det_correct,GEN_4x4_det_0533,-,4.8750,1,78,80,0.987342,1
Qwen-2.5-72B,heldout,det_correct,GEN_4x4_det_0541,-,6.7500,1,77,80,0.974684,1
Qwen-2.5-72B,heldout,det_correct,GEN_4x4_det_0542,-,0.8750,0,0,80,0.000000,0
Qwen-2.5-72B,heldout,det_correct,GEN_4x4_det_0551,-,7.3750,1,77,80,0.974684,1
Qwen-2.5-72B,heldout,det_correct,GEN_4x4_det_0563,+,0.8750,0,74,80,0.936709,1
Qwen-2.5-72B,heldout,det_correct,GEN_4x4_det_0562,-,4.1250,1,0,80,0.000000,0
Qwen-2.5-72B,heldout,det_correct,GEN_4x4_det_0567,+,5.1250,1,72,80,0.911392,1
Qwen-2.5-72B,heldout,det_correct,GEN_4x4_det_0572,-,7.2500,1,77,80,0.974684,1
Qwen-2.5-72B,heldout,det_correct,GEN_4x4_det_0574,-,5.8750,1,77,80,0.974684,1
Qwen-2.5-72B,heldout,det_correct,GEN_4x4_det_0581,-,4.3750,1,0,80,0.000000,0
Qwen-2.5-72B,heldout,det_correct,GEN_4x4_det_0582,-,4.3750,1,0,80,0.000000,0
Qwen-2.5-72B,heldout,det_correct,GEN_4x4_det_0588,-,1.7500,0,0,80,0.000000,0
Qwen-2.5-72B,heldout,det_correct,GEN_4x4_det_0596,+,3.1250,1,74,80,0.936709,1
Qwen-2.5-72B,heldout,det_correct,GEN_4x4_det_0595,-,1.3750,0,0,80,0.000000,0
Qwen-2.5-72B,heldout,det_correct,GEN_4x4_det_0589,-,1.7500,0,0,80,0.000000,0
Qwen-2.5-72B,heldout,det_correct,GEN_4x4_det_0594,-,4.5000,1,78,80,0.987342,1
Qwen-2.5-72B,heldout,det_correct,GEN_4x4_det_0598,-,2.6250,1,0,80,0.000000,0
Qwen-2.5-72B,heldout,det_correct,GEN_4x4_det_0601,-,5.0000,1,78,80,0.987342,1
Qwen-2.5-72B,heldout,det_correct,GEN_4x4_det_0604,-,6.1250,1,77,80,0.974684,1
Qwen-2.5-72B,heldout,det_correct,GEN_4x4_det_0608,+,4.1250,1,72,80,0.911392,1
Qwen-2.5-72B,heldout,det_correct,GEN_4x4_det_0613,-,1.8750,0,0,80,0.000000,0
Qwen-2.5-72B,heldout,det_correct,GEN_4x4_det_0628,-,1.3750,0,0,80,0.000000,0
Qwen-2.5-72B,heldout,det_correct,GEN_4x4_det_0627,-,6.7500,1,77,80,0.974684,1
Qwen-2.5-72B,heldout,det_correct,GEN_4x4_det_0630,-,1.7500,0,0,80,0.000000,0
Qwen-2.5-72B,heldout,det_correct,GEN_4x4_det_0635,-,1.7500,0,0,80,0.000000,0
Qwen-2.5-72B,heldout,det_correct,GEN_4x4_det_0642,-,6.6250,1,77,80,0.974684,1
Qwen-2.5-72B,heldout,det_correct,GEN_4x4_det_0643,-,0.8750,0,0,80,0.000000,0
Qwen-2.5-72B,heldout,det_correct,GEN_4x4_det_0651,-,5.8750,1,78,80,0.987342,1
Qwen-2.5-72B,heldout,det_correct,GEN_4x4_det_0652,-,1.6250,0,0,80,0.000000,0
Qwen-2.5-72B,heldout,det_correct,GEN_4x4_det_0653,-,1.6250,0,0,80,0.000000,0
Qwen-2.5-72B,heldout,det_correct,GEN_4x4_det_0661,-,7.2500,1,77,80,0.974684,1
Qwen-2.5-72B,heldout,det_correct,GEN_4x4_det_0660,-,6.6250,1,77,80,0.974684,1
Qwen-2.5-72B,heldout,det_correct,GEN_4x4_det_0666,-,1.1250,0,0,80,0.000000,0
Qwen-2.5-72B,heldout,det_correct,GEN_4x4_det_0670,-,4.8750,1,78,80,0.987342,1
Qwen-2.5-72B,heldout,det_correct,GEN_4x4_det_0675,-,5.6250,1,77,80,0.974684,1
Qwen-2.5-72B,heldout,det_correct,GEN_4x4_det_0667,-,5.2500,1,78,80,0.987342,1
Qwen-2.5-72B,heldout,det_correct,GEN_4x4_det_0685,-,10.2500,1,78,80,0.987342,1
Qwen-2.5-72B,heldout,det_correct,GEN_4x4_det_0691,-,5.2500,1,78,80,0.987342,1
Llama-3.3-70B,discovery,ibp_error,ibp_pts_n12_b11,-,-3.2500,0,44,80,0.556962,0
Llama-3.3-70B,discovery,ibp_error,ibp_pts_n13_b2,+,11.7500,1,79,80,1.000000,1
Llama-3.3-70B,discovery,ibp_error,ibp_pts_n14_b2,-,3.0000,1,40,80,0.506329,0
Llama-3.3-70B,discovery,ibp_error,ibp_pts_n15_b3,+,3.0000,1,63,80,0.797468,1
Llama-3.3-70B,discovery,ibp_error,ibp_pts_n15_b7,-,-1.2500,0,44,80,0.556962,0
Llama-3.3-70B,discovery,ibp_error,ibp_pts_n8_b13,-,-6.2500,0,2,80,0.025316,0
Llama-3.3-70B,discovery,ibp_error,ibp_pts_n9_b8,-,-9.0000,0,2,80,0.025316,0
Llama-3.3-70B,discovery,ibp_error,ibp_pts_n6_b12,-,7.7500,1,79,80,1.000000,1
Llama-3.3-70B,discovery,ibp_error,ibp_pts_n8_001,-,1.8203,0,74,80,0.936709,1
Llama-3.3-70B,discovery,ibp_error,ibp_pts_n12_b13,-,19.0000,1,79,80,1.000000,1
Llama-3.3-70B,discovery,ibp_error,ibp_ptc_n12_b16,+,-1.7500,0,62,80,0.784810,1
Llama-3.3-70B,discovery,ibp_error,ibp_ptc_n13_b107,+,15.5000,1,79,80,1.000000,1
Llama-3.3-70B,discovery,ibp_error,ibp_ptc_n16_b39,-,-5.0000,0,3,80,0.037975,0
Llama-3.3-70B,discovery,ibp_error,ibp_ptc_n8_b281,+,14.0000,1,79,80,1.000000,1
Llama-3.3-70B,discovery,ibp_error,ibp_ptc_n8_b67,-,1.0000,0,47,80,0.594937,0
Llama-3.3-70B,discovery,ibp_error,ibp_pts_n11_b211,-,18.2500,1,79,80,1.000000,1
Llama-3.3-70B,discovery,ibp_error,ibp_pts_n12_b18,+,7.5000,1,79,80,1.000000,1
Llama-3.3-70B,discovery,ibp_error,ibp_pts_n14_b4,-,3.0000,1,78,80,0.987342,1
Llama-3.3-70B,discovery,ibp_error,ibp_pts_n16_b49,-,15.0000,1,79,80,1.000000,1
Llama-3.3-70B,discovery,ibp_error,ibp_pts_n1_b6,-,26.2500,1,79,80,1.000000,1
Llama-3.3-70B,discovery,ibp_error,ibp_pts_n7_b53,+,23.2500,1,79,80,1.000000,1
Llama-3.3-70B,discovery,ibp_error,ibp_pts_n8_b19,-,3.7500,1,78,80,0.987342,1
Llama-3.3-70B,discovery,ibp_correct,ibp_pts_n7_002,-,29.0000,1,79,80,1.000000,1
Llama-3.3-70B,discovery,ibp_correct,ibp_pts_n7_004,-,28.5000,1,79,80,1.000000,1
Llama-3.3-70B,discovery,ibp_correct,ibp_pts_n7_005,-,28.5000,1,79,80,1.000000,1
Llama-3.3-70B,discovery,ibp_correct,ibp_pts_n5_002,-,28.6250,1,79,80,1.000000,1
Llama-3.3-70B,discovery,ibp_correct,ibp_pts_n5_003,-,31.2500,1,79,80,1.000000,1
Llama-3.3-70B,discovery,ibp_correct,ibp_pts_n5_004,-,28.7500,1,79,80,1.000000,1
Llama-3.3-70B,discovery,ibp_correct,ibp_pts_n5_005,-,28.7500,1,79,80,1.000000,1
Llama-3.3-70B,discovery,ibp_correct,ibp_pts_n5_006,-,28.3750,1,79,80,1.000000,1
Llama-3.3-70B,discovery,ibp_correct,ibp_pts_n6_003,-,28.3750,1,79,80,1.000000,1
Llama-3.3-70B,discovery,ibp_correct,ibp_pts_n8_016,-,27.7500,1,79,80,1.000000,1
Llama-3.3-70B,discovery,ibp_correct,ibp_pts_n8_017,-,28.0000,1,79,80,1.000000,1
Llama-3.3-70B,discovery,ibp_correct,ibp_pts_n8_019,-,28.1250,1,79,80,1.000000,1
Llama-3.3-70B,discovery,ibp_correct,ibp_pts_n0_002,-,31.8750,1,79,80,1.000000,1
Llama-3.3-70B,discovery,ibp_correct,ibp_pts_n0_004,-,26.1250,1,79,80,1.000000,1
Llama-3.3-70B,discovery,ibp_correct,ibp_pts_n1_002,-,23.2500,1,79,80,1.000000,1
Llama-3.3-70B,discovery,ibp_correct,ibp_pts_n1_003,-,23.1250,1,79,80,1.000000,1
Llama-3.3-70B,discovery,ibp_correct,ibp_pts_n1_004,-,24.2500,1,79,80,1.000000,1
Llama-3.3-70B,discovery,ibp_correct,ibp_pts_n1_006,-,29.1250,1,79,80,1.000000,1
Llama-3.3-70B,discovery,ibp_correct,ibp_pts_n1_007,-,32.0000,1,79,80,1.000000,1
Llama-3.3-70B,discovery,ibp_correct,ibp_pts_n2_001,-,32.0000,1,79,80,1.000000,1
Llama-3.3-70B,discovery,ibp_correct,ibp_pts_n2_002,-,27.1250,1,79,80,1.000000,1
Llama-3.3-70B,discovery,ibp_correct,ibp_pts_n2_003,-,28.5000,1,79,80,1.000000,1
Llama-3.3-70B,discovery,ibp_correct,ibp_pts_n2_004,-,31.0000,1,79,80,1.000000,1
Llama-3.3-70B,heldout,ibp_error,ibp_ptc_n12_b47,-,12.2500,1,79,80,1.000000,1
Llama-3.3-70B,heldout,ibp_error,ibp_ptc_n12_b83,-,8.2500,1,79,80,1.000000,1
Llama-3.3-70B,heldout,ibp_error,ibp_ptc_n15_b14,-,1.7500,0,44,80,0.556962,0
Llama-3.3-70B,heldout,ibp_error,ibp_ptc_n15_b16,+,11.5000,1,79,80,1.000000,1
Llama-3.3-70B,heldout,ibp_error,ibp_ptc_n15_b25,-,11.5000,1,79,80,1.000000,1
Llama-3.3-70B,heldout,ibp_error,ibp_ptc_n16_b113,-,7.7500,1,79,80,1.000000,1
Llama-3.3-70B,heldout,ibp_error,ibp_ptc_n16_b14,+,18.3750,1,79,80,1.000000,1
Llama-3.3-70B,heldout,ibp_error,ibp_ptc_n16_b18,-,21.7500,1,79,80,1.000000,1
Llama-3.3-70B,heldout,ibp_error,ibp_ptc_n16_b83,-,9.5000,1,79,80,1.000000,1
Llama-3.3-70B,heldout,ibp_error,ibp_ptc_n16_b97,-,18.7500,1,79,80,1.000000,1
Llama-3.3-70B,heldout,ibp_error,ibp_pts_n12_b3,+,7.0000,1,63,80,0.797468,1
Llama-3.3-70B,heldout,ibp_error,ibp_pts_n12_b79,-,37.0000,1,79,80,1.000000,1
Llama-3.3-70B,heldout,ibp_error,ibp_pts_n15_b109,-,6.7500,1,79,80,1.000000,1
Llama-3.3-70B,heldout,ibp_error,ibp_pts_n15_b127,+,28.5000,1,79,80,1.000000,1
Llama-3.3-70B,heldout,ibp_error,ibp_pts_n15_b4,+,32.6250,1,79,80,1.000000,1
Llama-3.3-70B,heldout,ibp_error,ibp_pts_n15_b41,-,-1.0000,0,2,80,0.025316,0
Llama-3.3-70B,heldout,ibp_error,ibp_pts_n15_b67,-,28.0000,1,79,80,1.000000,1
Llama-3.3-70B,heldout,ibp_error,ibp_pts_n16_b18,+,15.0000,1,79,80,1.000000,1
Llama-3.3-70B,heldout,ibp_error,ibp_pts_n16_b79,-,1.7500,0,44,80,0.556962,0
Llama-3.3-70B,heldout,ibp_error,ibp_pts_n16_b89,-,10.0000,1,79,80,1.000000,1
Llama-3.3-70B,heldout,ibp_error,ibp_pts_n8_b73,-,19.7500,1,79,80,1.000000,1
Llama-3.3-70B,heldout,ibp_correct,ibp_pts_n0_b2,+,12.0000,1,79,80,1.000000,1
Llama-3.3-70B,heldout,ibp_correct,ibp_pts_n0_b3,+,36.6250,1,79,80,1.000000,1
Llama-3.3-70B,heldout,ibp_correct,ibp_pts_n0_b5,+,28.8750,1,79,80,1.000000,1
Llama-3.3-70B,heldout,ibp_correct,ibp_pts_n0_b7,+,34.2500,1,79,80,1.000000,1
Llama-3.3-70B,heldout,ibp_correct,ibp_pts_n10_b2,+,30.5000,1,79,80,1.000000,1
Llama-3.3-70B,heldout,ibp_correct,ibp_pts_n10_b23,+,21.5000,1,79,80,1.000000,1
Llama-3.3-70B,heldout,ibp_correct,ibp_pts_n10_b29,+,35.7500,1,79,80,1.000000,1
Llama-3.3-70B,heldout,ibp_correct,ibp_pts_n10_b3,+,23.6250,1,79,80,1.000000,1
Llama-3.3-70B,heldout,ibp_correct,ibp_pts_n10_b5,+,32.1250,1,79,80,1.000000,1
Llama-3.3-70B,heldout,ibp_correct,ibp_pts_n10_b7,+,24.3125,1,79,80,1.000000,1
Llama-3.3-70B,heldout,ibp_correct,ibp_pts_n1_b11,+,25.2500,1,79,80,1.000000,1
Llama-3.3-70B,heldout,ibp_correct,ibp_pts_n1_b13,+,30.8750,1,79,80,1.000000,1
Llama-3.3-70B,heldout,ibp_correct,ibp_pts_n1_b2,+,25.8750,1,79,80,1.000000,1
Llama-3.3-70B,heldout,ibp_correct,ibp_pts_n1_b3,+,26.2500,1,79,80,1.000000,1
Llama-3.3-70B,heldout,ibp_correct,ibp_pts_n1_b5,+,26.1250,1,79,80,1.000000,1
Llama-3.3-70B,heldout,ibp_correct,ibp_pts_n2_b1,+,39.0000,1,79,80,1.000000,1
Llama-3.3-70B,heldout,ibp_correct,ibp_pts_n2_b11,+,34.6250,1,79,80,1.000000,1
Llama-3.3-70B,heldout,ibp_correct,ibp_pts_n2_b13,+,32.0000,1,79,80,1.000000,1
Llama-3.3-70B,heldout,ibp_correct,ibp_pts_n2_b14,+,34.8125,1,79,80,1.000000,1
Llama-3.3-70B,heldout,ibp_correct,ibp_pts_n2_b15,+,32.6875,1,79,80,1.000000,1
Llama-3.3-70B,heldout,ibp_correct,ibp_pts_n2_b16,+,32.7500,1,79,80,1.000000,1
Llama-3.3-70B,heldout,ibp_correct,ibp_pts_n2_b17,+,32.7500,1,79,80,1.000000,1
Llama-3.3-70B,heldout,ibp_correct,ibp_pts_n2_b18,+,33.2500,1,79,80,1.000000,1
Llama-3.3-70B,heldout,ibp_correct,ibp_pts_n2_b19,+,31.7500,1,79,80,1.000000,1
Llama-3.3-70B,heldout,ibp_correct,ibp_pts_n2_b2,+,30.5000,1,79,80,1.000000,1
Llama-3.3-70B,heldout,ibp_correct,ibp_pts_n2_b3,+,35.5000,1,79,80,1.000000,1
Llama-3.3-70B,heldout,ibp_correct,ibp_pts_n2_b5,+,36.7500,1,79,80,1.000000,1
Llama-3.3-70B,heldout,ibp_correct,ibp_pts_n2_b7,+,35.5000,1,79,80,1.000000,1
Llama-3.3-70B,heldout,ibp_correct,ibp_pts_n3_b1,+,34.2500,1,79,80,1.000000,1
Llama-3.3-70B,heldout,ibp_correct,ibp_pts_n3_b10,+,33.7500,1,79,80,1.000000,1
Llama-3.3-70B,heldout,ibp_correct,ibp_pts_n3_b11,+,33.3750,1,79,80,1.000000,1
Llama-3.3-70B,heldout,ibp_correct,ibp_pts_n3_b2,-,30.3750,1,79,80,1.000000,1
Llama-3.3-70B,heldout,ibp_correct,ibp_pts_n3_b3,+,28.6250,1,79,80,1.000000,1
Llama-3.3-70B,heldout,ibp_correct,ibp_pts_n3_b5,+,33.3750,1,79,80,1.000000,1
Llama-3.3-70B,heldout,ibp_correct,ibp_pts_n3_b6,+,35.5000,1,79,80,1.000000,1
Llama-3.3-70B,heldout,ibp_correct,ibp_pts_n3_b7,+,35.2500,1,79,80,1.000000,1
Llama-3.3-70B,heldout,ibp_correct,ibp_pts_n3_b8,+,34.7500,1,79,80,1.000000,1
Llama-3.3-70B,heldout,ibp_correct,ibp_pts_n3_b9,+,32.2500,1,79,80,1.000000,1
Llama-3.3-70B,heldout,ibp_correct,ibp_pts_n4_b11,+,29.0000,1,79,80,1.000000,1
Llama-3.3-70B,heldout,ibp_correct,ibp_pts_n4_b2,+,27.6250,1,79,80,1.000000,1
Llama-3.3-70B,heldout,ibp_correct,ibp_pts_n4_b5,+,34.5000,1,79,80,1.000000,1
Llama-3.3-70B,heldout,ibp_correct,ibp_pts_n4_b7,+,35.8750,1,79,80,1.000000,1
Llama-3.3-70B,heldout,ibp_correct,ibp_pts_n5_b11,+,34.3750,1,79,80,1.000000,1
Llama-3.3-70B,heldout,ibp_correct,ibp_pts_n5_b13,+,30.5000,1,79,80,1.000000,1
Llama-3.3-70B,heldout,ibp_correct,ibp_pts_n5_b2,+,34.7500,1,79,80,1.000000,1
Llama-3.3-70B,heldout,ibp_correct,ibp_pts_n5_b3,+,31.8125,1,79,80,1.000000,1
Llama-3.3-70B,heldout,ibp_correct,ibp_pts_n5_b5,+,23.5000,1,79,80,1.000000,1
Qwen-2.5-72B,discovery,ibp_error,ibp_pts_n7_005,-,3.3750,1,78,80,0.987342,1
Qwen-2.5-72B,discovery,ibp_error,ibp_pts_n7_012,-,4.0000,1,78,80,0.987342,1
Qwen-2.5-72B,discovery,ibp_error,ibp_pts_n7_016,-,17.5000,1,79,80,1.000000,1
Qwen-2.5-72B,discovery,ibp_error,ibp_pts_n8_005,-,2.5000,1,78,80,0.987342,1
Qwen-2.5-72B,discovery,ibp_error,ibp_pts_n8_006,-,18.5000,1,79,80,1.000000,1
Qwen-2.5-72B,discovery,ibp_error,ibp_pts_n8_007,-,16.8750,1,77,80,0.974684,1
Qwen-2.5-72B,discovery,ibp_error,ibp_pts_n8_010,-,19.8750,1,79,80,1.000000,1
Qwen-2.5-72B,discovery,ibp_error,ibp_pts_n8_013,-,19.2500,1,79,80,1.000000,1
Qwen-2.5-72B,discovery,ibp_error,ibp_pts_n8_015,-,17.3750,1,79,80,1.000000,1
Qwen-2.5-72B,discovery,ibp_error,ibp_pts_n9_003,-,5.6250,1,77,80,0.974684,1
Qwen-2.5-72B,discovery,ibp_correct,ibp_n1_001,-,19.6250,1,77,80,0.974684,1
Qwen-2.5-72B,discovery,ibp_correct,ibp_n1_002,-,18.6875,1,77,80,0.974684,1
Qwen-2.5-72B,discovery,ibp_correct,ibp_n1_005,-,18.2500,1,77,80,0.974684,1
Qwen-2.5-72B,discovery,ibp_correct,ibp_n1_007,-,18.5625,1,77,80,0.974684,1
Qwen-2.5-72B,discovery,ibp_correct,ibp_n1_008,-,20.0000,1,79,80,1.000000,1
Qwen-2.5-72B,discovery,ibp_correct,ibp_n1_011,-,20.1250,1,79,80,1.000000,1
Qwen-2.5-72B,discovery,ibp_correct,ibp_n1_012,-,20.0000,1,79,80,1.000000,1
Qwen-2.5-72B,discovery,ibp_correct,ibp_n1_014,-,20.2500,1,79,80,1.000000,1
Qwen-2.5-72B,discovery,ibp_correct,ibp_n1_016,-,20.1250,1,79,80,1.000000,1
Qwen-2.5-72B,discovery,ibp_correct,ibp_n1_018,-,20.2500,1,79,80,1.000000,1
Qwen-2.5-72B,discovery,ibp_correct,ibp_n1_021,-,18.1250,1,77,80,0.974684,1
Qwen-2.5-72B,discovery,ibp_correct,ibp_n1_022,-,20.3750,1,79,80,1.000000,1
Qwen-2.5-72B,discovery,ibp_correct,ibp_n1_024,-,20.5000,1,79,80,1.000000,1
Qwen-2.5-72B,discovery,ibp_correct,ibp_n1_025,-,19.8750,1,79,80,1.000000,1
Qwen-2.5-72B,discovery,ibp_correct,ibp_n1_026,-,19.6250,1,77,80,0.974684,1
Qwen-2.5-72B,discovery,ibp_correct,ibp_n1_027,-,20.1250,1,79,80,1.000000,1
Qwen-2.5-72B,discovery,ibp_correct,ibp_n1_029,-,20.1250,1,79,80,1.000000,1
Qwen-2.5-72B,discovery,ibp_correct,ibp_n1_030,-,20.3750,1,79,80,1.000000,1
Qwen-2.5-72B,discovery,ibp_correct,ibp_n1_032,-,20.2500,1,79,80,1.000000,1
Qwen-2.5-72B,discovery,ibp_correct,ibp_n1_033,-,20.0000,1,79,80,1.000000,1
Qwen-2.5-72B,discovery,ibp_correct,ibp_n1_035,-,20.0000,1,79,80,1.000000,1
Qwen-2.5-72B,discovery,ibp_correct,ibp_n1_037,-,20.3750,1,79,80,1.000000,1
Qwen-2.5-72B,discovery,ibp_correct,ibp_n1_038,-,20.3750,1,79,80,1.000000,1
Qwen-2.5-72B,discovery,ibp_correct,ibp_n1_039,-,20.1250,1,79,80,1.000000,1
Qwen-2.5-72B,discovery,ibp_correct,ibp_n1_020,-,20.1250,1,79,80,1.000000,1
Qwen-2.5-72B,heldout,ibp_error,ibp_pts_n10_b13,-,17.2500,1,79,80,1.000000,1
Qwen-2.5-72B,heldout,ibp_error,ibp_pts_n10_b31,-,2.2500,1,78,80,0.987342,1
Qwen-2.5-72B,heldout,ibp_error,ibp_pts_n11_b19,-,18.0000,1,79,80,1.000000,1
Qwen-2.5-72B,heldout,ibp_error,ibp_pts_n11_b29,-,16.5000,1,77,80,0.974684,1
Qwen-2.5-72B,heldout,ibp_error,ibp_pts_n11_b3,-,18.3750,1,79,80,1.000000,1
Qwen-2.5-72B,heldout,ibp_error,ibp_pts_n11_b31,-,18.5000,1,79,80,1.000000,1
Qwen-2.5-72B,heldout,ibp_error,ibp_pts_n12_b11,-,1.7500,0,0,80,0.000000,0
Qwen-2.5-72B,heldout,ibp_error,ibp_pts_n12_b23,-,17.8750,1,79,80,1.000000,1
Qwen-2.5-72B,heldout,ibp_error,ibp_pts_n12_b5,-,18.2500,1,79,80,1.000000,1
Qwen-2.5-72B,heldout,ibp_error,ibp_pts_n13_b13,-,16.2500,1,77,80,0.974684,1
Qwen-2.5-72B,heldout,ibp_error,ibp_pts_n14_b17,-,17.8750,1,79,80,1.000000,1
Qwen-2.5-72B,heldout,ibp_error,ibp_pts_n15_b1,-,6.7500,1,75,80,0.949367,1
Qwen-2.5-72B,heldout,ibp_error,ibp_pts_n6_b17,-,18.3750,1,79,80,1.000000,1
Qwen-2.5-72B,heldout,ibp_error,ibp_pts_n6_b29,-,2.7500,1,78,80,0.987342,1
Qwen-2.5-72B,heldout,ibp_error,ibp_pts_n7_b29,-,2.5000,1,78,80,0.987342,1
Qwen-2.5-72B,heldout,ibp_error,ibp_pts_n7_b33,-,17.5000,1,79,80,1.000000,1
Qwen-2.5-72B,heldout,ibp_error,ibp_pts_n7_b41,-,3.1250,1,78,80,0.987342,1
Qwen-2.5-72B,heldout,ibp_error,ibp_pts_n7_b43,-,3.1250,1,78,80,0.987342,1
Qwen-2.5-72B,heldout,ibp_error,ibp_pts_n7_b47,-,3.1250,1,78,80,0.987342,1
Qwen-2.5-72B,heldout,ibp_error,ibp_pts_n8_b37,-,3.0000,1,78,80,0.987342,1
Qwen-2.5-72B,heldout,ibp_error,ibp_pts_n8_b39,-,3.7500,1,78,80,0.987342,1
Qwen-2.5-72B,heldout,ibp_error,ibp_pts_n8_b41,-,1.3750,0,78,80,0.987342,1
Qwen-2.5-72B,heldout,ibp_error,ibp_pts_n8_b49,-,18.1250,1,79,80,1.000000,1
Qwen-2.5-72B,heldout,ibp_error,ibp_pts_n8_b51,-,1.3750,0,78,80,0.987342,1
Qwen-2.5-72B,heldout,ibp_error,ibp_pts_n9_b19,-,18.8750,1,79,80,1.000000,1
Qwen-2.5-72B,heldout,ibp_error,ibp_pts_n9_b21,-,4.8750,1,78,80,0.987342,1
Qwen-2.5-72B,heldout,ibp_correct,ibp_pts_n10_b109,-,21.1250,1,79,80,1.000000,1
Qwen-2.5-72B,heldout,ibp_correct,ibp_pts_n10_b131,-,20.7500,1,79,80,1.000000,1
Qwen-2.5-72B,heldout,ibp_correct,ibp_pts_n10_b137,-,20.7500,1,79,80,1.000000,1
Qwen-2.5-72B,heldout,ibp_correct,ibp_pts_n10_b163,-,19.7500,1,79,80,1.000000,1
Qwen-2.5-72B,heldout,ibp_correct,ibp_pts_n10_b229,-,20.8750,1,79,80,1.000000,1
Qwen-2.5-72B,heldout,ibp_correct,ibp_pts_n10_b233,-,19.3750,1,79,80,1.000000,1
Qwen-2.5-72B,heldout,ibp_correct,ibp_pts_n10_b41,-,20.6250,1,79,80,1.000000,1
Qwen-2.5-72B,heldout,ibp_correct,ibp_pts_n10_b73,-,19.6250,1,79,80,1.000000,1
Qwen-2.5-72B,heldout,ibp_correct,ibp_pts_n10_b79,-,20.7500,1,79,80,1.000000,1
Qwen-2.5-72B,heldout,ibp_correct,ibp_pts_n11_b139,-,21.1250,1,79,80,1.000000,1
Qwen-2.5-72B,heldout,ibp_correct,ibp_pts_n11_b163,-,20.1250,1,79,80,1.000000,1
Qwen-2.5-72B,heldout,ibp_correct,ibp_pts_n11_b181,-,20.3750,1,79,80,1.000000,1
Qwen-2.5-72B,heldout,ibp_correct,ibp_pts_n11_b193,-,19.8750,1,79,80,1.000000,1
Qwen-2.5-72B,heldout,ibp_correct,ibp_pts_n11_b197,-,21.1250,1,79,80,1.000000,1
Qwen-2.5-72B,heldout,ibp_correct,ibp_pts_n11_b233,-,19.5000,1,79,80,1.000000,1
Qwen-2.5-72B,heldout,ibp_correct,ibp_pts_n5_b101,-,20.2500,1,79,80,1.000000,1
Qwen-2.5-72B,heldout,ibp_correct,ibp_pts_n5_b103,-,20.3750,1,79,80,1.000000,1
Qwen-2.5-72B,heldout,ibp_correct,ibp_pts_n5_b107,-,20.0000,1,79,80,1.000000,1
Qwen-2.5-72B,heldout,ibp_correct,ibp_pts_n5_b109,-,20.7500,1,79,80,1.000000,1
Qwen-2.5-72B,heldout,ibp_correct,ibp_pts_n5_b113,-,20.7500,1,79,80,1.000000,1
Qwen-2.5-72B,heldout,ibp_correct,ibp_pts_n5_b127,-,20.8750,1,79,80,1.000000,1
Qwen-2.5-72B,heldout,ibp_correct,ibp_pts_n5_b131,-,20.7500,1,79,80,1.000000,1
Qwen-2.5-72B,heldout,ibp_correct,ibp_pts_n5_b137,-,21.1250,1,79,80,1.000000,1
Qwen-2.5-72B,heldout,ibp_correct,ibp_pts_n5_b139,-,20.8750,1,79,80,1.000000,1
Qwen-2.5-72B,heldout,ibp_correct,ibp_pts_n5_b149,-,21.0000,1,79,80,1.000000,1
Qwen-2.5-72B,heldout,ibp_correct,ibp_pts_n5_b151,-,20.5000,1,79,80,1.000000,1
Qwen-2.5-72B,heldout,ibp_correct,ibp_pts_n5_b157,-,20.6250,1,79,80,1.000000,1
Qwen-2.5-72B,heldout,ibp_correct,ibp_pts_n5_b163,-,19.8750,1,79,80,1.000000,1
Qwen-2.5-72B,heldout,ibp_correct,ibp_pts_n5_b167,-,20.8750,1,79,80,1.000000,1
Qwen-2.5-72B,heldout,ibp_correct,ibp_pts_n5_b173,-,20.8750,1,79,80,1.000000,1
Qwen-2.5-72B,heldout,ibp_correct,ibp_pts_n5_b179,-,20.8750,1,79,80,1.000000,1
Qwen-2.5-72B,heldout,ibp_correct,ibp_pts_n5_b181,-,20.7500,1,79,80,1.000000,1
Qwen-2.5-72B,heldout,ibp_correct,ibp_pts_n5_b191,-,20.7500,1,79,80,1.000000,1
Qwen-2.5-72B,heldout,ibp_correct,ibp_pts_n5_b193,-,21.0000,1,79,80,1.000000,1
Qwen-2.5-72B,heldout,ibp_correct,ibp_pts_n5_b197,-,21.0000,1,79,80,1.000000,1
Qwen-2.5-72B,heldout,ibp_correct,ibp_pts_n5_b199,-,21.0000,1,79,80,1.000000,1
Qwen-2.5-72B,heldout,ibp_correct,ibp_pts_n5_b211,-,20.7500,1,79,80,1.000000,1
Qwen-2.5-72B,heldout,ibp_correct,ibp_pts_n5_b223,-,20.7500,1,79,80,1.000000,1
Qwen-2.5-72B,heldout,ibp_correct,ibp_pts_n5_b227,-,20.8750,1,79,80,1.000000,1
Qwen-2.5-72B,heldout,ibp_correct,ibp_pts_n5_b229,-,20.8750,1,79,80,1.000000,1
Qwen-2.5-72B,heldout,ibp_correct,ibp_pts_n5_b31,-,20.8750,1,79,80,1.000000,1
Qwen-2.5-72B,heldout,ibp_correct,ibp_pts_n5_b37,-,20.8750,1,79,80,1.000000,1
Qwen-2.5-72B,heldout,ibp_correct,ibp_pts_n5_b43,-,20.7500,1,79,80,1.000000,1
Qwen-2.5-72B,heldout,ibp_correct,ibp_pts_n5_b47,-,19.7500,1,79,80,1.000000,1
Qwen-2.5-72B,heldout,ibp_correct,ibp_pts_n5_b53,-,20.8750,1,79,80,1.000000,1
Qwen-2.5-72B,heldout,ibp_correct,ibp_pts_n5_b59,-,20.8750,1,79,80,1.000000,1
Qwen-2.5-72B,heldout,ibp_correct,ibp_pts_n5_b61,-,20.6250,1,79,80,1.000000,1
Qwen-2.5-72B,heldout,ibp_correct,ibp_pts_n5_b67,-,20.8750,1,79,80,1.000000,1
Qwen-2.5-72B,heldout,ibp_correct,ibp_pts_n5_b71,-,20.7500,1,79,80,1.000000,1
Qwen-2.5-72B,heldout,ibp_correct,ibp_pts_n5_b73,-,19.6250,1,79,80,1.000000,1
Mistral-Large-675B,single,det_error,C_5x5_det_003,-,1.8118,0,51,61,0.850000,1
Mistral-Large-675B,single,det_error,C_5x5_det_004,-,-3.2063,0,49,61,0.816667,1
Mistral-Large-675B,single,det_error,C_5x5_det_005,+,-6.1336,0,56,61,0.933333,1
Mistral-Large-675B,single,det_error,C_5x5_det_007,+,0.6252,0,58,61,0.966667,1
Mistral-Large-675B,single,det_error,C_5x5_det_009,+,0.3698,0,30,61,0.500000,0
Mistral-Large-675B,single,det_error,C_5x5_det_010,+,3.9141,1,30,61,0.500000,0
Mistral-Large-675B,single,det_error,C_5x5_det_016,-,-1.4508,0,57,61,0.950000,1
Mistral-Large-675B,single,det_error,C_5x5_det_024,+,0.7048,0,58,61,0.966667,1
Mistral-Large-675B,single,det_error,C_5x5_det_026,+,0.0296,0,52,61,0.866667,1
Mistral-Large-675B,single,det_error,C_5x5_det_033,+,-0.1254,0,35,61,0.583333,0
Mistral-Large-675B,single,det_error,EXT_5x5_det_002,+,0.5708,0,45,61,0.750000,1
Mistral-Large-675B,single,det_error,EXT_5x5_det_006,-,0.1040,0,25,61,0.416667,0
Mistral-Large-675B,single,det_error,EXT_5x5_det_007,+,1.3662,0,40,61,0.666667,0
Mistral-Large-675B,single,det_error,EXT_5x5_det_008,-,-2.9666,0,49,61,0.816667,1
Mistral-Large-675B,single,det_error,EXT_5x5_det_010,-,-0.5183,0,25,61,0.416667,0
Mistral-Large-675B,single,det_error,EXT_5x5_det_011,+,0.7404,0,58,61,0.966667,1
Mistral-Large-675B,single,det_error,EXT_5x5_det_012,-,-2.8251,0,57,61,0.950000,1
Mistral-Large-675B,single,det_error,EXT_5x5_det_015,+,0.1298,0,58,61,0.966667,1
Mistral-Large-675B,single,det_error,EXT_5x5_det_018,+,1.2553,0,58,61,0.966667,1
Mistral-Large-675B,single,det_error,EXT_5x5_det_021,+,1.7594,0,59,61,0.983333,1
Mistral-Large-675B,single,det_error,EXT_5x5_det_024,-,1.4292,0,56,61,0.933333,1
Mistral-Large-675B,single,det_error,EXT_5x5_det_028,+,1.1227,0,30,61,0.500000,0
Mistral-Large-675B,single,det_error,NEW_5x5_det_003,-,1.7323,0,57,61,0.950000,1
Mistral-Large-675B,single,det_error,NEW_5x5_det_004,+,1.5979,0,40,61,0.666667,0
Mistral-Large-675B,single,det_error,NEW_5x5_det_006,+,-0.0577,0,56,61,0.933333,1
Mistral-Large-675B,single,det_error,NEW_5x5_det_011,+,0.3780,0,54,61,0.900000,1
Mistral-Large-675B,single,det_error,NEW_5x5_det_023,+,-1.0806,0,52,61,0.866667,1
Mistral-Large-675B,single,det_error,NEW_5x5_det_024,-,-2.0275,0,57,61,0.950000,1
Mistral-Large-675B,single,det_error,NEW_5x5_det_026,+,0.6456,0,58,61,0.966667,1
Mistral-Large-675B,single,det_error,NEW_5x5_det_029,-,-0.0539,0,50,61,0.833333,1
Mistral-Large-675B,single,det_error,N_5x5_det_005,+,0.9085,0,57,61,0.950000,1
Mistral-Large-675B,single,det_error,N_5x5_det_020,+,-2.5390,0,35,61,0.583333,0
Mistral-Large-675B,single,det_error,N_5x5_det_021,+,-1.5812,0,53,61,0.883333,1
Mistral-Large-675B,single,det_error,N_5x5_det_023,-,-0.3337,0,50,61,0.833333,1
Mistral-Large-675B,single,det_error,N_5x5_det_024,+,1.3284,0,57,61,0.950000,1
Mistral-Large-675B,single,det_error,N_5x5_det_029,-,0.2665,0,50,61,0.833333,1
Mistral-Large-675B,single,det_error,N_5x5_det_031,+,-0.1990,0,20,61,0.333333,0
Mistral-Large-675B,single,det_error,N_5x5_det_037,-,-1.0450,0,57,61,0.950000,1
Mistral-Large-675B,single,det_error,N_5x5_det_047,-,-0.9305,0,59,61,0.983333,1
Mistral-Large-675B,single,det_error,N_5x5_det_053,-,-3.9480,0,56,61,0.933333,1
Mistral-Large-675B,single,det_error,N_5x5_det_065,-,-1.4034,0,51,61,0.850000,1
Mistral-Large-675B,single,det_error,N_5x5_det_070,+,0.4128,0,35,61,0.583333,0
Mistral-Large-675B,single,det_error,N_5x5_det_071,+,-1.4713,0,58,61,0.966667,1
Mistral-Large-675B,single,det_error,N_5x5_det_075,-,-0.8769,0,56,61,0.933333,1
Mistral-Large-675B,single,det_error,N_5x5_det_078,+,1.4893,0,58,61,0.966667,1
Mistral-Large-675B,single,det_error,N_5x5_det_080,+,-1.2351,0,55,61,0.916667,1
Mistral-Large-675B,single,det_error,N_5x5_det_084,-,-0.6302,0,35,61,0.583333,0
Mistral-Large-675B,single,det_error,N_5x5_det_085,-,-0.0080,0,50,61,0.833333,1
Mistral-Large-675B,single,det_error,N_5x5_det_100,-,0.8599,0,50,61,0.833333,1
Mistral-Large-675B,single,det_error,N_5x5_det_077,+,-4.6923,0,49,61,0.816667,1
Mistral-Large-675B,single,det_error,N_5x5_det_087,+,1.8302,0,59,61,0.983333,1
