path,md5,size,category,schema_kind,model,phase,task,class,stage,n_cases,n_metrics,note
.gitignore,85118c944fe737032379f30d46593120,199,repo_meta,,n/a,n/a,n/a,n/a,n/a,,0,
CHECKSUMS.sha256,,,repo_meta,,n/a,n/a,n/a,n/a,n/a,,0,release checksum file; updated after ledger generation
Gemma/arith_control/expA_logit_lens.json,17e69aec4be467da0f08a93b9f673390,81773,results,lens_standard,Gemma-3-27B,control,arith,n/a,root,48,12,
Gemma/arith_control/expB_dla.json,9a7fe549dd9a5fb0e66c4a7e701bb8d1,508325,results,dla_standard,Gemma-3-27B,control,arith,n/a,root,48,181,
Gemma/discovery_DET_correct_deepsign/det_4x4_correct_deepsign_targets.json,55077cc7b300ba0ac43b0cae96cae51c,2352,config_targets,,Gemma-3-27B,discovery,det,correct,root,,0,
Gemma/discovery_DET_correct_deepsign/det_4x4_correct_deepsign_targets_autopick_backup.json,d2b05f1114682be8635532d0be0a3939,2259,config_targets,,Gemma-3-27B,discovery,det,correct,root,,0,
Gemma/discovery_DET_correct_deepsign/s01_logit_lens/det_4x4_correct_deepsign_expA_logit_lens.json,e240b62075214a72c9bbc920fa6e3c01,85366,results,lens_standard,Gemma-3-27B,discovery,det,correct,s01_logit_lens,50,12,
Gemma/discovery_DET_correct_deepsign/s02_dla/det_4x4_correct_deepsign_expB_dla.json,fdfb801792e69da88d3cda1b2748a107,526277,results,dla_standard,Gemma-3-27B,discovery,det,correct,s02_dla,50,181,
Gemma/discovery_DET_correct_deepsign/s02_dla/det_4x4_correct_deepsign_exp_matched_dla.json,8725404c0a6f99a74aa991432717fba3,163744,results,dla_standard,Gemma-3-27B,discovery,det,correct,s02_dla,50,181,
Gemma/discovery_DET_correct_deepsign/s04_projections/det_4x4_correct_deepsign_projections.json,2611223dd4131455d6b74daa17cac62e,16898,results,projections_meta,Gemma-3-27B,discovery,det,correct,s04_projections,2,2,
Gemma/discovery_DET_correct_deepsign/s05_ablations/det_4x4_correct_deepsign_expD_prime_mlp_mean_ablation.json,5b1d1c36b0b2bd6c950fefdb6cfd8275,294131,results,s05_ablations,Gemma-3-27B,discovery,det,correct,s05_ablations,50,11,
Gemma/discovery_DET_correct_deepsign/s05_ablations/det_4x4_correct_deepsign_expE_prime_joint_mean_ablation.json,89fa3839b562bc31540ab573d76a5f6d,42735,results,s05_joint,Gemma-3-27B,discovery,det,correct,s05_ablations,51,3,
Gemma/discovery_DET_correct_deepsign/s06_direction_subtraction/det_4x4_correct_deepsign_expG_prime_bias_subtraction.json,e1cbb2e8d164f846919d60af6e6dc23e,95140,results,s06_edits,Gemma-3-27B,discovery,det,correct,s06_direction_subtraction,45,39,
Gemma/discovery_DET_correct_deepsign/s08_c2_steering/det_4x4_correct_deepsign_c2_on_correct.json,a1e19619f672f46e85a64391b893fc6d,48451,results,meta_results,Gemma-3-27B,discovery,det,correct,s08_c2_steering,2,23,
Gemma/discovery_DET_correct_deepsign/s09_judge/det_4x4_correct_deepsign_judge_crossdomain.json,a3e4bfc02f21f9d2c99e9b61a794b18d,42230,results,meta_results,Gemma-3-27B,discovery,det,correct,s09_judge,2,23,
Gemma/discovery_DET_error/det_4x4_error_sites.json,45b8feaf6c05e6a9b3c20daa51e59c5c,732,config_sites,,Gemma-3-27B,discovery,det,error,root,,0,
Gemma/discovery_DET_error/det_4x4_error_targets.json,5da6c1013605cd9d0b0ed5f9ae28659f,2282,config_targets,,Gemma-3-27B,discovery,det,error,root,,0,
Gemma/discovery_DET_error/groups_gemma_det.json,9e3ed03ff397602931901910b0151cd6,539,config_sites,,Gemma-3-27B,discovery,det,error,root,,0,
Gemma/discovery_DET_error/s01_logit_lens/det_4x4_error_expA_logit_lens.json,70c5fd768950f66f12bf7ea6d27ebd6c,156643,results,lens_standard,Gemma-3-27B,discovery,det,error,s01_logit_lens,92,12,
Gemma/discovery_DET_error/s02_dla/det_4x4_error_expB_dla.json,890308edeea95c479260361f169dda30,966544,results,dla_standard,Gemma-3-27B,discovery,det,error,s02_dla,92,181,
Gemma/discovery_DET_error/s05_ablations/det_4x4_error_expD_prime_mlp_mean_ablation.json,04943b159257c180867ae6c6b2ddd033,564110,results,s05_ablations,Gemma-3-27B,discovery,det,error,s05_ablations,92,11,
Gemma/discovery_DET_error/s05_ablations/det_4x4_error_expE_prime_joint_mean_ablation.json,13f9debd2acba18424bc50651c2c7503,78264,results,s05_joint,Gemma-3-27B,discovery,det,error,s05_ablations,93,3,
Gemma/discovery_DET_error/s05b_head_ablation/det_4x4_error_exp_head_ablation.json,b2f7353ef5b155bad4f10eac8a2a4229,167552,results,s05b_sites,Gemma-3-27B,discovery,det,error,s05b_head_ablation,92,9,
Gemma/discovery_DET_error/s05c_head_joint/det_4x4_error_exp_head_joint_ablation.json,a59a09283d9d6e86a6e04b17d46ca96a,153170,results,s05c_groups,Gemma-3-27B,discovery,det,error,s05c_head_joint,92,13,
Gemma/discovery_DET_error/s05c_head_joint/det_4x4_error_exp_head_joint_ablation_dry_run_report.json,6323837f311bbacbc3ff6f91b3eb1436,3308,results,generic,Gemma-3-27B,discovery,det,error,s05c_head_joint,2,1,
Gemma/discovery_DET_error/s06_direction_subtraction/det_4x4_error_direction_subtraction.json,c33d57c74b64d8570c86be16e40d2322,186628,results,s06_edits,Gemma-3-27B,discovery,det,error,s06_direction_subtraction,89,39,
Gemma/discovery_DET_error/s08_c2_steering/det_4x4_error_exp_combined_ablation.json,6dc518f3de7559943faff91261d0914b,239744,results,meta_results,Gemma-3-27B,discovery,det,error,s08_c2_steering,2,110,
Gemma/discovery_DET_error/s08_c2_steering/det_4x4_error_exp_ctrl_mag.json,e40d28a58709c1ca096396400f07ab41,155956,results,meta_results,Gemma-3-27B,discovery,det,error,s08_c2_steering,2,70,
Gemma/discovery_DET_error/s09_judge/det_4x4_error_judge_candidates_armB.json,519436c6c9227ecfbc16602ae853e7f5,82227,results,meta_results,Gemma-3-27B,discovery,det,error,s09_judge,2,23,
Gemma/discovery_IBP_correct_deepsign/ibp_correct_deepsign_targets.json,4f52d418633da43d5e92cb22a95b6323,2123,config_targets,,Gemma-3-27B,discovery,ibp,correct,root,,0,
Gemma/discovery_IBP_correct_deepsign/ibp_correct_deepsign_targets_autopick_backup.json,0b1dbbca85d3eb82617d3d11bb1fd7a5,2030,config_targets,,Gemma-3-27B,discovery,ibp,correct,root,,0,
Gemma/discovery_IBP_correct_deepsign/s01_logit_lens/ibp_correct_deepsign_expA_logit_lens.json,429b8d09ae41b053b635e14a471f5de6,85123,results,lens_standard,Gemma-3-27B,discovery,ibp,correct,s01_logit_lens,50,12,
Gemma/discovery_IBP_correct_deepsign/s02_dla/ibp_correct_deepsign_expB_dla.json,f30f06558a4a47b75ffb637df5b4ba52,523817,results,dla_standard,Gemma-3-27B,discovery,ibp,correct,s02_dla,50,181,
Gemma/discovery_IBP_correct_deepsign/s02_dla/ibp_correct_deepsign_exp_matched_dla.json,22caee721d580041bc3eed49bc169412,163273,results,dla_standard,Gemma-3-27B,discovery,ibp,correct,s02_dla,50,181,
Gemma/discovery_IBP_correct_deepsign/s04_projections/ibp_correct_deepsign_projections.json,04d98fd01a2905f518e63b03b4b08073,16739,results,projections_meta,Gemma-3-27B,discovery,ibp,correct,s04_projections,2,2,
Gemma/discovery_IBP_correct_deepsign/s05_ablations/ibp_correct_deepsign_expD_prime_mlp_mean_ablation.json,c555be92c6e1f814a030665064131464,308073,results,s05_ablations,Gemma-3-27B,discovery,ibp,correct,s05_ablations,50,11,
Gemma/discovery_IBP_correct_deepsign/s05_ablations/ibp_correct_deepsign_expE_prime_joint_mean_ablation.json,b6c8c709e941faa9c9075b6802284e25,41835,results,s05_joint,Gemma-3-27B,discovery,ibp,correct,s05_ablations,51,3,
Gemma/discovery_IBP_correct_deepsign/s06_direction_subtraction/ibp_correct_deepsign_expG_prime_bias_subtraction.json,58a23867abb985c226f60e99f36f7ba0,105646,results,s06_edits,Gemma-3-27B,discovery,ibp,correct,s06_direction_subtraction,50,39,
Gemma/discovery_IBP_correct_deepsign/s08_c2_steering/ibp_correct_deepsign_c2_on_correct.json,e8495697ebc3f81734944c84e3c815e4,48496,results,meta_results,Gemma-3-27B,discovery,ibp,correct,s08_c2_steering,2,23,
Gemma/discovery_IBP_correct_deepsign/s09_judge/ibp_correct_deepsign_judge_crossdomain.json,d6ac22731f1a00e66db8cb9b2b344fb9,46835,results,meta_results,Gemma-3-27B,discovery,ibp,correct,s09_judge,2,23,
Gemma/discovery_IBP_error/groups_gemma_ibp.json,972e03ed6bf82ead0b346821d9ba8842,539,config_sites,,Gemma-3-27B,discovery,ibp,error,root,,0,
Gemma/discovery_IBP_error/ibp_error_sites.json,6a307768838745a7a457001e7f1326f1,729,config_sites,,Gemma-3-27B,discovery,ibp,error,root,,0,
Gemma/discovery_IBP_error/ibp_error_targets.json,aa4b5130815e51144ddfea1f1264a9c1,2350,config_targets,,Gemma-3-27B,discovery,ibp,error,root,,0,
Gemma/discovery_IBP_error/s01_logit_lens/ibp_error_expA_logit_lens.json,cb4724afe242b1598ada03162531d4f3,118987,results,lens_standard,Gemma-3-27B,discovery,ibp,error,s01_logit_lens,70,12,
Gemma/discovery_IBP_error/s02_dla/ibp_error_expB_dla.json,57ce305a90c2e16ce909ae36680fa9e0,732383,results,dla_standard,Gemma-3-27B,discovery,ibp,error,s02_dla,70,181,
Gemma/discovery_IBP_error/s05_ablations/ibp_error_expD_prime_mlp_mean_ablation.json,97831a733c6b82b06310de31d8661a23,423927,results,s05_ablations,Gemma-3-27B,discovery,ibp,error,s05_ablations,70,11,
Gemma/discovery_IBP_error/s05_ablations/ibp_error_expE_prime_joint_mean_ablation.json,30b549b3ef6aec8150dcc86c08c62178,60862,results,s05_joint,Gemma-3-27B,discovery,ibp,error,s05_ablations,71,3,
Gemma/discovery_IBP_error/s05b_head_ablation/ibp_error_exp_head_ablation.json,2bbcf10e151dc14d4f2d5ec235d6a5d4,127511,results,s05b_sites,Gemma-3-27B,discovery,ibp,error,s05b_head_ablation,70,9,
Gemma/discovery_IBP_error/s05c_head_joint/ibp_error_exp_head_joint_ablation.json,8b2d847560b6020b1c380519322b868c,116552,results,s05c_groups,Gemma-3-27B,discovery,ibp,error,s05c_head_joint,70,13,
Gemma/discovery_IBP_error/s05c_head_joint/ibp_error_exp_head_joint_ablation_dry_run_report.json,f488c85a6504e0a4cf966cabc3175290,3308,results,generic,Gemma-3-27B,discovery,ibp,error,s05c_head_joint,2,1,
Gemma/discovery_IBP_error/s06_direction_subtraction/ibp_error_direction_subtraction.json,c478432af68f3d8ac97a31b19b7bc920,143033,results,s06_edits,Gemma-3-27B,discovery,ibp,error,s06_direction_subtraction,68,39,
Gemma/discovery_IBP_error/s08_c2_steering/ibp_error_exp_combined_ablation.json,e24be14f1991bbc76e4b441487b22d81,184150,results,meta_results,Gemma-3-27B,discovery,ibp,error,s08_c2_steering,2,110,
Gemma/discovery_IBP_error/s08_c2_steering/ibp_error_exp_ctrl_mag.json,0c4bf1a16565c790cea79cf0e928e3bc,119468,results,meta_results,Gemma-3-27B,discovery,ibp,error,s08_c2_steering,2,70,
Gemma/discovery_IBP_error/s09_judge/ibp_error_judge_candidates_armB.json,3d9e6465213333f0a3bee1cf640ffc76,63042,results,meta_results,Gemma-3-27B,discovery,ibp,error,s09_judge,2,23,
Gemma/heldout_DET_correct_deepsign/det_4x4_correct_deepsign_targets.json,5da6c1013605cd9d0b0ed5f9ae28659f,2282,config_targets,,Gemma-3-27B,heldout,det,correct,root,,0,
Gemma/heldout_DET_correct_deepsign/s01_logit_lens/det_4x4_correct_deepsign_expA_logit_lens.json,8f0fe69af9e404549132a7aaea862252,232465,results,lens_standard,Gemma-3-27B,heldout,det,correct,s01_logit_lens,138,12,
Gemma/heldout_DET_correct_deepsign/s02_dla/det_4x4_correct_deepsign_expB_dla.json,95278c0c92601bb6efc9330614d5dfe5,1468023,results,dla_standard,Gemma-3-27B,heldout,det,correct,s02_dla,138,181,
Gemma/heldout_DET_correct_deepsign/s02_dla/det_4x4_correct_deepsign_exp_matched_dla.json,9da44c4f528ae4d938ea57eba4d11a73,451615,results,dla_standard,Gemma-3-27B,heldout,det,correct,s02_dla,138,181,
Gemma/heldout_DET_correct_deepsign/s04_projections/det_4x4_correct_deepsign_projections.json,21490400f90120923edacb003ae722c9,54663,results,projections_meta,Gemma-3-27B,heldout,det,correct,s04_projections,2,2,
Gemma/heldout_DET_correct_deepsign/s05_ablations/det_4x4_correct_deepsign_expD_prime_mlp_mean_ablation.json,218bf133d45110e3d32d3a3f2e59a71b,843553,results,s05_ablations,Gemma-3-27B,heldout,det,correct,s05_ablations,138,11,
Gemma/heldout_DET_correct_deepsign/s05_ablations/det_4x4_correct_deepsign_expE_prime_joint_mean_ablation.json,adbbf0a98b1fcaf584302e898b17d8ab,114887,results,s05_joint,Gemma-3-27B,heldout,det,correct,s05_ablations,139,3,
Gemma/heldout_DET_correct_deepsign/s06_direction_subtraction/det_4x4_correct_deepsign_expG_prime_bias_subtraction.json,f89c5dcf6187c75f59433a5cc32fc3a9,289673,results,s06_edits,Gemma-3-27B,heldout,det,correct,s06_direction_subtraction,138,39,
Gemma/heldout_DET_correct_deepsign/s08_c2_steering/det_4x4_correct_deepsign_c2_on_correct.json,5749c8433dee79439441951b6f970055,132191,results,meta_results,Gemma-3-27B,heldout,det,correct,s08_c2_steering,2,23,
Gemma/heldout_DET_correct_deepsign/s09_judge/det_4x4_correct_deepsign_judge_candidates_armA.json,8c763b2f330268a7b1a1fa9e250094b8,120526,results,meta_results,Gemma-3-27B,heldout,det,correct,s09_judge,2,17,
Gemma/heldout_DET_correct_deepsign/s09_judge/det_4x4_correct_deepsign_judge_crossdomain.json,28632096b238b61b5b6ac9b6b9f5d968,127941,results,meta_results,Gemma-3-27B,heldout,det,correct,s09_judge,2,23,
Gemma/heldout_DET_error/det_4x4_error_targets.json,5da6c1013605cd9d0b0ed5f9ae28659f,2282,config_targets,,Gemma-3-27B,heldout,det,error,root,,0,
Gemma/heldout_DET_error/s01_logit_lens/det_4x4_error_expA_logit_lens.json,cb94839dafbcd9be07e2d22b9b995beb,214728,results,lens_standard,Gemma-3-27B,heldout,det,error,s01_logit_lens,126,12,
Gemma/heldout_DET_error/s02_dla/det_4x4_error_expB_dla.json,2deb8113fca9dddccf41e3ff1c58b388,1322379,results,dla_standard,Gemma-3-27B,heldout,det,error,s02_dla,126,181,
Gemma/heldout_DET_error/s04_projections/det_4x4_error_projections.json,c5ce2ba0bfd44a2c1984c295391ac68f,48641,results,projections_meta,Gemma-3-27B,heldout,det,error,s04_projections,2,2,
Gemma/heldout_DET_error/s05_ablations/det_4x4_error_expD_prime_mlp_mean_ablation.json,67110e268db53a7fad0e34cde27d8882,773073,results,s05_ablations,Gemma-3-27B,heldout,det,error,s05_ablations,126,11,
Gemma/heldout_DET_error/s05_ablations/det_4x4_error_expE_prime_joint_mean_ablation.json,44c740605ff7b008cb53be741b10127a,102332,results,s05_joint,Gemma-3-27B,heldout,det,error,s05_ablations,127,3,
Gemma/heldout_DET_error/s05b_head_ablation/det_4x4_error_exp_head_ablation.json,242bdc2cd56ebd19ce6d42419d562ae6,148021,results,s05b_sites,Gemma-3-27B,heldout,det,error,s05b_head_ablation,126,6,
Gemma/heldout_DET_error/s05c_head_joint/det_4x4_error_exp_head_joint_ablation.json,5dddd2d134596a561c6fe7c22d84fd26,210228,results,s05c_groups,Gemma-3-27B,heldout,det,error,s05c_head_joint,126,13,
Gemma/heldout_DET_error/s06_direction_subtraction/det_4x4_error_expG_prime_bias_subtraction.json,541207ec7c90517e7d7b822f0df33957,264414,results,s06_edits,Gemma-3-27B,heldout,det,error,s06_direction_subtraction,126,39,
Gemma/heldout_DET_error/s08_c2_steering/det_4x4_error_exp_combined_ablation.json,201dececd8b83921f6fb24d6528f7a44,339307,results,meta_results,Gemma-3-27B,heldout,det,error,s08_c2_steering,2,110,
Gemma/heldout_DET_error/s08_c2_steering/det_4x4_error_exp_ctrl_mag.json,e80c464a26f378aaf14fb648e96ef9d8,220973,results,meta_results,Gemma-3-27B,heldout,det,error,s08_c2_steering,2,70,
Gemma/heldout_DET_error/s09_judge/det_4x4_error_judge_candidates_armB.json,4b76203e50b9e0b041a7c18d5e66ea17,117195,results,meta_results,Gemma-3-27B,heldout,det,error,s09_judge,2,23,
Gemma/heldout_IBP_correct_deepsign/ibp_correct_deepsign_targets.json,aa4b5130815e51144ddfea1f1264a9c1,2350,config_targets,,Gemma-3-27B,heldout,ibp,correct,root,,0,
Gemma/heldout_IBP_correct_deepsign/s01_logit_lens/ibp_correct_deepsign_expA_logit_lens.json,3f7bd6eb42d40897d5b7250fed26b84e,254821,results,lens_standard,Gemma-3-27B,heldout,ibp,correct,s01_logit_lens,150,11,
Gemma/heldout_IBP_correct_deepsign/s02_dla/ibp_correct_deepsign_expB_dla.json,8690d24a1f1f00fe4171f3140a430734,1595584,results,dla_standard,Gemma-3-27B,heldout,ibp,correct,s02_dla,150,160,
Gemma/heldout_IBP_correct_deepsign/s02_dla/ibp_correct_deepsign_exp_matched_dla.json,99b1493e4e9addac3c3649f998a517fa,490353,results,dla_standard,Gemma-3-27B,heldout,ibp,correct,s02_dla,150,160,
Gemma/heldout_IBP_correct_deepsign/s04_projections/ibp_correct_deepsign_projections.json,5975830173614689fef58a1754296409,59004,results,projections_meta,Gemma-3-27B,heldout,ibp,correct,s04_projections,2,2,
Gemma/heldout_IBP_correct_deepsign/s05_ablations/ibp_correct_deepsign_expD_prime_mlp_mean_ablation.json,155cb64a900086107a66463ed79ea862,913924,results,s05_ablations,Gemma-3-27B,heldout,ibp,correct,s05_ablations,150,11,
Gemma/heldout_IBP_correct_deepsign/s05_ablations/ibp_correct_deepsign_expE_prime_joint_mean_ablation.json,98922cf25564608736b61b5ba40a5f83,125522,results,s05_joint,Gemma-3-27B,heldout,ibp,correct,s05_ablations,151,3,
Gemma/heldout_IBP_correct_deepsign/s06_direction_subtraction/ibp_correct_deepsign_expG_prime_bias_subtraction.json,9ea6172a3c28c39cc1a386a654887f11,317816,results,s06_edits,Gemma-3-27B,heldout,ibp,correct,s06_direction_subtraction,150,39,
Gemma/heldout_IBP_correct_deepsign/s08_c2_steering/ibp_correct_deepsign_c2_on_correct.json,5280c0b86456e72faa3d1edcdc45997c,144781,results,meta_results,Gemma-3-27B,heldout,ibp,correct,s08_c2_steering,2,23,
Gemma/heldout_IBP_correct_deepsign/s09_judge/ibp_correct_deepsign_judge_candidates_armA.json,776863ec2d79654a313cc7f11b81a2b0,131945,results,meta_results,Gemma-3-27B,heldout,ibp,correct,s09_judge,2,17,
Gemma/heldout_IBP_correct_deepsign/s09_judge/ibp_correct_deepsign_judge_crossdomain.json,d13d15d1dd7357bef52384afdcc41be7,140644,results,meta_results,Gemma-3-27B,heldout,ibp,correct,s09_judge,2,23,
Gemma/heldout_IBP_error/ibp_error_targets.json,aa4b5130815e51144ddfea1f1264a9c1,2350,config_targets,,Gemma-3-27B,heldout,ibp,error,root,,0,
Gemma/heldout_IBP_error/s01_logit_lens/ibp_error_expA_logit_lens.json,aca0f40c0857c3dfd306c8db1b31bd6e,123851,results,lens_standard,Gemma-3-27B,heldout,ibp,error,s01_logit_lens,73,12,
Gemma/heldout_IBP_error/s02_dla/ibp_error_expB_dla.json,e3a741d83777ae0c2214d7589517c4c7,763983,results,dla_standard,Gemma-3-27B,heldout,ibp,error,s02_dla,73,181,
Gemma/heldout_IBP_error/s04_projections/ibp_error_projections.json,91def35d21038a45bcf67b99cf3f2e65,28062,results,projections_meta,Gemma-3-27B,heldout,ibp,error,s04_projections,2,2,
Gemma/heldout_IBP_error/s05_ablations/ibp_error_expD_prime_mlp_mean_ablation.json,2061baaf0abbe50cf2668d7f0d2eee41,441121,results,s05_ablations,Gemma-3-27B,heldout,ibp,error,s05_ablations,73,11,
Gemma/heldout_IBP_error/s05_ablations/ibp_error_expE_prime_joint_mean_ablation.json,837772769d76067f20102d3efd02bb2a,59746,results,s05_joint,Gemma-3-27B,heldout,ibp,error,s05_ablations,74,3,
Gemma/heldout_IBP_error/s05b_head_ablation/ibp_error_exp_head_ablation.json,1277272ef6cc26bd5807eabbc84dc7e1,85183,results,s05b_sites,Gemma-3-27B,heldout,ibp,error,s05b_head_ablation,73,6,
Gemma/heldout_IBP_error/s05c_head_joint/ibp_error_exp_head_joint_ablation.json,2d0cdbe4526883973fa64408cc581b63,121309,results,s05c_groups,Gemma-3-27B,heldout,ibp,error,s05c_head_joint,73,13,
Gemma/heldout_IBP_error/s06_direction_subtraction/ibp_error_expG_prime_bias_subtraction.json,a0b0b0a61c27b8a3925c2ef431b84417,151085,results,s06_edits,Gemma-3-27B,heldout,ibp,error,s06_direction_subtraction,72,39,
Gemma/heldout_IBP_error/s08_c2_steering/ibp_error_exp_combined_ablation.json,c69e13511a199ccec45a6fcb04b68c35,194309,results,meta_results,Gemma-3-27B,heldout,ibp,error,s08_c2_steering,2,110,
Gemma/heldout_IBP_error/s08_c2_steering/ibp_error_exp_ctrl_mag.json,1f0efcafad43646a643b285079aeef4c,126298,results,meta_results,Gemma-3-27B,heldout,ibp,error,s08_c2_steering,2,70,
Gemma/heldout_IBP_error/s09_judge/ibp_error_judge_candidates_armB.json,10260e7a757313887f6eadda92a11e61,66912,results,meta_results,Gemma-3-27B,heldout,ibp,error,s09_judge,2,23,
Gemma/raw_data_DET/discovery/gemma_det4x4_correct_train_discovery_n50_deepsign_rolematched.csv,0faa84002f1c50c48efe78c6b3c6337a,8505,raw_data,,n/a,n/a,n/a,n/a,n/a,,0,
Gemma/raw_data_DET/discovery/gemma_det4x4_error_train_discovery_n92.csv,dc39bf5df2555be8c8eef1f05561c324,370010,raw_data,,n/a,n/a,n/a,n/a,n/a,,0,
Gemma/raw_data_DET/heldout/gemma_det4x4_correct_validation_heldout_n138.csv,e4a75ea45643376361a9a03048d19be7,536954,raw_data,,n/a,n/a,n/a,n/a,n/a,,0,
Gemma/raw_data_DET/heldout/gemma_det4x4_error_validation_heldout_n126.csv,593951e21755782ef333ee87e5c64ad2,523257,raw_data,,n/a,n/a,n/a,n/a,n/a,,0,
Gemma/raw_data_IBP/discovery/gemma_ibp_correct_train_discovery_n50_deepsign_rolematched.csv,c572dd2025efbc9ebce6b6534692a185,8919,raw_data,,n/a,n/a,n/a,n/a,n/a,,0,
Gemma/raw_data_IBP/discovery/gemma_ibp_error_train_discovery_n70.csv,810780ec5d318d66bf60c72bc31f14e1,557605,raw_data,,n/a,n/a,n/a,n/a,n/a,,0,
Gemma/raw_data_IBP/heldout/gemma_ibp_correct_validation_heldout_n150.csv,b21682187e47c1ef7d474f8cc99b8a7c,1321980,raw_data,,n/a,n/a,n/a,n/a,n/a,,0,
Gemma/raw_data_IBP/heldout/gemma_ibp_error_validation_heldout_n73.csv,69074188bc1c3943aacb81d1b5edf47c,591041,raw_data,,n/a,n/a,n/a,n/a,n/a,,0,
LICENSE,1c2459d6aa3edc32848955344c899bc7,1326,repo_meta,,n/a,n/a,n/a,n/a,n/a,,0,
Llama/arith_control/expA_logit_lens.json,c5810c6d3cdb00422c1134ca20ec9a06,99051,results,lens_standard,Llama-3.3-70B,control,arith,n/a,root,48,12,
Llama/arith_control/expB_dla.json,b48bc19503cbdf7e7d0b5a0d66bcc994,886325,results,dla_standard,Llama-3.3-70B,control,arith,n/a,root,48,204,
Llama/discovery_4x4_DET/s01_logit_lens/llama_correct_logit_lens.json,cc3d09717f958dbd1264d20b9cf72f57,166401,results,lens_standard,Llama-3.3-70B,discovery,det,correct,s01_logit_lens,80,12,
Llama/discovery_4x4_DET/s01_logit_lens/llama_error_logit_lens.json,24409129d751c50ade3bcbc9f9a1d9bf,33342,results,lens_standard,Llama-3.3-70B,discovery,det,error,s01_logit_lens,16,12,
Llama/discovery_4x4_DET/s02_dla/llama_correct_dla.json,ded7ddf1088ae32258b9da383cedc68a,1480311,results,dla_standard,Llama-3.3-70B,discovery,det,correct,s02_dla,80,204,
Llama/discovery_4x4_DET/s02_dla/llama_error_dla.json,d7416c46c4fee4994348f9554f740ad4,295934,results,dla_standard,Llama-3.3-70B,discovery,det,error,s02_dla,16,204,
Llama/discovery_4x4_DET/s04_projections/llama_correct_projections.json,6cbe2f82de78bba5336ee095c5f47626,29390,results,projections_meta,Llama-3.3-70B,discovery,det,correct,s04_projections,2,2,
Llama/discovery_4x4_DET/s04_projections/llama_error_projections.json,e785a9d0c225396bee675e8b02fda998,6162,results,projections_meta,Llama-3.3-70B,discovery,det,error,s04_projections,2,2,
Llama/discovery_4x4_DET/s05_ablations/llama_correct_habit_ablation.json,2d77330ea7da39c9bfe8772328b7200e,939128,results,s05_ablations,Llama-3.3-70B,discovery,det,correct,s05_ablations,80,11,
Llama/discovery_4x4_DET/s05_ablations/llama_correct_joint_ablation.json,f491ad74d6ef04c3c2d2bf78a1d9fe66,64973,results,s05_joint,Llama-3.3-70B,discovery,det,correct,s05_ablations,81,3,
Llama/discovery_4x4_DET/s05_ablations/llama_error_habit_ablation.json,2cafdded215fab29af182f8789967705,194698,results,s05_ablations,Llama-3.3-70B,discovery,det,error,s05_ablations,16,11,
Llama/discovery_4x4_DET/s05_ablations/llama_error_joint_ablation.json,fe77f292303c4940690332904a8bd337,13829,results,s05_joint,Llama-3.3-70B,discovery,det,error,s05_ablations,17,3,
Llama/discovery_4x4_DET/s06_direction_subtraction/llama_correct_bias_subtraction.json,0ca64a9579c9eeb8ff5edcb461370ae8,168273,results,s06_edits,Llama-3.3-70B,discovery,det,correct,s06_direction_subtraction,80,39,
Llama/discovery_4x4_DET/s06_direction_subtraction/llama_error_bias_subtraction.json,4771187a684eea8707c1f7e9eb4fdfec,31432,results,s06_edits,Llama-3.3-70B,discovery,det,error,s06_direction_subtraction,15,39,
Llama/discovery_4x4_DET/s07_patching/llama_error_correct_mean_patch.json,ac624f3c9c985b94e2c3584278278411,12591,results,s07_patches,Llama-3.3-70B,discovery,det,error,s07_patching,15,11,
Llama/discovery_4x4_DET/s07_patching/llama_error_reverse_patch.json,6de7d7546a8c1b841509eb192fdda096,45217,results,s07_patches,Llama-3.3-70B,discovery,det,error,s07_patching,80,10,
Llama/discovery_4x4_DET/s07_patching/llama_error_signmatched_patch.json,81fd654c115a77057cebefe2ef396f15,17736,results,meta_results,Llama-3.3-70B,discovery,det,error,s07_patching,2,20,
Llama/discovery_4x4_DET/s08_c2_steering/llama_correct_c2_on_correct.json,7011458a0be4eb31c52ba3b27827301e,76818,results,meta_results,Llama-3.3-70B,discovery,det,correct,s08_c2_steering,2,23,
Llama/discovery_4x4_DET/s09_judge/llama_correct_judge_candidates_armA.json,123b511e5effa1113f9f48d3ee955d7e,69989,results,meta_results,Llama-3.3-70B,discovery,det,correct,s09_judge,2,17,
Llama/discovery_4x4_DET/s09_judge/llama_error_judge_candidates_armB.json,c3ec3453ce852d40103ac7e2b06453d2,14038,results,meta_results,Llama-3.3-70B,discovery,det,error,s09_judge,2,23,
Llama/discovery_IBP/ibp_correct_targets.json,0e7385c44f78b58eef447f3541d89ec7,1523,config_targets,,Llama-3.3-70B,discovery,ibp,correct,root,,0,
Llama/discovery_IBP/ibp_error_targets.json,4ba9c4fddf033364497a6694b7bd8a19,2849,config_targets,,Llama-3.3-70B,discovery,ibp,error,root,,0,
Llama/discovery_IBP/s01_logit_lens/ibp_correct_expA_logit_lens.json,185ccda2f1e42ec4ca1e857041fb37cc,47389,results,lens_standard,Llama-3.3-70B,discovery,ibp,correct,s01_logit_lens,23,11,
Llama/discovery_IBP/s01_logit_lens/ibp_error_expA_logit_lens.json,367a0a385cebf0d8fdb09af916d00205,45677,results,lens_standard,Llama-3.3-70B,discovery,ibp,error,s01_logit_lens,22,12,
Llama/discovery_IBP/s02_dla/ibp_correct_expB_dla.json,bb10abc8015ebda936748dfd1c8903c2,425623,results,dla_standard,Llama-3.3-70B,discovery,ibp,correct,s02_dla,23,188,
Llama/discovery_IBP/s02_dla/ibp_error_expB_dla.json,7ccab047d1012f787b36a49cf60dffea,407246,results,dla_standard,Llama-3.3-70B,discovery,ibp,error,s02_dla,22,204,
Llama/discovery_IBP/s04_projections/ibp_correct_projections.json,dc3d6c8bea8ab717220f7fd08c1e56ef,8656,results,projections_meta,Llama-3.3-70B,discovery,ibp,correct,s04_projections,2,2,
Llama/discovery_IBP/s04_projections/ibp_error_projections.json,730459fa73feb31232b2d574e9425200,6964,results,projections_meta,Llama-3.3-70B,discovery,ibp,error,s04_projections,2,2,
Llama/discovery_IBP/s05_ablations/ibp_correct_habit_ablation.json,e9434c5e6f3afdd4978028adc215831b,270629,results,s05_ablations,Llama-3.3-70B,discovery,ibp,correct,s05_ablations,23,11,
Llama/discovery_IBP/s05_ablations/ibp_correct_joint_ablation.json,88fd10e16759eb4931d31ffbbf450959,19164,results,s05_joint,Llama-3.3-70B,discovery,ibp,correct,s05_ablations,24,3,
Llama/discovery_IBP/s05_ablations/ibp_error_habit_ablation.json,37108d1a329c9a3d132ef1c4538e3190,262981,results,s05_ablations,Llama-3.3-70B,discovery,ibp,error,s05_ablations,22,11,
Llama/discovery_IBP/s05_ablations/ibp_error_joint_ablation.json,f1dbbcb2215d97b7c3ccbab934cce8b7,18199,results,s05_joint,Llama-3.3-70B,discovery,ibp,error,s05_ablations,23,3,
Llama/discovery_IBP/s06_direction_subtraction/ibp_correct_direction_subtraction.json,a8bde072e6788b6e7c432929e31d7db6,48538,results,s06_edits,Llama-3.3-70B,discovery,ibp,correct,s06_direction_subtraction,23,39,
Llama/discovery_IBP/s06_direction_subtraction/ibp_error_direction_subtraction.json,48fd63debf438363c3b73cbd27b18ad4,39683,results,s06_edits,Llama-3.3-70B,discovery,ibp,error,s06_direction_subtraction,19,39,
Llama/discovery_IBP/s07_patching/ibp_error_correct_mean_patch.json,6bb9d3c8beae3f34bd32d2d7df9436e8,15881,results,s07_patches,Llama-3.3-70B,discovery,ibp,error,s07_patching,19,11,
Llama/discovery_IBP/s07_patching/ibp_error_reverse_patch.json,3c83340f65dbafc8c0ceb074f9f51119,13071,results,s07_patches,Llama-3.3-70B,discovery,ibp,error,s07_patching,23,10,
Llama/discovery_IBP/s07_patching/ibp_error_signmatched_patch.json,9c6ad3afeec0b956cd24fafb53619963,17705,results,meta_results,Llama-3.3-70B,discovery,ibp,error,s07_patching,2,20,
Llama/discovery_IBP/s08_c2_steering/ibp_correct_c2_on_correct.json,63899e49df63331ea2f62068888c9a8a,22485,results,meta_results,Llama-3.3-70B,discovery,ibp,correct,s08_c2_steering,2,23,
Llama/discovery_IBP/s08_c2_steering/ibp_error_combined_ablation.json,7680f48d49bfc3b12f6f40236d4a925f,51442,results,meta_results,Llama-3.3-70B,discovery,ibp,error,s08_c2_steering,2,110,
Llama/discovery_IBP/s08_c2_steering/ibp_error_ctrl_mag.json,b22df16181746ad7f41446a3c7d3b084,33456,results,meta_results,Llama-3.3-70B,discovery,ibp,error,s08_c2_steering,2,70,
Llama/discovery_IBP/s09_judge/ibp_correct_judge_candidates_armA.json,1f52f8531050e20ce561c92f392a37fc,20295,results,meta_results,Llama-3.3-70B,discovery,ibp,correct,s09_judge,2,17,
Llama/discovery_IBP/s09_judge/ibp_correct_judge_crossdomain.json,7ffb5e8eebfe5f9a30ba890721779266,21871,results,meta_results,Llama-3.3-70B,discovery,ibp,correct,s09_judge,2,23,
Llama/discovery_IBP/s09_judge/ibp_error_judge_candidates_armB.json,76ff1b22d62917ba84b0287728ed43a6,17724,results,meta_results,Llama-3.3-70B,discovery,ibp,error,s09_judge,2,23,
Llama/heldout_4x4_DET/s01_logit_lens/det_4x4_correct_expA_logit_lens.json,94cfe38d7963fac338a84ad01b329569,270041,results,lens_standard,Llama-3.3-70B,heldout,det,correct,s01_logit_lens,130,12,
Llama/heldout_4x4_DET/s01_logit_lens/det_4x4_error_expA_logit_lens.json,931337d1c2b87b4e361f6886bb2d456d,399654,results,lens_standard,Llama-3.3-70B,heldout,det,error,s01_logit_lens,192,12,
Llama/heldout_4x4_DET/s02_dla/det_4x4_correct_expB_dla.json,75c4fa29a0b14462f1422c701764126b,2403678,results,dla_standard,Llama-3.3-70B,heldout,det,correct,s02_dla,130,204,
Llama/heldout_4x4_DET/s02_dla/det_4x4_error_expB_dla.json,2674357da57915eeca05bef47b690aac,3551524,results,dla_standard,Llama-3.3-70B,heldout,det,error,s02_dla,192,204,
Llama/heldout_4x4_DET/s04_projections/det_4x4_correct_projections.json,5be84e2b16eb5b69afad868234da1d03,45949,results,projections_case,Llama-3.3-70B,heldout,det,correct,s04_projections,130,25,
Llama/heldout_4x4_DET/s04_projections/det_4x4_error_projections.json,ff6d44400798130eecc0ae0f14d1c0c0,67728,results,projections_case,Llama-3.3-70B,heldout,det,error,s04_projections,192,25,
Llama/heldout_4x4_DET/s05_ablations/det_4x4_correct_L78_ablation.json,0279f101e1e4d1df28345736151e281c,39427,results,flat_delta,Llama-3.3-70B,heldout,det,correct,s05_ablations,130,2,
Llama/heldout_4x4_DET/s05_ablations/det_4x4_error_L78_ablation.json,c5aa1dfb1d1e1e8bd80c96023c514923,58236,results,flat_delta,Llama-3.3-70B,heldout,det,error,s05_ablations,192,2,
Llama/heldout_4x4_DET/s05_ablations/det_4x4_error_habit_ablation.json,62783780eeb8583a1a79bd5a4dc78d9c,143834,results,flat_delta,Llama-3.3-70B,heldout,det,error,s05_ablations,192,6,
Llama/heldout_4x4_DET/s05_ablations/det_4x4_error_joint_ablation.json,1219309d0a3994bc0a33a7d95cb43fe2,166549,results,s05_joint,Llama-3.3-70B,heldout,det,error,s05_ablations,192,3,
Llama/heldout_4x4_DET/s05_ablations/det_4x4_error_perhead_ablation_RAW.json,b591bc600f9699686603c95af50292d9,2032932,results,s05_ablations,Llama-3.3-70B,heldout,det,error,s05_ablations,192,13,
Llama/heldout_4x4_DET/s06_direction_subtraction/det_4x4_error_direction_subtraction.json,288bcbeed4f7426de45dc6ae1e4dc0b1,396195,results,s06_edits,Llama-3.3-70B,heldout,det,error,s06_direction_subtraction,189,39,
Llama/heldout_4x4_DET/s07_patching/det_4x4_correct_reverse_patch.json,64efd81d82f00b376cd82e3a4ec22d19,73643,results,s07_patches,Llama-3.3-70B,heldout,det,correct,s07_patching,130,10,
Llama/heldout_4x4_DET/s07_patching/det_4x4_error_correct_mean_patch.json,90b3d12e900a14baa4558d1258003364,158589,results,s07_patches,Llama-3.3-70B,heldout,det,error,s07_patching,189,11,
Llama/heldout_4x4_DET/s07_patching/det_4x4_error_signmatched_patch.json,1be356235c907aca1f84dbad1236a2f8,219119,results,meta_results,Llama-3.3-70B,heldout,det,error,s07_patching,2,20,
Llama/heldout_4x4_DET/s08_c2_steering/det_4x4_correct_c2_on_correct.json,b8e1c47deb379d206873247f76823997,124828,results,meta_results,Llama-3.3-70B,heldout,det,correct,s08_c2_steering,2,23,
Llama/heldout_4x4_DET/s08_c2_steering/det_4x4_error_combined_ablation.json,878413eb7a549baa3fb4e202df96eaae,508934,results,meta_results,Llama-3.3-70B,heldout,det,error,s08_c2_steering,2,110,
Llama/heldout_4x4_DET/s08_c2_steering/det_4x4_error_ctrl_mag.json,59242801dc781af33c1860a899402008,329623,results,meta_results,Llama-3.3-70B,heldout,det,error,s08_c2_steering,2,70,
Llama/heldout_4x4_DET/s09_judge/det_4x4_correct_judge_candidates_armA.json,a5a4287818f588dfe9395c61e1962d8f,113865,results,meta_results,Llama-3.3-70B,heldout,det,correct,s09_judge,2,17,
Llama/heldout_4x4_DET/s09_judge/det_4x4_correct_judge_crossdomain_RAW_STRAY.json,efaa0a108d542050628841e95fb3090a,120143,results,meta_results,Llama-3.3-70B,heldout,det,correct,s09_judge,2,23,
Llama/heldout_4x4_DET/s09_judge/det_4x4_error_judge_candidates_armB.json,7dbc7ad47709aa9488f122714d91dd32,174788,results,meta_results,Llama-3.3-70B,heldout,det,error,s09_judge,2,23,
Llama/heldout_IBP/ibp_correct_targets.json,0e7385c44f78b58eef447f3541d89ec7,1523,config_targets,,Llama-3.3-70B,heldout,ibp,correct,root,,0,
Llama/heldout_IBP/ibp_error_targets.json,4ba9c4fddf033364497a6694b7bd8a19,2849,config_targets,,Llama-3.3-70B,heldout,ibp,error,root,,0,
Llama/heldout_IBP/s01_logit_lens/ibp_correct_expA_logit_lens.json,e2fb7584ad6ebc8cc39fdf811ecd6fda,97485,results,lens_standard,Llama-3.3-70B,heldout,ibp,correct,s01_logit_lens,47,12,
Llama/heldout_IBP/s01_logit_lens/ibp_error_expA_logit_lens.json,f60c4e65a95c574b67486218dd46429d,43580,results,lens_standard,Llama-3.3-70B,heldout,ibp,error,s01_logit_lens,21,12,
Llama/heldout_IBP/s02_dla/ibp_correct_expB_dla.json,ce887c2a4ad23528f5c501621d8c0428,866185,results,dla_standard,Llama-3.3-70B,heldout,ibp,correct,s02_dla,47,204,
Llama/heldout_IBP/s02_dla/ibp_error_expB_dla.json,3ee4da93712ba32e87eccf9992f4247e,388721,results,dla_standard,Llama-3.3-70B,heldout,ibp,error,s02_dla,21,204,
Llama/heldout_IBP/s04_projections/ibp_correct_projections.json,858440dcc02c949db55dbf9e22d981a8,17428,results,projections_meta,Llama-3.3-70B,heldout,ibp,correct,s04_projections,2,2,
Llama/heldout_IBP/s04_projections/ibp_error_projections.json,7a144c4565f981f20c7c86815a01156d,6676,results,projections_meta,Llama-3.3-70B,heldout,ibp,error,s04_projections,2,2,
Llama/heldout_IBP/s05_ablations/ibp_correct_habit_ablation.json,e9421f9a32f4314978440b7ccb3477be,556059,results,s05_ablations,Llama-3.3-70B,heldout,ibp,correct,s05_ablations,47,11,
Llama/heldout_IBP/s05_ablations/ibp_correct_joint_ablation.json,2c66b2605ad0ad1117428cddca9331b2,38754,results,s05_joint,Llama-3.3-70B,heldout,ibp,correct,s05_ablations,48,3,
Llama/heldout_IBP/s05_ablations/ibp_error_habit_ablation.json,bbb5fe54f52fa277752b7004036c78b8,251009,results,s05_ablations,Llama-3.3-70B,heldout,ibp,error,s05_ablations,21,11,
Llama/heldout_IBP/s05_ablations/ibp_error_joint_ablation.json,24484e8c0aacb3e4bd6dc81cb09a3581,17482,results,s05_joint,Llama-3.3-70B,heldout,ibp,error,s05_ablations,22,3,
Llama/heldout_IBP/s06_direction_subtraction/ibp_correct_direction_subtraction.json,e6a727f6e9d3e92fa0905b9df22ae8dd,99301,results,s06_edits,Llama-3.3-70B,heldout,ibp,correct,s06_direction_subtraction,47,39,
Llama/heldout_IBP/s06_direction_subtraction/ibp_error_direction_subtraction.json,0bc873724a917c0ac07323515b72c944,41976,results,s06_edits,Llama-3.3-70B,heldout,ibp,error,s06_direction_subtraction,20,39,
Llama/heldout_IBP/s07_patching/ibp_error_correct_mean_patch.json,da822f19d80e8e589384a319856d9791,16790,results,s07_patches,Llama-3.3-70B,heldout,ibp,error,s07_patching,20,11,
Llama/heldout_IBP/s07_patching/ibp_error_reverse_patch.json,a5ec126fe0bf01a8bad5808abc8609c8,26709,results,s07_patches,Llama-3.3-70B,heldout,ibp,error,s07_patching,47,10,
Llama/heldout_IBP/s07_patching/ibp_error_signmatched_patch.json,0a2d00e028e8e8727064adb071bd29ef,23411,results,meta_results,Llama-3.3-70B,heldout,ibp,error,s07_patching,2,20,
Llama/heldout_IBP/s08_c2_steering/ibp_correct_c2_on_correct.json,ad32b3d000e7c3de9bb8066fbd0b11ec,45649,results,meta_results,Llama-3.3-70B,heldout,ibp,correct,s08_c2_steering,2,23,
Llama/heldout_IBP/s08_c2_steering/ibp_error_combined_ablation.json,91fd2e8fa5e3543791d187223e419aaf,54353,results,meta_results,Llama-3.3-70B,heldout,ibp,error,s08_c2_steering,2,110,
Llama/heldout_IBP/s08_c2_steering/ibp_error_ctrl_mag.json,4a8f3c1c32c091a3630d2afcdc8aae4f,35314,results,meta_results,Llama-3.3-70B,heldout,ibp,error,s08_c2_steering,2,70,
Llama/heldout_IBP/s09_judge/ibp_correct_judge_candidates_armA.json,a09bc231ee4e5eaf1c61d19c54f0e1d9,41305,results,meta_results,Llama-3.3-70B,heldout,ibp,correct,s09_judge,2,17,
Llama/heldout_IBP/s09_judge/ibp_correct_judge_crossdomain.json,5c2f31943169d0d4d531dbeab4b1a8ef,44275,results,meta_results,Llama-3.3-70B,heldout,ibp,correct,s09_judge,2,23,
Llama/heldout_IBP/s09_judge/ibp_error_judge_candidates_armB.json,ec827e5ce3c4f6d8eadb8b678cafbf8b,18741,results,meta_results,Llama-3.3-70B,heldout,ibp,error,s09_judge,2,23,
Llama/raw_data_IBP/discovery/llama_ibp_correct_pts_final_n23.xlsx,85a6374c0c6a10df610336d8e87e7cdb,127064,raw_data,,n/a,n/a,n/a,n/a,n/a,,0,
Llama/raw_data_IBP/discovery/llama_ibp_error_pts_final_n22.xlsx,18be8130a39b3d364f32cbc8088de81c,249591,raw_data,,n/a,n/a,n/a,n/a,n/a,,0,
Mistral-Large-675B/determinant/expA_logit_lens.json,6f4248aea6d2b1ca545e1d8e4e2a6a11,155412,results,lens_675,Mistral-Large-675B,single,det,error,root,51,12,
Mistral-Large-675B/determinant/expB_dla.json,b05760b6683cc2b138d769aaa73a2637,1926217,results,dla_675,Mistral-Large-675B,single,det,error,root,51,123,
Mistral-Large-675B/raw_data/mistral_5x5_experiment_ready.xlsx,0dca6fb43ca4b2741375369831101a7e,81637,raw_data,,n/a,n/a,n/a,n/a,n/a,,0,
Mistral-Small-24B/arith_control/expA_logit_lens.json,a21634f9d91824ce812dea1533f57faf,60418,results,lens_standard,Mistral-Small-24B,control,arith,n/a,root,48,12,
Mistral-Small-24B/arith_control/expB_dla.json,915e0681cb2b5da6422e0f5688e8ff6d,481160,results,dla_standard,Mistral-Small-24B,control,arith,n/a,root,48,124,
Mistral-Small-24B/discovery_DET_correct_deepsign/det_4x4_correct_deepsign_targets.json,f240f3b45b707d20e106ae6a79bd7136,1990,config_targets,,Mistral-Small-24B,discovery,det,correct,root,,0,
Mistral-Small-24B/discovery_DET_correct_deepsign/det_4x4_correct_deepsign_targets_autopick_backup.json,8275d65dcc8915681c82f03dab4e3933,1885,config_targets,,Mistral-Small-24B,discovery,det,correct,root,,0,
Mistral-Small-24B/discovery_DET_correct_deepsign/s01_logit_lens/det_4x4_correct_deepsign_expA_logit_lens.json,1060dc9a276ab2588c79b7eed62f13cd,100735,results,lens_standard,Mistral-Small-24B,discovery,det,correct,s01_logit_lens,78,12,
Mistral-Small-24B/discovery_DET_correct_deepsign/s02_dla/det_4x4_correct_deepsign_expB_dla.json,7b306cdea51be8fff5c7ea4837a9a76d,784348,results,dla_standard,Mistral-Small-24B,discovery,det,correct,s02_dla,78,124,
Mistral-Small-24B/discovery_DET_correct_deepsign/s02_dla/det_4x4_correct_deepsign_exp_matched_dla.json,4680795fa1fed04f7bd569e11200e5f7,186167,results,dla_standard,Mistral-Small-24B,discovery,det,correct,s02_dla,78,124,
Mistral-Small-24B/discovery_DET_correct_deepsign/s04_projections/det_4x4_correct_deepsign_projections.json,20b47976053b5e096f9519b3ef83b70e,24927,results,projections_meta,Mistral-Small-24B,discovery,det,correct,s04_projections,2,2,
Mistral-Small-24B/discovery_DET_correct_deepsign/s05_ablations/det_4x4_correct_deepsign_expD_prime_mlp_mean_ablation.json,9ac2866d67f89c6e382d5a97fbe8c071,462685,results,s05_ablations,Mistral-Small-24B,discovery,det,correct,s05_ablations,78,12,
Mistral-Small-24B/discovery_DET_correct_deepsign/s05_ablations/det_4x4_correct_deepsign_expE_prime_joint_mean_ablation.json,0ce5567de34427e0c39f243b07ade369,66759,results,s05_joint,Mistral-Small-24B,discovery,det,correct,s05_ablations,79,3,
Mistral-Small-24B/discovery_DET_correct_deepsign/s06_direction_subtraction/det_4x4_correct_deepsign_expG_prime_bias_subtraction.json,ecabbebe8a3a49caa34900015c002d5c,201758,results,s06_edits,Mistral-Small-24B,discovery,det,correct,s06_direction_subtraction,78,48,
Mistral-Small-24B/discovery_DET_correct_deepsign/s08_c2_steering/det_4x4_correct_deepsign_c2_on_correct.json,fbfefe6d05ca7752e4999c775c2d37b2,75228,results,meta_results,Mistral-Small-24B,discovery,det,correct,s08_c2_steering,2,23,
Mistral-Small-24B/discovery_DET_correct_deepsign/s09_judge/det_4x4_correct_deepsign_judge_crossdomain.json,bff54aebb0083d7435ccb1326cbe6863,73106,results,meta_results,Mistral-Small-24B,discovery,det,correct,s09_judge,2,23,
Mistral-Small-24B/discovery_DET_error/det_4x4_error_sites.json,84b4da86811432c3fec80c05632da9ca,733,config_sites,,Mistral-Small-24B,discovery,det,error,root,,0,
Mistral-Small-24B/discovery_DET_error/det_4x4_error_targets.json,6711216b7e5b31319e8f97016b83fe22,1810,config_targets,,Mistral-Small-24B,discovery,det,error,root,,0,
Mistral-Small-24B/discovery_DET_error/s01_logit_lens/det_4x4_error_expA_logit_lens.json,4ff16660f7857f54383ce5e336570621,122841,results,lens_standard,Mistral-Small-24B,discovery,det,error,s01_logit_lens,95,12,
Mistral-Small-24B/discovery_DET_error/s02_dla/det_4x4_error_expB_dla.json,4eabc0025cbd11fce3ff9fedf72e2fd7,956323,results,dla_standard,Mistral-Small-24B,discovery,det,error,s02_dla,95,124,
Mistral-Small-24B/discovery_DET_error/s02_dla/det_4x4_error_exp_matched_dla.json,f2f042620545a0819de0cc8314966605,227122,results,dla_standard,Mistral-Small-24B,discovery,det,error,s02_dla,95,124,
Mistral-Small-24B/discovery_DET_error/s04_projections/det_4x4_error_projections.json,e4b93a287a6a007567f5328828e051ec,50189,results,projections_meta,Mistral-Small-24B,discovery,det,error,s04_projections,2,2,
Mistral-Small-24B/discovery_DET_error/s05_ablations/det_4x4_error_expD_prime_L32_check_det.json,70d33734f3e28cba2e57921c13304ac4,220409,results,s05_ablations,Mistral-Small-24B,discovery,det,error,s05_ablations,93,4,
Mistral-Small-24B/discovery_DET_error/s05_ablations/det_4x4_error_expD_prime_mlp_mean_ablation.json,a3e0776d7f83709e08c35ed49d048bcc,552983,results,s05_ablations,Mistral-Small-24B,discovery,det,error,s05_ablations,93,12,
Mistral-Small-24B/discovery_DET_error/s05_ablations/det_4x4_error_expE_prime_joint_mean_ablation.json,a17cc083524e3f94ca0c153111a74e8e,79308,results,s05_joint,Mistral-Small-24B,discovery,det,error,s05_ablations,94,3,
Mistral-Small-24B/discovery_DET_error/s05b_head_ablation/det_4x4_error_exp_head_ablation.json,21f8600584c4e39e089af5a6aa30cbb8,169773,results,s05b_sites,Mistral-Small-24B,discovery,det,error,s05b_head_ablation,93,9,
Mistral-Small-24B/discovery_DET_error/s05c_head_joint/det_4x4_error_exp_head_joint_ablation.json,494dc189e57b641e35fac91454e45252,155196,results,s05c_groups,Mistral-Small-24B,discovery,det,error,s05c_head_joint,93,13,
Mistral-Small-24B/discovery_DET_error/s05c_head_joint/det_4x4_error_exp_head_joint_ablation_dry_run_report.json,2965bb98a5f368b01a57fccce2f8ce69,2800,results,generic,Mistral-Small-24B,discovery,det,error,s05c_head_joint,2,1,
Mistral-Small-24B/discovery_DET_error/s06_direction_subtraction/det_4x4_error_expG_prime_bias_subtraction.json,ade78846e9eac316e62801d6144e3cfa,233890,results,s06_edits,Mistral-Small-24B,discovery,det,error,s06_direction_subtraction,91,48,
Mistral-Small-24B/discovery_DET_error/s08_c2_steering/det_4x4_error_exp_combined_ablation.json,8b9d3441b5cf868ee1e04644e081e5dd,245427,results,meta_results,Mistral-Small-24B,discovery,det,error,s08_c2_steering,2,110,
Mistral-Small-24B/discovery_DET_error/s08_c2_steering/det_4x4_error_exp_ctrl_mag.json,8c7e73f8731ab0deb82e3c9c882c7e1a,158663,results,meta_results,Mistral-Small-24B,discovery,det,error,s08_c2_steering,2,70,
Mistral-Small-24B/discovery_DET_error/s09_judge/det_4x4_error_judge_candidates_armB.json,ef81098e9b67786189af5fc0bc5197c9,84494,results,meta_results,Mistral-Small-24B,discovery,det,error,s09_judge,2,23,
Mistral-Small-24B/discovery_IBP_correct_deepsign/ibp_correct_deepsign_targets.json,9b2a697733e1997b86d3b561aa14c62a,1850,config_targets,,Mistral-Small-24B,discovery,ibp,correct,root,,0,
Mistral-Small-24B/discovery_IBP_correct_deepsign/ibp_correct_deepsign_targets_autopick_backup.json,fab6ebf7f5ccf4c6a615ab96dd4529e3,1663,config_targets,,Mistral-Small-24B,discovery,ibp,correct,root,,0,
Mistral-Small-24B/discovery_IBP_correct_deepsign/s01_logit_lens/ibp_correct_deepsign_expA_logit_lens.json,20e73843f9a49fa17329a7c9d0ecbead,54857,results,lens_standard,Mistral-Small-24B,discovery,ibp,correct,s01_logit_lens,43,12,
Mistral-Small-24B/discovery_IBP_correct_deepsign/s02_dla/ibp_correct_deepsign_expB_dla.json,27685f1b10aa716be8d10a10ede3cfbd,431598,results,dla_standard,Mistral-Small-24B,discovery,ibp,correct,s02_dla,43,124,
Mistral-Small-24B/discovery_IBP_correct_deepsign/s02_dla/ibp_correct_deepsign_exp_matched_dla.json,6e83f106ea9fa4fb1230fe4d7a514beb,101986,results,dla_standard,Mistral-Small-24B,discovery,ibp,correct,s02_dla,43,124,
Mistral-Small-24B/discovery_IBP_correct_deepsign/s04_projections/ibp_correct_deepsign_projections.json,dd91a73b5c15cd8902151cd92be8c25e,13728,results,projections_meta,Mistral-Small-24B,discovery,ibp,correct,s04_projections,2,2,
Mistral-Small-24B/discovery_IBP_correct_deepsign/s05_ablations/ibp_correct_deepsign_expD_prime_mlp_mean_ablation.json,18ff33b2347e5893a01e20d3a80f13b0,256725,results,s05_ablations,Mistral-Small-24B,discovery,ibp,correct,s05_ablations,43,12,
Mistral-Small-24B/discovery_IBP_correct_deepsign/s05_ablations/ibp_correct_deepsign_expE_prime_joint_mean_ablation.json,2e94473ae76e4c9c820972288e3fbdc1,36766,results,s05_joint,Mistral-Small-24B,discovery,ibp,correct,s05_ablations,44,3,
Mistral-Small-24B/discovery_IBP_correct_deepsign/s06_direction_subtraction/ibp_correct_deepsign_expG_prime_bias_subtraction.json,c521edcec9593ae15a4130163ed34007,108623,results,s06_edits,Mistral-Small-24B,discovery,ibp,correct,s06_direction_subtraction,42,48,
Mistral-Small-24B/discovery_IBP_correct_deepsign/s08_c2_steering/ibp_correct_deepsign_c2_on_correct.json,d5ab60457791adbf096defab02da9468,41617,results,meta_results,Mistral-Small-24B,discovery,ibp,correct,s08_c2_steering,2,23,
Mistral-Small-24B/discovery_IBP_correct_deepsign/s09_judge/ibp_correct_deepsign_judge_crossdomain.json,0978fba45727e01135db30872fe29a98,39453,results,meta_results,Mistral-Small-24B,discovery,ibp,correct,s09_judge,2,23,
Mistral-Small-24B/discovery_IBP_error/ibp_error_sites.json,fae933fe58141a061f931065100a4997,733,config_sites,,Mistral-Small-24B,discovery,ibp,error,root,,0,
Mistral-Small-24B/discovery_IBP_error/ibp_error_targets.json,cfad9e4d0ab308e286debc94c816cfb0,1436,config_targets,,Mistral-Small-24B,discovery,ibp,error,root,,0,
Mistral-Small-24B/discovery_IBP_error/s01_logit_lens/ibp_error_expA_logit_lens.json,412fe0ee94add31e283c44aea4b91d1f,50418,results,lens_standard,Mistral-Small-24B,discovery,ibp,error,s01_logit_lens,39,11,
Mistral-Small-24B/discovery_IBP_error/s02_dla/ibp_error_expB_dla.json,153ec023ea784fdf399e84d0f2339cae,392702,results,dla_standard,Mistral-Small-24B,discovery,ibp,error,s02_dla,39,108,
Mistral-Small-24B/discovery_IBP_error/s02_dla/ibp_error_exp_matched_dla.json,28074acb6123ade7a1d23aa9a3019a2d,93058,results,dla_standard,Mistral-Small-24B,discovery,ibp,error,s02_dla,39,108,
Mistral-Small-24B/discovery_IBP_error/s04_projections/ibp_error_projections.json,3d9da1886f9caecc96907c19e00b7180,21071,results,projections_meta,Mistral-Small-24B,discovery,ibp,error,s04_projections,2,2,
Mistral-Small-24B/discovery_IBP_error/s05_ablations/ibp_error_expD_prime_ibp_L15_L25_controls.json,e85d3049622b491cb886dbcc93b5a2a7,71919,results,s05_ablations,Mistral-Small-24B,discovery,ibp,error,s05_ablations,39,3,
Mistral-Small-24B/discovery_IBP_error/s05_ablations/ibp_error_expD_prime_mlp_mean_ablation.json,ffaab6976ca620c353f2412b25f08382,234306,results,s05_ablations,Mistral-Small-24B,discovery,ibp,error,s05_ablations,39,12,
Mistral-Small-24B/discovery_IBP_error/s05_ablations/ibp_error_expE_prime_joint_mean_ablation.json,ae57711075c80ad02a790d5a5c02fd0a,35392,results,s05_joint,Mistral-Small-24B,discovery,ibp,error,s05_ablations,40,3,
Mistral-Small-24B/discovery_IBP_error/s05b_head_ablation/ibp_error_exp_head_ablation.json,e6973a909968039fac947383d5210df3,70961,results,s05b_sites,Mistral-Small-24B,discovery,ibp,error,s05b_head_ablation,39,9,
Mistral-Small-24B/discovery_IBP_error/s06_direction_subtraction/ibp_error_expG_prime_bias_subtraction.json,d98a27536550ff070ca7abeae49d2f5a,90187,results,s06_edits,Mistral-Small-24B,discovery,ibp,error,s06_direction_subtraction,35,48,
Mistral-Small-24B/discovery_IBP_error/s08_c2_steering/ibp_error_exp_combined_ablation.json,2892cb25989de271d03953790612ee18,95015,results,meta_results,Mistral-Small-24B,discovery,ibp,error,s08_c2_steering,2,110,
Mistral-Small-24B/discovery_IBP_error/s08_c2_steering/ibp_error_exp_ctrl_mag.json,c549cdf695d707ace9752727144ff426,61414,results,meta_results,Mistral-Small-24B,discovery,ibp,error,s08_c2_steering,2,70,
Mistral-Small-24B/discovery_IBP_error/s09_judge/ibp_error_judge_candidates_armB.json,a90b734fb25eaaf06aad4ed45a38a680,32582,results,meta_results,Mistral-Small-24B,discovery,ibp,error,s09_judge,2,23,
Mistral-Small-24B/heldout_DET_correct_deepsign/det_4x4_correct_deepsign_targets.json,cd0136515d00e0740a8a341c7c23e804,481,config_targets,,Mistral-Small-24B,heldout,det,correct,root,,0,
Mistral-Small-24B/heldout_DET_correct_deepsign/s01_logit_lens/det_4x4_correct_deepsign_expA_logit_lens.json,ffff6cb063890ec220a326cea036ec14,157690,results,lens_standard,Mistral-Small-24B,heldout,det,correct,s01_logit_lens,122,12,
Mistral-Small-24B/heldout_DET_correct_deepsign/s02_dla/det_4x4_correct_deepsign_expB_dla.json,6ef94b6758fe1a9c7940f8ceba449010,1227081,results,dla_standard,Mistral-Small-24B,heldout,det,correct,s02_dla,122,124,
Mistral-Small-24B/heldout_DET_correct_deepsign/s02_dla/det_4x4_correct_deepsign_exp_matched_dla.json,0fe69bea015631bfd9fc2cdcc8636ec9,291239,results,dla_standard,Mistral-Small-24B,heldout,det,correct,s02_dla,122,124,
Mistral-Small-24B/heldout_DET_correct_deepsign/s04_projections/det_4x4_correct_deepsign_projections.json,19e66199a31cedd2fc1f27dd4f4b5dc6,38841,results,projections_meta,Mistral-Small-24B,heldout,det,correct,s04_projections,2,2,
Mistral-Small-24B/heldout_DET_correct_deepsign/s05_ablations/det_4x4_correct_deepsign_expD_prime_mlp_mean_ablation.json,bba64a39f5c32bc8ae5b4ca44cf3c547,542042,results,s05_ablations,Mistral-Small-24B,heldout,det,correct,s05_ablations,122,9,
Mistral-Small-24B/heldout_DET_correct_deepsign/s05_ablations/det_4x4_correct_deepsign_expE_prime_joint_mean_ablation.json,1d478689ec896e0e4f7db2e5c6f2a6af,107033,results,s05_joint,Mistral-Small-24B,heldout,det,correct,s05_ablations,123,3,
Mistral-Small-24B/heldout_DET_correct_deepsign/s06_direction_subtraction/det_4x4_correct_deepsign_expG_prime_bias_subtraction.json,7021515f9f7f1f000f2ceba033178be5,370422,results,s06_edits,Mistral-Small-24B,heldout,det,correct,s06_direction_subtraction,121,57,
Mistral-Small-24B/heldout_DET_correct_deepsign/s06_direction_subtraction/det_4x4_correct_deepsign_expG_prime_bias_subtraction_a3.json,50d799690d12e7241a06f2d47841b965,148182,results,s06_edits,Mistral-Small-24B,heldout,det,correct,s06_direction_subtraction,121,19,
Mistral-Small-24B/heldout_DET_correct_deepsign/s08_c2_steering/det_4x4_correct_deepsign_c2_on_correct.json,f0dbfec50bbb9c3c4bf0a47612f9d31d,117404,results,meta_results,Mistral-Small-24B,heldout,det,correct,s08_c2_steering,2,23,
Mistral-Small-24B/heldout_DET_correct_deepsign/s09_judge/det_4x4_correct_deepsign_judge_crossdomain.json,55e0c1e1bdda551a7539100796ef67c0,113055,results,meta_results,Mistral-Small-24B,heldout,det,correct,s09_judge,2,23,
Mistral-Small-24B/heldout_DET_error/det_4x4_error_targets.json,ac586f87570abff98f0491e63b545e2e,502,config_targets,,Mistral-Small-24B,heldout,det,error,root,,0,
Mistral-Small-24B/heldout_DET_error/s01_logit_lens/det_4x4_error_expA_logit_lens.json,b9a563e9194978647c27eb5508e42ac2,184012,results,lens_standard,Mistral-Small-24B,heldout,det,error,s01_logit_lens,142,12,
Mistral-Small-24B/heldout_DET_error/s02_dla/det_4x4_error_expB_dla.json,eacd0bbed394bcad0a491f2850491f69,808520,results,dla_standard,Mistral-Small-24B,heldout,det,error,s02_dla,142,124,
Mistral-Small-24B/heldout_DET_error/s02_dla/det_4x4_error_exp_matched_dla.json,b7b5c9c91757681df267a974a2c34d37,339615,results,dla_standard,Mistral-Small-24B,heldout,det,error,s02_dla,142,124,
Mistral-Small-24B/heldout_DET_error/s04_projections/det_4x4_error_projections.json,d36c5043007a983793bddaa80986dd7d,76388,results,projections_meta,Mistral-Small-24B,heldout,det,error,s04_projections,2,2,
Mistral-Small-24B/heldout_DET_error/s05_ablations/det_4x4_error_expD_prime_mlp_mean_ablation.json,db89f2eb462f9bca4bc4b8e9d6c4002e,626010,results,s05_ablations,Mistral-Small-24B,heldout,det,error,s05_ablations,142,9,
Mistral-Small-24B/heldout_DET_error/s05_ablations/det_4x4_error_expE_prime_joint_mean_ablation.json,511693987c1f36cd57dd1d1c3022f0fd,118795,results,s05_joint,Mistral-Small-24B,heldout,det,error,s05_ablations,143,3,
Mistral-Small-24B/heldout_DET_error/s05b_head_ablation/det_4x4_error_exp_head_ablation.json,78b6b0eba514010721765348454647dc,259139,results,s05b_sites,Mistral-Small-24B,heldout,det,error,s05b_head_ablation,142,9,
Mistral-Small-24B/heldout_DET_error/s05b_head_ablation/det_4x4_error_exp_head_ablation_dry_run_report.json,72ccd35ba4ae8d05a287dc0c75b8eec8,3113,results,generic,Mistral-Small-24B,heldout,det,error,s05b_head_ablation,3,1,
Mistral-Small-24B/heldout_DET_error/s06_direction_subtraction/det_4x4_error_expG_prime_bias_subtraction.json,42d43f34f72905d4ee920a9d96bfd8a7,401980,results,s06_edits,Mistral-Small-24B,heldout,det,error,s06_direction_subtraction,132,57,
Mistral-Small-24B/heldout_DET_error/s06_direction_subtraction/det_4x4_error_expG_prime_bias_subtraction_a3.json,c4cf912a88223cd371333d079bacbb8d,160861,results,s06_edits,Mistral-Small-24B,heldout,det,error,s06_direction_subtraction,132,19,
Mistral-Small-24B/heldout_DET_error/s08_c2_steering/det_4x4_error_exp_combined_ablation.json,bf93a9c3d59149fcadab7fca6bf1bf8f,356011,results,meta_results,Mistral-Small-24B,heldout,det,error,s08_c2_steering,2,110,
Mistral-Small-24B/heldout_DET_error/s08_c2_steering/det_4x4_error_exp_ctrl_mag.json,69512069068aaf2d1800340cbba1ac24,229961,results,meta_results,Mistral-Small-24B,heldout,det,error,s08_c2_steering,2,70,
Mistral-Small-24B/heldout_DET_error/s09_judge/det_4x4_error_judge_candidates_armB.json,2520acb0cd8595f877d55b19fb87c18f,122444,results,meta_results,Mistral-Small-24B,heldout,det,error,s09_judge,2,23,
Mistral-Small-24B/heldout_IBP_correct_deepsign/ibp_correct_deepsign_targets.json,5e392e1a7ea5ccd3b9f0f2425818a8c4,477,config_targets,,Mistral-Small-24B,heldout,ibp,correct,root,,0,
Mistral-Small-24B/heldout_IBP_correct_deepsign/s01_logit_lens/ibp_correct_deepsign_expA_logit_lens.json,5f5823b436bdb882f42695c97a52b0a7,199397,results,lens_standard,Mistral-Small-24B,heldout,ibp,correct,s01_logit_lens,156,12,
Mistral-Small-24B/heldout_IBP_correct_deepsign/s02_dla/ibp_correct_deepsign_expB_dla.json,77cbf3ef94e4e53a88cd165aae156bbf,1565919,results,dla_standard,Mistral-Small-24B,heldout,ibp,correct,s02_dla,156,124,
Mistral-Small-24B/heldout_IBP_correct_deepsign/s02_dla/ibp_correct_deepsign_exp_matched_dla.json,3b77d68c78931aba233968564993a255,370071,results,dla_standard,Mistral-Small-24B,heldout,ibp,correct,s02_dla,156,124,
Mistral-Small-24B/heldout_IBP_correct_deepsign/s04_projections/ibp_correct_deepsign_projections.json,46cad1c8f69b1b34fae2476c183e6e4f,48858,results,projections_meta,Mistral-Small-24B,heldout,ibp,correct,s04_projections,2,2,
Mistral-Small-24B/heldout_IBP_correct_deepsign/s05_ablations/ibp_correct_deepsign_expD_prime_mlp_mean_ablation.json,27223fad24e1d2a87c250a83008887ac,686977,results,s05_ablations,Mistral-Small-24B,heldout,ibp,correct,s05_ablations,156,9,
Mistral-Small-24B/heldout_IBP_correct_deepsign/s05_ablations/ibp_correct_deepsign_expE_prime_joint_mean_ablation.json,48840b8cffc934ad44b990ac42d17db0,133528,results,s05_joint,Mistral-Small-24B,heldout,ibp,correct,s05_ablations,157,3,
Mistral-Small-24B/heldout_IBP_correct_deepsign/s06_direction_subtraction/ibp_correct_deepsign_expG_prime_bias_subtraction.json,a8acc0f1225c7eaa51e8654006e61f13,476510,results,s06_edits,Mistral-Small-24B,heldout,ibp,correct,s06_direction_subtraction,156,57,
Mistral-Small-24B/heldout_IBP_correct_deepsign/s06_direction_subtraction/ibp_correct_deepsign_expG_prime_bias_subtraction_a3.json,630e2c6f96c3d36c65ab447f79cc5b97,190639,results,s06_edits,Mistral-Small-24B,heldout,ibp,correct,s06_direction_subtraction,156,19,
Mistral-Small-24B/heldout_IBP_correct_deepsign/s08_c2_steering/ibp_correct_deepsign_c2_on_correct.json,268364e2751764a033b4337f80ac9e76,149657,results,meta_results,Mistral-Small-24B,heldout,ibp,correct,s08_c2_steering,2,23,
Mistral-Small-24B/heldout_IBP_correct_deepsign/s09_judge/ibp_correct_deepsign_judge_crossdomain.json,47acea9e113855381973ada26376960b,145064,results,meta_results,Mistral-Small-24B,heldout,ibp,correct,s09_judge,2,23,
Mistral-Small-24B/heldout_IBP_error/ibp_error_targets.json,2b3a2bc99ae59119b6c3fed1eb94ea33,498,config_targets,,Mistral-Small-24B,heldout,ibp,error,root,,0,
Mistral-Small-24B/heldout_IBP_error/s01_logit_lens/ibp_error_expA_logit_lens.json,4163b75f33bb66ec4de2d3db482407bc,90318,results,lens_standard,Mistral-Small-24B,heldout,ibp,error,s01_logit_lens,70,12,
Mistral-Small-24B/heldout_IBP_error/s02_dla/ibp_error_expB_dla.json,ef61f2c6d5337265921b159f670fa615,398304,results,dla_standard,Mistral-Small-24B,heldout,ibp,error,s02_dla,70,124,
Mistral-Small-24B/heldout_IBP_error/s02_dla/ibp_error_exp_matched_dla.json,e153e0656b76c1a8b9aefcd212ce1d8c,167118,results,dla_standard,Mistral-Small-24B,heldout,ibp,error,s02_dla,70,124,
Mistral-Small-24B/heldout_IBP_error/s04_projections/ibp_error_projections.json,cb1ad8ac094de0e69807aef2e3e45332,37595,results,projections_meta,Mistral-Small-24B,heldout,ibp,error,s04_projections,2,2,
Mistral-Small-24B/heldout_IBP_error/s05_ablations/ibp_error_expD_prime_mlp_mean_ablation.json,26e2190b959466debddb302ca9617eb4,277880,results,s05_ablations,Mistral-Small-24B,heldout,ibp,error,s05_ablations,70,8,
Mistral-Small-24B/heldout_IBP_error/s05_ablations/ibp_error_expE_prime_joint_mean_ablation.json,fcf6315ff16dbf791abb7d23e1b4e87f,60414,results,s05_joint,Mistral-Small-24B,heldout,ibp,error,s05_ablations,71,3,
Mistral-Small-24B/heldout_IBP_error/s05b_head_ablation/ibp_error_exp_head_ablation.json,64fd65c1cd58ec5dc0b13d50aa1777b7,127171,results,s05b_sites,Mistral-Small-24B,heldout,ibp,error,s05b_head_ablation,70,9,
Mistral-Small-24B/heldout_IBP_error/s05b_head_ablation/ibp_error_exp_head_ablation_dry_run_report.json,f17ea248c6ebd9ba11386611f387e52e,3111,results,generic,Mistral-Small-24B,heldout,ibp,error,s05b_head_ablation,3,1,
Mistral-Small-24B/heldout_IBP_error/s06_direction_subtraction/ibp_error_expG_prime_bias_subtraction.json,4cb10068a10fa2fe317070d6f68cc802,204007,results,s06_edits,Mistral-Small-24B,heldout,ibp,error,s06_direction_subtraction,67,57,
Mistral-Small-24B/heldout_IBP_error/s06_direction_subtraction/ibp_error_expG_prime_bias_subtraction_a3.json,08c423c19cd4db83dd957af32ba81b8a,81730,results,s06_edits,Mistral-Small-24B,heldout,ibp,error,s06_direction_subtraction,67,19,
Mistral-Small-24B/heldout_IBP_error/s08_c2_steering/ibp_error_exp_combined_ablation.json,34c70e1b64541150ea0efc18f7014117,180923,results,meta_results,Mistral-Small-24B,heldout,ibp,error,s08_c2_steering,2,110,
Mistral-Small-24B/heldout_IBP_error/s08_c2_steering/ibp_error_exp_ctrl_mag.json,a3d3b91f18417b12a1d399c991e1eec3,116907,results,meta_results,Mistral-Small-24B,heldout,ibp,error,s08_c2_steering,2,70,
Mistral-Small-24B/heldout_IBP_error/s09_judge/ibp_error_judge_candidates_armB.json,661624e8d4594e37db6c434363af890f,62163,results,meta_results,Mistral-Small-24B,heldout,ibp,error,s09_judge,2,23,
Mistral-Small-24B/raw_data_DET/discovery/mistral_det4x4_correct_train_discovery_n78_deepsign_rolematched.csv,d296ff0e6e17fe092820746e3f04f477,13252,raw_data,,n/a,n/a,n/a,n/a,n/a,,0,
Mistral-Small-24B/raw_data_DET/discovery/mistral_det4x4_error_train_discovery_n95.csv,daef1088489ce08b0b02017a2a6be8c1,546334,raw_data,,n/a,n/a,n/a,n/a,n/a,,0,
Mistral-Small-24B/raw_data_DET/heldout/mistral_det4x4_correct_validation_heldout_n122.csv,2f6a3eb0a860e12e635c967fcac77597,762538,raw_data,,n/a,n/a,n/a,n/a,n/a,,0,
Mistral-Small-24B/raw_data_DET/heldout/mistral_det4x4_error_validation_heldout_n142.csv,629bfef3a968143e7fdc7f023d5a75c0,807764,raw_data,,n/a,n/a,n/a,n/a,n/a,,0,
Mistral-Small-24B/raw_data_IBP/discovery/mistral_ibp_correct_train_discovery_n43_deepsign_rolematched.csv,1cd90eb9a73ce5330e1a0ae31b37563a,7738,raw_data,,n/a,n/a,n/a,n/a,n/a,,0,
Mistral-Small-24B/raw_data_IBP/discovery/mistral_ibp_error_train_discovery_n39.csv,e52dd7ac6448d4dae7fa20a02f211528,340734,raw_data,,n/a,n/a,n/a,n/a,n/a,,0,
Mistral-Small-24B/raw_data_IBP/heldout/mistral_ibp_correct_validation_heldout_n156.csv,f1480ebd448269a60bfbdaa04dc03299,1653229,raw_data,,n/a,n/a,n/a,n/a,n/a,,0,
Mistral-Small-24B/raw_data_IBP/heldout/mistral_ibp_error_validation_heldout_n70.csv,10d27835e8a26bf7c59efcfb7bd0d69d,595942,raw_data,,n/a,n/a,n/a,n/a,n/a,,0,
Mistral-Small-24B/targets_frozen_mistral.json,21db5f449ff82ed6fcbe0d1d83a34f58,3630,config_targets,,Mistral-Small-24B,n/a,n/a,n/a,root,,0,
Phi/arith_control/expA_logit_lens.json,f189dec854fe4b58f4ab3bbc22e4cc53,60099,results,lens_standard,Phi-4-14B,control,arith,n/a,root,48,12,
Phi/arith_control/expB_dla.json,a5f9da756c778d92e67129d62b7647f7,562548,results,dla_standard,Phi-4-14B,control,arith,n/a,root,48,124,
Phi/discovery_DET_correct_deepsign/det_4x4_correct_deepsign_targets.json,9dfd265a644d805cdb28a279025b421e,1951,config_targets,,Phi-4-14B,discovery,det,correct,root,,0,
Phi/discovery_DET_correct_deepsign/det_4x4_correct_deepsign_targets_autopick_backup.json,916e2ee690b01de780ef6a07b9287c20,1881,config_targets,,Phi-4-14B,discovery,det,correct,root,,0,
Phi/discovery_DET_correct_deepsign/s01_logit_lens/det_4x4_correct_deepsign_expA_logit_lens.json,2016abe14174083c558c976f0541a158,63500,results,lens_standard,Phi-4-14B,discovery,det,correct,s01_logit_lens,50,12,
Phi/discovery_DET_correct_deepsign/s02_dla/det_4x4_correct_deepsign_expB_dla.json,f2f0eec9025c66f60533b2a7f9cbe359,586537,results,dla_standard,Phi-4-14B,discovery,det,correct,s02_dla,50,124,
Phi/discovery_DET_correct_deepsign/s02_dla/det_4x4_correct_deepsign_exp_matched_dla.json,f28afd8220f902c22b783a6d1c142427,118430,results,dla_standard,Phi-4-14B,discovery,det,correct,s02_dla,50,124,
Phi/discovery_DET_correct_deepsign/s04_projections/det_4x4_correct_deepsign_projections.json,8036db7a5aec56b32e62a230085eae4b,16208,results,projections_meta,Phi-4-14B,discovery,det,correct,s04_projections,2,2,
Phi/discovery_DET_correct_deepsign/s05_ablations/det_4x4_correct_deepsign_expD_prime_mlp_mean_ablation.json,6d16e1fe04984b46c4db9485749837ee,274398,results,s05_ablations,Phi-4-14B,discovery,det,correct,s05_ablations,50,11,
Phi/discovery_DET_correct_deepsign/s05_ablations/det_4x4_correct_deepsign_expE_prime_joint_mean_ablation.json,2d4e7cb93798c4224bd872475fed3ea4,43646,results,s05_joint,Phi-4-14B,discovery,det,correct,s05_ablations,51,3,
Phi/discovery_DET_correct_deepsign/s06_direction_subtraction/det_4x4_correct_deepsign_expG_prime_bias_subtraction.json,b407d85bbad5cbcec93300b94b5613df,97682,results,s06_edits,Phi-4-14B,discovery,det,correct,s06_direction_subtraction,46,39,
Phi/discovery_DET_correct_deepsign/s08_c2_steering/det_4x4_correct_deepsign_c2_on_correct.json,3c3899a86e2264aecbd96879ae915f2c,48569,results,meta_results,Phi-4-14B,discovery,det,correct,s08_c2_steering,2,23,
Phi/discovery_DET_correct_deepsign/s09_judge/det_4x4_correct_deepsign_judge_crossdomain.json,aa8c1f1f58ce3267cc9eba4d469e27b3,43639,results,meta_results,Phi-4-14B,discovery,det,correct,s09_judge,2,23,
Phi/discovery_DET_error/det_4x4_error_targets.json,1d5ab501673bf2c11621cfd0f921faa8,1814,config_targets,,Phi-4-14B,discovery,det,error,root,,0,
Phi/discovery_DET_error/s01_logit_lens/det_4x4_error_expA_logit_lens.json,a2f51dce9fe3a15fcd6ca3af4bcf03e4,77379,results,lens_standard,Phi-4-14B,discovery,det,error,s01_logit_lens,61,12,
Phi/discovery_DET_error/s02_dla/det_4x4_error_expB_dla.json,9b0122793e1e4320b8e32a1a4418c568,715701,results,dla_standard,Phi-4-14B,discovery,det,error,s02_dla,61,124,
Phi/discovery_DET_error/s02_dla/det_4x4_error_exp_matched_dla.json,ba43030a7ed3c9250b0610c570179626,144717,results,dla_standard,Phi-4-14B,discovery,det,error,s02_dla,61,124,
Phi/discovery_DET_error/s04_projections/det_4x4_error_projections.json,4966c807a91e8fff40babcef5e5d2400,18980,results,projections_meta,Phi-4-14B,discovery,det,error,s04_projections,2,2,
Phi/discovery_DET_error/s05_ablations/det_4x4_error_expD_prime_mlp_mean_ablation.json,e741f55d37f489c74710b507fc3a5210,332137,results,s05_ablations,Phi-4-14B,discovery,det,error,s05_ablations,61,11,
Phi/discovery_DET_error/s05_ablations/det_4x4_error_expE_prime_joint_mean_ablation.json,b48d5b7e9c17f1bb3ca0575309a16ac6,54170,results,s05_joint,Phi-4-14B,discovery,det,error,s05_ablations,62,3,
Phi/discovery_DET_error/s05_ablations/det_4x4_error_expE_prime_randwin_seed42.json,496c1455bd71c175840f65ef2642040a,56534,results,s05_joint,Phi-4-14B,discovery,det,error,s05_ablations,62,3,
Phi/discovery_DET_error/s05_ablations/det_4x4_error_expE_prime_window_L24-39.json,cb2300efc57a5094b393ca420955e643,59759,results,s05_joint,Phi-4-14B,discovery,det,error,s05_ablations,62,3,
Phi/discovery_DET_error/s05_ablations/det_4x4_error_expE_prime_window_L30-39.json,b02fc5bf32933c13e26de36899f165ab,56717,results,s05_joint,Phi-4-14B,discovery,det,error,s05_ablations,62,3,
Phi/discovery_DET_error/s05_ablations/det_4x4_error_exp_adaptive_alpha_v2.json,4193a9fc5c45e933df5264ed890489cb,5540,results,generic,Phi-4-14B,discovery,det,error,s05_ablations,10,1,
Phi/discovery_DET_error/s05_ablations/det_4x4_error_exp_staircase_topk.json,001488fa4981fdaa6d5297b1791d063f,266039,results,generic,Phi-4-14B,discovery,det,error,s05_ablations,3,1,
Phi/discovery_DET_error/s05b_head_ablation/det_4x4_error_exp_head_L36H33_v3.json,b761cf9d00731bee08ba75fb454688ba,9573,results,percase_simple,Phi-4-14B,discovery,det,error,s05b_head_ablation,61,3,
Phi/discovery_DET_error/s05b_head_ablation/det_4x4_error_exp_head_ablation.json,3bfca29624a8a47523f3b804ed48525f,112253,results,s05b_sites,Phi-4-14B,discovery,det,error,s05b_head_ablation,61,9,
Phi/discovery_DET_error/s05b_head_ablation/det_4x4_error_exp_head_ablation_dry_run_report.json,2005b4160a1505b7c536fe271f864419,3120,results,generic,Phi-4-14B,discovery,det,error,s05b_head_ablation,3,1,
Phi/discovery_DET_error/s06_direction_subtraction/det_4x4_error_expG_prime_bias_subtraction_a5-8-12.json,54be2bac25b3bf8d0448e306958d7b57,146174,results,s06_edits,Phi-4-14B,discovery,det,error,s06_direction_subtraction,57,46,
Phi/discovery_DET_error/s08_c2_steering/det_4x4_error_exp_combined_ablation.json,315ab522c40cf1de34544dda922de945,155323,results,meta_results,Phi-4-14B,discovery,det,error,s08_c2_steering,2,110,
Phi/discovery_DET_error/s08_c2_steering/det_4x4_error_exp_ctrl_mag.json,64a2969bd123625cc2586e97de8768b2,100463,results,meta_results,Phi-4-14B,discovery,det,error,s08_c2_steering,2,70,
Phi/discovery_IBP_correct_deepsign/ibp_correct_deepsign_targets.json,6ab055936779f8d74254fa42c4ef1aa0,1658,config_targets,,Phi-4-14B,discovery,ibp,correct,root,,0,
Phi/discovery_IBP_correct_deepsign/ibp_correct_deepsign_targets_autopick_backup.json,5a31147e16b7341d05f386745bad5c8f,1588,config_targets,,Phi-4-14B,discovery,ibp,correct,root,,0,
Phi/discovery_IBP_correct_deepsign/s01_logit_lens/ibp_correct_deepsign_expA_logit_lens.json,cf1df54a3a44cc1048298fa763777448,63240,results,lens_standard,Phi-4-14B,discovery,ibp,correct,s01_logit_lens,50,12,
Phi/discovery_IBP_correct_deepsign/s02_dla/ibp_correct_deepsign_expB_dla.json,39874214dc90dfdeef8773e79c969959,586232,results,dla_standard,Phi-4-14B,discovery,ibp,correct,s02_dla,50,124,
Phi/discovery_IBP_correct_deepsign/s02_dla/ibp_correct_deepsign_exp_matched_dla.json,cf0c79cde1dc0cc5e7f723b289cd095a,118048,results,dla_standard,Phi-4-14B,discovery,ibp,correct,s02_dla,50,124,
Phi/discovery_IBP_correct_deepsign/s04_projections/ibp_correct_deepsign_projections.json,a59693e6e279558c1d54f237a6386a22,16074,results,projections_meta,Phi-4-14B,discovery,ibp,correct,s04_projections,2,2,
Phi/discovery_IBP_correct_deepsign/s05_ablations/ibp_correct_deepsign_expD_prime_mlp_mean_ablation.json,290609559a089a6b47b3f80bee95cc1e,275699,results,s05_ablations,Phi-4-14B,discovery,ibp,correct,s05_ablations,50,11,
Phi/discovery_IBP_correct_deepsign/s05_ablations/ibp_correct_deepsign_expE_prime_joint_mean_ablation.json,644d2965f5855c45834776b6d0449afd,42924,results,s05_joint,Phi-4-14B,discovery,ibp,correct,s05_ablations,51,3,
Phi/discovery_IBP_correct_deepsign/s06_direction_subtraction/ibp_correct_deepsign_expG_prime_bias_subtraction.json,0e555e1ced37497570586967d19739c6,105946,results,s06_edits,Phi-4-14B,discovery,ibp,correct,s06_direction_subtraction,50,39,
Phi/discovery_IBP_correct_deepsign/s08_c2_steering/ibp_correct_deepsign_c2_on_correct.json,4e18a9f4b6fea9cbd3d8f56328def84f,48712,results,meta_results,Phi-4-14B,discovery,ibp,correct,s08_c2_steering,2,23,
Phi/discovery_IBP_correct_deepsign/s09_judge/ibp_correct_deepsign_judge_crossdomain.json,9c77d9952e7dbefe2dfc0a781447429d,47401,results,meta_results,Phi-4-14B,discovery,ibp,correct,s09_judge,2,23,
Phi/discovery_IBP_error/ibp_error_targets.json,c79aa96667bee58c7d4fb96adcee3343,1321,config_targets,,Phi-4-14B,discovery,ibp,error,root,,0,
Phi/discovery_IBP_error/s01_logit_lens/ibp_error_expA_logit_lens.json,5d42da1fe63965038c06c4c499f38050,50325,results,lens_standard,Phi-4-14B,discovery,ibp,error,s01_logit_lens,40,11,
Phi/discovery_IBP_error/s02_dla/ibp_error_expB_dla.json,f073101f9687af511ff56d24833610e9,469422,results,dla_standard,Phi-4-14B,discovery,ibp,error,s02_dla,40,108,
Phi/discovery_IBP_error/s02_dla/ibp_error_exp_matched_dla.json,42f4a627688a30798ad6a149661f31d8,94861,results,dla_standard,Phi-4-14B,discovery,ibp,error,s02_dla,40,108,
Phi/discovery_IBP_error/s04_projections/ibp_error_projections.json,eb57d08dfcb4a2b54a01fe68ff25b286,12419,results,projections_meta,Phi-4-14B,discovery,ibp,error,s04_projections,2,2,
Phi/discovery_IBP_error/s05_ablations/ibp_error_expD_prime_mlp_mean_ablation.json,ab1e752f475d3dd9e3e3e3c55ca9b804,218038,results,s05_ablations,Phi-4-14B,discovery,ibp,error,s05_ablations,40,11,
Phi/discovery_IBP_error/s05_ablations/ibp_error_expE_prime_joint_mean_ablation.json,a32bf552fb083907f15c60b1df206707,35685,results,s05_joint,Phi-4-14B,discovery,ibp,error,s05_ablations,41,3,
Phi/discovery_IBP_error/s05_ablations/ibp_error_expE_prime_randwin_seed42.json,55699b2c2061d17de0863b32b336b3aa,38467,results,s05_joint,Phi-4-14B,discovery,ibp,error,s05_ablations,41,3,
Phi/discovery_IBP_error/s05_ablations/ibp_error_expE_prime_window_L24-39.json,ab1f7de66388f807d4f1e3ee4548a966,41258,results,s05_joint,Phi-4-14B,discovery,ibp,error,s05_ablations,41,3,
Phi/discovery_IBP_error/s05_ablations/ibp_error_expE_prime_window_L30-39.json,2a753df834981fcfc3bb99d78f9659c5,38352,results,s05_joint,Phi-4-14B,discovery,ibp,error,s05_ablations,41,3,
Phi/discovery_IBP_error/s05_ablations/ibp_error_exp_adaptive_alpha_v2.json,1c48aff8d9bfd8bc51f5d2a5a8101ce4,3264,results,generic,Phi-4-14B,discovery,ibp,error,s05_ablations,6,1,
Phi/discovery_IBP_error/s05_ablations/ibp_error_exp_staircase_topk.json,4fade8971cba53ea262fb801df37e59b,175571,results,generic,Phi-4-14B,discovery,ibp,error,s05_ablations,3,1,
Phi/discovery_IBP_error/s05b_head_ablation/ibp_error_exp_head_L36H33_v3.json,b26f5a0e22379925afed911b921de036,6225,results,percase_simple,Phi-4-14B,discovery,ibp,error,s05b_head_ablation,40,3,
Phi/discovery_IBP_error/s05b_head_ablation/ibp_error_exp_head_ablation.json,64ba20e32aded1bc0e7ba6ba95c07440,73224,results,s05b_sites,Phi-4-14B,discovery,ibp,error,s05b_head_ablation,40,9,
Phi/discovery_IBP_error/s06_direction_subtraction/ibp_error_expG_prime_bias_subtraction_a5-8-12.json,46b1510d61d5adb3b34d42369f98a8a9,102264,results,s06_edits,Phi-4-14B,discovery,ibp,error,s06_direction_subtraction,40,46,
Phi/discovery_IBP_error/s08_c2_steering/ibp_error_exp_combined_ablation.json,cadbb980abf8d537f83bb2d058a7c080,109081,results,meta_results,Phi-4-14B,discovery,ibp,error,s08_c2_steering,2,110,
Phi/discovery_IBP_error/s08_c2_steering/ibp_error_exp_ctrl_mag.json,eaf99477db635e5874012118bc25b8d0,70437,results,meta_results,Phi-4-14B,discovery,ibp,error,s08_c2_steering,2,70,
Phi/heldout_DET_correct_deepsign/det_4x4_correct_deepsign_targets.json,a1f122a5fdfbd16501e7138bcb7abdd0,3650,config_targets,,Phi-4-14B,heldout,det,correct,root,,0,
Phi/heldout_DET_correct_deepsign/s01_logit_lens/det_4x4_correct_deepsign_expA_logit_lens.json,0c0215f9af3c8b73cf62b7c29ed88d1a,189159,results,lens_standard,Phi-4-14B,heldout,det,correct,s01_logit_lens,149,12,
Phi/heldout_DET_correct_deepsign/s02_dla/det_4x4_correct_deepsign_expB_dla.json,25a5df59029be812754c9d6b1964c6de,1748600,results,dla_standard,Phi-4-14B,heldout,det,correct,s02_dla,149,124,
Phi/heldout_DET_correct_deepsign/s02_dla/det_4x4_correct_deepsign_exp_matched_dla.json,bc7c53e523b895a6c2b80cd1fa0283a6,353515,results,dla_standard,Phi-4-14B,heldout,det,correct,s02_dla,149,124,
Phi/heldout_DET_correct_deepsign/s04_projections/det_4x4_correct_deepsign_projections.json,28688124ed1e042c8d706f7f55a640ed,82514,results,projections_meta,Phi-4-14B,heldout,det,correct,s04_projections,2,2,
Phi/heldout_DET_correct_deepsign/s05_ablations/det_4x4_correct_deepsign_expD_prime_mlp_mean_ablation.json,406cd0ff9cc1710b827b1d8dd21e0912,444714,results,s05_ablations,Phi-4-14B,heldout,det,correct,s05_ablations,149,6,
Phi/heldout_DET_correct_deepsign/s05_ablations/det_4x4_correct_deepsign_expE_prime_joint_mean_ablation.json,5be70d1f683710b1b6e7767ff62c3d8e,130071,results,s05_joint,Phi-4-14B,heldout,det,correct,s05_ablations,150,3,
Phi/heldout_DET_correct_deepsign/s06_direction_subtraction/det_4x4_correct_deepsign_expG_prime_bias_subtraction_a0.5-1-2-3.json,d7285b973ed098372cb1ea1c5ce3a9ab,470875,results,s06_edits,Phi-4-14B,heldout,det,correct,s06_direction_subtraction,140,63,
Phi/heldout_DET_correct_deepsign/s08_c2_steering/det_4x4_correct_deepsign_c2_on_correct.json,62ffaa92835881b24472e2082ece3434,144170,results,meta_results,Phi-4-14B,heldout,det,correct,s08_c2_steering,2,23,
Phi/heldout_DET_correct_deepsign/s09_judge/det_4x4_correct_deepsign_judge_crossdomain.json,ba838a174263d967d82b3d7d8a37d924,131806,results,meta_results,Phi-4-14B,heldout,det,correct,s09_judge,2,23,
Phi/heldout_DET_error/det_4x4_error_targets.json,a1f122a5fdfbd16501e7138bcb7abdd0,3650,config_targets,,Phi-4-14B,heldout,det,error,root,,0,
Phi/heldout_DET_error/s01_logit_lens/det_4x4_error_expA_logit_lens.json,91c22430e7c81e159865d842f3119ad3,190097,results,lens_standard,Phi-4-14B,heldout,det,error,s01_logit_lens,150,12,
Phi/heldout_DET_error/s02_dla/det_4x4_error_expB_dla.json,28e7890e26a7b9450b001fe05d939db9,1760152,results,dla_standard,Phi-4-14B,heldout,det,error,s02_dla,150,124,
Phi/heldout_DET_error/s02_dla/det_4x4_error_exp_matched_dla.json,7e4981dbb18bd06ebf28b9e9bcf088fb,355792,results,dla_standard,Phi-4-14B,heldout,det,error,s02_dla,150,124,
Phi/heldout_DET_error/s04_projections/det_4x4_error_projections.json,4327ef470566440de5e640529e89e6b0,81257,results,projections_meta,Phi-4-14B,heldout,det,error,s04_projections,2,2,
Phi/heldout_DET_error/s05_ablations/det_4x4_error_expD_prime_mlp_mean_ablation.json,1767485dc3c99f1bf8866a7154eeff82,444279,results,s05_ablations,Phi-4-14B,heldout,det,error,s05_ablations,150,6,
Phi/heldout_DET_error/s05_ablations/det_4x4_error_expE_prime_joint_mean_ablation.json,90e5b8d6c90c49195b02db1c3199a7bd,126895,results,s05_joint,Phi-4-14B,heldout,det,error,s05_ablations,151,3,
Phi/heldout_DET_error/s06_direction_subtraction/det_4x4_error_expG_prime_bias_subtraction_a0.5-1-2-3.json,bf44b2d67da59a4edaace8637d46d2a6,487314,results,s06_edits,Phi-4-14B,heldout,det,error,s06_direction_subtraction,146,63,
Phi/heldout_DET_error/s08_c2_steering/det_4x4_error_exp_combined_ablation.json,2e3a06d5f696e13816d656163eebce57,396082,results,meta_results,Phi-4-14B,heldout,det,error,s08_c2_steering,2,110,
Phi/heldout_DET_error/s08_c2_steering/det_4x4_error_exp_ctrl_mag.json,ff3037c874a34c1079bf88bd5a484eb8,256171,results,meta_results,Phi-4-14B,heldout,det,error,s08_c2_steering,2,70,
Phi/heldout_DET_error/s09_judge/det_4x4_error_judge_candidates_armB.json,13ba6b2a4fb4c5e8d39615dc4808c771,136543,results,meta_results,Phi-4-14B,heldout,det,error,s09_judge,2,23,
Phi/heldout_IBP_correct_deepsign/ibp_correct_deepsign_targets.json,a1f122a5fdfbd16501e7138bcb7abdd0,3650,config_targets,,Phi-4-14B,heldout,ibp,correct,root,,0,
Phi/heldout_IBP_correct_deepsign/s01_logit_lens/ibp_correct_deepsign_expA_logit_lens.json,78285c3d518a82dfeb3a8a3457c65614,184620,results,lens_standard,Phi-4-14B,heldout,ibp,correct,s01_logit_lens,146,12,
Phi/heldout_IBP_correct_deepsign/s02_dla/ibp_correct_deepsign_expB_dla.json,7839049315b8144eda7f5b455e904975,1712314,results,dla_standard,Phi-4-14B,heldout,ibp,correct,s02_dla,146,124,
Phi/heldout_IBP_correct_deepsign/s02_dla/ibp_correct_deepsign_exp_matched_dla.json,53f3c9bd5a5efd9c3eb5f4f2b23439d6,344892,results,dla_standard,Phi-4-14B,heldout,ibp,correct,s02_dla,146,124,
Phi/heldout_IBP_correct_deepsign/s04_projections/ibp_correct_deepsign_projections.json,907f077fca413c58fa2456846f32892d,80411,results,projections_meta,Phi-4-14B,heldout,ibp,correct,s04_projections,2,2,
Phi/heldout_IBP_correct_deepsign/s05_ablations/ibp_correct_deepsign_expD_prime_mlp_mean_ablation.json,f236ccedeb2f5bceaa49f883d747011e,435798,results,s05_ablations,Phi-4-14B,heldout,ibp,correct,s05_ablations,146,6,
Phi/heldout_IBP_correct_deepsign/s05_ablations/ibp_correct_deepsign_expE_prime_joint_mean_ablation.json,805b3be5a78454e225cedd472666b221,126906,results,s05_joint,Phi-4-14B,heldout,ibp,correct,s05_ablations,147,3,
Phi/heldout_IBP_correct_deepsign/s06_direction_subtraction/ibp_correct_deepsign_expG_prime_bias_subtraction_a0.5-1-2-3.json,61fa5b25b93322f7795de4fcadcd46ac,489891,results,s06_edits,Phi-4-14B,heldout,ibp,correct,s06_direction_subtraction,146,63,
Phi/heldout_IBP_correct_deepsign/s08_c2_steering/ibp_correct_deepsign_c2_on_correct.json,2c5df2967ca905ed111ed8da4445f5d0,141290,results,meta_results,Phi-4-14B,heldout,ibp,correct,s08_c2_steering,2,23,
Phi/heldout_IBP_correct_deepsign/s09_judge/ibp_correct_deepsign_judge_crossdomain.json,d14b0d60cbedfbeb2f9749766d7d842b,137172,results,meta_results,Phi-4-14B,heldout,ibp,correct,s09_judge,2,23,
Phi/heldout_IBP_error/ibp_error_targets.json,a1f122a5fdfbd16501e7138bcb7abdd0,3650,config_targets,,Phi-4-14B,heldout,ibp,error,root,,0,
Phi/heldout_IBP_error/s01_logit_lens/ibp_error_expA_logit_lens.json,8d99487e9e392d920323e707717b5a97,96610,results,lens_standard,Phi-4-14B,heldout,ibp,error,s01_logit_lens,77,12,
Phi/heldout_IBP_error/s02_dla/ibp_error_expB_dla.json,09d7bdd097a7bb22f441bb9e8350479f,903848,results,dla_standard,Phi-4-14B,heldout,ibp,error,s02_dla,77,124,
Phi/heldout_IBP_error/s02_dla/ibp_error_exp_matched_dla.json,0938aa936462c801189ab7f33eabcd7b,182600,results,dla_standard,Phi-4-14B,heldout,ibp,error,s02_dla,77,124,
Phi/heldout_IBP_error/s04_projections/ibp_error_projections.json,b6b40bff5d3535e2fb71227fe1bd5d60,41557,results,projections_meta,Phi-4-14B,heldout,ibp,error,s04_projections,2,2,
Phi/heldout_IBP_error/s05_ablations/ibp_error_expD_prime_mlp_mean_ablation.json,0bdac3ac38287caaa23298f6bb6fe91f,226742,results,s05_ablations,Phi-4-14B,heldout,ibp,error,s05_ablations,77,6,
Phi/heldout_IBP_error/s05_ablations/ibp_error_expE_prime_joint_mean_ablation.json,eb57bcfc4d9ab0676399f60befc4406a,65703,results,s05_joint,Phi-4-14B,heldout,ibp,error,s05_ablations,78,3,
Phi/heldout_IBP_error/s06_direction_subtraction/ibp_error_expG_prime_bias_subtraction_a0.5-1-2-3.json,e1546306636b8fe8a6b792cb6e66905c,253022,results,s06_edits,Phi-4-14B,heldout,ibp,error,s06_direction_subtraction,76,63,
Phi/heldout_IBP_error/s08_c2_steering/ibp_error_exp_combined_ablation.json,a6d789db5a8a9b777404398e4c7da160,206370,results,meta_results,Phi-4-14B,heldout,ibp,error,s08_c2_steering,2,110,
Phi/heldout_IBP_error/s08_c2_steering/ibp_error_exp_ctrl_mag.json,ed0bb8fa9692ad96614473ca54654698,133281,results,meta_results,Phi-4-14B,heldout,ibp,error,s08_c2_steering,2,70,
Phi/heldout_IBP_error/s09_judge/ibp_error_judge_candidates_armB.json,ea36fec61903ceafb7461d079e69925f,71001,results,meta_results,Phi-4-14B,heldout,ibp,error,s09_judge,2,23,
Phi/raw_data_DET/discovery/phi_det4x4_correct_train_discovery_n50.csv,0ed1ba47e7c431eb4edca09ad860bd41,346603,raw_data,,n/a,n/a,n/a,n/a,n/a,,0,
Phi/raw_data_DET/discovery/phi_det4x4_correct_train_discovery_n50_deepsign_rolematched.csv,7d6861da8bc47b8caae099a9d234f062,8584,raw_data,,n/a,n/a,n/a,n/a,n/a,,0,
Phi/raw_data_DET/discovery/phi_det4x4_error_train_discovery_n61.csv,1ab5946862ff4b21a144a2f5da8bfea2,500403,raw_data,,n/a,n/a,n/a,n/a,n/a,,0,
Phi/raw_data_DET/heldout/phi_det4x4_correct_validation_heldout_n149.csv,7b206031f372328e09ba88b3f1868c70,1063425,raw_data,,n/a,n/a,n/a,n/a,n/a,,0,
Phi/raw_data_DET/heldout/phi_det4x4_correct_validation_heldout_n149_deepsign_rolematched.csv,ee6a8c730c94460f29b8ea4eedc0fe41,25353,raw_data,,n/a,n/a,n/a,n/a,n/a,,0,
Phi/raw_data_DET/heldout/phi_det4x4_error_validation_heldout_n150.csv,96e6095f1cddaa051ee5c71c2af27ce6,1238355,raw_data,,n/a,n/a,n/a,n/a,n/a,,0,
Phi/raw_data_IBP/discovery/phi_ibp_correct_train_discovery_n50.csv,d07df12da004999ce342e6a3477e9625,338898,raw_data,,n/a,n/a,n/a,n/a,n/a,,0,
Phi/raw_data_IBP/discovery/phi_ibp_correct_train_discovery_n50_deepsign_rolematched.csv,5f726d8eb54e0086f92b4b74b68c596e,8908,raw_data,,n/a,n/a,n/a,n/a,n/a,,0,
Phi/raw_data_IBP/discovery/phi_ibp_error_train_discovery_n40.csv,dbc1f2554118b396443ef76256f3a377,254375,raw_data,,n/a,n/a,n/a,n/a,n/a,,0,
Phi/raw_data_IBP/heldout/phi_ibp_correct_validation_heldout_n146.csv,e8ac6b9633b9a79e2babe2758e824509,958095,raw_data,,n/a,n/a,n/a,n/a,n/a,,0,
Phi/raw_data_IBP/heldout/phi_ibp_correct_validation_heldout_n146_deepsign_rolematched.csv,982506539abe2625496ec0b498629cc4,25695,raw_data,,n/a,n/a,n/a,n/a,n/a,,0,
Phi/raw_data_IBP/heldout/phi_ibp_error_validation_heldout_n77.csv,62ce159a31542558e533485e168d1eee,502382,raw_data,,n/a,n/a,n/a,n/a,n/a,,0,
Phi/targets_frozen_phi.json,56d41a4f2f9e75a4d0d029668891c93f,3747,config_targets,,Phi-4-14B,n/a,n/a,n/a,root,,0,
Qwen/arith_control/expA_logit_lens.json,b74c046fb31faa7900fe1bef102b7d4a,99353,results,lens_standard,Qwen-2.5-72B,control,arith,n/a,root,48,12,
Qwen/arith_control/expB_dla.json,a8d5a354801b2ed00ae4e65efc83a341,679946,results,dla_standard,Qwen-2.5-72B,control,arith,n/a,root,48,204,
Qwen/arith_control/qwen_arith_simple_n48_experiment_ready.xlsx,3d4de1e252d9ff00ac6a2f7e9b23925a,15612,input_data,,Qwen-2.5-72B,control,arith,n/a,root,,0,
Qwen/base_origin/exp10_base_origin_dla.json,74615deae9d3a5fd726a9afe98905f1f,25978,results,generic,Qwen-2.5-72B,exploratory,det,n/a,root,4,1,
Qwen/discovery_4x4_DET/s01_logit_lens/det_4x4_correct_expA_logit_lens.json,6f7882ce232bd536c50a622c3183c417,98253,results,lens_standard,Qwen-2.5-72B,discovery,det,correct,s01_logit_lens,47,12,
Qwen/discovery_4x4_DET/s01_logit_lens/det_4x4_error_expA_logit_lens.json,7eb02433298bc0f1bbf90f63c1f237bc,123451,results,lens_standard,Qwen-2.5-72B,discovery,det,error,s01_logit_lens,59,12,
Qwen/discovery_4x4_DET/s02_dla/det_4x4_correct_expB_dla.json,8d653bce69ba33005bbe36906c977d7a,667535,results,dla_standard,Qwen-2.5-72B,discovery,det,correct,s02_dla,47,204,
Qwen/discovery_4x4_DET/s02_dla/det_4x4_error_expB_dla.json,a7f895432b6f2d0e956e63e5186bde32,837213,results,dla_standard,Qwen-2.5-72B,discovery,det,error,s02_dla,59,204,
Qwen/discovery_4x4_DET/s04_projections/det_4x4_correct_projections.json,55e1b959a0f462cca22be37d6191a598,14290,results,projections_case,Qwen-2.5-72B,discovery,det,correct,s04_projections,47,19,
Qwen/discovery_4x4_DET/s04_projections/det_4x4_error_projections.json,716bef8d0bfa0812fe407966cf2c15f5,17749,results,projections_case,Qwen-2.5-72B,discovery,det,error,s04_projections,59,19,
Qwen/discovery_4x4_DET/s05_ablations/det_4x4_error_L77attn_retest.json,e549f9e9ae0ee8b2436b910be482adfc,86150,results,retest_counts,Qwen-2.5-72B,discovery,det,error,s05_ablations,44,4,
Qwen/discovery_4x4_DET/s05_ablations/det_4x4_error_habit_ablation.json,3531552628cdd8ed0bbaa180f345ae09,44355,results,flat_delta,Qwen-2.5-72B,discovery,det,error,s05_ablations,59,6,
Qwen/discovery_4x4_DET/s05_ablations/det_4x4_error_joint_ablation.json,6a3e6730d9882ca5ebae8bf35a9e937a,42617,results,s05_joint,Qwen-2.5-72B,discovery,det,error,s05_ablations,59,3,
Qwen/discovery_4x4_DET/s06_direction_subtraction/det_4x4_error_direction_subtraction.json,0f98d1a85349029548a1d121631bc8d3,92244,results,s06_edits,Qwen-2.5-72B,discovery,det,error,s06_direction_subtraction,44,39,
Qwen/discovery_4x4_DET/s07_patching/det_4x4_correct_reverse_patch.json,d46195aa0e7449084a7d282f69bf153f,26395,results,s07_patches,Qwen-2.5-72B,discovery,det,correct,s07_patching,47,10,
Qwen/discovery_4x4_DET/s07_patching/det_4x4_error_correct_mean_patch.json,ff300d22d1666007ee37595315fa05ad,43095,results,s07_patches,Qwen-2.5-72B,discovery,det,error,s07_patching,44,13,
Qwen/discovery_4x4_DET/s07_patching/det_4x4_error_signmatched_patch.json,5a14e1d4a4c144cfeafc8e631f4c87f3,59625,results,meta_results,Qwen-2.5-72B,discovery,det,error,s07_patching,2,23,
Qwen/discovery_4x4_DET/s08_c2_steering/det_4x4_correct_c2_on_correct.json,48f7d0f3daa1a8ba92a9bb0b33696f27,45217,results,meta_results,Qwen-2.5-72B,discovery,det,correct,s08_c2_steering,2,23,
Qwen/discovery_4x4_DET/s08_c2_steering/det_4x4_error_combined_ablation.json,65e8393b2c4a9c04b075854e83f37be1,118950,results,meta_results,Qwen-2.5-72B,discovery,det,error,s08_c2_steering,2,110,
Qwen/discovery_4x4_DET/s08_c2_steering/det_4x4_error_ctrl_mag.json,4b9f536d9dc58947e5db38b849afcc55,77220,results,meta_results,Qwen-2.5-72B,discovery,det,error,s08_c2_steering,2,70,
Qwen/discovery_4x4_DET/s08_c2_steering/det_4x4_error_generate_flipped.json,d7b7c383c16a4eb8aad85a9ed9ba3bb0,17874,results,meta_results,Qwen-2.5-72B,discovery,det,error,s08_c2_steering,2,4,
Qwen/discovery_4x4_DET/s09_judge/det_4x4_correct_judge_candidates_armA.json,1c5b6d2d4d9d4762417f4b4ae9387243,75358,results,meta_results,Qwen-2.5-72B,discovery,det,correct,s09_judge,2,29,
Qwen/discovery_4x4_DET/s09_judge/det_4x4_error_judge_candidates_armB.json,42d90de1ea160e576108e390ac1872d2,75481,results,meta_results,Qwen-2.5-72B,discovery,det,error,s09_judge,2,41,
Qwen/discovery_IBP/s01_logit_lens/ibp_correct_expA_logit_lens.json,876c65e697a5ea0b54f773b681363c76,52010,results,lens_standard,Qwen-2.5-72B,discovery,ibp,correct,s01_logit_lens,25,11,
Qwen/discovery_IBP/s01_logit_lens/ibp_error_expA_logit_lens.json,508f50a82d972606c5f9803c8df58522,20987,results,lens_standard,Qwen-2.5-72B,discovery,ibp,error,s01_logit_lens,10,11,
Qwen/discovery_IBP/s02_dla/ibp_correct_expB_dla.json,4754921282490284ce00a854693238be,355317,results,dla_standard,Qwen-2.5-72B,discovery,ibp,correct,s02_dla,25,188,
Qwen/discovery_IBP/s02_dla/ibp_error_expB_dla.json,0f4c3a3c37e108041b9895762a16e864,131677,results,dla_standard,Qwen-2.5-72B,discovery,ibp,error,s02_dla,10,188,
Qwen/discovery_IBP/s04_projections/ibp_correct_projections.json,c7c99409fd701ec161c29f7b2b693dcb,8101,results,projections_meta,Qwen-2.5-72B,discovery,ibp,correct,s04_projections,2,2,
Qwen/discovery_IBP/s04_projections/ibp_error_projections.json,886a56f9166739eb41633a2a54b45910,3555,results,projections_meta,Qwen-2.5-72B,discovery,ibp,error,s04_projections,2,2,
Qwen/discovery_IBP/s05_ablations/ibp_error_habit_ablation.json,b0360272d146450c091ba097a136c81a,126990,results,s05_ablations,Qwen-2.5-72B,discovery,ibp,error,s05_ablations,10,12,
Qwen/discovery_IBP/s05_ablations/ibp_error_joint_ablation.json,cf18c51d5dcacb45cb4f60c333deb767,8913,results,s05_joint,Qwen-2.5-72B,discovery,ibp,error,s05_ablations,11,3,
Qwen/discovery_IBP/s06_direction_subtraction/ibp_error_direction_subtraction.json,a3f4c01afae402d968c9b8e0d356ef76,21048,results,s06_edits,Qwen-2.5-72B,discovery,ibp,error,s06_direction_subtraction,10,39,
Qwen/discovery_IBP/s08_c2_steering/ibp_error_combined_ablation.json,dccb0a8e2d834d36a6f7e6208ac70078,27545,results,meta_results,Qwen-2.5-72B,discovery,ibp,error,s08_c2_steering,2,110,
Qwen/discovery_IBP/s08_c2_steering/ibp_error_ctrl_mag.json,05161a8188c6bc504bc2ea2308c62642,17935,results,meta_results,Qwen-2.5-72B,discovery,ibp,error,s08_c2_steering,2,70,
Qwen/discovery_IBP/s08_c2_steering/ibp_error_generate_flipped.json,dc10e884a806d875042cf6bcfcfc704c,11806,results,meta_results,Qwen-2.5-72B,discovery,ibp,error,s08_c2_steering,2,4,
Qwen/heldout_4x4_DET/s01_logit_lens/det_4x4_correct_expA_logit_lens.json,790d3c157a475fd7238f4db9c4b069e4,296264,results,lens_standard,Qwen-2.5-72B,heldout,det,correct,s01_logit_lens,141,12,
Qwen/heldout_4x4_DET/s01_logit_lens/det_4x4_error_expA_logit_lens.json,88e23345aaf0c269914c7334f5fece4a,307496,results,lens_standard,Qwen-2.5-72B,heldout,det,error,s01_logit_lens,147,12,
Qwen/heldout_4x4_DET/s02_dla/det_4x4_correct_expB_dla.json,7862cd3d06ba0e4ef7db393ca91f1b7a,2607000,results,dla_standard,Qwen-2.5-72B,heldout,det,correct,s02_dla,141,204,
Qwen/heldout_4x4_DET/s02_dla/det_4x4_error_expB_dla.json,114eb0cc87636e347990e39c0b879081,2712177,results,dla_standard,Qwen-2.5-72B,heldout,det,error,s02_dla,147,204,
Qwen/heldout_4x4_DET/s04_projections/det_4x4_correct_projections.json,b6e1516c7ed4574c039a57974a00190a,43519,results,projections_case,Qwen-2.5-72B,heldout,det,correct,s04_projections,141,19,
Qwen/heldout_4x4_DET/s04_projections/det_4x4_error_projections.json,4b0f89f6311daea443ca5245dc078b3a,44350,results,projections_case,Qwen-2.5-72B,heldout,det,error,s04_projections,147,19,
Qwen/heldout_4x4_DET/s05_ablations/det_4x4_error_L77attn_retest.json,3aca1e3687fffef3000ae1d892f04e97,236618,results,retest_counts,Qwen-2.5-72B,heldout,det,error,s05_ablations,147,4,
Qwen/heldout_4x4_DET/s05_ablations/det_4x4_error_habit_ablation.json,f1a773e671940264f5e9a77ebb286698,109754,results,flat_delta,Qwen-2.5-72B,heldout,det,error,s05_ablations,147,6,
Qwen/heldout_4x4_DET/s05_ablations/det_4x4_error_joint_ablation.json,5a872b16e1c17dc89eca8cec7987652b,106520,results,s05_joint,Qwen-2.5-72B,heldout,det,error,s05_ablations,147,3,
Qwen/heldout_4x4_DET/s06_direction_subtraction/det_4x4_error_direction_subtraction.json,b79d4b290fdd61934799d22be828668a,207733,results,s06_edits,Qwen-2.5-72B,heldout,det,error,s06_direction_subtraction,99,39,
Qwen/heldout_4x4_DET/s06_direction_subtraction/det_4x4_error_direction_subtraction_a3.json,29581a9f363f9b95f0ef3745012207c3,88953,results,s06_edits,Qwen-2.5-72B,heldout,det,error,s06_direction_subtraction,99,15,
Qwen/heldout_4x4_DET/s07_patching/det_4x4_correct_reverse_patch.json,a976b5fc1cea6bc44887011e22af3f0c,79937,results,s07_patches,Qwen-2.5-72B,heldout,det,correct,s07_patching,141,10,
Qwen/heldout_4x4_DET/s07_patching/det_4x4_error_correct_mean_patch.json,fcef17f8bee338bd9a3a433d43c26e02,83135,results,s07_patches,Qwen-2.5-72B,heldout,det,error,s07_patching,99,11,
Qwen/heldout_4x4_DET/s07_patching/det_4x4_error_signmatched_patch.json,cbf90863376103dcf152543c5ca818ef,114373,results,meta_results,Qwen-2.5-72B,heldout,det,error,s07_patching,2,20,
Qwen/heldout_4x4_DET/s08_c2_steering/det_4x4_correct_c2_on_correct.json,745f7351438033391aa7e0fc43c58a86,135264,results,meta_results,Qwen-2.5-72B,heldout,det,correct,s08_c2_steering,2,23,
Qwen/heldout_4x4_DET/s08_c2_steering/det_4x4_error_combined_ablation.json,77260cf96010e21f5bf9570982f34e80,267203,results,meta_results,Qwen-2.5-72B,heldout,det,error,s08_c2_steering,2,110,
Qwen/heldout_4x4_DET/s08_c2_steering/det_4x4_error_ctrl_mag.json,4578ffacb6d8a418ed7ec92fdd485aad,173240,results,meta_results,Qwen-2.5-72B,heldout,det,error,s08_c2_steering,2,70,
Qwen/heldout_4x4_DET/s09_judge/det_4x4_correct_judge_candidates_armA.json,aa9641b81eda4891ec9adb7d47807d3b,123300,results,meta_results,Qwen-2.5-72B,heldout,det,correct,s09_judge,2,17,
Qwen/heldout_4x4_DET/s09_judge/det_4x4_error_judge_candidates_armB.json,bb9396aec34275c42eca42c125b3ce1b,91691,results,meta_results,Qwen-2.5-72B,heldout,det,error,s09_judge,2,23,
Qwen/heldout_IBP/s01_logit_lens/ibp_correct_expA_logit_lens.json,f9a47ff07cead33683cec35e0f95777b,104410,results,lens_standard,Qwen-2.5-72B,heldout,ibp,correct,s01_logit_lens,50,11,
Qwen/heldout_IBP/s01_logit_lens/ibp_error_expA_logit_lens.json,39a1728de758bc33a613a1d8bc182a7c,54753,results,lens_standard,Qwen-2.5-72B,heldout,ibp,error,s01_logit_lens,26,11,
Qwen/heldout_IBP/s02_dla/ibp_correct_expB_dla.json,a1209bfd468dc57bc414be72f50d843a,924766,results,dla_standard,Qwen-2.5-72B,heldout,ibp,correct,s02_dla,50,188,
Qwen/heldout_IBP/s02_dla/ibp_error_expB_dla.json,df8530f8137d54fc6b1012fefae8a1d3,481322,results,dla_standard,Qwen-2.5-72B,heldout,ibp,error,s02_dla,26,188,
Qwen/heldout_IBP/s04_projections/ibp_correct_projections.json,b1efc2c95f8b24cf2286bff5bc1cac19,15750,results,projections_meta,Qwen-2.5-72B,heldout,ibp,correct,s04_projections,2,2,
Qwen/heldout_IBP/s04_projections/ibp_error_projections.json,ff0a613ffed8e0d70bdf310512e98ec2,8270,results,projections_meta,Qwen-2.5-72B,heldout,ibp,error,s04_projections,2,2,
Qwen/heldout_IBP/s05_ablations/ibp_error_habit_ablation.json,217e68a5f97a0f5d45a618506f66d631,314198,results,s05_ablations,Qwen-2.5-72B,heldout,ibp,error,s05_ablations,26,11,
Qwen/heldout_IBP/s05_ablations/ibp_error_joint_ablation.json,e7dab5ef599511c16fbdaa222ba163a4,21902,results,s05_joint,Qwen-2.5-72B,heldout,ibp,error,s05_ablations,27,3,
Qwen/heldout_IBP/s06_direction_subtraction/ibp_error_direction_subtraction.json,45474bea9469c791d0cf88a1898e0b9c,52617,results,s06_edits,Qwen-2.5-72B,heldout,ibp,error,s06_direction_subtraction,25,39,
Qwen/heldout_IBP/s06_direction_subtraction/ibp_error_direction_subtraction_a3.json,a20c9352c64e19722a8ef70ddb204bba,22536,results,s06_edits,Qwen-2.5-72B,heldout,ibp,error,s06_direction_subtraction,25,15,
Qwen/heldout_IBP/s08_c2_steering/ibp_correct_c2_on_correct.json,81ae5a85b52deef0028c23bdd6876d36,48615,results,meta_results,Qwen-2.5-72B,heldout,ibp,correct,s08_c2_steering,2,23,
Qwen/heldout_IBP/s08_c2_steering/ibp_error_combined_ablation.json,6ae2da3f634efcd1dcff1166db68572c,68048,results,meta_results,Qwen-2.5-72B,heldout,ibp,error,s08_c2_steering,2,110,
Qwen/heldout_IBP/s08_c2_steering/ibp_error_ctrl_mag.json,56e5b09194ab304f5fbc6f17b175dc92,44187,results,meta_results,Qwen-2.5-72B,heldout,ibp,error,s08_c2_steering,2,70,
Qwen/heldout_IBP/s09_judge/ibp_correct_judge_candidates_armA.json,5511a68eb88a0ef5898e0c8b4272d28a,44035,results,meta_results,Qwen-2.5-72B,heldout,ibp,correct,s09_judge,2,17,
Qwen/heldout_IBP/s09_judge/ibp_correct_judge_candidates_armA_L66.json,5a470374e4a981c11da7702a4702f0e2,44016,results,meta_results,Qwen-2.5-72B,heldout,ibp,correct,s09_judge,2,17,
Qwen/heldout_IBP/s09_judge/ibp_error_judge_candidates_armB.json,1f16c27d3bbc8ca163ded6cd5f60a79e,23349,results,meta_results,Qwen-2.5-72B,heldout,ibp,error,s09_judge,2,23,
Qwen/heldout_IBP/s09_judge/ibp_error_judge_candidates_armB_L66.json,5167fdef0d0cff7666478111f8277181,23282,results,meta_results,Qwen-2.5-72B,heldout,ibp,error,s09_judge,2,23,
Qwen/raw_data_4x4_DET/discovery/qwen_det_4x4_correct_n47_experiment_ready.xlsx,075ef7e49a643f5b462ba2c02be61bfc,44348,raw_data,,n/a,n/a,n/a,n/a,n/a,,0,
Qwen/raw_data_4x4_DET/discovery/qwen_det_4x4_error_n59_experiment_ready.xlsx,31de7a8db3946173a301c2d1377b6e2f,61302,raw_data,,n/a,n/a,n/a,n/a,n/a,,0,
Qwen/raw_data_4x4_DET/heldout/qwen_det_4x4_correct_heldout_n141_experiment_ready.csv,bb07dbeeae56cae5f677d969167c96ac,1007296,raw_data,,n/a,n/a,n/a,n/a,n/a,,0,
Qwen/raw_data_4x4_DET/heldout/qwen_det_4x4_error_heldout_n147_experiment_ready.csv,e6e14789b89e5acf9297e75174b7fa63,1131771,raw_data,,n/a,n/a,n/a,n/a,n/a,,0,
Qwen/raw_data_IBP/discovery/qwen_ibp_correct_n25_experiment_ready.xlsx,0e19747bddbc2a1a039539c88c9d7047,26853,raw_data,,n/a,n/a,n/a,n/a,n/a,,0,
Qwen/raw_data_IBP/discovery/qwen_ibp_error_n10_experiment_ready.xlsx,90ca063995f1dd28bde588a0c252d900,11343,raw_data,,n/a,n/a,n/a,n/a,n/a,,0,
Qwen/raw_data_IBP/heldout/qwen_ibp_correct_heldout_n50_experiment_ready.csv,e3274050f26472e9372dfc32e74aaaaf,509864,raw_data,,n/a,n/a,n/a,n/a,n/a,,0,
Qwen/raw_data_IBP/heldout/qwen_ibp_error_heldout_n26_experiment_ready.csv,50c6e77a6fb70a2a2ce3ff2fd435f7be,171290,raw_data,,n/a,n/a,n/a,n/a,n/a,,0,
README.md,c8b26fb40d02415ef5cb2a2377f76921,4065,repo_meta,,n/a,n/a,n/a,n/a,n/a,,0,
paper/appendix/fig3_steering.py,c2aa1433df69cd8eb4036ac59ccb7d6d,5473,analysis_script,,n/a,n/a,n/a,n/a,n/a,,0,
paper/appendix/fig4_universality.py,e6f7b981928b28545c18761155b2dbfb,4312,analysis_script,,n/a,n/a,n/a,n/a,n/a,,0,
paper/appendix/fig5_scorecard.py,11b00d06d01deef62e8d83fd34f0a56b,3705,analysis_script,,n/a,n/a,n/a,n/a,n/a,,0,
paper/appendix/figA_stamper_vs_adaptive.py,53b46e3bb29319740215c2822a5f3f7f,5353,analysis_script,,n/a,n/a,n/a,n/a,n/a,,0,
paper/appendix/figB_joint_ablation.py,7cfcff1ea082c97dd61513cf90be06f4,5383,analysis_script,,n/a,n/a,n/a,n/a,n/a,,0,
paper/appendix/fig_B1_layer0_lean.py,f2dc3d1e6f3f4eb92aad76caa33b0e29,4916,analysis_script,,n/a,n/a,n/a,n/a,n/a,,0,
paper/appendix/fig_G_specificity.py,7d5733936bd72b3861d7163b66743357,10511,analysis_script,,n/a,n/a,n/a,n/a,n/a,,0,
paper/appendix/lean_tests/gemma_context_lean.py,e51bf2fbf95b910b8052c21225c2d5a5,6926,analysis_script,,n/a,n/a,n/a,n/a,n/a,,0,
paper/appendix/lean_tests/gemma_context_lean_results.json,3895c5c90f03b53d515b4d4ea834194c,10835,paper_asset,,n/a,n/a,n/a,n/a,n/a,,0,
paper/appendix/lean_tests/gemma_data/expA_logit_lens.json,6b7610b96b4962faa8f116997795cebe,62704,paper_asset,,n/a,n/a,n/a,n/a,n/a,,0,
paper/appendix/lean_tests/gemma_data/gemma_determinant_experiment_ready.xlsx,843de0531b84f6c0ebc5daf51e0b2f50,39093,paper_asset,,n/a,n/a,n/a,n/a,n/a,,0,
paper/appendix/lean_tests/qwen_embed_geometry.py,3102ac166c93ae4950e755b7f1e24480,11500,analysis_script,,n/a,n/a,n/a,n/a,n/a,,0,
paper/appendix/lean_tests/qwen_embed_geometry_results.json,feb911309b64c37232d33dc127051a6d,5078,paper_asset,,n/a,n/a,n/a,n/a,n/a,,0,
paper/appendix/lean_tests/qwen_probe_token_lean.py,ff8f6b7b3fe3d7fb349d979e3acb020b,6224,analysis_script,,n/a,n/a,n/a,n/a,n/a,,0,
paper/appendix/lean_tests/qwen_probe_token_lean_results.json,4b6b393a62237f17a17718c8c0459d60,45783,paper_asset,,n/a,n/a,n/a,n/a,n/a,,0,
paper/appendix/lean_tests/qwen_text_lean.py,14d9350591a75dbd51f9e8060ea6d0e4,9891,analysis_script,,n/a,n/a,n/a,n/a,n/a,,0,
paper/appendix/lean_tests/qwen_text_lean_results.json,d55c247fd524479d7eb9185e5f830615,5764,paper_asset,,n/a,n/a,n/a,n/a,n/a,,0,
paper/appendix/lean_tests/qwen_tokenizer.json,3f99a313c3754208a7f3acfccadc53cd,7031645,paper_asset,,n/a,n/a,n/a,n/a,n/a,,0,
paper/appendix/ledger_aggregates.csv,,,ledger_output,,n/a,n/a,n/a,n/a,n/a,,0,output of this script (self-referential; md5/size not fixed here)
paper/appendix/ledger_cases.csv,,,ledger_output,,n/a,n/a,n/a,n/a,n/a,,0,output of this script (self-referential; md5/size not fixed here)
paper/appendix/ledger_manifest.csv,,,ledger_output,,n/a,n/a,n/a,n/a,n/a,,0,output of this script (self-referential; md5/size not fixed here)
paper/appendix/ledger_manifest_full.csv,,,ledger_output,,n/a,n/a,n/a,n/a,n/a,,0,output of this script (self-referential; md5/size not fixed here)
paper/appendix/ledger_results.csv,,,ledger_output,,n/a,n/a,n/a,n/a,n/a,,0,output of this script (self-referential; md5/size not fixed here)
paper/appendix/make_numbers_ledger.py,f4135c5543f0c9e8537951457b156274,14248,analysis_script,,n/a,n/a,n/a,n/a,n/a,,0,
paper/appendix/master_ledger.py,57db57ed8e954009193394498f6b3332,51670,analysis_script,,n/a,n/a,n/a,n/a,n/a,,0,
paper/appendix/verification_ledger.md,0a288ef35ac7968d182b66453dbc3f58,5197,paper_asset,,n/a,n/a,n/a,n/a,n/a,,0,
paper/appendix/verify_all.py,3d9fc30f2b3b04372e8a3bbc64502d29,4506,analysis_script,,n/a,n/a,n/a,n/a,n/a,,0,
pipeline_release/.gitignore,25584ace14f0cba78a7e3d2e10b21033,31,pipeline_config,,n/a,n/a,n/a,n/a,n/a,,0,
pipeline_release/PIPELINE.md,1683c08d6b30c2aa359ab9407f8c18b1,5694,pipeline_config,,n/a,n/a,n/a,n/a,n/a,,0,
pipeline_release/adapters/__init__.py,8e7fdac7dc32bbf3bcb3b9ce90bd986c,1166,pipeline_config,,n/a,n/a,n/a,n/a,n/a,,0,
pipeline_release/adapters/base_adapter.py,cc421acd19bbeb986662c97cdb0a64fe,7199,pipeline_config,,n/a,n/a,n/a,n/a,n/a,,0,
pipeline_release/adapters/gemma_adapter.py,7c587f879e06c0d027b53c2cf31279e4,13869,pipeline_config,,n/a,n/a,n/a,n/a,n/a,,0,
pipeline_release/adapters/llama_adapter.py,c4336d92e1bfde8043a7c38b240a38d8,3719,pipeline_config,,n/a,n/a,n/a,n/a,n/a,,0,
pipeline_release/adapters/mistral_adapter.py,238aff28fd1b5e9c7290b5c693dbe90d,9521,pipeline_config,,n/a,n/a,n/a,n/a,n/a,,0,
pipeline_release/adapters/phi_adapter.py,e1ab3d7a791bed2c9373861fa547c443,8741,pipeline_config,,n/a,n/a,n/a,n/a,n/a,,0,
pipeline_release/adapters/qwen_adapter.py,76048c52ba69086d9e27607ad250c6e9,3487,pipeline_config,,n/a,n/a,n/a,n/a,n/a,,0,
pipeline_release/config.py,c64f9bf9c8bde06fe2bd0edd09fc6cd7,14289,pipeline_config,,n/a,n/a,n/a,n/a,n/a,,0,
pipeline_release/data_shared/arith_control_problems.json,b7c70defd9519ad451e4062ae1aff853,10425,pipeline_config,,n/a,n/a,n/a,n/a,n/a,,0,
pipeline_release/experiments/__init__.py,d41d8cd98f00b204e9800998ecf8427e,0,pipeline_config,,n/a,n/a,n/a,n/a,n/a,,0,
pipeline_release/experiments/expA_logit_lens.py,0104a587d9dba6ef99359ce70f8e9149,9283,pipeline_config,,n/a,n/a,n/a,n/a,n/a,,0,
pipeline_release/experiments/expB_dla.py,96a34dadee8ba5a131f0411fa423b2d0,11830,pipeline_config,,n/a,n/a,n/a,n/a,n/a,,0,
pipeline_release/experiments/expC_prime.py,383641e1f2c3a5336699b99f16869228,15901,pipeline_config,,n/a,n/a,n/a,n/a,n/a,,0,
pipeline_release/experiments/expD_prime.py,c38221564f8587aae44ebc80a4dc9a8e,17987,pipeline_config,,n/a,n/a,n/a,n/a,n/a,,0,
pipeline_release/experiments/expE_prime.py,ac6d2cbdbb971a7393e62f659e64d267,11477,pipeline_config,,n/a,n/a,n/a,n/a,n/a,,0,
pipeline_release/experiments/expF_prime.py,9897787aeb48a53e1a3473c3baa3f926,11578,pipeline_config,,n/a,n/a,n/a,n/a,n/a,,0,
pipeline_release/experiments/expG_prime.py,1f4e5b8c519a09b8477feba3f89f5036,8824,pipeline_config,,n/a,n/a,n/a,n/a,n/a,,0,
pipeline_release/experiments/exp_c2_on_correct.py,d090c67ab6461c34125eeaea02e7e076,7888,pipeline_config,,n/a,n/a,n/a,n/a,n/a,,0,
pipeline_release/experiments/exp_capture_projections.py,15652f4204cff8e6700a8ac4efe64a97,6941,pipeline_config,,n/a,n/a,n/a,n/a,n/a,,0,
pipeline_release/experiments/exp_combined_ablation.py,cbd02e62874b60170b1d29886b64438e,10355,pipeline_config,,n/a,n/a,n/a,n/a,n/a,,0,
pipeline_release/experiments/exp_ctrl_mag.py,4278f819b1f0f89bac18ddb3bed2aa5c,9530,pipeline_config,,n/a,n/a,n/a,n/a,n/a,,0,
pipeline_release/experiments/exp_generate_flipped.py,e1e433a175b6b9bbf457acf4df4dac7a,12991,pipeline_config,,n/a,n/a,n/a,n/a,n/a,,0,
pipeline_release/experiments/exp_head_ablation.py,4f3d8afddab3ed77af53d65afe4f9b6f,18810,pipeline_config,,n/a,n/a,n/a,n/a,n/a,,0,
pipeline_release/experiments/exp_judge_candidates.py,15b7a58e4b27516a18e56a3cec8608e1,13310,pipeline_config,,n/a,n/a,n/a,n/a,n/a,,0,
pipeline_release/experiments/exp_judge_crossdomain.py,bda18592cd7652f82ed4be7e131a6a8c,4743,pipeline_config,,n/a,n/a,n/a,n/a,n/a,,0,
pipeline_release/experiments/exp_matched_dla.py,aac5adfe24f4af9d177a4d6ca6dfcb5d,1901,pipeline_config,,n/a,n/a,n/a,n/a,n/a,,0,
pipeline_release/experiments/exp_reverse_patch.py,62e530cbbfb279f5090cb533ebc44bd2,7575,pipeline_config,,n/a,n/a,n/a,n/a,n/a,,0,
pipeline_release/experiments/exp_signmatched_patch.py,ef8b736e6e14aced8b184fae02877bd3,9366,pipeline_config,,n/a,n/a,n/a,n/a,n/a,,0,
pipeline_release/experiments/mean_ablation_utils.py,e208ced3d52275829597903e237f5811,8168,pipeline_config,,n/a,n/a,n/a,n/a,n/a,,0,
pipeline_release/groups_mistral_det.json,3e9eab2c675e7567a76eb9010a940d8c,542,pipeline_config,,n/a,n/a,n/a,n/a,n/a,,0,
pipeline_release/run.py,7250453e0de52848e400d09a3a0a5222,6235,pipeline_config,,n/a,n/a,n/a,n/a,n/a,,0,
pipeline_release/stages/__init__.py,d41d8cd98f00b204e9800998ecf8427e,0,pipeline_config,,n/a,n/a,n/a,n/a,n/a,,0,
pipeline_release/stages/_common.py,3ecbf822f3c2fbcea285b526625f8647,5937,pipeline_config,,n/a,n/a,n/a,n/a,n/a,,0,
pipeline_release/stages/s00_arith_control.py,9ad90e57211a8426c41b1d8ce09f4e18,4833,pipeline_config,,n/a,n/a,n/a,n/a,n/a,,0,
pipeline_release/stages/s01_logit_lens.py,2fda1b0c838c38ee2e6427144aa45add,689,pipeline_config,,n/a,n/a,n/a,n/a,n/a,,0,
pipeline_release/stages/s02_dla.py,c5481fcfa3845f8645eb8cf12fce6c1b,1546,pipeline_config,,n/a,n/a,n/a,n/a,n/a,,0,
pipeline_release/stages/s03_derive_targets.py,3da6fc29767a6b376498301b1a5e44f1,5284,pipeline_config,,n/a,n/a,n/a,n/a,n/a,,0,
pipeline_release/stages/s04_projections.py,af73cae221f9653d0eb0b9eb779d247a,814,pipeline_config,,n/a,n/a,n/a,n/a,n/a,,0,
pipeline_release/stages/s05_ablations.py,7949cea7c0a809cb54cdae9164aea5db,3656,pipeline_config,,n/a,n/a,n/a,n/a,n/a,,0,
pipeline_release/stages/s05b_head_ablation.py,d227703755fe3d8121ef029a88e08c43,5123,pipeline_config,,n/a,n/a,n/a,n/a,n/a,,0,
pipeline_release/stages/s06_bias_subtraction.py,911e560a796351077af55648e1f2d933,1286,pipeline_config,,n/a,n/a,n/a,n/a,n/a,,0,
pipeline_release/stages/s07_patching.py,d119f7f0df030d59a567881aa214b268,3479,pipeline_config,,n/a,n/a,n/a,n/a,n/a,,0,
pipeline_release/stages/s08_steering.py,f5cf1e3b259c39f89b380021641eb995,2836,pipeline_config,,n/a,n/a,n/a,n/a,n/a,,0,
pipeline_release/stages/s09_judge.py,250a4ae5eb828a7cb6b66c9ecb50c7c4,2974,pipeline_config,,n/a,n/a,n/a,n/a,n/a,,0,
pipeline_release/tools/derive_s05_release_json.py,0f009f9ce370fe617b3b8fd32a0cdc88,5744,pipeline_config,,n/a,n/a,n/a,n/a,n/a,,0,
predeclarations/2026-08_ibp_L66_armA.md,5605fde2e307d31186532d374c9e6f01,4544,preregistration,,n/a,n/a,n/a,n/a,n/a,,0,
predeclarations/2026-08_ibp_L66_armA_run.log,7dbee8fbc5b73fd48a6759463398b1fd,42946,preregistration,,n/a,n/a,n/a,n/a,n/a,,0,
predeclarations/2026-08_llama_L78_ablation.md,dc99fa681453aa1b4c170f7c4b63293c,6431,preregistration,,n/a,n/a,n/a,n/a,n/a,,0,
predeclarations/2026-08_llama_L78_ablation_run.log,cf97dc6a9f457c3b77ee250f00c2fa76,42872,preregistration,,n/a,n/a,n/a,n/a,n/a,,0,
preregistration_gemma/PREREGISTRATION.md,e603fd2eb2746b4fb298ec889f2b9fb5,13285,preregistration,,n/a,n/a,n/a,n/a,n/a,,0,
preregistration_gemma/README.md,50384874969b0fa404258d94a3e13887,2931,preregistration,,n/a,n/a,n/a,n/a,n/a,,0,
preregistration_gemma/gemma_det4x4_correct_targets.json,5da6c1013605cd9d0b0ed5f9ae28659f,2282,preregistration,,n/a,n/a,n/a,n/a,n/a,,0,
preregistration_gemma/gemma_det4x4_correct_validation_heldout_n138.csv,e4a75ea45643376361a9a03048d19be7,536954,preregistration,,n/a,n/a,n/a,n/a,n/a,,0,
preregistration_gemma/gemma_det4x4_correct_validation_heldout_n138_deepsign_rolematched.csv,b6c253e6d386b8625c3adc14b3bbe9d2,23113,preregistration,,n/a,n/a,n/a,n/a,n/a,,0,
preregistration_gemma/gemma_det4x4_error_targets.json,5da6c1013605cd9d0b0ed5f9ae28659f,2282,preregistration,,n/a,n/a,n/a,n/a,n/a,,0,
preregistration_gemma/gemma_det4x4_error_validation_heldout_n126.csv,593951e21755782ef333ee87e5c64ad2,523257,preregistration,,n/a,n/a,n/a,n/a,n/a,,0,
preregistration_gemma/gemma_ibp_correct_targets.json,aa4b5130815e51144ddfea1f1264a9c1,2350,preregistration,,n/a,n/a,n/a,n/a,n/a,,0,
preregistration_gemma/gemma_ibp_correct_validation_heldout_n150.csv,b21682187e47c1ef7d474f8cc99b8a7c,1321980,preregistration,,n/a,n/a,n/a,n/a,n/a,,0,
preregistration_gemma/gemma_ibp_correct_validation_heldout_n150_deepsign_rolematched.csv,b403568198da573cf714cae1f528dfd2,26386,preregistration,,n/a,n/a,n/a,n/a,n/a,,0,
preregistration_gemma/gemma_ibp_error_targets.json,aa4b5130815e51144ddfea1f1264a9c1,2350,preregistration,,n/a,n/a,n/a,n/a,n/a,,0,
preregistration_gemma/gemma_ibp_error_validation_heldout_n73.csv,69074188bc1c3943aacb81d1b5edf47c,591041,preregistration,,n/a,n/a,n/a,n/a,n/a,,0,
preregistration_gemma/groups_gemma_det.json,9e3ed03ff397602931901910b0151cd6,539,preregistration,,n/a,n/a,n/a,n/a,n/a,,0,
preregistration_gemma/groups_gemma_ibp.json,972e03ed6bf82ead0b346821d9ba8842,539,preregistration,,n/a,n/a,n/a,n/a,n/a,,0,
preregistration_llama/FINDINGS_IBP.md,e986213f97580c810ebc03d397d44ee5,5217,preregistration,,n/a,n/a,n/a,n/a,n/a,,0,
preregistration_llama/PREREGISTRATION.md,7ef690723e93f03b0718286b7ded0baa,8988,preregistration,,n/a,n/a,n/a,n/a,n/a,,0,
preregistration_llama/PREREGISTRATION_IBP.md,bdb7ccc456be2fc1106cedd8ad1c0702,16291,preregistration,,n/a,n/a,n/a,n/a,n/a,,0,
preregistration_llama/README.md,856ed0b60ee7337d6ada213f2fc3da68,1552,preregistration,,n/a,n/a,n/a,n/a,n/a,,0,
preregistration_llama/llama_det_4x4_correct_heldout_n130_experiment_ready.csv,54607bb6753316dba09957ad7af06ac9,486167,preregistration,,n/a,n/a,n/a,n/a,n/a,,0,
preregistration_llama/llama_det_4x4_correct_targets.json,28d1d77c9dc0c40babd15a4d7828100b,2090,preregistration,,n/a,n/a,n/a,n/a,n/a,,0,
preregistration_llama/llama_det_4x4_error_heldout_n192_experiment_ready.csv,8eaaf2d70e3c4291beb194e9ed9b226a,1371199,preregistration,,n/a,n/a,n/a,n/a,n/a,,0,
preregistration_llama/llama_det_4x4_error_targets.json,18eb268b8cdb736f83c1f945a5044d31,2371,preregistration,,n/a,n/a,n/a,n/a,n/a,,0,
preregistration_llama/llama_ibp_correct_pts_final_heldout_n47.xlsx,11edc2348be7f021e86d9d560ca8f9f1,25288,preregistration,,n/a,n/a,n/a,n/a,n/a,,0,
preregistration_llama/llama_ibp_correct_targets.json,0e7385c44f78b58eef447f3541d89ec7,1523,preregistration,,n/a,n/a,n/a,n/a,n/a,,0,
preregistration_llama/llama_ibp_error_pts_final_heldout_n21.xlsx,6e6a5b3b18bd955bc582d3972263e64b,45250,preregistration,,n/a,n/a,n/a,n/a,n/a,,0,
preregistration_llama/llama_ibp_error_targets.json,4ba9c4fddf033364497a6694b7bd8a19,2849,preregistration,,n/a,n/a,n/a,n/a,n/a,,0,
preregistration_mistral/PREREGISTRATION.md,df90399b9f7551c09d247282864b0f1b,18926,preregistration,,n/a,n/a,n/a,n/a,n/a,,0,
preregistration_mistral/PROVENANCE_NOTES.md,ea882ddfa5b05f102c25cc95eda5854e,3592,preregistration,,n/a,n/a,n/a,n/a,n/a,,0,
preregistration_mistral/README.md,e52c7d8b3e48f9117811408c698cbee2,3380,preregistration,,n/a,n/a,n/a,n/a,n/a,,0,
preregistration_mistral/groups_mistral_det.json,3e9eab2c675e7567a76eb9010a940d8c,542,preregistration,,n/a,n/a,n/a,n/a,n/a,,0,
preregistration_mistral/mistral_det4x4_correct_targets.json,f240f3b45b707d20e106ae6a79bd7136,1990,preregistration,,n/a,n/a,n/a,n/a,n/a,,0,
preregistration_mistral/mistral_det4x4_correct_validation_heldout_n122.csv,2f6a3eb0a860e12e635c967fcac77597,762538,preregistration,,n/a,n/a,n/a,n/a,n/a,,0,
preregistration_mistral/mistral_det4x4_correct_validation_heldout_n122_deepsign_rolematched.csv,eb0ea4052f70817f1f00eb8150db39a5,20668,preregistration,,n/a,n/a,n/a,n/a,n/a,,0,
preregistration_mistral/mistral_det4x4_error_targets.json,6711216b7e5b31319e8f97016b83fe22,1810,preregistration,,n/a,n/a,n/a,n/a,n/a,,0,
preregistration_mistral/mistral_det4x4_error_validation_heldout_n142.csv,629bfef3a968143e7fdc7f023d5a75c0,807764,preregistration,,n/a,n/a,n/a,n/a,n/a,,0,
preregistration_mistral/mistral_ibp_correct_targets.json,9b2a697733e1997b86d3b561aa14c62a,1850,preregistration,,n/a,n/a,n/a,n/a,n/a,,0,
preregistration_mistral/mistral_ibp_correct_validation_heldout_n156.csv,f1480ebd448269a60bfbdaa04dc03299,1653229,preregistration,,n/a,n/a,n/a,n/a,n/a,,0,
preregistration_mistral/mistral_ibp_correct_validation_heldout_n156_deepsign_rolematched.csv,5b62603fe2b65c3381aa788c1eef6250,27512,preregistration,,n/a,n/a,n/a,n/a,n/a,,0,
preregistration_mistral/mistral_ibp_error_targets.json,cfad9e4d0ab308e286debc94c816cfb0,1436,preregistration,,n/a,n/a,n/a,n/a,n/a,,0,
preregistration_mistral/mistral_ibp_error_validation_heldout_n70.csv,10d27835e8a26bf7c59efcfb7bd0d69d,595942,preregistration,,n/a,n/a,n/a,n/a,n/a,,0,
preregistration_mistral/sites_det_4x4_error.json,84b4da86811432c3fec80c05632da9ca,733,preregistration,,n/a,n/a,n/a,n/a,n/a,,0,
preregistration_mistral/sites_ibp_error.json,fae933fe58141a061f931065100a4997,733,preregistration,,n/a,n/a,n/a,n/a,n/a,,0,
preregistration_mistral/targets_frozen_mistral.json,21db5f449ff82ed6fcbe0d1d83a34f58,3630,preregistration,,n/a,n/a,n/a,n/a,n/a,,0,
preregistration_phi/PREREGISTRATION.md,84c31d350fbf1888c8fe29947e60783e,5898,preregistration,,n/a,n/a,n/a,n/a,n/a,,0,
preregistration_phi/README.md,8b771194fede0205dd1e1a36fa790799,2237,preregistration,,n/a,n/a,n/a,n/a,n/a,,0,
preregistration_phi/phi_det4x4_correct_targets.json,9dfd265a644d805cdb28a279025b421e,1951,preregistration,,n/a,n/a,n/a,n/a,n/a,,0,
preregistration_phi/phi_det4x4_correct_validation_heldout_n149.csv,7b206031f372328e09ba88b3f1868c70,1063425,preregistration,,n/a,n/a,n/a,n/a,n/a,,0,
preregistration_phi/phi_det4x4_correct_validation_heldout_n149_deepsign_rolematched.csv,ee6a8c730c94460f29b8ea4eedc0fe41,25353,preregistration,,n/a,n/a,n/a,n/a,n/a,,0,
preregistration_phi/phi_det4x4_error_targets.json,1d5ab501673bf2c11621cfd0f921faa8,1814,preregistration,,n/a,n/a,n/a,n/a,n/a,,0,
preregistration_phi/phi_det4x4_error_validation_heldout_n150.csv,96e6095f1cddaa051ee5c71c2af27ce6,1238355,preregistration,,n/a,n/a,n/a,n/a,n/a,,0,
preregistration_phi/phi_ibp_correct_targets.json,6ab055936779f8d74254fa42c4ef1aa0,1658,preregistration,,n/a,n/a,n/a,n/a,n/a,,0,
preregistration_phi/phi_ibp_correct_validation_heldout_n146.csv,e8ac6b9633b9a79e2babe2758e824509,958095,preregistration,,n/a,n/a,n/a,n/a,n/a,,0,
preregistration_phi/phi_ibp_correct_validation_heldout_n146_deepsign_rolematched.csv,982506539abe2625496ec0b498629cc4,25695,preregistration,,n/a,n/a,n/a,n/a,n/a,,0,
preregistration_phi/phi_ibp_error_targets.json,c79aa96667bee58c7d4fb96adcee3343,1321,preregistration,,n/a,n/a,n/a,n/a,n/a,,0,
preregistration_phi/phi_ibp_error_validation_heldout_n77.csv,62ce159a31542558e533485e168d1eee,502382,preregistration,,n/a,n/a,n/a,n/a,n/a,,0,
preregistration_phi/targets_frozen_phi.json,56d41a4f2f9e75a4d0d029668891c93f,3747,preregistration,,n/a,n/a,n/a,n/a,n/a,,0,
preregistration_qwen/PREREGISTRATION.md,7bcf03f62bfb86aa9570aa56652bb2ec,8670,preregistration,,n/a,n/a,n/a,n/a,n/a,,0,
preregistration_qwen/README.md,0cdfea8eda53cc4ddd00bd8ee9f61e4f,1741,preregistration,,n/a,n/a,n/a,n/a,n/a,,0,
preregistration_qwen/qwen_det_4x4_correct_heldout_n141_experiment_ready.csv,bb07dbeeae56cae5f677d969167c96ac,1007296,preregistration,,n/a,n/a,n/a,n/a,n/a,,0,
preregistration_qwen/qwen_det_4x4_correct_targets.json,8c21fb7cd9a19a3dd2d53e28c2b1385b,705,preregistration,,n/a,n/a,n/a,n/a,n/a,,0,
preregistration_qwen/qwen_det_4x4_error_heldout_n147_experiment_ready.csv,e6e14789b89e5acf9297e75174b7fa63,1131771,preregistration,,n/a,n/a,n/a,n/a,n/a,,0,
preregistration_qwen/qwen_det_4x4_error_targets.json,b7f1687f3c2f0911ecd89c72b2a608ff,4023,preregistration,,n/a,n/a,n/a,n/a,n/a,,0,
preregistration_qwen/qwen_ibp_correct_heldout_n50_experiment_ready.csv,e3274050f26472e9372dfc32e74aaaaf,509864,preregistration,,n/a,n/a,n/a,n/a,n/a,,0,
preregistration_qwen/qwen_ibp_correct_targets.json,672e65e017c962fe452868990633cc47,693,preregistration,,n/a,n/a,n/a,n/a,n/a,,0,
preregistration_qwen/qwen_ibp_error_heldout_n26_experiment_ready.csv,50c6e77a6fb70a2a2ce3ff2fd435f7be,171290,preregistration,,n/a,n/a,n/a,n/a,n/a,,0,
preregistration_qwen/qwen_ibp_error_targets.json,efc4f2757be8a401024b71ba15b06851,3123,preregistration,,n/a,n/a,n/a,n/a,n/a,,0,
requirements.txt,b562e7df2b4941d6228c81ba2fde1c1b,171,repo_meta,,n/a,n/a,n/a,n/a,n/a,,0,
