id,model,domain,depth_level,sign_subtype,error_family,condition,ground_truth,wrong_sign,correct_sign,sign_char_offset,full_input,Gemma-3,context_check,prefix_len,search_strategy
ibp_pts_n10_b1,Gemma-3,integration_by_parts,level_n10,Alternating_Drift,IBP_v_formula,failure,- x^{10} \cos{\left(x \right)} + 10 x^{9} \sin{\left(x \right)} + 90 x^{8} \cos{\left(x \right)} - 720 x^{7} \sin{\left(x \right)} - 5040 x^{6} \cos{\left(x \right)} + 30240 x^{5} \sin{\left(x \right)} + 151200 x^{4} \cos{\left(x \right)} - 604800 x^{3} \sin{\left(x \right)} - 1814400 x^{2} \cos{\left(x \right)} + 3628800 x \sin{\left(x \right)} + 3628800 \cos{\left(x \right)},-,+,4341,"<start_of_turn>user
You are a precise mathematical assistant. Show all computation steps clearly. Always put your final simplified antiderivative inside \boxed{}.

Evaluate the integral
\[
\int x^{10} \sin(1x) \, dx
\]
using integration by parts.

Show all steps and put your final simplified antiderivative inside \boxed{}.<end_of_turn>
<start_of_turn>model

Okay, let's evaluate the integral ∫ x<sup>10</sup> sin(x) dx using integration by parts repeatedly.  We'll use the formula ∫ u dv = uv - ∫ v du.

Let u = x<sup>10</sup> and dv = sin(x) dx.
Then du = 10x<sup>9</sup> dx and v = -cos(x).

Step 1:
∫ x<sup>10</sup> sin(x) dx = -x<sup>10</sup>cos(x) - ∫ (-cos(x)) (10x<sup>9</sup>) dx
= -x<sup>10</sup>cos(x) + 10 ∫ x<sup>9</sup> cos(x) dx

Let u = x<sup>9</sup> and dv = cos(x) dx.
Then du = 9x<sup>8</sup> dx and v = sin(x).

Step 2:
∫ x<sup>9</sup> cos(x) dx = x<sup>9</sup>sin(x) - ∫ sin(x) (9x<sup>8</sup>) dx
= x<sup>9</sup>sin(x) - 9 ∫ x<sup>8</sup> sin(x) dx

Step 3:
Let u = x<sup>8</sup> and dv = sin(x) dx.
Then du = 8x<sup>7</sup> dx and v = -cos(x).
∫ x<sup>8</sup> sin(x) dx = -x<sup>8</sup>cos(x) - ∫ (-cos(x)) (8x<sup>7</sup>) dx
= -x<sup>8</sup>cos(x) + 8 ∫ x<sup>7</sup> cos(x) dx

Step 4:
Let u = x<sup>7</sup> and dv = cos(x) dx.
Then du = 7x<sup>6</sup> dx and v = sin(x).
∫ x<sup>7</sup> cos(x) dx = x<sup>7</sup>sin(x) - ∫ sin(x) (7x<sup>6</sup>) dx
= x<sup>7</sup>sin(x) - 7 ∫ x<sup>6</sup> sin(x) dx

Step 5:
Let u = x<sup>6</sup> and dv = sin(x) dx.
Then du = 6x<sup>5</sup> dx and v = -cos(x).
∫ x<sup>6</sup> sin(x) dx = -x<sup>6</sup>cos(x) - ∫ (-cos(x)) (6x<sup>5</sup>) dx
= -x<sup>6</sup>cos(x) + 6 ∫ x<sup>5</sup> cos(x) dx

Step 6:
Let u = x<sup>5</sup> and dv = cos(x) dx.
Then du = 5x<sup>4</sup> dx and v = sin(x).
∫ x<sup>5</sup> cos(x) dx = x<sup>5</sup>sin(x) - ∫ sin(x) (5x<sup>4</sup>) dx
= x<sup>5</sup>sin(x) - 5 ∫ x<sup>4</sup> sin(x) dx

Step 7:
Let u = x<sup>4</sup> and dv = sin(x) dx.
Then du = 4x<sup>3</sup> dx and v = -cos(x).
∫ x<sup>4</sup> sin(x) dx = -x<sup>4</sup>cos(x) - ∫ (-cos(x)) (4x<sup>3</sup>) dx
= -x<sup>4</sup>cos(x) + 4 ∫ x<sup>3</sup> cos(x) dx

Step 8:
Let u = x<sup>3</sup> and dv = cos(x) dx.
Then du = 3x<sup>2</sup> dx and v = sin(x).
∫ x<sup>3</sup> cos(x) dx = x<sup>3</sup>sin(x) - ∫ sin(x) (3x<sup>2</sup>) dx
= x<sup>3</sup>sin(x) - 3 ∫ x<sup>2</sup> sin(x) dx

Step 9:
Let u = x<sup>2</sup> and dv = sin(x) dx.
Then du = 2x dx and v = -cos(x).
∫ x<sup>2</sup> sin(x) dx = -x<sup>2</sup>cos(x) - ∫ (-cos(x)) (2x) dx
= -x<sup>2</sup>cos(x) + 2 ∫ x cos(x) dx

Step 10:
Let u = x and dv = cos(x) dx.
Then du = dx and v = sin(x).
∫ x cos(x) dx = x sin(x) - ∫ sin(x) dx
= x sin(x) + cos(x)

Step 11:
Now, substitute back up the chain:

∫ x<sup>10</sup> sin(x) dx = -x<sup>10</sup>cos(x) + 10 ∫ x<sup>9</sup> cos(x) dx
= -x<sup>10</sup>cos(x) + 10 [x<sup>9</sup>sin(x) - 9 ∫ x<sup>8</sup> sin(x) dx]
= -x<sup>10</sup>cos(x) + 10x<sup>9</sup>sin(x) - 90 ∫ x<sup>8</sup> sin(x) dx
= -x<sup>10</sup>cos(x) + 10x<sup>9</sup>sin(x) - 90 [-x<sup>8</sup>cos(x) + 8 ∫ x<sup>7</sup> cos(x) dx]
= -x<sup>10</sup>cos(x) + 10x<sup>9</sup>sin(x) + 90x<sup>8</sup>cos(x) - 720 ∫ x<sup>7</sup> cos(x) dx
= -x<sup>10</sup>cos(x) + 10x<sup>9</sup>sin(x) + 90x<sup>8</sup>cos(x) - 720 [x<sup>7</sup>sin(x) - 7 ∫ x<sup>6</sup> sin(x) dx]
= -x<sup>10</sup>cos(x) + 10x<sup>9</sup>sin(x) + 90x<sup>8</sup>cos(x) - 720x<sup>7</sup>sin(x) + 5040 ∫ x<sup>6</sup> sin(x) dx
= -x<sup>10</sup>cos(x) + 10x<sup>9</sup>sin(x) + 90x<sup>8</sup>cos(x) - 720x<sup>7</sup>sin(x) + 5040 [-x<sup>6</sup>cos(x) + 6 ∫ x<sup>5</sup> cos(x) dx]
= -x<sup>10</sup>cos(x) + 10x<sup>9</sup>sin(x) + 90x<sup>8</sup>cos(x) - 720x<sup>7</sup>sin(x) - 5040x<sup>6</sup>cos(x) + 30240 ∫ x<sup>5</sup> cos(x) dx
= -x<sup>10</sup>cos(x) + 10x<sup>9</sup>sin(x) + 90x<sup>8</sup>cos(x) - 720x<sup>7</sup>sin(x) - 5040x<sup>6</sup>cos(x) + 30240 [x<sup>5</sup>sin(x) - 5 ∫ x<sup>4</sup> sin(x) dx]
... (Continuing this pattern) ...
= -x<sup>10</sup>cos(x) + 10x<sup>9</sup>sin(x) + 90x<sup>8</sup>cos(x) - 720x<sup>7</sup>sin(x) - 5040x<sup>6</sup>cos(x) + 30240x<sup>5</sup>sin(x) - 151200x<sup>4</sup>cos(x) + 604800x<sup>3</sup>sin(x) - 1814400x<sup>2</sup>cos(x) + 3628800xsin(x) - 3628800cos(x) + C

Therefore,

\boxed{-x^{10}cos(x) + 10x^9sin(x) + 90x^8cos(x) - 720x^7sin(x) - 5040x^6cos(x) + 30240x^5sin(x) - 151200x^4cos(x) + 604800x^3sin(x) - 1814400x^2cos(x) + 3628800xsin(x) - 3628800cos(x) + C}","
Okay, let's evaluate the integral ∫ x<sup>10</sup> sin(x) dx using integration by parts repeatedly.  We'll use the formula ∫ u dv = uv - ∫ v du.

Let u = x<sup>10</sup> and dv = sin(x) dx.
Then du = 10x<sup>9</sup> dx and v = -cos(x).

Step 1:
∫ x<sup>10</sup> sin(x) dx = -x<sup>10</sup>cos(x) - ∫ (-cos(x)) (10x<sup>9</sup>) dx
= -x<sup>10</sup>cos(x) + 10 ∫ x<sup>9</sup> cos(x) dx

Let u = x<sup>9</sup> and dv = cos(x) dx.
Then du = 9x<sup>8</sup> dx and v = sin(x).

Step 2:
∫ x<sup>9</sup> cos(x) dx = x<sup>9</sup>sin(x) - ∫ sin(x) (9x<sup>8</sup>) dx
= x<sup>9</sup>sin(x) - 9 ∫ x<sup>8</sup> sin(x) dx

Step 3:
Let u = x<sup>8</sup> and dv = sin(x) dx.
Then du = 8x<sup>7</sup> dx and v = -cos(x).
∫ x<sup>8</sup> sin(x) dx = -x<sup>8</sup>cos(x) - ∫ (-cos(x)) (8x<sup>7</sup>) dx
= -x<sup>8</sup>cos(x) + 8 ∫ x<sup>7</sup> cos(x) dx

Step 4:
Let u = x<sup>7</sup> and dv = cos(x) dx.
Then du = 7x<sup>6</sup> dx and v = sin(x).
∫ x<sup>7</sup> cos(x) dx = x<sup>7</sup>sin(x) - ∫ sin(x) (7x<sup>6</sup>) dx
= x<sup>7</sup>sin(x) - 7 ∫ x<sup>6</sup> sin(x) dx

Step 5:
Let u = x<sup>6</sup> and dv = sin(x) dx.
Then du = 6x<sup>5</sup> dx and v = -cos(x).
∫ x<sup>6</sup> sin(x) dx = -x<sup>6</sup>cos(x) - ∫ (-cos(x)) (6x<sup>5</sup>) dx
= -x<sup>6</sup>cos(x) + 6 ∫ x<sup>5</sup> cos(x) dx

Step 6:
Let u = x<sup>5</sup> and dv = cos(x) dx.
Then du = 5x<sup>4</sup> dx and v = sin(x).
∫ x<sup>5</sup> cos(x) dx = x<sup>5</sup>sin(x) - ∫ sin(x) (5x<sup>4</sup>) dx
= x<sup>5</sup>sin(x) - 5 ∫ x<sup>4</sup> sin(x) dx

Step 7:
Let u = x<sup>4</sup> and dv = sin(x) dx.
Then du = 4x<sup>3</sup> dx and v = -cos(x).
∫ x<sup>4</sup> sin(x) dx = -x<sup>4</sup>cos(x) - ∫ (-cos(x)) (4x<sup>3</sup>) dx
= -x<sup>4</sup>cos(x) + 4 ∫ x<sup>3</sup> cos(x) dx

Step 8:
Let u = x<sup>3</sup> and dv = cos(x) dx.
Then du = 3x<sup>2</sup> dx and v = sin(x).
∫ x<sup>3</sup> cos(x) dx = x<sup>3</sup>sin(x) - ∫ sin(x) (3x<sup>2</sup>) dx
= x<sup>3</sup>sin(x) - 3 ∫ x<sup>2</sup> sin(x) dx

Step 9:
Let u = x<sup>2</sup> and dv = sin(x) dx.
Then du = 2x dx and v = -cos(x).
∫ x<sup>2</sup> sin(x) dx = -x<sup>2</sup>cos(x) - ∫ (-cos(x)) (2x) dx
= -x<sup>2</sup>cos(x) + 2 ∫ x cos(x) dx

Step 10:
Let u = x and dv = cos(x) dx.
Then du = dx and v = sin(x).
∫ x cos(x) dx = x sin(x) - ∫ sin(x) dx
= x sin(x) + cos(x)

Step 11:
Now, substitute back up the chain:

∫ x<sup>10</sup> sin(x) dx = -x<sup>10</sup>cos(x) + 10 ∫ x<sup>9</sup> cos(x) dx
= -x<sup>10</sup>cos(x) + 10 [x<sup>9</sup>sin(x) - 9 ∫ x<sup>8</sup> sin(x) dx]
= -x<sup>10</sup>cos(x) + 10x<sup>9</sup>sin(x) - 90 ∫ x<sup>8</sup> sin(x) dx
= -x<sup>10</sup>cos(x) + 10x<sup>9</sup>sin(x) - 90 [-x<sup>8</sup>cos(x) + 8 ∫ x<sup>7</sup> cos(x) dx]
= -x<sup>10</sup>cos(x) + 10x<sup>9</sup>sin(x) + 90x<sup>8</sup>cos(x) - 720 ∫ x<sup>7</sup> cos(x) dx
= -x<sup>10</sup>cos(x) + 10x<sup>9</sup>sin(x) + 90x<sup>8</sup>cos(x) - 720 [x<sup>7</sup>sin(x) - 7 ∫ x<sup>6</sup> sin(x) dx]
= -x<sup>10</sup>cos(x) + 10x<sup>9</sup>sin(x) + 90x<sup>8</sup>cos(x) - 720x<sup>7</sup>sin(x) + 5040 ∫ x<sup>6</sup> sin(x) dx
= -x<sup>10</sup>cos(x) + 10x<sup>9</sup>sin(x) + 90x<sup>8</sup>cos(x) - 720x<sup>7</sup>sin(x) + 5040 [-x<sup>6</sup>cos(x) + 6 ∫ x<sup>5</sup> cos(x) dx]
= -x<sup>10</sup>cos(x) + 10x<sup>9</sup>sin(x) + 90x<sup>8</sup>cos(x) - 720x<sup>7</sup>sin(x) - 5040x<sup>6</sup>cos(x) + 30240 ∫ x<sup>5</sup> cos(x) dx
= -x<sup>10</sup>cos(x) + 10x<sup>9</sup>sin(x) + 90x<sup>8</sup>cos(x) - 720x<sup>7</sup>sin(x) - 5040x<sup>6</sup>cos(x) + 30240 [x<sup>5</sup>sin(x) - 5 ∫ x<sup>4</sup> sin(x) dx]
... (Continuing this pattern) ...
= -x<sup>10</sup>cos(x) + 10x<sup>9</sup>sin(x) + 90x<sup>8</sup>cos(x) - 720x<sup>7</sup>sin(x) - 5040x<sup>6</sup>cos(x) + 30240x<sup>5</sup>sin(x) - 151200x<sup>4</sup>cos(x) + 604800x<sup>3</sup>sin(x) - 1814400x<sup>2</sup>cos(x) + 3628800xsin(x) - 3628800cos(x) + C

Therefore,

\boxed{-x^{10}cos(x) + 10x^9sin(x) + 90x^8cos(x) - 720x^7sin(x) - 5040x^6cos(x) + 30240x^5sin(x) - 151200x^4cos(x) + 604800x^3sin(x) - 1814400x^2cos(x) + 3628800xsin(x) - 3628800cos(x) + C}",6cos(x) + 30240x^5sin(x) [-] 151200x^4cos(x) + 60480,359,S5_fuzzy(0.80)
ibp_pts_n10_b17,Gemma-3,integration_by_parts,level_n10,Double_Negative_Trap,IBP_v_formula,failure,- \frac{x^{10} \cos{\left(17 x \right)}}{17} + \frac{10 x^{9} \sin{\left(17 x \right)}}{289} + \frac{90 x^{8} \cos{\left(17 x \right)}}{4913} - \frac{720 x^{7} \sin{\left(17 x \right)}}{83521} - \frac{5040 x^{6} \cos{\left(17 x \right)}}{1419857} + \frac{30240 x^{5} \sin{\left(17 x \right)}}{24137569} + \frac{151200 x^{4} \cos{\left(17 x \right)}}{410338673} - \frac{604800 x^{3} \sin{\left(17 x \right)}}{6975757441} - \frac{1814400 x^{2} \cos{\left(17 x \right)}}{118587876497} + \frac{3628800 x \sin{\left(17 x \right)}}{2015993900449} + \frac{3628800 \cos{\left(17 x \right)}}{34271896307633},-,+,3017,"<start_of_turn>user
You are a precise mathematical assistant. Show all computation steps clearly. Always put your final simplified antiderivative inside \boxed{}.

Evaluate the integral
\[
\int x^{10} \sin(17x) \, dx
\]
using integration by parts.

Show all steps and put your final simplified antiderivative inside \boxed{}.<end_of_turn>
<start_of_turn>model

Okay, let's evaluate the integral ∫ x<sup>10</sup> sin(17x) dx using integration by parts repeatedly.  We'll use the formula ∫ u dv = uv - ∫ v du.

Let u = x<sup>10</sup> and dv = sin(17x) dx.

**Step 1:**

*   u = x<sup>10</sup>  => du = 10x<sup>9</sup> dx
*   dv = sin(17x) dx => v = - (1/17)cos(17x)

∫ x<sup>10</sup> sin(17x) dx = x<sup>10</sup> * (-1/17)cos(17x) - ∫ (-1/17)cos(17x) * 10x<sup>9</sup> dx
= - (1/17)x<sup>10</sup>cos(17x) + (10/17) ∫ x<sup>9</sup> cos(17x) dx

**Step 2:**

Let u = x<sup>9</sup> and dv = cos(17x) dx.

*   u = x<sup>9</sup> => du = 9x<sup>8</sup> dx
*   dv = cos(17x) dx => v = (1/17)sin(17x)

∫ x<sup>9</sup> cos(17x) dx = x<sup>9</sup> * (1/17)sin(17x) - ∫ (1/17)sin(17x) * 9x<sup>8</sup> dx
= (1/17)x<sup>9</sup>sin(17x) - (9/17) ∫ x<sup>8</sup> sin(17x) dx

Substituting back into Step 1:

∫ x<sup>10</sup> sin(17x) dx = - (1/17)x<sup>10</sup>cos(17x) + (10/17) * [ (1/17)x<sup>9</sup>sin(17x) - (9/17) ∫ x<sup>8</sup> sin(17x) dx ]
= - (1/17)x<sup>10</sup>cos(17x) + (10/289)x<sup>9</sup>sin(17x) - (90/289) ∫ x<sup>8</sup> sin(17x) dx

**Step 3:**

Let u = x<sup>8</sup> and dv = sin(17x) dx.

*   u = x<sup>8</sup> => du = 8x<sup>7</sup> dx
*   dv = sin(17x) dx => v = - (1/17)cos(17x)

∫ x<sup>8</sup> sin(17x) dx = x<sup>8</sup> * (-1/17)cos(17x) - ∫ (-1/17)cos(17x) * 8x<sup>7</sup> dx
= - (1/17)x<sup>8</sup>cos(17x) + (8/17) ∫ x<sup>7</sup> cos(17x) dx

Substituting back:

∫ x<sup>10</sup> sin(17x) dx = - (1/17)x<sup>10</sup>cos(17x) + (10/289)x<sup>9</sup>sin(17x) - (90/289) * [ - (1/17)x<sup>8</sup>cos(17x) + (8/17) ∫ x<sup>7</sup> cos(17x) dx ]
= - (1/17)x<sup>10</sup>cos(17x) + (10/289)x<sup>9</sup>sin(17x) + (90/4913)x<sup>8</sup>cos(17x) - (720/4913) ∫ x<sup>7</sup> cos(17x) dx

We continue this process for 9 more steps.  The pattern is clear: the power of x decreases by 1 with each integration by parts, and the coefficient involves powers of 17.  Let's write the general form after 'n' steps:

∫ x<sup>10</sup> sin(17x) dx =  Σ<sub>n=0</sub><sup>10</sup>  (-1)<sup>n</sup> * (10! / (10-n)!) * (1/17)<sup>n+1</sup> * x<sup>10-n</sup> * (sin(17x) or cos(17x))  + C

Where the sin/cos alternates.

After 11 steps, we will have:

∫ x<sup>10</sup> sin(17x) dx =  - (1/17)x<sup>10</sup>cos(17x) + (10/17<sup>2</sup>)x<sup>9</sup>sin(17x) + (90/17<sup>3</sup>)x<sup>8</sup>cos(17x) - (720/17<sup>4</sup>)x<sup>7</sup>sin(17x) - (5040/17<sup>5</sup>)x<sup>6</sup>cos(17x) + (30240/17<sup>6</sup>)x<sup>5</sup>sin(17x) + (151200/17<sup>7</sup>)x<sup>4</sup>cos(17x) - (604800/17<sup>8</sup>)x<sup>3</sup>sin(17x) - (1814400/17<sup>9</sup>)x<sup>2</sup>cos(17x) + (3628800/17<sup>10</sup>)x sin(17x) - (3628800/17<sup>11</sup>)cos(17x) + C

Therefore,

\boxed{- \frac{x^{10} \cos(17x)}{17} + \frac{10 x^9 \sin(17x)}{17^2} + \frac{90 x^8 \cos(17x)}{17^3} - \frac{720 x^7 \sin(17x)}{17^4} - \frac{5040 x^6 \cos(17x)}{17^5} + \frac{30240 x^5 \sin(17x)}{17^6} + \frac{151200 x^4 \cos(17x)}{17^7} - \frac{604800 x^3 \sin(17x)}{17^8} - \frac{1814400 x^2 \cos(17x)}{17^9} + \frac{3628800 x \sin(17x)}{17^{10}} - \frac{3628800 \cos(17x)}{17^{11}} + C}","
Okay, let's evaluate the integral ∫ x<sup>10</sup> sin(17x) dx using integration by parts repeatedly.  We'll use the formula ∫ u dv = uv - ∫ v du.

Let u = x<sup>10</sup> and dv = sin(17x) dx.

**Step 1:**

*   u = x<sup>10</sup>  => du = 10x<sup>9</sup> dx
*   dv = sin(17x) dx => v = - (1/17)cos(17x)

∫ x<sup>10</sup> sin(17x) dx = x<sup>10</sup> * (-1/17)cos(17x) - ∫ (-1/17)cos(17x) * 10x<sup>9</sup> dx
= - (1/17)x<sup>10</sup>cos(17x) + (10/17) ∫ x<sup>9</sup> cos(17x) dx

**Step 2:**

Let u = x<sup>9</sup> and dv = cos(17x) dx.

*   u = x<sup>9</sup> => du = 9x<sup>8</sup> dx
*   dv = cos(17x) dx => v = (1/17)sin(17x)

∫ x<sup>9</sup> cos(17x) dx = x<sup>9</sup> * (1/17)sin(17x) - ∫ (1/17)sin(17x) * 9x<sup>8</sup> dx
= (1/17)x<sup>9</sup>sin(17x) - (9/17) ∫ x<sup>8</sup> sin(17x) dx

Substituting back into Step 1:

∫ x<sup>10</sup> sin(17x) dx = - (1/17)x<sup>10</sup>cos(17x) + (10/17) * [ (1/17)x<sup>9</sup>sin(17x) - (9/17) ∫ x<sup>8</sup> sin(17x) dx ]
= - (1/17)x<sup>10</sup>cos(17x) + (10/289)x<sup>9</sup>sin(17x) - (90/289) ∫ x<sup>8</sup> sin(17x) dx

**Step 3:**

Let u = x<sup>8</sup> and dv = sin(17x) dx.

*   u = x<sup>8</sup> => du = 8x<sup>7</sup> dx
*   dv = sin(17x) dx => v = - (1/17)cos(17x)

∫ x<sup>8</sup> sin(17x) dx = x<sup>8</sup> * (-1/17)cos(17x) - ∫ (-1/17)cos(17x) * 8x<sup>7</sup> dx
= - (1/17)x<sup>8</sup>cos(17x) + (8/17) ∫ x<sup>7</sup> cos(17x) dx

Substituting back:

∫ x<sup>10</sup> sin(17x) dx = - (1/17)x<sup>10</sup>cos(17x) + (10/289)x<sup>9</sup>sin(17x) - (90/289) * [ - (1/17)x<sup>8</sup>cos(17x) + (8/17) ∫ x<sup>7</sup> cos(17x) dx ]
= - (1/17)x<sup>10</sup>cos(17x) + (10/289)x<sup>9</sup>sin(17x) + (90/4913)x<sup>8</sup>cos(17x) - (720/4913) ∫ x<sup>7</sup> cos(17x) dx

We continue this process for 9 more steps.  The pattern is clear: the power of x decreases by 1 with each integration by parts, and the coefficient involves powers of 17.  Let's write the general form after 'n' steps:

∫ x<sup>10</sup> sin(17x) dx =  Σ<sub>n=0</sub><sup>10</sup>  (-1)<sup>n</sup> * (10! / (10-n)!) * (1/17)<sup>n+1</sup> * x<sup>10-n</sup> * (sin(17x) or cos(17x))  + C

Where the sin/cos alternates.

After 11 steps, we will have:

∫ x<sup>10</sup> sin(17x) dx =  - (1/17)x<sup>10</sup>cos(17x) + (10/17<sup>2</sup>)x<sup>9</sup>sin(17x) + (90/17<sup>3</sup>)x<sup>8</sup>cos(17x) - (720/17<sup>4</sup>)x<sup>7</sup>sin(17x) - (5040/17<sup>5</sup>)x<sup>6</sup>cos(17x) + (30240/17<sup>6</sup>)x<sup>5</sup>sin(17x) + (151200/17<sup>7</sup>)x<sup>4</sup>cos(17x) - (604800/17<sup>8</sup>)x<sup>3</sup>sin(17x) - (1814400/17<sup>9</sup>)x<sup>2</sup>cos(17x) + (3628800/17<sup>10</sup>)x sin(17x) - (3628800/17<sup>11</sup>)cos(17x) + C

Therefore,

\boxed{- \frac{x^{10} \cos(17x)}{17} + \frac{10 x^9 \sin(17x)}{17^2} + \frac{90 x^8 \cos(17x)}{17^3} - \frac{720 x^7 \sin(17x)}{17^4} - \frac{5040 x^6 \cos(17x)}{17^5} + \frac{30240 x^5 \sin(17x)}{17^6} + \frac{151200 x^4 \cos(17x)}{17^7} - \frac{604800 x^3 \sin(17x)}{17^8} - \frac{1814400 x^2 \cos(17x)}{17^9} + \frac{3628800 x \sin(17x)}{17^{10}} - \frac{3628800 \cos(17x)}{17^{11}} + C}",<sup>10</sup>)x sin(17x) [-] (3628800/17<sup>11</sup,360,S1_exact
ibp_pts_n10_b19,Gemma-3,integration_by_parts,level_n10,Alternating_Drift,IBP_v_formula,failure,- \frac{x^{10} \cos{\left(19 x \right)}}{19} + \frac{10 x^{9} \sin{\left(19 x \right)}}{361} + \frac{90 x^{8} \cos{\left(19 x \right)}}{6859} - \frac{720 x^{7} \sin{\left(19 x \right)}}{130321} - \frac{5040 x^{6} \cos{\left(19 x \right)}}{2476099} + \frac{30240 x^{5} \sin{\left(19 x \right)}}{47045881} + \frac{151200 x^{4} \cos{\left(19 x \right)}}{893871739} - \frac{604800 x^{3} \sin{\left(19 x \right)}}{16983563041} - \frac{1814400 x^{2} \cos{\left(19 x \right)}}{322687697779} + \frac{3628800 x \sin{\left(19 x \right)}}{6131066257801} + \frac{3628800 \cos{\left(19 x \right)}}{116490258898219},+,-,2860,"<start_of_turn>user
You are a precise mathematical assistant. Show all computation steps clearly. Always put your final simplified antiderivative inside \boxed{}.

Evaluate the integral
\[
\int x^{10} \sin(19x) \, dx
\]
using integration by parts.

Show all steps and put your final simplified antiderivative inside \boxed{}.<end_of_turn>
<start_of_turn>model
Okay, let's evaluate the integral ∫ x^10 * sin(19x) dx using integration by parts repeatedly.

**Integration by Parts Formula:** ∫ u dv = uv - ∫ v du

Let's define:
u = x^10, dv = sin(19x) dx
du = 10x^9 dx, v = - (1/19)cos(19x)

**Step 1:**

∫ x^10 * sin(19x) dx = x^10 * (-1/19)cos(19x) - ∫ (-1/19)cos(19x) * 10x^9 dx
= - (1/19)x^10 * cos(19x) + (10/19) ∫ x^9 * cos(19x) dx

**Step 2:**  Now, we need to integrate ∫ x^9 * cos(19x) dx.
u = x^9, dv = cos(19x) dx
du = 9x^8 dx, v = (1/19)sin(19x)

∫ x^9 * cos(19x) dx = x^9 * (1/19)sin(19x) - ∫ (1/19)sin(19x) * 9x^8 dx
= (1/19)x^9 * sin(19x) - (9/19) ∫ x^8 * sin(19x) dx

Substituting back into Step 1:

∫ x^10 * sin(19x) dx = - (1/19)x^10 * cos(19x) + (10/19) * [ (1/19)x^9 * sin(19x) - (9/19) ∫ x^8 * sin(19x) dx ]
= - (1/19)x^10 * cos(19x) + (10/361)x^9 * sin(19x) - (90/361) ∫ x^8 * sin(19x) dx

**Step 3:** Integrate ∫ x^8 * sin(19x) dx.
u = x^8, dv = sin(19x) dx
du = 8x^7 dx, v = - (1/19)cos(19x)

∫ x^8 * sin(19x) dx = x^8 * (-1/19)cos(19x) - ∫ (-1/19)cos(19x) * 8x^7 dx
= - (1/19)x^8 * cos(19x) + (8/19) ∫ x^7 * cos(19x) dx

Substituting back:

∫ x^10 * sin(19x) dx = - (1/19)x^10 * cos(19x) + (10/361)x^9 * sin(19x) - (90/361) * [ - (1/19)x^8 * cos(19x) + (8/19) ∫ x^7 * cos(19x) dx ]
= - (1/19)x^10 * cos(19x) + (10/361)x^9 * sin(19x) + (90/361*19)x^8 * cos(19x) - (720/361*19) ∫ x^7 * cos(19x) dx
= - (1/19)x^10 * cos(19x) + (10/361)x^9 * sin(19x) + (90/6859)x^8 * cos(19x) - (720/6859) ∫ x^7 * cos(19x) dx

We continue this process for 11 steps.  The general pattern is:

∫ x^n * sin(19x) dx = - (1/19)x^n * cos(19x) + (n/19) ∫ x^(n-1) * cos(19x) dx

and

∫ x^n * cos(19x) dx = (1/19)x^n * sin(19x) - (n/19) ∫ x^(n-1) * sin(19x) dx

After 11 steps, the integral will be of the form:

∫ x^10 * sin(19x) dx =  A*x^10*cos(19x) + B*x^9*sin(19x) + C*x^8*cos(19x) + D*x^7*sin(19x) + E*x^6*cos(19x) + F*x^5*sin(19x) + G*x^4*cos(19x) + H*x^3*sin(19x) + I*x^2*cos(19x) + J*x*sin(19x) + K*cos(19x)

Where A, B, C, ... K are constants.

Calculating the coefficients:

A = -1/19
B = 10/(19*19) = 10/361
C = 90/(19*19*19) = 90/6859
D = 720/(19*19*19*19) = 720/130321
E = 5040/(19^5) = 5040/2476099
F = 30240/(19^6) = 30240/47045881
G = 151200/(19^7) = 151200/893871759
H = 604800/(19^8) = 604800/16983563421
I = 1814400/(19^9) = 1814400/322687705000
J = 3628800/(19^10) = 3628800/6131067395000
K = 3628800/(19^11) = 3628800/116490280505000

Therefore,

∫ x^10 * sin(19x) dx = - (1/19)x^10 * cos(19x) + (10/361)x^9 * sin(19x) + (90/6859)x^8 * cos(19x) + (720/130321)x^7 * sin(19x) + (5040/2476099)x^6 * cos(19x) + (30240/47045881)x^5 * sin(19x) + (151200/893871759)x^4 * cos(19x) + (604800/16983563421)x^3 * sin(19x) + (1814400/322687705000)x^2 * cos(19x) + (3628800/6131067395000)x * sin(19x) + (3628800/116490280505000)cos(19x) + C

\boxed{- \frac{x^{10} \cos(19x)}{19} + \frac{10 x^9 \sin(19x)}{361} + \frac{90 x^8 \cos(19x)}{6859} + \frac{720 x^7 \sin(19x)}{130321} + \frac{5040 x^6 \cos(19x)}{2476099} + \frac{30240 x^5 \sin(19x)}{47045881} + \frac{151200 x^4 \cos(19x)}{893871759} + \frac{604800 x^3 \sin(19x)}{16983563421} + \frac{1814400 x^2 \cos(19x)}{322687705000} + \frac{3628800 x \sin(19x)}{6131067395000} + \frac{3628800 \cos(19x)}{116490280505000} + C}","Okay, let's evaluate the integral ∫ x^10 * sin(19x) dx using integration by parts repeatedly.

**Integration by Parts Formula:** ∫ u dv = uv - ∫ v du

Let's define:
u = x^10, dv = sin(19x) dx
du = 10x^9 dx, v = - (1/19)cos(19x)

**Step 1:**

∫ x^10 * sin(19x) dx = x^10 * (-1/19)cos(19x) - ∫ (-1/19)cos(19x) * 10x^9 dx
= - (1/19)x^10 * cos(19x) + (10/19) ∫ x^9 * cos(19x) dx

**Step 2:**  Now, we need to integrate ∫ x^9 * cos(19x) dx.
u = x^9, dv = cos(19x) dx
du = 9x^8 dx, v = (1/19)sin(19x)

∫ x^9 * cos(19x) dx = x^9 * (1/19)sin(19x) - ∫ (1/19)sin(19x) * 9x^8 dx
= (1/19)x^9 * sin(19x) - (9/19) ∫ x^8 * sin(19x) dx

Substituting back into Step 1:

∫ x^10 * sin(19x) dx = - (1/19)x^10 * cos(19x) + (10/19) * [ (1/19)x^9 * sin(19x) - (9/19) ∫ x^8 * sin(19x) dx ]
= - (1/19)x^10 * cos(19x) + (10/361)x^9 * sin(19x) - (90/361) ∫ x^8 * sin(19x) dx

**Step 3:** Integrate ∫ x^8 * sin(19x) dx.
u = x^8, dv = sin(19x) dx
du = 8x^7 dx, v = - (1/19)cos(19x)

∫ x^8 * sin(19x) dx = x^8 * (-1/19)cos(19x) - ∫ (-1/19)cos(19x) * 8x^7 dx
= - (1/19)x^8 * cos(19x) + (8/19) ∫ x^7 * cos(19x) dx

Substituting back:

∫ x^10 * sin(19x) dx = - (1/19)x^10 * cos(19x) + (10/361)x^9 * sin(19x) - (90/361) * [ - (1/19)x^8 * cos(19x) + (8/19) ∫ x^7 * cos(19x) dx ]
= - (1/19)x^10 * cos(19x) + (10/361)x^9 * sin(19x) + (90/361*19)x^8 * cos(19x) - (720/361*19) ∫ x^7 * cos(19x) dx
= - (1/19)x^10 * cos(19x) + (10/361)x^9 * sin(19x) + (90/6859)x^8 * cos(19x) - (720/6859) ∫ x^7 * cos(19x) dx

We continue this process for 11 steps.  The general pattern is:

∫ x^n * sin(19x) dx = - (1/19)x^n * cos(19x) + (n/19) ∫ x^(n-1) * cos(19x) dx

and

∫ x^n * cos(19x) dx = (1/19)x^n * sin(19x) - (n/19) ∫ x^(n-1) * sin(19x) dx

After 11 steps, the integral will be of the form:

∫ x^10 * sin(19x) dx =  A*x^10*cos(19x) + B*x^9*sin(19x) + C*x^8*cos(19x) + D*x^7*sin(19x) + E*x^6*cos(19x) + F*x^5*sin(19x) + G*x^4*cos(19x) + H*x^3*sin(19x) + I*x^2*cos(19x) + J*x*sin(19x) + K*cos(19x)

Where A, B, C, ... K are constants.

Calculating the coefficients:

A = -1/19
B = 10/(19*19) = 10/361
C = 90/(19*19*19) = 90/6859
D = 720/(19*19*19*19) = 720/130321
E = 5040/(19^5) = 5040/2476099
F = 30240/(19^6) = 30240/47045881
G = 151200/(19^7) = 151200/893871759
H = 604800/(19^8) = 604800/16983563421
I = 1814400/(19^9) = 1814400/322687705000
J = 3628800/(19^10) = 3628800/6131067395000
K = 3628800/(19^11) = 3628800/116490280505000

Therefore,

∫ x^10 * sin(19x) dx = - (1/19)x^10 * cos(19x) + (10/361)x^9 * sin(19x) + (90/6859)x^8 * cos(19x) + (720/130321)x^7 * sin(19x) + (5040/2476099)x^6 * cos(19x) + (30240/47045881)x^5 * sin(19x) + (151200/893871759)x^4 * cos(19x) + (604800/16983563421)x^3 * sin(19x) + (1814400/322687705000)x^2 * cos(19x) + (3628800/6131067395000)x * sin(19x) + (3628800/116490280505000)cos(19x) + C

\boxed{- \frac{x^{10} \cos(19x)}{19} + \frac{10 x^9 \sin(19x)}{361} + \frac{90 x^8 \cos(19x)}{6859} + \frac{720 x^7 \sin(19x)}{130321} + \frac{5040 x^6 \cos(19x)}{2476099} + \frac{30240 x^5 \sin(19x)}{47045881} + \frac{151200 x^4 \cos(19x)}{893871759} + \frac{604800 x^3 \sin(19x)}{16983563421} + \frac{1814400 x^2 \cos(19x)}{322687705000} + \frac{3628800 x \sin(19x)}{6131067395000} + \frac{3628800 \cos(19x)}{116490280505000} + C}", (90/6859)x^8 * cos(19x) [+] (720/130321)x^7 * sin(1,360,S3_exact
ibp_pts_n11_b1,Gemma-3,integration_by_parts,level_n11,Product_Sign_Error,IBP_v_formula,failure,- x^{11} \cos{\left(x \right)} + 11 x^{10} \sin{\left(x \right)} + 110 x^{9} \cos{\left(x \right)} - 990 x^{8} \sin{\left(x \right)} - 7920 x^{7} \cos{\left(x \right)} + 55440 x^{6} \sin{\left(x \right)} + 332640 x^{5} \cos{\left(x \right)} - 1663200 x^{4} \sin{\left(x \right)} - 6652800 x^{3} \cos{\left(x \right)} + 19958400 x^{2} \sin{\left(x \right)} + 39916800 x \cos{\left(x \right)} - 39916800 \sin{\left(x \right)},+,-,3033,"<start_of_turn>user
You are a precise mathematical assistant. Show all computation steps clearly. Always put your final simplified antiderivative inside \boxed{}.

Evaluate the integral
\[
\int x^{11} \sin(1x) \, dx
\]
using integration by parts.

Show all steps and put your final simplified antiderivative inside \boxed{}.<end_of_turn>
<start_of_turn>model

Okay, let's evaluate the integral ∫ x<sup>11</sup> sin(x) dx using integration by parts repeatedly.  We'll use the formula ∫ u dv = uv - ∫ v du.

Let u = x<sup>11</sup> and dv = sin(x) dx.
Then du = 11x<sup>10</sup> dx and v = -cos(x).

Step 1:
∫ x<sup>11</sup> sin(x) dx = -x<sup>11</sup>cos(x) - ∫ (-cos(x)) * 11x<sup>10</sup> dx
= -x<sup>11</sup>cos(x) + 11 ∫ x<sup>10</sup> cos(x) dx

Step 2: Let u = x<sup>10</sup> and dv = cos(x) dx.
Then du = 10x<sup>9</sup> dx and v = sin(x).
∫ x<sup>10</sup> cos(x) dx = x<sup>10</sup>sin(x) - ∫ sin(x) * 10x<sup>9</sup> dx
= x<sup>10</sup>sin(x) - 10 ∫ x<sup>9</sup> sin(x) dx

Substituting back into Step 1:
∫ x<sup>11</sup> sin(x) dx = -x<sup>11</sup>cos(x) + 11 [x<sup>10</sup>sin(x) - 10 ∫ x<sup>9</sup> sin(x) dx]
= -x<sup>11</sup>cos(x) + 11x<sup>10</sup>sin(x) - 110 ∫ x<sup>9</sup> sin(x) dx

Step 3: Let u = x<sup>9</sup> and dv = sin(x) dx.
Then du = 9x<sup>8</sup> dx and v = -cos(x).
∫ x<sup>9</sup> sin(x) dx = -x<sup>9</sup>cos(x) - ∫ (-cos(x)) * 9x<sup>8</sup> dx
= -x<sup>9</sup>cos(x) + 9 ∫ x<sup>8</sup> cos(x) dx

Substituting back:
∫ x<sup>11</sup> sin(x) dx = -x<sup>11</sup>cos(x) + 11x<sup>10</sup>sin(x) - 110 [-x<sup>9</sup>cos(x) + 9 ∫ x<sup>8</sup> cos(x) dx]
= -x<sup>11</sup>cos(x) + 11x<sup>10</sup>sin(x) + 110x<sup>9</sup>cos(x) - 990 ∫ x<sup>8</sup> cos(x) dx

Step 4: Let u = x<sup>8</sup> and dv = cos(x) dx.
Then du = 8x<sup>7</sup> dx and v = sin(x).
∫ x<sup>8</sup> cos(x) dx = x<sup>8</sup>sin(x) - ∫ sin(x) * 8x<sup>7</sup> dx
= x<sup>8</sup>sin(x) - 8 ∫ x<sup>7</sup> sin(x) dx

Substituting back:
∫ x<sup>11</sup> sin(x) dx = -x<sup>11</sup>cos(x) + 11x<sup>10</sup>sin(x) + 110x<sup>9</sup>cos(x) - 990 [x<sup>8</sup>sin(x) - 8 ∫ x<sup>7</sup> sin(x) dx]
= -x<sup>11</sup>cos(x) + 11x<sup>10</sup>sin(x) + 110x<sup>9</sup>cos(x) - 990x<sup>8</sup>sin(x) + 7920 ∫ x<sup>7</sup> sin(x) dx

Continuing this pattern...

Step 5: ∫ x<sup>7</sup> sin(x) dx = -x<sup>7</sup>cos(x) + 7 ∫ x<sup>6</sup> cos(x) dx
Step 6: ∫ x<sup>6</sup> cos(x) dx = x<sup>6</sup>sin(x) - 6 ∫ x<sup>5</sup> sin(x) dx
Step 7: ∫ x<sup>5</sup> sin(x) dx = -x<sup>5</sup>cos(x) + 5 ∫ x<sup>4</sup> cos(x) dx
Step 8: ∫ x<sup>4</sup> cos(x) dx = x<sup>4</sup>sin(x) - 4 ∫ x<sup>3</sup> sin(x) dx
Step 9: ∫ x<sup>3</sup> sin(x) dx = -x<sup>3</sup>cos(x) + 3 ∫ x<sup>2</sup> cos(x) dx
Step 10: ∫ x<sup>2</sup> cos(x) dx = x<sup>2</sup>sin(x) - 2 ∫ x sin(x) dx
Step 11: ∫ x sin(x) dx = -xcos(x) + ∫ cos(x) dx = -xcos(x) + sin(x)
Step 12: ∫ sin(x) dx = -cos(x)

Now, substitute back up the chain:

∫ x<sup>11</sup> sin(x) dx = -x<sup>11</sup>cos(x) + 11x<sup>10</sup>sin(x) + 110x<sup>9</sup>cos(x) - 990x<sup>8</sup>sin(x) + 7920x<sup>7</sup>cos(x) - 665280x<sup>6</sup>sin(x) + 532440x<sup>5</sup>cos(x) - 4251520x<sup>4</sup>sin(x) + 3401200x<sup>3</sup>cos(x) - 27210000x<sup>2</sup>sin(x) + 21768000xcos(x) - 21768000sin(x) + C

We can write this as:

∫ x<sup>11</sup> sin(x) dx = -x<sup>11</sup>cos(x) + 11x<sup>10</sup>sin(x) + 110x<sup>9</sup>cos(x) - 990x<sup>8</sup>sin(x) + 7920x<sup>7</sup>cos(x) - 665280x<sup>6</sup>sin(x) + 532440x<sup>5</sup>cos(x) - 4251520x<sup>4</sup>sin(x) + 3401280x<sup>3</sup>cos(x) - 27216000x<sup>2</sup>sin(x) + 21772800xcos(x) - 21772800sin(x) + C

Oops, there was a small error in the last two terms. Let's correct it.

∫ x<sup>11</sup> sin(x) dx = -x<sup>11</sup>cos(x) + 11x<sup>10</sup>sin(x) + 110x<sup>9</sup>cos(x) - 990x<sup>8</sup>sin(x) + 7920x<sup>7</sup>cos(x) - 665280x<sup>6</sup>sin(x) + 532440x<sup>5</sup>cos(x) - 4251520x<sup>4</sup>sin(x) + 3401280x<sup>3</sup>cos(x) - 27216000x<sup>2</sup>sin(x) + 21772800xcos(x) - 21772800sin(x) + C

Final Answer: The final answer is $\boxed{-x^{11} \cos(x) + 11 x^{10} \sin(x) + 110 x^9 \cos(x) - 990 x^8 \sin(x) + 7920 x^7 \cos(x) - 665280 x^6 \sin(x) + 532440 x^5 \cos(x) - 4251520 x^4 \sin(x) + 3401280 x^3 \cos(x) - 27216000 x^2 \sin(x) + 21772800 x \cos(x) - 21772800 \sin(x) + C}$","
Okay, let's evaluate the integral ∫ x<sup>11</sup> sin(x) dx using integration by parts repeatedly.  We'll use the formula ∫ u dv = uv - ∫ v du.

Let u = x<sup>11</sup> and dv = sin(x) dx.
Then du = 11x<sup>10</sup> dx and v = -cos(x).

Step 1:
∫ x<sup>11</sup> sin(x) dx = -x<sup>11</sup>cos(x) - ∫ (-cos(x)) * 11x<sup>10</sup> dx
= -x<sup>11</sup>cos(x) + 11 ∫ x<sup>10</sup> cos(x) dx

Step 2: Let u = x<sup>10</sup> and dv = cos(x) dx.
Then du = 10x<sup>9</sup> dx and v = sin(x).
∫ x<sup>10</sup> cos(x) dx = x<sup>10</sup>sin(x) - ∫ sin(x) * 10x<sup>9</sup> dx
= x<sup>10</sup>sin(x) - 10 ∫ x<sup>9</sup> sin(x) dx

Substituting back into Step 1:
∫ x<sup>11</sup> sin(x) dx = -x<sup>11</sup>cos(x) + 11 [x<sup>10</sup>sin(x) - 10 ∫ x<sup>9</sup> sin(x) dx]
= -x<sup>11</sup>cos(x) + 11x<sup>10</sup>sin(x) - 110 ∫ x<sup>9</sup> sin(x) dx

Step 3: Let u = x<sup>9</sup> and dv = sin(x) dx.
Then du = 9x<sup>8</sup> dx and v = -cos(x).
∫ x<sup>9</sup> sin(x) dx = -x<sup>9</sup>cos(x) - ∫ (-cos(x)) * 9x<sup>8</sup> dx
= -x<sup>9</sup>cos(x) + 9 ∫ x<sup>8</sup> cos(x) dx

Substituting back:
∫ x<sup>11</sup> sin(x) dx = -x<sup>11</sup>cos(x) + 11x<sup>10</sup>sin(x) - 110 [-x<sup>9</sup>cos(x) + 9 ∫ x<sup>8</sup> cos(x) dx]
= -x<sup>11</sup>cos(x) + 11x<sup>10</sup>sin(x) + 110x<sup>9</sup>cos(x) - 990 ∫ x<sup>8</sup> cos(x) dx

Step 4: Let u = x<sup>8</sup> and dv = cos(x) dx.
Then du = 8x<sup>7</sup> dx and v = sin(x).
∫ x<sup>8</sup> cos(x) dx = x<sup>8</sup>sin(x) - ∫ sin(x) * 8x<sup>7</sup> dx
= x<sup>8</sup>sin(x) - 8 ∫ x<sup>7</sup> sin(x) dx

Substituting back:
∫ x<sup>11</sup> sin(x) dx = -x<sup>11</sup>cos(x) + 11x<sup>10</sup>sin(x) + 110x<sup>9</sup>cos(x) - 990 [x<sup>8</sup>sin(x) - 8 ∫ x<sup>7</sup> sin(x) dx]
= -x<sup>11</sup>cos(x) + 11x<sup>10</sup>sin(x) + 110x<sup>9</sup>cos(x) - 990x<sup>8</sup>sin(x) + 7920 ∫ x<sup>7</sup> sin(x) dx

Continuing this pattern...

Step 5: ∫ x<sup>7</sup> sin(x) dx = -x<sup>7</sup>cos(x) + 7 ∫ x<sup>6</sup> cos(x) dx
Step 6: ∫ x<sup>6</sup> cos(x) dx = x<sup>6</sup>sin(x) - 6 ∫ x<sup>5</sup> sin(x) dx
Step 7: ∫ x<sup>5</sup> sin(x) dx = -x<sup>5</sup>cos(x) + 5 ∫ x<sup>4</sup> cos(x) dx
Step 8: ∫ x<sup>4</sup> cos(x) dx = x<sup>4</sup>sin(x) - 4 ∫ x<sup>3</sup> sin(x) dx
Step 9: ∫ x<sup>3</sup> sin(x) dx = -x<sup>3</sup>cos(x) + 3 ∫ x<sup>2</sup> cos(x) dx
Step 10: ∫ x<sup>2</sup> cos(x) dx = x<sup>2</sup>sin(x) - 2 ∫ x sin(x) dx
Step 11: ∫ x sin(x) dx = -xcos(x) + ∫ cos(x) dx = -xcos(x) + sin(x)
Step 12: ∫ sin(x) dx = -cos(x)

Now, substitute back up the chain:

∫ x<sup>11</sup> sin(x) dx = -x<sup>11</sup>cos(x) + 11x<sup>10</sup>sin(x) + 110x<sup>9</sup>cos(x) - 990x<sup>8</sup>sin(x) + 7920x<sup>7</sup>cos(x) - 665280x<sup>6</sup>sin(x) + 532440x<sup>5</sup>cos(x) - 4251520x<sup>4</sup>sin(x) + 3401200x<sup>3</sup>cos(x) - 27210000x<sup>2</sup>sin(x) + 21768000xcos(x) - 21768000sin(x) + C

We can write this as:

∫ x<sup>11</sup> sin(x) dx = -x<sup>11</sup>cos(x) + 11x<sup>10</sup>sin(x) + 110x<sup>9</sup>cos(x) - 990x<sup>8</sup>sin(x) + 7920x<sup>7</sup>cos(x) - 665280x<sup>6</sup>sin(x) + 532440x<sup>5</sup>cos(x) - 4251520x<sup>4</sup>sin(x) + 3401280x<sup>3</sup>cos(x) - 27216000x<sup>2</sup>sin(x) + 21772800xcos(x) - 21772800sin(x) + C

Oops, there was a small error in the last two terms. Let's correct it.

∫ x<sup>11</sup> sin(x) dx = -x<sup>11</sup>cos(x) + 11x<sup>10</sup>sin(x) + 110x<sup>9</sup>cos(x) - 990x<sup>8</sup>sin(x) + 7920x<sup>7</sup>cos(x) - 665280x<sup>6</sup>sin(x) + 532440x<sup>5</sup>cos(x) - 4251520x<sup>4</sup>sin(x) + 3401280x<sup>3</sup>cos(x) - 27216000x<sup>2</sup>sin(x) + 21772800xcos(x) - 21772800sin(x) + C

Final Answer: The final answer is $\boxed{-x^{11} \cos(x) + 11 x^{10} \sin(x) + 110 x^9 \cos(x) - 990 x^8 \sin(x) + 7920 x^7 \cos(x) - 665280 x^6 \sin(x) + 532440 x^5 \cos(x) - 4251520 x^4 \sin(x) + 3401280 x^3 \cos(x) - 27216000 x^2 \sin(x) + 21772800 x \cos(x) - 21772800 \sin(x) + C}$",- 990x<sup>8</sup>sin(x) [+] 7920x<sup>7</sup>cos(x),359,S5_fuzzy(0.70)
ibp_pts_n11_b17,Gemma-3,integration_by_parts,level_n11,Alternating_Drift,IBP_v_formula,failure,- \frac{x^{11} \cos{\left(17 x \right)}}{17} + \frac{11 x^{10} \sin{\left(17 x \right)}}{289} + \frac{110 x^{9} \cos{\left(17 x \right)}}{4913} - \frac{990 x^{8} \sin{\left(17 x \right)}}{83521} - \frac{7920 x^{7} \cos{\left(17 x \right)}}{1419857} + \frac{55440 x^{6} \sin{\left(17 x \right)}}{24137569} + \frac{332640 x^{5} \cos{\left(17 x \right)}}{410338673} - \frac{1663200 x^{4} \sin{\left(17 x \right)}}{6975757441} - \frac{6652800 x^{3} \cos{\left(17 x \right)}}{118587876497} + \frac{19958400 x^{2} \sin{\left(17 x \right)}}{2015993900449} + \frac{39916800 x \cos{\left(17 x \right)}}{34271896307633} - \frac{39916800 \sin{\left(17 x \right)}}{582622237229761},-,+,2869,"<start_of_turn>user
You are a precise mathematical assistant. Show all computation steps clearly. Always put your final simplified antiderivative inside \boxed{}.

Evaluate the integral
\[
\int x^{11} \sin(17x) \, dx
\]
using integration by parts.

Show all steps and put your final simplified antiderivative inside \boxed{}.<end_of_turn>
<start_of_turn>model

Okay, let's evaluate the integral ∫ x<sup>11</sup> sin(17x) dx using integration by parts repeatedly.  We'll use the formula ∫ u dv = uv - ∫ v du.

Let u = x<sup>11</sup> and dv = sin(17x) dx.

**Step 1:**

*   u = x<sup>11</sup>  => du = 11x<sup>10</sup> dx
*   dv = sin(17x) dx => v = - (1/17)cos(17x)

∫ x<sup>11</sup> sin(17x) dx = x<sup>11</sup> * (-1/17)cos(17x) - ∫ (-1/17)cos(17x) * 11x<sup>10</sup> dx
= - (1/17)x<sup>11</sup>cos(17x) + (11/17) ∫ x<sup>10</sup> cos(17x) dx

**Step 2:**

Let u = x<sup>10</sup> and dv = cos(17x) dx.

*   u = x<sup>10</sup> => du = 10x<sup>9</sup> dx
*   dv = cos(17x) dx => v = (1/17)sin(17x)

∫ x<sup>10</sup> cos(17x) dx = x<sup>10</sup> * (1/17)sin(17x) - ∫ (1/17)sin(17x) * 10x<sup>9</sup> dx
= (1/17)x<sup>10</sup>sin(17x) - (10/17) ∫ x<sup>9</sup> sin(17x) dx

Substituting back into Step 1:

∫ x<sup>11</sup> sin(17x) dx = - (1/17)x<sup>11</sup>cos(17x) + (11/17) * [ (1/17)x<sup>10</sup>sin(17x) - (10/17) ∫ x<sup>9</sup> sin(17x) dx ]
= - (1/17)x<sup>11</sup>cos(17x) + (11/289)x<sup>10</sup>sin(17x) - (110/289) ∫ x<sup>9</sup> sin(17x) dx

**Step 3:**

Let u = x<sup>9</sup> and dv = sin(17x) dx.

*   u = x<sup>9</sup> => du = 9x<sup>8</sup> dx
*   dv = sin(17x) dx => v = - (1/17)cos(17x)

∫ x<sup>9</sup> sin(17x) dx = x<sup>9</sup> * (-1/17)cos(17x) - ∫ (-1/17)cos(17x) * 9x<sup>8</sup> dx
= - (1/17)x<sup>9</sup>cos(17x) + (9/17) ∫ x<sup>8</sup> cos(17x) dx

Substituting back:

∫ x<sup>11</sup> sin(17x) dx = - (1/17)x<sup>11</sup>cos(17x) + (11/289)x<sup>10</sup>sin(17x) - (110/289) * [ - (1/17)x<sup>9</sup>cos(17x) + (9/17) ∫ x<sup>8</sup> cos(17x) dx ]
= - (1/17)x<sup>11</sup>cos(17x) + (11/289)x<sup>10</sup>sin(17x) + (110/4913)x<sup>9</sup>cos(17x) - (990/4913) ∫ x<sup>8</sup> cos(17x) dx

We continue this pattern.  Notice the pattern:  The power of x decreases by 1 with each integration by parts, and the trigonometric function alternates between sin and cos.  We'll continue for 12 steps.

**General Pattern:**

∫ x<sup>n</sup> sin(17x) dx =  - (1/17)x<sup>n</sup>cos(17x) + (n/17) ∫ x<sup>n-1</sup> cos(17x) dx
∫ x<sup>n</sup> cos(17x) dx = (1/17)x<sup>n</sup>sin(17x) - (n/17) ∫ x<sup>n-1</sup> sin(17x) dx

After 12 steps, we will have:

∫ x<sup>11</sup> sin(17x) dx =  - (1/17)x<sup>11</sup>cos(17x) + (11/17) ∫ x<sup>10</sup> cos(17x) dx
= - (1/17)x<sup>11</sup>cos(17x) + (11/17)( (1/17)x<sup>10</sup>sin(17x) - (10/17)∫x<sup>9</sup>sin(17x)dx)
= ...
= - (1/17)x<sup>11</sup>cos(17x) + (11/17<sup>2</sup>)x<sup>10</sup>sin(17x) - (11*10/17<sup>3</sup>)x<sup>9</sup>cos(17x) + (11*10*9/17<sup>4</sup>)x<sup>8</sup>sin(17x) - ... + (-1)<sup>11</sup>(11!/17<sup>12</sup>)x<sup>0</sup>cos(17x) + C

The final result will be a sum of terms of the form:

(-1)<sup>k</sup> (11! / (11-k)!) * (1/17<sup>k+1</sup>) * x<sup>11-k</sup> * cos(17x)  or  (-1)<sup>k</sup> (11! / (11-k)!) * (1/17<sup>k+1</sup>) * x<sup>11-k</sup> * sin(17x)

where k ranges from 0 to 11.

The final result is:

∫ x<sup>11</sup> sin(17x) dx =  ∑<sub>k=0</sub><sup>11</sup> (-1)<sup>k</sup> (11! / (11-k)!) * (1/17<sup>k+1</sup>) * x<sup>11-k</sup> * (cos(17x) if k is even, sin(17x) if k is odd) + C

This is a very long expression.  Let's write out the first few terms to illustrate:

= - (1/17)x<sup>11</sup>cos(17x) + (11/17<sup>2</sup>)x<sup>10</sup>sin(17x) - (110/17<sup>3</sup>)x<sup>9</sup>cos(17x) + (990/17<sup>4</sup>)x<sup>8</sup>sin(17x) - (7920/17<sup>5</sup>)x<sup>7</sup>cos(17x) + (55440/17<sup>6</sup>)x<sup>6</sup>sin(17x) - (399168/17<sup>7</sup>)x<sup>5</sup>cos(17x) + (2772000/17<sup>8</sup>)x<sup>4</sup>sin(17x) - (19958400/17<sup>9</sup>)x<sup>3</sup>cos(17x) + (138600000/17<sup>10</sup>)x<sup>2</sup>sin(17x) - (980179200/17<sup>11</sup>)x cos(17x) + (6652800000/17<sup>12</sup>)sin(17x) + C

Therefore,

\boxed{-\frac{x^{11} \cos(17x)}{17} + \frac{11 x^{10} \sin(17x)}{17^2} - \frac{110 x^9 \cos(17x)}{17^3} + \frac{990 x^8 \sin(17x)}{17^4} - \frac{7920 x^7 \cos(17x)}{17^5} + \frac{55440 x^6 \sin(17x)}{17^6} - \frac{399168 x^5 \cos(17x)}{17^7} + \frac{2772000 x^4 \sin(17x)}{17^8} - \frac{19958400 x^3 \cos(17x)}{17^9} + \frac{138600000 x^2 \sin(17x)}{17^{10}} - \frac{980179200 x \cos(17x)}{17^{11}} + \frac{6652800000 \sin(17x)}{17^{12}} + C}","
Okay, let's evaluate the integral ∫ x<sup>11</sup> sin(17x) dx using integration by parts repeatedly.  We'll use the formula ∫ u dv = uv - ∫ v du.

Let u = x<sup>11</sup> and dv = sin(17x) dx.

**Step 1:**

*   u = x<sup>11</sup>  => du = 11x<sup>10</sup> dx
*   dv = sin(17x) dx => v = - (1/17)cos(17x)

∫ x<sup>11</sup> sin(17x) dx = x<sup>11</sup> * (-1/17)cos(17x) - ∫ (-1/17)cos(17x) * 11x<sup>10</sup> dx
= - (1/17)x<sup>11</sup>cos(17x) + (11/17) ∫ x<sup>10</sup> cos(17x) dx

**Step 2:**

Let u = x<sup>10</sup> and dv = cos(17x) dx.

*   u = x<sup>10</sup> => du = 10x<sup>9</sup> dx
*   dv = cos(17x) dx => v = (1/17)sin(17x)

∫ x<sup>10</sup> cos(17x) dx = x<sup>10</sup> * (1/17)sin(17x) - ∫ (1/17)sin(17x) * 10x<sup>9</sup> dx
= (1/17)x<sup>10</sup>sin(17x) - (10/17) ∫ x<sup>9</sup> sin(17x) dx

Substituting back into Step 1:

∫ x<sup>11</sup> sin(17x) dx = - (1/17)x<sup>11</sup>cos(17x) + (11/17) * [ (1/17)x<sup>10</sup>sin(17x) - (10/17) ∫ x<sup>9</sup> sin(17x) dx ]
= - (1/17)x<sup>11</sup>cos(17x) + (11/289)x<sup>10</sup>sin(17x) - (110/289) ∫ x<sup>9</sup> sin(17x) dx

**Step 3:**

Let u = x<sup>9</sup> and dv = sin(17x) dx.

*   u = x<sup>9</sup> => du = 9x<sup>8</sup> dx
*   dv = sin(17x) dx => v = - (1/17)cos(17x)

∫ x<sup>9</sup> sin(17x) dx = x<sup>9</sup> * (-1/17)cos(17x) - ∫ (-1/17)cos(17x) * 9x<sup>8</sup> dx
= - (1/17)x<sup>9</sup>cos(17x) + (9/17) ∫ x<sup>8</sup> cos(17x) dx

Substituting back:

∫ x<sup>11</sup> sin(17x) dx = - (1/17)x<sup>11</sup>cos(17x) + (11/289)x<sup>10</sup>sin(17x) - (110/289) * [ - (1/17)x<sup>9</sup>cos(17x) + (9/17) ∫ x<sup>8</sup> cos(17x) dx ]
= - (1/17)x<sup>11</sup>cos(17x) + (11/289)x<sup>10</sup>sin(17x) + (110/4913)x<sup>9</sup>cos(17x) - (990/4913) ∫ x<sup>8</sup> cos(17x) dx

We continue this pattern.  Notice the pattern:  The power of x decreases by 1 with each integration by parts, and the trigonometric function alternates between sin and cos.  We'll continue for 12 steps.

**General Pattern:**

∫ x<sup>n</sup> sin(17x) dx =  - (1/17)x<sup>n</sup>cos(17x) + (n/17) ∫ x<sup>n-1</sup> cos(17x) dx
∫ x<sup>n</sup> cos(17x) dx = (1/17)x<sup>n</sup>sin(17x) - (n/17) ∫ x<sup>n-1</sup> sin(17x) dx

After 12 steps, we will have:

∫ x<sup>11</sup> sin(17x) dx =  - (1/17)x<sup>11</sup>cos(17x) + (11/17) ∫ x<sup>10</sup> cos(17x) dx
= - (1/17)x<sup>11</sup>cos(17x) + (11/17)( (1/17)x<sup>10</sup>sin(17x) - (10/17)∫x<sup>9</sup>sin(17x)dx)
= ...
= - (1/17)x<sup>11</sup>cos(17x) + (11/17<sup>2</sup>)x<sup>10</sup>sin(17x) - (11*10/17<sup>3</sup>)x<sup>9</sup>cos(17x) + (11*10*9/17<sup>4</sup>)x<sup>8</sup>sin(17x) - ... + (-1)<sup>11</sup>(11!/17<sup>12</sup>)x<sup>0</sup>cos(17x) + C

The final result will be a sum of terms of the form:

(-1)<sup>k</sup> (11! / (11-k)!) * (1/17<sup>k+1</sup>) * x<sup>11-k</sup> * cos(17x)  or  (-1)<sup>k</sup> (11! / (11-k)!) * (1/17<sup>k+1</sup>) * x<sup>11-k</sup> * sin(17x)

where k ranges from 0 to 11.

The final result is:

∫ x<sup>11</sup> sin(17x) dx =  ∑<sub>k=0</sub><sup>11</sup> (-1)<sup>k</sup> (11! / (11-k)!) * (1/17<sup>k+1</sup>) * x<sup>11-k</sup> * (cos(17x) if k is even, sin(17x) if k is odd) + C

This is a very long expression.  Let's write out the first few terms to illustrate:

= - (1/17)x<sup>11</sup>cos(17x) + (11/17<sup>2</sup>)x<sup>10</sup>sin(17x) - (110/17<sup>3</sup>)x<sup>9</sup>cos(17x) + (990/17<sup>4</sup>)x<sup>8</sup>sin(17x) - (7920/17<sup>5</sup>)x<sup>7</sup>cos(17x) + (55440/17<sup>6</sup>)x<sup>6</sup>sin(17x) - (399168/17<sup>7</sup>)x<sup>5</sup>cos(17x) + (2772000/17<sup>8</sup>)x<sup>4</sup>sin(17x) - (19958400/17<sup>9</sup>)x<sup>3</sup>cos(17x) + (138600000/17<sup>10</sup>)x<sup>2</sup>sin(17x) - (980179200/17<sup>11</sup>)x cos(17x) + (6652800000/17<sup>12</sup>)sin(17x) + C

Therefore,

\boxed{-\frac{x^{11} \cos(17x)}{17} + \frac{11 x^{10} \sin(17x)}{17^2} - \frac{110 x^9 \cos(17x)}{17^3} + \frac{990 x^8 \sin(17x)}{17^4} - \frac{7920 x^7 \cos(17x)}{17^5} + \frac{55440 x^6 \sin(17x)}{17^6} - \frac{399168 x^5 \cos(17x)}{17^7} + \frac{2772000 x^4 \sin(17x)}{17^8} - \frac{19958400 x^3 \cos(17x)}{17^9} + \frac{138600000 x^2 \sin(17x)}{17^{10}} - \frac{980179200 x \cos(17x)}{17^{11}} + \frac{6652800000 \sin(17x)}{17^{12}} + C}",>)x<sup>10</sup>sin(17x) [-] (11*10/17<sup>3</sup>)x,360,S3_exact
ibp_pts_n11_b19,Gemma-3,integration_by_parts,level_n11,Double_Negative_Trap,IBP_v_formula,failure,- \frac{x^{11} \cos{\left(19 x \right)}}{19} + \frac{11 x^{10} \sin{\left(19 x \right)}}{361} + \frac{110 x^{9} \cos{\left(19 x \right)}}{6859} - \frac{990 x^{8} \sin{\left(19 x \right)}}{130321} - \frac{7920 x^{7} \cos{\left(19 x \right)}}{2476099} + \frac{55440 x^{6} \sin{\left(19 x \right)}}{47045881} + \frac{332640 x^{5} \cos{\left(19 x \right)}}{893871739} - \frac{1663200 x^{4} \sin{\left(19 x \right)}}{16983563041} - \frac{6652800 x^{3} \cos{\left(19 x \right)}}{322687697779} + \frac{19958400 x^{2} \sin{\left(19 x \right)}}{6131066257801} + \frac{39916800 x \cos{\left(19 x \right)}}{116490258898219} - \frac{39916800 \sin{\left(19 x \right)}}{2213314919066161},-,+,1310,"<start_of_turn>user
You are a precise mathematical assistant. Show all computation steps clearly. Always put your final simplified antiderivative inside \boxed{}.

Evaluate the integral
\[
\int x^{11} \sin(19x) \, dx
\]
using integration by parts.

Show all steps and put your final simplified antiderivative inside \boxed{}.<end_of_turn>
<start_of_turn>model
thought
To evaluate the integral $I = \int x^{11} \sin(19x) \, dx$, we use the method of integration by parts (IBP) repeatedly. The general formula for IBP is $\int u \, dv = uv - \int v \, du$.

For an integral of the form $\int x^n \sin(ax) \, dx$, the Tabular Method (a shortcut for sequential IBP) is the most efficient way to track the signs and derivatives.

### Step 1: Tabular Integration Setup
We create a table with three columns: the sign, the derivatives of $u = x^{11}$, and the integrals of $dv = \sin(19x) \, dx$.

| Sign | $u$ (Derivatives) | $dv$ (Integrals) |
| :--- | :--- | :--- |
| $+$ | $x^{11}$ | $\sin(19x)$ |
| $-$ | $11x^{10}$ | $-\frac{1}{19}\cos(19x)$ |
| $+$ | $110x^9$ | $-\frac{1}{19^2}\sin(19x)$ |
| $-$ | $990x^8$ | $\frac{1}{19^3}\cos(19x)$ |
| $+$ | $7920x^7$ | $\frac{1}{19^4}\sin(19x)$ |
| $-$ | $55440x^6$ | $-\frac{1}{19^5}\cos(19x)$ |
| $+$ | $332640x^5$ | $-\frac{1}{19^6}\sin(19x)$ |
| $-$ | $1663200x^4$ | $-\frac{1}{19^7}\cos(19x)$ |
| $+$ | $6652800x^3$ | $\frac{1}{19^8}\sin(19x)$ |
| $-$ | $19958400x^2$ | $\frac{1}{19^9}\cos(19x)$ |
| $+$ | $39916800x$ | $-\frac{1}{19^{10}}\sin(19x)$ |
| $-$ | $39916800$ | $-\frac{1}{19^{11}}\cos(19x)$ |
| $+$ | $0$ | $\frac{1}{19^{12}}\sin(19x)$ |

### Step 2: Summing the Terms
The integral is the sum of the products of the diagonals (Sign $\times$ Derivative $\times$ Integral):

$I = (x^{11})(-\frac{1}{19}\cos(19x)) - (11x^{10})(-\frac{1}{19^2}\sin(19x)) + (110x^9)(\frac{1}{19^3}\cos(19x)) - (990x^8)(\frac{1}{19^4}\sin(19x)) + (7920x^7)(-\frac{1}{19^5}\cos(19x)) - (55440x^6)(-\frac{1}{19^6}\sin(19x)) + (332640x^5)(-\frac{1}{19^7}\cos(19x)) - (1663200x^4)(-\frac{1}{19^8}\sin(19x)) + (6652800x^3)(\frac{1}{19^9}\cos(19x)) - (19958400x^2)(\frac{1}{19^{10}}\sin(19x)) + (39916800x)(-\frac{1}{19^{11}}\cos(19x)) - (39916800)(-\frac{1}{19^{12}}\sin(19x)) + C$

### Step 3: Grouping by Trigonometric Function
We group the terms containing $\cos(19x)$ and $\sin(19x)$:

**Cosine terms:**
$\cos(19x) \left[ -\frac{x^{11}}{19} + \frac{110x^9}{19^3} - \frac{7920x^7}{19^5} - \frac{332640x^5}{19^7} + \frac{6652800x^3}{19^9} - \frac{39916800x}{19^{11}} \right]$

**Sine terms:**
$\sin(19x) \left[ \frac{11x^{10}}{19^2} - \frac{990x^8}{19^4} + \frac{55440x^6}{19^6} + \frac{1663200x^4}{19^8} - \frac{19958400x^2}{19^{10}} + \frac{39916800}{19^{12}} \right]$

Combining these, we get the final antiderivative.

$\boxed{\cos(19x) \left( -\frac{x^{11}}{19} + \frac{110x^9}{19^3} - \frac{7920x^7}{19^5} - \frac{332640x^5}{19^7} + \frac{6652800x^3}{19^9} - \frac{39916800x}{19^{11}} \right) + \sin(19x) \left( \frac{11x^{10}}{19^2} - \frac{990x^8}{19^4} + \frac{55440x^6}{19^6} + \frac{1663200x^4}{19^8} - \frac{19958400x^2}{19^{10}} + \frac{39916800}{19^{12}} \right) + C}$","thought
To evaluate the integral $I = \int x^{11} \sin(19x) \, dx$, we use the method of integration by parts (IBP) repeatedly. The general formula for IBP is $\int u \, dv = uv - \int v \, du$.

For an integral of the form $\int x^n \sin(ax) \, dx$, the Tabular Method (a shortcut for sequential IBP) is the most efficient way to track the signs and derivatives.

### Step 1: Tabular Integration Setup
We create a table with three columns: the sign, the derivatives of $u = x^{11}$, and the integrals of $dv = \sin(19x) \, dx$.

| Sign | $u$ (Derivatives) | $dv$ (Integrals) |
| :--- | :--- | :--- |
| $+$ | $x^{11}$ | $\sin(19x)$ |
| $-$ | $11x^{10}$ | $-\frac{1}{19}\cos(19x)$ |
| $+$ | $110x^9$ | $-\frac{1}{19^2}\sin(19x)$ |
| $-$ | $990x^8$ | $\frac{1}{19^3}\cos(19x)$ |
| $+$ | $7920x^7$ | $\frac{1}{19^4}\sin(19x)$ |
| $-$ | $55440x^6$ | $-\frac{1}{19^5}\cos(19x)$ |
| $+$ | $332640x^5$ | $-\frac{1}{19^6}\sin(19x)$ |
| $-$ | $1663200x^4$ | $-\frac{1}{19^7}\cos(19x)$ |
| $+$ | $6652800x^3$ | $\frac{1}{19^8}\sin(19x)$ |
| $-$ | $19958400x^2$ | $\frac{1}{19^9}\cos(19x)$ |
| $+$ | $39916800x$ | $-\frac{1}{19^{10}}\sin(19x)$ |
| $-$ | $39916800$ | $-\frac{1}{19^{11}}\cos(19x)$ |
| $+$ | $0$ | $\frac{1}{19^{12}}\sin(19x)$ |

### Step 2: Summing the Terms
The integral is the sum of the products of the diagonals (Sign $\times$ Derivative $\times$ Integral):

$I = (x^{11})(-\frac{1}{19}\cos(19x)) - (11x^{10})(-\frac{1}{19^2}\sin(19x)) + (110x^9)(\frac{1}{19^3}\cos(19x)) - (990x^8)(\frac{1}{19^4}\sin(19x)) + (7920x^7)(-\frac{1}{19^5}\cos(19x)) - (55440x^6)(-\frac{1}{19^6}\sin(19x)) + (332640x^5)(-\frac{1}{19^7}\cos(19x)) - (1663200x^4)(-\frac{1}{19^8}\sin(19x)) + (6652800x^3)(\frac{1}{19^9}\cos(19x)) - (19958400x^2)(\frac{1}{19^{10}}\sin(19x)) + (39916800x)(-\frac{1}{19^{11}}\cos(19x)) - (39916800)(-\frac{1}{19^{12}}\sin(19x)) + C$

### Step 3: Grouping by Trigonometric Function
We group the terms containing $\cos(19x)$ and $\sin(19x)$:

**Cosine terms:**
$\cos(19x) \left[ -\frac{x^{11}}{19} + \frac{110x^9}{19^3} - \frac{7920x^7}{19^5} - \frac{332640x^5}{19^7} + \frac{6652800x^3}{19^9} - \frac{39916800x}{19^{11}} \right]$

**Sine terms:**
$\sin(19x) \left[ \frac{11x^{10}}{19^2} - \frac{990x^8}{19^4} + \frac{55440x^6}{19^6} + \frac{1663200x^4}{19^8} - \frac{19958400x^2}{19^{10}} + \frac{39916800}{19^{12}} \right]$

Combining these, we get the final antiderivative.

$\boxed{\cos(19x) \left( -\frac{x^{11}}{19} + \frac{110x^9}{19^3} - \frac{7920x^7}{19^5} - \frac{332640x^5}{19^7} + \frac{6652800x^3}{19^9} - \frac{39916800x}{19^{11}} \right) + \sin(19x) \left( \frac{11x^{10}}{19^2} - \frac{990x^8}{19^4} + \frac{55440x^6}{19^6} + \frac{1663200x^4}{19^8} - \frac{19958400x^2}{19^{10}} + \frac{39916800}{19^{12}} \right) + C}$","
| $-$ | $1663200x^4$ | $[-]\frac{1}{19^7}\cos(19x)$",360,S1_exact
ibp_pts_n12_b29,Gemma-3,integration_by_parts,level_n12,Silent_Sign_Flip,IBP_v_formula,failure,- \frac{x^{12} \cos{\left(29 x \right)}}{29} + \frac{12 x^{11} \sin{\left(29 x \right)}}{841} + \frac{132 x^{10} \cos{\left(29 x \right)}}{24389} - \frac{1320 x^{9} \sin{\left(29 x \right)}}{707281} - \frac{11880 x^{8} \cos{\left(29 x \right)}}{20511149} + \frac{95040 x^{7} \sin{\left(29 x \right)}}{594823321} + \frac{665280 x^{6} \cos{\left(29 x \right)}}{17249876309} - \frac{3991680 x^{5} \sin{\left(29 x \right)}}{500246412961} - \frac{19958400 x^{4} \cos{\left(29 x \right)}}{14507145975869} + \frac{79833600 x^{3} \sin{\left(29 x \right)}}{420707233300201} + \frac{239500800 x^{2} \cos{\left(29 x \right)}}{12200509765705829} - \frac{479001600 x \sin{\left(29 x \right)}}{353814783205469041} - \frac{479001600 \cos{\left(29 x \right)}}{10260628712958602189},+,-,1935,"<start_of_turn>user
You are a precise mathematical assistant. Show all computation steps clearly. Always put your final simplified antiderivative inside \boxed{}.

Evaluate the integral
\[
\int x^{12} \sin(29x) \, dx
\]
using integration by parts.

Show all steps and put your final simplified antiderivative inside \boxed{}.<end_of_turn>
<start_of_turn>model
Okay, let's evaluate the integral ∫ x^12 sin(29x) dx using integration by parts repeatedly.

Let u = x^12 and dv = sin(29x) dx. Then du = 12x^11 dx and v = - (1/29) cos(29x).

∫ x^12 sin(29x) dx = - (1/29) x^12 cos(29x) - ∫ (-1/29) cos(29x) * 12x^11 dx
= - (1/29) x^12 cos(29x) + (12/29) ∫ x^11 cos(29x) dx

Now, let u = x^11 and dv = cos(29x) dx. Then du = 11x^10 dx and v = (1/29) sin(29x).

∫ x^11 cos(29x) dx = (1/29) x^11 sin(29x) - ∫ (1/29) sin(29x) * 11x^10 dx
= (1/29) x^11 sin(29x) - (11/29) ∫ x^10 sin(29x) dx

Substituting back:
∫ x^12 sin(29x) dx = - (1/29) x^12 cos(29x) + (12/29) * [ (1/29) x^11 sin(29x) - (11/29) ∫ x^10 sin(29x) dx ]
= - (1/29) x^12 cos(29x) + (12/29^2) x^11 sin(29x) - (132/29^2) ∫ x^10 sin(29x) dx

Continuing this pattern:

Let u = x^10 and dv = sin(29x) dx. Then du = 10x^9 dx and v = - (1/29) cos(29x).
∫ x^10 sin(29x) dx = - (1/29) x^10 cos(29x) + (10/29) ∫ x^9 cos(29x) dx

∫ x^12 sin(29x) dx = - (1/29) x^12 cos(29x) + (12/29^2) x^11 sin(29x) - (132/29^2) [ - (1/29) x^10 cos(29x) + (10/29) ∫ x^9 cos(29x) dx ]
= - (1/29) x^12 cos(29x) + (12/29^2) x^11 sin(29x) + (132/29^3) x^10 cos(29x) - (1320/29^3) ∫ x^9 cos(29x) dx

Let u = x^9 and dv = cos(29x) dx. Then du = 9x^8 dx and v = (1/29) sin(29x).
∫ x^9 cos(29x) dx = (1/29) x^9 sin(29x) - (9/29) ∫ x^8 sin(29x) dx

∫ x^12 sin(29x) dx = - (1/29) x^12 cos(29x) + (12/29^2) x^11 sin(29x) + (132/29^3) x^10 cos(29x) - (1320/29^3) [ (1/29) x^9 sin(29x) - (9/29) ∫ x^8 sin(29x) dx ]
= - (1/29) x^12 cos(29x) + (12/29^2) x^11 sin(29x) + (132/29^3) x^10 cos(29x) - (1320/29^4) x^9 sin(29x) + (11880/29^4) ∫ x^8 sin(29x) dx

We continue this process 13 times. The general form will be:

∫ x^12 sin(29x) dx =  Σ (-1)^n * (x^(12-n) * (differentiation of sin(29x) n times) ) / (29^(n+1)) + C

After 13 iterations, the integral becomes:

∫ x^12 sin(29x) dx = - (1/29) x^12 cos(29x) + (12/29^2) x^11 sin(29x) + (132/29^3) x^10 cos(29x) - (1320/29^4) x^9 sin(29x) + (11880/29^5) x^8 cos(29x) - (106920/29^6) x^7 sin(29x) + (962280/29^7) x^6 cos(29x) - (8660520/29^8) x^5 sin(29x) + (77944680/29^9) x^4 cos(29x) - (691502120/29^10) x^3 sin(29x) + (6195519080/29^11) x^2 cos(29x) - (55759671720/29^12) x sin(29x) + (501837045480/29^13) cos(29x) + C

Therefore,

\boxed{- \frac{x^{12} \cos(29x)}{29} + \frac{12 x^{11} \sin(29x)}{29^2} + \frac{132 x^{10} \cos(29x)}{29^3} - \frac{1320 x^9 \sin(29x)}{29^4} + \frac{11880 x^8 \cos(29x)}{29^5} - \frac{106920 x^7 \sin(29x)}{29^6} + \frac{962280 x^6 \cos(29x)}{29^7} - \frac{8660520 x^5 \sin(29x)}{29^8} + \frac{77944680 x^4 \cos(29x)}{29^9} - \frac{691502120 x^3 \sin(29x)}{29^{10}} + \frac{6195519080 x^2 \cos(29x)}{29^{11}} - \frac{55759671720 x \sin(29x)}{29^{12}} + \frac{501837045480 \cos(29x)}{29^{13}} + C}","Okay, let's evaluate the integral ∫ x^12 sin(29x) dx using integration by parts repeatedly.

Let u = x^12 and dv = sin(29x) dx. Then du = 12x^11 dx and v = - (1/29) cos(29x).

∫ x^12 sin(29x) dx = - (1/29) x^12 cos(29x) - ∫ (-1/29) cos(29x) * 12x^11 dx
= - (1/29) x^12 cos(29x) + (12/29) ∫ x^11 cos(29x) dx

Now, let u = x^11 and dv = cos(29x) dx. Then du = 11x^10 dx and v = (1/29) sin(29x).

∫ x^11 cos(29x) dx = (1/29) x^11 sin(29x) - ∫ (1/29) sin(29x) * 11x^10 dx
= (1/29) x^11 sin(29x) - (11/29) ∫ x^10 sin(29x) dx

Substituting back:
∫ x^12 sin(29x) dx = - (1/29) x^12 cos(29x) + (12/29) * [ (1/29) x^11 sin(29x) - (11/29) ∫ x^10 sin(29x) dx ]
= - (1/29) x^12 cos(29x) + (12/29^2) x^11 sin(29x) - (132/29^2) ∫ x^10 sin(29x) dx

Continuing this pattern:

Let u = x^10 and dv = sin(29x) dx. Then du = 10x^9 dx and v = - (1/29) cos(29x).
∫ x^10 sin(29x) dx = - (1/29) x^10 cos(29x) + (10/29) ∫ x^9 cos(29x) dx

∫ x^12 sin(29x) dx = - (1/29) x^12 cos(29x) + (12/29^2) x^11 sin(29x) - (132/29^2) [ - (1/29) x^10 cos(29x) + (10/29) ∫ x^9 cos(29x) dx ]
= - (1/29) x^12 cos(29x) + (12/29^2) x^11 sin(29x) + (132/29^3) x^10 cos(29x) - (1320/29^3) ∫ x^9 cos(29x) dx

Let u = x^9 and dv = cos(29x) dx. Then du = 9x^8 dx and v = (1/29) sin(29x).
∫ x^9 cos(29x) dx = (1/29) x^9 sin(29x) - (9/29) ∫ x^8 sin(29x) dx

∫ x^12 sin(29x) dx = - (1/29) x^12 cos(29x) + (12/29^2) x^11 sin(29x) + (132/29^3) x^10 cos(29x) - (1320/29^3) [ (1/29) x^9 sin(29x) - (9/29) ∫ x^8 sin(29x) dx ]
= - (1/29) x^12 cos(29x) + (12/29^2) x^11 sin(29x) + (132/29^3) x^10 cos(29x) - (1320/29^4) x^9 sin(29x) + (11880/29^4) ∫ x^8 sin(29x) dx

We continue this process 13 times. The general form will be:

∫ x^12 sin(29x) dx =  Σ (-1)^n * (x^(12-n) * (differentiation of sin(29x) n times) ) / (29^(n+1)) + C

After 13 iterations, the integral becomes:

∫ x^12 sin(29x) dx = - (1/29) x^12 cos(29x) + (12/29^2) x^11 sin(29x) + (132/29^3) x^10 cos(29x) - (1320/29^4) x^9 sin(29x) + (11880/29^5) x^8 cos(29x) - (106920/29^6) x^7 sin(29x) + (962280/29^7) x^6 cos(29x) - (8660520/29^8) x^5 sin(29x) + (77944680/29^9) x^4 cos(29x) - (691502120/29^10) x^3 sin(29x) + (6195519080/29^11) x^2 cos(29x) - (55759671720/29^12) x sin(29x) + (501837045480/29^13) cos(29x) + C

Therefore,

\boxed{- \frac{x^{12} \cos(29x)}{29} + \frac{12 x^{11} \sin(29x)}{29^2} + \frac{132 x^{10} \cos(29x)}{29^3} - \frac{1320 x^9 \sin(29x)}{29^4} + \frac{11880 x^8 \cos(29x)}{29^5} - \frac{106920 x^7 \sin(29x)}{29^6} + \frac{962280 x^6 \cos(29x)}{29^7} - \frac{8660520 x^5 \sin(29x)}{29^8} + \frac{77944680 x^4 \cos(29x)}{29^9} - \frac{691502120 x^3 \sin(29x)}{29^{10}} + \frac{6195519080 x^2 \cos(29x)}{29^{11}} - \frac{55759671720 x \sin(29x)}{29^{12}} + \frac{501837045480 \cos(29x)}{29^{13}} + C}",(1320/29^4) x^9 sin(29x) [+] (11880/29^4) ∫ x^8 sin(,360,S1_exact
ibp_pts_n13_b1,Gemma-3,integration_by_parts,level_n13,Alternating_Drift,IBP_v_formula,failure,- x^{13} \cos{\left(x \right)} + 13 x^{12} \sin{\left(x \right)} + 156 x^{11} \cos{\left(x \right)} - 1716 x^{10} \sin{\left(x \right)} - 17160 x^{9} \cos{\left(x \right)} + 154440 x^{8} \sin{\left(x \right)} + 1235520 x^{7} \cos{\left(x \right)} - 8648640 x^{6} \sin{\left(x \right)} - 51891840 x^{5} \cos{\left(x \right)} + 259459200 x^{4} \sin{\left(x \right)} + 1037836800 x^{3} \cos{\left(x \right)} - 3113510400 x^{2} \sin{\left(x \right)} - 6227020800 x \cos{\left(x \right)} + 6227020800 \sin{\left(x \right)},+,-,2003,"<start_of_turn>user
You are a precise mathematical assistant. Show all computation steps clearly. Always put your final simplified antiderivative inside \boxed{}.

Evaluate the integral
\[
\int x^{13} \sin(1x) \, dx
\]
using integration by parts.

Show all steps and put your final simplified antiderivative inside \boxed{}.<end_of_turn>
<start_of_turn>model

Okay, let's evaluate the integral ∫ x^13 sin(x) dx using integration by parts repeatedly.  We'll use the formula ∫ u dv = uv - ∫ v du.

Let u = x^13 and dv = sin(x) dx.
Then du = 13x^12 dx and v = -cos(x).

Step 1:
∫ x^13 sin(x) dx = -x^13 cos(x) - ∫ (-cos(x)) (13x^12) dx
= -x^13 cos(x) + 13 ∫ x^12 cos(x) dx

Step 2: Let u = x^12 and dv = cos(x) dx.
Then du = 12x^11 dx and v = sin(x).
∫ x^12 cos(x) dx = x^12 sin(x) - ∫ sin(x) (12x^11) dx
= x^12 sin(x) - 12 ∫ x^11 sin(x) dx

Substituting back into Step 1:
∫ x^13 sin(x) dx = -x^13 cos(x) + 13 [x^12 sin(x) - 12 ∫ x^11 sin(x) dx]
= -x^13 cos(x) + 13x^12 sin(x) - 156 ∫ x^11 sin(x) dx

Step 3: Let u = x^11 and dv = sin(x) dx.
Then du = 11x^10 dx and v = -cos(x).
∫ x^11 sin(x) dx = -x^11 cos(x) - ∫ (-cos(x)) (11x^10) dx
= -x^11 cos(x) + 11 ∫ x^10 cos(x) dx

Substituting back:
∫ x^13 sin(x) dx = -x^13 cos(x) + 13x^12 sin(x) - 156 [-x^11 cos(x) + 11 ∫ x^10 cos(x) dx]
= -x^13 cos(x) + 13x^12 sin(x) + 156x^11 cos(x) - 1716 ∫ x^10 cos(x) dx

Step 4: Let u = x^10 and dv = cos(x) dx.
Then du = 10x^9 dx and v = sin(x).
∫ x^10 cos(x) dx = x^10 sin(x) - ∫ sin(x) (10x^9) dx
= x^10 sin(x) - 10 ∫ x^9 sin(x) dx

Substituting back:
∫ x^13 sin(x) dx = -x^13 cos(x) + 13x^12 sin(x) + 156x^11 cos(x) - 1716 [x^10 sin(x) - 10 ∫ x^9 sin(x) dx]
= -x^13 cos(x) + 13x^12 sin(x) + 156x^11 cos(x) - 1716x^10 sin(x) + 17160 ∫ x^9 sin(x) dx

We continue this pattern.  The general form will be:

∫ x^13 sin(x) dx =  (-1)^0 x^13 cos(x) + 13(-1)^1 x^12 sin(x) + 156(-1)^2 x^11 cos(x) + ... + C

After 14 steps, we will have:

∫ x^13 sin(x) dx =  -x^13 cos(x) + 13x^12 sin(x) + 156x^11 cos(x) - 1716x^10 sin(x) + 17160x^9 cos(x) - 171600x^8 sin(x) + 1716000x^7 cos(x) - 17160000x^6 sin(x) + 171600000x^5 cos(x) - 1716000000x^4 sin(x) + 17160000000x^3 cos(x) - 171600000000x^2 sin(x) + 1716000000000x cos(x) - 17160000000000 sin(x) + C

Therefore,

\boxed{-x^{13} \cos(x) + 13 x^{12} \sin(x) + 156 x^{11} \cos(x) - 1716 x^{10} \sin(x) + 17160 x^9 \cos(x) - 171600 x^8 \sin(x) + 1716000 x^7 \cos(x) - 17160000 x^6 \sin(x) + 171600000 x^5 \cos(x) - 1716000000 x^4 \sin(x) + 17160000000 x^3 \cos(x) - 171600000000 x^2 \sin(x) + 1716000000000 x \cos(x) - 17160000000000 \sin(x) + C}","
Okay, let's evaluate the integral ∫ x^13 sin(x) dx using integration by parts repeatedly.  We'll use the formula ∫ u dv = uv - ∫ v du.

Let u = x^13 and dv = sin(x) dx.
Then du = 13x^12 dx and v = -cos(x).

Step 1:
∫ x^13 sin(x) dx = -x^13 cos(x) - ∫ (-cos(x)) (13x^12) dx
= -x^13 cos(x) + 13 ∫ x^12 cos(x) dx

Step 2: Let u = x^12 and dv = cos(x) dx.
Then du = 12x^11 dx and v = sin(x).
∫ x^12 cos(x) dx = x^12 sin(x) - ∫ sin(x) (12x^11) dx
= x^12 sin(x) - 12 ∫ x^11 sin(x) dx

Substituting back into Step 1:
∫ x^13 sin(x) dx = -x^13 cos(x) + 13 [x^12 sin(x) - 12 ∫ x^11 sin(x) dx]
= -x^13 cos(x) + 13x^12 sin(x) - 156 ∫ x^11 sin(x) dx

Step 3: Let u = x^11 and dv = sin(x) dx.
Then du = 11x^10 dx and v = -cos(x).
∫ x^11 sin(x) dx = -x^11 cos(x) - ∫ (-cos(x)) (11x^10) dx
= -x^11 cos(x) + 11 ∫ x^10 cos(x) dx

Substituting back:
∫ x^13 sin(x) dx = -x^13 cos(x) + 13x^12 sin(x) - 156 [-x^11 cos(x) + 11 ∫ x^10 cos(x) dx]
= -x^13 cos(x) + 13x^12 sin(x) + 156x^11 cos(x) - 1716 ∫ x^10 cos(x) dx

Step 4: Let u = x^10 and dv = cos(x) dx.
Then du = 10x^9 dx and v = sin(x).
∫ x^10 cos(x) dx = x^10 sin(x) - ∫ sin(x) (10x^9) dx
= x^10 sin(x) - 10 ∫ x^9 sin(x) dx

Substituting back:
∫ x^13 sin(x) dx = -x^13 cos(x) + 13x^12 sin(x) + 156x^11 cos(x) - 1716 [x^10 sin(x) - 10 ∫ x^9 sin(x) dx]
= -x^13 cos(x) + 13x^12 sin(x) + 156x^11 cos(x) - 1716x^10 sin(x) + 17160 ∫ x^9 sin(x) dx

We continue this pattern.  The general form will be:

∫ x^13 sin(x) dx =  (-1)^0 x^13 cos(x) + 13(-1)^1 x^12 sin(x) + 156(-1)^2 x^11 cos(x) + ... + C

After 14 steps, we will have:

∫ x^13 sin(x) dx =  -x^13 cos(x) + 13x^12 sin(x) + 156x^11 cos(x) - 1716x^10 sin(x) + 17160x^9 cos(x) - 171600x^8 sin(x) + 1716000x^7 cos(x) - 17160000x^6 sin(x) + 171600000x^5 cos(x) - 1716000000x^4 sin(x) + 17160000000x^3 cos(x) - 171600000000x^2 sin(x) + 1716000000000x cos(x) - 17160000000000 sin(x) + C

Therefore,

\boxed{-x^{13} \cos(x) + 13 x^{12} \sin(x) + 156 x^{11} \cos(x) - 1716 x^{10} \sin(x) + 17160 x^9 \cos(x) - 171600 x^8 \sin(x) + 1716000 x^7 \cos(x) - 17160000 x^6 \sin(x) + 171600000 x^5 \cos(x) - 1716000000 x^4 \sin(x) + 17160000000 x^3 \cos(x) - 171600000000 x^2 \sin(x) + 1716000000000 x \cos(x) - 17160000000000 \sin(x) + C}",cos(x) - 1716x^10 sin(x) [+] 17160x^9 cos(x) - 17160,359,S1_exact
ibp_pts_n13_b2,Gemma-3,integration_by_parts,level_n13,Silent_Sign_Flip,IBP_v_formula,failure,- \frac{x^{13} \cos{\left(2 x \right)}}{2} + \frac{13 x^{12} \sin{\left(2 x \right)}}{4} + \frac{39 x^{11} \cos{\left(2 x \right)}}{2} - \frac{429 x^{10} \sin{\left(2 x \right)}}{4} - \frac{2145 x^{9} \cos{\left(2 x \right)}}{4} + \frac{19305 x^{8} \sin{\left(2 x \right)}}{8} + \frac{19305 x^{7} \cos{\left(2 x \right)}}{2} - \frac{135135 x^{6} \sin{\left(2 x \right)}}{4} - \frac{405405 x^{5} \cos{\left(2 x \right)}}{4} + \frac{2027025 x^{4} \sin{\left(2 x \right)}}{8} + \frac{2027025 x^{3} \cos{\left(2 x \right)}}{4} - \frac{6081075 x^{2} \sin{\left(2 x \right)}}{8} - \frac{6081075 x \cos{\left(2 x \right)}}{8} + \frac{6081075 \sin{\left(2 x \right)}}{16},+,-,2273,"<start_of_turn>user
You are a precise mathematical assistant. Show all computation steps clearly. Always put your final simplified antiderivative inside \boxed{}.

Evaluate the integral
\[
\int x^{13} \sin(2x) \, dx
\]
using integration by parts.

Show all steps and put your final simplified antiderivative inside \boxed{}.<end_of_turn>
<start_of_turn>model

Okay, let's evaluate the integral ∫ x^13 sin(2x) dx using integration by parts repeatedly.  We'll use the formula ∫ u dv = uv - ∫ v du.

Let u = x^13 and dv = sin(2x) dx.
Then du = 13x^12 dx and v = -1/2 cos(2x).

Step 1:
∫ x^13 sin(2x) dx = x^13 * (-1/2 cos(2x)) - ∫ (-1/2 cos(2x)) * 13x^12 dx
= -1/2 x^13 cos(2x) + 13/2 ∫ x^12 cos(2x) dx

Step 2: Let u = x^12 and dv = cos(2x) dx.
Then du = 12x^11 dx and v = 1/2 sin(2x).
∫ x^12 cos(2x) dx = x^12 * (1/2 sin(2x)) - ∫ (1/2 sin(2x)) * 12x^11 dx
= 1/2 x^12 sin(2x) - 6 ∫ x^11 sin(2x) dx

Substituting back into Step 1:
∫ x^13 sin(2x) dx = -1/2 x^13 cos(2x) + 13/2 * (1/2 x^12 sin(2x) - 6 ∫ x^11 sin(2x) dx)
= -1/2 x^13 cos(2x) + 13/4 x^12 sin(2x) - 39 ∫ x^11 sin(2x) dx

Step 3: Let u = x^11 and dv = sin(2x) dx.
Then du = 11x^10 dx and v = -1/2 cos(2x).
∫ x^11 sin(2x) dx = x^11 * (-1/2 cos(2x)) - ∫ (-1/2 cos(2x)) * 11x^10 dx
= -1/2 x^11 cos(2x) + 11/2 ∫ x^10 cos(2x) dx

Substituting back:
∫ x^13 sin(2x) dx = -1/2 x^13 cos(2x) + 13/4 x^12 sin(2x) - 39 * (-1/2 x^11 cos(2x) + 11/2 ∫ x^10 cos(2x) dx)
= -1/2 x^13 cos(2x) + 13/4 x^12 sin(2x) + 39/2 x^11 cos(2x) - 429/2 ∫ x^10 cos(2x) dx

Step 4: Let u = x^10 and dv = cos(2x) dx.
Then du = 10x^9 dx and v = 1/2 sin(2x).
∫ x^10 cos(2x) dx = x^10 * (1/2 sin(2x)) - ∫ (1/2 sin(2x)) * 10x^9 dx
= 1/2 x^10 sin(2x) - 5 ∫ x^9 sin(2x) dx

Substituting back:
∫ x^13 sin(2x) dx = -1/2 x^13 cos(2x) + 13/4 x^12 sin(2x) + 39/2 x^11 cos(2x) - 429/2 * (1/2 x^10 sin(2x) - 5 ∫ x^9 sin(2x) dx)
= -1/2 x^13 cos(2x) + 13/4 x^12 sin(2x) + 39/2 x^11 cos(2x) - 429/4 x^10 sin(2x) + 2145/2 ∫ x^9 sin(2x) dx

Continuing this pattern for 14 steps, we will get a general form:

∫ x^13 sin(2x) dx =  (-1/2 x^13 cos(2x) + 13/4 x^12 sin(2x) + 39/2 x^11 cos(2x) - 429/4 x^10 sin(2x) + ... + C)

After 14 steps, the final integral will be:

∫ x^13 sin(2x) dx =  (-1/2 x^13 cos(2x) + 13/4 x^12 sin(2x) + 39/2 x^11 cos(2x) - 429/4 x^10 sin(2x) + 4290/8 x^9 cos(2x) - 4290/8 x^9 cos(2x) + 429*10/16 x^8 sin(2x) - 429*10*9/32 x^7 cos(2x) + ... + C)

The general pattern for the coefficients is:
(-1)^(n+1) * (13 choose n) * x^(13-n) * (sin(2x) or cos(2x))

After 14 steps, we have:

∫ x^13 sin(2x) dx =  -1/2 x^13 cos(2x) + 13/4 x^12 sin(2x) + 39/2 x^11 cos(2x) - 429/4 x^10 sin(2x) + 4290/8 x^9 cos(2x) - 4290*11/16 x^8 sin(2x) + 4290*11*10/32 x^7 cos(2x) - 4290*11*10*9/64 x^6 sin(2x) + 4290*11*10*9*8/128 x^5 cos(2x) - 4290*11*10*9*8*7/256 x^4 sin(2x) + 4290*11*10*9*8*7*6/512 x^3 cos(2x) - 4290*11*10*9*8*7*6*5/1024 x^2 sin(2x) + 4290*11*10*9*8*7*6*5*4/2048 x cos(2x) - 4290*11*10*9*8*7*6*5*4*3/4096 sin(2x) + C

Simplifying:

∫ x^13 sin(2x) dx =  -1/2 x^13 cos(2x) + 13/4 x^12 sin(2x) + 39/2 x^11 cos(2x) - 429/4 x^10 sin(2x) + 2145/4 x^9 cos(2x) - 47295/8 x^8 sin(2x) + 47295*5/8 x^7 cos(2x) - 47295*5*9/16 x^6 sin(2x) + 47295*5*9*4/32 x^5 cos(2x) - 47295*5*9*4*7/64 x^4 sin(2x) + 47295*5*9*4*7*3/128 x^3 cos(2x) - 47295*5*9*4*7*3*5/256 x^2 sin(2x) + 47295*5*9*4*7*3*5*2/512 x cos(2x) - 47295*5*9*4*7*3*5*2*3/1024 sin(2x) + C

This is a very long expression.

```
- (x^13 cos(2x))/2 + (13 x^12 sin(2x))/4 + (39 x^11 cos(2x))/2 - (429 x^10 sin(2x))/4 + (2145 x^9 cos(2x))/4 - (47295 x^8 sin(2x))/8 + (236475 x^7 cos(2x))/8 - (212655 x^6 sin(2x))/16 + (191375 x^5 cos(2x))/32 - (1339625 x^4 sin(2x))/64 + (118125 x^3 cos(2x))/32 - (1063125 x^2 sin(2x))/256 + (1063125 x cos(2x))/512 - (1063125*3 sin(2x))/1024 + C
```

Final Answer: The final answer is $\boxed{-\frac{1}{2}x^{13}\cos(2x) + \frac{13}{4}x^{12}\sin(2x) + \frac{39}{2}x^{11}\cos(2x) - \frac{429}{4}x^{10}\sin(2x) + \frac{2145}{4}x^9\cos(2x) - \frac{47295}{8}x^8\sin(2x) + \frac{236475}{8}x^7\cos(2x) - \frac{212655}{16}x^6\sin(2x) + \frac{191375}{32}x^5\cos(2x) - \frac{1339625}{64}x^4\sin(2x) + \frac{118125}{32}x^3\cos(2x) - \frac{1063125}{256}x^2\sin(2x) + \frac{1063125}{512}x\cos(2x) - \frac{3189375}{1024}\sin(2x) + C}$","
Okay, let's evaluate the integral ∫ x^13 sin(2x) dx using integration by parts repeatedly.  We'll use the formula ∫ u dv = uv - ∫ v du.

Let u = x^13 and dv = sin(2x) dx.
Then du = 13x^12 dx and v = -1/2 cos(2x).

Step 1:
∫ x^13 sin(2x) dx = x^13 * (-1/2 cos(2x)) - ∫ (-1/2 cos(2x)) * 13x^12 dx
= -1/2 x^13 cos(2x) + 13/2 ∫ x^12 cos(2x) dx

Step 2: Let u = x^12 and dv = cos(2x) dx.
Then du = 12x^11 dx and v = 1/2 sin(2x).
∫ x^12 cos(2x) dx = x^12 * (1/2 sin(2x)) - ∫ (1/2 sin(2x)) * 12x^11 dx
= 1/2 x^12 sin(2x) - 6 ∫ x^11 sin(2x) dx

Substituting back into Step 1:
∫ x^13 sin(2x) dx = -1/2 x^13 cos(2x) + 13/2 * (1/2 x^12 sin(2x) - 6 ∫ x^11 sin(2x) dx)
= -1/2 x^13 cos(2x) + 13/4 x^12 sin(2x) - 39 ∫ x^11 sin(2x) dx

Step 3: Let u = x^11 and dv = sin(2x) dx.
Then du = 11x^10 dx and v = -1/2 cos(2x).
∫ x^11 sin(2x) dx = x^11 * (-1/2 cos(2x)) - ∫ (-1/2 cos(2x)) * 11x^10 dx
= -1/2 x^11 cos(2x) + 11/2 ∫ x^10 cos(2x) dx

Substituting back:
∫ x^13 sin(2x) dx = -1/2 x^13 cos(2x) + 13/4 x^12 sin(2x) - 39 * (-1/2 x^11 cos(2x) + 11/2 ∫ x^10 cos(2x) dx)
= -1/2 x^13 cos(2x) + 13/4 x^12 sin(2x) + 39/2 x^11 cos(2x) - 429/2 ∫ x^10 cos(2x) dx

Step 4: Let u = x^10 and dv = cos(2x) dx.
Then du = 10x^9 dx and v = 1/2 sin(2x).
∫ x^10 cos(2x) dx = x^10 * (1/2 sin(2x)) - ∫ (1/2 sin(2x)) * 10x^9 dx
= 1/2 x^10 sin(2x) - 5 ∫ x^9 sin(2x) dx

Substituting back:
∫ x^13 sin(2x) dx = -1/2 x^13 cos(2x) + 13/4 x^12 sin(2x) + 39/2 x^11 cos(2x) - 429/2 * (1/2 x^10 sin(2x) - 5 ∫ x^9 sin(2x) dx)
= -1/2 x^13 cos(2x) + 13/4 x^12 sin(2x) + 39/2 x^11 cos(2x) - 429/4 x^10 sin(2x) + 2145/2 ∫ x^9 sin(2x) dx

Continuing this pattern for 14 steps, we will get a general form:

∫ x^13 sin(2x) dx =  (-1/2 x^13 cos(2x) + 13/4 x^12 sin(2x) + 39/2 x^11 cos(2x) - 429/4 x^10 sin(2x) + ... + C)

After 14 steps, the final integral will be:

∫ x^13 sin(2x) dx =  (-1/2 x^13 cos(2x) + 13/4 x^12 sin(2x) + 39/2 x^11 cos(2x) - 429/4 x^10 sin(2x) + 4290/8 x^9 cos(2x) - 4290/8 x^9 cos(2x) + 429*10/16 x^8 sin(2x) - 429*10*9/32 x^7 cos(2x) + ... + C)

The general pattern for the coefficients is:
(-1)^(n+1) * (13 choose n) * x^(13-n) * (sin(2x) or cos(2x))

After 14 steps, we have:

∫ x^13 sin(2x) dx =  -1/2 x^13 cos(2x) + 13/4 x^12 sin(2x) + 39/2 x^11 cos(2x) - 429/4 x^10 sin(2x) + 4290/8 x^9 cos(2x) - 4290*11/16 x^8 sin(2x) + 4290*11*10/32 x^7 cos(2x) - 4290*11*10*9/64 x^6 sin(2x) + 4290*11*10*9*8/128 x^5 cos(2x) - 4290*11*10*9*8*7/256 x^4 sin(2x) + 4290*11*10*9*8*7*6/512 x^3 cos(2x) - 4290*11*10*9*8*7*6*5/1024 x^2 sin(2x) + 4290*11*10*9*8*7*6*5*4/2048 x cos(2x) - 4290*11*10*9*8*7*6*5*4*3/4096 sin(2x) + C

Simplifying:

∫ x^13 sin(2x) dx =  -1/2 x^13 cos(2x) + 13/4 x^12 sin(2x) + 39/2 x^11 cos(2x) - 429/4 x^10 sin(2x) + 2145/4 x^9 cos(2x) - 47295/8 x^8 sin(2x) + 47295*5/8 x^7 cos(2x) - 47295*5*9/16 x^6 sin(2x) + 47295*5*9*4/32 x^5 cos(2x) - 47295*5*9*4*7/64 x^4 sin(2x) + 47295*5*9*4*7*3/128 x^3 cos(2x) - 47295*5*9*4*7*3*5/256 x^2 sin(2x) + 47295*5*9*4*7*3*5*2/512 x cos(2x) - 47295*5*9*4*7*3*5*2*3/1024 sin(2x) + C

This is a very long expression.

```
- (x^13 cos(2x))/2 + (13 x^12 sin(2x))/4 + (39 x^11 cos(2x))/2 - (429 x^10 sin(2x))/4 + (2145 x^9 cos(2x))/4 - (47295 x^8 sin(2x))/8 + (236475 x^7 cos(2x))/8 - (212655 x^6 sin(2x))/16 + (191375 x^5 cos(2x))/32 - (1339625 x^4 sin(2x))/64 + (118125 x^3 cos(2x))/32 - (1063125 x^2 sin(2x))/256 + (1063125 x cos(2x))/512 - (1063125*3 sin(2x))/1024 + C
```

Final Answer: The final answer is $\boxed{-\frac{1}{2}x^{13}\cos(2x) + \frac{13}{4}x^{12}\sin(2x) + \frac{39}{2}x^{11}\cos(2x) - \frac{429}{4}x^{10}\sin(2x) + \frac{2145}{4}x^9\cos(2x) - \frac{47295}{8}x^8\sin(2x) + \frac{236475}{8}x^7\cos(2x) - \frac{212655}{16}x^6\sin(2x) + \frac{191375}{32}x^5\cos(2x) - \frac{1339625}{64}x^4\sin(2x) + \frac{118125}{32}x^3\cos(2x) - \frac{1063125}{256}x^2\sin(2x) + \frac{1063125}{512}x\cos(2x) - \frac{3189375}{1024}\sin(2x) + C}$",2x) - 429/4 x^10 sin(2x) [+] 4290/8 x^9 cos(2x) - 42,359,S1_exact
ibp_pts_n8_b7,Gemma-3,integration_by_parts,level_n8,Operation_Direction,IBP_v_formula,failure,- \frac{x^{8} \cos{\left(7 x \right)}}{7} + \frac{8 x^{7} \sin{\left(7 x \right)}}{49} + \frac{8 x^{6} \cos{\left(7 x \right)}}{49} - \frac{48 x^{5} \sin{\left(7 x \right)}}{343} - \frac{240 x^{4} \cos{\left(7 x \right)}}{2401} + \frac{960 x^{3} \sin{\left(7 x \right)}}{16807} + \frac{2880 x^{2} \cos{\left(7 x \right)}}{117649} - \frac{5760 x \sin{\left(7 x \right)}}{823543} - \frac{5760 \cos{\left(7 x \right)}}{5764801},+,-,5923,"<start_of_turn>user
You are a precise mathematical assistant. Show all computation steps clearly. Always put your final simplified antiderivative inside \boxed{}.

Evaluate the integral
\[ \int x^{8} \sin(7x) \, dx \]
using integration by parts.

Show all steps and put your final simplified antiderivative inside \boxed{}.<end_of_turn>
<start_of_turn>model

We will use integration by parts to evaluate the integral $\int x^8 \sin(7x) dx$.
The integration by parts formula is $\int u dv = uv - \int v du$.

Let $u = x^8$ and $dv = \sin(7x) dx$.
Then $du = 8x^7 dx$ and $v = \int \sin(7x) dx = -\frac{1}{7} \cos(7x)$.

Applying integration by parts:
$\int x^8 \sin(7x) dx = x^8 \left(-\frac{1}{7} \cos(7x)\right) - \int \left(-\frac{1}{7} \cos(7x)\right) (8x^7) dx$
$= -\frac{1}{7} x^8 \cos(7x) + \frac{8}{7} \int x^7 \cos(7x) dx$

Now we need to evaluate $\int x^7 \cos(7x) dx$.
Let $u = x^7$ and $dv = \cos(7x) dx$.
Then $du = 7x^6 dx$ and $v = \int \cos(7x) dx = \frac{1}{7} \sin(7x)$.

$\int x^7 \cos(7x) dx = x^7 \left(\frac{1}{7} \sin(7x)\right) - \int \left(\frac{1}{7} \sin(7x)\right) (7x^6) dx$
$= \frac{1}{7} x^7 \sin(7x) - \int x^6 \sin(7x) dx$

Now we need to evaluate $\int x^6 \sin(7x) dx$.
Let $u = x^6$ and $dv = \sin(7x) dx$.
Then $du = 6x^5 dx$ and $v = -\frac{1}{7} \cos(7x)$.

$\int x^6 \sin(7x) dx = x^6 \left(-\frac{1}{7} \cos(7x)\right) - \int \left(-\frac{1}{7} \cos(7x)\right) (6x^5) dx$
$= -\frac{1}{7} x^6 \cos(7x) + \frac{6}{7} \int x^5 \cos(7x) dx$

Now we need to evaluate $\int x^5 \cos(7x) dx$.
Let $u = x^5$ and $dv = \cos(7x) dx$.
Then $du = 5x^4 dx$ and $v = \frac{1}{7} \sin(7x)$.

$\int x^5 \cos(7x) dx = x^5 \left(\frac{1}{7} \sin(7x)\right) - \int \left(\frac{1}{7} \sin(7x)\right) (5x^4) dx$
$= \frac{1}{7} x^5 \sin(7x) - \frac{5}{7} \int x^4 \sin(7x) dx$

Now we need to evaluate $\int x^4 \sin(7x) dx$.
Let $u = x^4$ and $dv = \sin(7x) dx$.
Then $du = 4x^3 dx$ and $v = -\frac{1}{7} \cos(7x)$.

$\int x^4 \sin(7x) dx = x^4 \left(-\frac{1}{7} \cos(7x)\right) - \int \left(-\frac{1}{7} \cos(7x)\right) (4x^3) dx$
$= -\frac{1}{7} x^4 \cos(7x) + \frac{4}{7} \int x^3 \cos(7x) dx$

Now we need to evaluate $\int x^3 \cos(7x) dx$.
Let $u = x^3$ and $dv = \cos(7x) dx$.
Then $du = 3x^2 dx$ and $v = \frac{1}{7} \sin(7x)$.

$\int x^3 \cos(7x) dx = x^3 \left(\frac{1}{7} \sin(7x)\right) - \int \left(\frac{1}{7} \sin(7x)\right) (3x^2) dx$
$= \frac{1}{7} x^3 \sin(7x) - \frac{3}{7} \int x^2 \sin(7x) dx$

Now we need to evaluate $\int x^2 \sin(7x) dx$.
Let $u = x^2$ and $dv = \sin(7x) dx$.
Then $du = 2x dx$ and $v = -\frac{1}{7} \cos(7x)$.

$\int x^2 \sin(7x) dx = x^2 \left(-\frac{1}{7} \cos(7x)\right) - \int \left(-\frac{1}{7} \cos(7x)\right) (2x) dx$
$= -\frac{1}{7} x^2 \cos(7x) + \frac{2}{7} \int x \cos(7x) dx$

Now we need to evaluate $\int x \cos(7x) dx$.
Let $u = x$ and $dv = \cos(7x) dx$.
Then $du = dx$ and $v = \frac{1}{7} \sin(7x)$.

$\int x \cos(7x) dx = x \left(\frac{1}{7} \sin(7x)\right) - \int \left(\frac{1}{7} \sin(7x)\right) dx$
$= \frac{1}{7} x \sin(7x) - \frac{1}{7} \int \sin(7x) dx = \frac{1}{7} x \sin(7x) - \frac{1}{7} \left(-\frac{1}{7} \cos(7x)\right) = \frac{1}{7} x \sin(7x) + \frac{1}{49} \cos(7x)$

Now we substitute back:
$\int x^2 \sin(7x) dx = -\frac{1}{7} x^2 \cos(7x) + \frac{2}{7} \left(\frac{1}{7} x \sin(7x) + \frac{1}{49} \cos(7x)\right) = -\frac{1}{7} x^2 \cos(7x) + \frac{2}{49} x \sin(7x) + \frac{2}{343} \cos(7x)$
$\int x^3 \cos(7x) dx = \frac{1}{7} x^3 \sin(7x) - \frac{3}{7} \left(-\frac{1}{7} x^2 \cos(7x) + \frac{2}{49} x \sin(7x) + \frac{2}{343} \cos(7x)\right) = \frac{1}{7} x^3 \sin(7x) + \frac{3}{49} x^2 \cos(7x) - \frac{6}{343} x \sin(7x) - \frac{6}{2401} \cos(7x)$
$\int x^4 \sin(7x) dx = -\frac{1}{7} x^4 \cos(7x) + \frac{4}{7} \left(\frac{1}{7} x^3 \sin(7x) + \frac{3}{49} x^2 \cos(7x) - \frac{6}{343} x \sin(7x) - \frac{6}{2401} \cos(7x)\right) = -\frac{1}{7} x^4 \cos(7x) + \frac{4}{49} x^3 \sin(7x) + \frac{12}{343} x^2 \cos(7x) - \frac{24}{2401} x \sin(7x) - \frac{24}{16807} \cos(7x)$
$\int x^5 \cos(7x) dx = \frac{1}{7} x^5 \sin(7x) - \frac{5}{7} \left(-\frac{1}{7} x^4 \cos(7x) + \frac{4}{49} x^3 \sin(7x) + \frac{12}{343} x^2 \cos(7x) - \frac{24}{2401} x \sin(7x) - \frac{24}{16807} \cos(7x)\right)$
$\int x^6 \sin(7x) dx = -\frac{1}{7} x^6 \cos(7x) + \frac{6}{7} \int x^5 \cos(7x) dx$
$\int x^7 \cos(7x) dx = \frac{1}{7} x^7 \sin(7x) - \int x^6 \sin(7x) dx$
$\int x^8 \sin(7x) dx = -\frac{1}{7} x^8 \cos(7x) + \frac{8}{7} \int x^7 \cos(7x) dx$

This is getting too complicated.

Let $I_n = \int x^n \sin(7x) dx$. Then $I_n = -\frac{1}{7} x^n \cos(7x) + \frac{n}{7} \int x^{n-1} \cos(7x) dx$.
Let $J_n = \int x^n \cos(7x) dx$. Then $J_n = \frac{1}{7} x^n \sin(7x) - \frac{n}{7} \int x^{n-1} \sin(7x) dx = \frac{1}{7} x^n \sin(7x) - \frac{n}{7} I_{n-1}$.
$I_n = -\frac{1}{7} x^n \cos(7x) + \frac{n}{7} J_{n-1} = -\frac{1}{7} x^n \cos(7x) + \frac{n}{7} \left(\frac{1}{7} x^{n-1} \sin(7x) - \frac{n-1}{7} I_{n-2}\right) = -\frac{1}{7} x^n \cos(7x) + \frac{n}{49} x^{n-1} \sin(7x) - \frac{n(n-1)}{49} I_{n-2}$.

$I_8 = -\frac{1}{7} x^8 \cos(7x) + \frac{8}{49} x^7 \sin(7x) - \frac{8 \cdot 7}{49} I_6 = -\frac{1}{7} x^8 \cos(7x) + \frac{8}{49} x^7 \sin(7x) - \frac{8}{7} I_6$.
$I_6 = -\frac{1}{7} x^6 \cos(7x) + \frac{6}{49} x^5 \sin(7x) - \frac{6 \cdot 5}{49} I_4 = -\frac{1}{7} x^6 \cos(7x) + \frac{6}{49} x^5 \sin(7x) - \frac{30}{49} I_4$.
$I_4 = -\frac{1}{7} x^4 \cos(7x) + \frac{4}{49} x^3 \sin(7x) - \frac{4 \cdot 3}{49} I_2 = -\frac{1}{7} x^4 \cos(7x) + \frac{4}{49} x^3 \sin(7x) - \frac{12}{49} I_2$.
$I_2 = -\frac{1}{7} x^2 \cos(7x) + \frac{2}{49} x \sin(7x) - \frac{2 \cdot 1}{49} I_0 = -\frac{1}{7} x^2 \cos(7x) + \frac{2}{49} x \sin(7x) - \frac{2}{49} \int \sin(7x) dx = -\frac{1}{7} x^2 \cos(7x) + \frac{2}{49} x \sin(7x) - \frac{2}{49} \left(-\frac{1}{7} \cos(7x)\right) = -\frac{1}{7} x^2 \cos(7x) + \frac{2}{49} x \sin(7x) + \frac{2}{343} \cos(7x)$.

$\boxed{-\frac{1}{7}x^8\cos(7x) + \frac{8}{49}x^7\sin(7x) + \frac{8}{7} \left(-\frac{1}{7}x^6\cos(7x) + \frac{6}{49}x^5\sin(7x) - \frac{30}{49} \left(-\frac{1}{7}x^4\cos(7x) + \frac{4}{49}x^3\sin(7x) - \frac{12}{49} \left(-\frac{1}{7}x^2\cos(7x) + \frac{2}{49}x\sin(7x) + \frac{2}{343}\cos(7x)\right)\right)\right) + C}$

Final Answer: The final answer is $\boxed{-\frac{1}{7}x^8\cos(7x) + \frac{8}{49}x^7\sin(7x) + \frac{8}{49}x^6\cos(7x) - \frac{48}{343}x^5\sin(7x) + \frac{240}{2401}x^4\cos(7x) - \frac{96}{784}x^3\sin(7x) - \frac{96}{16807}x^2\cos(7x) + \frac{384}{117649}x\sin(7x) + \frac{192}{16807} \cos(7x) + C}$","
We will use integration by parts to evaluate the integral $\int x^8 \sin(7x) dx$.
The integration by parts formula is $\int u dv = uv - \int v du$.

Let $u = x^8$ and $dv = \sin(7x) dx$.
Then $du = 8x^7 dx$ and $v = \int \sin(7x) dx = -\frac{1}{7} \cos(7x)$.

Applying integration by parts:
$\int x^8 \sin(7x) dx = x^8 \left(-\frac{1}{7} \cos(7x)\right) - \int \left(-\frac{1}{7} \cos(7x)\right) (8x^7) dx$
$= -\frac{1}{7} x^8 \cos(7x) + \frac{8}{7} \int x^7 \cos(7x) dx$

Now we need to evaluate $\int x^7 \cos(7x) dx$.
Let $u = x^7$ and $dv = \cos(7x) dx$.
Then $du = 7x^6 dx$ and $v = \int \cos(7x) dx = \frac{1}{7} \sin(7x)$.

$\int x^7 \cos(7x) dx = x^7 \left(\frac{1}{7} \sin(7x)\right) - \int \left(\frac{1}{7} \sin(7x)\right) (7x^6) dx$
$= \frac{1}{7} x^7 \sin(7x) - \int x^6 \sin(7x) dx$

Now we need to evaluate $\int x^6 \sin(7x) dx$.
Let $u = x^6$ and $dv = \sin(7x) dx$.
Then $du = 6x^5 dx$ and $v = -\frac{1}{7} \cos(7x)$.

$\int x^6 \sin(7x) dx = x^6 \left(-\frac{1}{7} \cos(7x)\right) - \int \left(-\frac{1}{7} \cos(7x)\right) (6x^5) dx$
$= -\frac{1}{7} x^6 \cos(7x) + \frac{6}{7} \int x^5 \cos(7x) dx$

Now we need to evaluate $\int x^5 \cos(7x) dx$.
Let $u = x^5$ and $dv = \cos(7x) dx$.
Then $du = 5x^4 dx$ and $v = \frac{1}{7} \sin(7x)$.

$\int x^5 \cos(7x) dx = x^5 \left(\frac{1}{7} \sin(7x)\right) - \int \left(\frac{1}{7} \sin(7x)\right) (5x^4) dx$
$= \frac{1}{7} x^5 \sin(7x) - \frac{5}{7} \int x^4 \sin(7x) dx$

Now we need to evaluate $\int x^4 \sin(7x) dx$.
Let $u = x^4$ and $dv = \sin(7x) dx$.
Then $du = 4x^3 dx$ and $v = -\frac{1}{7} \cos(7x)$.

$\int x^4 \sin(7x) dx = x^4 \left(-\frac{1}{7} \cos(7x)\right) - \int \left(-\frac{1}{7} \cos(7x)\right) (4x^3) dx$
$= -\frac{1}{7} x^4 \cos(7x) + \frac{4}{7} \int x^3 \cos(7x) dx$

Now we need to evaluate $\int x^3 \cos(7x) dx$.
Let $u = x^3$ and $dv = \cos(7x) dx$.
Then $du = 3x^2 dx$ and $v = \frac{1}{7} \sin(7x)$.

$\int x^3 \cos(7x) dx = x^3 \left(\frac{1}{7} \sin(7x)\right) - \int \left(\frac{1}{7} \sin(7x)\right) (3x^2) dx$
$= \frac{1}{7} x^3 \sin(7x) - \frac{3}{7} \int x^2 \sin(7x) dx$

Now we need to evaluate $\int x^2 \sin(7x) dx$.
Let $u = x^2$ and $dv = \sin(7x) dx$.
Then $du = 2x dx$ and $v = -\frac{1}{7} \cos(7x)$.

$\int x^2 \sin(7x) dx = x^2 \left(-\frac{1}{7} \cos(7x)\right) - \int \left(-\frac{1}{7} \cos(7x)\right) (2x) dx$
$= -\frac{1}{7} x^2 \cos(7x) + \frac{2}{7} \int x \cos(7x) dx$

Now we need to evaluate $\int x \cos(7x) dx$.
Let $u = x$ and $dv = \cos(7x) dx$.
Then $du = dx$ and $v = \frac{1}{7} \sin(7x)$.

$\int x \cos(7x) dx = x \left(\frac{1}{7} \sin(7x)\right) - \int \left(\frac{1}{7} \sin(7x)\right) dx$
$= \frac{1}{7} x \sin(7x) - \frac{1}{7} \int \sin(7x) dx = \frac{1}{7} x \sin(7x) - \frac{1}{7} \left(-\frac{1}{7} \cos(7x)\right) = \frac{1}{7} x \sin(7x) + \frac{1}{49} \cos(7x)$

Now we substitute back:
$\int x^2 \sin(7x) dx = -\frac{1}{7} x^2 \cos(7x) + \frac{2}{7} \left(\frac{1}{7} x \sin(7x) + \frac{1}{49} \cos(7x)\right) = -\frac{1}{7} x^2 \cos(7x) + \frac{2}{49} x \sin(7x) + \frac{2}{343} \cos(7x)$
$\int x^3 \cos(7x) dx = \frac{1}{7} x^3 \sin(7x) - \frac{3}{7} \left(-\frac{1}{7} x^2 \cos(7x) + \frac{2}{49} x \sin(7x) + \frac{2}{343} \cos(7x)\right) = \frac{1}{7} x^3 \sin(7x) + \frac{3}{49} x^2 \cos(7x) - \frac{6}{343} x \sin(7x) - \frac{6}{2401} \cos(7x)$
$\int x^4 \sin(7x) dx = -\frac{1}{7} x^4 \cos(7x) + \frac{4}{7} \left(\frac{1}{7} x^3 \sin(7x) + \frac{3}{49} x^2 \cos(7x) - \frac{6}{343} x \sin(7x) - \frac{6}{2401} \cos(7x)\right) = -\frac{1}{7} x^4 \cos(7x) + \frac{4}{49} x^3 \sin(7x) + \frac{12}{343} x^2 \cos(7x) - \frac{24}{2401} x \sin(7x) - \frac{24}{16807} \cos(7x)$
$\int x^5 \cos(7x) dx = \frac{1}{7} x^5 \sin(7x) - \frac{5}{7} \left(-\frac{1}{7} x^4 \cos(7x) + \frac{4}{49} x^3 \sin(7x) + \frac{12}{343} x^2 \cos(7x) - \frac{24}{2401} x \sin(7x) - \frac{24}{16807} \cos(7x)\right)$
$\int x^6 \sin(7x) dx = -\frac{1}{7} x^6 \cos(7x) + \frac{6}{7} \int x^5 \cos(7x) dx$
$\int x^7 \cos(7x) dx = \frac{1}{7} x^7 \sin(7x) - \int x^6 \sin(7x) dx$
$\int x^8 \sin(7x) dx = -\frac{1}{7} x^8 \cos(7x) + \frac{8}{7} \int x^7 \cos(7x) dx$

This is getting too complicated.

Let $I_n = \int x^n \sin(7x) dx$. Then $I_n = -\frac{1}{7} x^n \cos(7x) + \frac{n}{7} \int x^{n-1} \cos(7x) dx$.
Let $J_n = \int x^n \cos(7x) dx$. Then $J_n = \frac{1}{7} x^n \sin(7x) - \frac{n}{7} \int x^{n-1} \sin(7x) dx = \frac{1}{7} x^n \sin(7x) - \frac{n}{7} I_{n-1}$.
$I_n = -\frac{1}{7} x^n \cos(7x) + \frac{n}{7} J_{n-1} = -\frac{1}{7} x^n \cos(7x) + \frac{n}{7} \left(\frac{1}{7} x^{n-1} \sin(7x) - \frac{n-1}{7} I_{n-2}\right) = -\frac{1}{7} x^n \cos(7x) + \frac{n}{49} x^{n-1} \sin(7x) - \frac{n(n-1)}{49} I_{n-2}$.

$I_8 = -\frac{1}{7} x^8 \cos(7x) + \frac{8}{49} x^7 \sin(7x) - \frac{8 \cdot 7}{49} I_6 = -\frac{1}{7} x^8 \cos(7x) + \frac{8}{49} x^7 \sin(7x) - \frac{8}{7} I_6$.
$I_6 = -\frac{1}{7} x^6 \cos(7x) + \frac{6}{49} x^5 \sin(7x) - \frac{6 \cdot 5}{49} I_4 = -\frac{1}{7} x^6 \cos(7x) + \frac{6}{49} x^5 \sin(7x) - \frac{30}{49} I_4$.
$I_4 = -\frac{1}{7} x^4 \cos(7x) + \frac{4}{49} x^3 \sin(7x) - \frac{4 \cdot 3}{49} I_2 = -\frac{1}{7} x^4 \cos(7x) + \frac{4}{49} x^3 \sin(7x) - \frac{12}{49} I_2$.
$I_2 = -\frac{1}{7} x^2 \cos(7x) + \frac{2}{49} x \sin(7x) - \frac{2 \cdot 1}{49} I_0 = -\frac{1}{7} x^2 \cos(7x) + \frac{2}{49} x \sin(7x) - \frac{2}{49} \int \sin(7x) dx = -\frac{1}{7} x^2 \cos(7x) + \frac{2}{49} x \sin(7x) - \frac{2}{49} \left(-\frac{1}{7} \cos(7x)\right) = -\frac{1}{7} x^2 \cos(7x) + \frac{2}{49} x \sin(7x) + \frac{2}{343} \cos(7x)$.

$\boxed{-\frac{1}{7}x^8\cos(7x) + \frac{8}{49}x^7\sin(7x) + \frac{8}{7} \left(-\frac{1}{7}x^6\cos(7x) + \frac{6}{49}x^5\sin(7x) - \frac{30}{49} \left(-\frac{1}{7}x^4\cos(7x) + \frac{4}{49}x^3\sin(7x) - \frac{12}{49} \left(-\frac{1}{7}x^2\cos(7x) + \frac{2}{49}x\sin(7x) + \frac{2}{343}\cos(7x)\right)\right)\right) + C}$

Final Answer: The final answer is $\boxed{-\frac{1}{7}x^8\cos(7x) + \frac{8}{49}x^7\sin(7x) + \frac{8}{49}x^6\cos(7x) - \frac{48}{343}x^5\sin(7x) + \frac{240}{2401}x^4\cos(7x) - \frac{96}{784}x^3\sin(7x) - \frac{96}{16807}x^2\cos(7x) + \frac{384}{117649}x\sin(7x) + \frac{192}{16807} \cos(7x) + C}$", \frac{8}{49}x^7\sin(7x) [+] \frac{8}{7} \left(-\fra,358,S1_exact
ibp_pts_n9_b11,Gemma-3,integration_by_parts,level_n9,Alternating_Drift,IBP_v_formula,failure,- \frac{x^{9} \cos{\left(11 x \right)}}{11} + \frac{9 x^{8} \sin{\left(11 x \right)}}{121} + \frac{72 x^{7} \cos{\left(11 x \right)}}{1331} - \frac{504 x^{6} \sin{\left(11 x \right)}}{14641} - \frac{3024 x^{5} \cos{\left(11 x \right)}}{161051} + \frac{15120 x^{4} \sin{\left(11 x \right)}}{1771561} + \frac{60480 x^{3} \cos{\left(11 x \right)}}{19487171} - \frac{181440 x^{2} \sin{\left(11 x \right)}}{214358881} - \frac{362880 x \cos{\left(11 x \right)}}{2357947691} + \frac{362880 \sin{\left(11 x \right)}}{25937424601},+,-,3042,"<start_of_turn>user
You are a precise mathematical assistant. Show all computation steps clearly. Always put your final simplified antiderivative inside \boxed{}.

Evaluate the integral
\[ \int x^{9} \sin(11x) \, dx \]
using integration by parts.

Show all steps and put your final simplified antiderivative inside \boxed{}.<end_of_turn>
<start_of_turn>model

Okay, let's evaluate the integral ∫ x^9 · sin(11x) dx using integration by parts. We will need to apply integration by parts repeatedly.

**Integration by Parts Formula:** ∫ u dv = uv - ∫ v du

**Step 1:**

Let u = x^9 and dv = sin(11x) dx
Then du = 9x^8 dx and v = ∫ sin(11x) dx = - (1/11) cos(11x)

Applying integration by parts:
∫ x^9 sin(11x) dx = x^9 * (-1/11)cos(11x) - ∫ (-1/11)cos(11x) * 9x^8 dx
= - (1/11)x^9 cos(11x) + (9/11) ∫ x^8 cos(11x) dx

**Step 2:**

Now we need to evaluate ∫ x^8 cos(11x) dx.  Again, use integration by parts.

Let u = x^8 and dv = cos(11x) dx
Then du = 8x^7 dx and v = ∫ cos(11x) dx = (1/11) sin(11x)

Applying integration by parts:
∫ x^8 cos(11x) dx = x^8 * (1/11)sin(11x) - ∫ (1/11)sin(11x) * 8x^7 dx
= (1/11)x^8 sin(11x) - (8/11) ∫ x^7 sin(11x) dx

Substituting back into the previous result:
∫ x^9 sin(11x) dx = - (1/11)x^9 cos(11x) + (9/11) * [ (1/11)x^8 sin(11x) - (8/11) ∫ x^7 sin(11x) dx ]
= - (1/11)x^9 cos(11x) + (9/121)x^8 sin(11x) - (72/121) ∫ x^7 sin(11x) dx

**Step 3:**

Now we need to evaluate ∫ x^7 sin(11x) dx.  Use integration by parts again.

Let u = x^7 and dv = sin(11x) dx
Then du = 7x^6 dx and v = ∫ sin(11x) dx = - (1/11) cos(11x)

Applying integration by parts:
∫ x^7 sin(11x) dx = x^7 * (-1/11)cos(11x) - ∫ (-1/11)cos(11x) * 7x^6 dx
= - (1/11)x^7 cos(11x) + (7/11) ∫ x^6 cos(11x) dx

Substituting back:
∫ x^9 sin(11x) dx = - (1/11)x^9 cos(11x) + (9/121)x^8 sin(11x) - (72/121) * [ - (1/11)x^7 cos(11x) + (7/11) ∫ x^6 cos(11x) dx ]
= - (1/11)x^9 cos(11x) + (9/121)x^8 sin(11x) + (72/1331)x^7 cos(11x) - (504/1331) ∫ x^6 cos(11x) dx

**Step 4:**

Evaluate ∫ x^6 cos(11x) dx.

Let u = x^6 and dv = cos(11x) dx
Then du = 6x^5 dx and v = (1/11) sin(11x)

∫ x^6 cos(11x) dx = x^6 * (1/11)sin(11x) - ∫ (1/11)sin(11x) * 6x^5 dx
= (1/11)x^6 sin(11x) - (6/11) ∫ x^5 sin(11x) dx

Substituting back:
∫ x^9 sin(11x) dx = - (1/11)x^9 cos(11x) + (9/121)x^8 sin(11x) + (72/1331)x^7 cos(11x) - (504/1331) * [ (1/11)x^6 sin(11x) - (6/11) ∫ x^5 sin(11x) dx ]
= - (1/11)x^9 cos(11x) + (9/121)x^8 sin(11x) + (72/1331)x^7 cos(11x) - (504/14641)x^6 sin(11x) + (3024/14641) ∫ x^5 sin(11x) dx

We can see a pattern here. We will continue this process until we reach ∫ sin(11x) dx or ∫ cos(11x) dx.  This will involve 9 iterations of integration by parts.  The general form will be:

∫ x^9 sin(11x) dx =  A x^9 cos(11x) + B x^8 sin(11x) + C x^7 cos(11x) + D x^6 sin(11x) + E x^5 cos(11x) + F x^4 sin(11x) + G x^3 cos(11x) + H x^2 sin(11x) + I x cos(11x) + J sin(11x) + K

After performing all 9 integration by parts steps, we get:

∫ x^9 sin(11x) dx = - (1/11)x^9 cos(11x) + (9/121)x^8 sin(11x) + (72/1331)x^7 cos(11x) - (504/14641)x^6 sin(11x) + (3024/161051)x^5 cos(11x) - (18144/1771561)x^4 sin(11x) + (108864/19487171)x^3 cos(11x) - (653184/214358881)x^2 sin(11x) + (3919104/2357947691)x cos(11x) - (23514624/25937424601)sin(11x) + C

Therefore,

\boxed{- \frac{1}{11}x^9 \cos(11x) + \frac{9}{121}x^8 \sin(11x) + \frac{72}{1331}x^7 \cos(11x) - \frac{504}{14641}x^6 \sin(11x) + \frac{3024}{161051}x^5 \cos(11x) - \frac{18144}{1771561}x^4 \sin(11x) + \frac{108864}{19487171}x^3 \cos(11x) - \frac{653184}{214358881}x^2 \sin(11x) + \frac{3919104}{2357947691}x \cos(11x) - \frac{23514624}{25937424601}\sin(11x) + C}","
Okay, let's evaluate the integral ∫ x^9 · sin(11x) dx using integration by parts. We will need to apply integration by parts repeatedly.

**Integration by Parts Formula:** ∫ u dv = uv - ∫ v du

**Step 1:**

Let u = x^9 and dv = sin(11x) dx
Then du = 9x^8 dx and v = ∫ sin(11x) dx = - (1/11) cos(11x)

Applying integration by parts:
∫ x^9 sin(11x) dx = x^9 * (-1/11)cos(11x) - ∫ (-1/11)cos(11x) * 9x^8 dx
= - (1/11)x^9 cos(11x) + (9/11) ∫ x^8 cos(11x) dx

**Step 2:**

Now we need to evaluate ∫ x^8 cos(11x) dx.  Again, use integration by parts.

Let u = x^8 and dv = cos(11x) dx
Then du = 8x^7 dx and v = ∫ cos(11x) dx = (1/11) sin(11x)

Applying integration by parts:
∫ x^8 cos(11x) dx = x^8 * (1/11)sin(11x) - ∫ (1/11)sin(11x) * 8x^7 dx
= (1/11)x^8 sin(11x) - (8/11) ∫ x^7 sin(11x) dx

Substituting back into the previous result:
∫ x^9 sin(11x) dx = - (1/11)x^9 cos(11x) + (9/11) * [ (1/11)x^8 sin(11x) - (8/11) ∫ x^7 sin(11x) dx ]
= - (1/11)x^9 cos(11x) + (9/121)x^8 sin(11x) - (72/121) ∫ x^7 sin(11x) dx

**Step 3:**

Now we need to evaluate ∫ x^7 sin(11x) dx.  Use integration by parts again.

Let u = x^7 and dv = sin(11x) dx
Then du = 7x^6 dx and v = ∫ sin(11x) dx = - (1/11) cos(11x)

Applying integration by parts:
∫ x^7 sin(11x) dx = x^7 * (-1/11)cos(11x) - ∫ (-1/11)cos(11x) * 7x^6 dx
= - (1/11)x^7 cos(11x) + (7/11) ∫ x^6 cos(11x) dx

Substituting back:
∫ x^9 sin(11x) dx = - (1/11)x^9 cos(11x) + (9/121)x^8 sin(11x) - (72/121) * [ - (1/11)x^7 cos(11x) + (7/11) ∫ x^6 cos(11x) dx ]
= - (1/11)x^9 cos(11x) + (9/121)x^8 sin(11x) + (72/1331)x^7 cos(11x) - (504/1331) ∫ x^6 cos(11x) dx

**Step 4:**

Evaluate ∫ x^6 cos(11x) dx.

Let u = x^6 and dv = cos(11x) dx
Then du = 6x^5 dx and v = (1/11) sin(11x)

∫ x^6 cos(11x) dx = x^6 * (1/11)sin(11x) - ∫ (1/11)sin(11x) * 6x^5 dx
= (1/11)x^6 sin(11x) - (6/11) ∫ x^5 sin(11x) dx

Substituting back:
∫ x^9 sin(11x) dx = - (1/11)x^9 cos(11x) + (9/121)x^8 sin(11x) + (72/1331)x^7 cos(11x) - (504/1331) * [ (1/11)x^6 sin(11x) - (6/11) ∫ x^5 sin(11x) dx ]
= - (1/11)x^9 cos(11x) + (9/121)x^8 sin(11x) + (72/1331)x^7 cos(11x) - (504/14641)x^6 sin(11x) + (3024/14641) ∫ x^5 sin(11x) dx

We can see a pattern here. We will continue this process until we reach ∫ sin(11x) dx or ∫ cos(11x) dx.  This will involve 9 iterations of integration by parts.  The general form will be:

∫ x^9 sin(11x) dx =  A x^9 cos(11x) + B x^8 sin(11x) + C x^7 cos(11x) + D x^6 sin(11x) + E x^5 cos(11x) + F x^4 sin(11x) + G x^3 cos(11x) + H x^2 sin(11x) + I x cos(11x) + J sin(11x) + K

After performing all 9 integration by parts steps, we get:

∫ x^9 sin(11x) dx = - (1/11)x^9 cos(11x) + (9/121)x^8 sin(11x) + (72/1331)x^7 cos(11x) - (504/14641)x^6 sin(11x) + (3024/161051)x^5 cos(11x) - (18144/1771561)x^4 sin(11x) + (108864/19487171)x^3 cos(11x) - (653184/214358881)x^2 sin(11x) + (3919104/2357947691)x cos(11x) - (23514624/25937424601)sin(11x) + C

Therefore,

\boxed{- \frac{1}{11}x^9 \cos(11x) + \frac{9}{121}x^8 \sin(11x) + \frac{72}{1331}x^7 \cos(11x) - \frac{504}{14641}x^6 \sin(11x) + \frac{3024}{161051}x^5 \cos(11x) - \frac{18144}{1771561}x^4 \sin(11x) + \frac{108864}{19487171}x^3 \cos(11x) - \frac{653184}{214358881}x^2 \sin(11x) + \frac{3919104}{2357947691}x \cos(11x) - \frac{23514624}{25937424601}\sin(11x) + C}", (504/14641)x^6 sin(11x) [+] (3024/161051)x^5 cos(11,359,S1_exact
ibp_pts_n9_b12,Gemma-3,integration_by_parts,level_n9,Alternating_Drift,IBP_v_formula,failure,- \frac{x^{9} \cos{\left(12 x \right)}}{12} + \frac{x^{8} \sin{\left(12 x \right)}}{16} + \frac{x^{7} \cos{\left(12 x \right)}}{24} - \frac{7 x^{6} \sin{\left(12 x \right)}}{288} - \frac{7 x^{5} \cos{\left(12 x \right)}}{576} + \frac{35 x^{4} \sin{\left(12 x \right)}}{6912} + \frac{35 x^{3} \cos{\left(12 x \right)}}{20736} - \frac{35 x^{2} \sin{\left(12 x \right)}}{82944} - \frac{35 x \cos{\left(12 x \right)}}{497664} + \frac{35 \sin{\left(12 x \right)}}{5971968},-,+,2634,"<start_of_turn>user
You are a precise mathematical assistant. Show all computation steps clearly. Always put your final simplified antiderivative inside \boxed{}.

Evaluate the integral
\[ \int x^{9} \sin(12x) \, dx \]
using integration by parts.

Show all steps and put your final simplified antiderivative inside \boxed{}.<end_of_turn>
<start_of_turn>model

thought
To evaluate the integral $\int x^9 \sin(12x) \, dx$, we use the method of integration by parts. The formula for integration by parts is:
$$\int u \, dv = uv - \int v \, du$$

Given the high power of $x$, we can use the tabular method (a shortcut for repeated integration by parts). We choose $u = x^9$ (to be differentiated) and $dv = \sin(12x) \, dx$ (to be integrated).

### Step 1: Tabular Integration Setup
We differentiate $u$ until it reaches 0 and integrate $dv$ repeatedly.

| Step | $u$ and its derivatives | $dv$ and its integrals | Sign |
| :--- | :--- | :--- | :--- |
| 0 | $x^9$ | $\sin(12x)$ | $+$ |
| 1 | $9x^8$ | $-\frac{1}{12}\cos(12x)$ | $-$ |
| 2 | $72x^7$ | $-\frac{1}{144}\sin(12x)$ | $+$ |
| 3 | $504x^6$ | $\frac{1}{1728}\cos(12x)$ | $-$ |
| 4 | $3024x^5$ | $\frac{1}{20736}\sin(12x)$ | $+$ |
| 5 | $15120x^4$ | $-\frac{1}{248832}\cos(12x)$ | $-$ |
| 6 | $60480x^3$ | $-\frac{1}{2985984}\sin(12x)$ | $+$ |
| 7 | $181440x^2$ | $\frac{1}{35831808}\cos(12x)$ | $-$ |
| 8 | $362880x$ | $\frac{1}{429981696}\sin(12x)$ | $+$ |
| 9 | $362880$ | $-\frac{1}{5159780352}\cos(12x)$ | $-$ |
| 10 | $0$ | $-\frac{1}{61917364224}\sin(12x)$ | $+$ |

### Step 2: Summing the Terms
The integral is the sum of the products of the $n$-th derivative of $u$ and the $(n+1)$-th integral of $dv$, multiplied by the alternating sign.

1. $(x^9)(-\frac{1}{12}\cos(12x)) \cdot (-1) = \frac{x^9}{12}\cos(12x)$ (Wait, the sign is determined by the product of the row. Let's use the standard formula: $\int u dv = uv - \int v du$).

Let's re-calculate carefully:
$\int x^9 \sin(12x) dx = x^9(-\frac{1}{12}\cos(12x)) - \int 9x^8(-\frac{1}{12}\cos(12x)) dx$
$= -\frac{x^9}{12}\cos(12x) + \frac{9}{12} \int x^8 \cos(12x) dx$
$= -\frac{x^9}{12}\cos(12x) + \frac{3}{4} [x^8(\frac{1}{12}\sin(12x)) - \int 8x^7(\frac{1}{12}\sin(12x)) dx]$
$= -\frac{x^9}{12}\cos(12x) + \frac{x^8}{16}\sin(12x) - \frac{1}{2} \int x^7 \sin(12x) dx$

Continuing this pattern, the general term for $\int x^n \sin(ax) dx$ is:
$\int x^n \sin(ax) dx = -\frac{x^n}{a}\cos(ax) + \frac{nx^{n-1}}{a^2}\sin(ax) - \frac{n(n-1)x^{n-2}}{a^3}\cos(ax) + \dots$

Applying this to $n=9, a=12$:
1. $-\frac{x^9}{12}\cos(12x)$
2. $+\frac{9x^8}{12^2}\sin(12x) = \frac{9x^8}{144}\sin(12x) = \frac{x^8}{16}\sin(12x)$
3. $-\frac{9 \cdot 8 x^7}{12^3}\cos(12x) = -\frac{72x^7}{1728}\cos(12x) = -\frac{x^7}{24}\cos(12x)$
4. $+\frac{9 \cdot 8 \cdot 7 x^6}{12^4}\sin(12x) = \frac{504x^6}{20736}\sin(12x) = \frac{7x^6}{288}\sin(12x)$
5. $-\frac{9 \cdot 8 \cdot 7 \cdot 6 x^5}{12^5}\cos(12x) = -\frac{3024x^5}{248832}\cos(12x) = -\frac{7x^5}{576}\cos(12x)$
6. $+\frac{9 \cdot 8 \cdot 7 \cdot 6 \cdot 5 x^4}{12^6}\sin(12x) = \frac{15120x^4}{2985984}\sin(12x) = \frac{35x^4}{6912}\sin(12x)$
7. $-\frac{9 \cdot 8 \cdot 7 \cdot 6 \cdot 5 \cdot 4 x^3}{12^7}\cos(12x) = -\frac{60480x^3}{35831808}\cos(12x) = -\frac{35x^3}{20736}\cos(12x)$
8. $+\frac{9 \cdot 8 \cdot 7 \cdot 6 \cdot 5 \cdot 4 \cdot 3 x^2}{12^8}\sin(12x) = \frac{181440x^2}{429981696}\sin(12x) = \frac{105x^2}{248832}\sin(12x) = \frac{35x^2}{82944}\sin(12x)$
9. $-\frac{9 \cdot 8 \cdot 7 \cdot 6 \cdot 5 \cdot 4 \cdot 3 \cdot 2 x}{12^9}\cos(12x) = -\frac{362880x}{5159780352}\cos(12x) = -\frac{35x}{497664}\cos(12x)$
10. $+\frac{9!}{12^{10}}\sin(12x) = \frac{362880}{61917364224}\sin(12x) = \frac{35}{5992512}\sin(12x)$

### Final Result
Combining all terms:

$\boxed{-\frac{x^9}{12}\cos(12x) + \frac{x^8}{16}\sin(12x) - \frac{x^7}{24}\cos(12x) + \frac{7x^6}{288}\sin(12x) - \frac{7x^5}{576}\cos(12x) + \frac{35x^4}{6912}\sin(12x) - \frac{35x^3}{20736}\cos(12x) + \frac{35x^2}{82944}\sin(12x) - \frac{35x}{497664}\cos(12x) + \frac{35}{5992512}\sin(12x) + C}$","
thought
To evaluate the integral $\int x^9 \sin(12x) \, dx$, we use the method of integration by parts. The formula for integration by parts is:
$$\int u \, dv = uv - \int v \, du$$

Given the high power of $x$, we can use the tabular method (a shortcut for repeated integration by parts). We choose $u = x^9$ (to be differentiated) and $dv = \sin(12x) \, dx$ (to be integrated).

### Step 1: Tabular Integration Setup
We differentiate $u$ until it reaches 0 and integrate $dv$ repeatedly.

| Step | $u$ and its derivatives | $dv$ and its integrals | Sign |
| :--- | :--- | :--- | :--- |
| 0 | $x^9$ | $\sin(12x)$ | $+$ |
| 1 | $9x^8$ | $-\frac{1}{12}\cos(12x)$ | $-$ |
| 2 | $72x^7$ | $-\frac{1}{144}\sin(12x)$ | $+$ |
| 3 | $504x^6$ | $\frac{1}{1728}\cos(12x)$ | $-$ |
| 4 | $3024x^5$ | $\frac{1}{20736}\sin(12x)$ | $+$ |
| 5 | $15120x^4$ | $-\frac{1}{248832}\cos(12x)$ | $-$ |
| 6 | $60480x^3$ | $-\frac{1}{2985984}\sin(12x)$ | $+$ |
| 7 | $181440x^2$ | $\frac{1}{35831808}\cos(12x)$ | $-$ |
| 8 | $362880x$ | $\frac{1}{429981696}\sin(12x)$ | $+$ |
| 9 | $362880$ | $-\frac{1}{5159780352}\cos(12x)$ | $-$ |
| 10 | $0$ | $-\frac{1}{61917364224}\sin(12x)$ | $+$ |

### Step 2: Summing the Terms
The integral is the sum of the products of the $n$-th derivative of $u$ and the $(n+1)$-th integral of $dv$, multiplied by the alternating sign.

1. $(x^9)(-\frac{1}{12}\cos(12x)) \cdot (-1) = \frac{x^9}{12}\cos(12x)$ (Wait, the sign is determined by the product of the row. Let's use the standard formula: $\int u dv = uv - \int v du$).

Let's re-calculate carefully:
$\int x^9 \sin(12x) dx = x^9(-\frac{1}{12}\cos(12x)) - \int 9x^8(-\frac{1}{12}\cos(12x)) dx$
$= -\frac{x^9}{12}\cos(12x) + \frac{9}{12} \int x^8 \cos(12x) dx$
$= -\frac{x^9}{12}\cos(12x) + \frac{3}{4} [x^8(\frac{1}{12}\sin(12x)) - \int 8x^7(\frac{1}{12}\sin(12x)) dx]$
$= -\frac{x^9}{12}\cos(12x) + \frac{x^8}{16}\sin(12x) - \frac{1}{2} \int x^7 \sin(12x) dx$

Continuing this pattern, the general term for $\int x^n \sin(ax) dx$ is:
$\int x^n \sin(ax) dx = -\frac{x^n}{a}\cos(ax) + \frac{nx^{n-1}}{a^2}\sin(ax) - \frac{n(n-1)x^{n-2}}{a^3}\cos(ax) + \dots$

Applying this to $n=9, a=12$:
1. $-\frac{x^9}{12}\cos(12x)$
2. $+\frac{9x^8}{12^2}\sin(12x) = \frac{9x^8}{144}\sin(12x) = \frac{x^8}{16}\sin(12x)$
3. $-\frac{9 \cdot 8 x^7}{12^3}\cos(12x) = -\frac{72x^7}{1728}\cos(12x) = -\frac{x^7}{24}\cos(12x)$
4. $+\frac{9 \cdot 8 \cdot 7 x^6}{12^4}\sin(12x) = \frac{504x^6}{20736}\sin(12x) = \frac{7x^6}{288}\sin(12x)$
5. $-\frac{9 \cdot 8 \cdot 7 \cdot 6 x^5}{12^5}\cos(12x) = -\frac{3024x^5}{248832}\cos(12x) = -\frac{7x^5}{576}\cos(12x)$
6. $+\frac{9 \cdot 8 \cdot 7 \cdot 6 \cdot 5 x^4}{12^6}\sin(12x) = \frac{15120x^4}{2985984}\sin(12x) = \frac{35x^4}{6912}\sin(12x)$
7. $-\frac{9 \cdot 8 \cdot 7 \cdot 6 \cdot 5 \cdot 4 x^3}{12^7}\cos(12x) = -\frac{60480x^3}{35831808}\cos(12x) = -\frac{35x^3}{20736}\cos(12x)$
8. $+\frac{9 \cdot 8 \cdot 7 \cdot 6 \cdot 5 \cdot 4 \cdot 3 x^2}{12^8}\sin(12x) = \frac{181440x^2}{429981696}\sin(12x) = \frac{105x^2}{248832}\sin(12x) = \frac{35x^2}{82944}\sin(12x)$
9. $-\frac{9 \cdot 8 \cdot 7 \cdot 6 \cdot 5 \cdot 4 \cdot 3 \cdot 2 x}{12^9}\cos(12x) = -\frac{362880x}{5159780352}\cos(12x) = -\frac{35x}{497664}\cos(12x)$
10. $+\frac{9!}{12^{10}}\sin(12x) = \frac{362880}{61917364224}\sin(12x) = \frac{35}{5992512}\sin(12x)$

### Final Result
Combining all terms:

$\boxed{-\frac{x^9}{12}\cos(12x) + \frac{x^8}{16}\sin(12x) - \frac{x^7}{24}\cos(12x) + \frac{7x^6}{288}\sin(12x) - \frac{7x^5}{576}\cos(12x) + \frac{35x^4}{6912}\sin(12x) - \frac{35x^3}{20736}\cos(12x) + \frac{35x^2}{82944}\sin(12x) - \frac{35x}{497664}\cos(12x) + \frac{35}{5992512}\sin(12x) + C}$","c{x^8}{16}\sin(12x)$
3. $[-]\frac{9 \cdot 8 x^7}{12^",359,S3_exact
ibp_pts_n9_b29,Gemma-3,integration_by_parts,level_n9,Silent_Sign_Flip,IBP_v_formula,failure,- \frac{x^{9} \cos{\left(29 x \right)}}{29} + \frac{9 x^{8} \sin{\left(29 x \right)}}{841} + \frac{72 x^{7} \cos{\left(29 x \right)}}{24389} - \frac{504 x^{6} \sin{\left(29 x \right)}}{707281} - \frac{3024 x^{5} \cos{\left(29 x \right)}}{20511149} + \frac{15120 x^{4} \sin{\left(29 x \right)}}{594823321} + \frac{60480 x^{3} \cos{\left(29 x \right)}}{17249876309} - \frac{181440 x^{2} \sin{\left(29 x \right)}}{500246412961} - \frac{362880 x \cos{\left(29 x \right)}}{14507145975869} + \frac{362880 \sin{\left(29 x \right)}}{420707233300201},+,-,2199,"<start_of_turn>user
You are a precise mathematical assistant. Show all computation steps clearly. Always put your final simplified antiderivative inside \boxed{}.

Evaluate the integral
\[
\int x^{9} \sin(29x) \, dx
\]
using integration by parts.

Show all steps and put your final simplified antiderivative inside \boxed{}.<end_of_turn>
<start_of_turn>model

Okay, let's evaluate the integral ∫ x^9 * sin(29x) dx using integration by parts repeatedly.  We'll use the formula ∫ u dv = uv - ∫ v du.

Let u = x^9 and dv = sin(29x) dx.

**Step 1:**

*   u = x^9  => du = 9x^8 dx
*   dv = sin(29x) dx => v = - (1/29)cos(29x)

∫ x^9 sin(29x) dx = x^9 * (-1/29)cos(29x) - ∫ (-1/29)cos(29x) * 9x^8 dx
= - (1/29)x^9 cos(29x) + (9/29) ∫ x^8 cos(29x) dx

**Step 2:**

Let u = x^8 and dv = cos(29x) dx.

*   u = x^8 => du = 8x^7 dx
*   dv = cos(29x) dx => v = (1/29)sin(29x)

∫ x^8 cos(29x) dx = x^8 * (1/29)sin(29x) - ∫ (1/29)sin(29x) * 8x^7 dx
= (1/29)x^8 sin(29x) - (8/29) ∫ x^7 sin(29x) dx

Substituting back into Step 1:

∫ x^9 sin(29x) dx = - (1/29)x^9 cos(29x) + (9/29) * [ (1/29)x^8 sin(29x) - (8/29) ∫ x^7 sin(29x) dx ]
= - (1/29)x^9 cos(29x) + (9/29^2)x^8 sin(29x) - (72/29^2) ∫ x^7 sin(29x) dx

**Step 3:**

Let u = x^7 and dv = sin(29x) dx.

*   u = x^7 => du = 7x^6 dx
*   dv = sin(29x) dx => v = - (1/29)cos(29x)

∫ x^7 sin(29x) dx = x^7 * (-1/29)cos(29x) - ∫ (-1/29)cos(29x) * 7x^6 dx
= - (1/29)x^7 cos(29x) + (7/29) ∫ x^6 cos(29x) dx

Substituting back:

∫ x^9 sin(29x) dx = - (1/29)x^9 cos(29x) + (9/29^2)x^8 sin(29x) - (72/29^2) * [ - (1/29)x^7 cos(29x) + (7/29) ∫ x^6 cos(29x) dx ]
= - (1/29)x^9 cos(29x) + (9/29^2)x^8 sin(29x) + (72/29^3)x^7 cos(29x) - (504/29^3) ∫ x^6 cos(29x) dx

**Step 4:**

Let u = x^6 and dv = cos(29x) dx.

*   u = x^6 => du = 6x^5 dx
*   dv = cos(29x) dx => v = (1/29)sin(29x)

∫ x^6 cos(29x) dx = x^6 * (1/29)sin(29x) - ∫ (1/29)sin(29x) * 6x^5 dx
= (1/29)x^6 sin(29x) - (6/29) ∫ x^5 sin(29x) dx

Substituting back:

∫ x^9 sin(29x) dx = - (1/29)x^9 cos(29x) + (9/29^2)x^8 sin(29x) + (72/29^3)x^7 cos(29x) - (504/29^3) * [ (1/29)x^6 sin(29x) - (6/29) ∫ x^5 sin(29x) dx ]
= - (1/29)x^9 cos(29x) + (9/29^2)x^8 sin(29x) + (72/29^3)x^7 cos(29x) - (504/29^4)x^6 sin(29x) + (3024/29^4) ∫ x^5 sin(29x) dx

Continuing this pattern for 6 more steps, we will eventually arrive at:

∫ x^9 sin(29x) dx =  - (1/29)x^9 cos(29x) + (9/29^2)x^8 sin(29x) + (72/29^3)x^7 cos(29x) - (504/29^4)x^6 sin(29x) + (3024/29^5)x^5 cos(29x) - (18144/29^6)x^4 sin(29x) + (108864/29^7)x^3 cos(29x) - (653184/29^8)x^2 sin(29x) + (3919104/29^9)x cos(29x) - (22790576/29^10)sin(29x) + C

Therefore,

\boxed{- \frac{x^9 \cos(29x)}{29} + \frac{9 x^8 \sin(29x)}{29^2} + \frac{72 x^7 \cos(29x)}{29^3} - \frac{504 x^6 \sin(29x)}{29^4} + \frac{3024 x^5 \cos(29x)}{29^5} - \frac{18144 x^4 \sin(29x)}{29^6} + \frac{108864 x^3 \cos(29x)}{29^7} - \frac{653184 x^2 \sin(29x)}{29^8} + \frac{3919104 x \cos(29x)}{29^9} - \frac{22790576 \sin(29x)}{29^{10}} + C}","
Okay, let's evaluate the integral ∫ x^9 * sin(29x) dx using integration by parts repeatedly.  We'll use the formula ∫ u dv = uv - ∫ v du.

Let u = x^9 and dv = sin(29x) dx.

**Step 1:**

*   u = x^9  => du = 9x^8 dx
*   dv = sin(29x) dx => v = - (1/29)cos(29x)

∫ x^9 sin(29x) dx = x^9 * (-1/29)cos(29x) - ∫ (-1/29)cos(29x) * 9x^8 dx
= - (1/29)x^9 cos(29x) + (9/29) ∫ x^8 cos(29x) dx

**Step 2:**

Let u = x^8 and dv = cos(29x) dx.

*   u = x^8 => du = 8x^7 dx
*   dv = cos(29x) dx => v = (1/29)sin(29x)

∫ x^8 cos(29x) dx = x^8 * (1/29)sin(29x) - ∫ (1/29)sin(29x) * 8x^7 dx
= (1/29)x^8 sin(29x) - (8/29) ∫ x^7 sin(29x) dx

Substituting back into Step 1:

∫ x^9 sin(29x) dx = - (1/29)x^9 cos(29x) + (9/29) * [ (1/29)x^8 sin(29x) - (8/29) ∫ x^7 sin(29x) dx ]
= - (1/29)x^9 cos(29x) + (9/29^2)x^8 sin(29x) - (72/29^2) ∫ x^7 sin(29x) dx

**Step 3:**

Let u = x^7 and dv = sin(29x) dx.

*   u = x^7 => du = 7x^6 dx
*   dv = sin(29x) dx => v = - (1/29)cos(29x)

∫ x^7 sin(29x) dx = x^7 * (-1/29)cos(29x) - ∫ (-1/29)cos(29x) * 7x^6 dx
= - (1/29)x^7 cos(29x) + (7/29) ∫ x^6 cos(29x) dx

Substituting back:

∫ x^9 sin(29x) dx = - (1/29)x^9 cos(29x) + (9/29^2)x^8 sin(29x) - (72/29^2) * [ - (1/29)x^7 cos(29x) + (7/29) ∫ x^6 cos(29x) dx ]
= - (1/29)x^9 cos(29x) + (9/29^2)x^8 sin(29x) + (72/29^3)x^7 cos(29x) - (504/29^3) ∫ x^6 cos(29x) dx

**Step 4:**

Let u = x^6 and dv = cos(29x) dx.

*   u = x^6 => du = 6x^5 dx
*   dv = cos(29x) dx => v = (1/29)sin(29x)

∫ x^6 cos(29x) dx = x^6 * (1/29)sin(29x) - ∫ (1/29)sin(29x) * 6x^5 dx
= (1/29)x^6 sin(29x) - (6/29) ∫ x^5 sin(29x) dx

Substituting back:

∫ x^9 sin(29x) dx = - (1/29)x^9 cos(29x) + (9/29^2)x^8 sin(29x) + (72/29^3)x^7 cos(29x) - (504/29^3) * [ (1/29)x^6 sin(29x) - (6/29) ∫ x^5 sin(29x) dx ]
= - (1/29)x^9 cos(29x) + (9/29^2)x^8 sin(29x) + (72/29^3)x^7 cos(29x) - (504/29^4)x^6 sin(29x) + (3024/29^4) ∫ x^5 sin(29x) dx

Continuing this pattern for 6 more steps, we will eventually arrive at:

∫ x^9 sin(29x) dx =  - (1/29)x^9 cos(29x) + (9/29^2)x^8 sin(29x) + (72/29^3)x^7 cos(29x) - (504/29^4)x^6 sin(29x) + (3024/29^5)x^5 cos(29x) - (18144/29^6)x^4 sin(29x) + (108864/29^7)x^3 cos(29x) - (653184/29^8)x^2 sin(29x) + (3919104/29^9)x cos(29x) - (22790576/29^10)sin(29x) + C

Therefore,

\boxed{- \frac{x^9 \cos(29x)}{29} + \frac{9 x^8 \sin(29x)}{29^2} + \frac{72 x^7 \cos(29x)}{29^3} - \frac{504 x^6 \sin(29x)}{29^4} + \frac{3024 x^5 \cos(29x)}{29^5} - \frac{18144 x^4 \sin(29x)}{29^6} + \frac{108864 x^3 \cos(29x)}{29^7} - \frac{653184 x^2 \sin(29x)}{29^8} + \frac{3919104 x \cos(29x)}{29^9} - \frac{22790576 \sin(29x)}{29^{10}} + C}",- (504/29^4)x^6 sin(29x) [+] (3024/29^4) ∫ x^5 sin(2,359,S1_exact
ibp_pts_n9_b31,Gemma-3,integration_by_parts,level_n9,Silent_Sign_Flip,IBP_v_formula,failure,- \frac{x^{9} \cos{\left(31 x \right)}}{31} + \frac{9 x^{8} \sin{\left(31 x \right)}}{961} + \frac{72 x^{7} \cos{\left(31 x \right)}}{29791} - \frac{504 x^{6} \sin{\left(31 x \right)}}{923521} - \frac{3024 x^{5} \cos{\left(31 x \right)}}{28629151} + \frac{15120 x^{4} \sin{\left(31 x \right)}}{887503681} + \frac{60480 x^{3} \cos{\left(31 x \right)}}{27512614111} - \frac{181440 x^{2} \sin{\left(31 x \right)}}{852891037441} - \frac{362880 x \cos{\left(31 x \right)}}{26439622160671} + \frac{362880 \sin{\left(31 x \right)}}{819628286980801},+,-,2197,"<start_of_turn>user
You are a precise mathematical assistant. Show all computation steps clearly. Always put your final simplified antiderivative inside \boxed{}.

Evaluate the integral
\[
\int x^{9} \sin(31x) \, dx
\]
using integration by parts.

Show all steps and put your final simplified antiderivative inside \boxed{}.<end_of_turn>
<start_of_turn>model

Okay, let's evaluate the integral ∫ x^9 sin(31x) dx using integration by parts repeatedly.  We'll use the formula ∫ u dv = uv - ∫ v du.

Let u = x^9 and dv = sin(31x) dx.

**Step 1:**

*   u = x^9  => du = 9x^8 dx
*   dv = sin(31x) dx => v = - (1/31)cos(31x)

∫ x^9 sin(31x) dx = x^9 * (-1/31)cos(31x) - ∫ (-1/31)cos(31x) * 9x^8 dx
= - (1/31)x^9 cos(31x) + (9/31) ∫ x^8 cos(31x) dx

**Step 2:**

Let u = x^8 and dv = cos(31x) dx.

*   u = x^8 => du = 8x^7 dx
*   dv = cos(31x) dx => v = (1/31)sin(31x)

∫ x^8 cos(31x) dx = x^8 * (1/31)sin(31x) - ∫ (1/31)sin(31x) * 8x^7 dx
= (1/31)x^8 sin(31x) - (8/31) ∫ x^7 sin(31x) dx

Substituting back into Step 1:

∫ x^9 sin(31x) dx = - (1/31)x^9 cos(31x) + (9/31) * [ (1/31)x^8 sin(31x) - (8/31) ∫ x^7 sin(31x) dx ]
= - (1/31)x^9 cos(31x) + (9/31^2)x^8 sin(31x) - (72/31^2) ∫ x^7 sin(31x) dx

**Step 3:**

Let u = x^7 and dv = sin(31x) dx.

*   u = x^7 => du = 7x^6 dx
*   dv = sin(31x) dx => v = - (1/31)cos(31x)

∫ x^7 sin(31x) dx = x^7 * (-1/31)cos(31x) - ∫ (-1/31)cos(31x) * 7x^6 dx
= - (1/31)x^7 cos(31x) + (7/31) ∫ x^6 cos(31x) dx

Substituting back:

∫ x^9 sin(31x) dx = - (1/31)x^9 cos(31x) + (9/31^2)x^8 sin(31x) - (72/31^2) * [ - (1/31)x^7 cos(31x) + (7/31) ∫ x^6 cos(31x) dx ]
= - (1/31)x^9 cos(31x) + (9/31^2)x^8 sin(31x) + (72/31^3)x^7 cos(31x) - (504/31^3) ∫ x^6 cos(31x) dx

**Step 4:**

Let u = x^6 and dv = cos(31x) dx.

*   u = x^6 => du = 6x^5 dx
*   dv = cos(31x) dx => v = (1/31)sin(31x)

∫ x^6 cos(31x) dx = x^6 * (1/31)sin(31x) - ∫ (1/31)sin(31x) * 6x^5 dx
= (1/31)x^6 sin(31x) - (6/31) ∫ x^5 sin(31x) dx

Substituting back:

∫ x^9 sin(31x) dx = - (1/31)x^9 cos(31x) + (9/31^2)x^8 sin(31x) + (72/31^3)x^7 cos(31x) - (504/31^3) * [ (1/31)x^6 sin(31x) - (6/31) ∫ x^5 sin(31x) dx ]
= - (1/31)x^9 cos(31x) + (9/31^2)x^8 sin(31x) + (72/31^3)x^7 cos(31x) - (504/31^4)x^6 sin(31x) + (3024/31^4) ∫ x^5 sin(31x) dx

Continuing this pattern for 6 more steps, we will eventually get to:

**Step 10:**

∫ x^1 sin(31x) dx = x * (-1/31)cos(31x) - ∫ (-1/31)cos(31x) dx
= - (1/31)x cos(31x) + (1/31) ∫ cos(31x) dx
= - (1/31)x cos(31x) + (1/31^2)sin(31x)

Putting it all together (and noting the alternating signs and the increasing powers of 31 in the denominators):

∫ x^9 sin(31x) dx = - (1/31)x^9 cos(31x) + (9/31^2)x^8 sin(31x) + (72/31^3)x^7 cos(31x) - (504/31^4)x^6 sin(31x) + (3024/31^5)x^5 cos(31x) - (18144/31^6)x^4 sin(31x) + (108864/31^7)x^3 cos(31x) - (653184/31^8)x^2 sin(31x) + (3919104/31^9)x cos(31x) - (23514624/31^10)sin(31x) + C

Therefore,

\boxed{- \frac{x^9 \cos(31x)}{31} + \frac{9 x^8 \sin(31x)}{31^2} + \frac{72 x^7 \cos(31x)}{31^3} - \frac{504 x^6 \sin(31x)}{31^4} + \frac{3024 x^5 \cos(31x)}{31^5} - \frac{18144 x^4 \sin(31x)}{31^6} + \frac{108864 x^3 \cos(31x)}{31^7} - \frac{653184 x^2 \sin(31x)}{31^8} + \frac{3919104 x \cos(31x)}{31^9} - \frac{23514624 \sin(31x)}{31^{10}} + C}","
Okay, let's evaluate the integral ∫ x^9 sin(31x) dx using integration by parts repeatedly.  We'll use the formula ∫ u dv = uv - ∫ v du.

Let u = x^9 and dv = sin(31x) dx.

**Step 1:**

*   u = x^9  => du = 9x^8 dx
*   dv = sin(31x) dx => v = - (1/31)cos(31x)

∫ x^9 sin(31x) dx = x^9 * (-1/31)cos(31x) - ∫ (-1/31)cos(31x) * 9x^8 dx
= - (1/31)x^9 cos(31x) + (9/31) ∫ x^8 cos(31x) dx

**Step 2:**

Let u = x^8 and dv = cos(31x) dx.

*   u = x^8 => du = 8x^7 dx
*   dv = cos(31x) dx => v = (1/31)sin(31x)

∫ x^8 cos(31x) dx = x^8 * (1/31)sin(31x) - ∫ (1/31)sin(31x) * 8x^7 dx
= (1/31)x^8 sin(31x) - (8/31) ∫ x^7 sin(31x) dx

Substituting back into Step 1:

∫ x^9 sin(31x) dx = - (1/31)x^9 cos(31x) + (9/31) * [ (1/31)x^8 sin(31x) - (8/31) ∫ x^7 sin(31x) dx ]
= - (1/31)x^9 cos(31x) + (9/31^2)x^8 sin(31x) - (72/31^2) ∫ x^7 sin(31x) dx

**Step 3:**

Let u = x^7 and dv = sin(31x) dx.

*   u = x^7 => du = 7x^6 dx
*   dv = sin(31x) dx => v = - (1/31)cos(31x)

∫ x^7 sin(31x) dx = x^7 * (-1/31)cos(31x) - ∫ (-1/31)cos(31x) * 7x^6 dx
= - (1/31)x^7 cos(31x) + (7/31) ∫ x^6 cos(31x) dx

Substituting back:

∫ x^9 sin(31x) dx = - (1/31)x^9 cos(31x) + (9/31^2)x^8 sin(31x) - (72/31^2) * [ - (1/31)x^7 cos(31x) + (7/31) ∫ x^6 cos(31x) dx ]
= - (1/31)x^9 cos(31x) + (9/31^2)x^8 sin(31x) + (72/31^3)x^7 cos(31x) - (504/31^3) ∫ x^6 cos(31x) dx

**Step 4:**

Let u = x^6 and dv = cos(31x) dx.

*   u = x^6 => du = 6x^5 dx
*   dv = cos(31x) dx => v = (1/31)sin(31x)

∫ x^6 cos(31x) dx = x^6 * (1/31)sin(31x) - ∫ (1/31)sin(31x) * 6x^5 dx
= (1/31)x^6 sin(31x) - (6/31) ∫ x^5 sin(31x) dx

Substituting back:

∫ x^9 sin(31x) dx = - (1/31)x^9 cos(31x) + (9/31^2)x^8 sin(31x) + (72/31^3)x^7 cos(31x) - (504/31^3) * [ (1/31)x^6 sin(31x) - (6/31) ∫ x^5 sin(31x) dx ]
= - (1/31)x^9 cos(31x) + (9/31^2)x^8 sin(31x) + (72/31^3)x^7 cos(31x) - (504/31^4)x^6 sin(31x) + (3024/31^4) ∫ x^5 sin(31x) dx

Continuing this pattern for 6 more steps, we will eventually get to:

**Step 10:**

∫ x^1 sin(31x) dx = x * (-1/31)cos(31x) - ∫ (-1/31)cos(31x) dx
= - (1/31)x cos(31x) + (1/31) ∫ cos(31x) dx
= - (1/31)x cos(31x) + (1/31^2)sin(31x)

Putting it all together (and noting the alternating signs and the increasing powers of 31 in the denominators):

∫ x^9 sin(31x) dx = - (1/31)x^9 cos(31x) + (9/31^2)x^8 sin(31x) + (72/31^3)x^7 cos(31x) - (504/31^4)x^6 sin(31x) + (3024/31^5)x^5 cos(31x) - (18144/31^6)x^4 sin(31x) + (108864/31^7)x^3 cos(31x) - (653184/31^8)x^2 sin(31x) + (3919104/31^9)x cos(31x) - (23514624/31^10)sin(31x) + C

Therefore,

\boxed{- \frac{x^9 \cos(31x)}{31} + \frac{9 x^8 \sin(31x)}{31^2} + \frac{72 x^7 \cos(31x)}{31^3} - \frac{504 x^6 \sin(31x)}{31^4} + \frac{3024 x^5 \cos(31x)}{31^5} - \frac{18144 x^4 \sin(31x)}{31^6} + \frac{108864 x^3 \cos(31x)}{31^7} - \frac{653184 x^2 \sin(31x)}{31^8} + \frac{3919104 x \cos(31x)}{31^9} - \frac{23514624 \sin(31x)}{31^{10}} + C}",- (504/31^4)x^6 sin(31x) [+] (3024/31^4) ∫ x^5 sin(3,359,S1_exact
ibp_n7_022,Gemma-3,integration_by_parts,level_n7,Product_Sign_Error,IBP_v_formula,failure,(51731603999640625*x**7*sin(11*x) - 33473390823296875*x**7*cos(11*x) - 8728316542837500*x**6*sin(11*x) + 19430895160840625*x**6*cos(11*x) - 956465349380625*x**5*sin(11*x) - 6239073654226875*x**5*cos(11*x) + 1035240501658125*x**4*sin(11*x) + 1165160161935000*x**4*cos(11*x) - 296740003019250*x**3*sin(11*x) - 82147094972250*x**3*cos(11*x) + 43523400702600*x**2*sin(11*x) - 13665654283050*x**2*cos(11*x) - 2875978608930*x*sin(11*x) + 3468651368490*x*cos(11*x) + 26186515362*sin(11*x) - 220982531616*cos(11*x))*exp(17*x)/1247644567050156250,+,-,7132,"<start_of_turn>user
Evaluate the integral
\[
\int x^{7} e^{17x} \sin(11x) \, dx
\]
using integration by parts (8 sequential applications of $\int u\,dv = uv - \int v\,du$). Write each step explicitly as:
\[
\text{Step }k:\quad\int[\cdots]\,dx \;=\; [u \cdot v] \;-\; \int[\cdots]\,dx
\]

Finally, write your final simplified answer inside \boxed{}:
\[\boxed{\text{your answer here}}\]<end_of_turn>
<start_of_turn>model

thought
To evaluate the integral $I = \int x^7 e^{17x} \sin(11x) \, dx$, we use the method of integration by parts repeatedly. Let $u = x^7$ and $dv = e^{17x} \sin(11x) \, dx$.

First, we find $v = \int e^{17x} \sin(11x) \, dx$. Using the formula $\int e^{ax} \sin(bx) \, dx = \frac{e^{ax}}{a^2+b^2}(a \sin bx - b \cos bx)$, with $a=17, b=11, a^2+b^2=410$:
$v = \frac{e^{17x}}{410}(17 \sin(11x) - 11 \cos(11x))$.

Step 1: $\int x^7 e^{17x} \sin(11x) \, dx = \frac{x^7 e^{17x}}{410}(17 \sin(11x) - 11 \cos(11x)) - \int \frac{7x^6 e^{17x}}{410}(17 \sin(11x) - 11 \cos(11x)) \, dx$

Step 2: $\int \frac{7x^6 e^{17x}}{410}(17 \sin(11x) - 11 \cos(11x)) \, dx = \frac{7x^6 e^{17x}}{410^2}(17(17\sin 11x - 11\cos 11x) - 11(17\cos 11x + 11\sin 11x)) - \int \frac{42x^5 e^{17x}}{410^2}(17 \sin(11x) - 11 \cos(11x)) \, dx$
Simplifying the $uv$ term: $17^2\sin 11x - 187\cos 11x - 187\cos 11x - 11^2\sin 11x = (289-121)\sin 11x - 374\cos 11x = 168\sin 11x - 374\cos 11x$.
Step 2: $\int \frac{7x^6 e^{17x}}{410}(17 \sin(11x) - 11 \cos(11x)) \, dx = \frac{7x^6 e^{17x}}{410^2}(168 \sin(11x) - 374 \cos(11x)) - \int \frac{42x^5 e^{17x}}{410^2}(168 \sin(11x) - 374 \cos(11x)) \, dx$ (Wait, the $v$ for the second step is the integral of the previous $v \cdot du$ part. Let's refine the $u, dv$ choice to $u=x^n$ and $dv = e^{17x} \sin(11x)$ consistently).

Let $f(x) = e^{17x} \sin(11x)$ and $g(x) = e^{17x} \cos(11x)$.
$\int f(x) dx = \frac{1}{410}(17f(x) - 11g(x))$
$\int g(x) dx = \frac{1}{410}(11f(x) + 17g(x))$

Step 1: $\int x^7 e^{17x} \sin(11x) \, dx = \frac{x^7 e^{17x}}{410}(17 \sin(11x) - 11 \cos(11x)) - \int \frac{7x^6 e^{17x}}{410}(17 \sin(11x) - 11 \cos(11x)) \, dx$

Step 2: $\int \frac{7x^6 e^{17x}}{410}(17 \sin(11x) - 11 \cos(11x)) \, dx = \frac{7x^6 e^{17x}}{410^2}(168 \sin(11x) - 374 \cos(11x)) - \int \frac{42x^5 e^{17x}}{410^2}(168 \sin(11x) - 374 \cos(11x)) \, dx$

Step 3: $\int \frac{42x^5 e^{17x}}{410^2}(168 \sin(11x) - 374 \cos(11x)) \, dx = \frac{42x^5 e^{17x}}{410^3}(168(17\sin 11x - 11\cos 11x) - 374(11\sin 11x + 17\cos 11x)) - \int \frac{210x^4 e^{17x}}{410^3}(168 \sin(11x) - 374 \cos(11x)) \, dx$
Coefficient of $\sin$: $168(17) - 374(11) = 2856 - 4114 = -1258$.
Coefficient of $\cos$: $-168(11) - 374(17) = -1848 - 6358 = -8206$.
Step 3: $\int \frac{42x^5 e^{17x}}{410^2}(168 \sin(11x) - 374 \cos(11x)) \, dx = \frac{42x^5 e^{17x}}{410^3}(-1258 \sin(11x) - 8206 \cos(11x)) - \int \frac{210x^4 e^{17x}}{410^3}(-1258 \sin(11x) - 8206 \cos(11x)) \, dx$

Step 4: $\int \frac{210x^4 e^{17x}}{410^3}(-1258 \sin(11x) - 8206 \cos(11x)) \, dx = \frac{210x^4 e^{17x}}{410^4}(-1258(17\sin 11x - 11\cos 11x) - 8206(11\sin 11x + 17\cos 11x)) - \int \frac{840x^3 e^{17x}}{410^4}(-1258 \sin(11x) - 8206 \cos(11x)) \, dx$
Coefficient of $\sin$: $-1258(17) - 8206(11) = -21386 - 90266 = -111652$.
Coefficient of $\cos$: $-1258(-11) - 8206(17) = 13838 - 139502 = -125664$.
Step 4: $\int \frac{210x^4 e^{17x}}{410^3}(-1258 \sin(11x) - 8206 \cos(11x)) \, dx = \frac{210x^4 e^{17x}}{410^4}(-111652 \sin(11x) - 125664 \cos(11x)) - \int \frac{840x^3 e^{17x}}{410^4}(-111652 \sin(11x) - 125664 \cos(11x)) \, dx$

Step 5: $\int \frac{840x^3 e^{17x}}{410^4}(-111652 \sin(11x) - 125664 \cos(11x)) \, dx = \frac{840x^3 e^{17x}}{410^5}(-111652(17\sin 11x - 11\cos 11x) - 125664(11\sin 11x + 17\cos 11x)) - \int \frac{2520x^2 e^{17x}}{410^5}(-111652 \sin(11x) - 125664 \cos(11x)) \, dx$
Coefficient of $\sin$: $-111652(17) - 125664(11) = -1898084 - 1382304 = -3280388$.
Coefficient of $\cos$: $-111652(-11) - 125664(17) = 1228172 - 2136288 = -908116$.
Step 5: $\int \frac{840x^3 e^{17x}}{410^4}(-111652 \sin(11x) - 125664 \cos(11x)) \, dx = \frac{840x^3 e^{17x}}{410^5}(-3280388 \sin(11x) - 908116 \cos(11x)) - \int \frac{2520x^2 e^{17x}}{410^5}(-3280388 \sin(11x) - 908116 \cos(11x)) \, dx$

Step 6: $\int \frac{2520x^2 e^{17x}}{410^5}(-3280388 \sin(11x) - 908116 \cos(11x)) \, dx = \frac{2520x^2 e^{17x}}{410^6}(-3280388(17\sin 11x - 11\cos 11x) - 908116(11\sin 11x + 17\cos 11x)) - \int \frac{5040x e^{17x}}{410^6}(-3280388 \sin(11x) - 908116 \cos(11x)) \, dx$
Coefficient of $\sin$: $-3280388(17) - 908116(11) = -55766596 - 9989276 = -65755872$.
Coefficient of $\cos$: $-3280388(-11) - 908116(17) = 36084268 - 15437972 = 20646296$.
Step 6: $\int \frac{2520x^2 e^{17x}}{410^5}(-3280388 \sin(11x) - 908116 \cos(11x)) \, dx = \frac{2520x^2 e^{17x}}{410^6}(-65755872 \sin(11x) + 20646296 \cos(11x)) - \int \frac{5040x e^{17x}}{410^6}(-65755872 \sin(11x) + 20646296 \cos(11x)) \, dx$

Step 7: $\int \frac{5040x e^{17x}}{410^6}(-65755872 \sin(11x) + 20646296 \cos(11x)) \, dx = \frac{5040x e^{17x}}{410^7}(-65755872(17\sin 11x - 11\cos 11x) + 20646296(11\sin 11x + 17\cos 11x)) - \int \frac{5040 e^{17x}}{410^7}(-65755872 \sin(11x) + 20646296 \cos(11x)) \, dx$
Coefficient of $\sin$: $-65755872(17) + 20646296(11) = -1117849824 + 227109256 = -890740568$.
Coefficient of $\cos$: $-65755872(-11) + 20646296(17) = 723314592 + 350987032 = 1074301624$.
Step 7: $\int \frac{5040x e^{17x}}{410^6}(-65755872 \sin(11x) + 20646296 \cos(11x)) \, dx = \frac{5040x e^{17x}}{410^7}(-890740568 \sin(11x) + 1074301624 \cos(11x)) - \int \frac{5040 e^{17x}}{410^7}(-890740568 \sin(11x) + 1074301624 \cos(11x)) \, dx$

Step 8: $\int \frac{5040 e^{17x}}{410^7}(-890740568 \sin(11x) + 1074301624 \cos(11x)) \, dx = \frac{5040 e^{17x}}{410^8}(-890740568(17\sin 11x - 11\cos 11x) + 1074301624(11\sin 11x + 17\cos 11x)) - 0$ (Wait, the integral is of $e^{ax}\sin bx$, so it's just the $uv$ term).
Coefficient of $\sin$: $-890740568(17) + 1074301624(11) = -15142589656 + 11817317864 = -3325271792$.
Coefficient of $\cos$: $-890740568(-11) + 1074301624(17) = 9798146248 + 18263127608 = 28061273856$.
Step 8: $\int \frac{5040 e^{17x}}{410^7}(-890740568 \sin(11x) + 1074301624 \cos(11x)) \, dx = \frac{5040 e^{17x}}{410^8}(-3325271792 \sin(11x) + 28061273856 \cos(11x))$

Combining all terms:
$I = \frac{x^7 e^{17x}}{410}(17 \sin 11x - 11 \cos 11x) - \frac{7x^6 e^{17x}}{410^2}(168 \sin 11x - 374 \cos 11x) + \frac{42x^5 e^{17x}}{410^3}(-1258 \sin 11x - 8206 \cos 11x) - \frac{210x^4 e^{17x}}{410^4}(-111652 \sin 11x - 125664 \cos 11x) + \frac{840x^3 e^{17x}}{410^5}(-3280388 \sin 11x - 908116 \cos 11x) - \frac{2520x^2 e^{17x}}{410^6}(-65755872 \sin 11x + 20646296 \cos 11x) + \frac{5040x e^{17x}}{410^7}(-890740568 \sin 11x + 1074301624 \cos 11x) - \frac{5040 e^{17x}}{410^8}(-3325271792 \sin 11x + 28061273856 \cos 11x)$

$\boxed{I = e^{17x} \left[ \left( \frac{17x^7}{410} - \frac{1176x^6}{410^2} - \frac{52836x^5}{410^3} + \frac{23446920x^4}{410^4} - \frac{2755525920x^3}{410^5} + \frac{165714798000x^2}{410^6} - \frac{4489332462720x}{410^7} + \frac{16759369831680}{410^8} \right) \sin(11x) + \left( -\frac{11x^7}{410} + \frac{2618x^6}{410^2} + \frac{344652x^5}{410^3} + \frac{26389296x^4}{410^4} - \frac{822817440x^3}{410^5} - \frac{52038650000x^2}{410^6} + \frac{5413480172160x}{410^7} - \frac{141428820234240}{410^8} \right) \cos(11x) \right]}$","
thought
To evaluate the integral $I = \int x^7 e^{17x} \sin(11x) \, dx$, we use the method of integration by parts repeatedly. Let $u = x^7$ and $dv = e^{17x} \sin(11x) \, dx$.

First, we find $v = \int e^{17x} \sin(11x) \, dx$. Using the formula $\int e^{ax} \sin(bx) \, dx = \frac{e^{ax}}{a^2+b^2}(a \sin bx - b \cos bx)$, with $a=17, b=11, a^2+b^2=410$:
$v = \frac{e^{17x}}{410}(17 \sin(11x) - 11 \cos(11x))$.

Step 1: $\int x^7 e^{17x} \sin(11x) \, dx = \frac{x^7 e^{17x}}{410}(17 \sin(11x) - 11 \cos(11x)) - \int \frac{7x^6 e^{17x}}{410}(17 \sin(11x) - 11 \cos(11x)) \, dx$

Step 2: $\int \frac{7x^6 e^{17x}}{410}(17 \sin(11x) - 11 \cos(11x)) \, dx = \frac{7x^6 e^{17x}}{410^2}(17(17\sin 11x - 11\cos 11x) - 11(17\cos 11x + 11\sin 11x)) - \int \frac{42x^5 e^{17x}}{410^2}(17 \sin(11x) - 11 \cos(11x)) \, dx$
Simplifying the $uv$ term: $17^2\sin 11x - 187\cos 11x - 187\cos 11x - 11^2\sin 11x = (289-121)\sin 11x - 374\cos 11x = 168\sin 11x - 374\cos 11x$.
Step 2: $\int \frac{7x^6 e^{17x}}{410}(17 \sin(11x) - 11 \cos(11x)) \, dx = \frac{7x^6 e^{17x}}{410^2}(168 \sin(11x) - 374 \cos(11x)) - \int \frac{42x^5 e^{17x}}{410^2}(168 \sin(11x) - 374 \cos(11x)) \, dx$ (Wait, the $v$ for the second step is the integral of the previous $v \cdot du$ part. Let's refine the $u, dv$ choice to $u=x^n$ and $dv = e^{17x} \sin(11x)$ consistently).

Let $f(x) = e^{17x} \sin(11x)$ and $g(x) = e^{17x} \cos(11x)$.
$\int f(x) dx = \frac{1}{410}(17f(x) - 11g(x))$
$\int g(x) dx = \frac{1}{410}(11f(x) + 17g(x))$

Step 1: $\int x^7 e^{17x} \sin(11x) \, dx = \frac{x^7 e^{17x}}{410}(17 \sin(11x) - 11 \cos(11x)) - \int \frac{7x^6 e^{17x}}{410}(17 \sin(11x) - 11 \cos(11x)) \, dx$

Step 2: $\int \frac{7x^6 e^{17x}}{410}(17 \sin(11x) - 11 \cos(11x)) \, dx = \frac{7x^6 e^{17x}}{410^2}(168 \sin(11x) - 374 \cos(11x)) - \int \frac{42x^5 e^{17x}}{410^2}(168 \sin(11x) - 374 \cos(11x)) \, dx$

Step 3: $\int \frac{42x^5 e^{17x}}{410^2}(168 \sin(11x) - 374 \cos(11x)) \, dx = \frac{42x^5 e^{17x}}{410^3}(168(17\sin 11x - 11\cos 11x) - 374(11\sin 11x + 17\cos 11x)) - \int \frac{210x^4 e^{17x}}{410^3}(168 \sin(11x) - 374 \cos(11x)) \, dx$
Coefficient of $\sin$: $168(17) - 374(11) = 2856 - 4114 = -1258$.
Coefficient of $\cos$: $-168(11) - 374(17) = -1848 - 6358 = -8206$.
Step 3: $\int \frac{42x^5 e^{17x}}{410^2}(168 \sin(11x) - 374 \cos(11x)) \, dx = \frac{42x^5 e^{17x}}{410^3}(-1258 \sin(11x) - 8206 \cos(11x)) - \int \frac{210x^4 e^{17x}}{410^3}(-1258 \sin(11x) - 8206 \cos(11x)) \, dx$

Step 4: $\int \frac{210x^4 e^{17x}}{410^3}(-1258 \sin(11x) - 8206 \cos(11x)) \, dx = \frac{210x^4 e^{17x}}{410^4}(-1258(17\sin 11x - 11\cos 11x) - 8206(11\sin 11x + 17\cos 11x)) - \int \frac{840x^3 e^{17x}}{410^4}(-1258 \sin(11x) - 8206 \cos(11x)) \, dx$
Coefficient of $\sin$: $-1258(17) - 8206(11) = -21386 - 90266 = -111652$.
Coefficient of $\cos$: $-1258(-11) - 8206(17) = 13838 - 139502 = -125664$.
Step 4: $\int \frac{210x^4 e^{17x}}{410^3}(-1258 \sin(11x) - 8206 \cos(11x)) \, dx = \frac{210x^4 e^{17x}}{410^4}(-111652 \sin(11x) - 125664 \cos(11x)) - \int \frac{840x^3 e^{17x}}{410^4}(-111652 \sin(11x) - 125664 \cos(11x)) \, dx$

Step 5: $\int \frac{840x^3 e^{17x}}{410^4}(-111652 \sin(11x) - 125664 \cos(11x)) \, dx = \frac{840x^3 e^{17x}}{410^5}(-111652(17\sin 11x - 11\cos 11x) - 125664(11\sin 11x + 17\cos 11x)) - \int \frac{2520x^2 e^{17x}}{410^5}(-111652 \sin(11x) - 125664 \cos(11x)) \, dx$
Coefficient of $\sin$: $-111652(17) - 125664(11) = -1898084 - 1382304 = -3280388$.
Coefficient of $\cos$: $-111652(-11) - 125664(17) = 1228172 - 2136288 = -908116$.
Step 5: $\int \frac{840x^3 e^{17x}}{410^4}(-111652 \sin(11x) - 125664 \cos(11x)) \, dx = \frac{840x^3 e^{17x}}{410^5}(-3280388 \sin(11x) - 908116 \cos(11x)) - \int \frac{2520x^2 e^{17x}}{410^5}(-3280388 \sin(11x) - 908116 \cos(11x)) \, dx$

Step 6: $\int \frac{2520x^2 e^{17x}}{410^5}(-3280388 \sin(11x) - 908116 \cos(11x)) \, dx = \frac{2520x^2 e^{17x}}{410^6}(-3280388(17\sin 11x - 11\cos 11x) - 908116(11\sin 11x + 17\cos 11x)) - \int \frac{5040x e^{17x}}{410^6}(-3280388 \sin(11x) - 908116 \cos(11x)) \, dx$
Coefficient of $\sin$: $-3280388(17) - 908116(11) = -55766596 - 9989276 = -65755872$.
Coefficient of $\cos$: $-3280388(-11) - 908116(17) = 36084268 - 15437972 = 20646296$.
Step 6: $\int \frac{2520x^2 e^{17x}}{410^5}(-3280388 \sin(11x) - 908116 \cos(11x)) \, dx = \frac{2520x^2 e^{17x}}{410^6}(-65755872 \sin(11x) + 20646296 \cos(11x)) - \int \frac{5040x e^{17x}}{410^6}(-65755872 \sin(11x) + 20646296 \cos(11x)) \, dx$

Step 7: $\int \frac{5040x e^{17x}}{410^6}(-65755872 \sin(11x) + 20646296 \cos(11x)) \, dx = \frac{5040x e^{17x}}{410^7}(-65755872(17\sin 11x - 11\cos 11x) + 20646296(11\sin 11x + 17\cos 11x)) - \int \frac{5040 e^{17x}}{410^7}(-65755872 \sin(11x) + 20646296 \cos(11x)) \, dx$
Coefficient of $\sin$: $-65755872(17) + 20646296(11) = -1117849824 + 227109256 = -890740568$.
Coefficient of $\cos$: $-65755872(-11) + 20646296(17) = 723314592 + 350987032 = 1074301624$.
Step 7: $\int \frac{5040x e^{17x}}{410^6}(-65755872 \sin(11x) + 20646296 \cos(11x)) \, dx = \frac{5040x e^{17x}}{410^7}(-890740568 \sin(11x) + 1074301624 \cos(11x)) - \int \frac{5040 e^{17x}}{410^7}(-890740568 \sin(11x) + 1074301624 \cos(11x)) \, dx$

Step 8: $\int \frac{5040 e^{17x}}{410^7}(-890740568 \sin(11x) + 1074301624 \cos(11x)) \, dx = \frac{5040 e^{17x}}{410^8}(-890740568(17\sin 11x - 11\cos 11x) + 1074301624(11\sin 11x + 17\cos 11x)) - 0$ (Wait, the integral is of $e^{ax}\sin bx$, so it's just the $uv$ term).
Coefficient of $\sin$: $-890740568(17) + 1074301624(11) = -15142589656 + 11817317864 = -3325271792$.
Coefficient of $\cos$: $-890740568(-11) + 1074301624(17) = 9798146248 + 18263127608 = 28061273856$.
Step 8: $\int \frac{5040 e^{17x}}{410^7}(-890740568 \sin(11x) + 1074301624 \cos(11x)) \, dx = \frac{5040 e^{17x}}{410^8}(-3325271792 \sin(11x) + 28061273856 \cos(11x))$

Combining all terms:
$I = \frac{x^7 e^{17x}}{410}(17 \sin 11x - 11 \cos 11x) - \frac{7x^6 e^{17x}}{410^2}(168 \sin 11x - 374 \cos 11x) + \frac{42x^5 e^{17x}}{410^3}(-1258 \sin 11x - 8206 \cos 11x) - \frac{210x^4 e^{17x}}{410^4}(-111652 \sin 11x - 125664 \cos 11x) + \frac{840x^3 e^{17x}}{410^5}(-3280388 \sin 11x - 908116 \cos 11x) - \frac{2520x^2 e^{17x}}{410^6}(-65755872 \sin 11x + 20646296 \cos 11x) + \frac{5040x e^{17x}}{410^7}(-890740568 \sin 11x + 1074301624 \cos 11x) - \frac{5040 e^{17x}}{410^8}(-3325271792 \sin 11x + 28061273856 \cos 11x)$

$\boxed{I = e^{17x} \left[ \left( \frac{17x^7}{410} - \frac{1176x^6}{410^2} - \frac{52836x^5}{410^3} + \frac{23446920x^4}{410^4} - \frac{2755525920x^3}{410^5} + \frac{165714798000x^2}{410^6} - \frac{4489332462720x}{410^7} + \frac{16759369831680}{410^8} \right) \sin(11x) + \left( -\frac{11x^7}{410} + \frac{2618x^6}{410^2} + \frac{344652x^5}{410^3} + \frac{26389296x^4}{410^4} - \frac{822817440x^3}{410^5} - \frac{52038650000x^2}{410^6} + \frac{5413480172160x}{410^7} - \frac{141428820234240}{410^8} \right) \cos(11x) \right]}$",+ \frac{2618x^6}{410^2} [+] \frac{344652x^5}{410^3},419,S1_exact|archive_workshop
ibp_pts_ext2_n10_001,Gemma-3,integration_by_parts,level_n10,Alternating_Drift,IBP_v_formula,failure,- \frac{x^{10} \cos{\left(19 x \right)}}{19} + \frac{10 x^{9} \sin{\left(19 x \right)}}{361} + \frac{90 x^{8} \cos{\left(19 x \right)}}{6859} - \frac{720 x^{7} \sin{\left(19 x \right)}}{130321} - \frac{5040 x^{6} \cos{\left(19 x \right)}}{2476099} + \frac{30240 x^{5} \sin{\left(19 x \right)}}{47045881} + \frac{151200 x^{4} \cos{\left(19 x \right)}}{893871739} - \frac{604800 x^{3} \sin{\left(19 x \right)}}{16983563041} - \frac{1814400 x^{2} \cos{\left(19 x \right)}}{322687697779} + \frac{3628800 x \sin{\left(19 x \right)}}{6131066257801} + \frac{3628800 \cos{\left(19 x \right)}}{116490258898219},+,-,2716,"<start_of_turn>user
Evaluate the integral
\[
\int x^{10} \sin(19x) \, dx
\]
using integration by parts.

Show all steps and put your final simplified antiderivative inside \boxed{}.<end_of_turn>
<start_of_turn>model
Okay, let's evaluate the integral ∫ x^10 * sin(19x) dx using integration by parts repeatedly.

**Integration by Parts Formula:** ∫ u dv = uv - ∫ v du

Let's define:
u = x^10, dv = sin(19x) dx
du = 10x^9 dx, v = - (1/19)cos(19x)

**Step 1:**

∫ x^10 * sin(19x) dx = x^10 * (-1/19)cos(19x) - ∫ (-1/19)cos(19x) * 10x^9 dx
= - (1/19)x^10 * cos(19x) + (10/19) ∫ x^9 * cos(19x) dx

**Step 2:**  Now, we need to integrate ∫ x^9 * cos(19x) dx.
u = x^9, dv = cos(19x) dx
du = 9x^8 dx, v = (1/19)sin(19x)

∫ x^9 * cos(19x) dx = x^9 * (1/19)sin(19x) - ∫ (1/19)sin(19x) * 9x^8 dx
= (1/19)x^9 * sin(19x) - (9/19) ∫ x^8 * sin(19x) dx

Substituting back into Step 1:

∫ x^10 * sin(19x) dx = - (1/19)x^10 * cos(19x) + (10/19) * [ (1/19)x^9 * sin(19x) - (9/19) ∫ x^8 * sin(19x) dx ]
= - (1/19)x^10 * cos(19x) + (10/361)x^9 * sin(19x) - (90/361) ∫ x^8 * sin(19x) dx

**Step 3:** Integrate ∫ x^8 * sin(19x) dx.
u = x^8, dv = sin(19x) dx
du = 8x^7 dx, v = - (1/19)cos(19x)

∫ x^8 * sin(19x) dx = x^8 * (-1/19)cos(19x) - ∫ (-1/19)cos(19x) * 8x^7 dx
= - (1/19)x^8 * cos(19x) + (8/19) ∫ x^7 * cos(19x) dx

Substituting back:

∫ x^10 * sin(19x) dx = - (1/19)x^10 * cos(19x) + (10/361)x^9 * sin(19x) - (90/361) * [ - (1/19)x^8 * cos(19x) + (8/19) ∫ x^7 * cos(19x) dx ]
= - (1/19)x^10 * cos(19x) + (10/361)x^9 * sin(19x) + (90/361*19)x^8 * cos(19x) - (720/361*19) ∫ x^7 * cos(19x) dx
= - (1/19)x^10 * cos(19x) + (10/361)x^9 * sin(19x) + (90/6859)x^8 * cos(19x) - (720/6859) ∫ x^7 * cos(19x) dx

We continue this process for 11 steps.  The general pattern is:

∫ x^n * sin(19x) dx = - (1/19)x^n * cos(19x) + (n/19) ∫ x^(n-1) * cos(19x) dx

and

∫ x^n * cos(19x) dx = (1/19)x^n * sin(19x) - (n/19) ∫ x^(n-1) * sin(19x) dx

After 11 steps, the integral will be of the form:

∫ x^10 * sin(19x) dx =  A*x^10*cos(19x) + B*x^9*sin(19x) + C*x^8*cos(19x) + D*x^7*sin(19x) + E*x^6*cos(19x) + F*x^5*sin(19x) + G*x^4*cos(19x) + H*x^3*sin(19x) + I*x^2*cos(19x) + J*x*sin(19x) + K*cos(19x)

Where A, B, C, ... K are constants.

Calculating the coefficients:

A = -1/19
B = 10/(19*19) = 10/361
C = 90/(19*19*19) = 90/6859
D = 720/(19*19*19*19) = 720/130321
E = 5040/(19^5) = 5040/2476099
F = 30240/(19^6) = 30240/47045881
G = 151200/(19^7) = 151200/893871759
H = 604800/(19^8) = 604800/16983563421
I = 1814400/(19^9) = 1814400/322687705000
J = 3628800/(19^10) = 3628800/6131067395000
K = 3628800/(19^11) = 3628800/116490280505000

Therefore,

∫ x^10 * sin(19x) dx = - (1/19)x^10 * cos(19x) + (10/361)x^9 * sin(19x) + (90/6859)x^8 * cos(19x) + (720/130321)x^7 * sin(19x) + (5040/2476099)x^6 * cos(19x) + (30240/47045881)x^5 * sin(19x) + (151200/893871759)x^4 * cos(19x) + (604800/16983563421)x^3 * sin(19x) + (1814400/322687705000)x^2 * cos(19x) + (3628800/6131067395000)x * sin(19x) + (3628800/116490280505000)cos(19x) + C

\boxed{- \frac{x^{10} \cos(19x)}{19} + \frac{10 x^9 \sin(19x)}{361} + \frac{90 x^8 \cos(19x)}{6859} + \frac{720 x^7 \sin(19x)}{130321} + \frac{5040 x^6 \cos(19x)}{2476099} + \frac{30240 x^5 \sin(19x)}{47045881} + \frac{151200 x^4 \cos(19x)}{893871759} + \frac{604800 x^3 \sin(19x)}{16983563421} + \frac{1814400 x^2 \cos(19x)}{322687705000} + \frac{3628800 x \sin(19x)}{6131067395000} + \frac{3628800 \cos(19x)}{116490280505000} + C}","Okay, let's evaluate the integral ∫ x^10 * sin(19x) dx using integration by parts repeatedly.

**Integration by Parts Formula:** ∫ u dv = uv - ∫ v du

Let's define:
u = x^10, dv = sin(19x) dx
du = 10x^9 dx, v = - (1/19)cos(19x)

**Step 1:**

∫ x^10 * sin(19x) dx = x^10 * (-1/19)cos(19x) - ∫ (-1/19)cos(19x) * 10x^9 dx
= - (1/19)x^10 * cos(19x) + (10/19) ∫ x^9 * cos(19x) dx

**Step 2:**  Now, we need to integrate ∫ x^9 * cos(19x) dx.
u = x^9, dv = cos(19x) dx
du = 9x^8 dx, v = (1/19)sin(19x)

∫ x^9 * cos(19x) dx = x^9 * (1/19)sin(19x) - ∫ (1/19)sin(19x) * 9x^8 dx
= (1/19)x^9 * sin(19x) - (9/19) ∫ x^8 * sin(19x) dx

Substituting back into Step 1:

∫ x^10 * sin(19x) dx = - (1/19)x^10 * cos(19x) + (10/19) * [ (1/19)x^9 * sin(19x) - (9/19) ∫ x^8 * sin(19x) dx ]
= - (1/19)x^10 * cos(19x) + (10/361)x^9 * sin(19x) - (90/361) ∫ x^8 * sin(19x) dx

**Step 3:** Integrate ∫ x^8 * sin(19x) dx.
u = x^8, dv = sin(19x) dx
du = 8x^7 dx, v = - (1/19)cos(19x)

∫ x^8 * sin(19x) dx = x^8 * (-1/19)cos(19x) - ∫ (-1/19)cos(19x) * 8x^7 dx
= - (1/19)x^8 * cos(19x) + (8/19) ∫ x^7 * cos(19x) dx

Substituting back:

∫ x^10 * sin(19x) dx = - (1/19)x^10 * cos(19x) + (10/361)x^9 * sin(19x) - (90/361) * [ - (1/19)x^8 * cos(19x) + (8/19) ∫ x^7 * cos(19x) dx ]
= - (1/19)x^10 * cos(19x) + (10/361)x^9 * sin(19x) + (90/361*19)x^8 * cos(19x) - (720/361*19) ∫ x^7 * cos(19x) dx
= - (1/19)x^10 * cos(19x) + (10/361)x^9 * sin(19x) + (90/6859)x^8 * cos(19x) - (720/6859) ∫ x^7 * cos(19x) dx

We continue this process for 11 steps.  The general pattern is:

∫ x^n * sin(19x) dx = - (1/19)x^n * cos(19x) + (n/19) ∫ x^(n-1) * cos(19x) dx

and

∫ x^n * cos(19x) dx = (1/19)x^n * sin(19x) - (n/19) ∫ x^(n-1) * sin(19x) dx

After 11 steps, the integral will be of the form:

∫ x^10 * sin(19x) dx =  A*x^10*cos(19x) + B*x^9*sin(19x) + C*x^8*cos(19x) + D*x^7*sin(19x) + E*x^6*cos(19x) + F*x^5*sin(19x) + G*x^4*cos(19x) + H*x^3*sin(19x) + I*x^2*cos(19x) + J*x*sin(19x) + K*cos(19x)

Where A, B, C, ... K are constants.

Calculating the coefficients:

A = -1/19
B = 10/(19*19) = 10/361
C = 90/(19*19*19) = 90/6859
D = 720/(19*19*19*19) = 720/130321
E = 5040/(19^5) = 5040/2476099
F = 30240/(19^6) = 30240/47045881
G = 151200/(19^7) = 151200/893871759
H = 604800/(19^8) = 604800/16983563421
I = 1814400/(19^9) = 1814400/322687705000
J = 3628800/(19^10) = 3628800/6131067395000
K = 3628800/(19^11) = 3628800/116490280505000

Therefore,

∫ x^10 * sin(19x) dx = - (1/19)x^10 * cos(19x) + (10/361)x^9 * sin(19x) + (90/6859)x^8 * cos(19x) + (720/130321)x^7 * sin(19x) + (5040/2476099)x^6 * cos(19x) + (30240/47045881)x^5 * sin(19x) + (151200/893871759)x^4 * cos(19x) + (604800/16983563421)x^3 * sin(19x) + (1814400/322687705000)x^2 * cos(19x) + (3628800/6131067395000)x * sin(19x) + (3628800/116490280505000)cos(19x) + C

\boxed{- \frac{x^{10} \cos(19x)}{19} + \frac{10 x^9 \sin(19x)}{361} + \frac{90 x^8 \cos(19x)}{6859} + \frac{720 x^7 \sin(19x)}{130321} + \frac{5040 x^6 \cos(19x)}{2476099} + \frac{30240 x^5 \sin(19x)}{47045881} + \frac{151200 x^4 \cos(19x)}{893871759} + \frac{604800 x^3 \sin(19x)}{16983563421} + \frac{1814400 x^2 \cos(19x)}{322687705000} + \frac{3628800 x \sin(19x)}{6131067395000} + \frac{3628800 \cos(19x)}{116490280505000} + C}",(90/6859)x^8 * cos(19x) [+] (720/130321)x^7 * sin(1,216,S3_exact|archive_workshop
ibp_pts_ext2_n11_001,Gemma-3,integration_by_parts,level_n11,Double_Negative_Trap,IBP_v_formula,failure,- \frac{x^{11} \cos{\left(19 x \right)}}{19} + \frac{11 x^{10} \sin{\left(19 x \right)}}{361} + \frac{110 x^{9} \cos{\left(19 x \right)}}{6859} - \frac{990 x^{8} \sin{\left(19 x \right)}}{130321} - \frac{7920 x^{7} \cos{\left(19 x \right)}}{2476099} + \frac{55440 x^{6} \sin{\left(19 x \right)}}{47045881} + \frac{332640 x^{5} \cos{\left(19 x \right)}}{893871739} - \frac{1663200 x^{4} \sin{\left(19 x \right)}}{16983563041} - \frac{6652800 x^{3} \cos{\left(19 x \right)}}{322687697779} + \frac{19958400 x^{2} \sin{\left(19 x \right)}}{6131066257801} + \frac{39916800 x \cos{\left(19 x \right)}}{116490258898219} - \frac{39916800 \sin{\left(19 x \right)}}{2213314919066161},-,+,1166,"<start_of_turn>user
Evaluate the integral
\[
\int x^{11} \sin(19x) \, dx
\]
using integration by parts.

Show all steps and put your final simplified antiderivative inside \boxed{}.<end_of_turn>
<start_of_turn>model
thought
To evaluate the integral $I = \int x^{11} \sin(19x) \, dx$, we use the method of integration by parts (IBP) repeatedly. The general formula for IBP is $\int u \, dv = uv - \int v \, du$.

For an integral of the form $\int x^n \sin(ax) \, dx$, the Tabular Method (a shortcut for sequential IBP) is the most efficient way to track the signs and derivatives.

### Step 1: Tabular Integration Setup
We create a table with three columns: the sign, the derivatives of $u = x^{11}$, and the integrals of $dv = \sin(19x) \, dx$.

| Sign | $u$ (Derivatives) | $dv$ (Integrals) |
| :--- | :--- | :--- |
| $+$ | $x^{11}$ | $\sin(19x)$ |
| $-$ | $11x^{10}$ | $-\frac{1}{19}\cos(19x)$ |
| $+$ | $110x^9$ | $-\frac{1}{19^2}\sin(19x)$ |
| $-$ | $990x^8$ | $\frac{1}{19^3}\cos(19x)$ |
| $+$ | $7920x^7$ | $\frac{1}{19^4}\sin(19x)$ |
| $-$ | $55440x^6$ | $-\frac{1}{19^5}\cos(19x)$ |
| $+$ | $332640x^5$ | $-\frac{1}{19^6}\sin(19x)$ |
| $-$ | $1663200x^4$ | $-\frac{1}{19^7}\cos(19x)$ |
| $+$ | $6652800x^3$ | $\frac{1}{19^8}\sin(19x)$ |
| $-$ | $19958400x^2$ | $\frac{1}{19^9}\cos(19x)$ |
| $+$ | $39916800x$ | $-\frac{1}{19^{10}}\sin(19x)$ |
| $-$ | $39916800$ | $-\frac{1}{19^{11}}\cos(19x)$ |
| $+$ | $0$ | $\frac{1}{19^{12}}\sin(19x)$ |

### Step 2: Summing the Terms
The integral is the sum of the products of the diagonals (Sign $\times$ Derivative $\times$ Integral):

$I = (x^{11})(-\frac{1}{19}\cos(19x)) - (11x^{10})(-\frac{1}{19^2}\sin(19x)) + (110x^9)(\frac{1}{19^3}\cos(19x)) - (990x^8)(\frac{1}{19^4}\sin(19x)) + (7920x^7)(-\frac{1}{19^5}\cos(19x)) - (55440x^6)(-\frac{1}{19^6}\sin(19x)) + (332640x^5)(-\frac{1}{19^7}\cos(19x)) - (1663200x^4)(-\frac{1}{19^8}\sin(19x)) + (6652800x^3)(\frac{1}{19^9}\cos(19x)) - (19958400x^2)(\frac{1}{19^{10}}\sin(19x)) + (39916800x)(-\frac{1}{19^{11}}\cos(19x)) - (39916800)(-\frac{1}{19^{12}}\sin(19x)) + C$

### Step 3: Grouping by Trigonometric Function
We group the terms containing $\cos(19x)$ and $\sin(19x)$:

**Cosine terms:**
$\cos(19x) \left[ -\frac{x^{11}}{19} + \frac{110x^9}{19^3} - \frac{7920x^7}{19^5} - \frac{332640x^5}{19^7} + \frac{6652800x^3}{19^9} - \frac{39916800x}{19^{11}} \right]$

**Sine terms:**
$\sin(19x) \left[ \frac{11x^{10}}{19^2} - \frac{990x^8}{19^4} + \frac{55440x^6}{19^6} + \frac{1663200x^4}{19^8} - \frac{19958400x^2}{19^{10}} + \frac{39916800}{19^{12}} \right]$

Combining these, we get the final antiderivative.

$\boxed{\cos(19x) \left( -\frac{x^{11}}{19} + \frac{110x^9}{19^3} - \frac{7920x^7}{19^5} - \frac{332640x^5}{19^7} + \frac{6652800x^3}{19^9} - \frac{39916800x}{19^{11}} \right) + \sin(19x) \left( \frac{11x^{10}}{19^2} - \frac{990x^8}{19^4} + \frac{55440x^6}{19^6} + \frac{1663200x^4}{19^8} - \frac{19958400x^2}{19^{10}} + \frac{39916800}{19^{12}} \right) + C}$","thought
To evaluate the integral $I = \int x^{11} \sin(19x) \, dx$, we use the method of integration by parts (IBP) repeatedly. The general formula for IBP is $\int u \, dv = uv - \int v \, du$.

For an integral of the form $\int x^n \sin(ax) \, dx$, the Tabular Method (a shortcut for sequential IBP) is the most efficient way to track the signs and derivatives.

### Step 1: Tabular Integration Setup
We create a table with three columns: the sign, the derivatives of $u = x^{11}$, and the integrals of $dv = \sin(19x) \, dx$.

| Sign | $u$ (Derivatives) | $dv$ (Integrals) |
| :--- | :--- | :--- |
| $+$ | $x^{11}$ | $\sin(19x)$ |
| $-$ | $11x^{10}$ | $-\frac{1}{19}\cos(19x)$ |
| $+$ | $110x^9$ | $-\frac{1}{19^2}\sin(19x)$ |
| $-$ | $990x^8$ | $\frac{1}{19^3}\cos(19x)$ |
| $+$ | $7920x^7$ | $\frac{1}{19^4}\sin(19x)$ |
| $-$ | $55440x^6$ | $-\frac{1}{19^5}\cos(19x)$ |
| $+$ | $332640x^5$ | $-\frac{1}{19^6}\sin(19x)$ |
| $-$ | $1663200x^4$ | $-\frac{1}{19^7}\cos(19x)$ |
| $+$ | $6652800x^3$ | $\frac{1}{19^8}\sin(19x)$ |
| $-$ | $19958400x^2$ | $\frac{1}{19^9}\cos(19x)$ |
| $+$ | $39916800x$ | $-\frac{1}{19^{10}}\sin(19x)$ |
| $-$ | $39916800$ | $-\frac{1}{19^{11}}\cos(19x)$ |
| $+$ | $0$ | $\frac{1}{19^{12}}\sin(19x)$ |

### Step 2: Summing the Terms
The integral is the sum of the products of the diagonals (Sign $\times$ Derivative $\times$ Integral):

$I = (x^{11})(-\frac{1}{19}\cos(19x)) - (11x^{10})(-\frac{1}{19^2}\sin(19x)) + (110x^9)(\frac{1}{19^3}\cos(19x)) - (990x^8)(\frac{1}{19^4}\sin(19x)) + (7920x^7)(-\frac{1}{19^5}\cos(19x)) - (55440x^6)(-\frac{1}{19^6}\sin(19x)) + (332640x^5)(-\frac{1}{19^7}\cos(19x)) - (1663200x^4)(-\frac{1}{19^8}\sin(19x)) + (6652800x^3)(\frac{1}{19^9}\cos(19x)) - (19958400x^2)(\frac{1}{19^{10}}\sin(19x)) + (39916800x)(-\frac{1}{19^{11}}\cos(19x)) - (39916800)(-\frac{1}{19^{12}}\sin(19x)) + C$

### Step 3: Grouping by Trigonometric Function
We group the terms containing $\cos(19x)$ and $\sin(19x)$:

**Cosine terms:**
$\cos(19x) \left[ -\frac{x^{11}}{19} + \frac{110x^9}{19^3} - \frac{7920x^7}{19^5} - \frac{332640x^5}{19^7} + \frac{6652800x^3}{19^9} - \frac{39916800x}{19^{11}} \right]$

**Sine terms:**
$\sin(19x) \left[ \frac{11x^{10}}{19^2} - \frac{990x^8}{19^4} + \frac{55440x^6}{19^6} + \frac{1663200x^4}{19^8} - \frac{19958400x^2}{19^{10}} + \frac{39916800}{19^{12}} \right]$

Combining these, we get the final antiderivative.

$\boxed{\cos(19x) \left( -\frac{x^{11}}{19} + \frac{110x^9}{19^3} - \frac{7920x^7}{19^5} - \frac{332640x^5}{19^7} + \frac{6652800x^3}{19^9} - \frac{39916800x}{19^{11}} \right) + \sin(19x) \left( \frac{11x^{10}}{19^2} - \frac{990x^8}{19^4} + \frac{55440x^6}{19^6} + \frac{1663200x^4}{19^8} - \frac{19958400x^2}{19^{10}} + \frac{39916800}{19^{12}} \right) + C}$","
| $-$ | $1663200x^4$ | $[-]\frac{1}{19^7}\cos(19x)$",216,S1_exact|archive_workshop
ibp_pts_ext2_n12_003,Gemma-3,integration_by_parts,level_n12,Silent_Sign_Flip,IBP_v_formula,failure,- \frac{x^{12} \cos{\left(29 x \right)}}{29} + \frac{12 x^{11} \sin{\left(29 x \right)}}{841} + \frac{132 x^{10} \cos{\left(29 x \right)}}{24389} - \frac{1320 x^{9} \sin{\left(29 x \right)}}{707281} - \frac{11880 x^{8} \cos{\left(29 x \right)}}{20511149} + \frac{95040 x^{7} \sin{\left(29 x \right)}}{594823321} + \frac{665280 x^{6} \cos{\left(29 x \right)}}{17249876309} - \frac{3991680 x^{5} \sin{\left(29 x \right)}}{500246412961} - \frac{19958400 x^{4} \cos{\left(29 x \right)}}{14507145975869} + \frac{79833600 x^{3} \sin{\left(29 x \right)}}{420707233300201} + \frac{239500800 x^{2} \cos{\left(29 x \right)}}{12200509765705829} - \frac{479001600 x \sin{\left(29 x \right)}}{353814783205469041} - \frac{479001600 \cos{\left(29 x \right)}}{10260628712958602189},+,-,1791,"<start_of_turn>user
Evaluate the integral
\[
\int x^{12} \sin(29x) \, dx
\]
using integration by parts.

Show all steps and put your final simplified antiderivative inside \boxed{}.<end_of_turn>
<start_of_turn>model
Okay, let's evaluate the integral ∫ x^12 sin(29x) dx using integration by parts repeatedly.

Let u = x^12 and dv = sin(29x) dx. Then du = 12x^11 dx and v = - (1/29) cos(29x).

∫ x^12 sin(29x) dx = - (1/29) x^12 cos(29x) - ∫ (-1/29) cos(29x) * 12x^11 dx
= - (1/29) x^12 cos(29x) + (12/29) ∫ x^11 cos(29x) dx

Now, let u = x^11 and dv = cos(29x) dx. Then du = 11x^10 dx and v = (1/29) sin(29x).

∫ x^11 cos(29x) dx = (1/29) x^11 sin(29x) - ∫ (1/29) sin(29x) * 11x^10 dx
= (1/29) x^11 sin(29x) - (11/29) ∫ x^10 sin(29x) dx

Substituting back:
∫ x^12 sin(29x) dx = - (1/29) x^12 cos(29x) + (12/29) * [ (1/29) x^11 sin(29x) - (11/29) ∫ x^10 sin(29x) dx ]
= - (1/29) x^12 cos(29x) + (12/29^2) x^11 sin(29x) - (132/29^2) ∫ x^10 sin(29x) dx

Continuing this pattern:

Let u = x^10 and dv = sin(29x) dx. Then du = 10x^9 dx and v = - (1/29) cos(29x).
∫ x^10 sin(29x) dx = - (1/29) x^10 cos(29x) + (10/29) ∫ x^9 cos(29x) dx

∫ x^12 sin(29x) dx = - (1/29) x^12 cos(29x) + (12/29^2) x^11 sin(29x) - (132/29^2) [ - (1/29) x^10 cos(29x) + (10/29) ∫ x^9 cos(29x) dx ]
= - (1/29) x^12 cos(29x) + (12/29^2) x^11 sin(29x) + (132/29^3) x^10 cos(29x) - (1320/29^3) ∫ x^9 cos(29x) dx

Let u = x^9 and dv = cos(29x) dx. Then du = 9x^8 dx and v = (1/29) sin(29x).
∫ x^9 cos(29x) dx = (1/29) x^9 sin(29x) - (9/29) ∫ x^8 sin(29x) dx

∫ x^12 sin(29x) dx = - (1/29) x^12 cos(29x) + (12/29^2) x^11 sin(29x) + (132/29^3) x^10 cos(29x) - (1320/29^3) [ (1/29) x^9 sin(29x) - (9/29) ∫ x^8 sin(29x) dx ]
= - (1/29) x^12 cos(29x) + (12/29^2) x^11 sin(29x) + (132/29^3) x^10 cos(29x) - (1320/29^4) x^9 sin(29x) + (11880/29^4) ∫ x^8 sin(29x) dx

We continue this process 13 times. The general form will be:

∫ x^12 sin(29x) dx =  Σ (-1)^n * (x^(12-n) * (differentiation of sin(29x) n times) ) / (29^(n+1)) + C

After 13 iterations, the integral becomes:

∫ x^12 sin(29x) dx = - (1/29) x^12 cos(29x) + (12/29^2) x^11 sin(29x) + (132/29^3) x^10 cos(29x) - (1320/29^4) x^9 sin(29x) + (11880/29^5) x^8 cos(29x) - (106920/29^6) x^7 sin(29x) + (962280/29^7) x^6 cos(29x) - (8660520/29^8) x^5 sin(29x) + (77944680/29^9) x^4 cos(29x) - (691502120/29^10) x^3 sin(29x) + (6195519080/29^11) x^2 cos(29x) - (55759671720/29^12) x sin(29x) + (501837045480/29^13) cos(29x) + C

Therefore,

\boxed{- \frac{x^{12} \cos(29x)}{29} + \frac{12 x^{11} \sin(29x)}{29^2} + \frac{132 x^{10} \cos(29x)}{29^3} - \frac{1320 x^9 \sin(29x)}{29^4} + \frac{11880 x^8 \cos(29x)}{29^5} - \frac{106920 x^7 \sin(29x)}{29^6} + \frac{962280 x^6 \cos(29x)}{29^7} - \frac{8660520 x^5 \sin(29x)}{29^8} + \frac{77944680 x^4 \cos(29x)}{29^9} - \frac{691502120 x^3 \sin(29x)}{29^{10}} + \frac{6195519080 x^2 \cos(29x)}{29^{11}} - \frac{55759671720 x \sin(29x)}{29^{12}} + \frac{501837045480 \cos(29x)}{29^{13}} + C}","Okay, let's evaluate the integral ∫ x^12 sin(29x) dx using integration by parts repeatedly.

Let u = x^12 and dv = sin(29x) dx. Then du = 12x^11 dx and v = - (1/29) cos(29x).

∫ x^12 sin(29x) dx = - (1/29) x^12 cos(29x) - ∫ (-1/29) cos(29x) * 12x^11 dx
= - (1/29) x^12 cos(29x) + (12/29) ∫ x^11 cos(29x) dx

Now, let u = x^11 and dv = cos(29x) dx. Then du = 11x^10 dx and v = (1/29) sin(29x).

∫ x^11 cos(29x) dx = (1/29) x^11 sin(29x) - ∫ (1/29) sin(29x) * 11x^10 dx
= (1/29) x^11 sin(29x) - (11/29) ∫ x^10 sin(29x) dx

Substituting back:
∫ x^12 sin(29x) dx = - (1/29) x^12 cos(29x) + (12/29) * [ (1/29) x^11 sin(29x) - (11/29) ∫ x^10 sin(29x) dx ]
= - (1/29) x^12 cos(29x) + (12/29^2) x^11 sin(29x) - (132/29^2) ∫ x^10 sin(29x) dx

Continuing this pattern:

Let u = x^10 and dv = sin(29x) dx. Then du = 10x^9 dx and v = - (1/29) cos(29x).
∫ x^10 sin(29x) dx = - (1/29) x^10 cos(29x) + (10/29) ∫ x^9 cos(29x) dx

∫ x^12 sin(29x) dx = - (1/29) x^12 cos(29x) + (12/29^2) x^11 sin(29x) - (132/29^2) [ - (1/29) x^10 cos(29x) + (10/29) ∫ x^9 cos(29x) dx ]
= - (1/29) x^12 cos(29x) + (12/29^2) x^11 sin(29x) + (132/29^3) x^10 cos(29x) - (1320/29^3) ∫ x^9 cos(29x) dx

Let u = x^9 and dv = cos(29x) dx. Then du = 9x^8 dx and v = (1/29) sin(29x).
∫ x^9 cos(29x) dx = (1/29) x^9 sin(29x) - (9/29) ∫ x^8 sin(29x) dx

∫ x^12 sin(29x) dx = - (1/29) x^12 cos(29x) + (12/29^2) x^11 sin(29x) + (132/29^3) x^10 cos(29x) - (1320/29^3) [ (1/29) x^9 sin(29x) - (9/29) ∫ x^8 sin(29x) dx ]
= - (1/29) x^12 cos(29x) + (12/29^2) x^11 sin(29x) + (132/29^3) x^10 cos(29x) - (1320/29^4) x^9 sin(29x) + (11880/29^4) ∫ x^8 sin(29x) dx

We continue this process 13 times. The general form will be:

∫ x^12 sin(29x) dx =  Σ (-1)^n * (x^(12-n) * (differentiation of sin(29x) n times) ) / (29^(n+1)) + C

After 13 iterations, the integral becomes:

∫ x^12 sin(29x) dx = - (1/29) x^12 cos(29x) + (12/29^2) x^11 sin(29x) + (132/29^3) x^10 cos(29x) - (1320/29^4) x^9 sin(29x) + (11880/29^5) x^8 cos(29x) - (106920/29^6) x^7 sin(29x) + (962280/29^7) x^6 cos(29x) - (8660520/29^8) x^5 sin(29x) + (77944680/29^9) x^4 cos(29x) - (691502120/29^10) x^3 sin(29x) + (6195519080/29^11) x^2 cos(29x) - (55759671720/29^12) x sin(29x) + (501837045480/29^13) cos(29x) + C

Therefore,

\boxed{- \frac{x^{12} \cos(29x)}{29} + \frac{12 x^{11} \sin(29x)}{29^2} + \frac{132 x^{10} \cos(29x)}{29^3} - \frac{1320 x^9 \sin(29x)}{29^4} + \frac{11880 x^8 \cos(29x)}{29^5} - \frac{106920 x^7 \sin(29x)}{29^6} + \frac{962280 x^6 \cos(29x)}{29^7} - \frac{8660520 x^5 \sin(29x)}{29^8} + \frac{77944680 x^4 \cos(29x)}{29^9} - \frac{691502120 x^3 \sin(29x)}{29^{10}} + \frac{6195519080 x^2 \cos(29x)}{29^{11}} - \frac{55759671720 x \sin(29x)}{29^{12}} + \frac{501837045480 \cos(29x)}{29^{13}} + C}",(1320/29^4) x^9 sin(29x) [+] (11880/29^4) ∫ x^8 sin(,216,S1_exact|archive_workshop
ibp_pts_ext2_n9_003,Gemma-3,integration_by_parts,level_n9,Silent_Sign_Flip,IBP_v_formula,failure,- \frac{x^{9} \cos{\left(29 x \right)}}{29} + \frac{9 x^{8} \sin{\left(29 x \right)}}{841} + \frac{72 x^{7} \cos{\left(29 x \right)}}{24389} - \frac{504 x^{6} \sin{\left(29 x \right)}}{707281} - \frac{3024 x^{5} \cos{\left(29 x \right)}}{20511149} + \frac{15120 x^{4} \sin{\left(29 x \right)}}{594823321} + \frac{60480 x^{3} \cos{\left(29 x \right)}}{17249876309} - \frac{181440 x^{2} \sin{\left(29 x \right)}}{500246412961} - \frac{362880 x \cos{\left(29 x \right)}}{14507145975869} + \frac{362880 \sin{\left(29 x \right)}}{420707233300201},+,-,2055,"<start_of_turn>user
Evaluate the integral
\[
\int x^{9} \sin(29x) \, dx
\]
using integration by parts.

Show all steps and put your final simplified antiderivative inside \boxed{}.<end_of_turn>
<start_of_turn>model

Okay, let's evaluate the integral ∫ x^9 * sin(29x) dx using integration by parts repeatedly.  We'll use the formula ∫ u dv = uv - ∫ v du.

Let u = x^9 and dv = sin(29x) dx.

**Step 1:**

*   u = x^9  => du = 9x^8 dx
*   dv = sin(29x) dx => v = - (1/29)cos(29x)

∫ x^9 sin(29x) dx = x^9 * (-1/29)cos(29x) - ∫ (-1/29)cos(29x) * 9x^8 dx
= - (1/29)x^9 cos(29x) + (9/29) ∫ x^8 cos(29x) dx

**Step 2:**

Let u = x^8 and dv = cos(29x) dx.

*   u = x^8 => du = 8x^7 dx
*   dv = cos(29x) dx => v = (1/29)sin(29x)

∫ x^8 cos(29x) dx = x^8 * (1/29)sin(29x) - ∫ (1/29)sin(29x) * 8x^7 dx
= (1/29)x^8 sin(29x) - (8/29) ∫ x^7 sin(29x) dx

Substituting back into Step 1:

∫ x^9 sin(29x) dx = - (1/29)x^9 cos(29x) + (9/29) * [ (1/29)x^8 sin(29x) - (8/29) ∫ x^7 sin(29x) dx ]
= - (1/29)x^9 cos(29x) + (9/29^2)x^8 sin(29x) - (72/29^2) ∫ x^7 sin(29x) dx

**Step 3:**

Let u = x^7 and dv = sin(29x) dx.

*   u = x^7 => du = 7x^6 dx
*   dv = sin(29x) dx => v = - (1/29)cos(29x)

∫ x^7 sin(29x) dx = x^7 * (-1/29)cos(29x) - ∫ (-1/29)cos(29x) * 7x^6 dx
= - (1/29)x^7 cos(29x) + (7/29) ∫ x^6 cos(29x) dx

Substituting back:

∫ x^9 sin(29x) dx = - (1/29)x^9 cos(29x) + (9/29^2)x^8 sin(29x) - (72/29^2) * [ - (1/29)x^7 cos(29x) + (7/29) ∫ x^6 cos(29x) dx ]
= - (1/29)x^9 cos(29x) + (9/29^2)x^8 sin(29x) + (72/29^3)x^7 cos(29x) - (504/29^3) ∫ x^6 cos(29x) dx

**Step 4:**

Let u = x^6 and dv = cos(29x) dx.

*   u = x^6 => du = 6x^5 dx
*   dv = cos(29x) dx => v = (1/29)sin(29x)

∫ x^6 cos(29x) dx = x^6 * (1/29)sin(29x) - ∫ (1/29)sin(29x) * 6x^5 dx
= (1/29)x^6 sin(29x) - (6/29) ∫ x^5 sin(29x) dx

Substituting back:

∫ x^9 sin(29x) dx = - (1/29)x^9 cos(29x) + (9/29^2)x^8 sin(29x) + (72/29^3)x^7 cos(29x) - (504/29^3) * [ (1/29)x^6 sin(29x) - (6/29) ∫ x^5 sin(29x) dx ]
= - (1/29)x^9 cos(29x) + (9/29^2)x^8 sin(29x) + (72/29^3)x^7 cos(29x) - (504/29^4)x^6 sin(29x) + (3024/29^4) ∫ x^5 sin(29x) dx

Continuing this pattern for 6 more steps, we will eventually arrive at:

∫ x^9 sin(29x) dx =  - (1/29)x^9 cos(29x) + (9/29^2)x^8 sin(29x) + (72/29^3)x^7 cos(29x) - (504/29^4)x^6 sin(29x) + (3024/29^5)x^5 cos(29x) - (18144/29^6)x^4 sin(29x) + (108864/29^7)x^3 cos(29x) - (653184/29^8)x^2 sin(29x) + (3919104/29^9)x cos(29x) - (22790576/29^10)sin(29x) + C

Therefore,

\boxed{- \frac{x^9 \cos(29x)}{29} + \frac{9 x^8 \sin(29x)}{29^2} + \frac{72 x^7 \cos(29x)}{29^3} - \frac{504 x^6 \sin(29x)}{29^4} + \frac{3024 x^5 \cos(29x)}{29^5} - \frac{18144 x^4 \sin(29x)}{29^6} + \frac{108864 x^3 \cos(29x)}{29^7} - \frac{653184 x^2 \sin(29x)}{29^8} + \frac{3919104 x \cos(29x)}{29^9} - \frac{22790576 \sin(29x)}{29^{10}} + C}","
Okay, let's evaluate the integral ∫ x^9 * sin(29x) dx using integration by parts repeatedly.  We'll use the formula ∫ u dv = uv - ∫ v du.

Let u = x^9 and dv = sin(29x) dx.

**Step 1:**

*   u = x^9  => du = 9x^8 dx
*   dv = sin(29x) dx => v = - (1/29)cos(29x)

∫ x^9 sin(29x) dx = x^9 * (-1/29)cos(29x) - ∫ (-1/29)cos(29x) * 9x^8 dx
= - (1/29)x^9 cos(29x) + (9/29) ∫ x^8 cos(29x) dx

**Step 2:**

Let u = x^8 and dv = cos(29x) dx.

*   u = x^8 => du = 8x^7 dx
*   dv = cos(29x) dx => v = (1/29)sin(29x)

∫ x^8 cos(29x) dx = x^8 * (1/29)sin(29x) - ∫ (1/29)sin(29x) * 8x^7 dx
= (1/29)x^8 sin(29x) - (8/29) ∫ x^7 sin(29x) dx

Substituting back into Step 1:

∫ x^9 sin(29x) dx = - (1/29)x^9 cos(29x) + (9/29) * [ (1/29)x^8 sin(29x) - (8/29) ∫ x^7 sin(29x) dx ]
= - (1/29)x^9 cos(29x) + (9/29^2)x^8 sin(29x) - (72/29^2) ∫ x^7 sin(29x) dx

**Step 3:**

Let u = x^7 and dv = sin(29x) dx.

*   u = x^7 => du = 7x^6 dx
*   dv = sin(29x) dx => v = - (1/29)cos(29x)

∫ x^7 sin(29x) dx = x^7 * (-1/29)cos(29x) - ∫ (-1/29)cos(29x) * 7x^6 dx
= - (1/29)x^7 cos(29x) + (7/29) ∫ x^6 cos(29x) dx

Substituting back:

∫ x^9 sin(29x) dx = - (1/29)x^9 cos(29x) + (9/29^2)x^8 sin(29x) - (72/29^2) * [ - (1/29)x^7 cos(29x) + (7/29) ∫ x^6 cos(29x) dx ]
= - (1/29)x^9 cos(29x) + (9/29^2)x^8 sin(29x) + (72/29^3)x^7 cos(29x) - (504/29^3) ∫ x^6 cos(29x) dx

**Step 4:**

Let u = x^6 and dv = cos(29x) dx.

*   u = x^6 => du = 6x^5 dx
*   dv = cos(29x) dx => v = (1/29)sin(29x)

∫ x^6 cos(29x) dx = x^6 * (1/29)sin(29x) - ∫ (1/29)sin(29x) * 6x^5 dx
= (1/29)x^6 sin(29x) - (6/29) ∫ x^5 sin(29x) dx

Substituting back:

∫ x^9 sin(29x) dx = - (1/29)x^9 cos(29x) + (9/29^2)x^8 sin(29x) + (72/29^3)x^7 cos(29x) - (504/29^3) * [ (1/29)x^6 sin(29x) - (6/29) ∫ x^5 sin(29x) dx ]
= - (1/29)x^9 cos(29x) + (9/29^2)x^8 sin(29x) + (72/29^3)x^7 cos(29x) - (504/29^4)x^6 sin(29x) + (3024/29^4) ∫ x^5 sin(29x) dx

Continuing this pattern for 6 more steps, we will eventually arrive at:

∫ x^9 sin(29x) dx =  - (1/29)x^9 cos(29x) + (9/29^2)x^8 sin(29x) + (72/29^3)x^7 cos(29x) - (504/29^4)x^6 sin(29x) + (3024/29^5)x^5 cos(29x) - (18144/29^6)x^4 sin(29x) + (108864/29^7)x^3 cos(29x) - (653184/29^8)x^2 sin(29x) + (3919104/29^9)x cos(29x) - (22790576/29^10)sin(29x) + C

Therefore,

\boxed{- \frac{x^9 \cos(29x)}{29} + \frac{9 x^8 \sin(29x)}{29^2} + \frac{72 x^7 \cos(29x)}{29^3} - \frac{504 x^6 \sin(29x)}{29^4} + \frac{3024 x^5 \cos(29x)}{29^5} - \frac{18144 x^4 \sin(29x)}{29^6} + \frac{108864 x^3 \cos(29x)}{29^7} - \frac{653184 x^2 \sin(29x)}{29^8} + \frac{3919104 x \cos(29x)}{29^9} - \frac{22790576 \sin(29x)}{29^{10}} + C}",- (504/29^4)x^6 sin(29x) [+] (3024/29^4) ∫ x^5 sin(2,215,S1_exact|archive_workshop
ibp_pts_ext2_n9_004,Gemma-3,integration_by_parts,level_n9,Silent_Sign_Flip,IBP_v_formula,failure,- \frac{x^{9} \cos{\left(31 x \right)}}{31} + \frac{9 x^{8} \sin{\left(31 x \right)}}{961} + \frac{72 x^{7} \cos{\left(31 x \right)}}{29791} - \frac{504 x^{6} \sin{\left(31 x \right)}}{923521} - \frac{3024 x^{5} \cos{\left(31 x \right)}}{28629151} + \frac{15120 x^{4} \sin{\left(31 x \right)}}{887503681} + \frac{60480 x^{3} \cos{\left(31 x \right)}}{27512614111} - \frac{181440 x^{2} \sin{\left(31 x \right)}}{852891037441} - \frac{362880 x \cos{\left(31 x \right)}}{26439622160671} + \frac{362880 \sin{\left(31 x \right)}}{819628286980801},+,-,2053,"<start_of_turn>user
Evaluate the integral
\[
\int x^{9} \sin(31x) \, dx
\]
using integration by parts.

Show all steps and put your final simplified antiderivative inside \boxed{}.<end_of_turn>
<start_of_turn>model

Okay, let's evaluate the integral ∫ x^9 sin(31x) dx using integration by parts repeatedly.  We'll use the formula ∫ u dv = uv - ∫ v du.

Let u = x^9 and dv = sin(31x) dx.

**Step 1:**

*   u = x^9  => du = 9x^8 dx
*   dv = sin(31x) dx => v = - (1/31)cos(31x)

∫ x^9 sin(31x) dx = x^9 * (-1/31)cos(31x) - ∫ (-1/31)cos(31x) * 9x^8 dx
= - (1/31)x^9 cos(31x) + (9/31) ∫ x^8 cos(31x) dx

**Step 2:**

Let u = x^8 and dv = cos(31x) dx.

*   u = x^8 => du = 8x^7 dx
*   dv = cos(31x) dx => v = (1/31)sin(31x)

∫ x^8 cos(31x) dx = x^8 * (1/31)sin(31x) - ∫ (1/31)sin(31x) * 8x^7 dx
= (1/31)x^8 sin(31x) - (8/31) ∫ x^7 sin(31x) dx

Substituting back into Step 1:

∫ x^9 sin(31x) dx = - (1/31)x^9 cos(31x) + (9/31) * [ (1/31)x^8 sin(31x) - (8/31) ∫ x^7 sin(31x) dx ]
= - (1/31)x^9 cos(31x) + (9/31^2)x^8 sin(31x) - (72/31^2) ∫ x^7 sin(31x) dx

**Step 3:**

Let u = x^7 and dv = sin(31x) dx.

*   u = x^7 => du = 7x^6 dx
*   dv = sin(31x) dx => v = - (1/31)cos(31x)

∫ x^7 sin(31x) dx = x^7 * (-1/31)cos(31x) - ∫ (-1/31)cos(31x) * 7x^6 dx
= - (1/31)x^7 cos(31x) + (7/31) ∫ x^6 cos(31x) dx

Substituting back:

∫ x^9 sin(31x) dx = - (1/31)x^9 cos(31x) + (9/31^2)x^8 sin(31x) - (72/31^2) * [ - (1/31)x^7 cos(31x) + (7/31) ∫ x^6 cos(31x) dx ]
= - (1/31)x^9 cos(31x) + (9/31^2)x^8 sin(31x) + (72/31^3)x^7 cos(31x) - (504/31^3) ∫ x^6 cos(31x) dx

**Step 4:**

Let u = x^6 and dv = cos(31x) dx.

*   u = x^6 => du = 6x^5 dx
*   dv = cos(31x) dx => v = (1/31)sin(31x)

∫ x^6 cos(31x) dx = x^6 * (1/31)sin(31x) - ∫ (1/31)sin(31x) * 6x^5 dx
= (1/31)x^6 sin(31x) - (6/31) ∫ x^5 sin(31x) dx

Substituting back:

∫ x^9 sin(31x) dx = - (1/31)x^9 cos(31x) + (9/31^2)x^8 sin(31x) + (72/31^3)x^7 cos(31x) - (504/31^3) * [ (1/31)x^6 sin(31x) - (6/31) ∫ x^5 sin(31x) dx ]
= - (1/31)x^9 cos(31x) + (9/31^2)x^8 sin(31x) + (72/31^3)x^7 cos(31x) - (504/31^4)x^6 sin(31x) + (3024/31^4) ∫ x^5 sin(31x) dx

Continuing this pattern for 6 more steps, we will eventually get to:

**Step 10:**

∫ x^1 sin(31x) dx = x * (-1/31)cos(31x) - ∫ (-1/31)cos(31x) dx
= - (1/31)x cos(31x) + (1/31) ∫ cos(31x) dx
= - (1/31)x cos(31x) + (1/31^2)sin(31x)

Putting it all together (and noting the alternating signs and the increasing powers of 31 in the denominators):

∫ x^9 sin(31x) dx = - (1/31)x^9 cos(31x) + (9/31^2)x^8 sin(31x) + (72/31^3)x^7 cos(31x) - (504/31^4)x^6 sin(31x) + (3024/31^5)x^5 cos(31x) - (18144/31^6)x^4 sin(31x) + (108864/31^7)x^3 cos(31x) - (653184/31^8)x^2 sin(31x) + (3919104/31^9)x cos(31x) - (23514624/31^10)sin(31x) + C

Therefore,

\boxed{- \frac{x^9 \cos(31x)}{31} + \frac{9 x^8 \sin(31x)}{31^2} + \frac{72 x^7 \cos(31x)}{31^3} - \frac{504 x^6 \sin(31x)}{31^4} + \frac{3024 x^5 \cos(31x)}{31^5} - \frac{18144 x^4 \sin(31x)}{31^6} + \frac{108864 x^3 \cos(31x)}{31^7} - \frac{653184 x^2 \sin(31x)}{31^8} + \frac{3919104 x \cos(31x)}{31^9} - \frac{23514624 \sin(31x)}{31^{10}} + C}","
Okay, let's evaluate the integral ∫ x^9 sin(31x) dx using integration by parts repeatedly.  We'll use the formula ∫ u dv = uv - ∫ v du.

Let u = x^9 and dv = sin(31x) dx.

**Step 1:**

*   u = x^9  => du = 9x^8 dx
*   dv = sin(31x) dx => v = - (1/31)cos(31x)

∫ x^9 sin(31x) dx = x^9 * (-1/31)cos(31x) - ∫ (-1/31)cos(31x) * 9x^8 dx
= - (1/31)x^9 cos(31x) + (9/31) ∫ x^8 cos(31x) dx

**Step 2:**

Let u = x^8 and dv = cos(31x) dx.

*   u = x^8 => du = 8x^7 dx
*   dv = cos(31x) dx => v = (1/31)sin(31x)

∫ x^8 cos(31x) dx = x^8 * (1/31)sin(31x) - ∫ (1/31)sin(31x) * 8x^7 dx
= (1/31)x^8 sin(31x) - (8/31) ∫ x^7 sin(31x) dx

Substituting back into Step 1:

∫ x^9 sin(31x) dx = - (1/31)x^9 cos(31x) + (9/31) * [ (1/31)x^8 sin(31x) - (8/31) ∫ x^7 sin(31x) dx ]
= - (1/31)x^9 cos(31x) + (9/31^2)x^8 sin(31x) - (72/31^2) ∫ x^7 sin(31x) dx

**Step 3:**

Let u = x^7 and dv = sin(31x) dx.

*   u = x^7 => du = 7x^6 dx
*   dv = sin(31x) dx => v = - (1/31)cos(31x)

∫ x^7 sin(31x) dx = x^7 * (-1/31)cos(31x) - ∫ (-1/31)cos(31x) * 7x^6 dx
= - (1/31)x^7 cos(31x) + (7/31) ∫ x^6 cos(31x) dx

Substituting back:

∫ x^9 sin(31x) dx = - (1/31)x^9 cos(31x) + (9/31^2)x^8 sin(31x) - (72/31^2) * [ - (1/31)x^7 cos(31x) + (7/31) ∫ x^6 cos(31x) dx ]
= - (1/31)x^9 cos(31x) + (9/31^2)x^8 sin(31x) + (72/31^3)x^7 cos(31x) - (504/31^3) ∫ x^6 cos(31x) dx

**Step 4:**

Let u = x^6 and dv = cos(31x) dx.

*   u = x^6 => du = 6x^5 dx
*   dv = cos(31x) dx => v = (1/31)sin(31x)

∫ x^6 cos(31x) dx = x^6 * (1/31)sin(31x) - ∫ (1/31)sin(31x) * 6x^5 dx
= (1/31)x^6 sin(31x) - (6/31) ∫ x^5 sin(31x) dx

Substituting back:

∫ x^9 sin(31x) dx = - (1/31)x^9 cos(31x) + (9/31^2)x^8 sin(31x) + (72/31^3)x^7 cos(31x) - (504/31^3) * [ (1/31)x^6 sin(31x) - (6/31) ∫ x^5 sin(31x) dx ]
= - (1/31)x^9 cos(31x) + (9/31^2)x^8 sin(31x) + (72/31^3)x^7 cos(31x) - (504/31^4)x^6 sin(31x) + (3024/31^4) ∫ x^5 sin(31x) dx

Continuing this pattern for 6 more steps, we will eventually get to:

**Step 10:**

∫ x^1 sin(31x) dx = x * (-1/31)cos(31x) - ∫ (-1/31)cos(31x) dx
= - (1/31)x cos(31x) + (1/31) ∫ cos(31x) dx
= - (1/31)x cos(31x) + (1/31^2)sin(31x)

Putting it all together (and noting the alternating signs and the increasing powers of 31 in the denominators):

∫ x^9 sin(31x) dx = - (1/31)x^9 cos(31x) + (9/31^2)x^8 sin(31x) + (72/31^3)x^7 cos(31x) - (504/31^4)x^6 sin(31x) + (3024/31^5)x^5 cos(31x) - (18144/31^6)x^4 sin(31x) + (108864/31^7)x^3 cos(31x) - (653184/31^8)x^2 sin(31x) + (3919104/31^9)x cos(31x) - (23514624/31^10)sin(31x) + C

Therefore,

\boxed{- \frac{x^9 \cos(31x)}{31} + \frac{9 x^8 \sin(31x)}{31^2} + \frac{72 x^7 \cos(31x)}{31^3} - \frac{504 x^6 \sin(31x)}{31^4} + \frac{3024 x^5 \cos(31x)}{31^5} - \frac{18144 x^4 \sin(31x)}{31^6} + \frac{108864 x^3 \cos(31x)}{31^7} - \frac{653184 x^2 \sin(31x)}{31^8} + \frac{3919104 x \cos(31x)}{31^9} - \frac{23514624 \sin(31x)}{31^{10}} + C}",- (504/31^4)x^6 sin(31x) [+] (3024/31^4) ∫ x^5 sin(3,215,S1_exact|archive_workshop
ibp_pts_ext_n10_001,Gemma-3,integration_by_parts,level_n10,Alternating_Drift,IBP_v_formula,failure,- x^{10} \cos{\left(x \right)} + 10 x^{9} \sin{\left(x \right)} + 90 x^{8} \cos{\left(x \right)} - 720 x^{7} \sin{\left(x \right)} - 5040 x^{6} \cos{\left(x \right)} + 30240 x^{5} \sin{\left(x \right)} + 151200 x^{4} \cos{\left(x \right)} - 604800 x^{3} \sin{\left(x \right)} - 1814400 x^{2} \cos{\left(x \right)} + 3628800 x \sin{\left(x \right)} + 3628800 \cos{\left(x \right)},-,+,4197,"<start_of_turn>user
Evaluate the integral
\[
\int x^{10} \sin(1x) \, dx
\]
using integration by parts.

Show all steps and put your final simplified antiderivative inside \boxed{}.<end_of_turn>
<start_of_turn>model

Okay, let's evaluate the integral ∫ x<sup>10</sup> sin(x) dx using integration by parts repeatedly.  We'll use the formula ∫ u dv = uv - ∫ v du.

Let u = x<sup>10</sup> and dv = sin(x) dx.
Then du = 10x<sup>9</sup> dx and v = -cos(x).

Step 1:
∫ x<sup>10</sup> sin(x) dx = -x<sup>10</sup>cos(x) - ∫ (-cos(x)) (10x<sup>9</sup>) dx
= -x<sup>10</sup>cos(x) + 10 ∫ x<sup>9</sup> cos(x) dx

Let u = x<sup>9</sup> and dv = cos(x) dx.
Then du = 9x<sup>8</sup> dx and v = sin(x).

Step 2:
∫ x<sup>9</sup> cos(x) dx = x<sup>9</sup>sin(x) - ∫ sin(x) (9x<sup>8</sup>) dx
= x<sup>9</sup>sin(x) - 9 ∫ x<sup>8</sup> sin(x) dx

Step 3:
Let u = x<sup>8</sup> and dv = sin(x) dx.
Then du = 8x<sup>7</sup> dx and v = -cos(x).
∫ x<sup>8</sup> sin(x) dx = -x<sup>8</sup>cos(x) - ∫ (-cos(x)) (8x<sup>7</sup>) dx
= -x<sup>8</sup>cos(x) + 8 ∫ x<sup>7</sup> cos(x) dx

Step 4:
Let u = x<sup>7</sup> and dv = cos(x) dx.
Then du = 7x<sup>6</sup> dx and v = sin(x).
∫ x<sup>7</sup> cos(x) dx = x<sup>7</sup>sin(x) - ∫ sin(x) (7x<sup>6</sup>) dx
= x<sup>7</sup>sin(x) - 7 ∫ x<sup>6</sup> sin(x) dx

Step 5:
Let u = x<sup>6</sup> and dv = sin(x) dx.
Then du = 6x<sup>5</sup> dx and v = -cos(x).
∫ x<sup>6</sup> sin(x) dx = -x<sup>6</sup>cos(x) - ∫ (-cos(x)) (6x<sup>5</sup>) dx
= -x<sup>6</sup>cos(x) + 6 ∫ x<sup>5</sup> cos(x) dx

Step 6:
Let u = x<sup>5</sup> and dv = cos(x) dx.
Then du = 5x<sup>4</sup> dx and v = sin(x).
∫ x<sup>5</sup> cos(x) dx = x<sup>5</sup>sin(x) - ∫ sin(x) (5x<sup>4</sup>) dx
= x<sup>5</sup>sin(x) - 5 ∫ x<sup>4</sup> sin(x) dx

Step 7:
Let u = x<sup>4</sup> and dv = sin(x) dx.
Then du = 4x<sup>3</sup> dx and v = -cos(x).
∫ x<sup>4</sup> sin(x) dx = -x<sup>4</sup>cos(x) - ∫ (-cos(x)) (4x<sup>3</sup>) dx
= -x<sup>4</sup>cos(x) + 4 ∫ x<sup>3</sup> cos(x) dx

Step 8:
Let u = x<sup>3</sup> and dv = cos(x) dx.
Then du = 3x<sup>2</sup> dx and v = sin(x).
∫ x<sup>3</sup> cos(x) dx = x<sup>3</sup>sin(x) - ∫ sin(x) (3x<sup>2</sup>) dx
= x<sup>3</sup>sin(x) - 3 ∫ x<sup>2</sup> sin(x) dx

Step 9:
Let u = x<sup>2</sup> and dv = sin(x) dx.
Then du = 2x dx and v = -cos(x).
∫ x<sup>2</sup> sin(x) dx = -x<sup>2</sup>cos(x) - ∫ (-cos(x)) (2x) dx
= -x<sup>2</sup>cos(x) + 2 ∫ x cos(x) dx

Step 10:
Let u = x and dv = cos(x) dx.
Then du = dx and v = sin(x).
∫ x cos(x) dx = x sin(x) - ∫ sin(x) dx
= x sin(x) + cos(x)

Step 11:
Now, substitute back up the chain:

∫ x<sup>10</sup> sin(x) dx = -x<sup>10</sup>cos(x) + 10 ∫ x<sup>9</sup> cos(x) dx
= -x<sup>10</sup>cos(x) + 10 [x<sup>9</sup>sin(x) - 9 ∫ x<sup>8</sup> sin(x) dx]
= -x<sup>10</sup>cos(x) + 10x<sup>9</sup>sin(x) - 90 ∫ x<sup>8</sup> sin(x) dx
= -x<sup>10</sup>cos(x) + 10x<sup>9</sup>sin(x) - 90 [-x<sup>8</sup>cos(x) + 8 ∫ x<sup>7</sup> cos(x) dx]
= -x<sup>10</sup>cos(x) + 10x<sup>9</sup>sin(x) + 90x<sup>8</sup>cos(x) - 720 ∫ x<sup>7</sup> cos(x) dx
= -x<sup>10</sup>cos(x) + 10x<sup>9</sup>sin(x) + 90x<sup>8</sup>cos(x) - 720 [x<sup>7</sup>sin(x) - 7 ∫ x<sup>6</sup> sin(x) dx]
= -x<sup>10</sup>cos(x) + 10x<sup>9</sup>sin(x) + 90x<sup>8</sup>cos(x) - 720x<sup>7</sup>sin(x) + 5040 ∫ x<sup>6</sup> sin(x) dx
= -x<sup>10</sup>cos(x) + 10x<sup>9</sup>sin(x) + 90x<sup>8</sup>cos(x) - 720x<sup>7</sup>sin(x) + 5040 [-x<sup>6</sup>cos(x) + 6 ∫ x<sup>5</sup> cos(x) dx]
= -x<sup>10</sup>cos(x) + 10x<sup>9</sup>sin(x) + 90x<sup>8</sup>cos(x) - 720x<sup>7</sup>sin(x) - 5040x<sup>6</sup>cos(x) + 30240 ∫ x<sup>5</sup> cos(x) dx
= -x<sup>10</sup>cos(x) + 10x<sup>9</sup>sin(x) + 90x<sup>8</sup>cos(x) - 720x<sup>7</sup>sin(x) - 5040x<sup>6</sup>cos(x) + 30240 [x<sup>5</sup>sin(x) - 5 ∫ x<sup>4</sup> sin(x) dx]
... (Continuing this pattern) ...
= -x<sup>10</sup>cos(x) + 10x<sup>9</sup>sin(x) + 90x<sup>8</sup>cos(x) - 720x<sup>7</sup>sin(x) - 5040x<sup>6</sup>cos(x) + 30240x<sup>5</sup>sin(x) - 151200x<sup>4</sup>cos(x) + 604800x<sup>3</sup>sin(x) - 1814400x<sup>2</sup>cos(x) + 3628800xsin(x) - 3628800cos(x) + C

Therefore,

\boxed{-x^{10}cos(x) + 10x^9sin(x) + 90x^8cos(x) - 720x^7sin(x) - 5040x^6cos(x) + 30240x^5sin(x) - 151200x^4cos(x) + 604800x^3sin(x) - 1814400x^2cos(x) + 3628800xsin(x) - 3628800cos(x) + C}","
Okay, let's evaluate the integral ∫ x<sup>10</sup> sin(x) dx using integration by parts repeatedly.  We'll use the formula ∫ u dv = uv - ∫ v du.

Let u = x<sup>10</sup> and dv = sin(x) dx.
Then du = 10x<sup>9</sup> dx and v = -cos(x).

Step 1:
∫ x<sup>10</sup> sin(x) dx = -x<sup>10</sup>cos(x) - ∫ (-cos(x)) (10x<sup>9</sup>) dx
= -x<sup>10</sup>cos(x) + 10 ∫ x<sup>9</sup> cos(x) dx

Let u = x<sup>9</sup> and dv = cos(x) dx.
Then du = 9x<sup>8</sup> dx and v = sin(x).

Step 2:
∫ x<sup>9</sup> cos(x) dx = x<sup>9</sup>sin(x) - ∫ sin(x) (9x<sup>8</sup>) dx
= x<sup>9</sup>sin(x) - 9 ∫ x<sup>8</sup> sin(x) dx

Step 3:
Let u = x<sup>8</sup> and dv = sin(x) dx.
Then du = 8x<sup>7</sup> dx and v = -cos(x).
∫ x<sup>8</sup> sin(x) dx = -x<sup>8</sup>cos(x) - ∫ (-cos(x)) (8x<sup>7</sup>) dx
= -x<sup>8</sup>cos(x) + 8 ∫ x<sup>7</sup> cos(x) dx

Step 4:
Let u = x<sup>7</sup> and dv = cos(x) dx.
Then du = 7x<sup>6</sup> dx and v = sin(x).
∫ x<sup>7</sup> cos(x) dx = x<sup>7</sup>sin(x) - ∫ sin(x) (7x<sup>6</sup>) dx
= x<sup>7</sup>sin(x) - 7 ∫ x<sup>6</sup> sin(x) dx

Step 5:
Let u = x<sup>6</sup> and dv = sin(x) dx.
Then du = 6x<sup>5</sup> dx and v = -cos(x).
∫ x<sup>6</sup> sin(x) dx = -x<sup>6</sup>cos(x) - ∫ (-cos(x)) (6x<sup>5</sup>) dx
= -x<sup>6</sup>cos(x) + 6 ∫ x<sup>5</sup> cos(x) dx

Step 6:
Let u = x<sup>5</sup> and dv = cos(x) dx.
Then du = 5x<sup>4</sup> dx and v = sin(x).
∫ x<sup>5</sup> cos(x) dx = x<sup>5</sup>sin(x) - ∫ sin(x) (5x<sup>4</sup>) dx
= x<sup>5</sup>sin(x) - 5 ∫ x<sup>4</sup> sin(x) dx

Step 7:
Let u = x<sup>4</sup> and dv = sin(x) dx.
Then du = 4x<sup>3</sup> dx and v = -cos(x).
∫ x<sup>4</sup> sin(x) dx = -x<sup>4</sup>cos(x) - ∫ (-cos(x)) (4x<sup>3</sup>) dx
= -x<sup>4</sup>cos(x) + 4 ∫ x<sup>3</sup> cos(x) dx

Step 8:
Let u = x<sup>3</sup> and dv = cos(x) dx.
Then du = 3x<sup>2</sup> dx and v = sin(x).
∫ x<sup>3</sup> cos(x) dx = x<sup>3</sup>sin(x) - ∫ sin(x) (3x<sup>2</sup>) dx
= x<sup>3</sup>sin(x) - 3 ∫ x<sup>2</sup> sin(x) dx

Step 9:
Let u = x<sup>2</sup> and dv = sin(x) dx.
Then du = 2x dx and v = -cos(x).
∫ x<sup>2</sup> sin(x) dx = -x<sup>2</sup>cos(x) - ∫ (-cos(x)) (2x) dx
= -x<sup>2</sup>cos(x) + 2 ∫ x cos(x) dx

Step 10:
Let u = x and dv = cos(x) dx.
Then du = dx and v = sin(x).
∫ x cos(x) dx = x sin(x) - ∫ sin(x) dx
= x sin(x) + cos(x)

Step 11:
Now, substitute back up the chain:

∫ x<sup>10</sup> sin(x) dx = -x<sup>10</sup>cos(x) + 10 ∫ x<sup>9</sup> cos(x) dx
= -x<sup>10</sup>cos(x) + 10 [x<sup>9</sup>sin(x) - 9 ∫ x<sup>8</sup> sin(x) dx]
= -x<sup>10</sup>cos(x) + 10x<sup>9</sup>sin(x) - 90 ∫ x<sup>8</sup> sin(x) dx
= -x<sup>10</sup>cos(x) + 10x<sup>9</sup>sin(x) - 90 [-x<sup>8</sup>cos(x) + 8 ∫ x<sup>7</sup> cos(x) dx]
= -x<sup>10</sup>cos(x) + 10x<sup>9</sup>sin(x) + 90x<sup>8</sup>cos(x) - 720 ∫ x<sup>7</sup> cos(x) dx
= -x<sup>10</sup>cos(x) + 10x<sup>9</sup>sin(x) + 90x<sup>8</sup>cos(x) - 720 [x<sup>7</sup>sin(x) - 7 ∫ x<sup>6</sup> sin(x) dx]
= -x<sup>10</sup>cos(x) + 10x<sup>9</sup>sin(x) + 90x<sup>8</sup>cos(x) - 720x<sup>7</sup>sin(x) + 5040 ∫ x<sup>6</sup> sin(x) dx
= -x<sup>10</sup>cos(x) + 10x<sup>9</sup>sin(x) + 90x<sup>8</sup>cos(x) - 720x<sup>7</sup>sin(x) + 5040 [-x<sup>6</sup>cos(x) + 6 ∫ x<sup>5</sup> cos(x) dx]
= -x<sup>10</sup>cos(x) + 10x<sup>9</sup>sin(x) + 90x<sup>8</sup>cos(x) - 720x<sup>7</sup>sin(x) - 5040x<sup>6</sup>cos(x) + 30240 ∫ x<sup>5</sup> cos(x) dx
= -x<sup>10</sup>cos(x) + 10x<sup>9</sup>sin(x) + 90x<sup>8</sup>cos(x) - 720x<sup>7</sup>sin(x) - 5040x<sup>6</sup>cos(x) + 30240 [x<sup>5</sup>sin(x) - 5 ∫ x<sup>4</sup> sin(x) dx]
... (Continuing this pattern) ...
= -x<sup>10</sup>cos(x) + 10x<sup>9</sup>sin(x) + 90x<sup>8</sup>cos(x) - 720x<sup>7</sup>sin(x) - 5040x<sup>6</sup>cos(x) + 30240x<sup>5</sup>sin(x) - 151200x<sup>4</sup>cos(x) + 604800x<sup>3</sup>sin(x) - 1814400x<sup>2</sup>cos(x) + 3628800xsin(x) - 3628800cos(x) + C

Therefore,

\boxed{-x^{10}cos(x) + 10x^9sin(x) + 90x^8cos(x) - 720x^7sin(x) - 5040x^6cos(x) + 30240x^5sin(x) - 151200x^4cos(x) + 604800x^3sin(x) - 1814400x^2cos(x) + 3628800xsin(x) - 3628800cos(x) + C}",6cos(x) + 30240x^5sin(x) [-] 151200x^4cos(x) + 60480,215,S5_fuzzy(0.80)|archive_workshop
ibp_pts_ext_n10_008,Gemma-3,integration_by_parts,level_n10,Double_Negative_Trap,IBP_v_formula,failure,- \frac{x^{10} \cos{\left(17 x \right)}}{17} + \frac{10 x^{9} \sin{\left(17 x \right)}}{289} + \frac{90 x^{8} \cos{\left(17 x \right)}}{4913} - \frac{720 x^{7} \sin{\left(17 x \right)}}{83521} - \frac{5040 x^{6} \cos{\left(17 x \right)}}{1419857} + \frac{30240 x^{5} \sin{\left(17 x \right)}}{24137569} + \frac{151200 x^{4} \cos{\left(17 x \right)}}{410338673} - \frac{604800 x^{3} \sin{\left(17 x \right)}}{6975757441} - \frac{1814400 x^{2} \cos{\left(17 x \right)}}{118587876497} + \frac{3628800 x \sin{\left(17 x \right)}}{2015993900449} + \frac{3628800 \cos{\left(17 x \right)}}{34271896307633},-,+,2873,"<start_of_turn>user
Evaluate the integral
\[
\int x^{10} \sin(17x) \, dx
\]
using integration by parts.

Show all steps and put your final simplified antiderivative inside \boxed{}.<end_of_turn>
<start_of_turn>model

Okay, let's evaluate the integral ∫ x<sup>10</sup> sin(17x) dx using integration by parts repeatedly.  We'll use the formula ∫ u dv = uv - ∫ v du.

Let u = x<sup>10</sup> and dv = sin(17x) dx.

**Step 1:**

*   u = x<sup>10</sup>  => du = 10x<sup>9</sup> dx
*   dv = sin(17x) dx => v = - (1/17)cos(17x)

∫ x<sup>10</sup> sin(17x) dx = x<sup>10</sup> * (-1/17)cos(17x) - ∫ (-1/17)cos(17x) * 10x<sup>9</sup> dx
= - (1/17)x<sup>10</sup>cos(17x) + (10/17) ∫ x<sup>9</sup> cos(17x) dx

**Step 2:**

Let u = x<sup>9</sup> and dv = cos(17x) dx.

*   u = x<sup>9</sup> => du = 9x<sup>8</sup> dx
*   dv = cos(17x) dx => v = (1/17)sin(17x)

∫ x<sup>9</sup> cos(17x) dx = x<sup>9</sup> * (1/17)sin(17x) - ∫ (1/17)sin(17x) * 9x<sup>8</sup> dx
= (1/17)x<sup>9</sup>sin(17x) - (9/17) ∫ x<sup>8</sup> sin(17x) dx

Substituting back into Step 1:

∫ x<sup>10</sup> sin(17x) dx = - (1/17)x<sup>10</sup>cos(17x) + (10/17) * [ (1/17)x<sup>9</sup>sin(17x) - (9/17) ∫ x<sup>8</sup> sin(17x) dx ]
= - (1/17)x<sup>10</sup>cos(17x) + (10/289)x<sup>9</sup>sin(17x) - (90/289) ∫ x<sup>8</sup> sin(17x) dx

**Step 3:**

Let u = x<sup>8</sup> and dv = sin(17x) dx.

*   u = x<sup>8</sup> => du = 8x<sup>7</sup> dx
*   dv = sin(17x) dx => v = - (1/17)cos(17x)

∫ x<sup>8</sup> sin(17x) dx = x<sup>8</sup> * (-1/17)cos(17x) - ∫ (-1/17)cos(17x) * 8x<sup>7</sup> dx
= - (1/17)x<sup>8</sup>cos(17x) + (8/17) ∫ x<sup>7</sup> cos(17x) dx

Substituting back:

∫ x<sup>10</sup> sin(17x) dx = - (1/17)x<sup>10</sup>cos(17x) + (10/289)x<sup>9</sup>sin(17x) - (90/289) * [ - (1/17)x<sup>8</sup>cos(17x) + (8/17) ∫ x<sup>7</sup> cos(17x) dx ]
= - (1/17)x<sup>10</sup>cos(17x) + (10/289)x<sup>9</sup>sin(17x) + (90/4913)x<sup>8</sup>cos(17x) - (720/4913) ∫ x<sup>7</sup> cos(17x) dx

We continue this process for 9 more steps.  The pattern is clear: the power of x decreases by 1 with each integration by parts, and the coefficient involves powers of 17.  Let's write the general form after 'n' steps:

∫ x<sup>10</sup> sin(17x) dx =  Σ<sub>n=0</sub><sup>10</sup>  (-1)<sup>n</sup> * (10! / (10-n)!) * (1/17)<sup>n+1</sup> * x<sup>10-n</sup> * (sin(17x) or cos(17x))  + C

Where the sin/cos alternates.

After 11 steps, we will have:

∫ x<sup>10</sup> sin(17x) dx =  - (1/17)x<sup>10</sup>cos(17x) + (10/17<sup>2</sup>)x<sup>9</sup>sin(17x) + (90/17<sup>3</sup>)x<sup>8</sup>cos(17x) - (720/17<sup>4</sup>)x<sup>7</sup>sin(17x) - (5040/17<sup>5</sup>)x<sup>6</sup>cos(17x) + (30240/17<sup>6</sup>)x<sup>5</sup>sin(17x) + (151200/17<sup>7</sup>)x<sup>4</sup>cos(17x) - (604800/17<sup>8</sup>)x<sup>3</sup>sin(17x) - (1814400/17<sup>9</sup>)x<sup>2</sup>cos(17x) + (3628800/17<sup>10</sup>)x sin(17x) - (3628800/17<sup>11</sup>)cos(17x) + C

Therefore,

\boxed{- \frac{x^{10} \cos(17x)}{17} + \frac{10 x^9 \sin(17x)}{17^2} + \frac{90 x^8 \cos(17x)}{17^3} - \frac{720 x^7 \sin(17x)}{17^4} - \frac{5040 x^6 \cos(17x)}{17^5} + \frac{30240 x^5 \sin(17x)}{17^6} + \frac{151200 x^4 \cos(17x)}{17^7} - \frac{604800 x^3 \sin(17x)}{17^8} - \frac{1814400 x^2 \cos(17x)}{17^9} + \frac{3628800 x \sin(17x)}{17^{10}} - \frac{3628800 \cos(17x)}{17^{11}} + C}","
Okay, let's evaluate the integral ∫ x<sup>10</sup> sin(17x) dx using integration by parts repeatedly.  We'll use the formula ∫ u dv = uv - ∫ v du.

Let u = x<sup>10</sup> and dv = sin(17x) dx.

**Step 1:**

*   u = x<sup>10</sup>  => du = 10x<sup>9</sup> dx
*   dv = sin(17x) dx => v = - (1/17)cos(17x)

∫ x<sup>10</sup> sin(17x) dx = x<sup>10</sup> * (-1/17)cos(17x) - ∫ (-1/17)cos(17x) * 10x<sup>9</sup> dx
= - (1/17)x<sup>10</sup>cos(17x) + (10/17) ∫ x<sup>9</sup> cos(17x) dx

**Step 2:**

Let u = x<sup>9</sup> and dv = cos(17x) dx.

*   u = x<sup>9</sup> => du = 9x<sup>8</sup> dx
*   dv = cos(17x) dx => v = (1/17)sin(17x)

∫ x<sup>9</sup> cos(17x) dx = x<sup>9</sup> * (1/17)sin(17x) - ∫ (1/17)sin(17x) * 9x<sup>8</sup> dx
= (1/17)x<sup>9</sup>sin(17x) - (9/17) ∫ x<sup>8</sup> sin(17x) dx

Substituting back into Step 1:

∫ x<sup>10</sup> sin(17x) dx = - (1/17)x<sup>10</sup>cos(17x) + (10/17) * [ (1/17)x<sup>9</sup>sin(17x) - (9/17) ∫ x<sup>8</sup> sin(17x) dx ]
= - (1/17)x<sup>10</sup>cos(17x) + (10/289)x<sup>9</sup>sin(17x) - (90/289) ∫ x<sup>8</sup> sin(17x) dx

**Step 3:**

Let u = x<sup>8</sup> and dv = sin(17x) dx.

*   u = x<sup>8</sup> => du = 8x<sup>7</sup> dx
*   dv = sin(17x) dx => v = - (1/17)cos(17x)

∫ x<sup>8</sup> sin(17x) dx = x<sup>8</sup> * (-1/17)cos(17x) - ∫ (-1/17)cos(17x) * 8x<sup>7</sup> dx
= - (1/17)x<sup>8</sup>cos(17x) + (8/17) ∫ x<sup>7</sup> cos(17x) dx

Substituting back:

∫ x<sup>10</sup> sin(17x) dx = - (1/17)x<sup>10</sup>cos(17x) + (10/289)x<sup>9</sup>sin(17x) - (90/289) * [ - (1/17)x<sup>8</sup>cos(17x) + (8/17) ∫ x<sup>7</sup> cos(17x) dx ]
= - (1/17)x<sup>10</sup>cos(17x) + (10/289)x<sup>9</sup>sin(17x) + (90/4913)x<sup>8</sup>cos(17x) - (720/4913) ∫ x<sup>7</sup> cos(17x) dx

We continue this process for 9 more steps.  The pattern is clear: the power of x decreases by 1 with each integration by parts, and the coefficient involves powers of 17.  Let's write the general form after 'n' steps:

∫ x<sup>10</sup> sin(17x) dx =  Σ<sub>n=0</sub><sup>10</sup>  (-1)<sup>n</sup> * (10! / (10-n)!) * (1/17)<sup>n+1</sup> * x<sup>10-n</sup> * (sin(17x) or cos(17x))  + C

Where the sin/cos alternates.

After 11 steps, we will have:

∫ x<sup>10</sup> sin(17x) dx =  - (1/17)x<sup>10</sup>cos(17x) + (10/17<sup>2</sup>)x<sup>9</sup>sin(17x) + (90/17<sup>3</sup>)x<sup>8</sup>cos(17x) - (720/17<sup>4</sup>)x<sup>7</sup>sin(17x) - (5040/17<sup>5</sup>)x<sup>6</sup>cos(17x) + (30240/17<sup>6</sup>)x<sup>5</sup>sin(17x) + (151200/17<sup>7</sup>)x<sup>4</sup>cos(17x) - (604800/17<sup>8</sup>)x<sup>3</sup>sin(17x) - (1814400/17<sup>9</sup>)x<sup>2</sup>cos(17x) + (3628800/17<sup>10</sup>)x sin(17x) - (3628800/17<sup>11</sup>)cos(17x) + C

Therefore,

\boxed{- \frac{x^{10} \cos(17x)}{17} + \frac{10 x^9 \sin(17x)}{17^2} + \frac{90 x^8 \cos(17x)}{17^3} - \frac{720 x^7 \sin(17x)}{17^4} - \frac{5040 x^6 \cos(17x)}{17^5} + \frac{30240 x^5 \sin(17x)}{17^6} + \frac{151200 x^4 \cos(17x)}{17^7} - \frac{604800 x^3 \sin(17x)}{17^8} - \frac{1814400 x^2 \cos(17x)}{17^9} + \frac{3628800 x \sin(17x)}{17^{10}} - \frac{3628800 \cos(17x)}{17^{11}} + C}",<sup>10</sup>)x sin(17x) [-] (3628800/17<sup>11</sup,216,S1_exact|archive_workshop
ibp_pts_ext_n11_001,Gemma-3,integration_by_parts,level_n11,Product_Sign_Error,IBP_v_formula,failure,- x^{11} \cos{\left(x \right)} + 11 x^{10} \sin{\left(x \right)} + 110 x^{9} \cos{\left(x \right)} - 990 x^{8} \sin{\left(x \right)} - 7920 x^{7} \cos{\left(x \right)} + 55440 x^{6} \sin{\left(x \right)} + 332640 x^{5} \cos{\left(x \right)} - 1663200 x^{4} \sin{\left(x \right)} - 6652800 x^{3} \cos{\left(x \right)} + 19958400 x^{2} \sin{\left(x \right)} + 39916800 x \cos{\left(x \right)} - 39916800 \sin{\left(x \right)},+,-,2889,"<start_of_turn>user
Evaluate the integral
\[
\int x^{11} \sin(1x) \, dx
\]
using integration by parts.

Show all steps and put your final simplified antiderivative inside \boxed{}.<end_of_turn>
<start_of_turn>model

Okay, let's evaluate the integral ∫ x<sup>11</sup> sin(x) dx using integration by parts repeatedly.  We'll use the formula ∫ u dv = uv - ∫ v du.

Let u = x<sup>11</sup> and dv = sin(x) dx.
Then du = 11x<sup>10</sup> dx and v = -cos(x).

Step 1:
∫ x<sup>11</sup> sin(x) dx = -x<sup>11</sup>cos(x) - ∫ (-cos(x)) * 11x<sup>10</sup> dx
= -x<sup>11</sup>cos(x) + 11 ∫ x<sup>10</sup> cos(x) dx

Step 2: Let u = x<sup>10</sup> and dv = cos(x) dx.
Then du = 10x<sup>9</sup> dx and v = sin(x).
∫ x<sup>10</sup> cos(x) dx = x<sup>10</sup>sin(x) - ∫ sin(x) * 10x<sup>9</sup> dx
= x<sup>10</sup>sin(x) - 10 ∫ x<sup>9</sup> sin(x) dx

Substituting back into Step 1:
∫ x<sup>11</sup> sin(x) dx = -x<sup>11</sup>cos(x) + 11 [x<sup>10</sup>sin(x) - 10 ∫ x<sup>9</sup> sin(x) dx]
= -x<sup>11</sup>cos(x) + 11x<sup>10</sup>sin(x) - 110 ∫ x<sup>9</sup> sin(x) dx

Step 3: Let u = x<sup>9</sup> and dv = sin(x) dx.
Then du = 9x<sup>8</sup> dx and v = -cos(x).
∫ x<sup>9</sup> sin(x) dx = -x<sup>9</sup>cos(x) - ∫ (-cos(x)) * 9x<sup>8</sup> dx
= -x<sup>9</sup>cos(x) + 9 ∫ x<sup>8</sup> cos(x) dx

Substituting back:
∫ x<sup>11</sup> sin(x) dx = -x<sup>11</sup>cos(x) + 11x<sup>10</sup>sin(x) - 110 [-x<sup>9</sup>cos(x) + 9 ∫ x<sup>8</sup> cos(x) dx]
= -x<sup>11</sup>cos(x) + 11x<sup>10</sup>sin(x) + 110x<sup>9</sup>cos(x) - 990 ∫ x<sup>8</sup> cos(x) dx

Step 4: Let u = x<sup>8</sup> and dv = cos(x) dx.
Then du = 8x<sup>7</sup> dx and v = sin(x).
∫ x<sup>8</sup> cos(x) dx = x<sup>8</sup>sin(x) - ∫ sin(x) * 8x<sup>7</sup> dx
= x<sup>8</sup>sin(x) - 8 ∫ x<sup>7</sup> sin(x) dx

Substituting back:
∫ x<sup>11</sup> sin(x) dx = -x<sup>11</sup>cos(x) + 11x<sup>10</sup>sin(x) + 110x<sup>9</sup>cos(x) - 990 [x<sup>8</sup>sin(x) - 8 ∫ x<sup>7</sup> sin(x) dx]
= -x<sup>11</sup>cos(x) + 11x<sup>10</sup>sin(x) + 110x<sup>9</sup>cos(x) - 990x<sup>8</sup>sin(x) + 7920 ∫ x<sup>7</sup> sin(x) dx

Continuing this pattern...

Step 5: ∫ x<sup>7</sup> sin(x) dx = -x<sup>7</sup>cos(x) + 7 ∫ x<sup>6</sup> cos(x) dx
Step 6: ∫ x<sup>6</sup> cos(x) dx = x<sup>6</sup>sin(x) - 6 ∫ x<sup>5</sup> sin(x) dx
Step 7: ∫ x<sup>5</sup> sin(x) dx = -x<sup>5</sup>cos(x) + 5 ∫ x<sup>4</sup> cos(x) dx
Step 8: ∫ x<sup>4</sup> cos(x) dx = x<sup>4</sup>sin(x) - 4 ∫ x<sup>3</sup> sin(x) dx
Step 9: ∫ x<sup>3</sup> sin(x) dx = -x<sup>3</sup>cos(x) + 3 ∫ x<sup>2</sup> cos(x) dx
Step 10: ∫ x<sup>2</sup> cos(x) dx = x<sup>2</sup>sin(x) - 2 ∫ x sin(x) dx
Step 11: ∫ x sin(x) dx = -xcos(x) + ∫ cos(x) dx = -xcos(x) + sin(x)
Step 12: ∫ sin(x) dx = -cos(x)

Now, substitute back up the chain:

∫ x<sup>11</sup> sin(x) dx = -x<sup>11</sup>cos(x) + 11x<sup>10</sup>sin(x) + 110x<sup>9</sup>cos(x) - 990x<sup>8</sup>sin(x) + 7920x<sup>7</sup>cos(x) - 665280x<sup>6</sup>sin(x) + 532440x<sup>5</sup>cos(x) - 4251520x<sup>4</sup>sin(x) + 3401200x<sup>3</sup>cos(x) - 27210000x<sup>2</sup>sin(x) + 21768000xcos(x) - 21768000sin(x) + C

We can write this as:

∫ x<sup>11</sup> sin(x) dx = -x<sup>11</sup>cos(x) + 11x<sup>10</sup>sin(x) + 110x<sup>9</sup>cos(x) - 990x<sup>8</sup>sin(x) + 7920x<sup>7</sup>cos(x) - 665280x<sup>6</sup>sin(x) + 532440x<sup>5</sup>cos(x) - 4251520x<sup>4</sup>sin(x) + 3401280x<sup>3</sup>cos(x) - 27216000x<sup>2</sup>sin(x) + 21772800xcos(x) - 21772800sin(x) + C

Oops, there was a small error in the last two terms. Let's correct it.

∫ x<sup>11</sup> sin(x) dx = -x<sup>11</sup>cos(x) + 11x<sup>10</sup>sin(x) + 110x<sup>9</sup>cos(x) - 990x<sup>8</sup>sin(x) + 7920x<sup>7</sup>cos(x) - 665280x<sup>6</sup>sin(x) + 532440x<sup>5</sup>cos(x) - 4251520x<sup>4</sup>sin(x) + 3401280x<sup>3</sup>cos(x) - 27216000x<sup>2</sup>sin(x) + 21772800xcos(x) - 21772800sin(x) + C

Final Answer: The final answer is $\boxed{-x^{11} \cos(x) + 11 x^{10} \sin(x) + 110 x^9 \cos(x) - 990 x^8 \sin(x) + 7920 x^7 \cos(x) - 665280 x^6 \sin(x) + 532440 x^5 \cos(x) - 4251520 x^4 \sin(x) + 3401280 x^3 \cos(x) - 27216000 x^2 \sin(x) + 21772800 x \cos(x) - 21772800 \sin(x) + C}$","
Okay, let's evaluate the integral ∫ x<sup>11</sup> sin(x) dx using integration by parts repeatedly.  We'll use the formula ∫ u dv = uv - ∫ v du.

Let u = x<sup>11</sup> and dv = sin(x) dx.
Then du = 11x<sup>10</sup> dx and v = -cos(x).

Step 1:
∫ x<sup>11</sup> sin(x) dx = -x<sup>11</sup>cos(x) - ∫ (-cos(x)) * 11x<sup>10</sup> dx
= -x<sup>11</sup>cos(x) + 11 ∫ x<sup>10</sup> cos(x) dx

Step 2: Let u = x<sup>10</sup> and dv = cos(x) dx.
Then du = 10x<sup>9</sup> dx and v = sin(x).
∫ x<sup>10</sup> cos(x) dx = x<sup>10</sup>sin(x) - ∫ sin(x) * 10x<sup>9</sup> dx
= x<sup>10</sup>sin(x) - 10 ∫ x<sup>9</sup> sin(x) dx

Substituting back into Step 1:
∫ x<sup>11</sup> sin(x) dx = -x<sup>11</sup>cos(x) + 11 [x<sup>10</sup>sin(x) - 10 ∫ x<sup>9</sup> sin(x) dx]
= -x<sup>11</sup>cos(x) + 11x<sup>10</sup>sin(x) - 110 ∫ x<sup>9</sup> sin(x) dx

Step 3: Let u = x<sup>9</sup> and dv = sin(x) dx.
Then du = 9x<sup>8</sup> dx and v = -cos(x).
∫ x<sup>9</sup> sin(x) dx = -x<sup>9</sup>cos(x) - ∫ (-cos(x)) * 9x<sup>8</sup> dx
= -x<sup>9</sup>cos(x) + 9 ∫ x<sup>8</sup> cos(x) dx

Substituting back:
∫ x<sup>11</sup> sin(x) dx = -x<sup>11</sup>cos(x) + 11x<sup>10</sup>sin(x) - 110 [-x<sup>9</sup>cos(x) + 9 ∫ x<sup>8</sup> cos(x) dx]
= -x<sup>11</sup>cos(x) + 11x<sup>10</sup>sin(x) + 110x<sup>9</sup>cos(x) - 990 ∫ x<sup>8</sup> cos(x) dx

Step 4: Let u = x<sup>8</sup> and dv = cos(x) dx.
Then du = 8x<sup>7</sup> dx and v = sin(x).
∫ x<sup>8</sup> cos(x) dx = x<sup>8</sup>sin(x) - ∫ sin(x) * 8x<sup>7</sup> dx
= x<sup>8</sup>sin(x) - 8 ∫ x<sup>7</sup> sin(x) dx

Substituting back:
∫ x<sup>11</sup> sin(x) dx = -x<sup>11</sup>cos(x) + 11x<sup>10</sup>sin(x) + 110x<sup>9</sup>cos(x) - 990 [x<sup>8</sup>sin(x) - 8 ∫ x<sup>7</sup> sin(x) dx]
= -x<sup>11</sup>cos(x) + 11x<sup>10</sup>sin(x) + 110x<sup>9</sup>cos(x) - 990x<sup>8</sup>sin(x) + 7920 ∫ x<sup>7</sup> sin(x) dx

Continuing this pattern...

Step 5: ∫ x<sup>7</sup> sin(x) dx = -x<sup>7</sup>cos(x) + 7 ∫ x<sup>6</sup> cos(x) dx
Step 6: ∫ x<sup>6</sup> cos(x) dx = x<sup>6</sup>sin(x) - 6 ∫ x<sup>5</sup> sin(x) dx
Step 7: ∫ x<sup>5</sup> sin(x) dx = -x<sup>5</sup>cos(x) + 5 ∫ x<sup>4</sup> cos(x) dx
Step 8: ∫ x<sup>4</sup> cos(x) dx = x<sup>4</sup>sin(x) - 4 ∫ x<sup>3</sup> sin(x) dx
Step 9: ∫ x<sup>3</sup> sin(x) dx = -x<sup>3</sup>cos(x) + 3 ∫ x<sup>2</sup> cos(x) dx
Step 10: ∫ x<sup>2</sup> cos(x) dx = x<sup>2</sup>sin(x) - 2 ∫ x sin(x) dx
Step 11: ∫ x sin(x) dx = -xcos(x) + ∫ cos(x) dx = -xcos(x) + sin(x)
Step 12: ∫ sin(x) dx = -cos(x)

Now, substitute back up the chain:

∫ x<sup>11</sup> sin(x) dx = -x<sup>11</sup>cos(x) + 11x<sup>10</sup>sin(x) + 110x<sup>9</sup>cos(x) - 990x<sup>8</sup>sin(x) + 7920x<sup>7</sup>cos(x) - 665280x<sup>6</sup>sin(x) + 532440x<sup>5</sup>cos(x) - 4251520x<sup>4</sup>sin(x) + 3401200x<sup>3</sup>cos(x) - 27210000x<sup>2</sup>sin(x) + 21768000xcos(x) - 21768000sin(x) + C

We can write this as:

∫ x<sup>11</sup> sin(x) dx = -x<sup>11</sup>cos(x) + 11x<sup>10</sup>sin(x) + 110x<sup>9</sup>cos(x) - 990x<sup>8</sup>sin(x) + 7920x<sup>7</sup>cos(x) - 665280x<sup>6</sup>sin(x) + 532440x<sup>5</sup>cos(x) - 4251520x<sup>4</sup>sin(x) + 3401280x<sup>3</sup>cos(x) - 27216000x<sup>2</sup>sin(x) + 21772800xcos(x) - 21772800sin(x) + C

Oops, there was a small error in the last two terms. Let's correct it.

∫ x<sup>11</sup> sin(x) dx = -x<sup>11</sup>cos(x) + 11x<sup>10</sup>sin(x) + 110x<sup>9</sup>cos(x) - 990x<sup>8</sup>sin(x) + 7920x<sup>7</sup>cos(x) - 665280x<sup>6</sup>sin(x) + 532440x<sup>5</sup>cos(x) - 4251520x<sup>4</sup>sin(x) + 3401280x<sup>3</sup>cos(x) - 27216000x<sup>2</sup>sin(x) + 21772800xcos(x) - 21772800sin(x) + C

Final Answer: The final answer is $\boxed{-x^{11} \cos(x) + 11 x^{10} \sin(x) + 110 x^9 \cos(x) - 990 x^8 \sin(x) + 7920 x^7 \cos(x) - 665280 x^6 \sin(x) + 532440 x^5 \cos(x) - 4251520 x^4 \sin(x) + 3401280 x^3 \cos(x) - 27216000 x^2 \sin(x) + 21772800 x \cos(x) - 21772800 \sin(x) + C}$",- 990x<sup>8</sup>sin(x) [+] 7920x<sup>7</sup>cos(x),215,S5_fuzzy(0.70)|archive_workshop
ibp_pts_ext_n11_008,Gemma-3,integration_by_parts,level_n11,Alternating_Drift,IBP_v_formula,failure,- \frac{x^{11} \cos{\left(17 x \right)}}{17} + \frac{11 x^{10} \sin{\left(17 x \right)}}{289} + \frac{110 x^{9} \cos{\left(17 x \right)}}{4913} - \frac{990 x^{8} \sin{\left(17 x \right)}}{83521} - \frac{7920 x^{7} \cos{\left(17 x \right)}}{1419857} + \frac{55440 x^{6} \sin{\left(17 x \right)}}{24137569} + \frac{332640 x^{5} \cos{\left(17 x \right)}}{410338673} - \frac{1663200 x^{4} \sin{\left(17 x \right)}}{6975757441} - \frac{6652800 x^{3} \cos{\left(17 x \right)}}{118587876497} + \frac{19958400 x^{2} \sin{\left(17 x \right)}}{2015993900449} + \frac{39916800 x \cos{\left(17 x \right)}}{34271896307633} - \frac{39916800 \sin{\left(17 x \right)}}{582622237229761},-,+,2725,"<start_of_turn>user
Evaluate the integral
\[
\int x^{11} \sin(17x) \, dx
\]
using integration by parts.

Show all steps and put your final simplified antiderivative inside \boxed{}.<end_of_turn>
<start_of_turn>model

Okay, let's evaluate the integral ∫ x<sup>11</sup> sin(17x) dx using integration by parts repeatedly.  We'll use the formula ∫ u dv = uv - ∫ v du.

Let u = x<sup>11</sup> and dv = sin(17x) dx.

**Step 1:**

*   u = x<sup>11</sup>  => du = 11x<sup>10</sup> dx
*   dv = sin(17x) dx => v = - (1/17)cos(17x)

∫ x<sup>11</sup> sin(17x) dx = x<sup>11</sup> * (-1/17)cos(17x) - ∫ (-1/17)cos(17x) * 11x<sup>10</sup> dx
= - (1/17)x<sup>11</sup>cos(17x) + (11/17) ∫ x<sup>10</sup> cos(17x) dx

**Step 2:**

Let u = x<sup>10</sup> and dv = cos(17x) dx.

*   u = x<sup>10</sup> => du = 10x<sup>9</sup> dx
*   dv = cos(17x) dx => v = (1/17)sin(17x)

∫ x<sup>10</sup> cos(17x) dx = x<sup>10</sup> * (1/17)sin(17x) - ∫ (1/17)sin(17x) * 10x<sup>9</sup> dx
= (1/17)x<sup>10</sup>sin(17x) - (10/17) ∫ x<sup>9</sup> sin(17x) dx

Substituting back into Step 1:

∫ x<sup>11</sup> sin(17x) dx = - (1/17)x<sup>11</sup>cos(17x) + (11/17) * [ (1/17)x<sup>10</sup>sin(17x) - (10/17) ∫ x<sup>9</sup> sin(17x) dx ]
= - (1/17)x<sup>11</sup>cos(17x) + (11/289)x<sup>10</sup>sin(17x) - (110/289) ∫ x<sup>9</sup> sin(17x) dx

**Step 3:**

Let u = x<sup>9</sup> and dv = sin(17x) dx.

*   u = x<sup>9</sup> => du = 9x<sup>8</sup> dx
*   dv = sin(17x) dx => v = - (1/17)cos(17x)

∫ x<sup>9</sup> sin(17x) dx = x<sup>9</sup> * (-1/17)cos(17x) - ∫ (-1/17)cos(17x) * 9x<sup>8</sup> dx
= - (1/17)x<sup>9</sup>cos(17x) + (9/17) ∫ x<sup>8</sup> cos(17x) dx

Substituting back:

∫ x<sup>11</sup> sin(17x) dx = - (1/17)x<sup>11</sup>cos(17x) + (11/289)x<sup>10</sup>sin(17x) - (110/289) * [ - (1/17)x<sup>9</sup>cos(17x) + (9/17) ∫ x<sup>8</sup> cos(17x) dx ]
= - (1/17)x<sup>11</sup>cos(17x) + (11/289)x<sup>10</sup>sin(17x) + (110/4913)x<sup>9</sup>cos(17x) - (990/4913) ∫ x<sup>8</sup> cos(17x) dx

We continue this pattern.  Notice the pattern:  The power of x decreases by 1 with each integration by parts, and the trigonometric function alternates between sin and cos.  We'll continue for 12 steps.

**General Pattern:**

∫ x<sup>n</sup> sin(17x) dx =  - (1/17)x<sup>n</sup>cos(17x) + (n/17) ∫ x<sup>n-1</sup> cos(17x) dx
∫ x<sup>n</sup> cos(17x) dx = (1/17)x<sup>n</sup>sin(17x) - (n/17) ∫ x<sup>n-1</sup> sin(17x) dx

After 12 steps, we will have:

∫ x<sup>11</sup> sin(17x) dx =  - (1/17)x<sup>11</sup>cos(17x) + (11/17) ∫ x<sup>10</sup> cos(17x) dx
= - (1/17)x<sup>11</sup>cos(17x) + (11/17)( (1/17)x<sup>10</sup>sin(17x) - (10/17)∫x<sup>9</sup>sin(17x)dx)
= ...
= - (1/17)x<sup>11</sup>cos(17x) + (11/17<sup>2</sup>)x<sup>10</sup>sin(17x) - (11*10/17<sup>3</sup>)x<sup>9</sup>cos(17x) + (11*10*9/17<sup>4</sup>)x<sup>8</sup>sin(17x) - ... + (-1)<sup>11</sup>(11!/17<sup>12</sup>)x<sup>0</sup>cos(17x) + C

The final result will be a sum of terms of the form:

(-1)<sup>k</sup> (11! / (11-k)!) * (1/17<sup>k+1</sup>) * x<sup>11-k</sup> * cos(17x)  or  (-1)<sup>k</sup> (11! / (11-k)!) * (1/17<sup>k+1</sup>) * x<sup>11-k</sup> * sin(17x)

where k ranges from 0 to 11.

The final result is:

∫ x<sup>11</sup> sin(17x) dx =  ∑<sub>k=0</sub><sup>11</sup> (-1)<sup>k</sup> (11! / (11-k)!) * (1/17<sup>k+1</sup>) * x<sup>11-k</sup> * (cos(17x) if k is even, sin(17x) if k is odd) + C

This is a very long expression.  Let's write out the first few terms to illustrate:

= - (1/17)x<sup>11</sup>cos(17x) + (11/17<sup>2</sup>)x<sup>10</sup>sin(17x) - (110/17<sup>3</sup>)x<sup>9</sup>cos(17x) + (990/17<sup>4</sup>)x<sup>8</sup>sin(17x) - (7920/17<sup>5</sup>)x<sup>7</sup>cos(17x) + (55440/17<sup>6</sup>)x<sup>6</sup>sin(17x) - (399168/17<sup>7</sup>)x<sup>5</sup>cos(17x) + (2772000/17<sup>8</sup>)x<sup>4</sup>sin(17x) - (19958400/17<sup>9</sup>)x<sup>3</sup>cos(17x) + (138600000/17<sup>10</sup>)x<sup>2</sup>sin(17x) - (980179200/17<sup>11</sup>)x cos(17x) + (6652800000/17<sup>12</sup>)sin(17x) + C

Therefore,

\boxed{-\frac{x^{11} \cos(17x)}{17} + \frac{11 x^{10} \sin(17x)}{17^2} - \frac{110 x^9 \cos(17x)}{17^3} + \frac{990 x^8 \sin(17x)}{17^4} - \frac{7920 x^7 \cos(17x)}{17^5} + \frac{55440 x^6 \sin(17x)}{17^6} - \frac{399168 x^5 \cos(17x)}{17^7} + \frac{2772000 x^4 \sin(17x)}{17^8} - \frac{19958400 x^3 \cos(17x)}{17^9} + \frac{138600000 x^2 \sin(17x)}{17^{10}} - \frac{980179200 x \cos(17x)}{17^{11}} + \frac{6652800000 \sin(17x)}{17^{12}} + C}","
Okay, let's evaluate the integral ∫ x<sup>11</sup> sin(17x) dx using integration by parts repeatedly.  We'll use the formula ∫ u dv = uv - ∫ v du.

Let u = x<sup>11</sup> and dv = sin(17x) dx.

**Step 1:**

*   u = x<sup>11</sup>  => du = 11x<sup>10</sup> dx
*   dv = sin(17x) dx => v = - (1/17)cos(17x)

∫ x<sup>11</sup> sin(17x) dx = x<sup>11</sup> * (-1/17)cos(17x) - ∫ (-1/17)cos(17x) * 11x<sup>10</sup> dx
= - (1/17)x<sup>11</sup>cos(17x) + (11/17) ∫ x<sup>10</sup> cos(17x) dx

**Step 2:**

Let u = x<sup>10</sup> and dv = cos(17x) dx.

*   u = x<sup>10</sup> => du = 10x<sup>9</sup> dx
*   dv = cos(17x) dx => v = (1/17)sin(17x)

∫ x<sup>10</sup> cos(17x) dx = x<sup>10</sup> * (1/17)sin(17x) - ∫ (1/17)sin(17x) * 10x<sup>9</sup> dx
= (1/17)x<sup>10</sup>sin(17x) - (10/17) ∫ x<sup>9</sup> sin(17x) dx

Substituting back into Step 1:

∫ x<sup>11</sup> sin(17x) dx = - (1/17)x<sup>11</sup>cos(17x) + (11/17) * [ (1/17)x<sup>10</sup>sin(17x) - (10/17) ∫ x<sup>9</sup> sin(17x) dx ]
= - (1/17)x<sup>11</sup>cos(17x) + (11/289)x<sup>10</sup>sin(17x) - (110/289) ∫ x<sup>9</sup> sin(17x) dx

**Step 3:**

Let u = x<sup>9</sup> and dv = sin(17x) dx.

*   u = x<sup>9</sup> => du = 9x<sup>8</sup> dx
*   dv = sin(17x) dx => v = - (1/17)cos(17x)

∫ x<sup>9</sup> sin(17x) dx = x<sup>9</sup> * (-1/17)cos(17x) - ∫ (-1/17)cos(17x) * 9x<sup>8</sup> dx
= - (1/17)x<sup>9</sup>cos(17x) + (9/17) ∫ x<sup>8</sup> cos(17x) dx

Substituting back:

∫ x<sup>11</sup> sin(17x) dx = - (1/17)x<sup>11</sup>cos(17x) + (11/289)x<sup>10</sup>sin(17x) - (110/289) * [ - (1/17)x<sup>9</sup>cos(17x) + (9/17) ∫ x<sup>8</sup> cos(17x) dx ]
= - (1/17)x<sup>11</sup>cos(17x) + (11/289)x<sup>10</sup>sin(17x) + (110/4913)x<sup>9</sup>cos(17x) - (990/4913) ∫ x<sup>8</sup> cos(17x) dx

We continue this pattern.  Notice the pattern:  The power of x decreases by 1 with each integration by parts, and the trigonometric function alternates between sin and cos.  We'll continue for 12 steps.

**General Pattern:**

∫ x<sup>n</sup> sin(17x) dx =  - (1/17)x<sup>n</sup>cos(17x) + (n/17) ∫ x<sup>n-1</sup> cos(17x) dx
∫ x<sup>n</sup> cos(17x) dx = (1/17)x<sup>n</sup>sin(17x) - (n/17) ∫ x<sup>n-1</sup> sin(17x) dx

After 12 steps, we will have:

∫ x<sup>11</sup> sin(17x) dx =  - (1/17)x<sup>11</sup>cos(17x) + (11/17) ∫ x<sup>10</sup> cos(17x) dx
= - (1/17)x<sup>11</sup>cos(17x) + (11/17)( (1/17)x<sup>10</sup>sin(17x) - (10/17)∫x<sup>9</sup>sin(17x)dx)
= ...
= - (1/17)x<sup>11</sup>cos(17x) + (11/17<sup>2</sup>)x<sup>10</sup>sin(17x) - (11*10/17<sup>3</sup>)x<sup>9</sup>cos(17x) + (11*10*9/17<sup>4</sup>)x<sup>8</sup>sin(17x) - ... + (-1)<sup>11</sup>(11!/17<sup>12</sup>)x<sup>0</sup>cos(17x) + C

The final result will be a sum of terms of the form:

(-1)<sup>k</sup> (11! / (11-k)!) * (1/17<sup>k+1</sup>) * x<sup>11-k</sup> * cos(17x)  or  (-1)<sup>k</sup> (11! / (11-k)!) * (1/17<sup>k+1</sup>) * x<sup>11-k</sup> * sin(17x)

where k ranges from 0 to 11.

The final result is:

∫ x<sup>11</sup> sin(17x) dx =  ∑<sub>k=0</sub><sup>11</sup> (-1)<sup>k</sup> (11! / (11-k)!) * (1/17<sup>k+1</sup>) * x<sup>11-k</sup> * (cos(17x) if k is even, sin(17x) if k is odd) + C

This is a very long expression.  Let's write out the first few terms to illustrate:

= - (1/17)x<sup>11</sup>cos(17x) + (11/17<sup>2</sup>)x<sup>10</sup>sin(17x) - (110/17<sup>3</sup>)x<sup>9</sup>cos(17x) + (990/17<sup>4</sup>)x<sup>8</sup>sin(17x) - (7920/17<sup>5</sup>)x<sup>7</sup>cos(17x) + (55440/17<sup>6</sup>)x<sup>6</sup>sin(17x) - (399168/17<sup>7</sup>)x<sup>5</sup>cos(17x) + (2772000/17<sup>8</sup>)x<sup>4</sup>sin(17x) - (19958400/17<sup>9</sup>)x<sup>3</sup>cos(17x) + (138600000/17<sup>10</sup>)x<sup>2</sup>sin(17x) - (980179200/17<sup>11</sup>)x cos(17x) + (6652800000/17<sup>12</sup>)sin(17x) + C

Therefore,

\boxed{-\frac{x^{11} \cos(17x)}{17} + \frac{11 x^{10} \sin(17x)}{17^2} - \frac{110 x^9 \cos(17x)}{17^3} + \frac{990 x^8 \sin(17x)}{17^4} - \frac{7920 x^7 \cos(17x)}{17^5} + \frac{55440 x^6 \sin(17x)}{17^6} - \frac{399168 x^5 \cos(17x)}{17^7} + \frac{2772000 x^4 \sin(17x)}{17^8} - \frac{19958400 x^3 \cos(17x)}{17^9} + \frac{138600000 x^2 \sin(17x)}{17^{10}} - \frac{980179200 x \cos(17x)}{17^{11}} + \frac{6652800000 \sin(17x)}{17^{12}} + C}",>)x<sup>10</sup>sin(17x) [-] (11*10/17<sup>3</sup>)x,216,S3_exact|archive_workshop
ibp_pts_ext_n13_001,Gemma-3,integration_by_parts,level_n13,Alternating_Drift,IBP_v_formula,failure,- x^{13} \cos{\left(x \right)} + 13 x^{12} \sin{\left(x \right)} + 156 x^{11} \cos{\left(x \right)} - 1716 x^{10} \sin{\left(x \right)} - 17160 x^{9} \cos{\left(x \right)} + 154440 x^{8} \sin{\left(x \right)} + 1235520 x^{7} \cos{\left(x \right)} - 8648640 x^{6} \sin{\left(x \right)} - 51891840 x^{5} \cos{\left(x \right)} + 259459200 x^{4} \sin{\left(x \right)} + 1037836800 x^{3} \cos{\left(x \right)} - 3113510400 x^{2} \sin{\left(x \right)} - 6227020800 x \cos{\left(x \right)} + 6227020800 \sin{\left(x \right)},+,-,1859,"<start_of_turn>user
Evaluate the integral
\[
\int x^{13} \sin(1x) \, dx
\]
using integration by parts.

Show all steps and put your final simplified antiderivative inside \boxed{}.<end_of_turn>
<start_of_turn>model

Okay, let's evaluate the integral ∫ x^13 sin(x) dx using integration by parts repeatedly.  We'll use the formula ∫ u dv = uv - ∫ v du.

Let u = x^13 and dv = sin(x) dx.
Then du = 13x^12 dx and v = -cos(x).

Step 1:
∫ x^13 sin(x) dx = -x^13 cos(x) - ∫ (-cos(x)) (13x^12) dx
= -x^13 cos(x) + 13 ∫ x^12 cos(x) dx

Step 2: Let u = x^12 and dv = cos(x) dx.
Then du = 12x^11 dx and v = sin(x).
∫ x^12 cos(x) dx = x^12 sin(x) - ∫ sin(x) (12x^11) dx
= x^12 sin(x) - 12 ∫ x^11 sin(x) dx

Substituting back into Step 1:
∫ x^13 sin(x) dx = -x^13 cos(x) + 13 [x^12 sin(x) - 12 ∫ x^11 sin(x) dx]
= -x^13 cos(x) + 13x^12 sin(x) - 156 ∫ x^11 sin(x) dx

Step 3: Let u = x^11 and dv = sin(x) dx.
Then du = 11x^10 dx and v = -cos(x).
∫ x^11 sin(x) dx = -x^11 cos(x) - ∫ (-cos(x)) (11x^10) dx
= -x^11 cos(x) + 11 ∫ x^10 cos(x) dx

Substituting back:
∫ x^13 sin(x) dx = -x^13 cos(x) + 13x^12 sin(x) - 156 [-x^11 cos(x) + 11 ∫ x^10 cos(x) dx]
= -x^13 cos(x) + 13x^12 sin(x) + 156x^11 cos(x) - 1716 ∫ x^10 cos(x) dx

Step 4: Let u = x^10 and dv = cos(x) dx.
Then du = 10x^9 dx and v = sin(x).
∫ x^10 cos(x) dx = x^10 sin(x) - ∫ sin(x) (10x^9) dx
= x^10 sin(x) - 10 ∫ x^9 sin(x) dx

Substituting back:
∫ x^13 sin(x) dx = -x^13 cos(x) + 13x^12 sin(x) + 156x^11 cos(x) - 1716 [x^10 sin(x) - 10 ∫ x^9 sin(x) dx]
= -x^13 cos(x) + 13x^12 sin(x) + 156x^11 cos(x) - 1716x^10 sin(x) + 17160 ∫ x^9 sin(x) dx

We continue this pattern.  The general form will be:

∫ x^13 sin(x) dx =  (-1)^0 x^13 cos(x) + 13(-1)^1 x^12 sin(x) + 156(-1)^2 x^11 cos(x) + ... + C

After 14 steps, we will have:

∫ x^13 sin(x) dx =  -x^13 cos(x) + 13x^12 sin(x) + 156x^11 cos(x) - 1716x^10 sin(x) + 17160x^9 cos(x) - 171600x^8 sin(x) + 1716000x^7 cos(x) - 17160000x^6 sin(x) + 171600000x^5 cos(x) - 1716000000x^4 sin(x) + 17160000000x^3 cos(x) - 171600000000x^2 sin(x) + 1716000000000x cos(x) - 17160000000000 sin(x) + C

Therefore,

\boxed{-x^{13} \cos(x) + 13 x^{12} \sin(x) + 156 x^{11} \cos(x) - 1716 x^{10} \sin(x) + 17160 x^9 \cos(x) - 171600 x^8 \sin(x) + 1716000 x^7 \cos(x) - 17160000 x^6 \sin(x) + 171600000 x^5 \cos(x) - 1716000000 x^4 \sin(x) + 17160000000 x^3 \cos(x) - 171600000000 x^2 \sin(x) + 1716000000000 x \cos(x) - 17160000000000 \sin(x) + C}","
Okay, let's evaluate the integral ∫ x^13 sin(x) dx using integration by parts repeatedly.  We'll use the formula ∫ u dv = uv - ∫ v du.

Let u = x^13 and dv = sin(x) dx.
Then du = 13x^12 dx and v = -cos(x).

Step 1:
∫ x^13 sin(x) dx = -x^13 cos(x) - ∫ (-cos(x)) (13x^12) dx
= -x^13 cos(x) + 13 ∫ x^12 cos(x) dx

Step 2: Let u = x^12 and dv = cos(x) dx.
Then du = 12x^11 dx and v = sin(x).
∫ x^12 cos(x) dx = x^12 sin(x) - ∫ sin(x) (12x^11) dx
= x^12 sin(x) - 12 ∫ x^11 sin(x) dx

Substituting back into Step 1:
∫ x^13 sin(x) dx = -x^13 cos(x) + 13 [x^12 sin(x) - 12 ∫ x^11 sin(x) dx]
= -x^13 cos(x) + 13x^12 sin(x) - 156 ∫ x^11 sin(x) dx

Step 3: Let u = x^11 and dv = sin(x) dx.
Then du = 11x^10 dx and v = -cos(x).
∫ x^11 sin(x) dx = -x^11 cos(x) - ∫ (-cos(x)) (11x^10) dx
= -x^11 cos(x) + 11 ∫ x^10 cos(x) dx

Substituting back:
∫ x^13 sin(x) dx = -x^13 cos(x) + 13x^12 sin(x) - 156 [-x^11 cos(x) + 11 ∫ x^10 cos(x) dx]
= -x^13 cos(x) + 13x^12 sin(x) + 156x^11 cos(x) - 1716 ∫ x^10 cos(x) dx

Step 4: Let u = x^10 and dv = cos(x) dx.
Then du = 10x^9 dx and v = sin(x).
∫ x^10 cos(x) dx = x^10 sin(x) - ∫ sin(x) (10x^9) dx
= x^10 sin(x) - 10 ∫ x^9 sin(x) dx

Substituting back:
∫ x^13 sin(x) dx = -x^13 cos(x) + 13x^12 sin(x) + 156x^11 cos(x) - 1716 [x^10 sin(x) - 10 ∫ x^9 sin(x) dx]
= -x^13 cos(x) + 13x^12 sin(x) + 156x^11 cos(x) - 1716x^10 sin(x) + 17160 ∫ x^9 sin(x) dx

We continue this pattern.  The general form will be:

∫ x^13 sin(x) dx =  (-1)^0 x^13 cos(x) + 13(-1)^1 x^12 sin(x) + 156(-1)^2 x^11 cos(x) + ... + C

After 14 steps, we will have:

∫ x^13 sin(x) dx =  -x^13 cos(x) + 13x^12 sin(x) + 156x^11 cos(x) - 1716x^10 sin(x) + 17160x^9 cos(x) - 171600x^8 sin(x) + 1716000x^7 cos(x) - 17160000x^6 sin(x) + 171600000x^5 cos(x) - 1716000000x^4 sin(x) + 17160000000x^3 cos(x) - 171600000000x^2 sin(x) + 1716000000000x cos(x) - 17160000000000 sin(x) + C

Therefore,

\boxed{-x^{13} \cos(x) + 13 x^{12} \sin(x) + 156 x^{11} \cos(x) - 1716 x^{10} \sin(x) + 17160 x^9 \cos(x) - 171600 x^8 \sin(x) + 1716000 x^7 \cos(x) - 17160000 x^6 \sin(x) + 171600000 x^5 \cos(x) - 1716000000 x^4 \sin(x) + 17160000000 x^3 \cos(x) - 171600000000 x^2 \sin(x) + 1716000000000 x \cos(x) - 17160000000000 \sin(x) + C}",cos(x) - 1716x^10 sin(x) [+] 17160x^9 cos(x) - 17160,215,S1_exact|archive_workshop
ibp_pts_ext_n13_002,Gemma-3,integration_by_parts,level_n13,Silent_Sign_Flip,IBP_v_formula,failure,- \frac{x^{13} \cos{\left(2 x \right)}}{2} + \frac{13 x^{12} \sin{\left(2 x \right)}}{4} + \frac{39 x^{11} \cos{\left(2 x \right)}}{2} - \frac{429 x^{10} \sin{\left(2 x \right)}}{4} - \frac{2145 x^{9} \cos{\left(2 x \right)}}{4} + \frac{19305 x^{8} \sin{\left(2 x \right)}}{8} + \frac{19305 x^{7} \cos{\left(2 x \right)}}{2} - \frac{135135 x^{6} \sin{\left(2 x \right)}}{4} - \frac{405405 x^{5} \cos{\left(2 x \right)}}{4} + \frac{2027025 x^{4} \sin{\left(2 x \right)}}{8} + \frac{2027025 x^{3} \cos{\left(2 x \right)}}{4} - \frac{6081075 x^{2} \sin{\left(2 x \right)}}{8} - \frac{6081075 x \cos{\left(2 x \right)}}{8} + \frac{6081075 \sin{\left(2 x \right)}}{16},+,-,2129,"<start_of_turn>user
Evaluate the integral
\[
\int x^{13} \sin(2x) \, dx
\]
using integration by parts.

Show all steps and put your final simplified antiderivative inside \boxed{}.<end_of_turn>
<start_of_turn>model

Okay, let's evaluate the integral ∫ x^13 sin(2x) dx using integration by parts repeatedly.  We'll use the formula ∫ u dv = uv - ∫ v du.

Let u = x^13 and dv = sin(2x) dx.
Then du = 13x^12 dx and v = -1/2 cos(2x).

Step 1:
∫ x^13 sin(2x) dx = x^13 * (-1/2 cos(2x)) - ∫ (-1/2 cos(2x)) * 13x^12 dx
= -1/2 x^13 cos(2x) + 13/2 ∫ x^12 cos(2x) dx

Step 2: Let u = x^12 and dv = cos(2x) dx.
Then du = 12x^11 dx and v = 1/2 sin(2x).
∫ x^12 cos(2x) dx = x^12 * (1/2 sin(2x)) - ∫ (1/2 sin(2x)) * 12x^11 dx
= 1/2 x^12 sin(2x) - 6 ∫ x^11 sin(2x) dx

Substituting back into Step 1:
∫ x^13 sin(2x) dx = -1/2 x^13 cos(2x) + 13/2 * (1/2 x^12 sin(2x) - 6 ∫ x^11 sin(2x) dx)
= -1/2 x^13 cos(2x) + 13/4 x^12 sin(2x) - 39 ∫ x^11 sin(2x) dx

Step 3: Let u = x^11 and dv = sin(2x) dx.
Then du = 11x^10 dx and v = -1/2 cos(2x).
∫ x^11 sin(2x) dx = x^11 * (-1/2 cos(2x)) - ∫ (-1/2 cos(2x)) * 11x^10 dx
= -1/2 x^11 cos(2x) + 11/2 ∫ x^10 cos(2x) dx

Substituting back:
∫ x^13 sin(2x) dx = -1/2 x^13 cos(2x) + 13/4 x^12 sin(2x) - 39 * (-1/2 x^11 cos(2x) + 11/2 ∫ x^10 cos(2x) dx)
= -1/2 x^13 cos(2x) + 13/4 x^12 sin(2x) + 39/2 x^11 cos(2x) - 429/2 ∫ x^10 cos(2x) dx

Step 4: Let u = x^10 and dv = cos(2x) dx.
Then du = 10x^9 dx and v = 1/2 sin(2x).
∫ x^10 cos(2x) dx = x^10 * (1/2 sin(2x)) - ∫ (1/2 sin(2x)) * 10x^9 dx
= 1/2 x^10 sin(2x) - 5 ∫ x^9 sin(2x) dx

Substituting back:
∫ x^13 sin(2x) dx = -1/2 x^13 cos(2x) + 13/4 x^12 sin(2x) + 39/2 x^11 cos(2x) - 429/2 * (1/2 x^10 sin(2x) - 5 ∫ x^9 sin(2x) dx)
= -1/2 x^13 cos(2x) + 13/4 x^12 sin(2x) + 39/2 x^11 cos(2x) - 429/4 x^10 sin(2x) + 2145/2 ∫ x^9 sin(2x) dx

Continuing this pattern for 14 steps, we will get a general form:

∫ x^13 sin(2x) dx =  (-1/2 x^13 cos(2x) + 13/4 x^12 sin(2x) + 39/2 x^11 cos(2x) - 429/4 x^10 sin(2x) + ... + C)

After 14 steps, the final integral will be:

∫ x^13 sin(2x) dx =  (-1/2 x^13 cos(2x) + 13/4 x^12 sin(2x) + 39/2 x^11 cos(2x) - 429/4 x^10 sin(2x) + 4290/8 x^9 cos(2x) - 4290/8 x^9 cos(2x) + 429*10/16 x^8 sin(2x) - 429*10*9/32 x^7 cos(2x) + ... + C)

The general pattern for the coefficients is:
(-1)^(n+1) * (13 choose n) * x^(13-n) * (sin(2x) or cos(2x))

After 14 steps, we have:

∫ x^13 sin(2x) dx =  -1/2 x^13 cos(2x) + 13/4 x^12 sin(2x) + 39/2 x^11 cos(2x) - 429/4 x^10 sin(2x) + 4290/8 x^9 cos(2x) - 4290*11/16 x^8 sin(2x) + 4290*11*10/32 x^7 cos(2x) - 4290*11*10*9/64 x^6 sin(2x) + 4290*11*10*9*8/128 x^5 cos(2x) - 4290*11*10*9*8*7/256 x^4 sin(2x) + 4290*11*10*9*8*7*6/512 x^3 cos(2x) - 4290*11*10*9*8*7*6*5/1024 x^2 sin(2x) + 4290*11*10*9*8*7*6*5*4/2048 x cos(2x) - 4290*11*10*9*8*7*6*5*4*3/4096 sin(2x) + C

Simplifying:

∫ x^13 sin(2x) dx =  -1/2 x^13 cos(2x) + 13/4 x^12 sin(2x) + 39/2 x^11 cos(2x) - 429/4 x^10 sin(2x) + 2145/4 x^9 cos(2x) - 47295/8 x^8 sin(2x) + 47295*5/8 x^7 cos(2x) - 47295*5*9/16 x^6 sin(2x) + 47295*5*9*4/32 x^5 cos(2x) - 47295*5*9*4*7/64 x^4 sin(2x) + 47295*5*9*4*7*3/128 x^3 cos(2x) - 47295*5*9*4*7*3*5/256 x^2 sin(2x) + 47295*5*9*4*7*3*5*2/512 x cos(2x) - 47295*5*9*4*7*3*5*2*3/1024 sin(2x) + C

This is a very long expression.

```
- (x^13 cos(2x))/2 + (13 x^12 sin(2x))/4 + (39 x^11 cos(2x))/2 - (429 x^10 sin(2x))/4 + (2145 x^9 cos(2x))/4 - (47295 x^8 sin(2x))/8 + (236475 x^7 cos(2x))/8 - (212655 x^6 sin(2x))/16 + (191375 x^5 cos(2x))/32 - (1339625 x^4 sin(2x))/64 + (118125 x^3 cos(2x))/32 - (1063125 x^2 sin(2x))/256 + (1063125 x cos(2x))/512 - (1063125*3 sin(2x))/1024 + C
```

Final Answer: The final answer is $\boxed{-\frac{1}{2}x^{13}\cos(2x) + \frac{13}{4}x^{12}\sin(2x) + \frac{39}{2}x^{11}\cos(2x) - \frac{429}{4}x^{10}\sin(2x) + \frac{2145}{4}x^9\cos(2x) - \frac{47295}{8}x^8\sin(2x) + \frac{236475}{8}x^7\cos(2x) - \frac{212655}{16}x^6\sin(2x) + \frac{191375}{32}x^5\cos(2x) - \frac{1339625}{64}x^4\sin(2x) + \frac{118125}{32}x^3\cos(2x) - \frac{1063125}{256}x^2\sin(2x) + \frac{1063125}{512}x\cos(2x) - \frac{3189375}{1024}\sin(2x) + C}$","
Okay, let's evaluate the integral ∫ x^13 sin(2x) dx using integration by parts repeatedly.  We'll use the formula ∫ u dv = uv - ∫ v du.

Let u = x^13 and dv = sin(2x) dx.
Then du = 13x^12 dx and v = -1/2 cos(2x).

Step 1:
∫ x^13 sin(2x) dx = x^13 * (-1/2 cos(2x)) - ∫ (-1/2 cos(2x)) * 13x^12 dx
= -1/2 x^13 cos(2x) + 13/2 ∫ x^12 cos(2x) dx

Step 2: Let u = x^12 and dv = cos(2x) dx.
Then du = 12x^11 dx and v = 1/2 sin(2x).
∫ x^12 cos(2x) dx = x^12 * (1/2 sin(2x)) - ∫ (1/2 sin(2x)) * 12x^11 dx
= 1/2 x^12 sin(2x) - 6 ∫ x^11 sin(2x) dx

Substituting back into Step 1:
∫ x^13 sin(2x) dx = -1/2 x^13 cos(2x) + 13/2 * (1/2 x^12 sin(2x) - 6 ∫ x^11 sin(2x) dx)
= -1/2 x^13 cos(2x) + 13/4 x^12 sin(2x) - 39 ∫ x^11 sin(2x) dx

Step 3: Let u = x^11 and dv = sin(2x) dx.
Then du = 11x^10 dx and v = -1/2 cos(2x).
∫ x^11 sin(2x) dx = x^11 * (-1/2 cos(2x)) - ∫ (-1/2 cos(2x)) * 11x^10 dx
= -1/2 x^11 cos(2x) + 11/2 ∫ x^10 cos(2x) dx

Substituting back:
∫ x^13 sin(2x) dx = -1/2 x^13 cos(2x) + 13/4 x^12 sin(2x) - 39 * (-1/2 x^11 cos(2x) + 11/2 ∫ x^10 cos(2x) dx)
= -1/2 x^13 cos(2x) + 13/4 x^12 sin(2x) + 39/2 x^11 cos(2x) - 429/2 ∫ x^10 cos(2x) dx

Step 4: Let u = x^10 and dv = cos(2x) dx.
Then du = 10x^9 dx and v = 1/2 sin(2x).
∫ x^10 cos(2x) dx = x^10 * (1/2 sin(2x)) - ∫ (1/2 sin(2x)) * 10x^9 dx
= 1/2 x^10 sin(2x) - 5 ∫ x^9 sin(2x) dx

Substituting back:
∫ x^13 sin(2x) dx = -1/2 x^13 cos(2x) + 13/4 x^12 sin(2x) + 39/2 x^11 cos(2x) - 429/2 * (1/2 x^10 sin(2x) - 5 ∫ x^9 sin(2x) dx)
= -1/2 x^13 cos(2x) + 13/4 x^12 sin(2x) + 39/2 x^11 cos(2x) - 429/4 x^10 sin(2x) + 2145/2 ∫ x^9 sin(2x) dx

Continuing this pattern for 14 steps, we will get a general form:

∫ x^13 sin(2x) dx =  (-1/2 x^13 cos(2x) + 13/4 x^12 sin(2x) + 39/2 x^11 cos(2x) - 429/4 x^10 sin(2x) + ... + C)

After 14 steps, the final integral will be:

∫ x^13 sin(2x) dx =  (-1/2 x^13 cos(2x) + 13/4 x^12 sin(2x) + 39/2 x^11 cos(2x) - 429/4 x^10 sin(2x) + 4290/8 x^9 cos(2x) - 4290/8 x^9 cos(2x) + 429*10/16 x^8 sin(2x) - 429*10*9/32 x^7 cos(2x) + ... + C)

The general pattern for the coefficients is:
(-1)^(n+1) * (13 choose n) * x^(13-n) * (sin(2x) or cos(2x))

After 14 steps, we have:

∫ x^13 sin(2x) dx =  -1/2 x^13 cos(2x) + 13/4 x^12 sin(2x) + 39/2 x^11 cos(2x) - 429/4 x^10 sin(2x) + 4290/8 x^9 cos(2x) - 4290*11/16 x^8 sin(2x) + 4290*11*10/32 x^7 cos(2x) - 4290*11*10*9/64 x^6 sin(2x) + 4290*11*10*9*8/128 x^5 cos(2x) - 4290*11*10*9*8*7/256 x^4 sin(2x) + 4290*11*10*9*8*7*6/512 x^3 cos(2x) - 4290*11*10*9*8*7*6*5/1024 x^2 sin(2x) + 4290*11*10*9*8*7*6*5*4/2048 x cos(2x) - 4290*11*10*9*8*7*6*5*4*3/4096 sin(2x) + C

Simplifying:

∫ x^13 sin(2x) dx =  -1/2 x^13 cos(2x) + 13/4 x^12 sin(2x) + 39/2 x^11 cos(2x) - 429/4 x^10 sin(2x) + 2145/4 x^9 cos(2x) - 47295/8 x^8 sin(2x) + 47295*5/8 x^7 cos(2x) - 47295*5*9/16 x^6 sin(2x) + 47295*5*9*4/32 x^5 cos(2x) - 47295*5*9*4*7/64 x^4 sin(2x) + 47295*5*9*4*7*3/128 x^3 cos(2x) - 47295*5*9*4*7*3*5/256 x^2 sin(2x) + 47295*5*9*4*7*3*5*2/512 x cos(2x) - 47295*5*9*4*7*3*5*2*3/1024 sin(2x) + C

This is a very long expression.

```
- (x^13 cos(2x))/2 + (13 x^12 sin(2x))/4 + (39 x^11 cos(2x))/2 - (429 x^10 sin(2x))/4 + (2145 x^9 cos(2x))/4 - (47295 x^8 sin(2x))/8 + (236475 x^7 cos(2x))/8 - (212655 x^6 sin(2x))/16 + (191375 x^5 cos(2x))/32 - (1339625 x^4 sin(2x))/64 + (118125 x^3 cos(2x))/32 - (1063125 x^2 sin(2x))/256 + (1063125 x cos(2x))/512 - (1063125*3 sin(2x))/1024 + C
```

Final Answer: The final answer is $\boxed{-\frac{1}{2}x^{13}\cos(2x) + \frac{13}{4}x^{12}\sin(2x) + \frac{39}{2}x^{11}\cos(2x) - \frac{429}{4}x^{10}\sin(2x) + \frac{2145}{4}x^9\cos(2x) - \frac{47295}{8}x^8\sin(2x) + \frac{236475}{8}x^7\cos(2x) - \frac{212655}{16}x^6\sin(2x) + \frac{191375}{32}x^5\cos(2x) - \frac{1339625}{64}x^4\sin(2x) + \frac{118125}{32}x^3\cos(2x) - \frac{1063125}{256}x^2\sin(2x) + \frac{1063125}{512}x\cos(2x) - \frac{3189375}{1024}\sin(2x) + C}$",2x) - 429/4 x^10 sin(2x) [+] 4290/8 x^9 cos(2x) - 42,215,S1_exact|archive_workshop
ibp_pts_n8_005,Gemma-3,integration_by_parts,level_n8,Operation_Direction,IBP_v_formula,failure,- \frac{x^{8} \cos{\left(7 x \right)}}{7} + \frac{8 x^{7} \sin{\left(7 x \right)}}{49} + \frac{8 x^{6} \cos{\left(7 x \right)}}{49} - \frac{48 x^{5} \sin{\left(7 x \right)}}{343} - \frac{240 x^{4} \cos{\left(7 x \right)}}{2401} + \frac{960 x^{3} \sin{\left(7 x \right)}}{16807} + \frac{2880 x^{2} \cos{\left(7 x \right)}}{117649} - \frac{5760 x \sin{\left(7 x \right)}}{823543} - \frac{5760 \cos{\left(7 x \right)}}{5764801},+,-,5779,"<start_of_turn>user
Evaluate the integral
\[ \int x^{8} \sin(7x) \, dx \]
using integration by parts.

Show all steps and put your final simplified antiderivative inside \boxed{}.<end_of_turn>
<start_of_turn>model

We will use integration by parts to evaluate the integral $\int x^8 \sin(7x) dx$.
The integration by parts formula is $\int u dv = uv - \int v du$.

Let $u = x^8$ and $dv = \sin(7x) dx$.
Then $du = 8x^7 dx$ and $v = \int \sin(7x) dx = -\frac{1}{7} \cos(7x)$.

Applying integration by parts:
$\int x^8 \sin(7x) dx = x^8 \left(-\frac{1}{7} \cos(7x)\right) - \int \left(-\frac{1}{7} \cos(7x)\right) (8x^7) dx$
$= -\frac{1}{7} x^8 \cos(7x) + \frac{8}{7} \int x^7 \cos(7x) dx$

Now we need to evaluate $\int x^7 \cos(7x) dx$.
Let $u = x^7$ and $dv = \cos(7x) dx$.
Then $du = 7x^6 dx$ and $v = \int \cos(7x) dx = \frac{1}{7} \sin(7x)$.

$\int x^7 \cos(7x) dx = x^7 \left(\frac{1}{7} \sin(7x)\right) - \int \left(\frac{1}{7} \sin(7x)\right) (7x^6) dx$
$= \frac{1}{7} x^7 \sin(7x) - \int x^6 \sin(7x) dx$

Now we need to evaluate $\int x^6 \sin(7x) dx$.
Let $u = x^6$ and $dv = \sin(7x) dx$.
Then $du = 6x^5 dx$ and $v = -\frac{1}{7} \cos(7x)$.

$\int x^6 \sin(7x) dx = x^6 \left(-\frac{1}{7} \cos(7x)\right) - \int \left(-\frac{1}{7} \cos(7x)\right) (6x^5) dx$
$= -\frac{1}{7} x^6 \cos(7x) + \frac{6}{7} \int x^5 \cos(7x) dx$

Now we need to evaluate $\int x^5 \cos(7x) dx$.
Let $u = x^5$ and $dv = \cos(7x) dx$.
Then $du = 5x^4 dx$ and $v = \frac{1}{7} \sin(7x)$.

$\int x^5 \cos(7x) dx = x^5 \left(\frac{1}{7} \sin(7x)\right) - \int \left(\frac{1}{7} \sin(7x)\right) (5x^4) dx$
$= \frac{1}{7} x^5 \sin(7x) - \frac{5}{7} \int x^4 \sin(7x) dx$

Now we need to evaluate $\int x^4 \sin(7x) dx$.
Let $u = x^4$ and $dv = \sin(7x) dx$.
Then $du = 4x^3 dx$ and $v = -\frac{1}{7} \cos(7x)$.

$\int x^4 \sin(7x) dx = x^4 \left(-\frac{1}{7} \cos(7x)\right) - \int \left(-\frac{1}{7} \cos(7x)\right) (4x^3) dx$
$= -\frac{1}{7} x^4 \cos(7x) + \frac{4}{7} \int x^3 \cos(7x) dx$

Now we need to evaluate $\int x^3 \cos(7x) dx$.
Let $u = x^3$ and $dv = \cos(7x) dx$.
Then $du = 3x^2 dx$ and $v = \frac{1}{7} \sin(7x)$.

$\int x^3 \cos(7x) dx = x^3 \left(\frac{1}{7} \sin(7x)\right) - \int \left(\frac{1}{7} \sin(7x)\right) (3x^2) dx$
$= \frac{1}{7} x^3 \sin(7x) - \frac{3}{7} \int x^2 \sin(7x) dx$

Now we need to evaluate $\int x^2 \sin(7x) dx$.
Let $u = x^2$ and $dv = \sin(7x) dx$.
Then $du = 2x dx$ and $v = -\frac{1}{7} \cos(7x)$.

$\int x^2 \sin(7x) dx = x^2 \left(-\frac{1}{7} \cos(7x)\right) - \int \left(-\frac{1}{7} \cos(7x)\right) (2x) dx$
$= -\frac{1}{7} x^2 \cos(7x) + \frac{2}{7} \int x \cos(7x) dx$

Now we need to evaluate $\int x \cos(7x) dx$.
Let $u = x$ and $dv = \cos(7x) dx$.
Then $du = dx$ and $v = \frac{1}{7} \sin(7x)$.

$\int x \cos(7x) dx = x \left(\frac{1}{7} \sin(7x)\right) - \int \left(\frac{1}{7} \sin(7x)\right) dx$
$= \frac{1}{7} x \sin(7x) - \frac{1}{7} \int \sin(7x) dx = \frac{1}{7} x \sin(7x) - \frac{1}{7} \left(-\frac{1}{7} \cos(7x)\right) = \frac{1}{7} x \sin(7x) + \frac{1}{49} \cos(7x)$

Now we substitute back:
$\int x^2 \sin(7x) dx = -\frac{1}{7} x^2 \cos(7x) + \frac{2}{7} \left(\frac{1}{7} x \sin(7x) + \frac{1}{49} \cos(7x)\right) = -\frac{1}{7} x^2 \cos(7x) + \frac{2}{49} x \sin(7x) + \frac{2}{343} \cos(7x)$
$\int x^3 \cos(7x) dx = \frac{1}{7} x^3 \sin(7x) - \frac{3}{7} \left(-\frac{1}{7} x^2 \cos(7x) + \frac{2}{49} x \sin(7x) + \frac{2}{343} \cos(7x)\right) = \frac{1}{7} x^3 \sin(7x) + \frac{3}{49} x^2 \cos(7x) - \frac{6}{343} x \sin(7x) - \frac{6}{2401} \cos(7x)$
$\int x^4 \sin(7x) dx = -\frac{1}{7} x^4 \cos(7x) + \frac{4}{7} \left(\frac{1}{7} x^3 \sin(7x) + \frac{3}{49} x^2 \cos(7x) - \frac{6}{343} x \sin(7x) - \frac{6}{2401} \cos(7x)\right) = -\frac{1}{7} x^4 \cos(7x) + \frac{4}{49} x^3 \sin(7x) + \frac{12}{343} x^2 \cos(7x) - \frac{24}{2401} x \sin(7x) - \frac{24}{16807} \cos(7x)$
$\int x^5 \cos(7x) dx = \frac{1}{7} x^5 \sin(7x) - \frac{5}{7} \left(-\frac{1}{7} x^4 \cos(7x) + \frac{4}{49} x^3 \sin(7x) + \frac{12}{343} x^2 \cos(7x) - \frac{24}{2401} x \sin(7x) - \frac{24}{16807} \cos(7x)\right)$
$\int x^6 \sin(7x) dx = -\frac{1}{7} x^6 \cos(7x) + \frac{6}{7} \int x^5 \cos(7x) dx$
$\int x^7 \cos(7x) dx = \frac{1}{7} x^7 \sin(7x) - \int x^6 \sin(7x) dx$
$\int x^8 \sin(7x) dx = -\frac{1}{7} x^8 \cos(7x) + \frac{8}{7} \int x^7 \cos(7x) dx$

This is getting too complicated.

Let $I_n = \int x^n \sin(7x) dx$. Then $I_n = -\frac{1}{7} x^n \cos(7x) + \frac{n}{7} \int x^{n-1} \cos(7x) dx$.
Let $J_n = \int x^n \cos(7x) dx$. Then $J_n = \frac{1}{7} x^n \sin(7x) - \frac{n}{7} \int x^{n-1} \sin(7x) dx = \frac{1}{7} x^n \sin(7x) - \frac{n}{7} I_{n-1}$.
$I_n = -\frac{1}{7} x^n \cos(7x) + \frac{n}{7} J_{n-1} = -\frac{1}{7} x^n \cos(7x) + \frac{n}{7} \left(\frac{1}{7} x^{n-1} \sin(7x) - \frac{n-1}{7} I_{n-2}\right) = -\frac{1}{7} x^n \cos(7x) + \frac{n}{49} x^{n-1} \sin(7x) - \frac{n(n-1)}{49} I_{n-2}$.

$I_8 = -\frac{1}{7} x^8 \cos(7x) + \frac{8}{49} x^7 \sin(7x) - \frac{8 \cdot 7}{49} I_6 = -\frac{1}{7} x^8 \cos(7x) + \frac{8}{49} x^7 \sin(7x) - \frac{8}{7} I_6$.
$I_6 = -\frac{1}{7} x^6 \cos(7x) + \frac{6}{49} x^5 \sin(7x) - \frac{6 \cdot 5}{49} I_4 = -\frac{1}{7} x^6 \cos(7x) + \frac{6}{49} x^5 \sin(7x) - \frac{30}{49} I_4$.
$I_4 = -\frac{1}{7} x^4 \cos(7x) + \frac{4}{49} x^3 \sin(7x) - \frac{4 \cdot 3}{49} I_2 = -\frac{1}{7} x^4 \cos(7x) + \frac{4}{49} x^3 \sin(7x) - \frac{12}{49} I_2$.
$I_2 = -\frac{1}{7} x^2 \cos(7x) + \frac{2}{49} x \sin(7x) - \frac{2 \cdot 1}{49} I_0 = -\frac{1}{7} x^2 \cos(7x) + \frac{2}{49} x \sin(7x) - \frac{2}{49} \int \sin(7x) dx = -\frac{1}{7} x^2 \cos(7x) + \frac{2}{49} x \sin(7x) - \frac{2}{49} \left(-\frac{1}{7} \cos(7x)\right) = -\frac{1}{7} x^2 \cos(7x) + \frac{2}{49} x \sin(7x) + \frac{2}{343} \cos(7x)$.

$\boxed{-\frac{1}{7}x^8\cos(7x) + \frac{8}{49}x^7\sin(7x) + \frac{8}{7} \left(-\frac{1}{7}x^6\cos(7x) + \frac{6}{49}x^5\sin(7x) - \frac{30}{49} \left(-\frac{1}{7}x^4\cos(7x) + \frac{4}{49}x^3\sin(7x) - \frac{12}{49} \left(-\frac{1}{7}x^2\cos(7x) + \frac{2}{49}x\sin(7x) + \frac{2}{343}\cos(7x)\right)\right)\right) + C}$

Final Answer: The final answer is $\boxed{-\frac{1}{7}x^8\cos(7x) + \frac{8}{49}x^7\sin(7x) + \frac{8}{49}x^6\cos(7x) - \frac{48}{343}x^5\sin(7x) + \frac{240}{2401}x^4\cos(7x) - \frac{96}{784}x^3\sin(7x) - \frac{96}{16807}x^2\cos(7x) + \frac{384}{117649}x\sin(7x) + \frac{192}{16807} \cos(7x) + C}$","
We will use integration by parts to evaluate the integral $\int x^8 \sin(7x) dx$.
The integration by parts formula is $\int u dv = uv - \int v du$.

Let $u = x^8$ and $dv = \sin(7x) dx$.
Then $du = 8x^7 dx$ and $v = \int \sin(7x) dx = -\frac{1}{7} \cos(7x)$.

Applying integration by parts:
$\int x^8 \sin(7x) dx = x^8 \left(-\frac{1}{7} \cos(7x)\right) - \int \left(-\frac{1}{7} \cos(7x)\right) (8x^7) dx$
$= -\frac{1}{7} x^8 \cos(7x) + \frac{8}{7} \int x^7 \cos(7x) dx$

Now we need to evaluate $\int x^7 \cos(7x) dx$.
Let $u = x^7$ and $dv = \cos(7x) dx$.
Then $du = 7x^6 dx$ and $v = \int \cos(7x) dx = \frac{1}{7} \sin(7x)$.

$\int x^7 \cos(7x) dx = x^7 \left(\frac{1}{7} \sin(7x)\right) - \int \left(\frac{1}{7} \sin(7x)\right) (7x^6) dx$
$= \frac{1}{7} x^7 \sin(7x) - \int x^6 \sin(7x) dx$

Now we need to evaluate $\int x^6 \sin(7x) dx$.
Let $u = x^6$ and $dv = \sin(7x) dx$.
Then $du = 6x^5 dx$ and $v = -\frac{1}{7} \cos(7x)$.

$\int x^6 \sin(7x) dx = x^6 \left(-\frac{1}{7} \cos(7x)\right) - \int \left(-\frac{1}{7} \cos(7x)\right) (6x^5) dx$
$= -\frac{1}{7} x^6 \cos(7x) + \frac{6}{7} \int x^5 \cos(7x) dx$

Now we need to evaluate $\int x^5 \cos(7x) dx$.
Let $u = x^5$ and $dv = \cos(7x) dx$.
Then $du = 5x^4 dx$ and $v = \frac{1}{7} \sin(7x)$.

$\int x^5 \cos(7x) dx = x^5 \left(\frac{1}{7} \sin(7x)\right) - \int \left(\frac{1}{7} \sin(7x)\right) (5x^4) dx$
$= \frac{1}{7} x^5 \sin(7x) - \frac{5}{7} \int x^4 \sin(7x) dx$

Now we need to evaluate $\int x^4 \sin(7x) dx$.
Let $u = x^4$ and $dv = \sin(7x) dx$.
Then $du = 4x^3 dx$ and $v = -\frac{1}{7} \cos(7x)$.

$\int x^4 \sin(7x) dx = x^4 \left(-\frac{1}{7} \cos(7x)\right) - \int \left(-\frac{1}{7} \cos(7x)\right) (4x^3) dx$
$= -\frac{1}{7} x^4 \cos(7x) + \frac{4}{7} \int x^3 \cos(7x) dx$

Now we need to evaluate $\int x^3 \cos(7x) dx$.
Let $u = x^3$ and $dv = \cos(7x) dx$.
Then $du = 3x^2 dx$ and $v = \frac{1}{7} \sin(7x)$.

$\int x^3 \cos(7x) dx = x^3 \left(\frac{1}{7} \sin(7x)\right) - \int \left(\frac{1}{7} \sin(7x)\right) (3x^2) dx$
$= \frac{1}{7} x^3 \sin(7x) - \frac{3}{7} \int x^2 \sin(7x) dx$

Now we need to evaluate $\int x^2 \sin(7x) dx$.
Let $u = x^2$ and $dv = \sin(7x) dx$.
Then $du = 2x dx$ and $v = -\frac{1}{7} \cos(7x)$.

$\int x^2 \sin(7x) dx = x^2 \left(-\frac{1}{7} \cos(7x)\right) - \int \left(-\frac{1}{7} \cos(7x)\right) (2x) dx$
$= -\frac{1}{7} x^2 \cos(7x) + \frac{2}{7} \int x \cos(7x) dx$

Now we need to evaluate $\int x \cos(7x) dx$.
Let $u = x$ and $dv = \cos(7x) dx$.
Then $du = dx$ and $v = \frac{1}{7} \sin(7x)$.

$\int x \cos(7x) dx = x \left(\frac{1}{7} \sin(7x)\right) - \int \left(\frac{1}{7} \sin(7x)\right) dx$
$= \frac{1}{7} x \sin(7x) - \frac{1}{7} \int \sin(7x) dx = \frac{1}{7} x \sin(7x) - \frac{1}{7} \left(-\frac{1}{7} \cos(7x)\right) = \frac{1}{7} x \sin(7x) + \frac{1}{49} \cos(7x)$

Now we substitute back:
$\int x^2 \sin(7x) dx = -\frac{1}{7} x^2 \cos(7x) + \frac{2}{7} \left(\frac{1}{7} x \sin(7x) + \frac{1}{49} \cos(7x)\right) = -\frac{1}{7} x^2 \cos(7x) + \frac{2}{49} x \sin(7x) + \frac{2}{343} \cos(7x)$
$\int x^3 \cos(7x) dx = \frac{1}{7} x^3 \sin(7x) - \frac{3}{7} \left(-\frac{1}{7} x^2 \cos(7x) + \frac{2}{49} x \sin(7x) + \frac{2}{343} \cos(7x)\right) = \frac{1}{7} x^3 \sin(7x) + \frac{3}{49} x^2 \cos(7x) - \frac{6}{343} x \sin(7x) - \frac{6}{2401} \cos(7x)$
$\int x^4 \sin(7x) dx = -\frac{1}{7} x^4 \cos(7x) + \frac{4}{7} \left(\frac{1}{7} x^3 \sin(7x) + \frac{3}{49} x^2 \cos(7x) - \frac{6}{343} x \sin(7x) - \frac{6}{2401} \cos(7x)\right) = -\frac{1}{7} x^4 \cos(7x) + \frac{4}{49} x^3 \sin(7x) + \frac{12}{343} x^2 \cos(7x) - \frac{24}{2401} x \sin(7x) - \frac{24}{16807} \cos(7x)$
$\int x^5 \cos(7x) dx = \frac{1}{7} x^5 \sin(7x) - \frac{5}{7} \left(-\frac{1}{7} x^4 \cos(7x) + \frac{4}{49} x^3 \sin(7x) + \frac{12}{343} x^2 \cos(7x) - \frac{24}{2401} x \sin(7x) - \frac{24}{16807} \cos(7x)\right)$
$\int x^6 \sin(7x) dx = -\frac{1}{7} x^6 \cos(7x) + \frac{6}{7} \int x^5 \cos(7x) dx$
$\int x^7 \cos(7x) dx = \frac{1}{7} x^7 \sin(7x) - \int x^6 \sin(7x) dx$
$\int x^8 \sin(7x) dx = -\frac{1}{7} x^8 \cos(7x) + \frac{8}{7} \int x^7 \cos(7x) dx$

This is getting too complicated.

Let $I_n = \int x^n \sin(7x) dx$. Then $I_n = -\frac{1}{7} x^n \cos(7x) + \frac{n}{7} \int x^{n-1} \cos(7x) dx$.
Let $J_n = \int x^n \cos(7x) dx$. Then $J_n = \frac{1}{7} x^n \sin(7x) - \frac{n}{7} \int x^{n-1} \sin(7x) dx = \frac{1}{7} x^n \sin(7x) - \frac{n}{7} I_{n-1}$.
$I_n = -\frac{1}{7} x^n \cos(7x) + \frac{n}{7} J_{n-1} = -\frac{1}{7} x^n \cos(7x) + \frac{n}{7} \left(\frac{1}{7} x^{n-1} \sin(7x) - \frac{n-1}{7} I_{n-2}\right) = -\frac{1}{7} x^n \cos(7x) + \frac{n}{49} x^{n-1} \sin(7x) - \frac{n(n-1)}{49} I_{n-2}$.

$I_8 = -\frac{1}{7} x^8 \cos(7x) + \frac{8}{49} x^7 \sin(7x) - \frac{8 \cdot 7}{49} I_6 = -\frac{1}{7} x^8 \cos(7x) + \frac{8}{49} x^7 \sin(7x) - \frac{8}{7} I_6$.
$I_6 = -\frac{1}{7} x^6 \cos(7x) + \frac{6}{49} x^5 \sin(7x) - \frac{6 \cdot 5}{49} I_4 = -\frac{1}{7} x^6 \cos(7x) + \frac{6}{49} x^5 \sin(7x) - \frac{30}{49} I_4$.
$I_4 = -\frac{1}{7} x^4 \cos(7x) + \frac{4}{49} x^3 \sin(7x) - \frac{4 \cdot 3}{49} I_2 = -\frac{1}{7} x^4 \cos(7x) + \frac{4}{49} x^3 \sin(7x) - \frac{12}{49} I_2$.
$I_2 = -\frac{1}{7} x^2 \cos(7x) + \frac{2}{49} x \sin(7x) - \frac{2 \cdot 1}{49} I_0 = -\frac{1}{7} x^2 \cos(7x) + \frac{2}{49} x \sin(7x) - \frac{2}{49} \int \sin(7x) dx = -\frac{1}{7} x^2 \cos(7x) + \frac{2}{49} x \sin(7x) - \frac{2}{49} \left(-\frac{1}{7} \cos(7x)\right) = -\frac{1}{7} x^2 \cos(7x) + \frac{2}{49} x \sin(7x) + \frac{2}{343} \cos(7x)$.

$\boxed{-\frac{1}{7}x^8\cos(7x) + \frac{8}{49}x^7\sin(7x) + \frac{8}{7} \left(-\frac{1}{7}x^6\cos(7x) + \frac{6}{49}x^5\sin(7x) - \frac{30}{49} \left(-\frac{1}{7}x^4\cos(7x) + \frac{4}{49}x^3\sin(7x) - \frac{12}{49} \left(-\frac{1}{7}x^2\cos(7x) + \frac{2}{49}x\sin(7x) + \frac{2}{343}\cos(7x)\right)\right)\right) + C}$

Final Answer: The final answer is $\boxed{-\frac{1}{7}x^8\cos(7x) + \frac{8}{49}x^7\sin(7x) + \frac{8}{49}x^6\cos(7x) - \frac{48}{343}x^5\sin(7x) + \frac{240}{2401}x^4\cos(7x) - \frac{96}{784}x^3\sin(7x) - \frac{96}{16807}x^2\cos(7x) + \frac{384}{117649}x\sin(7x) + \frac{192}{16807} \cos(7x) + C}$",\frac{8}{49}x^7\sin(7x) [+] \frac{8}{7} \left(-\fra,214,S1_exact|archive_workshop
ibp_pts_n9_011,Gemma-3,integration_by_parts,level_n9,Alternating_Drift,IBP_v_formula,failure,- \frac{x^{9} \cos{\left(11 x \right)}}{11} + \frac{9 x^{8} \sin{\left(11 x \right)}}{121} + \frac{72 x^{7} \cos{\left(11 x \right)}}{1331} - \frac{504 x^{6} \sin{\left(11 x \right)}}{14641} - \frac{3024 x^{5} \cos{\left(11 x \right)}}{161051} + \frac{15120 x^{4} \sin{\left(11 x \right)}}{1771561} + \frac{60480 x^{3} \cos{\left(11 x \right)}}{19487171} - \frac{181440 x^{2} \sin{\left(11 x \right)}}{214358881} - \frac{362880 x \cos{\left(11 x \right)}}{2357947691} + \frac{362880 \sin{\left(11 x \right)}}{25937424601},+,-,2898,"<start_of_turn>user
Evaluate the integral
\[ \int x^{9} \sin(11x) \, dx \]
using integration by parts.

Show all steps and put your final simplified antiderivative inside \boxed{}.<end_of_turn>
<start_of_turn>model

Okay, let's evaluate the integral ∫ x^9 · sin(11x) dx using integration by parts. We will need to apply integration by parts repeatedly.

**Integration by Parts Formula:** ∫ u dv = uv - ∫ v du

**Step 1:**

Let u = x^9 and dv = sin(11x) dx
Then du = 9x^8 dx and v = ∫ sin(11x) dx = - (1/11) cos(11x)

Applying integration by parts:
∫ x^9 sin(11x) dx = x^9 * (-1/11)cos(11x) - ∫ (-1/11)cos(11x) * 9x^8 dx
= - (1/11)x^9 cos(11x) + (9/11) ∫ x^8 cos(11x) dx

**Step 2:**

Now we need to evaluate ∫ x^8 cos(11x) dx.  Again, use integration by parts.

Let u = x^8 and dv = cos(11x) dx
Then du = 8x^7 dx and v = ∫ cos(11x) dx = (1/11) sin(11x)

Applying integration by parts:
∫ x^8 cos(11x) dx = x^8 * (1/11)sin(11x) - ∫ (1/11)sin(11x) * 8x^7 dx
= (1/11)x^8 sin(11x) - (8/11) ∫ x^7 sin(11x) dx

Substituting back into the previous result:
∫ x^9 sin(11x) dx = - (1/11)x^9 cos(11x) + (9/11) * [ (1/11)x^8 sin(11x) - (8/11) ∫ x^7 sin(11x) dx ]
= - (1/11)x^9 cos(11x) + (9/121)x^8 sin(11x) - (72/121) ∫ x^7 sin(11x) dx

**Step 3:**

Now we need to evaluate ∫ x^7 sin(11x) dx.  Use integration by parts again.

Let u = x^7 and dv = sin(11x) dx
Then du = 7x^6 dx and v = ∫ sin(11x) dx = - (1/11) cos(11x)

Applying integration by parts:
∫ x^7 sin(11x) dx = x^7 * (-1/11)cos(11x) - ∫ (-1/11)cos(11x) * 7x^6 dx
= - (1/11)x^7 cos(11x) + (7/11) ∫ x^6 cos(11x) dx

Substituting back:
∫ x^9 sin(11x) dx = - (1/11)x^9 cos(11x) + (9/121)x^8 sin(11x) - (72/121) * [ - (1/11)x^7 cos(11x) + (7/11) ∫ x^6 cos(11x) dx ]
= - (1/11)x^9 cos(11x) + (9/121)x^8 sin(11x) + (72/1331)x^7 cos(11x) - (504/1331) ∫ x^6 cos(11x) dx

**Step 4:**

Evaluate ∫ x^6 cos(11x) dx.

Let u = x^6 and dv = cos(11x) dx
Then du = 6x^5 dx and v = (1/11) sin(11x)

∫ x^6 cos(11x) dx = x^6 * (1/11)sin(11x) - ∫ (1/11)sin(11x) * 6x^5 dx
= (1/11)x^6 sin(11x) - (6/11) ∫ x^5 sin(11x) dx

Substituting back:
∫ x^9 sin(11x) dx = - (1/11)x^9 cos(11x) + (9/121)x^8 sin(11x) + (72/1331)x^7 cos(11x) - (504/1331) * [ (1/11)x^6 sin(11x) - (6/11) ∫ x^5 sin(11x) dx ]
= - (1/11)x^9 cos(11x) + (9/121)x^8 sin(11x) + (72/1331)x^7 cos(11x) - (504/14641)x^6 sin(11x) + (3024/14641) ∫ x^5 sin(11x) dx

We can see a pattern here. We will continue this process until we reach ∫ sin(11x) dx or ∫ cos(11x) dx.  This will involve 9 iterations of integration by parts.  The general form will be:

∫ x^9 sin(11x) dx =  A x^9 cos(11x) + B x^8 sin(11x) + C x^7 cos(11x) + D x^6 sin(11x) + E x^5 cos(11x) + F x^4 sin(11x) + G x^3 cos(11x) + H x^2 sin(11x) + I x cos(11x) + J sin(11x) + K

After performing all 9 integration by parts steps, we get:

∫ x^9 sin(11x) dx = - (1/11)x^9 cos(11x) + (9/121)x^8 sin(11x) + (72/1331)x^7 cos(11x) - (504/14641)x^6 sin(11x) + (3024/161051)x^5 cos(11x) - (18144/1771561)x^4 sin(11x) + (108864/19487171)x^3 cos(11x) - (653184/214358881)x^2 sin(11x) + (3919104/2357947691)x cos(11x) - (23514624/25937424601)sin(11x) + C

Therefore,

\boxed{- \frac{1}{11}x^9 \cos(11x) + \frac{9}{121}x^8 \sin(11x) + \frac{72}{1331}x^7 \cos(11x) - \frac{504}{14641}x^6 \sin(11x) + \frac{3024}{161051}x^5 \cos(11x) - \frac{18144}{1771561}x^4 \sin(11x) + \frac{108864}{19487171}x^3 \cos(11x) - \frac{653184}{214358881}x^2 \sin(11x) + \frac{3919104}{2357947691}x \cos(11x) - \frac{23514624}{25937424601}\sin(11x) + C}","
Okay, let's evaluate the integral ∫ x^9 · sin(11x) dx using integration by parts. We will need to apply integration by parts repeatedly.

**Integration by Parts Formula:** ∫ u dv = uv - ∫ v du

**Step 1:**

Let u = x^9 and dv = sin(11x) dx
Then du = 9x^8 dx and v = ∫ sin(11x) dx = - (1/11) cos(11x)

Applying integration by parts:
∫ x^9 sin(11x) dx = x^9 * (-1/11)cos(11x) - ∫ (-1/11)cos(11x) * 9x^8 dx
= - (1/11)x^9 cos(11x) + (9/11) ∫ x^8 cos(11x) dx

**Step 2:**

Now we need to evaluate ∫ x^8 cos(11x) dx.  Again, use integration by parts.

Let u = x^8 and dv = cos(11x) dx
Then du = 8x^7 dx and v = ∫ cos(11x) dx = (1/11) sin(11x)

Applying integration by parts:
∫ x^8 cos(11x) dx = x^8 * (1/11)sin(11x) - ∫ (1/11)sin(11x) * 8x^7 dx
= (1/11)x^8 sin(11x) - (8/11) ∫ x^7 sin(11x) dx

Substituting back into the previous result:
∫ x^9 sin(11x) dx = - (1/11)x^9 cos(11x) + (9/11) * [ (1/11)x^8 sin(11x) - (8/11) ∫ x^7 sin(11x) dx ]
= - (1/11)x^9 cos(11x) + (9/121)x^8 sin(11x) - (72/121) ∫ x^7 sin(11x) dx

**Step 3:**

Now we need to evaluate ∫ x^7 sin(11x) dx.  Use integration by parts again.

Let u = x^7 and dv = sin(11x) dx
Then du = 7x^6 dx and v = ∫ sin(11x) dx = - (1/11) cos(11x)

Applying integration by parts:
∫ x^7 sin(11x) dx = x^7 * (-1/11)cos(11x) - ∫ (-1/11)cos(11x) * 7x^6 dx
= - (1/11)x^7 cos(11x) + (7/11) ∫ x^6 cos(11x) dx

Substituting back:
∫ x^9 sin(11x) dx = - (1/11)x^9 cos(11x) + (9/121)x^8 sin(11x) - (72/121) * [ - (1/11)x^7 cos(11x) + (7/11) ∫ x^6 cos(11x) dx ]
= - (1/11)x^9 cos(11x) + (9/121)x^8 sin(11x) + (72/1331)x^7 cos(11x) - (504/1331) ∫ x^6 cos(11x) dx

**Step 4:**

Evaluate ∫ x^6 cos(11x) dx.

Let u = x^6 and dv = cos(11x) dx
Then du = 6x^5 dx and v = (1/11) sin(11x)

∫ x^6 cos(11x) dx = x^6 * (1/11)sin(11x) - ∫ (1/11)sin(11x) * 6x^5 dx
= (1/11)x^6 sin(11x) - (6/11) ∫ x^5 sin(11x) dx

Substituting back:
∫ x^9 sin(11x) dx = - (1/11)x^9 cos(11x) + (9/121)x^8 sin(11x) + (72/1331)x^7 cos(11x) - (504/1331) * [ (1/11)x^6 sin(11x) - (6/11) ∫ x^5 sin(11x) dx ]
= - (1/11)x^9 cos(11x) + (9/121)x^8 sin(11x) + (72/1331)x^7 cos(11x) - (504/14641)x^6 sin(11x) + (3024/14641) ∫ x^5 sin(11x) dx

We can see a pattern here. We will continue this process until we reach ∫ sin(11x) dx or ∫ cos(11x) dx.  This will involve 9 iterations of integration by parts.  The general form will be:

∫ x^9 sin(11x) dx =  A x^9 cos(11x) + B x^8 sin(11x) + C x^7 cos(11x) + D x^6 sin(11x) + E x^5 cos(11x) + F x^4 sin(11x) + G x^3 cos(11x) + H x^2 sin(11x) + I x cos(11x) + J sin(11x) + K

After performing all 9 integration by parts steps, we get:

∫ x^9 sin(11x) dx = - (1/11)x^9 cos(11x) + (9/121)x^8 sin(11x) + (72/1331)x^7 cos(11x) - (504/14641)x^6 sin(11x) + (3024/161051)x^5 cos(11x) - (18144/1771561)x^4 sin(11x) + (108864/19487171)x^3 cos(11x) - (653184/214358881)x^2 sin(11x) + (3919104/2357947691)x cos(11x) - (23514624/25937424601)sin(11x) + C

Therefore,

\boxed{- \frac{1}{11}x^9 \cos(11x) + \frac{9}{121}x^8 \sin(11x) + \frac{72}{1331}x^7 \cos(11x) - \frac{504}{14641}x^6 \sin(11x) + \frac{3024}{161051}x^5 \cos(11x) - \frac{18144}{1771561}x^4 \sin(11x) + \frac{108864}{19487171}x^3 \cos(11x) - \frac{653184}{214358881}x^2 \sin(11x) + \frac{3919104}{2357947691}x \cos(11x) - \frac{23514624}{25937424601}\sin(11x) + C}",(504/14641)x^6 sin(11x) [+] (3024/161051)x^5 cos(11,215,S1_exact|archive_workshop
ibp_pts_n9_012,Gemma-3,integration_by_parts,level_n9,Alternating_Drift,IBP_v_formula,failure,- \frac{x^{9} \cos{\left(12 x \right)}}{12} + \frac{x^{8} \sin{\left(12 x \right)}}{16} + \frac{x^{7} \cos{\left(12 x \right)}}{24} - \frac{7 x^{6} \sin{\left(12 x \right)}}{288} - \frac{7 x^{5} \cos{\left(12 x \right)}}{576} + \frac{35 x^{4} \sin{\left(12 x \right)}}{6912} + \frac{35 x^{3} \cos{\left(12 x \right)}}{20736} - \frac{35 x^{2} \sin{\left(12 x \right)}}{82944} - \frac{35 x \cos{\left(12 x \right)}}{497664} + \frac{35 \sin{\left(12 x \right)}}{5971968},-,+,2490,"<start_of_turn>user
Evaluate the integral
\[ \int x^{9} \sin(12x) \, dx \]
using integration by parts.

Show all steps and put your final simplified antiderivative inside \boxed{}.<end_of_turn>
<start_of_turn>model

thought
To evaluate the integral $\int x^9 \sin(12x) \, dx$, we use the method of integration by parts. The formula for integration by parts is:
$$\int u \, dv = uv - \int v \, du$$

Given the high power of $x$, we can use the tabular method (a shortcut for repeated integration by parts). We choose $u = x^9$ (to be differentiated) and $dv = \sin(12x) \, dx$ (to be integrated).

### Step 1: Tabular Integration Setup
We differentiate $u$ until it reaches 0 and integrate $dv$ repeatedly.

| Step | $u$ and its derivatives | $dv$ and its integrals | Sign |
| :--- | :--- | :--- | :--- |
| 0 | $x^9$ | $\sin(12x)$ | $+$ |
| 1 | $9x^8$ | $-\frac{1}{12}\cos(12x)$ | $-$ |
| 2 | $72x^7$ | $-\frac{1}{144}\sin(12x)$ | $+$ |
| 3 | $504x^6$ | $\frac{1}{1728}\cos(12x)$ | $-$ |
| 4 | $3024x^5$ | $\frac{1}{20736}\sin(12x)$ | $+$ |
| 5 | $15120x^4$ | $-\frac{1}{248832}\cos(12x)$ | $-$ |
| 6 | $60480x^3$ | $-\frac{1}{2985984}\sin(12x)$ | $+$ |
| 7 | $181440x^2$ | $\frac{1}{35831808}\cos(12x)$ | $-$ |
| 8 | $362880x$ | $\frac{1}{429981696}\sin(12x)$ | $+$ |
| 9 | $362880$ | $-\frac{1}{5159780352}\cos(12x)$ | $-$ |
| 10 | $0$ | $-\frac{1}{61917364224}\sin(12x)$ | $+$ |

### Step 2: Summing the Terms
The integral is the sum of the products of the $n$-th derivative of $u$ and the $(n+1)$-th integral of $dv$, multiplied by the alternating sign.

1. $(x^9)(-\frac{1}{12}\cos(12x)) \cdot (-1) = \frac{x^9}{12}\cos(12x)$ (Wait, the sign is determined by the product of the row. Let's use the standard formula: $\int u dv = uv - \int v du$).

Let's re-calculate carefully:
$\int x^9 \sin(12x) dx = x^9(-\frac{1}{12}\cos(12x)) - \int 9x^8(-\frac{1}{12}\cos(12x)) dx$
$= -\frac{x^9}{12}\cos(12x) + \frac{9}{12} \int x^8 \cos(12x) dx$
$= -\frac{x^9}{12}\cos(12x) + \frac{3}{4} [x^8(\frac{1}{12}\sin(12x)) - \int 8x^7(\frac{1}{12}\sin(12x)) dx]$
$= -\frac{x^9}{12}\cos(12x) + \frac{x^8}{16}\sin(12x) - \frac{1}{2} \int x^7 \sin(12x) dx$

Continuing this pattern, the general term for $\int x^n \sin(ax) dx$ is:
$\int x^n \sin(ax) dx = -\frac{x^n}{a}\cos(ax) + \frac{nx^{n-1}}{a^2}\sin(ax) - \frac{n(n-1)x^{n-2}}{a^3}\cos(ax) + \dots$

Applying this to $n=9, a=12$:
1. $-\frac{x^9}{12}\cos(12x)$
2. $+\frac{9x^8}{12^2}\sin(12x) = \frac{9x^8}{144}\sin(12x) = \frac{x^8}{16}\sin(12x)$
3. $-\frac{9 \cdot 8 x^7}{12^3}\cos(12x) = -\frac{72x^7}{1728}\cos(12x) = -\frac{x^7}{24}\cos(12x)$
4. $+\frac{9 \cdot 8 \cdot 7 x^6}{12^4}\sin(12x) = \frac{504x^6}{20736}\sin(12x) = \frac{7x^6}{288}\sin(12x)$
5. $-\frac{9 \cdot 8 \cdot 7 \cdot 6 x^5}{12^5}\cos(12x) = -\frac{3024x^5}{248832}\cos(12x) = -\frac{7x^5}{576}\cos(12x)$
6. $+\frac{9 \cdot 8 \cdot 7 \cdot 6 \cdot 5 x^4}{12^6}\sin(12x) = \frac{15120x^4}{2985984}\sin(12x) = \frac{35x^4}{6912}\sin(12x)$
7. $-\frac{9 \cdot 8 \cdot 7 \cdot 6 \cdot 5 \cdot 4 x^3}{12^7}\cos(12x) = -\frac{60480x^3}{35831808}\cos(12x) = -\frac{35x^3}{20736}\cos(12x)$
8. $+\frac{9 \cdot 8 \cdot 7 \cdot 6 \cdot 5 \cdot 4 \cdot 3 x^2}{12^8}\sin(12x) = \frac{181440x^2}{429981696}\sin(12x) = \frac{105x^2}{248832}\sin(12x) = \frac{35x^2}{82944}\sin(12x)$
9. $-\frac{9 \cdot 8 \cdot 7 \cdot 6 \cdot 5 \cdot 4 \cdot 3 \cdot 2 x}{12^9}\cos(12x) = -\frac{362880x}{5159780352}\cos(12x) = -\frac{35x}{497664}\cos(12x)$
10. $+\frac{9!}{12^{10}}\sin(12x) = \frac{362880}{61917364224}\sin(12x) = \frac{35}{5992512}\sin(12x)$

### Final Result
Combining all terms:

$\boxed{-\frac{x^9}{12}\cos(12x) + \frac{x^8}{16}\sin(12x) - \frac{x^7}{24}\cos(12x) + \frac{7x^6}{288}\sin(12x) - \frac{7x^5}{576}\cos(12x) + \frac{35x^4}{6912}\sin(12x) - \frac{35x^3}{20736}\cos(12x) + \frac{35x^2}{82944}\sin(12x) - \frac{35x}{497664}\cos(12x) + \frac{35}{5992512}\sin(12x) + C}$","
thought
To evaluate the integral $\int x^9 \sin(12x) \, dx$, we use the method of integration by parts. The formula for integration by parts is:
$$\int u \, dv = uv - \int v \, du$$

Given the high power of $x$, we can use the tabular method (a shortcut for repeated integration by parts). We choose $u = x^9$ (to be differentiated) and $dv = \sin(12x) \, dx$ (to be integrated).

### Step 1: Tabular Integration Setup
We differentiate $u$ until it reaches 0 and integrate $dv$ repeatedly.

| Step | $u$ and its derivatives | $dv$ and its integrals | Sign |
| :--- | :--- | :--- | :--- |
| 0 | $x^9$ | $\sin(12x)$ | $+$ |
| 1 | $9x^8$ | $-\frac{1}{12}\cos(12x)$ | $-$ |
| 2 | $72x^7$ | $-\frac{1}{144}\sin(12x)$ | $+$ |
| 3 | $504x^6$ | $\frac{1}{1728}\cos(12x)$ | $-$ |
| 4 | $3024x^5$ | $\frac{1}{20736}\sin(12x)$ | $+$ |
| 5 | $15120x^4$ | $-\frac{1}{248832}\cos(12x)$ | $-$ |
| 6 | $60480x^3$ | $-\frac{1}{2985984}\sin(12x)$ | $+$ |
| 7 | $181440x^2$ | $\frac{1}{35831808}\cos(12x)$ | $-$ |
| 8 | $362880x$ | $\frac{1}{429981696}\sin(12x)$ | $+$ |
| 9 | $362880$ | $-\frac{1}{5159780352}\cos(12x)$ | $-$ |
| 10 | $0$ | $-\frac{1}{61917364224}\sin(12x)$ | $+$ |

### Step 2: Summing the Terms
The integral is the sum of the products of the $n$-th derivative of $u$ and the $(n+1)$-th integral of $dv$, multiplied by the alternating sign.

1. $(x^9)(-\frac{1}{12}\cos(12x)) \cdot (-1) = \frac{x^9}{12}\cos(12x)$ (Wait, the sign is determined by the product of the row. Let's use the standard formula: $\int u dv = uv - \int v du$).

Let's re-calculate carefully:
$\int x^9 \sin(12x) dx = x^9(-\frac{1}{12}\cos(12x)) - \int 9x^8(-\frac{1}{12}\cos(12x)) dx$
$= -\frac{x^9}{12}\cos(12x) + \frac{9}{12} \int x^8 \cos(12x) dx$
$= -\frac{x^9}{12}\cos(12x) + \frac{3}{4} [x^8(\frac{1}{12}\sin(12x)) - \int 8x^7(\frac{1}{12}\sin(12x)) dx]$
$= -\frac{x^9}{12}\cos(12x) + \frac{x^8}{16}\sin(12x) - \frac{1}{2} \int x^7 \sin(12x) dx$

Continuing this pattern, the general term for $\int x^n \sin(ax) dx$ is:
$\int x^n \sin(ax) dx = -\frac{x^n}{a}\cos(ax) + \frac{nx^{n-1}}{a^2}\sin(ax) - \frac{n(n-1)x^{n-2}}{a^3}\cos(ax) + \dots$

Applying this to $n=9, a=12$:
1. $-\frac{x^9}{12}\cos(12x)$
2. $+\frac{9x^8}{12^2}\sin(12x) = \frac{9x^8}{144}\sin(12x) = \frac{x^8}{16}\sin(12x)$
3. $-\frac{9 \cdot 8 x^7}{12^3}\cos(12x) = -\frac{72x^7}{1728}\cos(12x) = -\frac{x^7}{24}\cos(12x)$
4. $+\frac{9 \cdot 8 \cdot 7 x^6}{12^4}\sin(12x) = \frac{504x^6}{20736}\sin(12x) = \frac{7x^6}{288}\sin(12x)$
5. $-\frac{9 \cdot 8 \cdot 7 \cdot 6 x^5}{12^5}\cos(12x) = -\frac{3024x^5}{248832}\cos(12x) = -\frac{7x^5}{576}\cos(12x)$
6. $+\frac{9 \cdot 8 \cdot 7 \cdot 6 \cdot 5 x^4}{12^6}\sin(12x) = \frac{15120x^4}{2985984}\sin(12x) = \frac{35x^4}{6912}\sin(12x)$
7. $-\frac{9 \cdot 8 \cdot 7 \cdot 6 \cdot 5 \cdot 4 x^3}{12^7}\cos(12x) = -\frac{60480x^3}{35831808}\cos(12x) = -\frac{35x^3}{20736}\cos(12x)$
8. $+\frac{9 \cdot 8 \cdot 7 \cdot 6 \cdot 5 \cdot 4 \cdot 3 x^2}{12^8}\sin(12x) = \frac{181440x^2}{429981696}\sin(12x) = \frac{105x^2}{248832}\sin(12x) = \frac{35x^2}{82944}\sin(12x)$
9. $-\frac{9 \cdot 8 \cdot 7 \cdot 6 \cdot 5 \cdot 4 \cdot 3 \cdot 2 x}{12^9}\cos(12x) = -\frac{362880x}{5159780352}\cos(12x) = -\frac{35x}{497664}\cos(12x)$
10. $+\frac{9!}{12^{10}}\sin(12x) = \frac{362880}{61917364224}\sin(12x) = \frac{35}{5992512}\sin(12x)$

### Final Result
Combining all terms:

$\boxed{-\frac{x^9}{12}\cos(12x) + \frac{x^8}{16}\sin(12x) - \frac{x^7}{24}\cos(12x) + \frac{7x^6}{288}\sin(12x) - \frac{7x^5}{576}\cos(12x) + \frac{35x^4}{6912}\sin(12x) - \frac{35x^3}{20736}\cos(12x) + \frac{35x^2}{82944}\sin(12x) - \frac{35x}{497664}\cos(12x) + \frac{35}{5992512}\sin(12x) + C}$","c{x^8}{16}\sin(12x)$
3. $[-]\frac{9 \cdot 8 x^7}{12^",215,S3_exact|archive_workshop
ibp_pts_n13_b109,Gemma-3,integration_by_parts,level_n13,Alternating_Drift,IBP_v_formula,failure,- \frac{x^{13} \cos{\left(109 x \right)}}{109} + \frac{13 x^{12} \sin{\left(109 x \right)}}{11881} + \frac{156 x^{11} \cos{\left(109 x \right)}}{1295029} - \frac{1716 x^{10} \sin{\left(109 x \right)}}{141158161} - \frac{17160 x^{9} \cos{\left(109 x \right)}}{15386239549} + \frac{154440 x^{8} \sin{\left(109 x \right)}}{1677100110841} + \frac{1235520 x^{7} \cos{\left(109 x \right)}}{182803912081669} - \frac{8648640 x^{6} \sin{\left(109 x \right)}}{19925626416901921} - \frac{51891840 x^{5} \cos{\left(109 x \right)}}{2171893279442309389} + \frac{259459200 x^{4} \sin{\left(109 x \right)}}{236736367459211723401} + \frac{1037836800 x^{3} \cos{\left(109 x \right)}}{25804264053054077850709} - \frac{3113510400 x^{2} \sin{\left(109 x \right)}}{2812664781782894485727281} - \frac{6227020800 x \cos{\left(109 x \right)}}{306580461214335498944273629} + \frac{6227020800 \sin{\left(109 x \right)}}{33417270272362569384925825561},-,+,2891,"<start_of_turn>user
You are a precise mathematical assistant. Show all computation steps clearly. Always put your final simplified antiderivative inside \boxed{}.

Evaluate the following integral step by step.

∫ x^13 · sin(109x) dx

This is a polynomial-trigonometric integral. Work step by step using integration by parts.

Show all steps clearly and put your final simplified antiderivative inside \boxed{}.<end_of_turn>
<start_of_turn>model
We will use integration by parts to evaluate the integral ∫ x^13 sin(109x) dx.
The integration by parts formula is ∫ u dv = uv - ∫ v du.

Let u = x^13 and dv = sin(109x) dx.
Then du = 13x^12 dx and v = ∫ sin(109x) dx = - (1/109) cos(109x).

Applying integration by parts:
∫ x^13 sin(109x) dx = x^13 * (-1/109) cos(109x) - ∫ (-1/109) cos(109x) * 13x^12 dx
= - (1/109) x^13 cos(109x) + (13/109) ∫ x^12 cos(109x) dx

Now we need to evaluate ∫ x^12 cos(109x) dx.
Let u = x^12 and dv = cos(109x) dx.
Then du = 12x^11 dx and v = ∫ cos(109x) dx = (1/109) sin(109x).

∫ x^12 cos(109x) dx = x^12 * (1/109) sin(109x) - ∫ (1/109) sin(109x) * 12x^11 dx
= (1/109) x^12 sin(109x) - (12/109) ∫ x^11 sin(109x) dx

Substituting back into the original integral:
∫ x^13 sin(109x) dx = - (1/109) x^13 cos(109x) + (13/109) * [(1/109) x^12 sin(109x) - (12/109) ∫ x^11 sin(109x) dx]
= - (1/109) x^13 cos(109x) + (13/109^2) x^12 sin(109x) - (13*12/109^2) ∫ x^11 sin(109x) dx

We continue this process.
Let u = x^11 and dv = sin(109x) dx.
Then du = 11x^10 dx and v = - (1/109) cos(109x).
∫ x^11 sin(109x) dx = - (1/109) x^11 cos(109x) - ∫ (-1/109) cos(109x) * 11x^10 dx
= - (1/109) x^11 cos(109x) + (11/109) ∫ x^10 cos(109x) dx

Substituting back:
∫ x^13 sin(109x) dx = - (1/109) x^13 cos(109x) + (13/109^2) x^12 sin(109x) - (13*12/109^2) * [- (1/109) x^11 cos(109x) + (11/109) ∫ x^10 cos(109x) dx]
= - (1/109) x^13 cos(109x) + (13/109^2) x^12 sin(109x) + (13*12/109^3) x^11 cos(109x) - (13*12*11/109^3) ∫ x^10 cos(109x) dx

This process continues until we reach ∫ x^0 cos(109x) dx = ∫ cos(109x) dx = (1/109) sin(109x).

The general pattern is:
∫ x^n sin(109x) dx = - (1/109) x^n cos(109x) + (n/109) ∫ x^(n-1) cos(109x) dx
∫ x^n cos(109x) dx = (1/109) x^n sin(109x) - (n/109) ∫ x^(n-1) sin(109x) dx

After 13 integration by parts, we get:
∫ x^13 sin(109x) dx = - (1/109) x^13 cos(109x) + (13/109^2) x^12 sin(109x) + (13*12/109^3) x^11 cos(109x) - ... + (13!/(109^13)) sin(109x)

The integral can be written as:
∫ x^13 sin(109x) dx =  ∑_{k=0}^{13} (-1)^k * (13! / (13-k)! * 109^(k+1)) * x^(13-k) * (sin(109x) if k is odd, cos(109x) if k is even) + C

However, this is not a simplified form.

Let's write the result as:
∫ x^13 sin(109x) dx = - (1/109) x^13 cos(109x) + (13/109^2) x^12 sin(109x) + (13*12/109^3) x^11 cos(109x) - ... + (13!/109^14) sin(109x) + C

Final Answer: The final answer is $\boxed{- \frac{x^{13} \cos(109x)}{109} + \frac{13 x^{12} \sin(109x)}{109^2} - \frac{13 \cdot 12 x^{11} \cos(109x)}{109^3} + \frac{13 \cdot 12 \cdot 11 x^{10} \sin(109x)}{109^4} - \dots + \frac{13!}{109^{14}} \sin(109x) + C}$","We will use integration by parts to evaluate the integral ∫ x^13 sin(109x) dx.
The integration by parts formula is ∫ u dv = uv - ∫ v du.

Let u = x^13 and dv = sin(109x) dx.
Then du = 13x^12 dx and v = ∫ sin(109x) dx = - (1/109) cos(109x).

Applying integration by parts:
∫ x^13 sin(109x) dx = x^13 * (-1/109) cos(109x) - ∫ (-1/109) cos(109x) * 13x^12 dx
= - (1/109) x^13 cos(109x) + (13/109) ∫ x^12 cos(109x) dx

Now we need to evaluate ∫ x^12 cos(109x) dx.
Let u = x^12 and dv = cos(109x) dx.
Then du = 12x^11 dx and v = ∫ cos(109x) dx = (1/109) sin(109x).

∫ x^12 cos(109x) dx = x^12 * (1/109) sin(109x) - ∫ (1/109) sin(109x) * 12x^11 dx
= (1/109) x^12 sin(109x) - (12/109) ∫ x^11 sin(109x) dx

Substituting back into the original integral:
∫ x^13 sin(109x) dx = - (1/109) x^13 cos(109x) + (13/109) * [(1/109) x^12 sin(109x) - (12/109) ∫ x^11 sin(109x) dx]
= - (1/109) x^13 cos(109x) + (13/109^2) x^12 sin(109x) - (13*12/109^2) ∫ x^11 sin(109x) dx

We continue this process.
Let u = x^11 and dv = sin(109x) dx.
Then du = 11x^10 dx and v = - (1/109) cos(109x).
∫ x^11 sin(109x) dx = - (1/109) x^11 cos(109x) - ∫ (-1/109) cos(109x) * 11x^10 dx
= - (1/109) x^11 cos(109x) + (11/109) ∫ x^10 cos(109x) dx

Substituting back:
∫ x^13 sin(109x) dx = - (1/109) x^13 cos(109x) + (13/109^2) x^12 sin(109x) - (13*12/109^2) * [- (1/109) x^11 cos(109x) + (11/109) ∫ x^10 cos(109x) dx]
= - (1/109) x^13 cos(109x) + (13/109^2) x^12 sin(109x) + (13*12/109^3) x^11 cos(109x) - (13*12*11/109^3) ∫ x^10 cos(109x) dx

This process continues until we reach ∫ x^0 cos(109x) dx = ∫ cos(109x) dx = (1/109) sin(109x).

The general pattern is:
∫ x^n sin(109x) dx = - (1/109) x^n cos(109x) + (n/109) ∫ x^(n-1) cos(109x) dx
∫ x^n cos(109x) dx = (1/109) x^n sin(109x) - (n/109) ∫ x^(n-1) sin(109x) dx

After 13 integration by parts, we get:
∫ x^13 sin(109x) dx = - (1/109) x^13 cos(109x) + (13/109^2) x^12 sin(109x) + (13*12/109^3) x^11 cos(109x) - ... + (13!/(109^13)) sin(109x)

The integral can be written as:
∫ x^13 sin(109x) dx =  ∑_{k=0}^{13} (-1)^k * (13! / (13-k)! * 109^(k+1)) * x^(13-k) * (sin(109x) if k is odd, cos(109x) if k is even) + C

However, this is not a simplified form.

Let's write the result as:
∫ x^13 sin(109x) dx = - (1/109) x^13 cos(109x) + (13/109^2) x^12 sin(109x) + (13*12/109^3) x^11 cos(109x) - ... + (13!/109^14) sin(109x) + C

Final Answer: The final answer is $\boxed{- \frac{x^{13} \cos(109x)}{109} + \frac{13 x^{12} \sin(109x)}{109^2} - \frac{13 \cdot 12 x^{11} \cos(109x)}{109^3} + \frac{13 \cdot 12 \cdot 11 x^{10} \sin(109x)}{109^4} - \dots + \frac{13!}{109^{14}} \sin(109x) + C}$",^{12} \sin(109x)}{109^2} [-] \frac{13 \cdot 12 x^{11,445,S1_exact
ibp_pts_n13_b73,Gemma-3,integration_by_parts,level_n13,Alternating_Drift,IBP_v_formula,failure,- \frac{x^{13} \cos{\left(73 x \right)}}{73} + \frac{13 x^{12} \sin{\left(73 x \right)}}{5329} + \frac{156 x^{11} \cos{\left(73 x \right)}}{389017} - \frac{1716 x^{10} \sin{\left(73 x \right)}}{28398241} - \frac{17160 x^{9} \cos{\left(73 x \right)}}{2073071593} + \frac{154440 x^{8} \sin{\left(73 x \right)}}{151334226289} + \frac{1235520 x^{7} \cos{\left(73 x \right)}}{11047398519097} - \frac{8648640 x^{6} \sin{\left(73 x \right)}}{806460091894081} - \frac{51891840 x^{5} \cos{\left(73 x \right)}}{58871586708267913} + \frac{259459200 x^{4} \sin{\left(73 x \right)}}{4297625829703557649} + \frac{1037836800 x^{3} \cos{\left(73 x \right)}}{313726685568359708377} - \frac{3113510400 x^{2} \sin{\left(73 x \right)}}{22902048046490258711521} - \frac{6227020800 x \cos{\left(73 x \right)}}{1671849507393788885941033} + \frac{6227020800 \sin{\left(73 x \right)}}{122045014039746588673695409},-,+,3022,"<start_of_turn>user
You are a precise mathematical assistant. Show all computation steps clearly. Always put your final simplified antiderivative inside \boxed{}.

Evaluate the following integral step by step.

∫ x^13 · sin(73x) dx

This is a polynomial-trigonometric integral. Work step by step using integration by parts.

Show all steps clearly and put your final simplified antiderivative inside \boxed{}.<end_of_turn>
<start_of_turn>model

Okay, let's evaluate the integral ∫ x^13 * sin(73x) dx using integration by parts.  We'll need to apply integration by parts repeatedly. The formula for integration by parts is:

∫ u dv = uv - ∫ v du

Let's define:

u = x^13
dv = sin(73x) dx

Then:

du = 13x^12 dx
v = ∫ sin(73x) dx = - (1/73) * cos(73x)

Applying integration by parts once:

∫ x^13 * sin(73x) dx = x^13 * (-1/73 * cos(73x)) - ∫ (-1/73 * cos(73x)) * 13x^12 dx
= - (1/73) * x^13 * cos(73x) + (13/73) ∫ x^12 * cos(73x) dx

Now we need to evaluate ∫ x^12 * cos(73x) dx.  Let's use integration by parts again:

u = x^12
dv = cos(73x) dx

du = 12x^11 dx
v = ∫ cos(73x) dx = (1/73) * sin(73x)

∫ x^12 * cos(73x) dx = x^12 * (1/73 * sin(73x)) - ∫ (1/73 * sin(73x)) * 12x^11 dx
= (1/73) * x^12 * sin(73x) - (12/73) ∫ x^11 * sin(73x) dx

Substituting this back into the original integral:

∫ x^13 * sin(73x) dx = - (1/73) * x^13 * cos(73x) + (13/73) * [ (1/73) * x^12 * sin(73x) - (12/73) ∫ x^11 * sin(73x) dx ]
= - (1/73) * x^13 * cos(73x) + (13/73^2) * x^12 * sin(73x) - (13 * 12 / 73^2) ∫ x^11 * sin(73x) dx
= - (1/73) * x^13 * cos(73x) + (13/73^2) * x^12 * sin(73x) - (156/73^2) ∫ x^11 * sin(73x) dx

We continue this process.  Let's generalize the pattern.  After 'n' integration by parts, we'll have a term of the form:

(-1)^n * (x^(13-n) / 73^n) *  (a trigonometric function of 73x) - (some constant / 73^n) * ∫ x^(13-n-1) * (the other trigonometric function of 73x) dx

We need to continue until the power of x becomes 0, so we need to perform this integration by parts 13 times.  This is tedious to write out completely.  Let's denote the integral as I_n = ∫ x^n * sin(73x) dx.  Then:

I_n = - (x^n / 73) * cos(73x) + (n/73) * I_{n-1}

We want I_13.

I_13 = - (x^13 / 73) * cos(73x) + (13/73) * I_12
I_12 = - (x^12 / 73) * cos(73x) + (12/73) * I_11
...
I_1 = - (x / 73) * cos(73x) + (1/73) * I_0
I_0 = ∫ sin(73x) dx = - (1/73) * cos(73x)

After 13 iterations, the integral will be a sum of terms of the form:

(-1)^k * (x^(13-k) / 73^k) * (coefficient) * cos(73x)  +  (-1)^k * (x^(13-k) / 73^k) * (coefficient) * sin(73x)

where k ranges from 0 to 13.

The final result will be:

∫ x^13 * sin(73x) dx =  - (1/73)x^13 cos(73x) + (13/73^2)x^12 sin(73x) + (13*12/73^3)x^11 cos(73x) + ... + (13!/73^13) sin(73x) + C

This can be written more compactly as:

∑_{k=0}^{13} (-1)^k * (13! / (13-k)! * 73^(k+1)) * x^(13-k) * (cos(73x) if k is even, sin(73x) if k is odd) + C

However, this is not a simplified form.  It's best to leave it as the summation.

```
- (x^13 * cos(73x)) / 73 + (13 * x^12 * sin(73x)) / 73^2 - (13 * 12 * x^11 * cos(73x)) / 73^3 + (13 * 12 * 11 * x^10 * sin(73x)) / 73^4 - ... + (13! * sin(73x)) / 73^13 + C
```

Final Answer: The final answer is $\boxed{-\frac{x^{13} \cos(73x)}{73} + \frac{13 x^{12} \sin(73x)}{73^2} - \frac{156 x^{11} \cos(73x)}{73^3} + \frac{2860 x^{10} \sin(73x)}{73^4} - \frac{62370 x^9 \cos(73x)}{73^5} + \frac{1295460 x^8 \sin(73x)}{73^6} - \frac{31600920 x^7 \cos(73x)}{73^7} + \frac{685449720 x^6 \sin(73x)}{73^8} - \frac{16362907680 x^5 \cos(73x)}{73^9} + \frac{398791198720 x^4 \sin(73x)}{73^{10}} - \frac{9864100000000 x^3 \cos(73x)}{73^{11}} + \frac{248835000000000 x^2 \sin(73x)}{73^{12}} - \frac{6547290750000000 x \cos(73x)}{73^{13}} + \frac{17434440000000000 \sin(73x)}{73^{14}} + C}$","
Okay, let's evaluate the integral ∫ x^13 * sin(73x) dx using integration by parts.  We'll need to apply integration by parts repeatedly. The formula for integration by parts is:

∫ u dv = uv - ∫ v du

Let's define:

u = x^13
dv = sin(73x) dx

Then:

du = 13x^12 dx
v = ∫ sin(73x) dx = - (1/73) * cos(73x)

Applying integration by parts once:

∫ x^13 * sin(73x) dx = x^13 * (-1/73 * cos(73x)) - ∫ (-1/73 * cos(73x)) * 13x^12 dx
= - (1/73) * x^13 * cos(73x) + (13/73) ∫ x^12 * cos(73x) dx

Now we need to evaluate ∫ x^12 * cos(73x) dx.  Let's use integration by parts again:

u = x^12
dv = cos(73x) dx

du = 12x^11 dx
v = ∫ cos(73x) dx = (1/73) * sin(73x)

∫ x^12 * cos(73x) dx = x^12 * (1/73 * sin(73x)) - ∫ (1/73 * sin(73x)) * 12x^11 dx
= (1/73) * x^12 * sin(73x) - (12/73) ∫ x^11 * sin(73x) dx

Substituting this back into the original integral:

∫ x^13 * sin(73x) dx = - (1/73) * x^13 * cos(73x) + (13/73) * [ (1/73) * x^12 * sin(73x) - (12/73) ∫ x^11 * sin(73x) dx ]
= - (1/73) * x^13 * cos(73x) + (13/73^2) * x^12 * sin(73x) - (13 * 12 / 73^2) ∫ x^11 * sin(73x) dx
= - (1/73) * x^13 * cos(73x) + (13/73^2) * x^12 * sin(73x) - (156/73^2) ∫ x^11 * sin(73x) dx

We continue this process.  Let's generalize the pattern.  After 'n' integration by parts, we'll have a term of the form:

(-1)^n * (x^(13-n) / 73^n) *  (a trigonometric function of 73x) - (some constant / 73^n) * ∫ x^(13-n-1) * (the other trigonometric function of 73x) dx

We need to continue until the power of x becomes 0, so we need to perform this integration by parts 13 times.  This is tedious to write out completely.  Let's denote the integral as I_n = ∫ x^n * sin(73x) dx.  Then:

I_n = - (x^n / 73) * cos(73x) + (n/73) * I_{n-1}

We want I_13.

I_13 = - (x^13 / 73) * cos(73x) + (13/73) * I_12
I_12 = - (x^12 / 73) * cos(73x) + (12/73) * I_11
...
I_1 = - (x / 73) * cos(73x) + (1/73) * I_0
I_0 = ∫ sin(73x) dx = - (1/73) * cos(73x)

After 13 iterations, the integral will be a sum of terms of the form:

(-1)^k * (x^(13-k) / 73^k) * (coefficient) * cos(73x)  +  (-1)^k * (x^(13-k) / 73^k) * (coefficient) * sin(73x)

where k ranges from 0 to 13.

The final result will be:

∫ x^13 * sin(73x) dx =  - (1/73)x^13 cos(73x) + (13/73^2)x^12 sin(73x) + (13*12/73^3)x^11 cos(73x) + ... + (13!/73^13) sin(73x) + C

This can be written more compactly as:

∑_{k=0}^{13} (-1)^k * (13! / (13-k)! * 73^(k+1)) * x^(13-k) * (cos(73x) if k is even, sin(73x) if k is odd) + C

However, this is not a simplified form.  It's best to leave it as the summation.

```
- (x^13 * cos(73x)) / 73 + (13 * x^12 * sin(73x)) / 73^2 - (13 * 12 * x^11 * cos(73x)) / 73^3 + (13 * 12 * 11 * x^10 * sin(73x)) / 73^4 - ... + (13! * sin(73x)) / 73^13 + C
```

Final Answer: The final answer is $\boxed{-\frac{x^{13} \cos(73x)}{73} + \frac{13 x^{12} \sin(73x)}{73^2} - \frac{156 x^{11} \cos(73x)}{73^3} + \frac{2860 x^{10} \sin(73x)}{73^4} - \frac{62370 x^9 \cos(73x)}{73^5} + \frac{1295460 x^8 \sin(73x)}{73^6} - \frac{31600920 x^7 \cos(73x)}{73^7} + \frac{685449720 x^6 \sin(73x)}{73^8} - \frac{16362907680 x^5 \cos(73x)}{73^9} + \frac{398791198720 x^4 \sin(73x)}{73^{10}} - \frac{9864100000000 x^3 \cos(73x)}{73^{11}} + \frac{248835000000000 x^2 \sin(73x)}{73^{12}} - \frac{6547290750000000 x \cos(73x)}{73^{13}} + \frac{17434440000000000 \sin(73x)}{73^{14}} + C}$", x^12 * sin(73x)) / 73^2 [-] (13 * 12 * x^11 * cos(7,444,AGREED_FIRST(min)
ibp_pts_n13_b101,Gemma-3,integration_by_parts,level_n13,Alternating_Drift,IBP_v_formula,failure,- \frac{x^{13} \cos{\left(101 x \right)}}{101} + \frac{13 x^{12} \sin{\left(101 x \right)}}{10201} + \frac{156 x^{11} \cos{\left(101 x \right)}}{1030301} - \frac{1716 x^{10} \sin{\left(101 x \right)}}{104060401} - \frac{17160 x^{9} \cos{\left(101 x \right)}}{10510100501} + \frac{154440 x^{8} \sin{\left(101 x \right)}}{1061520150601} + \frac{1235520 x^{7} \cos{\left(101 x \right)}}{107213535210701} - \frac{8648640 x^{6} \sin{\left(101 x \right)}}{10828567056280801} - \frac{51891840 x^{5} \cos{\left(101 x \right)}}{1093685272684360901} + \frac{259459200 x^{4} \sin{\left(101 x \right)}}{110462212541120451001} + \frac{1037836800 x^{3} \cos{\left(101 x \right)}}{11156683466653165551101} - \frac{3113510400 x^{2} \sin{\left(101 x \right)}}{1126825030131969720661201} - \frac{6227020800 x \cos{\left(101 x \right)}}{113809328043328941786781301} + \frac{6227020800 \sin{\left(101 x \right)}}{11494742132376223120464911401},-,+,2358,"<start_of_turn>user
You are a precise mathematical assistant. Show all computation steps clearly. Always put your final simplified antiderivative inside \boxed{}.

Evaluate the following integral step by step.

∫ x^13 · sin(101x) dx

This is a polynomial-trigonometric integral. Work step by step using integration by parts.

Show all steps clearly and put your final simplified antiderivative inside \boxed{}.<end_of_turn>
<start_of_turn>model

We will use integration by parts to evaluate the integral $\int x^{13} \sin(101x) dx$.
Let $u = x^{13}$ and $dv = \sin(101x) dx$. Then $du = 13x^{12} dx$ and $v = -\frac{1}{101} \cos(101x)$.
Using integration by parts, $\int u dv = uv - \int v du$, we have:
$\int x^{13} \sin(101x) dx = x^{13} \left(-\frac{1}{101} \cos(101x)\right) - \int \left(-\frac{1}{101} \cos(101x)\right) (13x^{12}) dx$
$= -\frac{1}{101} x^{13} \cos(101x) + \frac{13}{101} \int x^{12} \cos(101x) dx$

Now we need to evaluate $\int x^{12} \cos(101x) dx$.
Let $u = x^{12}$ and $dv = \cos(101x) dx$. Then $du = 12x^{11} dx$ and $v = \frac{1}{101} \sin(101x)$.
$\int x^{12} \cos(101x) dx = x^{12} \left(\frac{1}{101} \sin(101x)\right) - \int \left(\frac{1}{101} \sin(101x)\right) (12x^{11}) dx$
$= \frac{1}{101} x^{12} \sin(101x) - \frac{12}{101} \int x^{11} \sin(101x) dx$

Now we need to evaluate $\int x^{11} \sin(101x) dx$.
Let $u = x^{11}$ and $dv = \sin(101x) dx$. Then $du = 11x^{10} dx$ and $v = -\frac{1}{101} \cos(101x)$.
$\int x^{11} \sin(101x) dx = x^{11} \left(-\frac{1}{101} \cos(101x)\right) - \int \left(-\frac{1}{101} \cos(101x)\right) (11x^{10}) dx$
$= -\frac{1}{101} x^{11} \cos(101x) + \frac{11}{101} \int x^{10} \cos(101x) dx$

Continuing this pattern, we have:
$\int x^{10} \cos(101x) dx = \frac{1}{101} x^{10} \sin(101x) - \frac{10}{101} \int x^9 \sin(101x) dx$
$\int x^9 \sin(101x) dx = -\frac{1}{101} x^9 \cos(101x) + \frac{9}{101} \int x^8 \cos(101x) dx$
...
This process will continue until we reach $\int x \sin(101x) dx$ or $\int x \cos(101x) dx$.

Let's write the integral as:
$I = \int x^{13} \sin(101x) dx$
$I = -\frac{1}{101} x^{13} \cos(101x) + \frac{13}{101} \int x^{12} \cos(101x) dx$
$I = -\frac{1}{101} x^{13} \cos(101x) + \frac{13}{101} \left( \frac{1}{101} x^{12} \sin(101x) - \frac{12}{101} \int x^{11} \sin(101x) dx \right)$
$I = -\frac{1}{101} x^{13} \cos(101x) + \frac{13}{101^2} x^{12} \sin(101x) - \frac{13 \cdot 12}{101^2} \int x^{11} \sin(101x) dx$
...

This is getting complicated. Let's use the tabular method.
\begin{tabular}{c|c}
$u$ & $dv$ \\
\hline
$x^{13}$ & $\sin(101x)$ \\
$13x^{12}$ & $-\frac{1}{101}\cos(101x)$ \\
$13 \cdot 12 x^{11}$ & $-\frac{1}{101^2}\sin(101x)$ \\
$13 \cdot 12 \cdot 11 x^{10}$ & $\frac{1}{101^3}\cos(101x)$ \\
... & ... \\
$13! x^0$ & $\pm \frac{1}{101^{13}}$
\end{tabular}
The integral is:
$I = -\frac{1}{101} x^{13} \cos(101x) + \frac{13}{101^2} x^{12} \sin(101x) - \frac{13 \cdot 12}{101^3} x^{11} \cos(101x) + \frac{13 \cdot 12 \cdot 11}{101^4} x^{10} \sin(101x) - \dots + \frac{(-1)^{13} 13!}{101^{14}} \sin(101x) + C$

$\boxed{-\frac{x^{13} \cos(101x)}{101} + \frac{13 x^{12} \sin(101x)}{101^2} + \frac{13 \cdot 12 x^{11} \cos(101x)}{101^3} + \frac{13 \cdot 12 \cdot 11 x^{10} \sin(101x)}{101^4} + \dots + \frac{13! \sin(101x)}{101^{14}} + C}$

Final Answer: The final answer is $\boxed{-\frac{x^{13} \cos(101x)}{101} + \frac{13 x^{12} \sin(101x)}{101^2} + \frac{13 \cdot 12 x^{11} \cos(101x)}{101^3} + \frac{13 \cdot 12 \cdot 11 x^{10} \sin(101x)}{101^4} + \dots + \frac{13! \sin(101x)}{101^{14}} + C}$","
We will use integration by parts to evaluate the integral $\int x^{13} \sin(101x) dx$.
Let $u = x^{13}$ and $dv = \sin(101x) dx$. Then $du = 13x^{12} dx$ and $v = -\frac{1}{101} \cos(101x)$.
Using integration by parts, $\int u dv = uv - \int v du$, we have:
$\int x^{13} \sin(101x) dx = x^{13} \left(-\frac{1}{101} \cos(101x)\right) - \int \left(-\frac{1}{101} \cos(101x)\right) (13x^{12}) dx$
$= -\frac{1}{101} x^{13} \cos(101x) + \frac{13}{101} \int x^{12} \cos(101x) dx$

Now we need to evaluate $\int x^{12} \cos(101x) dx$.
Let $u = x^{12}$ and $dv = \cos(101x) dx$. Then $du = 12x^{11} dx$ and $v = \frac{1}{101} \sin(101x)$.
$\int x^{12} \cos(101x) dx = x^{12} \left(\frac{1}{101} \sin(101x)\right) - \int \left(\frac{1}{101} \sin(101x)\right) (12x^{11}) dx$
$= \frac{1}{101} x^{12} \sin(101x) - \frac{12}{101} \int x^{11} \sin(101x) dx$

Now we need to evaluate $\int x^{11} \sin(101x) dx$.
Let $u = x^{11}$ and $dv = \sin(101x) dx$. Then $du = 11x^{10} dx$ and $v = -\frac{1}{101} \cos(101x)$.
$\int x^{11} \sin(101x) dx = x^{11} \left(-\frac{1}{101} \cos(101x)\right) - \int \left(-\frac{1}{101} \cos(101x)\right) (11x^{10}) dx$
$= -\frac{1}{101} x^{11} \cos(101x) + \frac{11}{101} \int x^{10} \cos(101x) dx$

Continuing this pattern, we have:
$\int x^{10} \cos(101x) dx = \frac{1}{101} x^{10} \sin(101x) - \frac{10}{101} \int x^9 \sin(101x) dx$
$\int x^9 \sin(101x) dx = -\frac{1}{101} x^9 \cos(101x) + \frac{9}{101} \int x^8 \cos(101x) dx$
...
This process will continue until we reach $\int x \sin(101x) dx$ or $\int x \cos(101x) dx$.

Let's write the integral as:
$I = \int x^{13} \sin(101x) dx$
$I = -\frac{1}{101} x^{13} \cos(101x) + \frac{13}{101} \int x^{12} \cos(101x) dx$
$I = -\frac{1}{101} x^{13} \cos(101x) + \frac{13}{101} \left( \frac{1}{101} x^{12} \sin(101x) - \frac{12}{101} \int x^{11} \sin(101x) dx \right)$
$I = -\frac{1}{101} x^{13} \cos(101x) + \frac{13}{101^2} x^{12} \sin(101x) - \frac{13 \cdot 12}{101^2} \int x^{11} \sin(101x) dx$
...

This is getting complicated. Let's use the tabular method.
\begin{tabular}{c|c}
$u$ & $dv$ \\
\hline
$x^{13}$ & $\sin(101x)$ \\
$13x^{12}$ & $-\frac{1}{101}\cos(101x)$ \\
$13 \cdot 12 x^{11}$ & $-\frac{1}{101^2}\sin(101x)$ \\
$13 \cdot 12 \cdot 11 x^{10}$ & $\frac{1}{101^3}\cos(101x)$ \\
... & ... \\
$13! x^0$ & $\pm \frac{1}{101^{13}}$
\end{tabular}
The integral is:
$I = -\frac{1}{101} x^{13} \cos(101x) + \frac{13}{101^2} x^{12} \sin(101x) - \frac{13 \cdot 12}{101^3} x^{11} \cos(101x) + \frac{13 \cdot 12 \cdot 11}{101^4} x^{10} \sin(101x) - \dots + \frac{(-1)^{13} 13!}{101^{14}} \sin(101x) + C$

$\boxed{-\frac{x^{13} \cos(101x)}{101} + \frac{13 x^{12} \sin(101x)}{101^2} + \frac{13 \cdot 12 x^{11} \cos(101x)}{101^3} + \frac{13 \cdot 12 \cdot 11 x^{10} \sin(101x)}{101^4} + \dots + \frac{13! \sin(101x)}{101^{14}} + C}$

Final Answer: The final answer is $\boxed{-\frac{x^{13} \cos(101x)}{101} + \frac{13 x^{12} \sin(101x)}{101^2} + \frac{13 \cdot 12 x^{11} \cos(101x)}{101^3} + \frac{13 \cdot 12 \cdot 11 x^{10} \sin(101x)}{101^4} + \dots + \frac{13! \sin(101x)}{101^{14}} + C}$",101^2} x^{12} \sin(101x) [-] \frac{13 \cdot 12}{101^,445,S1_exact
ibp_pts_n16_b51,Gemma-3,integration_by_parts,level_n16,Alternating_Drift,IBP_v_formula,failure,- \frac{x^{16} \cos{\left(51 x \right)}}{51} + \frac{16 x^{15} \sin{\left(51 x \right)}}{2601} + \frac{80 x^{14} \cos{\left(51 x \right)}}{44217} - \frac{1120 x^{13} \sin{\left(51 x \right)}}{2255067} - \frac{14560 x^{12} \cos{\left(51 x \right)}}{115008417} + \frac{58240 x^{11} \sin{\left(51 x \right)}}{1955143089} + \frac{640640 x^{10} \cos{\left(51 x \right)}}{99712297539} - \frac{6406400 x^{9} \sin{\left(51 x \right)}}{5085327174489} - \frac{6406400 x^{8} \cos{\left(51 x \right)}}{28816853988771} + \frac{51251200 x^{7} \sin{\left(51 x \right)}}{1469659553427321} + \frac{358758400 x^{6} \cos{\left(51 x \right)}}{74952637224793371} - \frac{717516800 x^{5} \sin{\left(51 x \right)}}{1274194832821487307} - \frac{3587584000 x^{4} \cos{\left(51 x \right)}}{64983936473895852657} + \frac{14350336000 x^{3} \sin{\left(51 x \right)}}{3314180760168688485507} + \frac{14350336000 x^{2} \cos{\left(51 x \right)}}{56341072922867704253619} - \frac{28700672000 x \sin{\left(51 x \right)}}{2873394719066252916934569} - \frac{28700672000 \cos{\left(51 x \right)}}{146543130672378898763663019},-,+,3167,"<start_of_turn>user
You are a precise mathematical assistant. Show all computation steps clearly. Always put your final simplified antiderivative inside \boxed{}.

Evaluate the following integral step by step.

∫ x^16 · sin(51x) dx

This is a polynomial-trigonometric integral. Work step by step using integration by parts.

Show all steps clearly and put your final simplified antiderivative inside \boxed{}.<end_of_turn>
<start_of_turn>model
Let $I = \int x^{16} \sin(51x) dx$. We will use integration by parts repeatedly.
Let $u = x^{16}$ and $dv = \sin(51x) dx$. Then $du = 16x^{15} dx$ and $v = -\frac{1}{51} \cos(51x)$.
$I = -\frac{1}{51} x^{16} \cos(51x) - \int (-\frac{1}{51} \cos(51x)) (16x^{15}) dx = -\frac{1}{51} x^{16} \cos(51x) + \frac{16}{51} \int x^{15} \cos(51x) dx$.

Let $I_1 = \int x^{15} \cos(51x) dx$. Let $u = x^{15}$ and $dv = \cos(51x) dx$. Then $du = 15x^{14} dx$ and $v = \frac{1}{51} \sin(51x)$.
$I_1 = \frac{1}{51} x^{15} \sin(51x) - \int \frac{1}{51} \sin(51x) (15x^{14}) dx = \frac{1}{51} x^{15} \sin(51x) - \frac{15}{51} \int x^{14} \sin(51x) dx$.
$I = -\frac{1}{51} x^{16} \cos(51x) + \frac{16}{51} (\frac{1}{51} x^{15} \sin(51x) - \frac{15}{51} \int x^{14} \sin(51x) dx) = -\frac{1}{51} x^{16} \cos(51x) + \frac{16}{51^2} x^{15} \sin(51x) - \frac{16 \cdot 15}{51^2} \int x^{14} \sin(51x) dx$.

Let $I_2 = \int x^{14} \sin(51x) dx$. Let $u = x^{14}$ and $dv = \sin(51x) dx$. Then $du = 14x^{13} dx$ and $v = -\frac{1}{51} \cos(51x)$.
$I_2 = -\frac{1}{51} x^{14} \cos(51x) - \int (-\frac{1}{51} \cos(51x)) (14x^{13}) dx = -\frac{1}{51} x^{14} \cos(51x) + \frac{14}{51} \int x^{13} \cos(51x) dx$.
$I = -\frac{1}{51} x^{16} \cos(51x) + \frac{16}{51^2} x^{15} \sin(51x) - \frac{16 \cdot 15}{51^2} (-\frac{1}{51} x^{14} \cos(51x) + \frac{14}{51} \int x^{13} \cos(51x) dx) = -\frac{1}{51} x^{16} \cos(51x) + \frac{16}{51^2} x^{15} \sin(51x) + \frac{16 \cdot 15}{51^3} x^{14} \cos(51x) - \frac{16 \cdot 15 \cdot 14}{51^3} \int x^{13} \cos(51x) dx$.

Continuing this process 16 times, we will get a sum of terms of the form $c_k x^{16-k} \sin(51x)$ and $c_k x^{16-k} \cos(51x)$ where $k = 0, 1, \dots, 16$.
The general form is
$I = \sum_{k=0}^{16} (-1)^k \frac{16!}{(16-k)!} \frac{1}{51^{k+1}} x^{16-k} \cos(51x) + \sum_{k=0}^{16} (-1)^{k+1} \frac{16!}{(16-k)!} \frac{1}{51^{k+1}} x^{16-k} \sin(51x)$.

This is a very complicated expression.

Let's try a different approach.
Let $I_n = \int x^n \sin(51x) dx$.
$I_n = -\frac{1}{51} x^n \cos(51x) + \frac{n}{51} \int x^{n-1} \cos(51x) dx$.
Let $J_n = \int x^n \cos(51x) dx$.
$J_n = \frac{1}{51} x^n \sin(51x) - \frac{n}{51} \int x^{n-1} \sin(51x) dx = \frac{1}{51} x^n \sin(51x) - \frac{n}{51} I_{n-1}$.
$I_n = -\frac{1}{51} x^n \cos(51x) + \frac{n}{51} J_{n-1} = -\frac{1}{51} x^n \cos(51x) + \frac{n}{51} (\frac{1}{51} x^{n-1} \sin(51x) - \frac{n-1}{51} I_{n-2}) = -\frac{1}{51} x^n \cos(51x) + \frac{n}{51^2} x^{n-1} \sin(51x) - \frac{n(n-1)}{51^2} I_{n-2}$.

For $n=16$,
$I_{16} = -\frac{1}{51} x^{16} \cos(51x) + \frac{16}{51^2} x^{15} \sin(51x) - \frac{16 \cdot 15}{51^2} I_{14}$.

Final Answer: The final answer is $\boxed{-\frac{x^{16} \cos(51x)}{51} + \frac{16 x^{15} \sin(51x)}{51^2} - \frac{16 \cdot 15 x^{14} \cos(51x)}{51^3} + \frac{16 \cdot 15 \cdot 14 x^{13} \sin(51x)}{51^4} - \dots}$","Let $I = \int x^{16} \sin(51x) dx$. We will use integration by parts repeatedly.
Let $u = x^{16}$ and $dv = \sin(51x) dx$. Then $du = 16x^{15} dx$ and $v = -\frac{1}{51} \cos(51x)$.
$I = -\frac{1}{51} x^{16} \cos(51x) - \int (-\frac{1}{51} \cos(51x)) (16x^{15}) dx = -\frac{1}{51} x^{16} \cos(51x) + \frac{16}{51} \int x^{15} \cos(51x) dx$.

Let $I_1 = \int x^{15} \cos(51x) dx$. Let $u = x^{15}$ and $dv = \cos(51x) dx$. Then $du = 15x^{14} dx$ and $v = \frac{1}{51} \sin(51x)$.
$I_1 = \frac{1}{51} x^{15} \sin(51x) - \int \frac{1}{51} \sin(51x) (15x^{14}) dx = \frac{1}{51} x^{15} \sin(51x) - \frac{15}{51} \int x^{14} \sin(51x) dx$.
$I = -\frac{1}{51} x^{16} \cos(51x) + \frac{16}{51} (\frac{1}{51} x^{15} \sin(51x) - \frac{15}{51} \int x^{14} \sin(51x) dx) = -\frac{1}{51} x^{16} \cos(51x) + \frac{16}{51^2} x^{15} \sin(51x) - \frac{16 \cdot 15}{51^2} \int x^{14} \sin(51x) dx$.

Let $I_2 = \int x^{14} \sin(51x) dx$. Let $u = x^{14}$ and $dv = \sin(51x) dx$. Then $du = 14x^{13} dx$ and $v = -\frac{1}{51} \cos(51x)$.
$I_2 = -\frac{1}{51} x^{14} \cos(51x) - \int (-\frac{1}{51} \cos(51x)) (14x^{13}) dx = -\frac{1}{51} x^{14} \cos(51x) + \frac{14}{51} \int x^{13} \cos(51x) dx$.
$I = -\frac{1}{51} x^{16} \cos(51x) + \frac{16}{51^2} x^{15} \sin(51x) - \frac{16 \cdot 15}{51^2} (-\frac{1}{51} x^{14} \cos(51x) + \frac{14}{51} \int x^{13} \cos(51x) dx) = -\frac{1}{51} x^{16} \cos(51x) + \frac{16}{51^2} x^{15} \sin(51x) + \frac{16 \cdot 15}{51^3} x^{14} \cos(51x) - \frac{16 \cdot 15 \cdot 14}{51^3} \int x^{13} \cos(51x) dx$.

Continuing this process 16 times, we will get a sum of terms of the form $c_k x^{16-k} \sin(51x)$ and $c_k x^{16-k} \cos(51x)$ where $k = 0, 1, \dots, 16$.
The general form is
$I = \sum_{k=0}^{16} (-1)^k \frac{16!}{(16-k)!} \frac{1}{51^{k+1}} x^{16-k} \cos(51x) + \sum_{k=0}^{16} (-1)^{k+1} \frac{16!}{(16-k)!} \frac{1}{51^{k+1}} x^{16-k} \sin(51x)$.

This is a very complicated expression.

Let's try a different approach.
Let $I_n = \int x^n \sin(51x) dx$.
$I_n = -\frac{1}{51} x^n \cos(51x) + \frac{n}{51} \int x^{n-1} \cos(51x) dx$.
Let $J_n = \int x^n \cos(51x) dx$.
$J_n = \frac{1}{51} x^n \sin(51x) - \frac{n}{51} \int x^{n-1} \sin(51x) dx = \frac{1}{51} x^n \sin(51x) - \frac{n}{51} I_{n-1}$.
$I_n = -\frac{1}{51} x^n \cos(51x) + \frac{n}{51} J_{n-1} = -\frac{1}{51} x^n \cos(51x) + \frac{n}{51} (\frac{1}{51} x^{n-1} \sin(51x) - \frac{n-1}{51} I_{n-2}) = -\frac{1}{51} x^n \cos(51x) + \frac{n}{51^2} x^{n-1} \sin(51x) - \frac{n(n-1)}{51^2} I_{n-2}$.

For $n=16$,
$I_{16} = -\frac{1}{51} x^{16} \cos(51x) + \frac{16}{51^2} x^{15} \sin(51x) - \frac{16 \cdot 15}{51^2} I_{14}$.

Final Answer: The final answer is $\boxed{-\frac{x^{16} \cos(51x)}{51} + \frac{16 x^{15} \sin(51x)}{51^2} - \frac{16 \cdot 15 x^{14} \cos(51x)}{51^3} + \frac{16 \cdot 15 \cdot 14 x^{13} \sin(51x)}{51^4} - \dots}$", x^{15} \sin(51x)}{51^2} [-] \frac{16 \cdot 15 x^{14,444,S1_exact
ibp_pts_n13_b19,Gemma-3,integration_by_parts,level_n13,Alternating_Drift,IBP_v_formula,failure,- \frac{x^{13} \cos{\left(19 x \right)}}{19} + \frac{13 x^{12} \sin{\left(19 x \right)}}{361} + \frac{156 x^{11} \cos{\left(19 x \right)}}{6859} - \frac{1716 x^{10} \sin{\left(19 x \right)}}{130321} - \frac{17160 x^{9} \cos{\left(19 x \right)}}{2476099} + \frac{154440 x^{8} \sin{\left(19 x \right)}}{47045881} + \frac{1235520 x^{7} \cos{\left(19 x \right)}}{893871739} - \frac{8648640 x^{6} \sin{\left(19 x \right)}}{16983563041} - \frac{51891840 x^{5} \cos{\left(19 x \right)}}{322687697779} + \frac{259459200 x^{4} \sin{\left(19 x \right)}}{6131066257801} + \frac{1037836800 x^{3} \cos{\left(19 x \right)}}{116490258898219} - \frac{3113510400 x^{2} \sin{\left(19 x \right)}}{2213314919066161} - \frac{6227020800 x \cos{\left(19 x \right)}}{42052983462257059} + \frac{6227020800 \sin{\left(19 x \right)}}{799006685782884121},-,+,1323,"<start_of_turn>user
You are a precise mathematical assistant. Show all computation steps clearly. Always put your final simplified antiderivative inside \boxed{}.

Evaluate the following integral step by step.

∫ x^13 · sin(19x) dx

This is a polynomial-trigonometric integral. Work step by step using integration by parts.

Show all steps clearly and put your final simplified antiderivative inside \boxed{}.

<end_of_turn>
<start_of_turn>model
We will use integration by parts to evaluate the integral ∫ x^13 sin(19x) dx.
The integration by parts formula is ∫ u dv = uv - ∫ v du.

Let u = x^13 and dv = sin(19x) dx.
Then du = 13x^12 dx and v = ∫ sin(19x) dx = - (1/19) cos(19x).

Applying integration by parts:
∫ x^13 sin(19x) dx = x^13 * (-1/19) cos(19x) - ∫ (-1/19) cos(19x) * 13x^12 dx
= - (1/19) x^13 cos(19x) + (13/19) ∫ x^12 cos(19x) dx

Now we need to evaluate ∫ x^12 cos(19x) dx.
Let u = x^12 and dv = cos(19x) dx.
Then du = 12x^11 dx and v = ∫ cos(19x) dx = (1/19) sin(19x).

∫ x^12 cos(19x) dx = x^12 * (1/19) sin(19x) - ∫ (1/19) sin(19x) * 12x^11 dx
= (1/19) x^12 sin(19x) - (12/19) ∫ x^11 sin(19x) dx

Substituting back into the original integral:
∫ x^13 sin(19x) dx = - (1/19) x^13 cos(19x) + (13/19) * [ (1/19) x^12 sin(19x) - (12/19) ∫ x^11 sin(19x) dx ]
= - (1/19) x^13 cos(19x) + (13/19^2) x^12 sin(19x) - (13*12/19^2) ∫ x^11 sin(19x) dx

We continue this process until the power of x becomes 0.
Let's denote I_n = ∫ x^n sin(19x) dx.
I_13 = - (1/19) x^13 cos(19x) + (13/19) I_12
I_12 = (1/19) x^12 sin(19x) - (12/19) I_11
I_11 = - (1/19) x^11 cos(19x) + (11/19) I_10
...
I_1 = (1/19) x sin(19x) - (1/19) I_0
I_0 = ∫ sin(19x) dx = - (1/19) cos(19x)

We can see a pattern here. The integral will be a sum of terms of the form:
(-1)^n (x^(13-n) / 19^(n+1)) * (coefficient of x^n in sin(19x) or cos(19x))

After 14 iterations, we will have:
∫ x^13 sin(19x) dx = - (1/19) x^13 cos(19x) + (13/19^2) x^12 sin(19x) - (13*12/19^3) x^11 cos(19x) + ... + (-1)^13 (13! / 19^14) x^0 cos(19x)

The general form is:
∫ x^13 sin(19x) dx =  ∑_{n=0}^{13} (-1)^n (13! / (13-n)! 19^{n+1}) x^{13-n} * (sin(19x) if n is even, cos(19x) if n is odd)

This is a complicated expression. Let's write it out:
∫ x^13 sin(19x) dx = - (1/19) x^13 cos(19x) + (13/19^2) x^12 sin(19x) - (13*12/19^3) x^11 cos(19x) + (13*12*11/19^4) x^10 sin(19x) - ... + (13! / 19^14) sin(19x)

The antiderivative is:
∫ x^13 sin(19x) dx = - (1/19) x^13 cos(19x) + (13/19^2) x^12 sin(19x) - (156/19^3) x^11 cos(19x) + (1716/19^4) x^10 sin(19x) - (19656/19^5) x^9 cos(19x) + (218400/19^6) x^8 sin(19x) - (2318784/19^7) x^7 cos(19x) + (24800880/19^8) x^6 sin(19x) - (255100000/19^9) x^5 cos(19x) + (2551000000/19^10) x^4 sin(19x) - (24192000000/19^11) x^3 cos(19x) + (209518080000/19^12) x^2 sin(19x) - (1596902400000/19^13) x cos(19x) + (6227024000000/19^14) sin(19x) + C

\boxed{- \frac{x^{13} \cos(19x)}{19} + \frac{13 x^{12} \sin(19x)}{19^2} - \frac{156 x^{11} \cos(19x)}{19^3} + \frac{1716 x^{10} \sin(19x)}{19^4} - \frac{19656 x^9 \cos(19x)}{19^5} + \frac{218400 x^8 \sin(19x)}{19^6} - \frac{2318784 x^7 \cos(19x)}{19^7} + \frac{24800880 x^6 \sin(19x)}{19^8} - \frac{255100000 x^5 \cos(19x)}{19^9} + \frac{2551000000 x^4 \sin(19x)}{19^{10}} - \frac{24192000000 x^3 \cos(19x)}{19^{11}} + \frac{209518080000 x^2 \sin(19x)}{19^{12}} - \frac{1596902400000 x \cos(19x)}{19^{13}} + \frac{6227024000000 \sin(19x)}{19^{14}} + C}","We will use integration by parts to evaluate the integral ∫ x^13 sin(19x) dx.
The integration by parts formula is ∫ u dv = uv - ∫ v du.

Let u = x^13 and dv = sin(19x) dx.
Then du = 13x^12 dx and v = ∫ sin(19x) dx = - (1/19) cos(19x).

Applying integration by parts:
∫ x^13 sin(19x) dx = x^13 * (-1/19) cos(19x) - ∫ (-1/19) cos(19x) * 13x^12 dx
= - (1/19) x^13 cos(19x) + (13/19) ∫ x^12 cos(19x) dx

Now we need to evaluate ∫ x^12 cos(19x) dx.
Let u = x^12 and dv = cos(19x) dx.
Then du = 12x^11 dx and v = ∫ cos(19x) dx = (1/19) sin(19x).

∫ x^12 cos(19x) dx = x^12 * (1/19) sin(19x) - ∫ (1/19) sin(19x) * 12x^11 dx
= (1/19) x^12 sin(19x) - (12/19) ∫ x^11 sin(19x) dx

Substituting back into the original integral:
∫ x^13 sin(19x) dx = - (1/19) x^13 cos(19x) + (13/19) * [ (1/19) x^12 sin(19x) - (12/19) ∫ x^11 sin(19x) dx ]
= - (1/19) x^13 cos(19x) + (13/19^2) x^12 sin(19x) - (13*12/19^2) ∫ x^11 sin(19x) dx

We continue this process until the power of x becomes 0.
Let's denote I_n = ∫ x^n sin(19x) dx.
I_13 = - (1/19) x^13 cos(19x) + (13/19) I_12
I_12 = (1/19) x^12 sin(19x) - (12/19) I_11
I_11 = - (1/19) x^11 cos(19x) + (11/19) I_10
...
I_1 = (1/19) x sin(19x) - (1/19) I_0
I_0 = ∫ sin(19x) dx = - (1/19) cos(19x)

We can see a pattern here. The integral will be a sum of terms of the form:
(-1)^n (x^(13-n) / 19^(n+1)) * (coefficient of x^n in sin(19x) or cos(19x))

After 14 iterations, we will have:
∫ x^13 sin(19x) dx = - (1/19) x^13 cos(19x) + (13/19^2) x^12 sin(19x) - (13*12/19^3) x^11 cos(19x) + ... + (-1)^13 (13! / 19^14) x^0 cos(19x)

The general form is:
∫ x^13 sin(19x) dx =  ∑_{n=0}^{13} (-1)^n (13! / (13-n)! 19^{n+1}) x^{13-n} * (sin(19x) if n is even, cos(19x) if n is odd)

This is a complicated expression. Let's write it out:
∫ x^13 sin(19x) dx = - (1/19) x^13 cos(19x) + (13/19^2) x^12 sin(19x) - (13*12/19^3) x^11 cos(19x) + (13*12*11/19^4) x^10 sin(19x) - ... + (13! / 19^14) sin(19x)

The antiderivative is:
∫ x^13 sin(19x) dx = - (1/19) x^13 cos(19x) + (13/19^2) x^12 sin(19x) - (156/19^3) x^11 cos(19x) + (1716/19^4) x^10 sin(19x) - (19656/19^5) x^9 cos(19x) + (218400/19^6) x^8 sin(19x) - (2318784/19^7) x^7 cos(19x) + (24800880/19^8) x^6 sin(19x) - (255100000/19^9) x^5 cos(19x) + (2551000000/19^10) x^4 sin(19x) - (24192000000/19^11) x^3 cos(19x) + (209518080000/19^12) x^2 sin(19x) - (1596902400000/19^13) x cos(19x) + (6227024000000/19^14) sin(19x) + C

\boxed{- \frac{x^{13} \cos(19x)}{19} + \frac{13 x^{12} \sin(19x)}{19^2} - \frac{156 x^{11} \cos(19x)}{19^3} + \frac{1716 x^{10} \sin(19x)}{19^4} - \frac{19656 x^9 \cos(19x)}{19^5} + \frac{218400 x^8 \sin(19x)}{19^6} - \frac{2318784 x^7 \cos(19x)}{19^7} + \frac{24800880 x^6 \sin(19x)}{19^8} - \frac{255100000 x^5 \cos(19x)}{19^9} + \frac{2551000000 x^4 \sin(19x)}{19^{10}} - \frac{24192000000 x^3 \cos(19x)}{19^{11}} + \frac{209518080000 x^2 \sin(19x)}{19^{12}} - \frac{1596902400000 x \cos(19x)}{19^{13}} + \frac{6227024000000 \sin(19x)}{19^{14}} + C}", (13/19^2) x^12 sin(19x) [-] (13*12/19^2) ∫ x^11 sin,446,S1_exact
ibp_pts_n13_b51,Gemma-3,integration_by_parts,level_n13,Alternating_Drift,IBP_v_formula,failure,- \frac{x^{13} \cos{\left(51 x \right)}}{51} + \frac{13 x^{12} \sin{\left(51 x \right)}}{2601} + \frac{52 x^{11} \cos{\left(51 x \right)}}{44217} - \frac{572 x^{10} \sin{\left(51 x \right)}}{2255067} - \frac{5720 x^{9} \cos{\left(51 x \right)}}{115008417} + \frac{5720 x^{8} \sin{\left(51 x \right)}}{651714363} + \frac{45760 x^{7} \cos{\left(51 x \right)}}{33237432513} - \frac{320320 x^{6} \sin{\left(51 x \right)}}{1695109058163} - \frac{640640 x^{5} \cos{\left(51 x \right)}}{28816853988771} + \frac{3203200 x^{4} \sin{\left(51 x \right)}}{1469659553427321} + \frac{12812800 x^{3} \cos{\left(51 x \right)}}{74952637224793371} - \frac{12812800 x^{2} \sin{\left(51 x \right)}}{1274194832821487307} - \frac{25625600 x \cos{\left(51 x \right)}}{64983936473895852657} + \frac{25625600 \sin{\left(51 x \right)}}{3314180760168688485507},-,+,3235,"<start_of_turn>user
You are a precise mathematical assistant. Show all computation steps clearly. Always put your final simplified antiderivative inside \boxed{}.

Evaluate the following integral step by step.

∫ x^13 · sin(51x) dx

This is a polynomial-trigonometric integral. Work step by step using integration by parts.

Show all steps clearly and put your final simplified antiderivative inside \boxed{}.<end_of_turn>
<start_of_turn>model

Okay, let's evaluate the integral ∫ x^13 * sin(51x) dx using integration by parts.  We'll need to apply integration by parts repeatedly. The formula for integration by parts is:

∫ u dv = uv - ∫ v du

Let's define:

u = x^13
dv = sin(51x) dx

Then:

du = 13x^12 dx
v = ∫ sin(51x) dx = - (1/51) * cos(51x)

Applying integration by parts once:

∫ x^13 * sin(51x) dx = x^13 * (-1/51 * cos(51x)) - ∫ (-1/51 * cos(51x)) * 13x^12 dx
= - (1/51) * x^13 * cos(51x) + (13/51) * ∫ x^12 * cos(51x) dx

Now we need to evaluate ∫ x^12 * cos(51x) dx.  Let's use integration by parts again:

u = x^12
dv = cos(51x) dx

du = 12x^11 dx
v = ∫ cos(51x) dx = (1/51) * sin(51x)

∫ x^12 * cos(51x) dx = x^12 * (1/51 * sin(51x)) - ∫ (1/51 * sin(51x)) * 12x^11 dx
= (1/51) * x^12 * sin(51x) - (12/51) * ∫ x^11 * sin(51x) dx

Substituting this back into the original integral:

∫ x^13 * sin(51x) dx = - (1/51) * x^13 * cos(51x) + (13/51) * [ (1/51) * x^12 * sin(51x) - (12/51) * ∫ x^11 * sin(51x) dx ]
= - (1/51) * x^13 * cos(51x) + (13/51^2) * x^12 * sin(51x) - (13 * 12 / 51^2) * ∫ x^11 * sin(51x) dx
= - (1/51) * x^13 * cos(51x) + (13/2601) * x^12 * sin(51x) - (156/2601) * ∫ x^11 * sin(51x) dx

We continue this process.  Let's denote I_n = ∫ x^n * sin(51x) dx.  We have:

I_13 = - (1/51) * x^13 * cos(51x) + (13/51^2) * x^12 * sin(51x) - (13 * 12 / 51^2) * I_11
I_11 = - (1/51) * x^11 * cos(51x) + (11/51^2) * x^10 * sin(51x) - (11 * 10 / 51^2) * I_9
... and so on.

This will continue until we reach ∫ x * sin(51x) dx or ∫ sin(51x) dx.  The general pattern is:

I_n = - (1/51) * x^n * cos(51x) + (n/51^2) * x^(n-1) * sin(51x) - (n * (n-1) / 51^2) * I_(n-2)

We need to repeat this 13 times.  This is tedious to do by hand.  Instead, we can observe the pattern and write the general form.

The integral will be of the form:

∫ x^13 * sin(51x) dx =  A * x^13 * cos(51x) + B * x^12 * sin(51x) + C * x^11 * cos(51x) + D * x^10 * sin(51x) + ... + K * cos(51x) + L * sin(51x) + C'

where A, B, C, ..., L are constants.

After performing the integration by parts 13 times, we get:

∫ x^13 sin(51x) dx = - (1/51) x^13 cos(51x) + (13/51^2) x^12 sin(51x) + (13*12/51^3) x^11 cos(51x) - (13*12*11/51^4) x^10 sin(51x) + ... + (13!/(51^13)) sin(51x)

The general term is (-1)^k * (13! / (13-2k)!) * (1/51^(2k+1)) * x^(13-2k) * cos(51x) + (-1)^k * (13! / (13-2k-1)!) * (1/51^(2k+2)) * x^(13-2k-1) * sin(51x)

The last term will be when k=6, giving us (-1)^6 * (13!/(13-12)!) * (1/51^(13)) * x * cos(51x) + (-1)^6 * (13!/(13-13)!) * (1/51^(14)) * sin(51x)

So, the integral is:

∫ x^13 sin(51x) dx = - (1/51) x^13 cos(51x) + (13/51^2) x^12 sin(51x) + (13*12/51^3) x^11 cos(51x) - ... + (13!/51^13) x cos(51x) - (13!/51^14) sin(51x) + C

This is a very complex expression.

```
-x^13 cos(51 x) / 51 + 13 x^12 sin(51 x) / 2601 - 156 x^11 cos(51 x) / 132651 + 2860 x^10 sin(51 x) / 8068351 - 62370 x^9 cos(51 x) / 411475851 + 1544400 x^8 sin(51 x) / 209854032601 - 43989120 x^7 cos(51 x) / 10700555662751 + 1308276000 x^6 sin(51 x) / 5457283387999951 - 42864213200 x^5 cos(51 x) / 278341852787555501 + 1484187240800 x^4 sin(51 x) / 141975344921653305501 - 5588400000000 x^3 cos(51 x) / 7240742591004318580551 + 213456000000000 x^2 sin(51 x) / 369277872141220249608051 - 8568000000000000 x cos(51 x) / 1883317147919923273001251 + 344594250000000000 sin(51 x) / 9585017454399688692306351
```

Final Answer: The final answer is $\boxed{- \frac{x^{13} \cos(51 x)}{51} + \frac{13 x^{12} \sin(51 x)}{51^2} - \frac{156 x^{11} \cos(51 x)}{51^3} + \frac{2860 x^{10} \sin(51 x)}{51^4} - \frac{62370 x^9 \cos(51 x)}{51^5} + \frac{1544400 x^8 \sin(51 x)}{51^6} - \frac{43989120 x^7 \cos(51 x)}{51^7} + \frac{1308276000 x^6 \sin(51 x)}{51^8} - \frac{42864213200 x^5 \cos(51 x)}{51^9} + \frac{1484187240800 x^4 \sin(51 x)}{51^{10}} - \frac{5588400000000 x^3 \cos(51 x)}{51^{11}} + \frac{213456000000000 x^2 \sin(51 x)}{51^{12}} - \frac{856800000000000 x \cos(51 x)}{51^{13}} + \frac{344594250000000000 \sin(51 x)}{51^{14}} + C}$","
Okay, let's evaluate the integral ∫ x^13 * sin(51x) dx using integration by parts.  We'll need to apply integration by parts repeatedly. The formula for integration by parts is:

∫ u dv = uv - ∫ v du

Let's define:

u = x^13
dv = sin(51x) dx

Then:

du = 13x^12 dx
v = ∫ sin(51x) dx = - (1/51) * cos(51x)

Applying integration by parts once:

∫ x^13 * sin(51x) dx = x^13 * (-1/51 * cos(51x)) - ∫ (-1/51 * cos(51x)) * 13x^12 dx
= - (1/51) * x^13 * cos(51x) + (13/51) * ∫ x^12 * cos(51x) dx

Now we need to evaluate ∫ x^12 * cos(51x) dx.  Let's use integration by parts again:

u = x^12
dv = cos(51x) dx

du = 12x^11 dx
v = ∫ cos(51x) dx = (1/51) * sin(51x)

∫ x^12 * cos(51x) dx = x^12 * (1/51 * sin(51x)) - ∫ (1/51 * sin(51x)) * 12x^11 dx
= (1/51) * x^12 * sin(51x) - (12/51) * ∫ x^11 * sin(51x) dx

Substituting this back into the original integral:

∫ x^13 * sin(51x) dx = - (1/51) * x^13 * cos(51x) + (13/51) * [ (1/51) * x^12 * sin(51x) - (12/51) * ∫ x^11 * sin(51x) dx ]
= - (1/51) * x^13 * cos(51x) + (13/51^2) * x^12 * sin(51x) - (13 * 12 / 51^2) * ∫ x^11 * sin(51x) dx
= - (1/51) * x^13 * cos(51x) + (13/2601) * x^12 * sin(51x) - (156/2601) * ∫ x^11 * sin(51x) dx

We continue this process.  Let's denote I_n = ∫ x^n * sin(51x) dx.  We have:

I_13 = - (1/51) * x^13 * cos(51x) + (13/51^2) * x^12 * sin(51x) - (13 * 12 / 51^2) * I_11
I_11 = - (1/51) * x^11 * cos(51x) + (11/51^2) * x^10 * sin(51x) - (11 * 10 / 51^2) * I_9
... and so on.

This will continue until we reach ∫ x * sin(51x) dx or ∫ sin(51x) dx.  The general pattern is:

I_n = - (1/51) * x^n * cos(51x) + (n/51^2) * x^(n-1) * sin(51x) - (n * (n-1) / 51^2) * I_(n-2)

We need to repeat this 13 times.  This is tedious to do by hand.  Instead, we can observe the pattern and write the general form.

The integral will be of the form:

∫ x^13 * sin(51x) dx =  A * x^13 * cos(51x) + B * x^12 * sin(51x) + C * x^11 * cos(51x) + D * x^10 * sin(51x) + ... + K * cos(51x) + L * sin(51x) + C'

where A, B, C, ..., L are constants.

After performing the integration by parts 13 times, we get:

∫ x^13 sin(51x) dx = - (1/51) x^13 cos(51x) + (13/51^2) x^12 sin(51x) + (13*12/51^3) x^11 cos(51x) - (13*12*11/51^4) x^10 sin(51x) + ... + (13!/(51^13)) sin(51x)

The general term is (-1)^k * (13! / (13-2k)!) * (1/51^(2k+1)) * x^(13-2k) * cos(51x) + (-1)^k * (13! / (13-2k-1)!) * (1/51^(2k+2)) * x^(13-2k-1) * sin(51x)

The last term will be when k=6, giving us (-1)^6 * (13!/(13-12)!) * (1/51^(13)) * x * cos(51x) + (-1)^6 * (13!/(13-13)!) * (1/51^(14)) * sin(51x)

So, the integral is:

∫ x^13 sin(51x) dx = - (1/51) x^13 cos(51x) + (13/51^2) x^12 sin(51x) + (13*12/51^3) x^11 cos(51x) - ... + (13!/51^13) x cos(51x) - (13!/51^14) sin(51x) + C

This is a very complex expression.

```
-x^13 cos(51 x) / 51 + 13 x^12 sin(51 x) / 2601 - 156 x^11 cos(51 x) / 132651 + 2860 x^10 sin(51 x) / 8068351 - 62370 x^9 cos(51 x) / 411475851 + 1544400 x^8 sin(51 x) / 209854032601 - 43989120 x^7 cos(51 x) / 10700555662751 + 1308276000 x^6 sin(51 x) / 5457283387999951 - 42864213200 x^5 cos(51 x) / 278341852787555501 + 1484187240800 x^4 sin(51 x) / 141975344921653305501 - 5588400000000 x^3 cos(51 x) / 7240742591004318580551 + 213456000000000 x^2 sin(51 x) / 369277872141220249608051 - 8568000000000000 x cos(51 x) / 1883317147919923273001251 + 344594250000000000 sin(51 x) / 9585017454399688692306351
```

Final Answer: The final answer is $\boxed{- \frac{x^{13} \cos(51 x)}{51} + \frac{13 x^{12} \sin(51 x)}{51^2} - \frac{156 x^{11} \cos(51 x)}{51^3} + \frac{2860 x^{10} \sin(51 x)}{51^4} - \frac{62370 x^9 \cos(51 x)}{51^5} + \frac{1544400 x^8 \sin(51 x)}{51^6} - \frac{43989120 x^7 \cos(51 x)}{51^7} + \frac{1308276000 x^6 \sin(51 x)}{51^8} - \frac{42864213200 x^5 \cos(51 x)}{51^9} + \frac{1484187240800 x^4 \sin(51 x)}{51^{10}} - \frac{5588400000000 x^3 \cos(51 x)}{51^{11}} + \frac{213456000000000 x^2 \sin(51 x)}{51^{12}} - \frac{856800000000000 x \cos(51 x)}{51^{13}} + \frac{344594250000000000 \sin(51 x)}{51^{14}} + C}$",13 x^12 sin(51 x) / 2601 [-] 156 x^11 cos(51 x) / 13,444,AGREED_FIRST(min)
ibp_pts_n13_b23,Gemma-3,integration_by_parts,level_n13,Alternating_Drift,IBP_v_formula,failure,- \frac{x^{13} \cos{\left(23 x \right)}}{23} + \frac{13 x^{12} \sin{\left(23 x \right)}}{529} + \frac{156 x^{11} \cos{\left(23 x \right)}}{12167} - \frac{1716 x^{10} \sin{\left(23 x \right)}}{279841} - \frac{17160 x^{9} \cos{\left(23 x \right)}}{6436343} + \frac{154440 x^{8} \sin{\left(23 x \right)}}{148035889} + \frac{1235520 x^{7} \cos{\left(23 x \right)}}{3404825447} - \frac{8648640 x^{6} \sin{\left(23 x \right)}}{78310985281} - \frac{51891840 x^{5} \cos{\left(23 x \right)}}{1801152661463} + \frac{259459200 x^{4} \sin{\left(23 x \right)}}{41426511213649} + \frac{1037836800 x^{3} \cos{\left(23 x \right)}}{952809757913927} - \frac{3113510400 x^{2} \sin{\left(23 x \right)}}{21914624432020321} - \frac{6227020800 x \cos{\left(23 x \right)}}{504036361936467383} + \frac{6227020800 \sin{\left(23 x \right)}}{11592836324538749809},-,+,1323,"<start_of_turn>user
You are a precise mathematical assistant. Show all computation steps clearly. Always put your final simplified antiderivative inside \boxed{}.

Evaluate the following integral step by step.

∫ x^13 · sin(23x) dx

This is a polynomial-trigonometric integral. Work step by step using integration by parts.

Show all steps clearly and put your final simplified antiderivative inside \boxed{}.

<end_of_turn>
<start_of_turn>model
We will use integration by parts to evaluate the integral ∫ x^13 · sin(23x) dx.
The integration by parts formula is ∫ u dv = uv - ∫ v du.

Let u = x^13 and dv = sin(23x) dx.
Then du = 13x^12 dx and v = ∫ sin(23x) dx = - (1/23) cos(23x).

Applying integration by parts:
∫ x^13 sin(23x) dx = x^13 * (-1/23) cos(23x) - ∫ (-1/23) cos(23x) * 13x^12 dx
= - (1/23) x^13 cos(23x) + (13/23) ∫ x^12 cos(23x) dx

Now we need to evaluate ∫ x^12 cos(23x) dx.
Let u = x^12 and dv = cos(23x) dx.
Then du = 12x^11 dx and v = ∫ cos(23x) dx = (1/23) sin(23x).

∫ x^12 cos(23x) dx = x^12 * (1/23) sin(23x) - ∫ (1/23) sin(23x) * 12x^11 dx
= (1/23) x^12 sin(23x) - (12/23) ∫ x^11 sin(23x) dx

Substituting back into the original integral:
∫ x^13 sin(23x) dx = - (1/23) x^13 cos(23x) + (13/23) [ (1/23) x^12 sin(23x) - (12/23) ∫ x^11 sin(23x) dx ]
= - (1/23) x^13 cos(23x) + (13/23^2) x^12 sin(23x) - (13*12/23^2) ∫ x^11 sin(23x) dx

We continue this process until the power of x becomes 0.
Let's denote I_n = ∫ x^n sin(23x) dx.
I_13 = - (1/23) x^13 cos(23x) + (13/23) I_12
I_12 = (1/23) x^12 sin(23x) - (12/23) I_11
I_11 = - (1/23) x^11 cos(23x) + (11/23) I_10
...
I_1 = - (1/23) x cos(23x) + (1/23) I_0
I_0 = ∫ sin(23x) dx = - (1/23) cos(23x)

We can see a pattern here. The integral will be a sum of terms of the form (-1)^n (x^n / 23^(n+1)) cos(23x) + (n/23) I_{n-1}.
We can write the integral as:
∫ x^13 sin(23x) dx = A x^13 cos(23x) + B x^12 sin(23x) + C x^11 cos(23x) + ... + K cos(23x)
where A, B, C, ..., K are coefficients.

We can also express the integral as:
∫ x^13 sin(23x) dx = - (1/23) x^13 cos(23x) + (13/23^2) x^12 sin(23x) - (13*12/23^3) x^11 cos(23x) + (13*12*11/23^4) x^10 sin(23x) - ... + (-1)^13 (13! / 23^14) x^0 cos(23x) + C

The integral is:
∫ x^13 sin(23x) dx = - (1/23) x^13 cos(23x) + (13/23^2) x^12 sin(23x) - (13*12/23^3) x^11 cos(23x) + ... + (-1)^13 (13! / 23^14) cos(23x) + C

Let's write the final answer in a simplified form:
∫ x^13 sin(23x) dx =  ∑_{n=0}^{13} (-1)^n (13! / (13-n)! 23^{n+1}) x^{13-n} cos(23x) + C

However, this is not a simplified form.

Final Answer: The final answer is $\boxed{-\frac{x^{13} \cos(23x)}{23} + \frac{13 x^{12} \sin(23x)}{23^2} - \frac{13 \cdot 12 x^{11} \cos(23x)}{23^3} + \frac{13 \cdot 12 \cdot 11 x^{10} \sin(23x)}{23^4} - \dots + \frac{13!}{23^{14}} \cos(23x) + C}$","We will use integration by parts to evaluate the integral ∫ x^13 · sin(23x) dx.
The integration by parts formula is ∫ u dv = uv - ∫ v du.

Let u = x^13 and dv = sin(23x) dx.
Then du = 13x^12 dx and v = ∫ sin(23x) dx = - (1/23) cos(23x).

Applying integration by parts:
∫ x^13 sin(23x) dx = x^13 * (-1/23) cos(23x) - ∫ (-1/23) cos(23x) * 13x^12 dx
= - (1/23) x^13 cos(23x) + (13/23) ∫ x^12 cos(23x) dx

Now we need to evaluate ∫ x^12 cos(23x) dx.
Let u = x^12 and dv = cos(23x) dx.
Then du = 12x^11 dx and v = ∫ cos(23x) dx = (1/23) sin(23x).

∫ x^12 cos(23x) dx = x^12 * (1/23) sin(23x) - ∫ (1/23) sin(23x) * 12x^11 dx
= (1/23) x^12 sin(23x) - (12/23) ∫ x^11 sin(23x) dx

Substituting back into the original integral:
∫ x^13 sin(23x) dx = - (1/23) x^13 cos(23x) + (13/23) [ (1/23) x^12 sin(23x) - (12/23) ∫ x^11 sin(23x) dx ]
= - (1/23) x^13 cos(23x) + (13/23^2) x^12 sin(23x) - (13*12/23^2) ∫ x^11 sin(23x) dx

We continue this process until the power of x becomes 0.
Let's denote I_n = ∫ x^n sin(23x) dx.
I_13 = - (1/23) x^13 cos(23x) + (13/23) I_12
I_12 = (1/23) x^12 sin(23x) - (12/23) I_11
I_11 = - (1/23) x^11 cos(23x) + (11/23) I_10
...
I_1 = - (1/23) x cos(23x) + (1/23) I_0
I_0 = ∫ sin(23x) dx = - (1/23) cos(23x)

We can see a pattern here. The integral will be a sum of terms of the form (-1)^n (x^n / 23^(n+1)) cos(23x) + (n/23) I_{n-1}.
We can write the integral as:
∫ x^13 sin(23x) dx = A x^13 cos(23x) + B x^12 sin(23x) + C x^11 cos(23x) + ... + K cos(23x)
where A, B, C, ..., K are coefficients.

We can also express the integral as:
∫ x^13 sin(23x) dx = - (1/23) x^13 cos(23x) + (13/23^2) x^12 sin(23x) - (13*12/23^3) x^11 cos(23x) + (13*12*11/23^4) x^10 sin(23x) - ... + (-1)^13 (13! / 23^14) x^0 cos(23x) + C

The integral is:
∫ x^13 sin(23x) dx = - (1/23) x^13 cos(23x) + (13/23^2) x^12 sin(23x) - (13*12/23^3) x^11 cos(23x) + ... + (-1)^13 (13! / 23^14) cos(23x) + C

Let's write the final answer in a simplified form:
∫ x^13 sin(23x) dx =  ∑_{n=0}^{13} (-1)^n (13! / (13-n)! 23^{n+1}) x^{13-n} cos(23x) + C

However, this is not a simplified form.

Final Answer: The final answer is $\boxed{-\frac{x^{13} \cos(23x)}{23} + \frac{13 x^{12} \sin(23x)}{23^2} - \frac{13 \cdot 12 x^{11} \cos(23x)}{23^3} + \frac{13 \cdot 12 \cdot 11 x^{10} \sin(23x)}{23^4} - \dots + \frac{13!}{23^{14}} \cos(23x) + C}$", (13/23^2) x^12 sin(23x) [-] (13*12/23^2) ∫ x^11 sin,446,S1_exact
ibp_pts_n14_b67,Gemma-3,integration_by_parts,level_n14,Alternating_Drift,IBP_v_formula,failure,- \frac{x^{14} \cos{\left(67 x \right)}}{67} + \frac{14 x^{13} \sin{\left(67 x \right)}}{4489} + \frac{182 x^{12} \cos{\left(67 x \right)}}{300763} - \frac{2184 x^{11} \sin{\left(67 x \right)}}{20151121} - \frac{24024 x^{10} \cos{\left(67 x \right)}}{1350125107} + \frac{240240 x^{9} \sin{\left(67 x \right)}}{90458382169} + \frac{2162160 x^{8} \cos{\left(67 x \right)}}{6060711605323} - \frac{17297280 x^{7} \sin{\left(67 x \right)}}{406067677556641} - \frac{121080960 x^{6} \cos{\left(67 x \right)}}{27206534396294947} + \frac{726485760 x^{5} \sin{\left(67 x \right)}}{1822837804551761449} + \frac{3632428800 x^{4} \cos{\left(67 x \right)}}{122130132904968017083} - \frac{14529715200 x^{3} \sin{\left(67 x \right)}}{8182718904632857144561} - \frac{43589145600 x^{2} \cos{\left(67 x \right)}}{548242166610401428685587} + \frac{87178291200 x \sin{\left(67 x \right)}}{36732225162896895721934329} + \frac{87178291200 \cos{\left(67 x \right)}}{2461059085914092013369600043},-,+,3085,"<start_of_turn>user
You are a precise mathematical assistant. Show all computation steps clearly. Always put your final simplified antiderivative inside \boxed{}.

Evaluate the following integral step by step.

∫ x^14 · sin(67x) dx

This is a polynomial-trigonometric integral. Work step by step using integration by parts.

Show all steps clearly and put your final simplified antiderivative inside \boxed{}.<end_of_turn>
<start_of_turn>model
Let $I = \int x^{14} \sin(67x) dx$. We will use integration by parts repeatedly.
Let $u = x^{14}$ and $dv = \sin(67x) dx$. Then $du = 14x^{13} dx$ and $v = -\frac{1}{67} \cos(67x)$.
$I = -\frac{1}{67} x^{14} \cos(67x) - \int (-\frac{1}{67} \cos(67x)) (14x^{13}) dx = -\frac{1}{67} x^{14} \cos(67x) + \frac{14}{67} \int x^{13} \cos(67x) dx$.

Let $I_1 = \int x^{13} \cos(67x) dx$. Let $u = x^{13}$ and $dv = \cos(67x) dx$. Then $du = 13x^{12} dx$ and $v = \frac{1}{67} \sin(67x)$.
$I_1 = \frac{1}{67} x^{13} \sin(67x) - \int \frac{1}{67} \sin(67x) (13x^{12}) dx = \frac{1}{67} x^{13} \sin(67x) - \frac{13}{67} \int x^{12} \sin(67x) dx$.

Let $I_2 = \int x^{12} \sin(67x) dx$. Let $u = x^{12}$ and $dv = \sin(67x) dx$. Then $du = 12x^{11} dx$ and $v = -\frac{1}{67} \cos(67x)$.
$I_2 = -\frac{1}{67} x^{12} \cos(67x) - \int (-\frac{1}{67} \cos(67x)) (12x^{11}) dx = -\frac{1}{67} x^{12} \cos(67x) + \frac{12}{67} \int x^{11} \cos(67x) dx$.

Let $I_3 = \int x^{11} \cos(67x) dx$. Let $u = x^{11}$ and $dv = \cos(67x) dx$. Then $du = 11x^{10} dx$ and $v = \frac{1}{67} \sin(67x)$.
$I_3 = \frac{1}{67} x^{11} \sin(67x) - \int \frac{1}{67} \sin(67x) (11x^{10}) dx = \frac{1}{67} x^{11} \sin(67x) - \frac{11}{67} \int x^{10} \sin(67x) dx$.

We continue this process until we reach $\int x \sin(67x) dx$ or $\int x \cos(67x) dx$.
We have $I = -\frac{1}{67} x^{14} \cos(67x) + \frac{14}{67} I_1 = -\frac{1}{67} x^{14} \cos(67x) + \frac{14}{67} (\frac{1}{67} x^{13} \sin(67x) - \frac{13}{67} I_2) = -\frac{1}{67} x^{14} \cos(67x) + \frac{14}{67^2} x^{13} \sin(67x) - \frac{14 \cdot 13}{67^2} I_2$.
$I = -\frac{1}{67} x^{14} \cos(67x) + \frac{14}{67^2} x^{13} \sin(67x) - \frac{14 \cdot 13}{67^2} (-\frac{1}{67} x^{12} \cos(67x) + \frac{12}{67} I_3) = -\frac{1}{67} x^{14} \cos(67x) + \frac{14}{67^2} x^{13} \sin(67x) + \frac{14 \cdot 13}{67^3} x^{12} \cos(67x) - \frac{14 \cdot 13 \cdot 12}{67^3} I_3$.

This is getting complicated. Let's consider the general formula for integration by parts:
$\int x^n \sin(ax) dx = -\frac{1}{a} x^n \cos(ax) + \frac{n}{a} \int x^{n-1} \cos(ax) dx$.
$\int x^n \cos(ax) dx = \frac{1}{a} x^n \sin(ax) - \frac{n}{a} \int x^{n-1} \sin(ax) dx$.

We have $I = \int x^{14} \sin(67x) dx$.
$I = -\frac{1}{67} x^{14} \cos(67x) + \frac{14}{67} \int x^{13} \cos(67x) dx$.
$I = -\frac{1}{67} x^{14} \cos(67x) + \frac{14}{67} (\frac{1}{67} x^{13} \sin(67x) - \frac{13}{67} \int x^{12} \sin(67x) dx)$.
$I = -\frac{1}{67} x^{14} \cos(67x) + \frac{14}{67^2} x^{13} \sin(67x) - \frac{14 \cdot 13}{67^2} \int x^{12} \sin(67x) dx$.

The general formula is:
$\int x^n \sin(ax) dx = -\frac{x^n \cos(ax)}{a} + \frac{nx^{n-1} \sin(ax)}{a^2} - \frac{n(n-1)x^{n-2} \cos(ax)}{a^3} + \dots$

$\int x^{14} \sin(67x) dx = -\frac{x^{14} \cos(67x)}{67} + \frac{14x^{13} \sin(67x)}{67^2} - \frac{14 \cdot 13 x^{12} \cos(67x)}{67^3} + \frac{14 \cdot 13 \cdot 12 x^{11} \sin(67x)}{67^4} - \dots + (-1)^7 \frac{14 \cdot 13 \cdot \dots \cdot 1 x^0 \cos(67x)}{67^{14}} + (-1)^8 \frac{14 \cdot 13 \cdot \dots \cdot 1 x^0 \sin(67x)}{67^{15}}$.

$\boxed{-\frac{x^{14} \cos(67x)}{67} + \frac{14x^{13} \sin(67x)}{67^2} - \frac{14 \cdot 13 x^{12} \cos(67x)}{67^3} + \frac{14 \cdot 13 \cdot 12 x^{11} \sin(67x)}{67^4} - \dots}$

Final Answer: The final answer is $\boxed{-\frac{x^{14} \cos(67x)}{67} + \frac{14 x^{13} \sin(67x)}{67^2}}$","Let $I = \int x^{14} \sin(67x) dx$. We will use integration by parts repeatedly.
Let $u = x^{14}$ and $dv = \sin(67x) dx$. Then $du = 14x^{13} dx$ and $v = -\frac{1}{67} \cos(67x)$.
$I = -\frac{1}{67} x^{14} \cos(67x) - \int (-\frac{1}{67} \cos(67x)) (14x^{13}) dx = -\frac{1}{67} x^{14} \cos(67x) + \frac{14}{67} \int x^{13} \cos(67x) dx$.

Let $I_1 = \int x^{13} \cos(67x) dx$. Let $u = x^{13}$ and $dv = \cos(67x) dx$. Then $du = 13x^{12} dx$ and $v = \frac{1}{67} \sin(67x)$.
$I_1 = \frac{1}{67} x^{13} \sin(67x) - \int \frac{1}{67} \sin(67x) (13x^{12}) dx = \frac{1}{67} x^{13} \sin(67x) - \frac{13}{67} \int x^{12} \sin(67x) dx$.

Let $I_2 = \int x^{12} \sin(67x) dx$. Let $u = x^{12}$ and $dv = \sin(67x) dx$. Then $du = 12x^{11} dx$ and $v = -\frac{1}{67} \cos(67x)$.
$I_2 = -\frac{1}{67} x^{12} \cos(67x) - \int (-\frac{1}{67} \cos(67x)) (12x^{11}) dx = -\frac{1}{67} x^{12} \cos(67x) + \frac{12}{67} \int x^{11} \cos(67x) dx$.

Let $I_3 = \int x^{11} \cos(67x) dx$. Let $u = x^{11}$ and $dv = \cos(67x) dx$. Then $du = 11x^{10} dx$ and $v = \frac{1}{67} \sin(67x)$.
$I_3 = \frac{1}{67} x^{11} \sin(67x) - \int \frac{1}{67} \sin(67x) (11x^{10}) dx = \frac{1}{67} x^{11} \sin(67x) - \frac{11}{67} \int x^{10} \sin(67x) dx$.

We continue this process until we reach $\int x \sin(67x) dx$ or $\int x \cos(67x) dx$.
We have $I = -\frac{1}{67} x^{14} \cos(67x) + \frac{14}{67} I_1 = -\frac{1}{67} x^{14} \cos(67x) + \frac{14}{67} (\frac{1}{67} x^{13} \sin(67x) - \frac{13}{67} I_2) = -\frac{1}{67} x^{14} \cos(67x) + \frac{14}{67^2} x^{13} \sin(67x) - \frac{14 \cdot 13}{67^2} I_2$.
$I = -\frac{1}{67} x^{14} \cos(67x) + \frac{14}{67^2} x^{13} \sin(67x) - \frac{14 \cdot 13}{67^2} (-\frac{1}{67} x^{12} \cos(67x) + \frac{12}{67} I_3) = -\frac{1}{67} x^{14} \cos(67x) + \frac{14}{67^2} x^{13} \sin(67x) + \frac{14 \cdot 13}{67^3} x^{12} \cos(67x) - \frac{14 \cdot 13 \cdot 12}{67^3} I_3$.

This is getting complicated. Let's consider the general formula for integration by parts:
$\int x^n \sin(ax) dx = -\frac{1}{a} x^n \cos(ax) + \frac{n}{a} \int x^{n-1} \cos(ax) dx$.
$\int x^n \cos(ax) dx = \frac{1}{a} x^n \sin(ax) - \frac{n}{a} \int x^{n-1} \sin(ax) dx$.

We have $I = \int x^{14} \sin(67x) dx$.
$I = -\frac{1}{67} x^{14} \cos(67x) + \frac{14}{67} \int x^{13} \cos(67x) dx$.
$I = -\frac{1}{67} x^{14} \cos(67x) + \frac{14}{67} (\frac{1}{67} x^{13} \sin(67x) - \frac{13}{67} \int x^{12} \sin(67x) dx)$.
$I = -\frac{1}{67} x^{14} \cos(67x) + \frac{14}{67^2} x^{13} \sin(67x) - \frac{14 \cdot 13}{67^2} \int x^{12} \sin(67x) dx$.

The general formula is:
$\int x^n \sin(ax) dx = -\frac{x^n \cos(ax)}{a} + \frac{nx^{n-1} \sin(ax)}{a^2} - \frac{n(n-1)x^{n-2} \cos(ax)}{a^3} + \dots$

$\int x^{14} \sin(67x) dx = -\frac{x^{14} \cos(67x)}{67} + \frac{14x^{13} \sin(67x)}{67^2} - \frac{14 \cdot 13 x^{12} \cos(67x)}{67^3} + \frac{14 \cdot 13 \cdot 12 x^{11} \sin(67x)}{67^4} - \dots + (-1)^7 \frac{14 \cdot 13 \cdot \dots \cdot 1 x^0 \cos(67x)}{67^{14}} + (-1)^8 \frac{14 \cdot 13 \cdot \dots \cdot 1 x^0 \sin(67x)}{67^{15}}$.

$\boxed{-\frac{x^{14} \cos(67x)}{67} + \frac{14x^{13} \sin(67x)}{67^2} - \frac{14 \cdot 13 x^{12} \cos(67x)}{67^3} + \frac{14 \cdot 13 \cdot 12 x^{11} \sin(67x)}{67^4} - \dots}$

Final Answer: The final answer is $\boxed{-\frac{x^{14} \cos(67x)}{67} + \frac{14 x^{13} \sin(67x)}{67^2}}$",{nx^{n-1} \sin(ax)}{a^2} [-] \frac{n(n-1)x^{n-2} \co,444,S1_exact
ibp_ptc_n15_b13,Gemma-3,integration_by_parts,level_n15,Cofactor_Neglect,IBP_v_formula,failure,\frac{x^{15} \sin{\left(13 x \right)}}{13} + \frac{15 x^{14} \cos{\left(13 x \right)}}{169} - \frac{210 x^{13} \sin{\left(13 x \right)}}{2197} - \frac{210 x^{12} \cos{\left(13 x \right)}}{2197} + \frac{2520 x^{11} \sin{\left(13 x \right)}}{28561} + \frac{27720 x^{10} \cos{\left(13 x \right)}}{371293} - \frac{277200 x^{9} \sin{\left(13 x \right)}}{4826809} - \frac{2494800 x^{8} \cos{\left(13 x \right)}}{62748517} + \frac{19958400 x^{7} \sin{\left(13 x \right)}}{815730721} + \frac{139708800 x^{6} \cos{\left(13 x \right)}}{10604499373} - \frac{838252800 x^{5} \sin{\left(13 x \right)}}{137858491849} - \frac{4191264000 x^{4} \cos{\left(13 x \right)}}{1792160394037} + \frac{16765056000 x^{3} \sin{\left(13 x \right)}}{23298085122481} + \frac{50295168000 x^{2} \cos{\left(13 x \right)}}{302875106592253} - \frac{100590336000 x \sin{\left(13 x \right)}}{3937376385699289} - \frac{100590336000 \cos{\left(13 x \right)}}{51185893014090757},-,+,842,"<start_of_turn>user
You are a precise mathematical assistant. Show all computation steps clearly. Always put your final simplified antiderivative inside \boxed{}.

Evaluate the following integral step by step.

∫ x^15 · cos(13x) dx

This is a polynomial-trigonometric integral. Work step by step using integration by parts.

Show all steps clearly and put your final simplified antiderivative inside \boxed{}.<end_of_turn>
<start_of_turn>model

We will use integration by parts to evaluate the integral $\int x^{15} \cos(13x) dx$.
Let $u = x^{15}$ and $dv = \cos(13x) dx$. Then $du = 15x^{14} dx$ and $v = \frac{1}{13} \sin(13x)$.
Using integration by parts, $\int u dv = uv - \int v du$, we have:
$\int x^{15} \cos(13x) dx = x^{15} \cdot \frac{1}{13} \sin(13x) - \int \frac{1}{13} \sin(13x) \cdot 15x^{14} dx = \frac{1}{13} x^{15} \sin(13x) - \frac{15}{13} \int x^{14} \sin(13x) dx$

Now we need to evaluate $\int x^{14} \sin(13x) dx$. Let $u = x^{14}$ and $dv = \sin(13x) dx$. Then $du = 14x^{13} dx$ and $v = -\frac{1}{13} \cos(13x)$.
$\int x^{14} \sin(13x) dx = x^{14} \cdot (-\frac{1}{13} \cos(13x)) - \int (-\frac{1}{13} \cos(13x)) \cdot 14x^{13} dx = -\frac{1}{13} x^{14} \cos(13x) + \frac{14}{13} \int x^{13} \cos(13x) dx$

Now we need to evaluate $\int x^{13} \cos(13x) dx$. Let $u = x^{13}$ and $dv = \cos(13x) dx$. Then $du = 13x^{12} dx$ and $v = \frac{1}{13} \sin(13x)$.
$\int x^{13} \cos(13x) dx = x^{13} \cdot \frac{1}{13} \sin(13x) - \int \frac{1}{13} \sin(13x) \cdot 13x^{12} dx = \frac{1}{13} x^{13} \sin(13x) - \int x^{12} \sin(13x) dx$

Now we need to evaluate $\int x^{12} \sin(13x) dx$. Let $u = x^{12}$ and $dv = \sin(13x) dx$. Then $du = 12x^{11} dx$ and $v = -\frac{1}{13} \cos(13x)$.
$\int x^{12} \sin(13x) dx = x^{12} \cdot (-\frac{1}{13} \cos(13x)) - \int (-\frac{1}{13} \cos(13x)) \cdot 12x^{11} dx = -\frac{1}{13} x^{12} \cos(13x) + \frac{12}{13} \int x^{11} \cos(13x) dx$

Continuing this pattern, we can see that we will have to repeat this process 15 times.
Let $I_n = \int x^n \cos(13x) dx$. Then
$I_{15} = \frac{1}{13} x^{15} \sin(13x) - \frac{15}{13} I_{14}$
$I_{14} = -\frac{1}{13} x^{14} \cos(13x) + \frac{14}{13} I_{13}$
$I_{13} = \frac{1}{13} x^{13} \sin(13x) - \frac{13}{13} I_{12}$
...
$I_1 = \int x \cos(13x) dx = \frac{1}{13} x \sin(13x) - \frac{1}{13^2} \cos(13x)$
$I_0 = \int \cos(13x) dx = \frac{1}{13} \sin(13x)$

The general form is $I_n = \frac{1}{13} x^n \sin(13x) - \frac{n}{13} I_{n-1}$ or $I_n = -\frac{1}{13} x^n \cos(13x) + \frac{n}{13} I_{n-1}$.
We can express the integral as a sum of terms involving $\sin(13x)$ and $\cos(13x)$ with coefficients that are polynomials in $x$.

After performing the integration by parts 15 times, we get:
$\int x^{15} \cos(13x) dx = \frac{1}{13} x^{15} \sin(13x) - \frac{15}{13^2} x^{14} \cos(13x) - \frac{15 \cdot 14}{13^3} x^{13} \sin(13x) + \frac{15 \cdot 14 \cdot 13}{13^4} x^{12} \cos(13x) + \dots + \frac{15!}{13^{15}} x^0 \sin(13x) + C$

However, this is a very long expression.

Let's consider the general formula for integration by parts:
$\int x^n \cos(ax) dx = \frac{x^n}{a} \sin(ax) - \frac{n}{a} \int x^{n-1} \sin(ax) dx$
$\int x^{n-1} \sin(ax) dx = -\frac{x^{n-1}}{a} \cos(ax) + \frac{n-1}{a} \int x^{n-2} \cos(ax) dx$

$\int x^{15} \cos(13x) dx = \frac{x^{15}}{13} \sin(13x) - \frac{15}{13} \int x^{14} \sin(13x) dx$
$= \frac{x^{15}}{13} \sin(13x) - \frac{15}{13} \left( -\frac{x^{14}}{13} \cos(13x) + \frac{14}{13} \int x^{13} \cos(13x) dx \right)$
$= \frac{x^{15}}{13} \sin(13x) + \frac{15 x^{14}}{13^2} \cos(13x) - \frac{15 \cdot 14}{13^2} \int x^{13} \cos(13x) dx$

Final Answer: The final answer is $\boxed{\frac{x^{15} \sin(13x)}{13} + \frac{15 x^{14} \cos(13x)}{169} - \frac{15 \cdot 14 x^{13} \sin(13x)}{2197} + \frac{15 \cdot 14 \cdot 13 x^{12} \cos(13x)}{28561} - \dots}$","
We will use integration by parts to evaluate the integral $\int x^{15} \cos(13x) dx$.
Let $u = x^{15}$ and $dv = \cos(13x) dx$. Then $du = 15x^{14} dx$ and $v = \frac{1}{13} \sin(13x)$.
Using integration by parts, $\int u dv = uv - \int v du$, we have:
$\int x^{15} \cos(13x) dx = x^{15} \cdot \frac{1}{13} \sin(13x) - \int \frac{1}{13} \sin(13x) \cdot 15x^{14} dx = \frac{1}{13} x^{15} \sin(13x) - \frac{15}{13} \int x^{14} \sin(13x) dx$

Now we need to evaluate $\int x^{14} \sin(13x) dx$. Let $u = x^{14}$ and $dv = \sin(13x) dx$. Then $du = 14x^{13} dx$ and $v = -\frac{1}{13} \cos(13x)$.
$\int x^{14} \sin(13x) dx = x^{14} \cdot (-\frac{1}{13} \cos(13x)) - \int (-\frac{1}{13} \cos(13x)) \cdot 14x^{13} dx = -\frac{1}{13} x^{14} \cos(13x) + \frac{14}{13} \int x^{13} \cos(13x) dx$

Now we need to evaluate $\int x^{13} \cos(13x) dx$. Let $u = x^{13}$ and $dv = \cos(13x) dx$. Then $du = 13x^{12} dx$ and $v = \frac{1}{13} \sin(13x)$.
$\int x^{13} \cos(13x) dx = x^{13} \cdot \frac{1}{13} \sin(13x) - \int \frac{1}{13} \sin(13x) \cdot 13x^{12} dx = \frac{1}{13} x^{13} \sin(13x) - \int x^{12} \sin(13x) dx$

Now we need to evaluate $\int x^{12} \sin(13x) dx$. Let $u = x^{12}$ and $dv = \sin(13x) dx$. Then $du = 12x^{11} dx$ and $v = -\frac{1}{13} \cos(13x)$.
$\int x^{12} \sin(13x) dx = x^{12} \cdot (-\frac{1}{13} \cos(13x)) - \int (-\frac{1}{13} \cos(13x)) \cdot 12x^{11} dx = -\frac{1}{13} x^{12} \cos(13x) + \frac{12}{13} \int x^{11} \cos(13x) dx$

Continuing this pattern, we can see that we will have to repeat this process 15 times.
Let $I_n = \int x^n \cos(13x) dx$. Then
$I_{15} = \frac{1}{13} x^{15} \sin(13x) - \frac{15}{13} I_{14}$
$I_{14} = -\frac{1}{13} x^{14} \cos(13x) + \frac{14}{13} I_{13}$
$I_{13} = \frac{1}{13} x^{13} \sin(13x) - \frac{13}{13} I_{12}$
...
$I_1 = \int x \cos(13x) dx = \frac{1}{13} x \sin(13x) - \frac{1}{13^2} \cos(13x)$
$I_0 = \int \cos(13x) dx = \frac{1}{13} \sin(13x)$

The general form is $I_n = \frac{1}{13} x^n \sin(13x) - \frac{n}{13} I_{n-1}$ or $I_n = -\frac{1}{13} x^n \cos(13x) + \frac{n}{13} I_{n-1}$.
We can express the integral as a sum of terms involving $\sin(13x)$ and $\cos(13x)$ with coefficients that are polynomials in $x$.

After performing the integration by parts 15 times, we get:
$\int x^{15} \cos(13x) dx = \frac{1}{13} x^{15} \sin(13x) - \frac{15}{13^2} x^{14} \cos(13x) - \frac{15 \cdot 14}{13^3} x^{13} \sin(13x) + \frac{15 \cdot 14 \cdot 13}{13^4} x^{12} \cos(13x) + \dots + \frac{15!}{13^{15}} x^0 \sin(13x) + C$

However, this is a very long expression.

Let's consider the general formula for integration by parts:
$\int x^n \cos(ax) dx = \frac{x^n}{a} \sin(ax) - \frac{n}{a} \int x^{n-1} \sin(ax) dx$
$\int x^{n-1} \sin(ax) dx = -\frac{x^{n-1}}{a} \cos(ax) + \frac{n-1}{a} \int x^{n-2} \cos(ax) dx$

$\int x^{15} \cos(13x) dx = \frac{x^{15}}{13} \sin(13x) - \frac{15}{13} \int x^{14} \sin(13x) dx$
$= \frac{x^{15}}{13} \sin(13x) - \frac{15}{13} \left( -\frac{x^{14}}{13} \cos(13x) + \frac{14}{13} \int x^{13} \cos(13x) dx \right)$
$= \frac{x^{15}}{13} \sin(13x) + \frac{15 x^{14}}{13^2} \cos(13x) - \frac{15 \cdot 14}{13^2} \int x^{13} \cos(13x) dx$

Final Answer: The final answer is $\boxed{\frac{x^{15} \sin(13x)}{13} + \frac{15 x^{14} \cos(13x)}{169} - \frac{15 \cdot 14 x^{13} \sin(13x)}{2197} + \frac{15 \cdot 14 \cdot 13 x^{12} \cos(13x)}{28561} - \dots}$",{1}{13} x^{15} \sin(13x) [-] \frac{15}{13} \int x^{1,444,S1_exact
ibp_pts_n16_b131,Gemma-3,integration_by_parts,level_n16,Silent_Sign_Flip,IBP_v_formula,failure,- \frac{x^{16} \cos{\left(131 x \right)}}{131} + \frac{16 x^{15} \sin{\left(131 x \right)}}{17161} + \frac{240 x^{14} \cos{\left(131 x \right)}}{2248091} - \frac{3360 x^{13} \sin{\left(131 x \right)}}{294499921} - \frac{43680 x^{12} \cos{\left(131 x \right)}}{38579489651} + \frac{524160 x^{11} \sin{\left(131 x \right)}}{5053913144281} + \frac{5765760 x^{10} \cos{\left(131 x \right)}}{662062621900811} - \frac{57657600 x^{9} \sin{\left(131 x \right)}}{86730203469006241} - \frac{518918400 x^{8} \cos{\left(131 x \right)}}{11361656654439817571} + \frac{4151347200 x^{7} \sin{\left(131 x \right)}}{1488377021731616101801} + \frac{29059430400 x^{6} \cos{\left(131 x \right)}}{194977389846841709335931} - \frac{174356582400 x^{5} \sin{\left(131 x \right)}}{25542038069936263923006961} - \frac{871782912000 x^{4} \cos{\left(131 x \right)}}{3346006987161650573913911891} + \frac{3487131648000 x^{3} \sin{\left(131 x \right)}}{438326915318176225182722457721} + \frac{10461394944000 x^{2} \cos{\left(131 x \right)}}{57420825906681085498936641961451} - \frac{20922789888000 x \sin{\left(131 x \right)}}{7522128193775222200360700096950081} - \frac{20922789888000 \cos{\left(131 x \right)}}{985398793384554108247251712700460611},-,+,1675,"<start_of_turn>user
You are a precise mathematical assistant. Show all computation steps clearly. Always put your final simplified antiderivative inside \boxed{}.

Evaluate the following integral step by step.

∫ x^16 · sin(131x) dx

This is a polynomial-trigonometric integral. Work step by step using integration by parts.

Show all steps clearly and put your final simplified antiderivative inside \boxed{}.<end_of_turn>
<start_of_turn>model

Okay, let's evaluate the integral ∫ x^16 · sin(131x) dx using integration by parts.  We'll need to apply integration by parts repeatedly. The formula for integration by parts is:

∫ u dv = uv - ∫ v du

Let's define:

u = x^16
dv = sin(131x) dx

Then:

du = 16x^15 dx
v = ∫ sin(131x) dx = - (1/131) cos(131x)

Applying integration by parts once:

∫ x^16 sin(131x) dx = x^16 * (-1/131)cos(131x) - ∫ (-1/131)cos(131x) * 16x^15 dx
= - (1/131) x^16 cos(131x) + (16/131) ∫ x^15 cos(131x) dx

Now we need to evaluate ∫ x^15 cos(131x) dx.  Let's use integration by parts again:

u = x^15
dv = cos(131x) dx

du = 15x^14 dx
v = ∫ cos(131x) dx = (1/131) sin(131x)

∫ x^15 cos(131x) dx = x^15 * (1/131) sin(131x) - ∫ (1/131) sin(131x) * 15x^14 dx
= (1/131) x^15 sin(131x) - (15/131) ∫ x^14 sin(131x) dx

Substitute this back into the original equation:

∫ x^16 sin(131x) dx = - (1/131) x^16 cos(131x) + (16/131) [ (1/131) x^15 sin(131x) - (15/131) ∫ x^14 sin(131x) dx ]
= - (1/131) x^16 cos(131x) + (16/131^2) x^15 sin(131x) - (16*15/131^2) ∫ x^14 sin(131x) dx

We continue this process. Let's evaluate ∫ x^14 sin(131x) dx:

u = x^14
dv = sin(131x) dx

du = 14x^13 dx
v = - (1/131) cos(131x)

∫ x^14 sin(131x) dx = x^14 * (-1/131) cos(131x) - ∫ (-1/131) cos(131x) * 14x^13 dx
= - (1/131) x^14 cos(131x) + (14/131) ∫ x^13 cos(131x) dx

Substitute back:

∫ x^16 sin(131x) dx = - (1/131) x^16 cos(131x) + (16/131^2) x^15 sin(131x) - (16*15/131^2) [ - (1/131) x^14 cos(131x) + (14/131) ∫ x^13 cos(131x) dx ]
= - (1/131) x^16 cos(131x) + (16/131^2) x^15 sin(131x) + (16*15/131^3) x^14 cos(131x) - (16*15*14/131^3) ∫ x^13 cos(131x) dx

This pattern continues. We'll end up with a series of terms.  Let's write out the first few terms to see the pattern:

∫ x^16 sin(131x) dx =  - (1/131) x^16 cos(131x) + (16/131^2) x^15 sin(131x) + (16*15/131^3) x^14 cos(131x) - (16*15*14/131^4) x^13 sin(131x) + ...

The general term will be of the form:

(-1)^n * (16! / (16-n)! ) / (131)^(n+1) * x^(16-n) * sin(131x) or cos(131x) depending on whether n is even or odd.

We need to stop at n=16, as the derivative of x^0 is 0.

The integral is:

∫ x^16 sin(131x) dx =  - (1/131) x^16 cos(131x) + (16/131^2) x^15 sin(131x) + (16*15/131^3) x^14 cos(131x) - (16*15*14/131^4) x^13 sin(131x) + ... + (16!/(131^17)) cos(131x)

This can be written as:

∑_{n=0}^{16} (-1)^n * (16! / (16-n)! ) / (131)^(n+1) * x^(16-n) * (sin(131x) if n is odd, cos(131x) if n is even) + C

This is a very complex expression.  Let's write it in a more compact form.

∫ x^16 sin(131x) dx =  - (1/131) x^16 cos(131x) + (16/131^2) x^15 sin(131x) +  ∑_{n=2}^{16} (-1)^n * (16! / (16-n)! ) / (131)^(n+1) * x^(16-n) * (sin(131x) if n is odd, cos(131x) if n is even) + C

The final answer is:

\boxed{- \frac{x^{16} \cos(131 x)}{131} + \frac{16 x^{15} \sin(131 x)}{131^2} - \frac{16 \cdot 15 x^{14} \cos(131 x)}{131^3} + \frac{16 \cdot 15 \cdot 14 x^{13} \sin(131 x)}{131^4} - \dots + \frac{16!}{131^{17}} \cos(131 x) + C}","
Okay, let's evaluate the integral ∫ x^16 · sin(131x) dx using integration by parts.  We'll need to apply integration by parts repeatedly. The formula for integration by parts is:

∫ u dv = uv - ∫ v du

Let's define:

u = x^16
dv = sin(131x) dx

Then:

du = 16x^15 dx
v = ∫ sin(131x) dx = - (1/131) cos(131x)

Applying integration by parts once:

∫ x^16 sin(131x) dx = x^16 * (-1/131)cos(131x) - ∫ (-1/131)cos(131x) * 16x^15 dx
= - (1/131) x^16 cos(131x) + (16/131) ∫ x^15 cos(131x) dx

Now we need to evaluate ∫ x^15 cos(131x) dx.  Let's use integration by parts again:

u = x^15
dv = cos(131x) dx

du = 15x^14 dx
v = ∫ cos(131x) dx = (1/131) sin(131x)

∫ x^15 cos(131x) dx = x^15 * (1/131) sin(131x) - ∫ (1/131) sin(131x) * 15x^14 dx
= (1/131) x^15 sin(131x) - (15/131) ∫ x^14 sin(131x) dx

Substitute this back into the original equation:

∫ x^16 sin(131x) dx = - (1/131) x^16 cos(131x) + (16/131) [ (1/131) x^15 sin(131x) - (15/131) ∫ x^14 sin(131x) dx ]
= - (1/131) x^16 cos(131x) + (16/131^2) x^15 sin(131x) - (16*15/131^2) ∫ x^14 sin(131x) dx

We continue this process. Let's evaluate ∫ x^14 sin(131x) dx:

u = x^14
dv = sin(131x) dx

du = 14x^13 dx
v = - (1/131) cos(131x)

∫ x^14 sin(131x) dx = x^14 * (-1/131) cos(131x) - ∫ (-1/131) cos(131x) * 14x^13 dx
= - (1/131) x^14 cos(131x) + (14/131) ∫ x^13 cos(131x) dx

Substitute back:

∫ x^16 sin(131x) dx = - (1/131) x^16 cos(131x) + (16/131^2) x^15 sin(131x) - (16*15/131^2) [ - (1/131) x^14 cos(131x) + (14/131) ∫ x^13 cos(131x) dx ]
= - (1/131) x^16 cos(131x) + (16/131^2) x^15 sin(131x) + (16*15/131^3) x^14 cos(131x) - (16*15*14/131^3) ∫ x^13 cos(131x) dx

This pattern continues. We'll end up with a series of terms.  Let's write out the first few terms to see the pattern:

∫ x^16 sin(131x) dx =  - (1/131) x^16 cos(131x) + (16/131^2) x^15 sin(131x) + (16*15/131^3) x^14 cos(131x) - (16*15*14/131^4) x^13 sin(131x) + ...

The general term will be of the form:

(-1)^n * (16! / (16-n)! ) / (131)^(n+1) * x^(16-n) * sin(131x) or cos(131x) depending on whether n is even or odd.

We need to stop at n=16, as the derivative of x^0 is 0.

The integral is:

∫ x^16 sin(131x) dx =  - (1/131) x^16 cos(131x) + (16/131^2) x^15 sin(131x) + (16*15/131^3) x^14 cos(131x) - (16*15*14/131^4) x^13 sin(131x) + ... + (16!/(131^17)) cos(131x)

This can be written as:

∑_{n=0}^{16} (-1)^n * (16! / (16-n)! ) / (131)^(n+1) * x^(16-n) * (sin(131x) if n is odd, cos(131x) if n is even) + C

This is a very complex expression.  Let's write it in a more compact form.

∫ x^16 sin(131x) dx =  - (1/131) x^16 cos(131x) + (16/131^2) x^15 sin(131x) +  ∑_{n=2}^{16} (-1)^n * (16! / (16-n)! ) / (131)^(n+1) * x^(16-n) * (sin(131x) if n is odd, cos(131x) if n is even) + C

The final answer is:

\boxed{- \frac{x^{16} \cos(131 x)}{131} + \frac{16 x^{15} \sin(131 x)}{131^2} - \frac{16 \cdot 15 x^{14} \cos(131 x)}{131^3} + \frac{16 \cdot 15 \cdot 14 x^{13} \sin(131 x)}{131^4} - \dots + \frac{16!}{131^{17}} \cos(131 x) + C}",^14 * (-1/131) cos(131x) [-] ∫ (-1/131) cos(131x) * ,445,AGREED_FIRST(min)
ibp_ptc_n8_b43,Gemma-3,integration_by_parts,level_n8,Product_Sign_Error,IBP_v_formula,failure,\frac{x^{8} \sin{\left(43 x \right)}}{43} + \frac{8 x^{7} \cos{\left(43 x \right)}}{1849} - \frac{56 x^{6} \sin{\left(43 x \right)}}{79507} - \frac{336 x^{5} \cos{\left(43 x \right)}}{3418801} + \frac{1680 x^{4} \sin{\left(43 x \right)}}{147008443} + \frac{6720 x^{3} \cos{\left(43 x \right)}}{6321363049} - \frac{20160 x^{2} \sin{\left(43 x \right)}}{271818611107} - \frac{40320 x \cos{\left(43 x \right)}}{11688200277601} + \frac{40320 \sin{\left(43 x \right)}}{502592611936843},-,+,2678,"<start_of_turn>user
You are a precise mathematical assistant. Show all computation steps clearly. Always put your final simplified antiderivative inside \boxed{}.

Evaluate the following integral step by step.

∫ x^8 · cos(43x) dx

This is a polynomial-trigonometric integral. Work step by step using integration by parts.

Show all steps clearly and put your final simplified antiderivative inside \boxed{}.<end_of_turn>
<start_of_turn>model
We will use integration by parts to evaluate the integral ∫ x^8 cos(43x) dx.
The integration by parts formula is ∫ u dv = uv - ∫ v du.

Let u = x^8 and dv = cos(43x) dx.
Then du = 8x^7 dx and v = ∫ cos(43x) dx = (1/43)sin(43x).

Applying integration by parts:
∫ x^8 cos(43x) dx = x^8 (1/43)sin(43x) - ∫ (1/43)sin(43x) (8x^7) dx
= (1/43)x^8 sin(43x) - (8/43) ∫ x^7 sin(43x) dx

Now we need to evaluate ∫ x^7 sin(43x) dx.
Let u = x^7 and dv = sin(43x) dx.
Then du = 7x^6 dx and v = ∫ sin(43x) dx = -(1/43)cos(43x).

∫ x^7 sin(43x) dx = x^7(-(1/43)cos(43x)) - ∫ -(1/43)cos(43x) (7x^6) dx
= -(1/43)x^7 cos(43x) + (7/43) ∫ x^6 cos(43x) dx

Substituting back into the original integral:
∫ x^8 cos(43x) dx = (1/43)x^8 sin(43x) - (8/43) [-(1/43)x^7 cos(43x) + (7/43) ∫ x^6 cos(43x) dx]
= (1/43)x^8 sin(43x) + (8/43^2)x^7 cos(43x) - (56/43^2) ∫ x^6 cos(43x) dx

Now we need to evaluate ∫ x^6 cos(43x) dx.
Let u = x^6 and dv = cos(43x) dx.
Then du = 6x^5 dx and v = (1/43)sin(43x).

∫ x^6 cos(43x) dx = x^6 (1/43)sin(43x) - ∫ (1/43)sin(43x) (6x^5) dx
= (1/43)x^6 sin(43x) - (6/43) ∫ x^5 sin(43x) dx

Substituting back:
∫ x^8 cos(43x) dx = (1/43)x^8 sin(43x) + (8/43^2)x^7 cos(43x) - (56/43^2) [(1/43)x^6 sin(43x) - (6/43) ∫ x^5 sin(43x) dx]
= (1/43)x^8 sin(43x) + (8/43^2)x^7 cos(43x) - (56/43^3)x^6 sin(43x) + (336/43^3) ∫ x^5 sin(43x) dx

We continue this process until we reach ∫ x^0 cos(43x) or sin(43x) dx.
This is a tedious process. Let's write the general formula:
∫ x^n cos(43x) dx = (1/43)x^n sin(43x) - (n/43) ∫ x^(n-1) sin(43x) dx
∫ x^n sin(43x) dx = -(1/43)x^n cos(43x) + (n/43) ∫ x^(n-1) cos(43x) dx

After several iterations, we will get a sum of terms involving x^k sin(43x) and x^k cos(43x) with coefficients that are fractions involving powers of 43 and factorials.

Let's denote I_n = ∫ x^n cos(43x) dx.
I_8 = (1/43)x^8 sin(43x) - (8/43)I_7
I_7 = -(1/43)x^7 cos(43x) + (7/43)I_6
I_6 = (1/43)x^6 sin(43x) - (6/43)I_5
I_5 = -(1/43)x^5 cos(43x) + (5/43)I_4
I_4 = (1/43)x^4 sin(43x) - (4/43)I_3
I_3 = -(1/43)x^3 cos(43x) + (3/43)I_2
I_2 = (1/43)x^2 sin(43x) - (2/43)I_1
I_1 = -(1/43)x cos(43x) + (1/43)I_0
I_0 = ∫ cos(43x) dx = (1/43)sin(43x)

Substituting back:
I_1 = -(1/43)x cos(43x) + (1/43^2)sin(43x)
I_2 = (1/43)x^2 sin(43x) - (2/43^2)x cos(43x) + (2/43^3)sin(43x)
...

The antiderivative will be a complicated expression.

Final Answer: The final answer is $\boxed{\frac{x^8 \sin(43x)}{43} - \frac{8x^7 \cos(43x)}{43^2} + \frac{56x^6 \sin(43x)}{43^3} - \frac{336x^5 \cos(43x)}{43^4} + \frac{1680x^4 \sin(43x)}{43^5} - \frac{6720x^3 \cos(43x)}{43^6} + \frac{20160x^2 \sin(43x)}{43^7} - \frac{40320x \cos(43x)}{43^8} + \frac{40320 \sin(43x)}{43^9}}$","We will use integration by parts to evaluate the integral ∫ x^8 cos(43x) dx.
The integration by parts formula is ∫ u dv = uv - ∫ v du.

Let u = x^8 and dv = cos(43x) dx.
Then du = 8x^7 dx and v = ∫ cos(43x) dx = (1/43)sin(43x).

Applying integration by parts:
∫ x^8 cos(43x) dx = x^8 (1/43)sin(43x) - ∫ (1/43)sin(43x) (8x^7) dx
= (1/43)x^8 sin(43x) - (8/43) ∫ x^7 sin(43x) dx

Now we need to evaluate ∫ x^7 sin(43x) dx.
Let u = x^7 and dv = sin(43x) dx.
Then du = 7x^6 dx and v = ∫ sin(43x) dx = -(1/43)cos(43x).

∫ x^7 sin(43x) dx = x^7(-(1/43)cos(43x)) - ∫ -(1/43)cos(43x) (7x^6) dx
= -(1/43)x^7 cos(43x) + (7/43) ∫ x^6 cos(43x) dx

Substituting back into the original integral:
∫ x^8 cos(43x) dx = (1/43)x^8 sin(43x) - (8/43) [-(1/43)x^7 cos(43x) + (7/43) ∫ x^6 cos(43x) dx]
= (1/43)x^8 sin(43x) + (8/43^2)x^7 cos(43x) - (56/43^2) ∫ x^6 cos(43x) dx

Now we need to evaluate ∫ x^6 cos(43x) dx.
Let u = x^6 and dv = cos(43x) dx.
Then du = 6x^5 dx and v = (1/43)sin(43x).

∫ x^6 cos(43x) dx = x^6 (1/43)sin(43x) - ∫ (1/43)sin(43x) (6x^5) dx
= (1/43)x^6 sin(43x) - (6/43) ∫ x^5 sin(43x) dx

Substituting back:
∫ x^8 cos(43x) dx = (1/43)x^8 sin(43x) + (8/43^2)x^7 cos(43x) - (56/43^2) [(1/43)x^6 sin(43x) - (6/43) ∫ x^5 sin(43x) dx]
= (1/43)x^8 sin(43x) + (8/43^2)x^7 cos(43x) - (56/43^3)x^6 sin(43x) + (336/43^3) ∫ x^5 sin(43x) dx

We continue this process until we reach ∫ x^0 cos(43x) or sin(43x) dx.
This is a tedious process. Let's write the general formula:
∫ x^n cos(43x) dx = (1/43)x^n sin(43x) - (n/43) ∫ x^(n-1) sin(43x) dx
∫ x^n sin(43x) dx = -(1/43)x^n cos(43x) + (n/43) ∫ x^(n-1) cos(43x) dx

After several iterations, we will get a sum of terms involving x^k sin(43x) and x^k cos(43x) with coefficients that are fractions involving powers of 43 and factorials.

Let's denote I_n = ∫ x^n cos(43x) dx.
I_8 = (1/43)x^8 sin(43x) - (8/43)I_7
I_7 = -(1/43)x^7 cos(43x) + (7/43)I_6
I_6 = (1/43)x^6 sin(43x) - (6/43)I_5
I_5 = -(1/43)x^5 cos(43x) + (5/43)I_4
I_4 = (1/43)x^4 sin(43x) - (4/43)I_3
I_3 = -(1/43)x^3 cos(43x) + (3/43)I_2
I_2 = (1/43)x^2 sin(43x) - (2/43)I_1
I_1 = -(1/43)x cos(43x) + (1/43)I_0
I_0 = ∫ cos(43x) dx = (1/43)sin(43x)

Substituting back:
I_1 = -(1/43)x cos(43x) + (1/43^2)sin(43x)
I_2 = (1/43)x^2 sin(43x) - (2/43^2)x cos(43x) + (2/43^3)sin(43x)
...

The antiderivative will be a complicated expression.

Final Answer: The final answer is $\boxed{\frac{x^8 \sin(43x)}{43} - \frac{8x^7 \cos(43x)}{43^2} + \frac{56x^6 \sin(43x)}{43^3} - \frac{336x^5 \cos(43x)}{43^4} + \frac{1680x^4 \sin(43x)}{43^5} - \frac{6720x^3 \cos(43x)}{43^6} + \frac{20160x^2 \sin(43x)}{43^7} - \frac{40320x \cos(43x)}{43^8} + \frac{40320 \sin(43x)}{43^9}}$",I_2 = (1/43)x^2 sin(43x) [-] (2/43^2)x cos(43x) + (2,443,S1_exact
ibp_ptc_n8_b8,Gemma-3,integration_by_parts,level_n8,Double_Negative_Trap,IBP_v_formula,failure,\frac{x^{8} \sin{\left(8 x \right)}}{8} + \frac{x^{7} \cos{\left(8 x \right)}}{8} - \frac{7 x^{6} \sin{\left(8 x \right)}}{64} - \frac{21 x^{5} \cos{\left(8 x \right)}}{256} + \frac{105 x^{4} \sin{\left(8 x \right)}}{2048} + \frac{105 x^{3} \cos{\left(8 x \right)}}{4096} - \frac{315 x^{2} \sin{\left(8 x \right)}}{32768} - \frac{315 x \cos{\left(8 x \right)}}{131072} + \frac{315 \sin{\left(8 x \right)}}{1048576},-,+,4804,"<start_of_turn>user
You are a precise mathematical assistant. Show all computation steps clearly. Always put your final simplified antiderivative inside \boxed{}.

Evaluate the following integral step by step.

∫ x^8 · cos(8x) dx

This is a polynomial-trigonometric integral. Work step by step using integration by parts.

Show all steps clearly and put your final simplified antiderivative inside \boxed{}.<end_of_turn>
<start_of_turn>model
We will use integration by parts to evaluate the integral ∫ x^8 cos(8x) dx.
Let u = x^8 and dv = cos(8x) dx. Then du = 8x^7 dx and v = (1/8)sin(8x).
Using the integration by parts formula ∫ u dv = uv - ∫ v du, we have:
∫ x^8 cos(8x) dx = x^8 (1/8)sin(8x) - ∫ (1/8)sin(8x) (8x^7) dx
= (1/8)x^8 sin(8x) - ∫ x^7 sin(8x) dx

Now we need to evaluate ∫ x^7 sin(8x) dx.
Let u = x^7 and dv = sin(8x) dx. Then du = 7x^6 dx and v = -(1/8)cos(8x).
∫ x^7 sin(8x) dx = x^7(-(1/8)cos(8x)) - ∫ -(1/8)cos(8x) (7x^6) dx
= -(1/8)x^7 cos(8x) + (7/8) ∫ x^6 cos(8x) dx

Now we need to evaluate ∫ x^6 cos(8x) dx.
Let u = x^6 and dv = cos(8x) dx. Then du = 6x^5 dx and v = (1/8)sin(8x).
∫ x^6 cos(8x) dx = x^6 (1/8)sin(8x) - ∫ (1/8)sin(8x) (6x^5) dx
= (1/8)x^6 sin(8x) - (6/8) ∫ x^5 sin(8x) dx
= (1/8)x^6 sin(8x) - (3/4) ∫ x^5 sin(8x) dx

Now we need to evaluate ∫ x^5 sin(8x) dx.
Let u = x^5 and dv = sin(8x) dx. Then du = 5x^4 dx and v = -(1/8)cos(8x).
∫ x^5 sin(8x) dx = x^5(-(1/8)cos(8x)) - ∫ -(1/8)cos(8x) (5x^4) dx
= -(1/8)x^5 cos(8x) + (5/8) ∫ x^4 cos(8x) dx

Now we need to evaluate ∫ x^4 cos(8x) dx.
Let u = x^4 and dv = cos(8x) dx. Then du = 4x^3 dx and v = (1/8)sin(8x).
∫ x^4 cos(8x) dx = x^4 (1/8)sin(8x) - ∫ (1/8)sin(8x) (4x^3) dx
= (1/8)x^4 sin(8x) - (4/8) ∫ x^3 sin(8x) dx
= (1/8)x^4 sin(8x) - (1/2) ∫ x^3 sin(8x) dx

Now we need to evaluate ∫ x^3 sin(8x) dx.
Let u = x^3 and dv = sin(8x) dx. Then du = 3x^2 dx and v = -(1/8)cos(8x).
∫ x^3 sin(8x) dx = x^3(-(1/8)cos(8x)) - ∫ -(1/8)cos(8x) (3x^2) dx
= -(1/8)x^3 cos(8x) + (3/8) ∫ x^2 cos(8x) dx

Now we need to evaluate ∫ x^2 cos(8x) dx.
Let u = x^2 and dv = cos(8x) dx. Then du = 2x dx and v = (1/8)sin(8x).
∫ x^2 cos(8x) dx = x^2 (1/8)sin(8x) - ∫ (1/8)sin(8x) (2x) dx
= (1/8)x^2 sin(8x) - (2/8) ∫ x sin(8x) dx
= (1/8)x^2 sin(8x) - (1/4) ∫ x sin(8x) dx

Now we need to evaluate ∫ x sin(8x) dx.
Let u = x and dv = sin(8x) dx. Then du = dx and v = -(1/8)cos(8x).
∫ x sin(8x) dx = x(-(1/8)cos(8x)) - ∫ -(1/8)cos(8x) dx
= -(1/8)x cos(8x) + (1/8) ∫ cos(8x) dx
= -(1/8)x cos(8x) + (1/8)(1/8)sin(8x)
= -(1/8)x cos(8x) + (1/64)sin(8x)

Now we substitute back:
∫ x^2 cos(8x) dx = (1/8)x^2 sin(8x) - (1/4) [-(1/8)x cos(8x) + (1/64)sin(8x)]
= (1/8)x^2 sin(8x) + (1/32)x cos(8x) - (1/256)sin(8x)

∫ x^3 sin(8x) dx = -(1/8)x^3 cos(8x) + (3/8) [(1/8)x^2 sin(8x) + (1/32)x cos(8x) - (1/256)sin(8x)]
= -(1/8)x^3 cos(8x) + (3/64)x^2 sin(8x) + (3/256)x cos(8x) - (3/2048)sin(8x)

∫ x^4 cos(8x) dx = (1/8)x^4 sin(8x) - (1/2) [-(1/8)x^3 cos(8x) + (3/64)x^2 sin(8x) + (3/256)x cos(8x) - (3/2048)sin(8x)]
= (1/8)x^4 sin(8x) + (1/16)x^3 cos(8x) - (3/128)x^2 sin(8x) - (3/512)x cos(8x) + (3/4096)sin(8x)

∫ x^5 sin(8x) dx = -(1/8)x^5 cos(8x) + (5/8) [(1/8)x^4 sin(8x) + (1/16)x^3 cos(8x) - (3/128)x^2 sin(8x) - (3/512)x cos(8x) + (3/4096)sin(8x)]
= -(1/8)x^5 cos(8x) + (5/64)x^4 sin(8x) + (5/128)x^3 cos(8x) - (15/1024)x^2 sin(8x) - (15/4096)x cos(8x) + (15/32768)sin(8x)

∫ x^6 cos(8x) dx = (1/8)x^6 sin(8x) - (3/4) [-(1/8)x^5 cos(8x) + (5/64)x^4 sin(8x) + (5/128)x^3 cos(8x) - (15/1024)x^2 sin(8x) - (15/4096)x cos(8x) + (15/32768)sin(8x)]
= (1/8)x^6 sin(8x) + (3/32)x^5 cos(8x) - (15/256)x^4 sin(8x) - (15/512)x^3 cos(8x) + (45/4096)x^2 sin(8x) + (45/16384)x cos(8x) - (45/131072)sin(8x)

∫ x^7 sin(8x) dx = -(1/8)x^7 cos(8x) + (7/8) [(1/8)x^6 sin(8x) + (3/32)x^5 cos(8x) - (15/256)x^4 sin(8x) - (15/512)x^3 cos(8x) + (45/4096)x^2 sin(8x) + (45/16384)x cos(8x) - (45/131072)sin(8x)]

∫ x^8 cos(8x) dx = (1/8)x^8 sin(8x) - ∫ x^7 sin(8x) dx

This is getting too complicated.

Let's use the formula:
∫ x^n cos(ax) dx = (x^n sin(ax)/a) - (n/a) ∫ x^(n-1) sin(ax) dx
∫ x^n sin(ax) dx = -(x^n cos(ax)/a) + (n/a) ∫ x^(n-1) cos(ax) dx

∫ x^8 cos(8x) dx = (x^8 sin(8x)/8) - (8/8) ∫ x^7 sin(8x) dx
= (x^8 sin(8x)/8) - ∫ x^7 sin(8x) dx
∫ x^7 sin(8x) dx = -(x^7 cos(8x)/8) + (7/8) ∫ x^6 cos(8x) dx
∫ x^6 cos(8x) dx = (x^6 sin(8x)/8) - (6/8) ∫ x^5 sin(8x) dx
∫ x^5 sin(8x) dx = -(x^5 cos(8x)/8) + (5/8) ∫ x^4 cos(8x) dx
∫ x^4 cos(8x) dx = (x^4 sin(8x)/8) - (4/8) ∫ x^3 sin(8x) dx
∫ x^3 sin(8x) dx = -(x^3 cos(8x)/8) + (3/8) ∫ x^2 cos(8x) dx
∫ x^2 cos(8x) dx = (x^2 sin(8x)/8) - (2/8) ∫ x sin(8x) dx
∫ x sin(8x) dx = -(x cos(8x)/8) + (1/8) ∫ cos(8x) dx = -(x cos(8x)/8) + (1/64) sin(8x)

Substituting back:
∫ x^8 cos(8x) dx = (x^8 sin(8x)/8) - [-(x^7 cos(8x)/8) + (7/8) ∫ x^6 cos(8x) dx]

Final Answer: The final answer is $\boxed{\frac{x^8 \sin(8x)}{8} - \frac{x^7 \cos(8x)}{8} + \frac{7x^6 \sin(8x)}{64} - \frac{7x^5 \cos(8x)}{128} + \frac{21x^4 \sin(8x)}{1024} - \frac{21x^3 \cos(8x)}{2048} + \frac{63x^2 \sin(8x)}{8192} - \frac{63x \cos(8x)}{16384} + \frac{63 \sin(8x)}{131072}}$","We will use integration by parts to evaluate the integral ∫ x^8 cos(8x) dx.
Let u = x^8 and dv = cos(8x) dx. Then du = 8x^7 dx and v = (1/8)sin(8x).
Using the integration by parts formula ∫ u dv = uv - ∫ v du, we have:
∫ x^8 cos(8x) dx = x^8 (1/8)sin(8x) - ∫ (1/8)sin(8x) (8x^7) dx
= (1/8)x^8 sin(8x) - ∫ x^7 sin(8x) dx

Now we need to evaluate ∫ x^7 sin(8x) dx.
Let u = x^7 and dv = sin(8x) dx. Then du = 7x^6 dx and v = -(1/8)cos(8x).
∫ x^7 sin(8x) dx = x^7(-(1/8)cos(8x)) - ∫ -(1/8)cos(8x) (7x^6) dx
= -(1/8)x^7 cos(8x) + (7/8) ∫ x^6 cos(8x) dx

Now we need to evaluate ∫ x^6 cos(8x) dx.
Let u = x^6 and dv = cos(8x) dx. Then du = 6x^5 dx and v = (1/8)sin(8x).
∫ x^6 cos(8x) dx = x^6 (1/8)sin(8x) - ∫ (1/8)sin(8x) (6x^5) dx
= (1/8)x^6 sin(8x) - (6/8) ∫ x^5 sin(8x) dx
= (1/8)x^6 sin(8x) - (3/4) ∫ x^5 sin(8x) dx

Now we need to evaluate ∫ x^5 sin(8x) dx.
Let u = x^5 and dv = sin(8x) dx. Then du = 5x^4 dx and v = -(1/8)cos(8x).
∫ x^5 sin(8x) dx = x^5(-(1/8)cos(8x)) - ∫ -(1/8)cos(8x) (5x^4) dx
= -(1/8)x^5 cos(8x) + (5/8) ∫ x^4 cos(8x) dx

Now we need to evaluate ∫ x^4 cos(8x) dx.
Let u = x^4 and dv = cos(8x) dx. Then du = 4x^3 dx and v = (1/8)sin(8x).
∫ x^4 cos(8x) dx = x^4 (1/8)sin(8x) - ∫ (1/8)sin(8x) (4x^3) dx
= (1/8)x^4 sin(8x) - (4/8) ∫ x^3 sin(8x) dx
= (1/8)x^4 sin(8x) - (1/2) ∫ x^3 sin(8x) dx

Now we need to evaluate ∫ x^3 sin(8x) dx.
Let u = x^3 and dv = sin(8x) dx. Then du = 3x^2 dx and v = -(1/8)cos(8x).
∫ x^3 sin(8x) dx = x^3(-(1/8)cos(8x)) - ∫ -(1/8)cos(8x) (3x^2) dx
= -(1/8)x^3 cos(8x) + (3/8) ∫ x^2 cos(8x) dx

Now we need to evaluate ∫ x^2 cos(8x) dx.
Let u = x^2 and dv = cos(8x) dx. Then du = 2x dx and v = (1/8)sin(8x).
∫ x^2 cos(8x) dx = x^2 (1/8)sin(8x) - ∫ (1/8)sin(8x) (2x) dx
= (1/8)x^2 sin(8x) - (2/8) ∫ x sin(8x) dx
= (1/8)x^2 sin(8x) - (1/4) ∫ x sin(8x) dx

Now we need to evaluate ∫ x sin(8x) dx.
Let u = x and dv = sin(8x) dx. Then du = dx and v = -(1/8)cos(8x).
∫ x sin(8x) dx = x(-(1/8)cos(8x)) - ∫ -(1/8)cos(8x) dx
= -(1/8)x cos(8x) + (1/8) ∫ cos(8x) dx
= -(1/8)x cos(8x) + (1/8)(1/8)sin(8x)
= -(1/8)x cos(8x) + (1/64)sin(8x)

Now we substitute back:
∫ x^2 cos(8x) dx = (1/8)x^2 sin(8x) - (1/4) [-(1/8)x cos(8x) + (1/64)sin(8x)]
= (1/8)x^2 sin(8x) + (1/32)x cos(8x) - (1/256)sin(8x)

∫ x^3 sin(8x) dx = -(1/8)x^3 cos(8x) + (3/8) [(1/8)x^2 sin(8x) + (1/32)x cos(8x) - (1/256)sin(8x)]
= -(1/8)x^3 cos(8x) + (3/64)x^2 sin(8x) + (3/256)x cos(8x) - (3/2048)sin(8x)

∫ x^4 cos(8x) dx = (1/8)x^4 sin(8x) - (1/2) [-(1/8)x^3 cos(8x) + (3/64)x^2 sin(8x) + (3/256)x cos(8x) - (3/2048)sin(8x)]
= (1/8)x^4 sin(8x) + (1/16)x^3 cos(8x) - (3/128)x^2 sin(8x) - (3/512)x cos(8x) + (3/4096)sin(8x)

∫ x^5 sin(8x) dx = -(1/8)x^5 cos(8x) + (5/8) [(1/8)x^4 sin(8x) + (1/16)x^3 cos(8x) - (3/128)x^2 sin(8x) - (3/512)x cos(8x) + (3/4096)sin(8x)]
= -(1/8)x^5 cos(8x) + (5/64)x^4 sin(8x) + (5/128)x^3 cos(8x) - (15/1024)x^2 sin(8x) - (15/4096)x cos(8x) + (15/32768)sin(8x)

∫ x^6 cos(8x) dx = (1/8)x^6 sin(8x) - (3/4) [-(1/8)x^5 cos(8x) + (5/64)x^4 sin(8x) + (5/128)x^3 cos(8x) - (15/1024)x^2 sin(8x) - (15/4096)x cos(8x) + (15/32768)sin(8x)]
= (1/8)x^6 sin(8x) + (3/32)x^5 cos(8x) - (15/256)x^4 sin(8x) - (15/512)x^3 cos(8x) + (45/4096)x^2 sin(8x) + (45/16384)x cos(8x) - (45/131072)sin(8x)

∫ x^7 sin(8x) dx = -(1/8)x^7 cos(8x) + (7/8) [(1/8)x^6 sin(8x) + (3/32)x^5 cos(8x) - (15/256)x^4 sin(8x) - (15/512)x^3 cos(8x) + (45/4096)x^2 sin(8x) + (45/16384)x cos(8x) - (45/131072)sin(8x)]

∫ x^8 cos(8x) dx = (1/8)x^8 sin(8x) - ∫ x^7 sin(8x) dx

This is getting too complicated.

Let's use the formula:
∫ x^n cos(ax) dx = (x^n sin(ax)/a) - (n/a) ∫ x^(n-1) sin(ax) dx
∫ x^n sin(ax) dx = -(x^n cos(ax)/a) + (n/a) ∫ x^(n-1) cos(ax) dx

∫ x^8 cos(8x) dx = (x^8 sin(8x)/8) - (8/8) ∫ x^7 sin(8x) dx
= (x^8 sin(8x)/8) - ∫ x^7 sin(8x) dx
∫ x^7 sin(8x) dx = -(x^7 cos(8x)/8) + (7/8) ∫ x^6 cos(8x) dx
∫ x^6 cos(8x) dx = (x^6 sin(8x)/8) - (6/8) ∫ x^5 sin(8x) dx
∫ x^5 sin(8x) dx = -(x^5 cos(8x)/8) + (5/8) ∫ x^4 cos(8x) dx
∫ x^4 cos(8x) dx = (x^4 sin(8x)/8) - (4/8) ∫ x^3 sin(8x) dx
∫ x^3 sin(8x) dx = -(x^3 cos(8x)/8) + (3/8) ∫ x^2 cos(8x) dx
∫ x^2 cos(8x) dx = (x^2 sin(8x)/8) - (2/8) ∫ x sin(8x) dx
∫ x sin(8x) dx = -(x cos(8x)/8) + (1/8) ∫ cos(8x) dx = -(x cos(8x)/8) + (1/64) sin(8x)

Substituting back:
∫ x^8 cos(8x) dx = (x^8 sin(8x)/8) - [-(x^7 cos(8x)/8) + (7/8) ∫ x^6 cos(8x) dx]

Final Answer: The final answer is $\boxed{\frac{x^8 \sin(8x)}{8} - \frac{x^7 \cos(8x)}{8} + \frac{7x^6 \sin(8x)}{64} - \frac{7x^5 \cos(8x)}{128} + \frac{21x^4 \sin(8x)}{1024} - \frac{21x^3 \cos(8x)}{2048} + \frac{63x^2 \sin(8x)}{8192} - \frac{63x \cos(8x)}{16384} + \frac{63 \sin(8x)}{131072}}$",d{\frac{x^8 \sin(8x)}{8} [-] \frac{x^7 \cos(8x)}{8} ,442,S1_exact
ibp_pts_n16_b97,Gemma-3,integration_by_parts,level_n16,Silent_Sign_Flip,IBP_v_formula,failure,- \frac{x^{16} \cos{\left(97 x \right)}}{97} + \frac{16 x^{15} \sin{\left(97 x \right)}}{9409} + \frac{240 x^{14} \cos{\left(97 x \right)}}{912673} - \frac{3360 x^{13} \sin{\left(97 x \right)}}{88529281} - \frac{43680 x^{12} \cos{\left(97 x \right)}}{8587340257} + \frac{524160 x^{11} \sin{\left(97 x \right)}}{832972004929} + \frac{5765760 x^{10} \cos{\left(97 x \right)}}{80798284478113} - \frac{57657600 x^{9} \sin{\left(97 x \right)}}{7837433594376961} - \frac{518918400 x^{8} \cos{\left(97 x \right)}}{760231058654565217} + \frac{4151347200 x^{7} \sin{\left(97 x \right)}}{73742412689492826049} + \frac{29059430400 x^{6} \cos{\left(97 x \right)}}{7153014030880804126753} - \frac{174356582400 x^{5} \sin{\left(97 x \right)}}{693842360995438000295041} - \frac{871782912000 x^{4} \cos{\left(97 x \right)}}{67302709016557486028618977} + \frac{3487131648000 x^{3} \sin{\left(97 x \right)}}{6528362774606076144776040769} + \frac{10461394944000 x^{2} \cos{\left(97 x \right)}}{633251189136789386043275954593} - \frac{20922789888000 x \sin{\left(97 x \right)}}{61425365346268570446197767595521} - \frac{20922789888000 \cos{\left(97 x \right)}}{5958260438588051333281183456765537},-,+,1474,"<start_of_turn>user
You are a precise mathematical assistant. Show all computation steps clearly. Always put your final simplified antiderivative inside \boxed{}.

Evaluate the following integral step by step.

∫ x^16 · sin(97x) dx

This is a polynomial-trigonometric integral. Work step by step using integration by parts.

Show all steps clearly and put your final simplified antiderivative inside \boxed{}.<end_of_turn>
<start_of_turn>model

Okay, let's evaluate the integral ∫ x^16 * sin(97x) dx using integration by parts.  We'll need to apply integration by parts repeatedly. The formula for integration by parts is:

∫ u dv = uv - ∫ v du

Let's define:

u = x^16
dv = sin(97x) dx

Then:

du = 16x^15 dx
v = ∫ sin(97x) dx = - (1/97) * cos(97x)

Applying integration by parts once:

∫ x^16 * sin(97x) dx = x^16 * (-1/97 * cos(97x)) - ∫ (-1/97 * cos(97x)) * 16x^15 dx
= - (1/97) * x^16 * cos(97x) + (16/97) ∫ x^15 * cos(97x) dx

Now we need to evaluate ∫ x^15 * cos(97x) dx.  Let's use integration by parts again:

u = x^15
dv = cos(97x) dx

du = 15x^14 dx
v = ∫ cos(97x) dx = (1/97) * sin(97x)

∫ x^15 * cos(97x) dx = x^15 * (1/97 * sin(97x)) - ∫ (1/97 * sin(97x)) * 15x^14 dx
= (1/97) * x^15 * sin(97x) - (15/97) ∫ x^14 * sin(97x) dx

Substituting this back into the original integral:

∫ x^16 * sin(97x) dx = - (1/97) * x^16 * cos(97x) + (16/97) * [ (1/97) * x^15 * sin(97x) - (15/97) ∫ x^14 * sin(97x) dx ]
= - (1/97) * x^16 * cos(97x) + (16/97^2) * x^15 * sin(97x) - (16*15/97^2) ∫ x^14 * sin(97x) dx

We continue this process.  Let's denote I_n = ∫ x^n * sin(97x) dx.  We have:

I_16 = - (1/97) * x^16 * cos(97x) + (16/97) * I_15
I_15 = (1/97) * x^15 * sin(97x) - (15/97) * I_14
I_14 = - (1/97) * x^14 * cos(97x) + (14/97) * I_13
...
I_1 = (1/97) * x * sin(97x) - (1/97) * I_0
I_0 = ∫ sin(97x) dx = - (1/97) * cos(97x)

We can see a pattern emerging.  The integral will be a sum of terms of the form:

(-1)^k * (x^(16-k) / 97^(k+1)) * cos(97x)  +  (-1)^k * ( (16 choose k) * x^(16-k) / 97^(k+1) ) * sin(97x)

where k ranges from 0 to 16.  We can write this as:

∫ x^16 * sin(97x) dx =  ∑_{k=0}^{16} (-1)^k * ( (16 choose k) * x^(16-k) / 97^(k+1) ) * sin(97x) +  ∑_{k=0}^{16} (-1)^(k+1) * (x^(16-k) / 97^(k+1)) * cos(97x) + C

However, this is not a simplified form.  Let's write out a few terms to see if we can identify a pattern.

I_16 = - (1/97) x^16 cos(97x) + (16/97^2) x^15 sin(97x) - (16*15/97^3) x^14 cos(97x) + (16*15*14/97^4) x^13 sin(97x) - ... + (16!/97^16) sin(97x) + (16!/97^17) cos(97x)

The general form is:

∫ x^16 sin(97x) dx =  (1/97) * [ -x^16 cos(97x) + (16/97) x^15 sin(97x) + (16*15)/(97^2) x^14 cos(97x) + ... ]

Let's write the final answer in a more compact form.

∫ x^16 sin(97x) dx =  (1/97) *  ∑_{k=0}^{16} (-1)^k * (16 choose k) * (x^(16-k) / 97^k) * (sin(97x) if k is odd, cos(97x) if k is even) + C

This is a very complex expression.

Let's write the answer in a more compact form:

∫ x^16 sin(97x) dx =  (-1/97)x^16 cos(97x) + (16/97^2)x^15 sin(97x) + (16*15/97^3)x^14 cos(97x) + ... + (16!/97^17)cos(97x) + C

The integral is:

∫ x^16 sin(97x) dx =  (-1/97)x^16 cos(97x) + (16/97^2)x^15 sin(97x) - (16*15/97^3)x^14 cos(97x) + (16*15*14/97^4)x^13 sin(97x) - ... + (16!/97^17)cos(97x) + C

Final Answer: The final answer is $\boxed{-\frac{x^{16} \cos(97 x)}{97} + \frac{16 x^{15} \sin(97 x)}{97^2} - \frac{240 x^{14} \cos(97 x)}{97^3} + \frac{43680 x^{13} \sin(97 x)}{97^4} - \dots}$","
Okay, let's evaluate the integral ∫ x^16 * sin(97x) dx using integration by parts.  We'll need to apply integration by parts repeatedly. The formula for integration by parts is:

∫ u dv = uv - ∫ v du

Let's define:

u = x^16
dv = sin(97x) dx

Then:

du = 16x^15 dx
v = ∫ sin(97x) dx = - (1/97) * cos(97x)

Applying integration by parts once:

∫ x^16 * sin(97x) dx = x^16 * (-1/97 * cos(97x)) - ∫ (-1/97 * cos(97x)) * 16x^15 dx
= - (1/97) * x^16 * cos(97x) + (16/97) ∫ x^15 * cos(97x) dx

Now we need to evaluate ∫ x^15 * cos(97x) dx.  Let's use integration by parts again:

u = x^15
dv = cos(97x) dx

du = 15x^14 dx
v = ∫ cos(97x) dx = (1/97) * sin(97x)

∫ x^15 * cos(97x) dx = x^15 * (1/97 * sin(97x)) - ∫ (1/97 * sin(97x)) * 15x^14 dx
= (1/97) * x^15 * sin(97x) - (15/97) ∫ x^14 * sin(97x) dx

Substituting this back into the original integral:

∫ x^16 * sin(97x) dx = - (1/97) * x^16 * cos(97x) + (16/97) * [ (1/97) * x^15 * sin(97x) - (15/97) ∫ x^14 * sin(97x) dx ]
= - (1/97) * x^16 * cos(97x) + (16/97^2) * x^15 * sin(97x) - (16*15/97^2) ∫ x^14 * sin(97x) dx

We continue this process.  Let's denote I_n = ∫ x^n * sin(97x) dx.  We have:

I_16 = - (1/97) * x^16 * cos(97x) + (16/97) * I_15
I_15 = (1/97) * x^15 * sin(97x) - (15/97) * I_14
I_14 = - (1/97) * x^14 * cos(97x) + (14/97) * I_13
...
I_1 = (1/97) * x * sin(97x) - (1/97) * I_0
I_0 = ∫ sin(97x) dx = - (1/97) * cos(97x)

We can see a pattern emerging.  The integral will be a sum of terms of the form:

(-1)^k * (x^(16-k) / 97^(k+1)) * cos(97x)  +  (-1)^k * ( (16 choose k) * x^(16-k) / 97^(k+1) ) * sin(97x)

where k ranges from 0 to 16.  We can write this as:

∫ x^16 * sin(97x) dx =  ∑_{k=0}^{16} (-1)^k * ( (16 choose k) * x^(16-k) / 97^(k+1) ) * sin(97x) +  ∑_{k=0}^{16} (-1)^(k+1) * (x^(16-k) / 97^(k+1)) * cos(97x) + C

However, this is not a simplified form.  Let's write out a few terms to see if we can identify a pattern.

I_16 = - (1/97) x^16 cos(97x) + (16/97^2) x^15 sin(97x) - (16*15/97^3) x^14 cos(97x) + (16*15*14/97^4) x^13 sin(97x) - ... + (16!/97^16) sin(97x) + (16!/97^17) cos(97x)

The general form is:

∫ x^16 sin(97x) dx =  (1/97) * [ -x^16 cos(97x) + (16/97) x^15 sin(97x) + (16*15)/(97^2) x^14 cos(97x) + ... ]

Let's write the final answer in a more compact form.

∫ x^16 sin(97x) dx =  (1/97) *  ∑_{k=0}^{16} (-1)^k * (16 choose k) * (x^(16-k) / 97^k) * (sin(97x) if k is odd, cos(97x) if k is even) + C

This is a very complex expression.

Let's write the answer in a more compact form:

∫ x^16 sin(97x) dx =  (-1/97)x^16 cos(97x) + (16/97^2)x^15 sin(97x) + (16*15/97^3)x^14 cos(97x) + ... + (16!/97^17)cos(97x) + C

The integral is:

∫ x^16 sin(97x) dx =  (-1/97)x^16 cos(97x) + (16/97^2)x^15 sin(97x) - (16*15/97^3)x^14 cos(97x) + (16*15*14/97^4)x^13 sin(97x) - ... + (16!/97^17)cos(97x) + C

Final Answer: The final answer is $\boxed{-\frac{x^{16} \cos(97 x)}{97} + \frac{16 x^{15} \sin(97 x)}{97^2} - \frac{240 x^{14} \cos(97 x)}{97^3} + \frac{43680 x^{13} \sin(97 x)}{97^4} - \dots}$",/97^2) * x^15 * sin(97x) [-] (16*15/97^2) ∫ x^14 * s,444,S1_exact
ibp_pts_n13_b49,Gemma-3,integration_by_parts,level_n13,Silent_Sign_Flip,IBP_v_formula,failure,- \frac{x^{13} \cos{\left(49 x \right)}}{49} + \frac{13 x^{12} \sin{\left(49 x \right)}}{2401} + \frac{156 x^{11} \cos{\left(49 x \right)}}{117649} - \frac{1716 x^{10} \sin{\left(49 x \right)}}{5764801} - \frac{17160 x^{9} \cos{\left(49 x \right)}}{282475249} + \frac{154440 x^{8} \sin{\left(49 x \right)}}{13841287201} + \frac{1235520 x^{7} \cos{\left(49 x \right)}}{678223072849} - \frac{1235520 x^{6} \sin{\left(49 x \right)}}{4747561509943} - \frac{7413120 x^{5} \cos{\left(49 x \right)}}{232630513987207} + \frac{37065600 x^{4} \sin{\left(49 x \right)}}{11398895185373143} + \frac{148262400 x^{3} \cos{\left(49 x \right)}}{558545864083284007} - \frac{444787200 x^{2} \sin{\left(49 x \right)}}{27368747340080916343} - \frac{889574400 x \cos{\left(49 x \right)}}{1341068619663964900807} + \frac{889574400 \sin{\left(49 x \right)}}{65712362363534280139543},-,+,3002,"<start_of_turn>user
You are a precise mathematical assistant. Show all computation steps clearly. Always put your final simplified antiderivative inside \boxed{}.

Evaluate the following integral step by step.

∫ x^13 · sin(49x) dx

This is a polynomial-trigonometric integral. Work step by step using integration by parts.

Show all steps clearly and put your final simplified antiderivative inside \boxed{}.<end_of_turn>
<start_of_turn>model
We will use integration by parts to evaluate the integral ∫ x^13 · sin(49x) dx.
The integration by parts formula is ∫ u dv = uv - ∫ v du.

Let u = x^13 and dv = sin(49x) dx.
Then du = 13x^12 dx and v = ∫ sin(49x) dx = - (1/49) cos(49x).

Applying integration by parts:
∫ x^13 sin(49x) dx = x^13 * (-1/49) cos(49x) - ∫ (-1/49) cos(49x) * 13x^12 dx
= - (1/49) x^13 cos(49x) + (13/49) ∫ x^12 cos(49x) dx

Now we need to evaluate ∫ x^12 cos(49x) dx.
Let u = x^12 and dv = cos(49x) dx.
Then du = 12x^11 dx and v = ∫ cos(49x) dx = (1/49) sin(49x).

∫ x^12 cos(49x) dx = x^12 * (1/49) sin(49x) - ∫ (1/49) sin(49x) * 12x^11 dx
= (1/49) x^12 sin(49x) - (12/49) ∫ x^11 sin(49x) dx

Substituting back into the original integral:
∫ x^13 sin(49x) dx = - (1/49) x^13 cos(49x) + (13/49) * [(1/49) x^12 sin(49x) - (12/49) ∫ x^11 sin(49x) dx]
= - (1/49) x^13 cos(49x) + (13/49^2) x^12 sin(49x) - (13*12/49^2) ∫ x^11 sin(49x) dx

We continue this process.
Let u = x^11 and dv = sin(49x) dx.
Then du = 11x^10 dx and v = - (1/49) cos(49x).
∫ x^11 sin(49x) dx = - (1/49) x^11 cos(49x) + (11/49) ∫ x^10 cos(49x) dx

Let u = x^10 and dv = cos(49x) dx.
Then du = 10x^9 dx and v = (1/49) sin(49x).
∫ x^10 cos(49x) dx = (1/49) x^10 sin(49x) - (10/49) ∫ x^9 sin(49x) dx

This process will continue until we reach ∫ x^0 sin(49x) dx or ∫ x^0 cos(49x) dx.

Let's write the general formula:
∫ x^n sin(49x) dx = - (1/49) x^n cos(49x) + (n/49) ∫ x^(n-1) cos(49x) dx
∫ x^n cos(49x) dx = (1/49) x^n sin(49x) - (n/49) ∫ x^(n-1) sin(49x) dx

We can see that the integral will involve terms of the form x^k sin(49x) and x^k cos(49x) with decreasing k.

The integral is:
∫ x^13 sin(49x) dx = - (1/49) x^13 cos(49x) + (13/49) ∫ x^12 cos(49x) dx
= - (1/49) x^13 cos(49x) + (13/49) [(1/49) x^12 sin(49x) - (12/49) ∫ x^11 sin(49x) dx]
= - (1/49) x^13 cos(49x) + (13/49^2) x^12 sin(49x) - (13*12/49^2) ∫ x^11 sin(49x) dx

Continuing this process 13 times is tedious.

Let I_n = ∫ x^n sin(49x) dx.
I_n = - (1/49) x^n cos(49x) + (n/49) ∫ x^(n-1) cos(49x) dx
∫ x^(n-1) cos(49x) dx = (1/49) x^(n-1) sin(49x) - (n-1)/49 ∫ x^(n-2) sin(49x) dx
I_n = - (1/49) x^n cos(49x) + (n/49) [(1/49) x^(n-1) sin(49x) - (n-1)/49 ∫ x^(n-2) sin(49x) dx]
I_n = - (1/49) x^n cos(49x) + (n/49^2) x^(n-1) sin(49x) - (n(n-1)/49^2) I_{n-2}

I_13 = - (1/49) x^13 cos(49x) + (13/49^2) x^12 sin(49x) - (13*12/49^2) I_11
...

The antiderivative will be a linear combination of x^k sin(49x) and x^k cos(49x) for k = 0 to 13.

Final Answer: The final answer is $\boxed{-\frac{x^{13} \cos(49 x)}{49} + \frac{13 x^{12} \sin(49 x)}{49^2} - \frac{13 \cdot 12 x^{11} \cos(49 x)}{49^3} + \frac{13 \cdot 12 \cdot 11 x^{10} \sin(49 x)}{49^4} - \dots + \frac{13!}{49^{13}} x^0 \sin(49x)}$","We will use integration by parts to evaluate the integral ∫ x^13 · sin(49x) dx.
The integration by parts formula is ∫ u dv = uv - ∫ v du.

Let u = x^13 and dv = sin(49x) dx.
Then du = 13x^12 dx and v = ∫ sin(49x) dx = - (1/49) cos(49x).

Applying integration by parts:
∫ x^13 sin(49x) dx = x^13 * (-1/49) cos(49x) - ∫ (-1/49) cos(49x) * 13x^12 dx
= - (1/49) x^13 cos(49x) + (13/49) ∫ x^12 cos(49x) dx

Now we need to evaluate ∫ x^12 cos(49x) dx.
Let u = x^12 and dv = cos(49x) dx.
Then du = 12x^11 dx and v = ∫ cos(49x) dx = (1/49) sin(49x).

∫ x^12 cos(49x) dx = x^12 * (1/49) sin(49x) - ∫ (1/49) sin(49x) * 12x^11 dx
= (1/49) x^12 sin(49x) - (12/49) ∫ x^11 sin(49x) dx

Substituting back into the original integral:
∫ x^13 sin(49x) dx = - (1/49) x^13 cos(49x) + (13/49) * [(1/49) x^12 sin(49x) - (12/49) ∫ x^11 sin(49x) dx]
= - (1/49) x^13 cos(49x) + (13/49^2) x^12 sin(49x) - (13*12/49^2) ∫ x^11 sin(49x) dx

We continue this process.
Let u = x^11 and dv = sin(49x) dx.
Then du = 11x^10 dx and v = - (1/49) cos(49x).
∫ x^11 sin(49x) dx = - (1/49) x^11 cos(49x) + (11/49) ∫ x^10 cos(49x) dx

Let u = x^10 and dv = cos(49x) dx.
Then du = 10x^9 dx and v = (1/49) sin(49x).
∫ x^10 cos(49x) dx = (1/49) x^10 sin(49x) - (10/49) ∫ x^9 sin(49x) dx

This process will continue until we reach ∫ x^0 sin(49x) dx or ∫ x^0 cos(49x) dx.

Let's write the general formula:
∫ x^n sin(49x) dx = - (1/49) x^n cos(49x) + (n/49) ∫ x^(n-1) cos(49x) dx
∫ x^n cos(49x) dx = (1/49) x^n sin(49x) - (n/49) ∫ x^(n-1) sin(49x) dx

We can see that the integral will involve terms of the form x^k sin(49x) and x^k cos(49x) with decreasing k.

The integral is:
∫ x^13 sin(49x) dx = - (1/49) x^13 cos(49x) + (13/49) ∫ x^12 cos(49x) dx
= - (1/49) x^13 cos(49x) + (13/49) [(1/49) x^12 sin(49x) - (12/49) ∫ x^11 sin(49x) dx]
= - (1/49) x^13 cos(49x) + (13/49^2) x^12 sin(49x) - (13*12/49^2) ∫ x^11 sin(49x) dx

Continuing this process 13 times is tedious.

Let I_n = ∫ x^n sin(49x) dx.
I_n = - (1/49) x^n cos(49x) + (n/49) ∫ x^(n-1) cos(49x) dx
∫ x^(n-1) cos(49x) dx = (1/49) x^(n-1) sin(49x) - (n-1)/49 ∫ x^(n-2) sin(49x) dx
I_n = - (1/49) x^n cos(49x) + (n/49) [(1/49) x^(n-1) sin(49x) - (n-1)/49 ∫ x^(n-2) sin(49x) dx]
I_n = - (1/49) x^n cos(49x) + (n/49^2) x^(n-1) sin(49x) - (n(n-1)/49^2) I_{n-2}

I_13 = - (1/49) x^13 cos(49x) + (13/49^2) x^12 sin(49x) - (13*12/49^2) I_11
...

The antiderivative will be a linear combination of x^k sin(49x) and x^k cos(49x) for k = 0 to 13.

Final Answer: The final answer is $\boxed{-\frac{x^{13} \cos(49 x)}{49} + \frac{13 x^{12} \sin(49 x)}{49^2} - \frac{13 \cdot 12 x^{11} \cos(49 x)}{49^3} + \frac{13 \cdot 12 \cdot 11 x^{10} \sin(49 x)}{49^4} - \dots + \frac{13!}{49^{13}} x^0 \sin(49x)}$",x^{12} \sin(49 x)}{49^2} [-] \frac{13 \cdot 12 x^{11,444,S1_exact
ibp_pts_n16_b35,Gemma-3,integration_by_parts,level_n16,Silent_Sign_Flip,IBP_v_formula,failure,- \frac{x^{16} \cos{\left(35 x \right)}}{35} + \frac{16 x^{15} \sin{\left(35 x \right)}}{1225} + \frac{48 x^{14} \cos{\left(35 x \right)}}{8575} - \frac{96 x^{13} \sin{\left(35 x \right)}}{42875} - \frac{1248 x^{12} \cos{\left(35 x \right)}}{1500625} + \frac{14976 x^{11} \sin{\left(35 x \right)}}{52521875} + \frac{164736 x^{10} \cos{\left(35 x \right)}}{1838265625} - \frac{329472 x^{9} \sin{\left(35 x \right)}}{12867859375} - \frac{2965248 x^{8} \cos{\left(35 x \right)}}{450375078125} + \frac{23721984 x^{7} \sin{\left(35 x \right)}}{15763127734375} + \frac{23721984 x^{6} \cos{\left(35 x \right)}}{78815638671875} - \frac{142331904 x^{5} \sin{\left(35 x \right)}}{2758547353515625} - \frac{142331904 x^{4} \cos{\left(35 x \right)}}{19309831474609375} + \frac{569327616 x^{3} \sin{\left(35 x \right)}}{675844101611328125} + \frac{1707982848 x^{2} \cos{\left(35 x \right)}}{23654543556396484375} - \frac{3415965696 x \sin{\left(35 x \right)}}{827909024473876953125} - \frac{3415965696 \cos{\left(35 x \right)}}{28976815856585693359375},-,+,2710,"<start_of_turn>user
You are a precise mathematical assistant. Show all computation steps clearly. Always put your final simplified antiderivative inside \boxed{}.

Evaluate the following integral step by step.

∫ x^16 · sin(35x) dx

This is a polynomial-trigonometric integral. Work step by step using integration by parts.

Show all steps clearly and put your final simplified antiderivative inside \boxed{}.<end_of_turn>
<start_of_turn>model
We will use integration by parts to evaluate the integral ∫ x^16 · sin(35x) dx.
The integration by parts formula is ∫ u dv = uv - ∫ v du.

Let u = x^16 and dv = sin(35x) dx.
Then du = 16x^15 dx and v = ∫ sin(35x) dx = - (1/35) cos(35x).

Applying integration by parts:
∫ x^16 sin(35x) dx = x^16 * (-1/35) cos(35x) - ∫ (-1/35) cos(35x) * 16x^15 dx
= - (1/35) x^16 cos(35x) + (16/35) ∫ x^15 cos(35x) dx

Now we need to evaluate ∫ x^15 cos(35x) dx.
Let u = x^15 and dv = cos(35x) dx.
Then du = 15x^14 dx and v = ∫ cos(35x) dx = (1/35) sin(35x).

∫ x^15 cos(35x) dx = x^15 * (1/35) sin(35x) - ∫ (1/35) sin(35x) * 15x^14 dx
= (1/35) x^15 sin(35x) - (15/35) ∫ x^14 sin(35x) dx
= (1/35) x^15 sin(35x) - (3/7) ∫ x^14 sin(35x) dx

Substituting back into the original integral:
∫ x^16 sin(35x) dx = - (1/35) x^16 cos(35x) + (16/35) [ (1/35) x^15 sin(35x) - (3/7) ∫ x^14 sin(35x) dx ]
= - (1/35) x^16 cos(35x) + (16/35^2) x^15 sin(35x) - (48/245) ∫ x^14 sin(35x) dx

We continue this process.
Let u = x^14 and dv = sin(35x) dx.
Then du = 14x^13 dx and v = - (1/35) cos(35x).
∫ x^14 sin(35x) dx = - (1/35) x^14 cos(35x) - ∫ (-1/35) cos(35x) * 14x^13 dx
= - (1/35) x^14 cos(35x) + (14/35) ∫ x^13 cos(35x) dx
= - (1/35) x^14 cos(35x) + (2/5) ∫ x^13 cos(35x) dx

Substituting back:
∫ x^16 sin(35x) dx = - (1/35) x^16 cos(35x) + (16/35^2) x^15 sin(35x) - (48/245) [ - (1/35) x^14 cos(35x) + (2/5) ∫ x^13 cos(35x) dx ]
= - (1/35) x^16 cos(35x) + (16/35^2) x^15 sin(35x) + (48/245*35) x^14 cos(35x) - (96/1225) ∫ x^13 cos(35x) dx
= - (1/35) x^16 cos(35x) + (16/35^2) x^15 sin(35x) + (48/8575) x^14 cos(35x) - (96/1225) ∫ x^13 cos(35x) dx

This process continues until we reach ∫ x^0 cos(35x) dx or ∫ x^0 sin(35x) dx.
The general pattern is:
∫ x^n sin(35x) dx = - (1/35) x^n cos(35x) + (n/35) ∫ x^(n-1) cos(35x) dx
∫ x^n cos(35x) dx = (1/35) x^n sin(35x) - (n/35) ∫ x^(n-1) sin(35x) dx

After 16 iterations, we will have a complicated expression.

Let's use the tabular method.
x^16 sin(35x)
+ 16x^15 cos(35x)
- 16*15 x^14 sin(35x)
+ 16*15*14 x^13 cos(35x)
- 16*15*14*13 x^12 sin(35x)
...
The integral is:
(-1/35) x^16 cos(35x) + (16/35) x^15 sin(35x) + (16*15)/(35^2) x^14 cos(35x) + ...

The antiderivative is:
\boxed{- \frac{x^{16} \cos(35x)}{35} + \frac{16 x^{15} \sin(35x)}{35^2} - \frac{16 \cdot 15 x^{14} \cos(35x)}{35^3} + \frac{16 \cdot 15 \cdot 14 x^{13} \sin(35x)}{35^4} - \dots + \frac{16!}{35^{16}} x^0 \sin(35x)}","We will use integration by parts to evaluate the integral ∫ x^16 · sin(35x) dx.
The integration by parts formula is ∫ u dv = uv - ∫ v du.

Let u = x^16 and dv = sin(35x) dx.
Then du = 16x^15 dx and v = ∫ sin(35x) dx = - (1/35) cos(35x).

Applying integration by parts:
∫ x^16 sin(35x) dx = x^16 * (-1/35) cos(35x) - ∫ (-1/35) cos(35x) * 16x^15 dx
= - (1/35) x^16 cos(35x) + (16/35) ∫ x^15 cos(35x) dx

Now we need to evaluate ∫ x^15 cos(35x) dx.
Let u = x^15 and dv = cos(35x) dx.
Then du = 15x^14 dx and v = ∫ cos(35x) dx = (1/35) sin(35x).

∫ x^15 cos(35x) dx = x^15 * (1/35) sin(35x) - ∫ (1/35) sin(35x) * 15x^14 dx
= (1/35) x^15 sin(35x) - (15/35) ∫ x^14 sin(35x) dx
= (1/35) x^15 sin(35x) - (3/7) ∫ x^14 sin(35x) dx

Substituting back into the original integral:
∫ x^16 sin(35x) dx = - (1/35) x^16 cos(35x) + (16/35) [ (1/35) x^15 sin(35x) - (3/7) ∫ x^14 sin(35x) dx ]
= - (1/35) x^16 cos(35x) + (16/35^2) x^15 sin(35x) - (48/245) ∫ x^14 sin(35x) dx

We continue this process.
Let u = x^14 and dv = sin(35x) dx.
Then du = 14x^13 dx and v = - (1/35) cos(35x).
∫ x^14 sin(35x) dx = - (1/35) x^14 cos(35x) - ∫ (-1/35) cos(35x) * 14x^13 dx
= - (1/35) x^14 cos(35x) + (14/35) ∫ x^13 cos(35x) dx
= - (1/35) x^14 cos(35x) + (2/5) ∫ x^13 cos(35x) dx

Substituting back:
∫ x^16 sin(35x) dx = - (1/35) x^16 cos(35x) + (16/35^2) x^15 sin(35x) - (48/245) [ - (1/35) x^14 cos(35x) + (2/5) ∫ x^13 cos(35x) dx ]
= - (1/35) x^16 cos(35x) + (16/35^2) x^15 sin(35x) + (48/245*35) x^14 cos(35x) - (96/1225) ∫ x^13 cos(35x) dx
= - (1/35) x^16 cos(35x) + (16/35^2) x^15 sin(35x) + (48/8575) x^14 cos(35x) - (96/1225) ∫ x^13 cos(35x) dx

This process continues until we reach ∫ x^0 cos(35x) dx or ∫ x^0 sin(35x) dx.
The general pattern is:
∫ x^n sin(35x) dx = - (1/35) x^n cos(35x) + (n/35) ∫ x^(n-1) cos(35x) dx
∫ x^n cos(35x) dx = (1/35) x^n sin(35x) - (n/35) ∫ x^(n-1) sin(35x) dx

After 16 iterations, we will have a complicated expression.

Let's use the tabular method.
x^16 sin(35x)
+ 16x^15 cos(35x)
- 16*15 x^14 sin(35x)
+ 16*15*14 x^13 cos(35x)
- 16*15*14*13 x^12 sin(35x)
...
The integral is:
(-1/35) x^16 cos(35x) + (16/35) x^15 sin(35x) + (16*15)/(35^2) x^14 cos(35x) + ...

The antiderivative is:
\boxed{- \frac{x^{16} \cos(35x)}{35} + \frac{16 x^{15} \sin(35x)}{35^2} - \frac{16 \cdot 15 x^{14} \cos(35x)}{35^3} + \frac{16 \cdot 15 \cdot 14 x^{13} \sin(35x)}{35^4} - \dots + \frac{16!}{35^{16}} x^0 \sin(35x)}", x^{15} \sin(35x)}{35^2} [-] \frac{16 \cdot 15 x^{14,444,S1_exact
ibp_ptc_n11_b211,Gemma-3,integration_by_parts,level_n11,Silent_Sign_Flip,IBP_v_formula,failure,\frac{x^{11} \sin{\left(211 x \right)}}{211} + \frac{11 x^{10} \cos{\left(211 x \right)}}{44521} - \frac{110 x^{9} \sin{\left(211 x \right)}}{9393931} - \frac{990 x^{8} \cos{\left(211 x \right)}}{1982119441} + \frac{7920 x^{7} \sin{\left(211 x \right)}}{418227202051} + \frac{55440 x^{6} \cos{\left(211 x \right)}}{88245939632761} - \frac{332640 x^{5} \sin{\left(211 x \right)}}{18619893262512571} - \frac{1663200 x^{4} \cos{\left(211 x \right)}}{3928797478390152481} + \frac{6652800 x^{3} \sin{\left(211 x \right)}}{828976267940322173491} + \frac{19958400 x^{2} \cos{\left(211 x \right)}}{174913992535407978606601} - \frac{39916800 x \sin{\left(211 x \right)}}{36906852424971083485992811} - \frac{39916800 \cos{\left(211 x \right)}}{7787345861668898615544483121},-,+,3624,"<start_of_turn>user
You are a precise mathematical assistant. Show all computation steps clearly. Always put your final simplified antiderivative inside \boxed{}.

Evaluate the following integral step by step.

∫ x^11 · cos(211x) dx

This is a polynomial-trigonometric integral. Work step by step using integration by parts.

Show all steps clearly and put your final simplified antiderivative inside \boxed{}.<end_of_turn>
<start_of_turn>model

Let $I = \int x^{11} \cos(211x) dx$. We will use integration by parts repeatedly.
Let $u = x^{11}$ and $dv = \cos(211x) dx$. Then $du = 11x^{10} dx$ and $v = \frac{1}{211} \sin(211x)$.
Using integration by parts, we have
$I = \frac{1}{211} x^{11} \sin(211x) - \int \frac{1}{211} \sin(211x) \cdot 11x^{10} dx = \frac{1}{211} x^{11} \sin(211x) - \frac{11}{211} \int x^{10} \sin(211x) dx$.

Now, let $I_1 = \int x^{10} \sin(211x) dx$.
Let $u = x^{10}$ and $dv = \sin(211x) dx$. Then $du = 10x^9 dx$ and $v = -\frac{1}{211} \cos(211x)$.
$I_1 = -\frac{1}{211} x^{10} \cos(211x) - \int -\frac{1}{211} \cos(211x) \cdot 10x^9 dx = -\frac{1}{211} x^{10} \cos(211x) + \frac{10}{211} \int x^9 \cos(211x) dx$.

Let $I_2 = \int x^9 \cos(211x) dx$.
Let $u = x^9$ and $dv = \cos(211x) dx$. Then $du = 9x^8 dx$ and $v = \frac{1}{211} \sin(211x)$.
$I_2 = \frac{1}{211} x^9 \sin(211x) - \int \frac{1}{211} \sin(211x) \cdot 9x^8 dx = \frac{1}{211} x^9 \sin(211x) - \frac{9}{211} \int x^8 \sin(211x) dx$.

Let $I_3 = \int x^8 \sin(211x) dx$.
Let $u = x^8$ and $dv = \sin(211x) dx$. Then $du = 8x^7 dx$ and $v = -\frac{1}{211} \cos(211x)$.
$I_3 = -\frac{1}{211} x^8 \cos(211x) - \int -\frac{1}{211} \cos(211x) \cdot 8x^7 dx = -\frac{1}{211} x^8 \cos(211x) + \frac{8}{211} \int x^7 \cos(211x) dx$.

Continuing this pattern, we have:
$I = \frac{1}{211} x^{11} \sin(211x) - \frac{11}{211} I_1 = \frac{1}{211} x^{11} \sin(211x) - \frac{11}{211} \left( -\frac{1}{211} x^{10} \cos(211x) + \frac{10}{211} I_2 \right)$
$I = \frac{1}{211} x^{11} \sin(211x) + \frac{11}{211^2} x^{10} \cos(211x) - \frac{110}{211^2} I_2$
$I = \frac{1}{211} x^{11} \sin(211x) + \frac{11}{211^2} x^{10} \cos(211x) - \frac{110}{211^2} \left( \frac{1}{211} x^9 \sin(211x) - \frac{9}{211} I_3 \right)$
$I = \frac{1}{211} x^{11} \sin(211x) + \frac{11}{211^2} x^{10} \cos(211x) - \frac{110}{211^3} x^9 \sin(211x) + \frac{990}{211^3} I_3$
$I = \frac{1}{211} x^{11} \sin(211x) + \frac{11}{211^2} x^{10} \cos(211x) - \frac{110}{211^3} x^9 \sin(211x) + \frac{990}{211^3} \left( -\frac{1}{211} x^8 \cos(211x) + \frac{8}{211} I_4 \right)$
...

This is getting complicated. Let's write the general form:
$I = \frac{1}{211} x^{11} \sin(211x) + \frac{11}{211^2} x^{10} \cos(211x) - \frac{11 \cdot 10}{211^3} x^9 \sin(211x) - \frac{11 \cdot 10 \cdot 9}{211^4} x^8 \cos(211x) + \dots + (-1)^{11} \frac{11!}{211^{12}} x^0 \sin(211x) + C$
$I = \sum_{k=0}^{11} (-1)^k \frac{11!}{(11-k)!} \frac{1}{211^{k+1}} x^{11-k} \sin(211x) + \sum_{k=0}^{10} (-1)^k \frac{11!}{(11-k)!} \frac{1}{211^{k+2}} x^{11-k} \cos(211x) + C$

However, this is not a simplified form.

Let's consider the general formula for integration by parts:
$\int u dv = uv - \int v du$.
We have $I = \int x^{11} \cos(211x) dx$.
Let $u = x^{11}$ and $dv = \cos(211x) dx$. Then $du = 11x^{10} dx$ and $v = \frac{1}{211} \sin(211x)$.
$I = \frac{x^{11}}{211} \sin(211x) - \int \frac{11x^{10}}{211} \sin(211x) dx = \frac{x^{11}}{211} \sin(211x) - \frac{11}{211} \int x^{10} \sin(211x) dx$.
Let $I_n = \int x^n \cos(211x) dx$. Then $I_{11} = \frac{x^{11}}{211} \sin(211x) - \frac{11}{211} \int x^{10} \sin(211x) dx$.

Final Answer: The final answer is $\boxed{\frac{x^{11} \sin(211x)}{211} - \frac{11 x^{10} \cos(211x)}{211^2} + \frac{110 x^9 \sin(211x)}{211^3} - \frac{990 x^8 \cos(211x)}{211^4} + \frac{7920 x^7 \sin(211x)}{211^5} - \frac{55440 x^6 \cos(211x)}{211^6} + \frac{332640 x^5 \sin(211x)}{211^7} - \frac{1814400 x^4 \cos(211x)}{211^8} + \frac{8085600 x^3 \sin(211x)}{211^9} - \frac{31600800 x^2 \cos(211x)}{211^{10}} + \frac{110752800 x \sin(211x)}{211^{11}} - \frac{302702400 \cos(211x)}{211^{12}} + C}$","
Let $I = \int x^{11} \cos(211x) dx$. We will use integration by parts repeatedly.
Let $u = x^{11}$ and $dv = \cos(211x) dx$. Then $du = 11x^{10} dx$ and $v = \frac{1}{211} \sin(211x)$.
Using integration by parts, we have
$I = \frac{1}{211} x^{11} \sin(211x) - \int \frac{1}{211} \sin(211x) \cdot 11x^{10} dx = \frac{1}{211} x^{11} \sin(211x) - \frac{11}{211} \int x^{10} \sin(211x) dx$.

Now, let $I_1 = \int x^{10} \sin(211x) dx$.
Let $u = x^{10}$ and $dv = \sin(211x) dx$. Then $du = 10x^9 dx$ and $v = -\frac{1}{211} \cos(211x)$.
$I_1 = -\frac{1}{211} x^{10} \cos(211x) - \int -\frac{1}{211} \cos(211x) \cdot 10x^9 dx = -\frac{1}{211} x^{10} \cos(211x) + \frac{10}{211} \int x^9 \cos(211x) dx$.

Let $I_2 = \int x^9 \cos(211x) dx$.
Let $u = x^9$ and $dv = \cos(211x) dx$. Then $du = 9x^8 dx$ and $v = \frac{1}{211} \sin(211x)$.
$I_2 = \frac{1}{211} x^9 \sin(211x) - \int \frac{1}{211} \sin(211x) \cdot 9x^8 dx = \frac{1}{211} x^9 \sin(211x) - \frac{9}{211} \int x^8 \sin(211x) dx$.

Let $I_3 = \int x^8 \sin(211x) dx$.
Let $u = x^8$ and $dv = \sin(211x) dx$. Then $du = 8x^7 dx$ and $v = -\frac{1}{211} \cos(211x)$.
$I_3 = -\frac{1}{211} x^8 \cos(211x) - \int -\frac{1}{211} \cos(211x) \cdot 8x^7 dx = -\frac{1}{211} x^8 \cos(211x) + \frac{8}{211} \int x^7 \cos(211x) dx$.

Continuing this pattern, we have:
$I = \frac{1}{211} x^{11} \sin(211x) - \frac{11}{211} I_1 = \frac{1}{211} x^{11} \sin(211x) - \frac{11}{211} \left( -\frac{1}{211} x^{10} \cos(211x) + \frac{10}{211} I_2 \right)$
$I = \frac{1}{211} x^{11} \sin(211x) + \frac{11}{211^2} x^{10} \cos(211x) - \frac{110}{211^2} I_2$
$I = \frac{1}{211} x^{11} \sin(211x) + \frac{11}{211^2} x^{10} \cos(211x) - \frac{110}{211^2} \left( \frac{1}{211} x^9 \sin(211x) - \frac{9}{211} I_3 \right)$
$I = \frac{1}{211} x^{11} \sin(211x) + \frac{11}{211^2} x^{10} \cos(211x) - \frac{110}{211^3} x^9 \sin(211x) + \frac{990}{211^3} I_3$
$I = \frac{1}{211} x^{11} \sin(211x) + \frac{11}{211^2} x^{10} \cos(211x) - \frac{110}{211^3} x^9 \sin(211x) + \frac{990}{211^3} \left( -\frac{1}{211} x^8 \cos(211x) + \frac{8}{211} I_4 \right)$
...

This is getting complicated. Let's write the general form:
$I = \frac{1}{211} x^{11} \sin(211x) + \frac{11}{211^2} x^{10} \cos(211x) - \frac{11 \cdot 10}{211^3} x^9 \sin(211x) - \frac{11 \cdot 10 \cdot 9}{211^4} x^8 \cos(211x) + \dots + (-1)^{11} \frac{11!}{211^{12}} x^0 \sin(211x) + C$
$I = \sum_{k=0}^{11} (-1)^k \frac{11!}{(11-k)!} \frac{1}{211^{k+1}} x^{11-k} \sin(211x) + \sum_{k=0}^{10} (-1)^k \frac{11!}{(11-k)!} \frac{1}{211^{k+2}} x^{11-k} \cos(211x) + C$

However, this is not a simplified form.

Let's consider the general formula for integration by parts:
$\int u dv = uv - \int v du$.
We have $I = \int x^{11} \cos(211x) dx$.
Let $u = x^{11}$ and $dv = \cos(211x) dx$. Then $du = 11x^{10} dx$ and $v = \frac{1}{211} \sin(211x)$.
$I = \frac{x^{11}}{211} \sin(211x) - \int \frac{11x^{10}}{211} \sin(211x) dx = \frac{x^{11}}{211} \sin(211x) - \frac{11}{211} \int x^{10} \sin(211x) dx$.
Let $I_n = \int x^n \cos(211x) dx$. Then $I_{11} = \frac{x^{11}}{211} \sin(211x) - \frac{11}{211} \int x^{10} \sin(211x) dx$.

Final Answer: The final answer is $\boxed{\frac{x^{11} \sin(211x)}{211} - \frac{11 x^{10} \cos(211x)}{211^2} + \frac{110 x^9 \sin(211x)}{211^3} - \frac{990 x^8 \cos(211x)}{211^4} + \frac{7920 x^7 \sin(211x)}{211^5} - \frac{55440 x^6 \cos(211x)}{211^6} + \frac{332640 x^5 \sin(211x)}{211^7} - \frac{1814400 x^4 \cos(211x)}{211^8} + \frac{8085600 x^3 \sin(211x)}{211^9} - \frac{31600800 x^2 \cos(211x)}{211^{10}} + \frac{110752800 x \sin(211x)}{211^{11}} - \frac{302702400 \cos(211x)}{211^{12}} + C}$",{x^{11} \sin(211x)}{211} [-] \frac{11 x^{10} \cos(21,445,S1_exact
ibp_ptc_n13_b18,Gemma-3,integration_by_parts,level_n13,Silent_Sign_Flip,IBP_v_formula,failure,\frac{x^{13} \sin{\left(18 x \right)}}{18} + \frac{13 x^{12} \cos{\left(18 x \right)}}{324} - \frac{13 x^{11} \sin{\left(18 x \right)}}{486} - \frac{143 x^{10} \cos{\left(18 x \right)}}{8748} + \frac{715 x^{9} \sin{\left(18 x \right)}}{78732} + \frac{715 x^{8} \cos{\left(18 x \right)}}{157464} - \frac{715 x^{7} \sin{\left(18 x \right)}}{354294} - \frac{5005 x^{6} \cos{\left(18 x \right)}}{6377292} + \frac{5005 x^{5} \sin{\left(18 x \right)}}{19131876} + \frac{25025 x^{4} \cos{\left(18 x \right)}}{344373768} - \frac{25025 x^{3} \sin{\left(18 x \right)}}{1549681956} - \frac{25025 x^{2} \cos{\left(18 x \right)}}{9298091736} + \frac{25025 x \sin{\left(18 x \right)}}{83682825624} + \frac{25025 \cos{\left(18 x \right)}}{1506290861232},-,+,2760,"<start_of_turn>user
You are a precise mathematical assistant. Show all computation steps clearly. Always put your final simplified antiderivative inside \boxed{}.

Evaluate the following integral step by step.

∫ x^13 · cos(18x) dx

This is a polynomial-trigonometric integral. Work step by step using integration by parts.

Show all steps clearly and put your final simplified antiderivative inside \boxed{}.<end_of_turn>
<start_of_turn>model

We will use integration by parts to evaluate the integral $\int x^{13} \cos(18x) dx$.
The integration by parts formula is $\int u dv = uv - \int v du$.

Let $u = x^{13}$ and $dv = \cos(18x) dx$.
Then $du = 13x^{12} dx$ and $v = \int \cos(18x) dx = \frac{1}{18} \sin(18x)$.

Applying integration by parts:
$\int x^{13} \cos(18x) dx = x^{13} \cdot \frac{1}{18} \sin(18x) - \int \frac{1}{18} \sin(18x) \cdot 13x^{12} dx$
$= \frac{1}{18} x^{13} \sin(18x) - \frac{13}{18} \int x^{12} \sin(18x) dx$

Now we need to evaluate $\int x^{12} \sin(18x) dx$.
Let $u = x^{12}$ and $dv = \sin(18x) dx$.
Then $du = 12x^{11} dx$ and $v = \int \sin(18x) dx = -\frac{1}{18} \cos(18x)$.

$\int x^{12} \sin(18x) dx = x^{12} \cdot (-\frac{1}{18} \cos(18x)) - \int (-\frac{1}{18} \cos(18x)) \cdot 12x^{11} dx$
$= -\frac{1}{18} x^{12} \cos(18x) + \frac{12}{18} \int x^{11} \cos(18x) dx$
$= -\frac{1}{18} x^{12} \cos(18x) + \frac{2}{3} \int x^{11} \cos(18x) dx$

Now we need to evaluate $\int x^{11} \cos(18x) dx$.
Let $u = x^{11}$ and $dv = \cos(18x) dx$.
Then $du = 11x^{10} dx$ and $v = \int \cos(18x) dx = \frac{1}{18} \sin(18x)$.

$\int x^{11} \cos(18x) dx = x^{11} \cdot \frac{1}{18} \sin(18x) - \int \frac{1}{18} \sin(18x) \cdot 11x^{10} dx$
$= \frac{1}{18} x^{11} \sin(18x) - \frac{11}{18} \int x^{10} \sin(18x) dx$

We continue this process until we reach $\int x dx$.
After 13 iterations of integration by parts, we will have a formula of the form:
$\int x^{13} \cos(18x) dx = A x^{13} \sin(18x) + B x^{12} \cos(18x) + C x^{11} \sin(18x) + \dots + K \sin(18x) + L \cos(18x) + M$

We can write the general formula as:
$\int x^n \cos(ax) dx = \frac{x^n}{a} \sin(ax) - \frac{n}{a} \int x^{n-1} \sin(ax) dx$
$\int x^n \sin(ax) dx = -\frac{x^n}{a} \cos(ax) + \frac{n}{a} \int x^{n-1} \cos(ax) dx$

After 13 iterations, we have:
$\int x^{13} \cos(18x) dx = \frac{1}{18} x^{13} \sin(18x) - \frac{13}{18} \int x^{12} \sin(18x) dx$
$= \frac{1}{18} x^{13} \sin(18x) - \frac{13}{18} \left( -\frac{1}{18} x^{12} \cos(18x) + \frac{12}{18} \int x^{11} \cos(18x) dx \right)$
$= \frac{1}{18} x^{13} \sin(18x) + \frac{13}{18^2} x^{12} \cos(18x) - \frac{13 \cdot 12}{18^2} \int x^{11} \cos(18x) dx$
Continuing this process, we will get a very complicated expression.

Instead, we can use the formula:
$\int x^n \cos(ax) dx = \frac{x^n \sin(ax)}{a} - \frac{n x^{n-1} \cos(ax)}{a^2} + \frac{n(n-1) x^{n-2} \sin(ax)}{a^3} - \dots$
In our case, $n=13$ and $a=18$.

$\int x^{13} \cos(18x) dx = \frac{x^{13} \sin(18x)}{18} - \frac{13 x^{12} \cos(18x)}{18^2} + \frac{13 \cdot 12 x^{11} \sin(18x)}{18^3} - \frac{13 \cdot 12 \cdot 11 x^{10} \cos(18x)}{18^4} + \dots + \frac{13!}{18^{13}} \sin(18x)$

The antiderivative is:
$\frac{x^{13} \sin(18x)}{18} - \frac{13 x^{12} \cos(18x)}{324} + \frac{156 x^{11} \sin(18x)}{5832} - \frac{1716 x^{10} \cos(18x)}{104976} + \dots$

$\boxed{\frac{x^{13} \sin(18x)}{18} - \frac{13 x^{12} \cos(18x)}{324} + \frac{13 \cdot 12 x^{11} \sin(18x)}{18^3} - \frac{13 \cdot 12 \cdot 11 x^{10} \cos(18x)}{18^4} + \dots}$

Final Answer: The final answer is $\boxed{\frac{x^{13} \sin(18x)}{18} - \frac{13 x^{12} \cos(18x)}{324} + \frac{156 x^{11} \sin(18x)}{5832} - \frac{1716 x^{10} \cos(18x)}{104976} + \dots}$","
We will use integration by parts to evaluate the integral $\int x^{13} \cos(18x) dx$.
The integration by parts formula is $\int u dv = uv - \int v du$.

Let $u = x^{13}$ and $dv = \cos(18x) dx$.
Then $du = 13x^{12} dx$ and $v = \int \cos(18x) dx = \frac{1}{18} \sin(18x)$.

Applying integration by parts:
$\int x^{13} \cos(18x) dx = x^{13} \cdot \frac{1}{18} \sin(18x) - \int \frac{1}{18} \sin(18x) \cdot 13x^{12} dx$
$= \frac{1}{18} x^{13} \sin(18x) - \frac{13}{18} \int x^{12} \sin(18x) dx$

Now we need to evaluate $\int x^{12} \sin(18x) dx$.
Let $u = x^{12}$ and $dv = \sin(18x) dx$.
Then $du = 12x^{11} dx$ and $v = \int \sin(18x) dx = -\frac{1}{18} \cos(18x)$.

$\int x^{12} \sin(18x) dx = x^{12} \cdot (-\frac{1}{18} \cos(18x)) - \int (-\frac{1}{18} \cos(18x)) \cdot 12x^{11} dx$
$= -\frac{1}{18} x^{12} \cos(18x) + \frac{12}{18} \int x^{11} \cos(18x) dx$
$= -\frac{1}{18} x^{12} \cos(18x) + \frac{2}{3} \int x^{11} \cos(18x) dx$

Now we need to evaluate $\int x^{11} \cos(18x) dx$.
Let $u = x^{11}$ and $dv = \cos(18x) dx$.
Then $du = 11x^{10} dx$ and $v = \int \cos(18x) dx = \frac{1}{18} \sin(18x)$.

$\int x^{11} \cos(18x) dx = x^{11} \cdot \frac{1}{18} \sin(18x) - \int \frac{1}{18} \sin(18x) \cdot 11x^{10} dx$
$= \frac{1}{18} x^{11} \sin(18x) - \frac{11}{18} \int x^{10} \sin(18x) dx$

We continue this process until we reach $\int x dx$.
After 13 iterations of integration by parts, we will have a formula of the form:
$\int x^{13} \cos(18x) dx = A x^{13} \sin(18x) + B x^{12} \cos(18x) + C x^{11} \sin(18x) + \dots + K \sin(18x) + L \cos(18x) + M$

We can write the general formula as:
$\int x^n \cos(ax) dx = \frac{x^n}{a} \sin(ax) - \frac{n}{a} \int x^{n-1} \sin(ax) dx$
$\int x^n \sin(ax) dx = -\frac{x^n}{a} \cos(ax) + \frac{n}{a} \int x^{n-1} \cos(ax) dx$

After 13 iterations, we have:
$\int x^{13} \cos(18x) dx = \frac{1}{18} x^{13} \sin(18x) - \frac{13}{18} \int x^{12} \sin(18x) dx$
$= \frac{1}{18} x^{13} \sin(18x) - \frac{13}{18} \left( -\frac{1}{18} x^{12} \cos(18x) + \frac{12}{18} \int x^{11} \cos(18x) dx \right)$
$= \frac{1}{18} x^{13} \sin(18x) + \frac{13}{18^2} x^{12} \cos(18x) - \frac{13 \cdot 12}{18^2} \int x^{11} \cos(18x) dx$
Continuing this process, we will get a very complicated expression.

Instead, we can use the formula:
$\int x^n \cos(ax) dx = \frac{x^n \sin(ax)}{a} - \frac{n x^{n-1} \cos(ax)}{a^2} + \frac{n(n-1) x^{n-2} \sin(ax)}{a^3} - \dots$
In our case, $n=13$ and $a=18$.

$\int x^{13} \cos(18x) dx = \frac{x^{13} \sin(18x)}{18} - \frac{13 x^{12} \cos(18x)}{18^2} + \frac{13 \cdot 12 x^{11} \sin(18x)}{18^3} - \frac{13 \cdot 12 \cdot 11 x^{10} \cos(18x)}{18^4} + \dots + \frac{13!}{18^{13}} \sin(18x)$

The antiderivative is:
$\frac{x^{13} \sin(18x)}{18} - \frac{13 x^{12} \cos(18x)}{324} + \frac{156 x^{11} \sin(18x)}{5832} - \frac{1716 x^{10} \cos(18x)}{104976} + \dots$

$\boxed{\frac{x^{13} \sin(18x)}{18} - \frac{13 x^{12} \cos(18x)}{324} + \frac{13 \cdot 12 x^{11} \sin(18x)}{18^3} - \frac{13 \cdot 12 \cdot 11 x^{10} \cos(18x)}{18^4} + \dots}$

Final Answer: The final answer is $\boxed{\frac{x^{13} \sin(18x)}{18} - \frac{13 x^{12} \cos(18x)}{324} + \frac{156 x^{11} \sin(18x)}{5832} - \frac{1716 x^{10} \cos(18x)}{104976} + \dots}$",= \frac{x^n \sin(ax)}{a} [-] \frac{n x^{n-1} \cos(ax,444,S1_exact
ibp_ptc_n12_b49,Gemma-3,integration_by_parts,level_n12,Silent_Sign_Flip,IBP_v_formula,failure,\frac{x^{12} \sin{\left(49 x \right)}}{49} + \frac{12 x^{11} \cos{\left(49 x \right)}}{2401} - \frac{132 x^{10} \sin{\left(49 x \right)}}{117649} - \frac{1320 x^{9} \cos{\left(49 x \right)}}{5764801} + \frac{11880 x^{8} \sin{\left(49 x \right)}}{282475249} + \frac{95040 x^{7} \cos{\left(49 x \right)}}{13841287201} - \frac{95040 x^{6} \sin{\left(49 x \right)}}{96889010407} - \frac{570240 x^{5} \cos{\left(49 x \right)}}{4747561509943} + \frac{2851200 x^{4} \sin{\left(49 x \right)}}{232630513987207} + \frac{11404800 x^{3} \cos{\left(49 x \right)}}{11398895185373143} - \frac{34214400 x^{2} \sin{\left(49 x \right)}}{558545864083284007} - \frac{68428800 x \cos{\left(49 x \right)}}{27368747340080916343} + \frac{68428800 \sin{\left(49 x \right)}}{1341068619663964900807},-,+,3011,"<start_of_turn>user
You are a precise mathematical assistant. Show all computation steps clearly. Always put your final simplified antiderivative inside \boxed{}.

Evaluate the following integral step by step.

∫ x^12 · cos(49x) dx

This is a polynomial-trigonometric integral. Work step by step using integration by parts.

Show all steps clearly and put your final simplified antiderivative inside \boxed{}.<end_of_turn>
<start_of_turn>model

We will use integration by parts to evaluate the integral $\int x^{12} \cos(49x) dx$.
Let $u = x^{12}$ and $dv = \cos(49x) dx$. Then $du = 12x^{11} dx$ and $v = \int \cos(49x) dx = \frac{1}{49} \sin(49x)$.
Using integration by parts, $\int u dv = uv - \int v du$, we have
$$ \int x^{12} \cos(49x) dx = x^{12} \cdot \frac{1}{49} \sin(49x) - \int \frac{1}{49} \sin(49x) \cdot 12x^{11} dx = \frac{1}{49} x^{12} \sin(49x) - \frac{12}{49} \int x^{11} \sin(49x) dx $$
Now we need to evaluate $\int x^{11} \sin(49x) dx$. Let $u = x^{11}$ and $dv = \sin(49x) dx$. Then $du = 11x^{10} dx$ and $v = \int \sin(49x) dx = -\frac{1}{49} \cos(49x)$.
$$ \int x^{11} \sin(49x) dx = x^{11} \cdot (-\frac{1}{49} \cos(49x)) - \int (-\frac{1}{49} \cos(49x)) \cdot 11x^{10} dx = -\frac{1}{49} x^{11} \cos(49x) + \frac{11}{49} \int x^{10} \cos(49x) dx $$
Substituting this back into the original integral:
$$ \int x^{12} \cos(49x) dx = \frac{1}{49} x^{12} \sin(49x) - \frac{12}{49} \left( -\frac{1}{49} x^{11} \cos(49x) + \frac{11}{49} \int x^{10} \cos(49x) dx \right) = \frac{1}{49} x^{12} \sin(49x) + \frac{12}{49^2} x^{11} \cos(49x) - \frac{132}{49^2} \int x^{10} \cos(49x) dx $$
Now we need to evaluate $\int x^{10} \cos(49x) dx$. Let $u = x^{10}$ and $dv = \cos(49x) dx$. Then $du = 10x^9 dx$ and $v = \frac{1}{49} \sin(49x)$.
$$ \int x^{10} \cos(49x) dx = x^{10} \cdot \frac{1}{49} \sin(49x) - \int \frac{1}{49} \sin(49x) \cdot 10x^9 dx = \frac{1}{49} x^{10} \sin(49x) - \frac{10}{49} \int x^9 \sin(49x) dx $$
Substituting this back:
$$ \int x^{12} \cos(49x) dx = \frac{1}{49} x^{12} \sin(49x) + \frac{12}{49^2} x^{11} \cos(49x) - \frac{132}{49^2} \left( \frac{1}{49} x^{10} \sin(49x) - \frac{10}{49} \int x^9 \sin(49x) dx \right) = \frac{1}{49} x^{12} \sin(49x) + \frac{12}{49^2} x^{11} \cos(49x) - \frac{132}{49^3} x^{10} \sin(49x) + \frac{1320}{49^3} \int x^9 \sin(49x) dx $$
We continue this process until we reach $\int x \sin(49x) dx$ or $\int x \cos(49x) dx$. This is tedious.

Let $I_n = \int x^n \cos(49x) dx$. Then $I_n = \frac{x^n}{49} \sin(49x) - \frac{n}{49} \int x^{n-1} \sin(49x) dx$.
Let $J_n = \int x^n \sin(49x) dx$. Then $J_n = -\frac{x^n}{49} \cos(49x) + \frac{n}{49} \int x^{n-1} \cos(49x) dx = -\frac{x^n}{49} \cos(49x) + \frac{n}{49} I_{n-1}$.
$I_{12} = \frac{x^{12}}{49} \sin(49x) - \frac{12}{49} J_{11}$.
$J_{11} = -\frac{x^{11}}{49} \cos(49x) + \frac{11}{49} I_{10}$.
$I_{10} = \frac{x^{10}}{49} \sin(49x) - \frac{10}{49} J_9$.
$J_9 = -\frac{x^9}{49} \cos(49x) + \frac{9}{49} I_8$.
...

Final Answer: The final answer is $\boxed{\frac{x^{12} \sin(49x)}{49} - \frac{12 x^{11} \cos(49x)}{49^2} + \frac{132 x^{10} \sin(49x)}{49^3} - \frac{1320 x^9 \cos(49x)}{49^4} + \frac{13200 x^8 \sin(49x)}{49^5} - \frac{132000 x^7 \cos(49x)}{49^6} + \frac{1320000 x^6 \sin(49x)}{49^7} - \frac{13200000 x^5 \cos(49x)}{49^8} + \frac{132000000 x^4 \sin(49x)}{49^9} - \frac{1320000000 x^3 \cos(49x)}{49^{10}} + \frac{13200000000 x^2 \sin(49x)}{49^{11}} - \frac{132000000000 x \cos(49x)}{49^{12}} + \frac{1320000000000 \sin(49x)}{49^{13}} + C}$","
We will use integration by parts to evaluate the integral $\int x^{12} \cos(49x) dx$.
Let $u = x^{12}$ and $dv = \cos(49x) dx$. Then $du = 12x^{11} dx$ and $v = \int \cos(49x) dx = \frac{1}{49} \sin(49x)$.
Using integration by parts, $\int u dv = uv - \int v du$, we have
$$ \int x^{12} \cos(49x) dx = x^{12} \cdot \frac{1}{49} \sin(49x) - \int \frac{1}{49} \sin(49x) \cdot 12x^{11} dx = \frac{1}{49} x^{12} \sin(49x) - \frac{12}{49} \int x^{11} \sin(49x) dx $$
Now we need to evaluate $\int x^{11} \sin(49x) dx$. Let $u = x^{11}$ and $dv = \sin(49x) dx$. Then $du = 11x^{10} dx$ and $v = \int \sin(49x) dx = -\frac{1}{49} \cos(49x)$.
$$ \int x^{11} \sin(49x) dx = x^{11} \cdot (-\frac{1}{49} \cos(49x)) - \int (-\frac{1}{49} \cos(49x)) \cdot 11x^{10} dx = -\frac{1}{49} x^{11} \cos(49x) + \frac{11}{49} \int x^{10} \cos(49x) dx $$
Substituting this back into the original integral:
$$ \int x^{12} \cos(49x) dx = \frac{1}{49} x^{12} \sin(49x) - \frac{12}{49} \left( -\frac{1}{49} x^{11} \cos(49x) + \frac{11}{49} \int x^{10} \cos(49x) dx \right) = \frac{1}{49} x^{12} \sin(49x) + \frac{12}{49^2} x^{11} \cos(49x) - \frac{132}{49^2} \int x^{10} \cos(49x) dx $$
Now we need to evaluate $\int x^{10} \cos(49x) dx$. Let $u = x^{10}$ and $dv = \cos(49x) dx$. Then $du = 10x^9 dx$ and $v = \frac{1}{49} \sin(49x)$.
$$ \int x^{10} \cos(49x) dx = x^{10} \cdot \frac{1}{49} \sin(49x) - \int \frac{1}{49} \sin(49x) \cdot 10x^9 dx = \frac{1}{49} x^{10} \sin(49x) - \frac{10}{49} \int x^9 \sin(49x) dx $$
Substituting this back:
$$ \int x^{12} \cos(49x) dx = \frac{1}{49} x^{12} \sin(49x) + \frac{12}{49^2} x^{11} \cos(49x) - \frac{132}{49^2} \left( \frac{1}{49} x^{10} \sin(49x) - \frac{10}{49} \int x^9 \sin(49x) dx \right) = \frac{1}{49} x^{12} \sin(49x) + \frac{12}{49^2} x^{11} \cos(49x) - \frac{132}{49^3} x^{10} \sin(49x) + \frac{1320}{49^3} \int x^9 \sin(49x) dx $$
We continue this process until we reach $\int x \sin(49x) dx$ or $\int x \cos(49x) dx$. This is tedious.

Let $I_n = \int x^n \cos(49x) dx$. Then $I_n = \frac{x^n}{49} \sin(49x) - \frac{n}{49} \int x^{n-1} \sin(49x) dx$.
Let $J_n = \int x^n \sin(49x) dx$. Then $J_n = -\frac{x^n}{49} \cos(49x) + \frac{n}{49} \int x^{n-1} \cos(49x) dx = -\frac{x^n}{49} \cos(49x) + \frac{n}{49} I_{n-1}$.
$I_{12} = \frac{x^{12}}{49} \sin(49x) - \frac{12}{49} J_{11}$.
$J_{11} = -\frac{x^{11}}{49} \cos(49x) + \frac{11}{49} I_{10}$.
$I_{10} = \frac{x^{10}}{49} \sin(49x) - \frac{10}{49} J_9$.
$J_9 = -\frac{x^9}{49} \cos(49x) + \frac{9}{49} I_8$.
...

Final Answer: The final answer is $\boxed{\frac{x^{12} \sin(49x)}{49} - \frac{12 x^{11} \cos(49x)}{49^2} + \frac{132 x^{10} \sin(49x)}{49^3} - \frac{1320 x^9 \cos(49x)}{49^4} + \frac{13200 x^8 \sin(49x)}{49^5} - \frac{132000 x^7 \cos(49x)}{49^6} + \frac{1320000 x^6 \sin(49x)}{49^7} - \frac{13200000 x^5 \cos(49x)}{49^8} + \frac{132000000 x^4 \sin(49x)}{49^9} - \frac{1320000000 x^3 \cos(49x)}{49^{10}} + \frac{13200000000 x^2 \sin(49x)}{49^{11}} - \frac{132000000000 x \cos(49x)}{49^{12}} + \frac{1320000000000 \sin(49x)}{49^{13}} + C}$",ac{x^{12} \sin(49x)}{49} [-] \frac{12 x^{11} \cos(49,444,S1_exact
ibp_ptc_n11_b149,Gemma-3,integration_by_parts,level_n11,Silent_Sign_Flip,IBP_v_formula,failure,\frac{x^{11} \sin{\left(149 x \right)}}{149} + \frac{11 x^{10} \cos{\left(149 x \right)}}{22201} - \frac{110 x^{9} \sin{\left(149 x \right)}}{3307949} - \frac{990 x^{8} \cos{\left(149 x \right)}}{492884401} + \frac{7920 x^{7} \sin{\left(149 x \right)}}{73439775749} + \frac{55440 x^{6} \cos{\left(149 x \right)}}{10942526586601} - \frac{332640 x^{5} \sin{\left(149 x \right)}}{1630436461403549} - \frac{1663200 x^{4} \cos{\left(149 x \right)}}{242935032749128801} + \frac{6652800 x^{3} \sin{\left(149 x \right)}}{36197319879620191349} + \frac{19958400 x^{2} \cos{\left(149 x \right)}}{5393400662063408511001} - \frac{39916800 x \sin{\left(149 x \right)}}{803616698647447868139149} - \frac{39916800 \cos{\left(149 x \right)}}{119738888098469732352733201},-,+,3509,"<start_of_turn>user
You are a precise mathematical assistant. Show all computation steps clearly. Always put your final simplified antiderivative inside \boxed{}.

Evaluate the following integral step by step.

∫ x^11 · cos(149x) dx

This is a polynomial-trigonometric integral. Work step by step using integration by parts.

Show all steps clearly and put your final simplified antiderivative inside \boxed{}.<end_of_turn>
<start_of_turn>model

We will use integration by parts to evaluate the integral $\int x^{11} \cos(149x) \, dx$.
Let $u = x^{11}$ and $dv = \cos(149x) \, dx$. Then $du = 11x^{10} \, dx$ and $v = \int \cos(149x) \, dx = \frac{1}{149} \sin(149x)$.
Using integration by parts, we have
$$ \int x^{11} \cos(149x) \, dx = x^{11} \cdot \frac{1}{149} \sin(149x) - \int \frac{1}{149} \sin(149x) \cdot 11x^{10} \, dx = \frac{x^{11}}{149} \sin(149x) - \frac{11}{149} \int x^{10} \sin(149x) \, dx $$
Now we need to evaluate $\int x^{10} \sin(149x) \, dx$. Let $u = x^{10}$ and $dv = \sin(149x) \, dx$. Then $du = 10x^9 \, dx$ and $v = \int \sin(149x) \, dx = -\frac{1}{149} \cos(149x)$.
$$ \int x^{10} \sin(149x) \, dx = x^{10} \cdot \left(-\frac{1}{149} \cos(149x)\right) - \int \left(-\frac{1}{149} \cos(149x)\right) \cdot 10x^9 \, dx = -\frac{x^{10}}{149} \cos(149x) + \frac{10}{149} \int x^9 \cos(149x) \, dx $$
Substituting this back into the original integral, we get
$$ \int x^{11} \cos(149x) \, dx = \frac{x^{11}}{149} \sin(149x) - \frac{11}{149} \left( -\frac{x^{10}}{149} \cos(149x) + \frac{10}{149} \int x^9 \cos(149x) \, dx \right) = \frac{x^{11}}{149} \sin(149x) + \frac{11x^{10}}{149^2} \cos(149x) - \frac{110}{149^2} \int x^9 \cos(149x) \, dx $$
We continue this process. Let $u = x^9$ and $dv = \cos(149x) \, dx$. Then $du = 9x^8 \, dx$ and $v = \frac{1}{149} \sin(149x)$.
$$ \int x^9 \cos(149x) \, dx = x^9 \cdot \frac{1}{149} \sin(149x) - \int \frac{1}{149} \sin(149x) \cdot 9x^8 \, dx = \frac{x^9}{149} \sin(149x) - \frac{9}{149} \int x^8 \sin(149x) \, dx $$
Substituting this back, we get
$$ \int x^{11} \cos(149x) \, dx = \frac{x^{11}}{149} \sin(149x) + \frac{11x^{10}}{149^2} \cos(149x) - \frac{110}{149^2} \left( \frac{x^9}{149} \sin(149x) - \frac{9}{149} \int x^8 \sin(149x) \, dx \right) = \frac{x^{11}}{149} \sin(149x) + \frac{11x^{10}}{149^2} \cos(149x) - \frac{110x^9}{149^3} \sin(149x) + \frac{990}{149^3} \int x^8 \sin(149x) \, dx $$
We can see a pattern emerging. We need to repeat this process 11 times. The general form is
$$ \int x^{11} \cos(149x) \, dx = \frac{1}{149} \sum_{k=0}^{11} (-1)^k \frac{11!}{(11-k)!} \frac{x^{11-k}}{149^k} \sin(149x) + \frac{1}{149} \sum_{k=0}^{10} (-1)^k \frac{11!}{(11-k)!} \frac{x^{11-k}}{149^k} \cos(149x) $$
This is a very complicated expression. Instead, we can use the formula for repeated integration by parts:
$$ \int x^n \cos(ax) \, dx = \frac{x^n}{a} \sin(ax) - \frac{n}{a} \int x^{n-1} \sin(ax) \, dx $$
$$ \int x^{n-1} \sin(ax) \, dx = -\frac{x^{n-1}}{a} \cos(ax) + \frac{n-1}{a} \int x^{n-2} \cos(ax) \, dx $$
We can continue this process until we reach $\int x^0 \cos(ax) \, dx = \int \cos(ax) \, dx = \frac{1}{a} \sin(ax)$.

Let $I_n = \int x^n \cos(ax) \, dx$. Then
$I_n = \frac{x^n}{a} \sin(ax) - \frac{n}{a} I_{n-1}$.
$I_{11} = \frac{x^{11}}{149} \sin(149x) - \frac{11}{149} I_{10}$
$I_{10} = \frac{x^{10}}{149} \sin(149x) - \frac{10}{149} I_9$
...
$I_1 = \frac{x}{149} \sin(149x) - \frac{1}{149} I_0$
$I_0 = \int \cos(149x) \, dx = \frac{1}{149} \sin(149x)$

The antiderivative is
$$ \frac{x^{11}}{149} \sin(149x) - \frac{11x^{10}}{149^2} \cos(149x) + \frac{11 \cdot 10 x^9}{149^3} \sin(149x) - \frac{11 \cdot 10 \cdot 9 x^8}{149^4} \cos(149x) + \dots + \frac{11!}{149^{11}} \sin(149x) $$
$$ \int x^{11} \cos(149x) \, dx = \frac{1}{149^{12}} \left( 149^{11} x^{11} \sin(149x) - 11 \cdot 149^{10} x^{10} \cos(149x) + 110 \cdot 149^9 x^9 \sin(149x) - \dots + 11! \sin(149x) \right) + C $$

Final Answer: The final answer is $\boxed{\frac{x^{11} \sin(149x)}{149} - \frac{11 x^{10} \cos(149x)}{149^2} + \frac{110 x^9 \sin(149x)}{149^3} - \frac{990 x^8 \cos(149x)}{149^4} + \frac{7920 x^7 \sin(149x)}{149^5} - \frac{55440 x^6 \cos(149x)}{149^6} + \frac{332640 x^5 \sin(149x)}{149^7} - \frac{1814400 x^4 \cos(149x)}{149^8} + \frac{8367360 x^3 \sin(149x)}{149^9} - \frac{31600800 x^2 \cos(149x)}{149^{10}} + \frac{110234400 x \sin(149x)}{149^{11}} - \frac{302702400 \cos(149x)}{149^{12}} + C}$","
We will use integration by parts to evaluate the integral $\int x^{11} \cos(149x) \, dx$.
Let $u = x^{11}$ and $dv = \cos(149x) \, dx$. Then $du = 11x^{10} \, dx$ and $v = \int \cos(149x) \, dx = \frac{1}{149} \sin(149x)$.
Using integration by parts, we have
$$ \int x^{11} \cos(149x) \, dx = x^{11} \cdot \frac{1}{149} \sin(149x) - \int \frac{1}{149} \sin(149x) \cdot 11x^{10} \, dx = \frac{x^{11}}{149} \sin(149x) - \frac{11}{149} \int x^{10} \sin(149x) \, dx $$
Now we need to evaluate $\int x^{10} \sin(149x) \, dx$. Let $u = x^{10}$ and $dv = \sin(149x) \, dx$. Then $du = 10x^9 \, dx$ and $v = \int \sin(149x) \, dx = -\frac{1}{149} \cos(149x)$.
$$ \int x^{10} \sin(149x) \, dx = x^{10} \cdot \left(-\frac{1}{149} \cos(149x)\right) - \int \left(-\frac{1}{149} \cos(149x)\right) \cdot 10x^9 \, dx = -\frac{x^{10}}{149} \cos(149x) + \frac{10}{149} \int x^9 \cos(149x) \, dx $$
Substituting this back into the original integral, we get
$$ \int x^{11} \cos(149x) \, dx = \frac{x^{11}}{149} \sin(149x) - \frac{11}{149} \left( -\frac{x^{10}}{149} \cos(149x) + \frac{10}{149} \int x^9 \cos(149x) \, dx \right) = \frac{x^{11}}{149} \sin(149x) + \frac{11x^{10}}{149^2} \cos(149x) - \frac{110}{149^2} \int x^9 \cos(149x) \, dx $$
We continue this process. Let $u = x^9$ and $dv = \cos(149x) \, dx$. Then $du = 9x^8 \, dx$ and $v = \frac{1}{149} \sin(149x)$.
$$ \int x^9 \cos(149x) \, dx = x^9 \cdot \frac{1}{149} \sin(149x) - \int \frac{1}{149} \sin(149x) \cdot 9x^8 \, dx = \frac{x^9}{149} \sin(149x) - \frac{9}{149} \int x^8 \sin(149x) \, dx $$
Substituting this back, we get
$$ \int x^{11} \cos(149x) \, dx = \frac{x^{11}}{149} \sin(149x) + \frac{11x^{10}}{149^2} \cos(149x) - \frac{110}{149^2} \left( \frac{x^9}{149} \sin(149x) - \frac{9}{149} \int x^8 \sin(149x) \, dx \right) = \frac{x^{11}}{149} \sin(149x) + \frac{11x^{10}}{149^2} \cos(149x) - \frac{110x^9}{149^3} \sin(149x) + \frac{990}{149^3} \int x^8 \sin(149x) \, dx $$
We can see a pattern emerging. We need to repeat this process 11 times. The general form is
$$ \int x^{11} \cos(149x) \, dx = \frac{1}{149} \sum_{k=0}^{11} (-1)^k \frac{11!}{(11-k)!} \frac{x^{11-k}}{149^k} \sin(149x) + \frac{1}{149} \sum_{k=0}^{10} (-1)^k \frac{11!}{(11-k)!} \frac{x^{11-k}}{149^k} \cos(149x) $$
This is a very complicated expression. Instead, we can use the formula for repeated integration by parts:
$$ \int x^n \cos(ax) \, dx = \frac{x^n}{a} \sin(ax) - \frac{n}{a} \int x^{n-1} \sin(ax) \, dx $$
$$ \int x^{n-1} \sin(ax) \, dx = -\frac{x^{n-1}}{a} \cos(ax) + \frac{n-1}{a} \int x^{n-2} \cos(ax) \, dx $$
We can continue this process until we reach $\int x^0 \cos(ax) \, dx = \int \cos(ax) \, dx = \frac{1}{a} \sin(ax)$.

Let $I_n = \int x^n \cos(ax) \, dx$. Then
$I_n = \frac{x^n}{a} \sin(ax) - \frac{n}{a} I_{n-1}$.
$I_{11} = \frac{x^{11}}{149} \sin(149x) - \frac{11}{149} I_{10}$
$I_{10} = \frac{x^{10}}{149} \sin(149x) - \frac{10}{149} I_9$
...
$I_1 = \frac{x}{149} \sin(149x) - \frac{1}{149} I_0$
$I_0 = \int \cos(149x) \, dx = \frac{1}{149} \sin(149x)$

The antiderivative is
$$ \frac{x^{11}}{149} \sin(149x) - \frac{11x^{10}}{149^2} \cos(149x) + \frac{11 \cdot 10 x^9}{149^3} \sin(149x) - \frac{11 \cdot 10 \cdot 9 x^8}{149^4} \cos(149x) + \dots + \frac{11!}{149^{11}} \sin(149x) $$
$$ \int x^{11} \cos(149x) \, dx = \frac{1}{149^{12}} \left( 149^{11} x^{11} \sin(149x) - 11 \cdot 149^{10} x^{10} \cos(149x) + 110 \cdot 149^9 x^9 \sin(149x) - \dots + 11! \sin(149x) \right) + C $$

Final Answer: The final answer is $\boxed{\frac{x^{11} \sin(149x)}{149} - \frac{11 x^{10} \cos(149x)}{149^2} + \frac{110 x^9 \sin(149x)}{149^3} - \frac{990 x^8 \cos(149x)}{149^4} + \frac{7920 x^7 \sin(149x)}{149^5} - \frac{55440 x^6 \cos(149x)}{149^6} + \frac{332640 x^5 \sin(149x)}{149^7} - \frac{1814400 x^4 \cos(149x)}{149^8} + \frac{8367360 x^3 \sin(149x)}{149^9} - \frac{31600800 x^2 \cos(149x)}{149^{10}} + \frac{110234400 x \sin(149x)}{149^{11}} - \frac{302702400 \cos(149x)}{149^{12}} + C}$",{x^{11}}{149} \sin(149x) [-] \frac{11x^{10}}{149^2} ,445,AGREED_FIRST(min)
ibp_ptc_n12_b137,Gemma-3,integration_by_parts,level_n12,Silent_Sign_Flip,IBP_v_formula,failure,\frac{x^{12} \sin{\left(137 x \right)}}{137} + \frac{12 x^{11} \cos{\left(137 x \right)}}{18769} - \frac{132 x^{10} \sin{\left(137 x \right)}}{2571353} - \frac{1320 x^{9} \cos{\left(137 x \right)}}{352275361} + \frac{11880 x^{8} \sin{\left(137 x \right)}}{48261724457} + \frac{95040 x^{7} \cos{\left(137 x \right)}}{6611856250609} - \frac{665280 x^{6} \sin{\left(137 x \right)}}{905824306333433} - \frac{3991680 x^{5} \cos{\left(137 x \right)}}{124097929967680321} + \frac{19958400 x^{4} \sin{\left(137 x \right)}}{17001416405572203977} + \frac{79833600 x^{3} \cos{\left(137 x \right)}}{2329194047563391944849} - \frac{239500800 x^{2} \sin{\left(137 x \right)}}{319099584516184696444313} - \frac{479001600 x \cos{\left(137 x \right)}}{43716643078717303412870881} + \frac{479001600 \sin{\left(137 x \right)}}{5989180101784270567563310697},-,+,3048,"<start_of_turn>user
You are a precise mathematical assistant. Show all computation steps clearly. Always put your final simplified antiderivative inside \boxed{}.

Evaluate the following integral step by step.

∫ x^12 · cos(137x) dx

This is a polynomial-trigonometric integral. Work step by step using integration by parts.

Show all steps clearly and put your final simplified antiderivative inside \boxed{}.<end_of_turn>
<start_of_turn>model
We will use integration by parts to evaluate the integral ∫ x^12 · cos(137x) dx.
The integration by parts formula is ∫ u dv = uv - ∫ v du.

Let u = x^12 and dv = cos(137x) dx.
Then du = 12x^11 dx and v = ∫ cos(137x) dx = (1/137)sin(137x).

Applying integration by parts:
∫ x^12 cos(137x) dx = x^12 (1/137)sin(137x) - ∫ (1/137)sin(137x) (12x^11) dx
= (1/137)x^12 sin(137x) - (12/137) ∫ x^11 sin(137x) dx

Now we need to evaluate ∫ x^11 sin(137x) dx.
Let u = x^11 and dv = sin(137x) dx.
Then du = 11x^10 dx and v = ∫ sin(137x) dx = -(1/137)cos(137x).

∫ x^11 sin(137x) dx = x^11(-(1/137)cos(137x)) - ∫ -(1/137)cos(137x) (11x^10) dx
= -(1/137)x^11 cos(137x) + (11/137) ∫ x^10 cos(137x) dx

Substituting back into the original integral:
∫ x^12 cos(137x) dx = (1/137)x^12 sin(137x) - (12/137) [-(1/137)x^11 cos(137x) + (11/137) ∫ x^10 cos(137x) dx]
= (1/137)x^12 sin(137x) + (12/137^2)x^11 cos(137x) - (132/137^2) ∫ x^10 cos(137x) dx

We continue this process.
Let u = x^10 and dv = cos(137x) dx.
Then du = 10x^9 dx and v = (1/137)sin(137x).

∫ x^10 cos(137x) dx = x^10 (1/137)sin(137x) - ∫ (1/137)sin(137x) (10x^9) dx
= (1/137)x^10 sin(137x) - (10/137) ∫ x^9 sin(137x) dx

Substituting back:
∫ x^12 cos(137x) dx = (1/137)x^12 sin(137x) + (12/137^2)x^11 cos(137x) - (132/137^2) [(1/137)x^10 sin(137x) - (10/137) ∫ x^9 sin(137x) dx]
= (1/137)x^12 sin(137x) + (12/137^2)x^11 cos(137x) - (132/137^3)x^10 sin(137x) + (1320/137^3) ∫ x^9 sin(137x) dx

This process continues until we reach ∫ x sin(137x) dx or ∫ cos(137x) dx.
The general pattern is:
∫ x^n cos(137x) dx = (1/137)x^n sin(137x) - (n/137) ∫ x^(n-1) sin(137x) dx
∫ x^n sin(137x) dx = -(1/137)x^n cos(137x) + (n/137) ∫ x^(n-1) cos(137x) dx

After 12 iterations, we will have a complicated expression.
Let's write the general form:
∫ x^12 cos(137x) dx = A x^12 sin(137x) + B x^11 cos(137x) + C x^10 sin(137x) + ... + K sin(137x) + L cos(137x) + M

The coefficients A, B, C, ... are complicated.

Instead, we can write the integral as:
∫ x^12 cos(137x) dx = (1/137)^12 * [a_0 sin(137x) + a_1 x sin(137x) + a_2 x^2 sin(137x) + ... + a_12 x^12 sin(137x) + b_0 cos(137x) + b_1 x cos(137x) + ... + b_12 x^12 cos(137x)]

However, this is not a simplified form.

Let's consider the integral ∫ x^n cos(ax) dx.
Using integration by parts repeatedly, we get:
∫ x^n cos(ax) dx = (1/a) x^n sin(ax) - (n/a) ∫ x^(n-1) sin(ax) dx
= (1/a) x^n sin(ax) - (n/a) [-(1/a) x^(n-1) cos(ax) + (n-1)/a ∫ x^(n-2) cos(ax) dx]
= (1/a) x^n sin(ax) + (n/a^2) x^(n-1) cos(ax) - (n(n-1)/a^2) ∫ x^(n-2) cos(ax) dx

Final Answer: The final answer is $\boxed{\frac{x^{12} \sin(137x)}{137} - \frac{12 x^{11} \cos(137x)}{137^2} + \frac{12 \cdot 11 x^{10} \sin(137x)}{137^3} - \frac{12 \cdot 11 \cdot 10 x^9 \cos(137x)}{137^4} + \dots + \frac{12!}{137^{12}} x^0 \sin(137x)}$","We will use integration by parts to evaluate the integral ∫ x^12 · cos(137x) dx.
The integration by parts formula is ∫ u dv = uv - ∫ v du.

Let u = x^12 and dv = cos(137x) dx.
Then du = 12x^11 dx and v = ∫ cos(137x) dx = (1/137)sin(137x).

Applying integration by parts:
∫ x^12 cos(137x) dx = x^12 (1/137)sin(137x) - ∫ (1/137)sin(137x) (12x^11) dx
= (1/137)x^12 sin(137x) - (12/137) ∫ x^11 sin(137x) dx

Now we need to evaluate ∫ x^11 sin(137x) dx.
Let u = x^11 and dv = sin(137x) dx.
Then du = 11x^10 dx and v = ∫ sin(137x) dx = -(1/137)cos(137x).

∫ x^11 sin(137x) dx = x^11(-(1/137)cos(137x)) - ∫ -(1/137)cos(137x) (11x^10) dx
= -(1/137)x^11 cos(137x) + (11/137) ∫ x^10 cos(137x) dx

Substituting back into the original integral:
∫ x^12 cos(137x) dx = (1/137)x^12 sin(137x) - (12/137) [-(1/137)x^11 cos(137x) + (11/137) ∫ x^10 cos(137x) dx]
= (1/137)x^12 sin(137x) + (12/137^2)x^11 cos(137x) - (132/137^2) ∫ x^10 cos(137x) dx

We continue this process.
Let u = x^10 and dv = cos(137x) dx.
Then du = 10x^9 dx and v = (1/137)sin(137x).

∫ x^10 cos(137x) dx = x^10 (1/137)sin(137x) - ∫ (1/137)sin(137x) (10x^9) dx
= (1/137)x^10 sin(137x) - (10/137) ∫ x^9 sin(137x) dx

Substituting back:
∫ x^12 cos(137x) dx = (1/137)x^12 sin(137x) + (12/137^2)x^11 cos(137x) - (132/137^2) [(1/137)x^10 sin(137x) - (10/137) ∫ x^9 sin(137x) dx]
= (1/137)x^12 sin(137x) + (12/137^2)x^11 cos(137x) - (132/137^3)x^10 sin(137x) + (1320/137^3) ∫ x^9 sin(137x) dx

This process continues until we reach ∫ x sin(137x) dx or ∫ cos(137x) dx.
The general pattern is:
∫ x^n cos(137x) dx = (1/137)x^n sin(137x) - (n/137) ∫ x^(n-1) sin(137x) dx
∫ x^n sin(137x) dx = -(1/137)x^n cos(137x) + (n/137) ∫ x^(n-1) cos(137x) dx

After 12 iterations, we will have a complicated expression.
Let's write the general form:
∫ x^12 cos(137x) dx = A x^12 sin(137x) + B x^11 cos(137x) + C x^10 sin(137x) + ... + K sin(137x) + L cos(137x) + M

The coefficients A, B, C, ... are complicated.

Instead, we can write the integral as:
∫ x^12 cos(137x) dx = (1/137)^12 * [a_0 sin(137x) + a_1 x sin(137x) + a_2 x^2 sin(137x) + ... + a_12 x^12 sin(137x) + b_0 cos(137x) + b_1 x cos(137x) + ... + b_12 x^12 cos(137x)]

However, this is not a simplified form.

Let's consider the integral ∫ x^n cos(ax) dx.
Using integration by parts repeatedly, we get:
∫ x^n cos(ax) dx = (1/a) x^n sin(ax) - (n/a) ∫ x^(n-1) sin(ax) dx
= (1/a) x^n sin(ax) - (n/a) [-(1/a) x^(n-1) cos(ax) + (n-1)/a ∫ x^(n-2) cos(ax) dx]
= (1/a) x^n sin(ax) + (n/a^2) x^(n-1) cos(ax) - (n(n-1)/a^2) ∫ x^(n-2) cos(ax) dx

Final Answer: The final answer is $\boxed{\frac{x^{12} \sin(137x)}{137} - \frac{12 x^{11} \cos(137x)}{137^2} + \frac{12 \cdot 11 x^{10} \sin(137x)}{137^3} - \frac{12 \cdot 11 \cdot 10 x^9 \cos(137x)}{137^4} + \dots + \frac{12!}{137^{12}} x^0 \sin(137x)}$",{x^{12} \sin(137x)}{137} [-] \frac{12 x^{11} \cos(13,445,S1_exact
ibp_ptc_n8_b269,Gemma-3,integration_by_parts,level_n8,Silent_Sign_Flip,IBP_v_formula,failure,\frac{x^{8} \sin{\left(269 x \right)}}{269} + \frac{8 x^{7} \cos{\left(269 x \right)}}{72361} - \frac{56 x^{6} \sin{\left(269 x \right)}}{19465109} - \frac{336 x^{5} \cos{\left(269 x \right)}}{5236114321} + \frac{1680 x^{4} \sin{\left(269 x \right)}}{1408514752349} + \frac{6720 x^{3} \cos{\left(269 x \right)}}{378890468381881} - \frac{20160 x^{2} \sin{\left(269 x \right)}}{101921535994725989} - \frac{40320 x \cos{\left(269 x \right)}}{27416893182581291041} + \frac{40320 \sin{\left(269 x \right)}}{7375144266114367290029},-,+,4874,"<start_of_turn>user
You are a precise mathematical assistant. Show all computation steps clearly. Always put your final simplified antiderivative inside \boxed{}.

Evaluate the following integral step by step.

∫ x^8 · cos(269x) dx

This is a polynomial-trigonometric integral. Work step by step using integration by parts.

Show all steps clearly and put your final simplified antiderivative inside \boxed{}.<end_of_turn>
<start_of_turn>model

Let $I = \int x^8 \cos(269x) dx$. We will use integration by parts repeatedly.
Let $u = x^8$ and $dv = \cos(269x) dx$. Then $du = 8x^7 dx$ and $v = \frac{1}{269} \sin(269x)$.
Using integration by parts, we have
$I = \frac{1}{269} x^8 \sin(269x) - \int \frac{1}{269} \sin(269x) (8x^7) dx = \frac{1}{269} x^8 \sin(269x) - \frac{8}{269} \int x^7 \sin(269x) dx$.

Let $I_1 = \int x^7 \sin(269x) dx$. Let $u = x^7$ and $dv = \sin(269x) dx$. Then $du = 7x^6 dx$ and $v = -\frac{1}{269} \cos(269x)$.
$I_1 = -\frac{1}{269} x^7 \cos(269x) - \int -\frac{1}{269} \cos(269x) (7x^6) dx = -\frac{1}{269} x^7 \cos(269x) + \frac{7}{269} \int x^6 \cos(269x) dx$.

Let $I_2 = \int x^6 \cos(269x) dx$. Let $u = x^6$ and $dv = \cos(269x) dx$. Then $du = 6x^5 dx$ and $v = \frac{1}{269} \sin(269x)$.
$I_2 = \frac{1}{269} x^6 \sin(269x) - \int \frac{1}{269} \sin(269x) (6x^5) dx = \frac{1}{269} x^6 \sin(269x) - \frac{6}{269} \int x^5 \sin(269x) dx$.

Let $I_3 = \int x^5 \sin(269x) dx$. Let $u = x^5$ and $dv = \sin(269x) dx$. Then $du = 5x^4 dx$ and $v = -\frac{1}{269} \cos(269x)$.
$I_3 = -\frac{1}{269} x^5 \cos(269x) - \int -\frac{1}{269} \cos(269x) (5x^4) dx = -\frac{1}{269} x^5 \cos(269x) + \frac{5}{269} \int x^4 \cos(269x) dx$.

Let $I_4 = \int x^4 \cos(269x) dx$. Let $u = x^4$ and $dv = \cos(269x) dx$. Then $du = 4x^3 dx$ and $v = \frac{1}{269} \sin(269x)$.
$I_4 = \frac{1}{269} x^4 \sin(269x) - \int \frac{1}{269} \sin(269x) (4x^3) dx = \frac{1}{269} x^4 \sin(269x) - \frac{4}{269} \int x^3 \sin(269x) dx$.

Let $I_5 = \int x^3 \sin(269x) dx$. Let $u = x^3$ and $dv = \sin(269x) dx$. Then $du = 3x^2 dx$ and $v = -\frac{1}{269} \cos(269x)$.
$I_5 = -\frac{1}{269} x^3 \cos(269x) - \int -\frac{1}{269} \cos(269x) (3x^2) dx = -\frac{1}{269} x^3 \cos(269x) + \frac{3}{269} \int x^2 \cos(269x) dx$.

Let $I_6 = \int x^2 \cos(269x) dx$. Let $u = x^2$ and $dv = \cos(269x) dx$. Then $du = 2x dx$ and $v = \frac{1}{269} \sin(269x)$.
$I_6 = \frac{1}{269} x^2 \sin(269x) - \int \frac{1}{269} \sin(269x) (2x) dx = \frac{1}{269} x^2 \sin(269x) - \frac{2}{269} \int x \sin(269x) dx$.

Let $I_7 = \int x \sin(269x) dx$. Let $u = x$ and $dv = \sin(269x) dx$. Then $du = dx$ and $v = -\frac{1}{269} \cos(269x)$.
$I_7 = -\frac{1}{269} x \cos(269x) - \int -\frac{1}{269} \cos(269x) dx = -\frac{1}{269} x \cos(269x) + \frac{1}{269} \int \cos(269x) dx = -\frac{1}{269} x \cos(269x) + \frac{1}{269^2} \sin(269x)$.

Now we substitute back:
$I_6 = \frac{1}{269} x^2 \sin(269x) - \frac{2}{269} I_7 = \frac{1}{269} x^2 \sin(269x) - \frac{2}{269} \left( -\frac{1}{269} x \cos(269x) + \frac{1}{269^2} \sin(269x) \right) = \frac{1}{269} x^2 \sin(269x) + \frac{2}{269^2} x \cos(269x) - \frac{2}{269^3} \sin(269x)$.
$I_5 = -\frac{1}{269} x^3 \cos(269x) + \frac{3}{269} I_6 = -\frac{1}{269} x^3 \cos(269x) + \frac{3}{269} \left( \frac{1}{269} x^2 \sin(269x) + \frac{2}{269^2} x \cos(269x) - \frac{2}{269^3} \sin(269x) \right) = -\frac{1}{269} x^3 \cos(269x) + \frac{3}{269^2} x^2 \sin(269x) + \frac{6}{269^3} x \cos(269x) - \frac{6}{269^4} \sin(269x)$.
$I_4 = \frac{1}{269} x^4 \sin(269x) - \frac{4}{269} I_5 = \frac{1}{269} x^4 \sin(269x) - \frac{4}{269} \left( -\frac{1}{269} x^3 \cos(269x) + \frac{3}{269^2} x^2 \sin(269x) + \frac{6}{269^3} x \cos(269x) - \frac{6}{269^4} \sin(269x) \right) = \frac{1}{269} x^4 \sin(269x) + \frac{4}{269^2} x^3 \cos(269x) - \frac{12}{269^3} x^2 \sin(269x) - \frac{24}{269^4} x \cos(269x) + \frac{24}{269^5} \sin(269x)$.
$I_3 = -\frac{1}{269} x^5 \cos(269x) + \frac{5}{269} I_4 = -\frac{1}{269} x^5 \cos(269x) + \frac{5}{269} \left( \frac{1}{269} x^4 \sin(269x) + \frac{4}{269^2} x^3 \cos(269x) - \frac{12}{269^3} x^2 \sin(269x) - \frac{24}{269^4} x \cos(269x) + \frac{24}{269^5} \sin(269x) \right) = -\frac{1}{269} x^5 \cos(269x) + \frac{5}{269^2} x^4 \sin(269x) + \frac{20}{269^3} x^3 \cos(269x) - \frac{60}{269^4} x^2 \sin(269x) - \frac{120}{269^5} x \cos(269x) + \frac{120}{269^6} \sin(269x)$.
$I_2 = \frac{1}{269} x^6 \sin(269x) - \frac{6}{269} I_3 = \frac{1}{269} x^6 \sin(269x) - \frac{6}{269} \left( -\frac{1}{269} x^5 \cos(269x) + \frac{5}{269^2} x^4 \sin(269x) + \frac{20}{269^3} x^3 \cos(269x) - \frac{60}{269^4} x^2 \sin(269x) - \frac{120}{269^5} x \cos(269x) + \frac{120}{269^6} \sin(269x) \right)$.
$I_1 = -\frac{1}{269} x^7 \cos(269x) + \frac{7}{269} I_2$.
$I = \frac{1}{269} x^8 \sin(269x) - \frac{8}{269} I_1$.

This is getting very complicated.

Final Answer: The final answer is $\boxed{\frac{x^8 \sin(269x)}{269} - \frac{8x^7 \cos(269x)}{269^2} + \frac{56x^6 \sin(269x)}{269^3} - \frac{336x^5 \cos(269x)}{269^4} + \frac{1680x^4 \sin(269x)}{269^5} - \frac{6720x^3 \cos(269x)}{269^6} + \frac{20160x^2 \sin(269x)}{269^7} - \frac{40320x \cos(269x)}{269^8} + \frac{40320 \sin(269x)}{269^9}}$","
Let $I = \int x^8 \cos(269x) dx$. We will use integration by parts repeatedly.
Let $u = x^8$ and $dv = \cos(269x) dx$. Then $du = 8x^7 dx$ and $v = \frac{1}{269} \sin(269x)$.
Using integration by parts, we have
$I = \frac{1}{269} x^8 \sin(269x) - \int \frac{1}{269} \sin(269x) (8x^7) dx = \frac{1}{269} x^8 \sin(269x) - \frac{8}{269} \int x^7 \sin(269x) dx$.

Let $I_1 = \int x^7 \sin(269x) dx$. Let $u = x^7$ and $dv = \sin(269x) dx$. Then $du = 7x^6 dx$ and $v = -\frac{1}{269} \cos(269x)$.
$I_1 = -\frac{1}{269} x^7 \cos(269x) - \int -\frac{1}{269} \cos(269x) (7x^6) dx = -\frac{1}{269} x^7 \cos(269x) + \frac{7}{269} \int x^6 \cos(269x) dx$.

Let $I_2 = \int x^6 \cos(269x) dx$. Let $u = x^6$ and $dv = \cos(269x) dx$. Then $du = 6x^5 dx$ and $v = \frac{1}{269} \sin(269x)$.
$I_2 = \frac{1}{269} x^6 \sin(269x) - \int \frac{1}{269} \sin(269x) (6x^5) dx = \frac{1}{269} x^6 \sin(269x) - \frac{6}{269} \int x^5 \sin(269x) dx$.

Let $I_3 = \int x^5 \sin(269x) dx$. Let $u = x^5$ and $dv = \sin(269x) dx$. Then $du = 5x^4 dx$ and $v = -\frac{1}{269} \cos(269x)$.
$I_3 = -\frac{1}{269} x^5 \cos(269x) - \int -\frac{1}{269} \cos(269x) (5x^4) dx = -\frac{1}{269} x^5 \cos(269x) + \frac{5}{269} \int x^4 \cos(269x) dx$.

Let $I_4 = \int x^4 \cos(269x) dx$. Let $u = x^4$ and $dv = \cos(269x) dx$. Then $du = 4x^3 dx$ and $v = \frac{1}{269} \sin(269x)$.
$I_4 = \frac{1}{269} x^4 \sin(269x) - \int \frac{1}{269} \sin(269x) (4x^3) dx = \frac{1}{269} x^4 \sin(269x) - \frac{4}{269} \int x^3 \sin(269x) dx$.

Let $I_5 = \int x^3 \sin(269x) dx$. Let $u = x^3$ and $dv = \sin(269x) dx$. Then $du = 3x^2 dx$ and $v = -\frac{1}{269} \cos(269x)$.
$I_5 = -\frac{1}{269} x^3 \cos(269x) - \int -\frac{1}{269} \cos(269x) (3x^2) dx = -\frac{1}{269} x^3 \cos(269x) + \frac{3}{269} \int x^2 \cos(269x) dx$.

Let $I_6 = \int x^2 \cos(269x) dx$. Let $u = x^2$ and $dv = \cos(269x) dx$. Then $du = 2x dx$ and $v = \frac{1}{269} \sin(269x)$.
$I_6 = \frac{1}{269} x^2 \sin(269x) - \int \frac{1}{269} \sin(269x) (2x) dx = \frac{1}{269} x^2 \sin(269x) - \frac{2}{269} \int x \sin(269x) dx$.

Let $I_7 = \int x \sin(269x) dx$. Let $u = x$ and $dv = \sin(269x) dx$. Then $du = dx$ and $v = -\frac{1}{269} \cos(269x)$.
$I_7 = -\frac{1}{269} x \cos(269x) - \int -\frac{1}{269} \cos(269x) dx = -\frac{1}{269} x \cos(269x) + \frac{1}{269} \int \cos(269x) dx = -\frac{1}{269} x \cos(269x) + \frac{1}{269^2} \sin(269x)$.

Now we substitute back:
$I_6 = \frac{1}{269} x^2 \sin(269x) - \frac{2}{269} I_7 = \frac{1}{269} x^2 \sin(269x) - \frac{2}{269} \left( -\frac{1}{269} x \cos(269x) + \frac{1}{269^2} \sin(269x) \right) = \frac{1}{269} x^2 \sin(269x) + \frac{2}{269^2} x \cos(269x) - \frac{2}{269^3} \sin(269x)$.
$I_5 = -\frac{1}{269} x^3 \cos(269x) + \frac{3}{269} I_6 = -\frac{1}{269} x^3 \cos(269x) + \frac{3}{269} \left( \frac{1}{269} x^2 \sin(269x) + \frac{2}{269^2} x \cos(269x) - \frac{2}{269^3} \sin(269x) \right) = -\frac{1}{269} x^3 \cos(269x) + \frac{3}{269^2} x^2 \sin(269x) + \frac{6}{269^3} x \cos(269x) - \frac{6}{269^4} \sin(269x)$.
$I_4 = \frac{1}{269} x^4 \sin(269x) - \frac{4}{269} I_5 = \frac{1}{269} x^4 \sin(269x) - \frac{4}{269} \left( -\frac{1}{269} x^3 \cos(269x) + \frac{3}{269^2} x^2 \sin(269x) + \frac{6}{269^3} x \cos(269x) - \frac{6}{269^4} \sin(269x) \right) = \frac{1}{269} x^4 \sin(269x) + \frac{4}{269^2} x^3 \cos(269x) - \frac{12}{269^3} x^2 \sin(269x) - \frac{24}{269^4} x \cos(269x) + \frac{24}{269^5} \sin(269x)$.
$I_3 = -\frac{1}{269} x^5 \cos(269x) + \frac{5}{269} I_4 = -\frac{1}{269} x^5 \cos(269x) + \frac{5}{269} \left( \frac{1}{269} x^4 \sin(269x) + \frac{4}{269^2} x^3 \cos(269x) - \frac{12}{269^3} x^2 \sin(269x) - \frac{24}{269^4} x \cos(269x) + \frac{24}{269^5} \sin(269x) \right) = -\frac{1}{269} x^5 \cos(269x) + \frac{5}{269^2} x^4 \sin(269x) + \frac{20}{269^3} x^3 \cos(269x) - \frac{60}{269^4} x^2 \sin(269x) - \frac{120}{269^5} x \cos(269x) + \frac{120}{269^6} \sin(269x)$.
$I_2 = \frac{1}{269} x^6 \sin(269x) - \frac{6}{269} I_3 = \frac{1}{269} x^6 \sin(269x) - \frac{6}{269} \left( -\frac{1}{269} x^5 \cos(269x) + \frac{5}{269^2} x^4 \sin(269x) + \frac{20}{269^3} x^3 \cos(269x) - \frac{60}{269^4} x^2 \sin(269x) - \frac{120}{269^5} x \cos(269x) + \frac{120}{269^6} \sin(269x) \right)$.
$I_1 = -\frac{1}{269} x^7 \cos(269x) + \frac{7}{269} I_2$.
$I = \frac{1}{269} x^8 \sin(269x) - \frac{8}{269} I_1$.

This is getting very complicated.

Final Answer: The final answer is $\boxed{\frac{x^8 \sin(269x)}{269} - \frac{8x^7 \cos(269x)}{269^2} + \frac{56x^6 \sin(269x)}{269^3} - \frac{336x^5 \cos(269x)}{269^4} + \frac{1680x^4 \sin(269x)}{269^5} - \frac{6720x^3 \cos(269x)}{269^6} + \frac{20160x^2 \sin(269x)}{269^7} - \frac{40320x \cos(269x)}{269^8} + \frac{40320 \sin(269x)}{269^9}}$",rac{x^8 \sin(269x)}{269} [-] \frac{8x^7 \cos(269x)}{,444,S1_exact
ibp_pts_n13_b4,Gemma-3,integration_by_parts,level_n13,Double_Negative_Trap,IBP_v_formula,failure,- \frac{x^{13} \cos{\left(4 x \right)}}{4} + \frac{13 x^{12} \sin{\left(4 x \right)}}{16} + \frac{39 x^{11} \cos{\left(4 x \right)}}{16} - \frac{429 x^{10} \sin{\left(4 x \right)}}{64} - \frac{2145 x^{9} \cos{\left(4 x \right)}}{128} + \frac{19305 x^{8} \sin{\left(4 x \right)}}{512} + \frac{19305 x^{7} \cos{\left(4 x \right)}}{256} - \frac{135135 x^{6} \sin{\left(4 x \right)}}{1024} - \frac{405405 x^{5} \cos{\left(4 x \right)}}{2048} + \frac{2027025 x^{4} \sin{\left(4 x \right)}}{8192} + \frac{2027025 x^{3} \cos{\left(4 x \right)}}{8192} - \frac{6081075 x^{2} \sin{\left(4 x \right)}}{32768} - \frac{6081075 x \cos{\left(4 x \right)}}{65536} + \frac{6081075 \sin{\left(4 x \right)}}{262144},-,+,2650,"<start_of_turn>user
You are a precise mathematical assistant. Show all computation steps clearly. Always put your final simplified antiderivative inside \boxed{}.

Evaluate the following integral step by step.

∫ x^13 · sin(4x) dx

This is a polynomial-trigonometric integral. Work step by step using integration by parts.

Show all steps clearly and put your final simplified antiderivative inside \boxed{}.<end_of_turn>
<start_of_turn>model
We will use integration by parts to evaluate the integral ∫ x^13 sin(4x) dx. The formula for integration by parts is ∫ u dv = uv - ∫ v du.

Let u = x^13 and dv = sin(4x) dx.
Then du = 13x^12 dx and v = ∫ sin(4x) dx = -1/4 cos(4x).

Applying integration by parts:
∫ x^13 sin(4x) dx = x^13 (-1/4 cos(4x)) - ∫ (-1/4 cos(4x)) (13x^12) dx
= -1/4 x^13 cos(4x) + 13/4 ∫ x^12 cos(4x) dx

Now we need to evaluate ∫ x^12 cos(4x) dx.
Let u = x^12 and dv = cos(4x) dx.
Then du = 12x^11 dx and v = ∫ cos(4x) dx = 1/4 sin(4x).

∫ x^12 cos(4x) dx = x^12 (1/4 sin(4x)) - ∫ (1/4 sin(4x)) (12x^11) dx
= 1/4 x^12 sin(4x) - 3 ∫ x^11 sin(4x) dx

Now we need to evaluate ∫ x^11 sin(4x) dx.
Let u = x^11 and dv = sin(4x) dx.
Then du = 11x^10 dx and v = ∫ sin(4x) dx = -1/4 cos(4x).

∫ x^11 sin(4x) dx = x^11 (-1/4 cos(4x)) - ∫ (-1/4 cos(4x)) (11x^10) dx
= -1/4 x^11 cos(4x) + 11/4 ∫ x^10 cos(4x) dx

Now we need to evaluate ∫ x^10 cos(4x) dx.
Let u = x^10 and dv = cos(4x) dx.
Then du = 10x^9 dx and v = ∫ cos(4x) dx = 1/4 sin(4x).

∫ x^10 cos(4x) dx = x^10 (1/4 sin(4x)) - ∫ (1/4 sin(4x)) (10x^9) dx
= 1/4 x^10 sin(4x) - 5/2 ∫ x^9 sin(4x) dx

Continuing this pattern, we can see that we will be repeatedly applying integration by parts.
Let's write out the first few terms:
∫ x^13 sin(4x) dx = -1/4 x^13 cos(4x) + 13/4 ∫ x^12 cos(4x) dx
= -1/4 x^13 cos(4x) + 13/4 [1/4 x^12 sin(4x) - 3 ∫ x^11 sin(4x) dx]
= -1/4 x^13 cos(4x) + 13/16 x^12 sin(4x) - 39/4 ∫ x^11 sin(4x) dx
= -1/4 x^13 cos(4x) + 13/16 x^12 sin(4x) - 39/4 [-1/4 x^11 cos(4x) + 11/4 ∫ x^10 cos(4x) dx]
= -1/4 x^13 cos(4x) + 13/16 x^12 sin(4x) + 39/16 x^11 cos(4x) - 429/16 ∫ x^10 cos(4x) dx
= -1/4 x^13 cos(4x) + 13/16 x^12 sin(4x) + 39/16 x^11 cos(4x) - 429/16 [1/4 x^10 sin(4x) - 5/2 ∫ x^9 sin(4x) dx]
= -1/4 x^13 cos(4x) + 13/16 x^12 sin(4x) + 39/16 x^11 cos(4x) - 429/64 x^10 sin(4x) + 2145/32 ∫ x^9 sin(4x) dx

This process will continue until we reach ∫ x sin(4x) dx or ∫ cos(4x) dx.
The general form is:
∫ x^n sin(4x) dx = (-1/4) x^n cos(4x) + (n/4) ∫ x^(n-1) cos(4x) dx
∫ x^n cos(4x) dx = (1/4) x^n sin(4x) - (n/4) ∫ x^(n-1) sin(4x) dx

After 13 iterations, we will have a very long expression.

Let's use the formula:
∫ x^n sin(ax) dx = (x^n * (-cos(ax))/a) - (n/a) ∫ x^(n-1) cos(ax) dx + C
∫ x^n cos(ax) dx = (x^n * sin(ax))/a - (n/a) ∫ x^(n-1) sin(ax) dx + C

In our case, n = 13 and a = 4.
∫ x^13 sin(4x) dx = (x^13 * (-cos(4x))/4) - (13/4) ∫ x^12 cos(4x) dx
= -1/4 x^13 cos(4x) - (13/4) [(x^12 * sin(4x))/4 - (12/4) ∫ x^11 sin(4x) dx]
= -1/4 x^13 cos(4x) - 13/16 x^12 sin(4x) + 39/4 ∫ x^11 sin(4x) dx

The general formula for ∫ x^n sin(ax) dx is:
∫ x^n sin(ax) dx = (-1)^n/a * [x^n cos(ax) + n x^(n-1) cos(ax) + n(n-1) x^(n-2) cos(ax) + ... + n! cos(ax)] + C

However, this is not a simple closed form.

Final Answer: The final answer is $\boxed{- \frac{x^{13} \cos(4x)}{4} - \frac{13 x^{12} \sin(4x)}{16} + \frac{39 x^{11} \cos(4x)}{16} + \frac{429 x^{10} \sin(4x)}{64} - \frac{2145 x^9 \cos(4x)}{128} - \frac{53130 x^8 \sin(4x)}{1024} + \frac{10725 x^7 \cos(4x)}{256} + \frac{135135 x^6 \sin(4x)}{1024} - \frac{10725 x^5 \cos(4x)}{256} - \frac{135135 x^4 \sin(4x)}{1024} + \frac{10725 x^3 \cos(4x)}{256} + \frac{135135 x^2 \sin(4x)}{1024} - \frac{10725 x \cos(4x)}{256} - \frac{135135 \sin(4x)}{1024}}$","We will use integration by parts to evaluate the integral ∫ x^13 sin(4x) dx. The formula for integration by parts is ∫ u dv = uv - ∫ v du.

Let u = x^13 and dv = sin(4x) dx.
Then du = 13x^12 dx and v = ∫ sin(4x) dx = -1/4 cos(4x).

Applying integration by parts:
∫ x^13 sin(4x) dx = x^13 (-1/4 cos(4x)) - ∫ (-1/4 cos(4x)) (13x^12) dx
= -1/4 x^13 cos(4x) + 13/4 ∫ x^12 cos(4x) dx

Now we need to evaluate ∫ x^12 cos(4x) dx.
Let u = x^12 and dv = cos(4x) dx.
Then du = 12x^11 dx and v = ∫ cos(4x) dx = 1/4 sin(4x).

∫ x^12 cos(4x) dx = x^12 (1/4 sin(4x)) - ∫ (1/4 sin(4x)) (12x^11) dx
= 1/4 x^12 sin(4x) - 3 ∫ x^11 sin(4x) dx

Now we need to evaluate ∫ x^11 sin(4x) dx.
Let u = x^11 and dv = sin(4x) dx.
Then du = 11x^10 dx and v = ∫ sin(4x) dx = -1/4 cos(4x).

∫ x^11 sin(4x) dx = x^11 (-1/4 cos(4x)) - ∫ (-1/4 cos(4x)) (11x^10) dx
= -1/4 x^11 cos(4x) + 11/4 ∫ x^10 cos(4x) dx

Now we need to evaluate ∫ x^10 cos(4x) dx.
Let u = x^10 and dv = cos(4x) dx.
Then du = 10x^9 dx and v = ∫ cos(4x) dx = 1/4 sin(4x).

∫ x^10 cos(4x) dx = x^10 (1/4 sin(4x)) - ∫ (1/4 sin(4x)) (10x^9) dx
= 1/4 x^10 sin(4x) - 5/2 ∫ x^9 sin(4x) dx

Continuing this pattern, we can see that we will be repeatedly applying integration by parts.
Let's write out the first few terms:
∫ x^13 sin(4x) dx = -1/4 x^13 cos(4x) + 13/4 ∫ x^12 cos(4x) dx
= -1/4 x^13 cos(4x) + 13/4 [1/4 x^12 sin(4x) - 3 ∫ x^11 sin(4x) dx]
= -1/4 x^13 cos(4x) + 13/16 x^12 sin(4x) - 39/4 ∫ x^11 sin(4x) dx
= -1/4 x^13 cos(4x) + 13/16 x^12 sin(4x) - 39/4 [-1/4 x^11 cos(4x) + 11/4 ∫ x^10 cos(4x) dx]
= -1/4 x^13 cos(4x) + 13/16 x^12 sin(4x) + 39/16 x^11 cos(4x) - 429/16 ∫ x^10 cos(4x) dx
= -1/4 x^13 cos(4x) + 13/16 x^12 sin(4x) + 39/16 x^11 cos(4x) - 429/16 [1/4 x^10 sin(4x) - 5/2 ∫ x^9 sin(4x) dx]
= -1/4 x^13 cos(4x) + 13/16 x^12 sin(4x) + 39/16 x^11 cos(4x) - 429/64 x^10 sin(4x) + 2145/32 ∫ x^9 sin(4x) dx

This process will continue until we reach ∫ x sin(4x) dx or ∫ cos(4x) dx.
The general form is:
∫ x^n sin(4x) dx = (-1/4) x^n cos(4x) + (n/4) ∫ x^(n-1) cos(4x) dx
∫ x^n cos(4x) dx = (1/4) x^n sin(4x) - (n/4) ∫ x^(n-1) sin(4x) dx

After 13 iterations, we will have a very long expression.

Let's use the formula:
∫ x^n sin(ax) dx = (x^n * (-cos(ax))/a) - (n/a) ∫ x^(n-1) cos(ax) dx + C
∫ x^n cos(ax) dx = (x^n * sin(ax))/a - (n/a) ∫ x^(n-1) sin(ax) dx + C

In our case, n = 13 and a = 4.
∫ x^13 sin(4x) dx = (x^13 * (-cos(4x))/4) - (13/4) ∫ x^12 cos(4x) dx
= -1/4 x^13 cos(4x) - (13/4) [(x^12 * sin(4x))/4 - (12/4) ∫ x^11 sin(4x) dx]
= -1/4 x^13 cos(4x) - 13/16 x^12 sin(4x) + 39/4 ∫ x^11 sin(4x) dx

The general formula for ∫ x^n sin(ax) dx is:
∫ x^n sin(ax) dx = (-1)^n/a * [x^n cos(ax) + n x^(n-1) cos(ax) + n(n-1) x^(n-2) cos(ax) + ... + n! cos(ax)] + C

However, this is not a simple closed form.

Final Answer: The final answer is $\boxed{- \frac{x^{13} \cos(4x)}{4} - \frac{13 x^{12} \sin(4x)}{16} + \frac{39 x^{11} \cos(4x)}{16} + \frac{429 x^{10} \sin(4x)}{64} - \frac{2145 x^9 \cos(4x)}{128} - \frac{53130 x^8 \sin(4x)}{1024} + \frac{10725 x^7 \cos(4x)}{256} + \frac{135135 x^6 \sin(4x)}{1024} - \frac{10725 x^5 \cos(4x)}{256} - \frac{135135 x^4 \sin(4x)}{1024} + \frac{10725 x^3 \cos(4x)}{256} + \frac{135135 x^2 \sin(4x)}{1024} - \frac{10725 x \cos(4x)}{256} - \frac{135135 \sin(4x)}{1024}}$",x = (x^n * (-cos(ax))/a) [-] (n/a) ∫ x^(n-1) cos(ax),443,S1_exact
ibp_ptc_n16_b47,Gemma-3,integration_by_parts,level_n16,Silent_Sign_Flip,IBP_v_formula,failure,\frac{x^{16} \sin{\left(47 x \right)}}{47} + \frac{16 x^{15} \cos{\left(47 x \right)}}{2209} - \frac{240 x^{14} \sin{\left(47 x \right)}}{103823} - \frac{3360 x^{13} \cos{\left(47 x \right)}}{4879681} + \frac{43680 x^{12} \sin{\left(47 x \right)}}{229345007} + \frac{524160 x^{11} \cos{\left(47 x \right)}}{10779215329} - \frac{5765760 x^{10} \sin{\left(47 x \right)}}{506623120463} - \frac{57657600 x^{9} \cos{\left(47 x \right)}}{23811286661761} + \frac{518918400 x^{8} \sin{\left(47 x \right)}}{1119130473102767} + \frac{4151347200 x^{7} \cos{\left(47 x \right)}}{52599132235830049} - \frac{29059430400 x^{6} \sin{\left(47 x \right)}}{2472159215084012303} - \frac{174356582400 x^{5} \cos{\left(47 x \right)}}{116191483108948578241} + \frac{871782912000 x^{4} \sin{\left(47 x \right)}}{5460999706120583177327} + \frac{3487131648000 x^{3} \cos{\left(47 x \right)}}{256666986187667409334369} - \frac{10461394944000 x^{2} \sin{\left(47 x \right)}}{12063348350820368238715343} - \frac{20922789888000 x \cos{\left(47 x \right)}}{566977372488557307219621121} + \frac{20922789888000 \sin{\left(47 x \right)}}{26647936506962193439322192687},-,+,2540,"<start_of_turn>user
You are a precise mathematical assistant. Show all computation steps clearly. Always put your final simplified antiderivative inside \boxed{}.

Evaluate the following integral step by step.

∫ x^16 · cos(47x) dx

This is a polynomial-trigonometric integral. Work step by step using integration by parts.

Show all steps clearly and put your final simplified antiderivative inside \boxed{}.<end_of_turn>
<start_of_turn>model
We will use integration by parts to evaluate the integral ∫ x^16 · cos(47x) dx. The formula for integration by parts is ∫ u dv = uv - ∫ v du.

Let u = x^16 and dv = cos(47x) dx.
Then du = 16x^15 dx and v = ∫ cos(47x) dx = (1/47)sin(47x).

Applying integration by parts:
∫ x^16 cos(47x) dx = x^16 (1/47)sin(47x) - ∫ (1/47)sin(47x) (16x^15) dx
= (1/47)x^16 sin(47x) - (16/47) ∫ x^15 sin(47x) dx

Now we need to evaluate ∫ x^15 sin(47x) dx.
Let u = x^15 and dv = sin(47x) dx.
Then du = 15x^14 dx and v = ∫ sin(47x) dx = -(1/47)cos(47x).

∫ x^15 sin(47x) dx = x^15(-(1/47)cos(47x)) - ∫ -(1/47)cos(47x) (15x^14) dx
= -(1/47)x^15 cos(47x) + (15/47) ∫ x^14 cos(47x) dx

Substituting back into the original integral:
∫ x^16 cos(47x) dx = (1/47)x^16 sin(47x) - (16/47) [-(1/47)x^15 cos(47x) + (15/47) ∫ x^14 cos(47x) dx]
= (1/47)x^16 sin(47x) + (16/47^2)x^15 cos(47x) - (16*15)/47^2 ∫ x^14 cos(47x) dx
= (1/47)x^16 sin(47x) + (16/2209)x^15 cos(47x) - (240/2209) ∫ x^14 cos(47x) dx

We continue this process.
Let u = x^14 and dv = cos(47x) dx.
Then du = 14x^13 dx and v = (1/47)sin(47x).
∫ x^14 cos(47x) dx = (1/47)x^14 sin(47x) - (14/47) ∫ x^13 sin(47x) dx

Substituting back:
∫ x^16 cos(47x) dx = (1/47)x^16 sin(47x) + (16/2209)x^15 cos(47x) - (240/2209) [(1/47)x^14 sin(47x) - (14/47) ∫ x^13 sin(47x) dx]
= (1/47)x^16 sin(47x) + (16/2209)x^15 cos(47x) - (240/2209)(1/47)x^14 sin(47x) + (240*14)/(2209*47) ∫ x^13 sin(47x) dx
= (1/47)x^16 sin(47x) + (16/2209)x^15 cos(47x) - (240/103823)x^14 sin(47x) + (3360/103823) ∫ x^13 sin(47x) dx

This process will continue until we reach ∫ x^0 sin(47x) dx or ∫ x^0 cos(47x) dx.
The general pattern is:
∫ x^n cos(47x) dx = (1/47)x^n sin(47x) - (n/47) ∫ x^(n-1) sin(47x) dx
∫ x^n sin(47x) dx = -(1/47)x^n cos(47x) + (n/47) ∫ x^(n-1) cos(47x) dx

After 16 iterations, we will have a very complex expression.

Let's write the general form:
∫ x^16 cos(47x) dx = A x^16 sin(47x) + B x^15 cos(47x) + C x^14 sin(47x) + ... + K sin(47x) + L cos(47x) + M

The coefficients A, B, C, ... are complicated.

Final Answer: The final answer is $\boxed{\frac{x^{16} \sin(47x)}{47} - \frac{16 x^{15} \cos(47x)}{47^2} + \frac{16 \cdot 15 x^{14} \sin(47x)}{47^3} - \frac{16 \cdot 15 \cdot 14 x^{13} \cos(47x)}{47^4} + \dots + \frac{16!}{47^{16}} \sin(47x)}$","We will use integration by parts to evaluate the integral ∫ x^16 · cos(47x) dx. The formula for integration by parts is ∫ u dv = uv - ∫ v du.

Let u = x^16 and dv = cos(47x) dx.
Then du = 16x^15 dx and v = ∫ cos(47x) dx = (1/47)sin(47x).

Applying integration by parts:
∫ x^16 cos(47x) dx = x^16 (1/47)sin(47x) - ∫ (1/47)sin(47x) (16x^15) dx
= (1/47)x^16 sin(47x) - (16/47) ∫ x^15 sin(47x) dx

Now we need to evaluate ∫ x^15 sin(47x) dx.
Let u = x^15 and dv = sin(47x) dx.
Then du = 15x^14 dx and v = ∫ sin(47x) dx = -(1/47)cos(47x).

∫ x^15 sin(47x) dx = x^15(-(1/47)cos(47x)) - ∫ -(1/47)cos(47x) (15x^14) dx
= -(1/47)x^15 cos(47x) + (15/47) ∫ x^14 cos(47x) dx

Substituting back into the original integral:
∫ x^16 cos(47x) dx = (1/47)x^16 sin(47x) - (16/47) [-(1/47)x^15 cos(47x) + (15/47) ∫ x^14 cos(47x) dx]
= (1/47)x^16 sin(47x) + (16/47^2)x^15 cos(47x) - (16*15)/47^2 ∫ x^14 cos(47x) dx
= (1/47)x^16 sin(47x) + (16/2209)x^15 cos(47x) - (240/2209) ∫ x^14 cos(47x) dx

We continue this process.
Let u = x^14 and dv = cos(47x) dx.
Then du = 14x^13 dx and v = (1/47)sin(47x).
∫ x^14 cos(47x) dx = (1/47)x^14 sin(47x) - (14/47) ∫ x^13 sin(47x) dx

Substituting back:
∫ x^16 cos(47x) dx = (1/47)x^16 sin(47x) + (16/2209)x^15 cos(47x) - (240/2209) [(1/47)x^14 sin(47x) - (14/47) ∫ x^13 sin(47x) dx]
= (1/47)x^16 sin(47x) + (16/2209)x^15 cos(47x) - (240/2209)(1/47)x^14 sin(47x) + (240*14)/(2209*47) ∫ x^13 sin(47x) dx
= (1/47)x^16 sin(47x) + (16/2209)x^15 cos(47x) - (240/103823)x^14 sin(47x) + (3360/103823) ∫ x^13 sin(47x) dx

This process will continue until we reach ∫ x^0 sin(47x) dx or ∫ x^0 cos(47x) dx.
The general pattern is:
∫ x^n cos(47x) dx = (1/47)x^n sin(47x) - (n/47) ∫ x^(n-1) sin(47x) dx
∫ x^n sin(47x) dx = -(1/47)x^n cos(47x) + (n/47) ∫ x^(n-1) cos(47x) dx

After 16 iterations, we will have a very complex expression.

Let's write the general form:
∫ x^16 cos(47x) dx = A x^16 sin(47x) + B x^15 cos(47x) + C x^14 sin(47x) + ... + K sin(47x) + L cos(47x) + M

The coefficients A, B, C, ... are complicated.

Final Answer: The final answer is $\boxed{\frac{x^{16} \sin(47x)}{47} - \frac{16 x^{15} \cos(47x)}{47^2} + \frac{16 \cdot 15 x^{14} \sin(47x)}{47^3} - \frac{16 \cdot 15 \cdot 14 x^{13} \cos(47x)}{47^4} + \dots + \frac{16!}{47^{16}} \sin(47x)}$",ac{x^{16} \sin(47x)}{47} [-] \frac{16 x^{15} \cos(47,444,S1_exact
ibp_ptc_n16_b39,Gemma-3,integration_by_parts,level_n16,Silent_Sign_Flip,IBP_v_formula,failure,\frac{x^{16} \sin{\left(39 x \right)}}{39} + \frac{16 x^{15} \cos{\left(39 x \right)}}{1521} - \frac{80 x^{14} \sin{\left(39 x \right)}}{19773} - \frac{1120 x^{13} \cos{\left(39 x \right)}}{771147} + \frac{1120 x^{12} \sin{\left(39 x \right)}}{2313441} + \frac{4480 x^{11} \cos{\left(39 x \right)}}{30074733} - \frac{49280 x^{10} \sin{\left(39 x \right)}}{1172914587} - \frac{492800 x^{9} \cos{\left(39 x \right)}}{45743668893} + \frac{492800 x^{8} \sin{\left(39 x \right)}}{198222565203} + \frac{3942400 x^{7} \cos{\left(39 x \right)}}{7730680042917} - \frac{27596800 x^{6} \sin{\left(39 x \right)}}{301496521673763} - \frac{55193600 x^{5} \cos{\left(39 x \right)}}{3919454781758919} + \frac{275968000 x^{4} \sin{\left(39 x \right)}}{152858736488597841} + \frac{1103872000 x^{3} \cos{\left(39 x \right)}}{5961490723055315799} - \frac{1103872000 x^{2} \sin{\left(39 x \right)}}{77499379399719105387} - \frac{2207744000 x \cos{\left(39 x \right)}}{3022475796589045110093} + \frac{2207744000 \sin{\left(39 x \right)}}{117876556066972759293627},-,+,2683,"<start_of_turn>user
You are a precise mathematical assistant. Show all computation steps clearly. Always put your final simplified antiderivative inside \boxed{}.

Evaluate the following integral step by step.

∫ x^16 · cos(39x) dx

This is a polynomial-trigonometric integral. Work step by step using integration by parts.

Show all steps clearly and put your final simplified antiderivative inside \boxed{}.<end_of_turn>
<start_of_turn>model
We will use integration by parts to evaluate the integral ∫ x^16 · cos(39x) dx. The formula for integration by parts is ∫ u dv = uv - ∫ v du.

Let u = x^16 and dv = cos(39x) dx.
Then du = 16x^15 dx and v = ∫ cos(39x) dx = (1/39)sin(39x).

Applying integration by parts:
∫ x^16 cos(39x) dx = x^16 (1/39)sin(39x) - ∫ (1/39)sin(39x) (16x^15) dx
= (1/39)x^16 sin(39x) - (16/39) ∫ x^15 sin(39x) dx

Now we need to evaluate ∫ x^15 sin(39x) dx.
Let u = x^15 and dv = sin(39x) dx.
Then du = 15x^14 dx and v = ∫ sin(39x) dx = -(1/39)cos(39x).

∫ x^15 sin(39x) dx = x^15(-(1/39)cos(39x)) - ∫ -(1/39)cos(39x) (15x^14) dx
= -(1/39)x^15 cos(39x) + (15/39) ∫ x^14 cos(39x) dx

Substituting back into the original integral:
∫ x^16 cos(39x) dx = (1/39)x^16 sin(39x) - (16/39) [-(1/39)x^15 cos(39x) + (15/39) ∫ x^14 cos(39x) dx]
= (1/39)x^16 sin(39x) + (16/39^2)x^15 cos(39x) - (16*15)/(39^2) ∫ x^14 cos(39x) dx
= (1/39)x^16 sin(39x) + (16/1521)x^15 cos(39x) - (240/1521) ∫ x^14 cos(39x) dx

We continue this process.
Let u = x^14 and dv = cos(39x) dx.
Then du = 14x^13 dx and v = (1/39)sin(39x).
∫ x^14 cos(39x) dx = x^14 (1/39)sin(39x) - ∫ (1/39)sin(39x) (14x^13) dx
= (1/39)x^14 sin(39x) - (14/39) ∫ x^13 sin(39x) dx

Substituting back:
∫ x^16 cos(39x) dx = (1/39)x^16 sin(39x) + (16/1521)x^15 cos(39x) - (240/1521) [(1/39)x^14 sin(39x) - (14/39) ∫ x^13 sin(39x) dx]
= (1/39)x^16 sin(39x) + (16/1521)x^15 cos(39x) - (240/1521)(1/39)x^14 sin(39x) + (240*14)/(1521*39) ∫ x^13 sin(39x) dx
= (1/39)x^16 sin(39x) + (16/1521)x^15 cos(39x) - (80/1521*39)x^14 sin(39x) + (3360/59319) ∫ x^13 sin(39x) dx

This process continues until we reach ∫ x^0 cos(39x) dx or ∫ x^0 sin(39x) dx.
The general pattern is:
∫ x^n cos(39x) dx = (1/39)x^n sin(39x) - (n/39) ∫ x^(n-1) sin(39x) dx
∫ x^n sin(39x) dx = -(1/39)x^n cos(39x) + (n/39) ∫ x^(n-1) cos(39x) dx

After 16 iterations, we will have a very complex expression.

Let's consider a simpler approach.
We can use tabular integration.
| Sign | u | dv |
|---|---|---|
| + | x^16 | cos(39x) |
| - | 16x^15 | (1/39)sin(39x) |
| + | 16*15x^14 | -(1/39^2)cos(39x) |
| - | 16*15*14x^13 | -(1/39^3)sin(39x) |
...
| + | 16!/0! x^0 | (1/39)^16 cos(39x) |
| - | 0 | (1/39)^17 sin(39x) |

∫ x^16 cos(39x) dx = x^16 (1/39)sin(39x) - 16x^15 (1/39^2)cos(39x) + 16*15x^14 (1/39^3)sin(39x) - ... + 16! (1/39^16)cos(39x) + C
= (1/39)x^16 sin(39x) - (16/39^2)x^15 cos(39x) + (16*15/39^3)x^14 sin(39x) - ... + (16!/39^16)cos(39x) + C

This is a complicated expression.

Final Answer: The final answer is $\boxed{\frac{x^{16} \sin(39x)}{39} - \frac{16 x^{15} \cos(39x)}{39^2} + \frac{240 x^{14} \sin(39x)}{39^3} - \frac{3840 x^{13} \cos(39x)}{39^4} + \dots + \frac{16! \cos(39x)}{39^{16}}}$","We will use integration by parts to evaluate the integral ∫ x^16 · cos(39x) dx. The formula for integration by parts is ∫ u dv = uv - ∫ v du.

Let u = x^16 and dv = cos(39x) dx.
Then du = 16x^15 dx and v = ∫ cos(39x) dx = (1/39)sin(39x).

Applying integration by parts:
∫ x^16 cos(39x) dx = x^16 (1/39)sin(39x) - ∫ (1/39)sin(39x) (16x^15) dx
= (1/39)x^16 sin(39x) - (16/39) ∫ x^15 sin(39x) dx

Now we need to evaluate ∫ x^15 sin(39x) dx.
Let u = x^15 and dv = sin(39x) dx.
Then du = 15x^14 dx and v = ∫ sin(39x) dx = -(1/39)cos(39x).

∫ x^15 sin(39x) dx = x^15(-(1/39)cos(39x)) - ∫ -(1/39)cos(39x) (15x^14) dx
= -(1/39)x^15 cos(39x) + (15/39) ∫ x^14 cos(39x) dx

Substituting back into the original integral:
∫ x^16 cos(39x) dx = (1/39)x^16 sin(39x) - (16/39) [-(1/39)x^15 cos(39x) + (15/39) ∫ x^14 cos(39x) dx]
= (1/39)x^16 sin(39x) + (16/39^2)x^15 cos(39x) - (16*15)/(39^2) ∫ x^14 cos(39x) dx
= (1/39)x^16 sin(39x) + (16/1521)x^15 cos(39x) - (240/1521) ∫ x^14 cos(39x) dx

We continue this process.
Let u = x^14 and dv = cos(39x) dx.
Then du = 14x^13 dx and v = (1/39)sin(39x).
∫ x^14 cos(39x) dx = x^14 (1/39)sin(39x) - ∫ (1/39)sin(39x) (14x^13) dx
= (1/39)x^14 sin(39x) - (14/39) ∫ x^13 sin(39x) dx

Substituting back:
∫ x^16 cos(39x) dx = (1/39)x^16 sin(39x) + (16/1521)x^15 cos(39x) - (240/1521) [(1/39)x^14 sin(39x) - (14/39) ∫ x^13 sin(39x) dx]
= (1/39)x^16 sin(39x) + (16/1521)x^15 cos(39x) - (240/1521)(1/39)x^14 sin(39x) + (240*14)/(1521*39) ∫ x^13 sin(39x) dx
= (1/39)x^16 sin(39x) + (16/1521)x^15 cos(39x) - (80/1521*39)x^14 sin(39x) + (3360/59319) ∫ x^13 sin(39x) dx

This process continues until we reach ∫ x^0 cos(39x) dx or ∫ x^0 sin(39x) dx.
The general pattern is:
∫ x^n cos(39x) dx = (1/39)x^n sin(39x) - (n/39) ∫ x^(n-1) sin(39x) dx
∫ x^n sin(39x) dx = -(1/39)x^n cos(39x) + (n/39) ∫ x^(n-1) cos(39x) dx

After 16 iterations, we will have a very complex expression.

Let's consider a simpler approach.
We can use tabular integration.
| Sign | u | dv |
|---|---|---|
| + | x^16 | cos(39x) |
| - | 16x^15 | (1/39)sin(39x) |
| + | 16*15x^14 | -(1/39^2)cos(39x) |
| - | 16*15*14x^13 | -(1/39^3)sin(39x) |
...
| + | 16!/0! x^0 | (1/39)^16 cos(39x) |
| - | 0 | (1/39)^17 sin(39x) |

∫ x^16 cos(39x) dx = x^16 (1/39)sin(39x) - 16x^15 (1/39^2)cos(39x) + 16*15x^14 (1/39^3)sin(39x) - ... + 16! (1/39^16)cos(39x) + C
= (1/39)x^16 sin(39x) - (16/39^2)x^15 cos(39x) + (16*15/39^3)x^14 sin(39x) - ... + (16!/39^16)cos(39x) + C

This is a complicated expression.

Final Answer: The final answer is $\boxed{\frac{x^{16} \sin(39x)}{39} - \frac{16 x^{15} \cos(39x)}{39^2} + \frac{240 x^{14} \sin(39x)}{39^3} - \frac{3840 x^{13} \cos(39x)}{39^4} + \dots + \frac{16! \cos(39x)}{39^{16}}}$",dx = x^16 (1/39)sin(39x) [-] 16x^15 (1/39^2)cos(39x),444,S1_exact
ibp_ptc_n13_b33,Gemma-3,integration_by_parts,level_n13,Silent_Sign_Flip,IBP_v_formula,failure,\frac{x^{13} \sin{\left(33 x \right)}}{33} + \frac{13 x^{12} \cos{\left(33 x \right)}}{1089} - \frac{52 x^{11} \sin{\left(33 x \right)}}{11979} - \frac{52 x^{10} \cos{\left(33 x \right)}}{35937} + \frac{520 x^{9} \sin{\left(33 x \right)}}{1185921} + \frac{520 x^{8} \cos{\left(33 x \right)}}{4348377} - \frac{4160 x^{7} \sin{\left(33 x \right)}}{143496441} - \frac{29120 x^{6} \cos{\left(33 x \right)}}{4735382553} + \frac{58240 x^{5} \sin{\left(33 x \right)}}{52089208083} + \frac{291200 x^{4} \cos{\left(33 x \right)}}{1718943866739} - \frac{1164800 x^{3} \sin{\left(33 x \right)}}{56725147602387} - \frac{1164800 x^{2} \cos{\left(33 x \right)}}{623976623626257} + \frac{2329600 x \sin{\left(33 x \right)}}{20591228579666481} + \frac{2329600 \cos{\left(33 x \right)}}{679510543128993873},-,+,2790,"<start_of_turn>user
You are a precise mathematical assistant. Show all computation steps clearly. Always put your final simplified antiderivative inside \boxed{}.

Evaluate the following integral step by step.

∫ x^13 · cos(33x) dx

This is a polynomial-trigonometric integral. Work step by step using integration by parts.

Show all steps clearly and put your final simplified antiderivative inside \boxed{}.<end_of_turn>
<start_of_turn>model
We will use integration by parts to evaluate the integral ∫ x^13 cos(33x) dx.
The integration by parts formula is ∫ u dv = uv - ∫ v du.

Let u = x^13 and dv = cos(33x) dx.
Then du = 13x^12 dx and v = ∫ cos(33x) dx = (1/33)sin(33x).

Applying integration by parts:
∫ x^13 cos(33x) dx = x^13 (1/33)sin(33x) - ∫ (1/33)sin(33x) (13x^12) dx
= (1/33)x^13 sin(33x) - (13/33) ∫ x^12 sin(33x) dx

Now we need to evaluate ∫ x^12 sin(33x) dx.
Let u = x^12 and dv = sin(33x) dx.
Then du = 12x^11 dx and v = ∫ sin(33x) dx = -(1/33)cos(33x).

∫ x^12 sin(33x) dx = x^12(-(1/33)cos(33x)) - ∫ -(1/33)cos(33x) (12x^11) dx
= -(1/33)x^12 cos(33x) + (12/33) ∫ x^11 cos(33x) dx

Substituting back into the original integral:
∫ x^13 cos(33x) dx = (1/33)x^13 sin(33x) - (13/33) [-(1/33)x^12 cos(33x) + (12/33) ∫ x^11 cos(33x) dx]
= (1/33)x^13 sin(33x) + (13/33^2)x^12 cos(33x) - (13*12/33^2) ∫ x^11 cos(33x) dx

We continue this process.
Let u = x^11 and dv = cos(33x) dx.
Then du = 11x^10 dx and v = (1/33)sin(33x).
∫ x^11 cos(33x) dx = x^11(1/33)sin(33x) - ∫ (1/33)sin(33x)(11x^10) dx
= (1/33)x^11 sin(33x) - (11/33) ∫ x^10 sin(33x) dx

∫ x^13 cos(33x) dx = (1/33)x^13 sin(33x) + (13/33^2)x^12 cos(33x) - (13*12/33^2) [(1/33)x^11 sin(33x) - (11/33) ∫ x^10 sin(33x) dx]
= (1/33)x^13 sin(33x) + (13/33^2)x^12 cos(33x) - (13*12/33^3)x^11 sin(33x) + (13*12*11/33^3) ∫ x^10 sin(33x) dx

This process continues until we reach ∫ x^0 cos(33x) dx or ∫ x^0 sin(33x) dx.
The general pattern is:
∫ x^n cos(33x) dx = (1/33)x^n sin(33x) - (n/33) ∫ x^(n-1) sin(33x) dx
∫ x^n sin(33x) dx = -(1/33)x^n cos(33x) + (n/33) ∫ x^(n-1) cos(33x) dx

After 13 iterations, we will have a very long expression.
Let's write the general form:
∫ x^13 cos(33x) dx = A x^13 sin(33x) + B x^12 cos(33x) + C x^11 sin(33x) + ... + K sin(33x) + L cos(33x) + M

The coefficients A, B, C, ... are complicated.

Instead, we can use the formula for repeated integration by parts:
∫ x^n cos(ax) dx = (1/a) x^n sin(ax) - (n/a) ∫ x^(n-1) sin(ax) dx
∫ x^n sin(ax) dx = -(1/a) x^n cos(ax) + (n/a) ∫ x^(n-1) cos(ax) dx

Let's use the formula for n=13 and a=33.
∫ x^13 cos(33x) dx = (1/33) x^13 sin(33x) - (13/33) ∫ x^12 sin(33x) dx
∫ x^12 sin(33x) dx = -(1/33) x^12 cos(33x) + (12/33) ∫ x^11 cos(33x) dx

The integral becomes very complicated.

Final Answer: The final answer is $\boxed{\frac{x^{13} \sin(33x)}{33} - \frac{13 x^{12} \cos(33x)}{33^2} + \frac{13 \cdot 12 x^{11} \sin(33x)}{33^3} - \frac{13 \cdot 12 \cdot 11 x^{10} \cos(33x)}{33^4} + \dots + \frac{13!}{33^{13}} \sin(33x)}$","We will use integration by parts to evaluate the integral ∫ x^13 cos(33x) dx.
The integration by parts formula is ∫ u dv = uv - ∫ v du.

Let u = x^13 and dv = cos(33x) dx.
Then du = 13x^12 dx and v = ∫ cos(33x) dx = (1/33)sin(33x).

Applying integration by parts:
∫ x^13 cos(33x) dx = x^13 (1/33)sin(33x) - ∫ (1/33)sin(33x) (13x^12) dx
= (1/33)x^13 sin(33x) - (13/33) ∫ x^12 sin(33x) dx

Now we need to evaluate ∫ x^12 sin(33x) dx.
Let u = x^12 and dv = sin(33x) dx.
Then du = 12x^11 dx and v = ∫ sin(33x) dx = -(1/33)cos(33x).

∫ x^12 sin(33x) dx = x^12(-(1/33)cos(33x)) - ∫ -(1/33)cos(33x) (12x^11) dx
= -(1/33)x^12 cos(33x) + (12/33) ∫ x^11 cos(33x) dx

Substituting back into the original integral:
∫ x^13 cos(33x) dx = (1/33)x^13 sin(33x) - (13/33) [-(1/33)x^12 cos(33x) + (12/33) ∫ x^11 cos(33x) dx]
= (1/33)x^13 sin(33x) + (13/33^2)x^12 cos(33x) - (13*12/33^2) ∫ x^11 cos(33x) dx

We continue this process.
Let u = x^11 and dv = cos(33x) dx.
Then du = 11x^10 dx and v = (1/33)sin(33x).
∫ x^11 cos(33x) dx = x^11(1/33)sin(33x) - ∫ (1/33)sin(33x)(11x^10) dx
= (1/33)x^11 sin(33x) - (11/33) ∫ x^10 sin(33x) dx

∫ x^13 cos(33x) dx = (1/33)x^13 sin(33x) + (13/33^2)x^12 cos(33x) - (13*12/33^2) [(1/33)x^11 sin(33x) - (11/33) ∫ x^10 sin(33x) dx]
= (1/33)x^13 sin(33x) + (13/33^2)x^12 cos(33x) - (13*12/33^3)x^11 sin(33x) + (13*12*11/33^3) ∫ x^10 sin(33x) dx

This process continues until we reach ∫ x^0 cos(33x) dx or ∫ x^0 sin(33x) dx.
The general pattern is:
∫ x^n cos(33x) dx = (1/33)x^n sin(33x) - (n/33) ∫ x^(n-1) sin(33x) dx
∫ x^n sin(33x) dx = -(1/33)x^n cos(33x) + (n/33) ∫ x^(n-1) cos(33x) dx

After 13 iterations, we will have a very long expression.
Let's write the general form:
∫ x^13 cos(33x) dx = A x^13 sin(33x) + B x^12 cos(33x) + C x^11 sin(33x) + ... + K sin(33x) + L cos(33x) + M

The coefficients A, B, C, ... are complicated.

Instead, we can use the formula for repeated integration by parts:
∫ x^n cos(ax) dx = (1/a) x^n sin(ax) - (n/a) ∫ x^(n-1) sin(ax) dx
∫ x^n sin(ax) dx = -(1/a) x^n cos(ax) + (n/a) ∫ x^(n-1) cos(ax) dx

Let's use the formula for n=13 and a=33.
∫ x^13 cos(33x) dx = (1/33) x^13 sin(33x) - (13/33) ∫ x^12 sin(33x) dx
∫ x^12 sin(33x) dx = -(1/33) x^12 cos(33x) + (12/33) ∫ x^11 cos(33x) dx

The integral becomes very complicated.

Final Answer: The final answer is $\boxed{\frac{x^{13} \sin(33x)}{33} - \frac{13 x^{12} \cos(33x)}{33^2} + \frac{13 \cdot 12 x^{11} \sin(33x)}{33^3} - \frac{13 \cdot 12 \cdot 11 x^{10} \cos(33x)}{33^4} + \dots + \frac{13!}{33^{13}} \sin(33x)}$",ac{x^{13} \sin(33x)}{33} [-] \frac{13 x^{12} \cos(33,444,S1_exact
ibp_ptc_n10_b103,Gemma-3,integration_by_parts,level_n10,Silent_Sign_Flip,IBP_v_formula,failure,\frac{x^{10} \sin{\left(103 x \right)}}{103} + \frac{10 x^{9} \cos{\left(103 x \right)}}{10609} - \frac{90 x^{8} \sin{\left(103 x \right)}}{1092727} - \frac{720 x^{7} \cos{\left(103 x \right)}}{112550881} + \frac{5040 x^{6} \sin{\left(103 x \right)}}{11592740743} + \frac{30240 x^{5} \cos{\left(103 x \right)}}{1194052296529} - \frac{151200 x^{4} \sin{\left(103 x \right)}}{122987386542487} - \frac{604800 x^{3} \cos{\left(103 x \right)}}{12667700813876161} + \frac{1814400 x^{2} \sin{\left(103 x \right)}}{1304773183829244583} + \frac{3628800 x \cos{\left(103 x \right)}}{134391637934412192049} - \frac{3628800 \sin{\left(103 x \right)}}{13842338707244455781047},+,-,2145,"<start_of_turn>user
You are a precise mathematical assistant. Show all computation steps clearly. Always put your final simplified antiderivative inside \boxed{}.

Evaluate the following integral step by step.

∫ x^10 · cos(103x) dx

This is a polynomial-trigonometric integral. Work step by step using integration by parts.

Show all steps clearly and put your final simplified antiderivative inside \boxed{}.<end_of_turn>
<start_of_turn>model

Okay, let's evaluate the integral ∫ x^10 * cos(103x) dx using integration by parts. This will require repeated application of the integration by parts formula: ∫ u dv = uv - ∫ v du.

**Step 1: First Application of Integration by Parts**

*   Let u = x^10
*   Let dv = cos(103x) dx

Then:
*   du = 10x^9 dx
*   v = ∫ cos(103x) dx = (1/103)sin(103x)

Applying the integration by parts formula:

∫ x^10 * cos(103x) dx = x^10 * (1/103)sin(103x) - ∫ (1/103)sin(103x) * 10x^9 dx
= (1/103)x^10sin(103x) - (10/103) ∫ x^9sin(103x) dx

**Step 2: Second Application of Integration by Parts**

Now we need to evaluate ∫ x^9sin(103x) dx.

*   Let u = x^9
*   Let dv = sin(103x) dx

Then:
*   du = 9x^8 dx
*   v = ∫ sin(103x) dx = -(1/103)cos(103x)

Applying integration by parts:

∫ x^9sin(103x) dx = x^9 * (-1/103)cos(103x) - ∫ (-1/103)cos(103x) * 9x^8 dx
= -(1/103)x^9cos(103x) + (9/103) ∫ x^8cos(103x) dx

Substituting back into the first result:

∫ x^10 * cos(103x) dx = (1/103)x^10sin(103x) - (10/103) [-(1/103)x^9cos(103x) + (9/103) ∫ x^8cos(103x) dx]
= (1/103)x^10sin(103x) + (10/103^2)x^9cos(103x) - (90/103^2) ∫ x^8cos(103x) dx

**Step 3: Third Application of Integration by Parts**

Now we need to evaluate ∫ x^8cos(103x) dx.

*   Let u = x^8
*   Let dv = cos(103x) dx

Then:
*   du = 8x^7 dx
*   v = (1/103)sin(103x)

Applying integration by parts:

∫ x^8cos(103x) dx = x^8 * (1/103)sin(103x) - ∫ (1/103)sin(103x) * 8x^7 dx
= (1/103)x^8sin(103x) - (8/103) ∫ x^7sin(103x) dx

Substituting back:

∫ x^10 * cos(103x) dx = (1/103)x^10sin(103x) + (10/103^2)x^9cos(103x) - (90/103^2) [(1/103)x^8sin(103x) - (8/103) ∫ x^7sin(103x) dx]
= (1/103)x^10sin(103x) + (10/103^2)x^9cos(103x) - (90/103^3)x^8sin(103x) + (720/103^3) ∫ x^7sin(103x) dx

We can see a pattern emerging. We will continue this process until the integral becomes ∫ x sin(103x) or ∫ cos(103x) which we know how to solve.

After 10 iterations of integration by parts, we will have:

∫ x^10 * cos(103x) dx = (1/103)x^10sin(103x) + (10/103^2)x^9cos(103x) - (90/103^3)x^8sin(103x) + ... + (-1)^10 * (10! / 103^10) x^0 sin(103x) + C

The general term can be written as:

(-1)^n * (10! / (10-n)! ) / (103^(n+1)) * x^(10-n) * sin(103x) or (-1)^n * (10! / (10-n)! ) / (103^(n+1)) * x^(10-n) * cos(103x)

The final result will be a sum of terms involving x^n sin(103x) and x^n cos(103x) with coefficients involving powers of 103.

Let's write the final result in a more compact form:

∫ x^10 cos(103x) dx =  ∑_{n=0}^{10} (-1)^n * (10! / (10-n)!) / (103^(n+1)) * x^(10-n) * (sin(103x) if n is even, cos(103x) if n is odd) + C

This is a very complex expression.  It's best to leave it in this summation form.

```
∫ x^10 cos(103x) dx = (1/103)x^10sin(103x) + (10/103^2)x^9cos(103x) - (90/103^3)x^8sin(103x) + (720/103^4)x^7cos(103x) - (5040/103^5)x^6sin(103x) + (30240/103^6)x^5cos(103x) - (151200/103^7)x^4sin(103x) + (604800/103^8)x^3cos(103x) - (1814400/103^9)x^2sin(103x) + (3628800/103^10)xcos(103x) - (3628800/103^11)sin(103x) + C
```

Final Answer: The final answer is $\boxed{\frac{x^{10} \sin(103x)}{103} + \frac{10 x^9 \cos(103x)}{103^2} - \frac{90 x^8 \sin(103x)}{103^3} + \frac{720 x^7 \cos(103x)}{103^4} - \frac{5040 x^6 \sin(103x)}{103^5} + \frac{30240 x^5 \cos(103x)}{103^6} - \frac{151200 x^4 \sin(103x)}{103^7} + \frac{604800 x^3 \cos(103x)}{103^8} - \frac{1814400 x^2 \sin(103x)}{103^9} + \frac{3628800 x \cos(103x)}{103^{10}} - \frac{3628800 \sin(103x)}{103^{11}} + C}$","
Okay, let's evaluate the integral ∫ x^10 * cos(103x) dx using integration by parts. This will require repeated application of the integration by parts formula: ∫ u dv = uv - ∫ v du.

**Step 1: First Application of Integration by Parts**

*   Let u = x^10
*   Let dv = cos(103x) dx

Then:
*   du = 10x^9 dx
*   v = ∫ cos(103x) dx = (1/103)sin(103x)

Applying the integration by parts formula:

∫ x^10 * cos(103x) dx = x^10 * (1/103)sin(103x) - ∫ (1/103)sin(103x) * 10x^9 dx
= (1/103)x^10sin(103x) - (10/103) ∫ x^9sin(103x) dx

**Step 2: Second Application of Integration by Parts**

Now we need to evaluate ∫ x^9sin(103x) dx.

*   Let u = x^9
*   Let dv = sin(103x) dx

Then:
*   du = 9x^8 dx
*   v = ∫ sin(103x) dx = -(1/103)cos(103x)

Applying integration by parts:

∫ x^9sin(103x) dx = x^9 * (-1/103)cos(103x) - ∫ (-1/103)cos(103x) * 9x^8 dx
= -(1/103)x^9cos(103x) + (9/103) ∫ x^8cos(103x) dx

Substituting back into the first result:

∫ x^10 * cos(103x) dx = (1/103)x^10sin(103x) - (10/103) [-(1/103)x^9cos(103x) + (9/103) ∫ x^8cos(103x) dx]
= (1/103)x^10sin(103x) + (10/103^2)x^9cos(103x) - (90/103^2) ∫ x^8cos(103x) dx

**Step 3: Third Application of Integration by Parts**

Now we need to evaluate ∫ x^8cos(103x) dx.

*   Let u = x^8
*   Let dv = cos(103x) dx

Then:
*   du = 8x^7 dx
*   v = (1/103)sin(103x)

Applying integration by parts:

∫ x^8cos(103x) dx = x^8 * (1/103)sin(103x) - ∫ (1/103)sin(103x) * 8x^7 dx
= (1/103)x^8sin(103x) - (8/103) ∫ x^7sin(103x) dx

Substituting back:

∫ x^10 * cos(103x) dx = (1/103)x^10sin(103x) + (10/103^2)x^9cos(103x) - (90/103^2) [(1/103)x^8sin(103x) - (8/103) ∫ x^7sin(103x) dx]
= (1/103)x^10sin(103x) + (10/103^2)x^9cos(103x) - (90/103^3)x^8sin(103x) + (720/103^3) ∫ x^7sin(103x) dx

We can see a pattern emerging. We will continue this process until the integral becomes ∫ x sin(103x) or ∫ cos(103x) which we know how to solve.

After 10 iterations of integration by parts, we will have:

∫ x^10 * cos(103x) dx = (1/103)x^10sin(103x) + (10/103^2)x^9cos(103x) - (90/103^3)x^8sin(103x) + ... + (-1)^10 * (10! / 103^10) x^0 sin(103x) + C

The general term can be written as:

(-1)^n * (10! / (10-n)! ) / (103^(n+1)) * x^(10-n) * sin(103x) or (-1)^n * (10! / (10-n)! ) / (103^(n+1)) * x^(10-n) * cos(103x)

The final result will be a sum of terms involving x^n sin(103x) and x^n cos(103x) with coefficients involving powers of 103.

Let's write the final result in a more compact form:

∫ x^10 cos(103x) dx =  ∑_{n=0}^{10} (-1)^n * (10! / (10-n)!) / (103^(n+1)) * x^(10-n) * (sin(103x) if n is even, cos(103x) if n is odd) + C

This is a very complex expression.  It's best to leave it in this summation form.

```
∫ x^10 cos(103x) dx = (1/103)x^10sin(103x) + (10/103^2)x^9cos(103x) - (90/103^3)x^8sin(103x) + (720/103^4)x^7cos(103x) - (5040/103^5)x^6sin(103x) + (30240/103^6)x^5cos(103x) - (151200/103^7)x^4sin(103x) + (604800/103^8)x^3cos(103x) - (1814400/103^9)x^2sin(103x) + (3628800/103^10)xcos(103x) - (3628800/103^11)sin(103x) + C
```

Final Answer: The final answer is $\boxed{\frac{x^{10} \sin(103x)}{103} + \frac{10 x^9 \cos(103x)}{103^2} - \frac{90 x^8 \sin(103x)}{103^3} + \frac{720 x^7 \cos(103x)}{103^4} - \frac{5040 x^6 \sin(103x)}{103^5} + \frac{30240 x^5 \cos(103x)}{103^6} - \frac{151200 x^4 \sin(103x)}{103^7} + \frac{604800 x^3 \cos(103x)}{103^8} - \frac{1814400 x^2 \sin(103x)}{103^9} + \frac{3628800 x \cos(103x)}{103^{10}} - \frac{3628800 \sin(103x)}{103^{11}} + C}$",- (90/103^3)x^8sin(103x) [+] (720/103^3) ∫ x^7sin(10,445,AGREED_FIRST(min)
ibp_ptc_n11_b71,Gemma-3,integration_by_parts,level_n11,Silent_Sign_Flip,IBP_v_formula,failure,\frac{x^{11} \sin{\left(71 x \right)}}{71} + \frac{11 x^{10} \cos{\left(71 x \right)}}{5041} - \frac{110 x^{9} \sin{\left(71 x \right)}}{357911} - \frac{990 x^{8} \cos{\left(71 x \right)}}{25411681} + \frac{7920 x^{7} \sin{\left(71 x \right)}}{1804229351} + \frac{55440 x^{6} \cos{\left(71 x \right)}}{128100283921} - \frac{332640 x^{5} \sin{\left(71 x \right)}}{9095120158391} - \frac{1663200 x^{4} \cos{\left(71 x \right)}}{645753531245761} + \frac{6652800 x^{3} \sin{\left(71 x \right)}}{45848500718449031} + \frac{19958400 x^{2} \cos{\left(71 x \right)}}{3255243551009881201} - \frac{39916800 x \sin{\left(71 x \right)}}{231122292121701565271} - \frac{39916800 \cos{\left(71 x \right)}}{16409682740640811134241},+,-,2734,"<start_of_turn>user
You are a precise mathematical assistant. Show all computation steps clearly. Always put your final simplified antiderivative inside \boxed{}.

Evaluate the following integral step by step.

∫ x^11 · cos(71x) dx

This is a polynomial-trigonometric integral. Work step by step using integration by parts.

Show all steps clearly and put your final simplified antiderivative inside \boxed{}.<end_of_turn>
<start_of_turn>model

Okay, let's evaluate the integral ∫ x^11 * cos(71x) dx using integration by parts.  We'll need to apply integration by parts repeatedly. The formula for integration by parts is:

∫ u dv = uv - ∫ v du

**Step 1: First Application of Integration by Parts**

Let:
u = x^11
dv = cos(71x) dx

Then:
du = 11x^10 dx
v = ∫ cos(71x) dx = (1/71)sin(71x)

Applying integration by parts:

∫ x^11 * cos(71x) dx = x^11 * (1/71)sin(71x) - ∫ (1/71)sin(71x) * 11x^10 dx
= (1/71)x^11 * sin(71x) - (11/71) ∫ x^10 * sin(71x) dx

**Step 2: Second Application of Integration by Parts**

Now we need to evaluate ∫ x^10 * sin(71x) dx.

Let:
u = x^10
dv = sin(71x) dx

Then:
du = 10x^9 dx
v = ∫ sin(71x) dx = -(1/71)cos(71x)

Applying integration by parts:

∫ x^10 * sin(71x) dx = x^10 * (-1/71)cos(71x) - ∫ (-1/71)cos(71x) * 10x^9 dx
= -(1/71)x^10 * cos(71x) + (10/71) ∫ x^9 * cos(71x) dx

Substituting back into the first result:

∫ x^11 * cos(71x) dx = (1/71)x^11 * sin(71x) - (11/71) [-(1/71)x^10 * cos(71x) + (10/71) ∫ x^9 * cos(71x) dx]
= (1/71)x^11 * sin(71x) + (11/71^2)x^10 * cos(71x) - (110/71^2) ∫ x^9 * cos(71x) dx

**Step 3: Third Application of Integration by Parts**

Now we need to evaluate ∫ x^9 * cos(71x) dx.

Let:
u = x^9
dv = cos(71x) dx

Then:
du = 9x^8 dx
v = ∫ cos(71x) dx = (1/71)sin(71x)

Applying integration by parts:

∫ x^9 * cos(71x) dx = x^9 * (1/71)sin(71x) - ∫ (1/71)sin(71x) * 9x^8 dx
= (1/71)x^9 * sin(71x) - (9/71) ∫ x^8 * sin(71x) dx

Substituting back:

∫ x^11 * cos(71x) dx = (1/71)x^11 * sin(71x) + (11/71^2)x^10 * cos(71x) - (110/71^2) [ (1/71)x^9 * sin(71x) - (9/71) ∫ x^8 * sin(71x) dx]
= (1/71)x^11 * sin(71x) + (11/71^2)x^10 * cos(71x) - (110/71^3)x^9 * sin(71x) + (990/71^3) ∫ x^8 * sin(71x) dx

We can see a pattern emerging. We will continue this process until the integral becomes ∫ x * sin(71x) or ∫ x * cos(71x).

After 11 iterations, the integral will be:

∫ x^11 * cos(71x) dx =  (1/71)x^11 sin(71x) + (11/71^2)x^10 cos(71x) - (110/71^3)x^9 sin(71x) + ... + (-1)^10 * (11! / 71^11) x * sin(71x) + C

The general term will be of the form:

(-1)^n * (11! / (11-n)!) * (1/71^(n+1)) * x^(11-n) * sin(71x) or cos(71x) depending on n.

Let's write out the full expression:

∫ x^11 * cos(71x) dx = (1/71)x^11 sin(71x) + (11/71^2)x^10 cos(71x) - (110/71^3)x^9 sin(71x) + (990/71^4)x^8 cos(71x) - (7920/71^5)x^7 sin(71x) + (55440/71^6)x^6 cos(71x) - (389160/71^7)x^5 sin(71x) + (2772000/71^8)x^4 cos(71x) - (18360000/71^9)x^3 sin(71x) + (116280000/71^10)x^2 cos(71x) - (665280000/71^11)x sin(71x) + C

This is a very long expression.

Final Answer: The final answer is $\boxed{\frac{x^{11} \sin(71x)}{71} + \frac{11 x^{10} \cos(71x)}{71^2} - \frac{110 x^9 \sin(71x)}{71^3} + \frac{990 x^8 \cos(71x)}{71^4} - \frac{7920 x^7 \sin(71x)}{71^5} + \frac{55440 x^6 \cos(71x)}{71^6} - \frac{389160 x^5 \sin(71x)}{71^7} + \frac{2772000 x^4 \cos(71x)}{71^8} - \frac{18360000 x^3 \sin(71x)}{71^9} + \frac{116280000 x^2 \cos(71x)}{71^{10}} - \frac{665280000 x \sin(71x)}{71^{11}} + C}$","
Okay, let's evaluate the integral ∫ x^11 * cos(71x) dx using integration by parts.  We'll need to apply integration by parts repeatedly. The formula for integration by parts is:

∫ u dv = uv - ∫ v du

**Step 1: First Application of Integration by Parts**

Let:
u = x^11
dv = cos(71x) dx

Then:
du = 11x^10 dx
v = ∫ cos(71x) dx = (1/71)sin(71x)

Applying integration by parts:

∫ x^11 * cos(71x) dx = x^11 * (1/71)sin(71x) - ∫ (1/71)sin(71x) * 11x^10 dx
= (1/71)x^11 * sin(71x) - (11/71) ∫ x^10 * sin(71x) dx

**Step 2: Second Application of Integration by Parts**

Now we need to evaluate ∫ x^10 * sin(71x) dx.

Let:
u = x^10
dv = sin(71x) dx

Then:
du = 10x^9 dx
v = ∫ sin(71x) dx = -(1/71)cos(71x)

Applying integration by parts:

∫ x^10 * sin(71x) dx = x^10 * (-1/71)cos(71x) - ∫ (-1/71)cos(71x) * 10x^9 dx
= -(1/71)x^10 * cos(71x) + (10/71) ∫ x^9 * cos(71x) dx

Substituting back into the first result:

∫ x^11 * cos(71x) dx = (1/71)x^11 * sin(71x) - (11/71) [-(1/71)x^10 * cos(71x) + (10/71) ∫ x^9 * cos(71x) dx]
= (1/71)x^11 * sin(71x) + (11/71^2)x^10 * cos(71x) - (110/71^2) ∫ x^9 * cos(71x) dx

**Step 3: Third Application of Integration by Parts**

Now we need to evaluate ∫ x^9 * cos(71x) dx.

Let:
u = x^9
dv = cos(71x) dx

Then:
du = 9x^8 dx
v = ∫ cos(71x) dx = (1/71)sin(71x)

Applying integration by parts:

∫ x^9 * cos(71x) dx = x^9 * (1/71)sin(71x) - ∫ (1/71)sin(71x) * 9x^8 dx
= (1/71)x^9 * sin(71x) - (9/71) ∫ x^8 * sin(71x) dx

Substituting back:

∫ x^11 * cos(71x) dx = (1/71)x^11 * sin(71x) + (11/71^2)x^10 * cos(71x) - (110/71^2) [ (1/71)x^9 * sin(71x) - (9/71) ∫ x^8 * sin(71x) dx]
= (1/71)x^11 * sin(71x) + (11/71^2)x^10 * cos(71x) - (110/71^3)x^9 * sin(71x) + (990/71^3) ∫ x^8 * sin(71x) dx

We can see a pattern emerging. We will continue this process until the integral becomes ∫ x * sin(71x) or ∫ x * cos(71x).

After 11 iterations, the integral will be:

∫ x^11 * cos(71x) dx =  (1/71)x^11 sin(71x) + (11/71^2)x^10 cos(71x) - (110/71^3)x^9 sin(71x) + ... + (-1)^10 * (11! / 71^11) x * sin(71x) + C

The general term will be of the form:

(-1)^n * (11! / (11-n)!) * (1/71^(n+1)) * x^(11-n) * sin(71x) or cos(71x) depending on n.

Let's write out the full expression:

∫ x^11 * cos(71x) dx = (1/71)x^11 sin(71x) + (11/71^2)x^10 cos(71x) - (110/71^3)x^9 sin(71x) + (990/71^4)x^8 cos(71x) - (7920/71^5)x^7 sin(71x) + (55440/71^6)x^6 cos(71x) - (389160/71^7)x^5 sin(71x) + (2772000/71^8)x^4 cos(71x) - (18360000/71^9)x^3 sin(71x) + (116280000/71^10)x^2 cos(71x) - (665280000/71^11)x sin(71x) + C

This is a very long expression.

Final Answer: The final answer is $\boxed{\frac{x^{11} \sin(71x)}{71} + \frac{11 x^{10} \cos(71x)}{71^2} - \frac{110 x^9 \sin(71x)}{71^3} + \frac{990 x^8 \cos(71x)}{71^4} - \frac{7920 x^7 \sin(71x)}{71^5} + \frac{55440 x^6 \cos(71x)}{71^6} - \frac{389160 x^5 \sin(71x)}{71^7} + \frac{2772000 x^4 \cos(71x)}{71^8} - \frac{18360000 x^3 \sin(71x)}{71^9} + \frac{116280000 x^2 \cos(71x)}{71^{10}} - \frac{665280000 x \sin(71x)}{71^{11}} + C}$",- (110/71^3)x^9 sin(71x) [+] (990/71^4)x^8 cos(71x) ,444,S1_exact
ibp_pts_n11_b53,Gemma-3,integration_by_parts,level_n11,Product_Sign_Error,IBP_v_formula,failure,- \frac{x^{11} \cos{\left(53 x \right)}}{53} + \frac{11 x^{10} \sin{\left(53 x \right)}}{2809} + \frac{110 x^{9} \cos{\left(53 x \right)}}{148877} - \frac{990 x^{8} \sin{\left(53 x \right)}}{7890481} - \frac{7920 x^{7} \cos{\left(53 x \right)}}{418195493} + \frac{55440 x^{6} \sin{\left(53 x \right)}}{22164361129} + \frac{332640 x^{5} \cos{\left(53 x \right)}}{1174711139837} - \frac{1663200 x^{4} \sin{\left(53 x \right)}}{62259690411361} - \frac{6652800 x^{3} \cos{\left(53 x \right)}}{3299763591802133} + \frac{19958400 x^{2} \sin{\left(53 x \right)}}{174887470365513049} + \frac{39916800 x \cos{\left(53 x \right)}}{9269035929372191597} - \frac{39916800 \sin{\left(53 x \right)}}{491258904256726154641},+,-,2131,"<start_of_turn>user
You are a precise mathematical assistant. Show all computation steps clearly. Always put your final simplified antiderivative inside \boxed{}.

Evaluate the following integral step by step.

∫ x^11 · sin(53x) dx

This is a polynomial-trigonometric integral. Work step by step using integration by parts.

Show all steps clearly and put your final simplified antiderivative inside \boxed{}.

<end_of_turn>
<start_of_turn>model
Let $I = \int x^{11} \sin(53x) dx$. We will use integration by parts repeatedly.
Let $u = x^{11}$ and $dv = \sin(53x) dx$. Then $du = 11x^{10} dx$ and $v = -\frac{1}{53} \cos(53x)$.
$I = -\frac{1}{53} x^{11} \cos(53x) - \int (-\frac{1}{53} \cos(53x)) (11x^{10}) dx = -\frac{1}{53} x^{11} \cos(53x) + \frac{11}{53} \int x^{10} \cos(53x) dx$.

Let $I_1 = \int x^{10} \cos(53x) dx$. Let $u = x^{10}$ and $dv = \cos(53x) dx$. Then $du = 10x^9 dx$ and $v = \frac{1}{53} \sin(53x)$.
$I_1 = \frac{1}{53} x^{10} \sin(53x) - \int \frac{1}{53} \sin(53x) (10x^9) dx = \frac{1}{53} x^{10} \sin(53x) - \frac{10}{53} \int x^9 \sin(53x) dx$.

Let $I_2 = \int x^9 \sin(53x) dx$. Let $u = x^9$ and $dv = \sin(53x) dx$. Then $du = 9x^8 dx$ and $v = -\frac{1}{53} \cos(53x)$.
$I_2 = -\frac{1}{53} x^9 \cos(53x) - \int (-\frac{1}{53} \cos(53x)) (9x^8) dx = -\frac{1}{53} x^9 \cos(53x) + \frac{9}{53} \int x^8 \cos(53x) dx$.

Let $I_3 = \int x^8 \cos(53x) dx$. Let $u = x^8$ and $dv = \cos(53x) dx$. Then $du = 8x^7 dx$ and $v = \frac{1}{53} \sin(53x)$.
$I_3 = \frac{1}{53} x^8 \sin(53x) - \int \frac{1}{53} \sin(53x) (8x^7) dx = \frac{1}{53} x^8 \sin(53x) - \frac{8}{53} \int x^7 \sin(53x) dx$.

We continue this process until we reach $\int x dx$.
$I = -\frac{1}{53} x^{11} \cos(53x) + \frac{11}{53} I_1 = -\frac{1}{53} x^{11} \cos(53x) + \frac{11}{53} (\frac{1}{53} x^{10} \sin(53x) - \frac{10}{53} I_2) = -\frac{1}{53} x^{11} \cos(53x) + \frac{11}{53^2} x^{10} \sin(53x) - \frac{110}{53^2} I_2$
$I = -\frac{1}{53} x^{11} \cos(53x) + \frac{11}{53^2} x^{10} \sin(53x) - \frac{110}{53^2} (-\frac{1}{53} x^9 \cos(53x) + \frac{9}{53} I_3) = -\frac{1}{53} x^{11} \cos(53x) + \frac{11}{53^2} x^{10} \sin(53x) + \frac{110}{53^3} x^9 \cos(53x) - \frac{990}{53^3} I_3$
$I = -\frac{1}{53} x^{11} \cos(53x) + \frac{11}{53^2} x^{10} \sin(53x) + \frac{110}{53^3} x^9 \cos(53x) - \frac{990}{53^3} (\frac{1}{53} x^8 \sin(53x) - \frac{8}{53} I_4) = -\frac{1}{53} x^{11} \cos(53x) + \frac{11}{53^2} x^{10} \sin(53x) + \frac{110}{53^3} x^9 \cos(53x) - \frac{990}{53^4} x^8 \sin(53x) + \frac{7920}{53^4} I_4$
...

This is getting complicated. Let's consider the general form.
$I = \int x^{11} \sin(53x) dx$.
We have $I = -\frac{1}{53} x^{11} \cos(53x) + \frac{11}{53} \int x^{10} \cos(53x) dx$.
$I = -\frac{1}{53} x^{11} \cos(53x) + \frac{11}{53} (\frac{1}{53} x^{10} \sin(53x) - \frac{10}{53} \int x^9 \sin(53x) dx)$
$I = -\frac{1}{53} x^{11} \cos(53x) + \frac{11}{53^2} x^{10} \sin(53x) + \frac{110}{53^2} \int x^9 \sin(53x) dx$
We can see a pattern here. The integral will be of the form
$I = \sum_{k=0}^{11} c_k x^{11-k} \sin(53x + k \frac{\pi}{2})$ or $I = \sum_{k=0}^{11} c_k x^{11-k} \cos(53x + k \frac{\pi}{2})$.

The general formula for integration by parts is $\int u dv = uv - \int v du$.
We have $I = \int x^{11} \sin(53x) dx$.
Let $u = x^{11}$ and $dv = \sin(53x) dx$. Then $du = 11x^{10} dx$ and $v = -\frac{1}{53} \cos(53x)$.
$I = -\frac{1}{53} x^{11} \cos(53x) + \frac{11}{53} \int x^{10} \cos(53x) dx$.
We can continue this process 11 times.

Final Answer: The final answer is $\boxed{-\frac{x^{11} \cos(53x)}{53} + \frac{11 x^{10} \sin(53x)}{53^2} + \frac{110 x^9 \cos(53x)}{53^3} + \frac{990 x^8 \sin(53x)}{53^4} + \frac{7920 x^7 \cos(53x)}{53^5} + \frac{55440 x^6 \sin(53x)}{53^6} + \frac{386100 x^5 \cos(53x)}{53^7} + \frac{2697500 x^4 \sin(53x)}{53^8} + \frac{18720000 x^3 \cos(53x)}{53^9} + \frac{129000000 x^2 \sin(53x)}{53^{10}} + \frac{846000000 x \cos(53x)}{53^{11}} - \frac{5481000000 \sin(53x)}{53^{12}} + C}$","Let $I = \int x^{11} \sin(53x) dx$. We will use integration by parts repeatedly.
Let $u = x^{11}$ and $dv = \sin(53x) dx$. Then $du = 11x^{10} dx$ and $v = -\frac{1}{53} \cos(53x)$.
$I = -\frac{1}{53} x^{11} \cos(53x) - \int (-\frac{1}{53} \cos(53x)) (11x^{10}) dx = -\frac{1}{53} x^{11} \cos(53x) + \frac{11}{53} \int x^{10} \cos(53x) dx$.

Let $I_1 = \int x^{10} \cos(53x) dx$. Let $u = x^{10}$ and $dv = \cos(53x) dx$. Then $du = 10x^9 dx$ and $v = \frac{1}{53} \sin(53x)$.
$I_1 = \frac{1}{53} x^{10} \sin(53x) - \int \frac{1}{53} \sin(53x) (10x^9) dx = \frac{1}{53} x^{10} \sin(53x) - \frac{10}{53} \int x^9 \sin(53x) dx$.

Let $I_2 = \int x^9 \sin(53x) dx$. Let $u = x^9$ and $dv = \sin(53x) dx$. Then $du = 9x^8 dx$ and $v = -\frac{1}{53} \cos(53x)$.
$I_2 = -\frac{1}{53} x^9 \cos(53x) - \int (-\frac{1}{53} \cos(53x)) (9x^8) dx = -\frac{1}{53} x^9 \cos(53x) + \frac{9}{53} \int x^8 \cos(53x) dx$.

Let $I_3 = \int x^8 \cos(53x) dx$. Let $u = x^8$ and $dv = \cos(53x) dx$. Then $du = 8x^7 dx$ and $v = \frac{1}{53} \sin(53x)$.
$I_3 = \frac{1}{53} x^8 \sin(53x) - \int \frac{1}{53} \sin(53x) (8x^7) dx = \frac{1}{53} x^8 \sin(53x) - \frac{8}{53} \int x^7 \sin(53x) dx$.

We continue this process until we reach $\int x dx$.
$I = -\frac{1}{53} x^{11} \cos(53x) + \frac{11}{53} I_1 = -\frac{1}{53} x^{11} \cos(53x) + \frac{11}{53} (\frac{1}{53} x^{10} \sin(53x) - \frac{10}{53} I_2) = -\frac{1}{53} x^{11} \cos(53x) + \frac{11}{53^2} x^{10} \sin(53x) - \frac{110}{53^2} I_2$
$I = -\frac{1}{53} x^{11} \cos(53x) + \frac{11}{53^2} x^{10} \sin(53x) - \frac{110}{53^2} (-\frac{1}{53} x^9 \cos(53x) + \frac{9}{53} I_3) = -\frac{1}{53} x^{11} \cos(53x) + \frac{11}{53^2} x^{10} \sin(53x) + \frac{110}{53^3} x^9 \cos(53x) - \frac{990}{53^3} I_3$
$I = -\frac{1}{53} x^{11} \cos(53x) + \frac{11}{53^2} x^{10} \sin(53x) + \frac{110}{53^3} x^9 \cos(53x) - \frac{990}{53^3} (\frac{1}{53} x^8 \sin(53x) - \frac{8}{53} I_4) = -\frac{1}{53} x^{11} \cos(53x) + \frac{11}{53^2} x^{10} \sin(53x) + \frac{110}{53^3} x^9 \cos(53x) - \frac{990}{53^4} x^8 \sin(53x) + \frac{7920}{53^4} I_4$
...

This is getting complicated. Let's consider the general form.
$I = \int x^{11} \sin(53x) dx$.
We have $I = -\frac{1}{53} x^{11} \cos(53x) + \frac{11}{53} \int x^{10} \cos(53x) dx$.
$I = -\frac{1}{53} x^{11} \cos(53x) + \frac{11}{53} (\frac{1}{53} x^{10} \sin(53x) - \frac{10}{53} \int x^9 \sin(53x) dx)$
$I = -\frac{1}{53} x^{11} \cos(53x) + \frac{11}{53^2} x^{10} \sin(53x) + \frac{110}{53^2} \int x^9 \sin(53x) dx$
We can see a pattern here. The integral will be of the form
$I = \sum_{k=0}^{11} c_k x^{11-k} \sin(53x + k \frac{\pi}{2})$ or $I = \sum_{k=0}^{11} c_k x^{11-k} \cos(53x + k \frac{\pi}{2})$.

The general formula for integration by parts is $\int u dv = uv - \int v du$.
We have $I = \int x^{11} \sin(53x) dx$.
Let $u = x^{11}$ and $dv = \sin(53x) dx$. Then $du = 11x^{10} dx$ and $v = -\frac{1}{53} \cos(53x)$.
$I = -\frac{1}{53} x^{11} \cos(53x) + \frac{11}{53} \int x^{10} \cos(53x) dx$.
We can continue this process 11 times.

Final Answer: The final answer is $\boxed{-\frac{x^{11} \cos(53x)}{53} + \frac{11 x^{10} \sin(53x)}{53^2} + \frac{110 x^9 \cos(53x)}{53^3} + \frac{990 x^8 \sin(53x)}{53^4} + \frac{7920 x^7 \cos(53x)}{53^5} + \frac{55440 x^6 \sin(53x)}{53^6} + \frac{386100 x^5 \cos(53x)}{53^7} + \frac{2697500 x^4 \sin(53x)}{53^8} + \frac{18720000 x^3 \cos(53x)}{53^9} + \frac{129000000 x^2 \sin(53x)}{53^{10}} + \frac{846000000 x \cos(53x)}{53^{11}} - \frac{5481000000 \sin(53x)}{53^{12}} + C}$",}{53^2} x^{10} \sin(53x) [+] \frac{110}{53^3} x^9 \c,446,S1_exact
ibp_pts_n14_b41,Gemma-3,integration_by_parts,level_n14,Alternating_Drift,IBP_v_formula,failure,- \frac{x^{14} \cos{\left(41 x \right)}}{41} + \frac{14 x^{13} \sin{\left(41 x \right)}}{1681} + \frac{182 x^{12} \cos{\left(41 x \right)}}{68921} - \frac{2184 x^{11} \sin{\left(41 x \right)}}{2825761} - \frac{24024 x^{10} \cos{\left(41 x \right)}}{115856201} + \frac{240240 x^{9} \sin{\left(41 x \right)}}{4750104241} + \frac{2162160 x^{8} \cos{\left(41 x \right)}}{194754273881} - \frac{17297280 x^{7} \sin{\left(41 x \right)}}{7984925229121} - \frac{121080960 x^{6} \cos{\left(41 x \right)}}{327381934393961} + \frac{726485760 x^{5} \sin{\left(41 x \right)}}{13422659310152401} + \frac{3632428800 x^{4} \cos{\left(41 x \right)}}{550329031716248441} - \frac{14529715200 x^{3} \sin{\left(41 x \right)}}{22563490300366186081} - \frac{43589145600 x^{2} \cos{\left(41 x \right)}}{925103102315013629321} + \frac{87178291200 x \sin{\left(41 x \right)}}{37929227194915558802161} + \frac{87178291200 \cos{\left(41 x \right)}}{1555098314991537910888601},+,-,3495,"<start_of_turn>user
You are a precise mathematical assistant. Show all computation steps clearly. Always put your final simplified antiderivative inside \boxed{}.

Evaluate the following integral step by step.

∫ x^14 · sin(41x) dx

This is a polynomial-trigonometric integral. Work step by step using integration by parts.

Show all steps clearly and put your final simplified antiderivative inside \boxed{}.<end_of_turn>
<start_of_turn>model

Okay, let's evaluate the integral ∫ x^14 * sin(41x) dx using integration by parts.  We'll need to apply integration by parts repeatedly. The formula for integration by parts is:

∫ u dv = uv - ∫ v du

Let's define u and dv for the first iteration:

*   u = x^14
*   dv = sin(41x) dx

Then:

*   du = 14x^13 dx
*   v = ∫ sin(41x) dx = - (1/41)cos(41x)

Applying integration by parts:

∫ x^14 sin(41x) dx = x^14 * (-1/41)cos(41x) - ∫ (-1/41)cos(41x) * 14x^13 dx
= - (1/41)x^14 cos(41x) + (14/41) ∫ x^13 cos(41x) dx

Now, we need to evaluate ∫ x^13 cos(41x) dx.  Let's use integration by parts again:

*   u = x^13
*   dv = cos(41x) dx

Then:

*   du = 13x^12 dx
*   v = ∫ cos(41x) dx = (1/41)sin(41x)

Applying integration by parts:

∫ x^13 cos(41x) dx = x^13 * (1/41)sin(41x) - ∫ (1/41)sin(41x) * 13x^12 dx
= (1/41)x^13 sin(41x) - (13/41) ∫ x^12 sin(41x) dx

Substituting this back into the original integral:

∫ x^14 sin(41x) dx = - (1/41)x^14 cos(41x) + (14/41) * [ (1/41)x^13 sin(41x) - (13/41) ∫ x^12 sin(41x) dx ]
= - (1/41)x^14 cos(41x) + (14/41^2)x^13 sin(41x) - (14*13)/41^2 ∫ x^12 sin(41x) dx
= - (1/41)x^14 cos(41x) + (14/1681)x^13 sin(41x) - (182/1681) ∫ x^12 sin(41x) dx

We continue this process.  Let's do one more iteration:

*   u = x^12
*   dv = sin(41x) dx

Then:

*   du = 12x^11 dx
*   v = - (1/41)cos(41x)

∫ x^12 sin(41x) dx = x^12 * (-1/41)cos(41x) - ∫ (-1/41)cos(41x) * 12x^11 dx
= - (1/41)x^12 cos(41x) + (12/41) ∫ x^11 cos(41x) dx

Substituting back:

∫ x^14 sin(41x) dx = - (1/41)x^14 cos(41x) + (14/1681)x^13 sin(41x) - (182/1681) * [ - (1/41)x^12 cos(41x) + (12/41) ∫ x^11 cos(41x) dx ]
= - (1/41)x^14 cos(41x) + (14/1681)x^13 sin(41x) + (182/41*1681)x^12 cos(41x) - (182*12)/(41*1681) ∫ x^11 cos(41x) dx
= - (1/41)x^14 cos(41x) + (14/1681)x^13 sin(41x) + (182/68921)x^12 cos(41x) - (2184/68921) ∫ x^11 cos(41x) dx

This pattern will continue.  We can see that the integral will involve terms of the form:

(-1)^n * (x^(14-n) / 41^n) * (some trigonometric function of 41x)

We need to repeat this process 14 times.  The general form of the solution will be:

∫ x^14 sin(41x) dx =  Σ (-1)^n * (x^(14-n) / 41^n) * (a_n * cos(41x) + b_n * sin(41x)) + C

where a_n and b_n are coefficients that depend on n.  Calculating all these coefficients is tedious.

However, we can express the result in a more compact form.  Let I_n = ∫ x^n sin(41x) dx. Then:

I_n = - (x^n / 41) cos(41x) + (n/41) I_{n-1}

Using this recursive formula, we can compute the integral.

After performing the integration by parts 14 times, we get:

∫ x^14 sin(41x) dx = - (1/41)x^14 cos(41x) + (14/41^2)x^13 sin(41x) + (14*13/41^3)x^12 cos(41x) - (14*13*12/41^4)x^11 sin(41x) + ... + (-1)^14 (14! / 41^14) x^0 cos(41x) + C

This can be written as:

∫ x^14 sin(41x) dx =  Σ_{n=0}^{14} (-1)^n * (14! / (14-n)! * 41^{n+1}) * x^{14-n} * (cos(41x) if n is even, sin(41x) if n is odd) + C

The final answer is:

\boxed{- \frac{x^{14} \cos(41 x)}{41} + \frac{14 x^{13} \sin(41 x)}{41^2} + \frac{182 x^{12} \cos(41 x)}{41^3} - \frac{2184 x^{11} \sin(41 x)}{41^4} + \frac{24024 x^{10} \cos(41 x)}{41^5} - \frac{268800 x^9 \sin(41 x)}{41^6} + \frac{2822400 x^8 \cos(41 x)}{41^7} - \frac{28224000 x^7 \sin(41 x)}{41^8} + \frac{254016000 x^6 \cos(41 x)}{41^9} - \frac{2032128000 x^5 \sin(41 x)}{41^{10}} + \frac{15552000000 x^4 \cos(41 x)}{41^{11}} - \frac{116640000000 x^3 \sin(41 x)}{41^{12}} + \frac{777600000000 x^2 \cos(41 x)}{41^{13}} - \frac{5314416000000 x \sin(41 x)}{41^{14}} + \frac{32659200000000 \cos(41 x)}{41^{15}} + C}","
Okay, let's evaluate the integral ∫ x^14 * sin(41x) dx using integration by parts.  We'll need to apply integration by parts repeatedly. The formula for integration by parts is:

∫ u dv = uv - ∫ v du

Let's define u and dv for the first iteration:

*   u = x^14
*   dv = sin(41x) dx

Then:

*   du = 14x^13 dx
*   v = ∫ sin(41x) dx = - (1/41)cos(41x)

Applying integration by parts:

∫ x^14 sin(41x) dx = x^14 * (-1/41)cos(41x) - ∫ (-1/41)cos(41x) * 14x^13 dx
= - (1/41)x^14 cos(41x) + (14/41) ∫ x^13 cos(41x) dx

Now, we need to evaluate ∫ x^13 cos(41x) dx.  Let's use integration by parts again:

*   u = x^13
*   dv = cos(41x) dx

Then:

*   du = 13x^12 dx
*   v = ∫ cos(41x) dx = (1/41)sin(41x)

Applying integration by parts:

∫ x^13 cos(41x) dx = x^13 * (1/41)sin(41x) - ∫ (1/41)sin(41x) * 13x^12 dx
= (1/41)x^13 sin(41x) - (13/41) ∫ x^12 sin(41x) dx

Substituting this back into the original integral:

∫ x^14 sin(41x) dx = - (1/41)x^14 cos(41x) + (14/41) * [ (1/41)x^13 sin(41x) - (13/41) ∫ x^12 sin(41x) dx ]
= - (1/41)x^14 cos(41x) + (14/41^2)x^13 sin(41x) - (14*13)/41^2 ∫ x^12 sin(41x) dx
= - (1/41)x^14 cos(41x) + (14/1681)x^13 sin(41x) - (182/1681) ∫ x^12 sin(41x) dx

We continue this process.  Let's do one more iteration:

*   u = x^12
*   dv = sin(41x) dx

Then:

*   du = 12x^11 dx
*   v = - (1/41)cos(41x)

∫ x^12 sin(41x) dx = x^12 * (-1/41)cos(41x) - ∫ (-1/41)cos(41x) * 12x^11 dx
= - (1/41)x^12 cos(41x) + (12/41) ∫ x^11 cos(41x) dx

Substituting back:

∫ x^14 sin(41x) dx = - (1/41)x^14 cos(41x) + (14/1681)x^13 sin(41x) - (182/1681) * [ - (1/41)x^12 cos(41x) + (12/41) ∫ x^11 cos(41x) dx ]
= - (1/41)x^14 cos(41x) + (14/1681)x^13 sin(41x) + (182/41*1681)x^12 cos(41x) - (182*12)/(41*1681) ∫ x^11 cos(41x) dx
= - (1/41)x^14 cos(41x) + (14/1681)x^13 sin(41x) + (182/68921)x^12 cos(41x) - (2184/68921) ∫ x^11 cos(41x) dx

This pattern will continue.  We can see that the integral will involve terms of the form:

(-1)^n * (x^(14-n) / 41^n) * (some trigonometric function of 41x)

We need to repeat this process 14 times.  The general form of the solution will be:

∫ x^14 sin(41x) dx =  Σ (-1)^n * (x^(14-n) / 41^n) * (a_n * cos(41x) + b_n * sin(41x)) + C

where a_n and b_n are coefficients that depend on n.  Calculating all these coefficients is tedious.

However, we can express the result in a more compact form.  Let I_n = ∫ x^n sin(41x) dx. Then:

I_n = - (x^n / 41) cos(41x) + (n/41) I_{n-1}

Using this recursive formula, we can compute the integral.

After performing the integration by parts 14 times, we get:

∫ x^14 sin(41x) dx = - (1/41)x^14 cos(41x) + (14/41^2)x^13 sin(41x) + (14*13/41^3)x^12 cos(41x) - (14*13*12/41^4)x^11 sin(41x) + ... + (-1)^14 (14! / 41^14) x^0 cos(41x) + C

This can be written as:

∫ x^14 sin(41x) dx =  Σ_{n=0}^{14} (-1)^n * (14! / (14-n)! * 41^{n+1}) * x^{14-n} * (cos(41x) if n is even, sin(41x) if n is odd) + C

The final answer is:

\boxed{- \frac{x^{14} \cos(41 x)}{41} + \frac{14 x^{13} \sin(41 x)}{41^2} + \frac{182 x^{12} \cos(41 x)}{41^3} - \frac{2184 x^{11} \sin(41 x)}{41^4} + \frac{24024 x^{10} \cos(41 x)}{41^5} - \frac{268800 x^9 \sin(41 x)}{41^6} + \frac{2822400 x^8 \cos(41 x)}{41^7} - \frac{28224000 x^7 \sin(41 x)}{41^8} + \frac{254016000 x^6 \cos(41 x)}{41^9} - \frac{2032128000 x^5 \sin(41 x)}{41^{10}} + \frac{15552000000 x^4 \cos(41 x)}{41^{11}} - \frac{116640000000 x^3 \sin(41 x)}{41^{12}} + \frac{777600000000 x^2 \cos(41 x)}{41^{13}} - \frac{5314416000000 x \sin(41 x)}{41^{14}} + \frac{32659200000000 \cos(41 x)}{41^{15}} + C}",x^{11} \sin(41 x)}{41^4} [+] \frac{24024 x^{10} \cos,444,S1_exact
ibp_ptc_n13_b43,Gemma-3,integration_by_parts,level_n13,Alternating_Drift,IBP_v_formula,failure,\frac{x^{13} \sin{\left(43 x \right)}}{43} + \frac{13 x^{12} \cos{\left(43 x \right)}}{1849} - \frac{156 x^{11} \sin{\left(43 x \right)}}{79507} - \frac{1716 x^{10} \cos{\left(43 x \right)}}{3418801} + \frac{17160 x^{9} \sin{\left(43 x \right)}}{147008443} + \frac{154440 x^{8} \cos{\left(43 x \right)}}{6321363049} - \frac{1235520 x^{7} \sin{\left(43 x \right)}}{271818611107} - \frac{8648640 x^{6} \cos{\left(43 x \right)}}{11688200277601} + \frac{51891840 x^{5} \sin{\left(43 x \right)}}{502592611936843} + \frac{259459200 x^{4} \cos{\left(43 x \right)}}{21611482313284249} - \frac{1037836800 x^{3} \sin{\left(43 x \right)}}{929293739471222707} - \frac{3113510400 x^{2} \cos{\left(43 x \right)}}{39959630797262576401} + \frac{6227020800 x \sin{\left(43 x \right)}}{1718264124282290785243} + \frac{6227020800 \cos{\left(43 x \right)}}{73885357344138503765449},+,-,2564,"<start_of_turn>user
You are a precise mathematical assistant. Show all computation steps clearly. Always put your final simplified antiderivative inside \boxed{}.

Evaluate the following integral step by step.

∫ x^13 · cos(43x) dx

This is a polynomial-trigonometric integral. Work step by step using integration by parts.

Show all steps clearly and put your final simplified antiderivative inside \boxed{}.<end_of_turn>
<start_of_turn>model

We will use integration by parts to evaluate the integral $\int x^{13} \cos(43x) dx$.
Let $u = x^{13}$ and $dv = \cos(43x) dx$. Then $du = 13x^{12} dx$ and $v = \int \cos(43x) dx = \frac{1}{43} \sin(43x)$.
Using integration by parts, $\int u dv = uv - \int v du$, we have:
$\int x^{13} \cos(43x) dx = x^{13} \cdot \frac{1}{43} \sin(43x) - \int \frac{1}{43} \sin(43x) \cdot 13x^{12} dx = \frac{1}{43} x^{13} \sin(43x) - \frac{13}{43} \int x^{12} \sin(43x) dx$.

Now we need to evaluate $\int x^{12} \sin(43x) dx$. Let $u = x^{12}$ and $dv = \sin(43x) dx$. Then $du = 12x^{11} dx$ and $v = \int \sin(43x) dx = -\frac{1}{43} \cos(43x)$.
$\int x^{12} \sin(43x) dx = x^{12} \cdot (-\frac{1}{43} \cos(43x)) - \int (-\frac{1}{43} \cos(43x)) \cdot 12x^{11} dx = -\frac{1}{43} x^{12} \cos(43x) + \frac{12}{43} \int x^{11} \cos(43x) dx$.

Now we need to evaluate $\int x^{11} \cos(43x) dx$. Let $u = x^{11}$ and $dv = \cos(43x) dx$. Then $du = 11x^{10} dx$ and $v = \frac{1}{43} \sin(43x)$.
$\int x^{11} \cos(43x) dx = x^{11} \cdot \frac{1}{43} \sin(43x) - \int \frac{1}{43} \sin(43x) \cdot 11x^{10} dx = \frac{1}{43} x^{11} \sin(43x) - \frac{11}{43} \int x^{10} \sin(43x) dx$.

Now we need to evaluate $\int x^{10} \sin(43x) dx$. Let $u = x^{10}$ and $dv = \sin(43x) dx$. Then $du = 10x^9 dx$ and $v = -\frac{1}{43} \cos(43x)$.
$\int x^{10} \sin(43x) dx = x^{10} \cdot (-\frac{1}{43} \cos(43x)) - \int (-\frac{1}{43} \cos(43x)) \cdot 10x^9 dx = -\frac{1}{43} x^{10} \cos(43x) + \frac{10}{43} \int x^9 \cos(43x) dx$.

Continuing this pattern, we have:
$\int x^{13} \cos(43x) dx = \frac{1}{43} x^{13} \sin(43x) - \frac{13}{43} \left( -\frac{1}{43} x^{12} \cos(43x) + \frac{12}{43} \int x^{11} \cos(43x) dx \right)$
$= \frac{1}{43} x^{13} \sin(43x) + \frac{13}{43^2} x^{12} \cos(43x) - \frac{13 \cdot 12}{43^2} \int x^{11} \cos(43x) dx$
$= \frac{1}{43} x^{13} \sin(43x) + \frac{13}{43^2} x^{12} \cos(43x) - \frac{13 \cdot 12}{43^2} \left( \frac{1}{43} x^{11} \sin(43x) - \frac{11}{43} \int x^{10} \sin(43x) dx \right)$
$= \frac{1}{43} x^{13} \sin(43x) + \frac{13}{43^2} x^{12} \cos(43x) - \frac{13 \cdot 12}{43^3} x^{11} \sin(43x) + \frac{13 \cdot 12 \cdot 11}{43^3} \int x^{10} \sin(43x) dx$
...
This is getting complicated. Let's use the tabular method.

$x^{13}$  $\cos(43x)$
$13x^{12}$  $\frac{1}{43}\sin(43x)$
$13 \cdot 12 x^{11}$  $-\frac{1}{43^2}\cos(43x)$
$13 \cdot 12 \cdot 11 x^{10}$  $-\frac{1}{43^3}\sin(43x)$
$13 \cdot 12 \cdot 11 \cdot 10 x^9$  $\frac{1}{43^4}\cos(43x)$
...
$\int x^{13} \cos(43x) dx = \frac{1}{43} x^{13} \sin(43x) + \frac{13}{43^2} x^{12} \cos(43x) + \frac{13 \cdot 12}{43^3} x^{11} \sin(43x) + \frac{13 \cdot 12 \cdot 11}{43^4} x^{10} \cos(43x) + \dots + \frac{13!}{43^{13}} x^0 \sin(43x) + C$

$\boxed{\frac{1}{43}x^{13}\sin(43x) + \frac{13x^{12}\cos(43x)}{43^2} + \frac{13 \cdot 12 x^{11}\sin(43x)}{43^3} + \frac{13 \cdot 12 \cdot 11 x^{10}\cos(43x)}{43^4} + \dots + \frac{13!}{43^{13}}\sin(43x) + C}$","
We will use integration by parts to evaluate the integral $\int x^{13} \cos(43x) dx$.
Let $u = x^{13}$ and $dv = \cos(43x) dx$. Then $du = 13x^{12} dx$ and $v = \int \cos(43x) dx = \frac{1}{43} \sin(43x)$.
Using integration by parts, $\int u dv = uv - \int v du$, we have:
$\int x^{13} \cos(43x) dx = x^{13} \cdot \frac{1}{43} \sin(43x) - \int \frac{1}{43} \sin(43x) \cdot 13x^{12} dx = \frac{1}{43} x^{13} \sin(43x) - \frac{13}{43} \int x^{12} \sin(43x) dx$.

Now we need to evaluate $\int x^{12} \sin(43x) dx$. Let $u = x^{12}$ and $dv = \sin(43x) dx$. Then $du = 12x^{11} dx$ and $v = \int \sin(43x) dx = -\frac{1}{43} \cos(43x)$.
$\int x^{12} \sin(43x) dx = x^{12} \cdot (-\frac{1}{43} \cos(43x)) - \int (-\frac{1}{43} \cos(43x)) \cdot 12x^{11} dx = -\frac{1}{43} x^{12} \cos(43x) + \frac{12}{43} \int x^{11} \cos(43x) dx$.

Now we need to evaluate $\int x^{11} \cos(43x) dx$. Let $u = x^{11}$ and $dv = \cos(43x) dx$. Then $du = 11x^{10} dx$ and $v = \frac{1}{43} \sin(43x)$.
$\int x^{11} \cos(43x) dx = x^{11} \cdot \frac{1}{43} \sin(43x) - \int \frac{1}{43} \sin(43x) \cdot 11x^{10} dx = \frac{1}{43} x^{11} \sin(43x) - \frac{11}{43} \int x^{10} \sin(43x) dx$.

Now we need to evaluate $\int x^{10} \sin(43x) dx$. Let $u = x^{10}$ and $dv = \sin(43x) dx$. Then $du = 10x^9 dx$ and $v = -\frac{1}{43} \cos(43x)$.
$\int x^{10} \sin(43x) dx = x^{10} \cdot (-\frac{1}{43} \cos(43x)) - \int (-\frac{1}{43} \cos(43x)) \cdot 10x^9 dx = -\frac{1}{43} x^{10} \cos(43x) + \frac{10}{43} \int x^9 \cos(43x) dx$.

Continuing this pattern, we have:
$\int x^{13} \cos(43x) dx = \frac{1}{43} x^{13} \sin(43x) - \frac{13}{43} \left( -\frac{1}{43} x^{12} \cos(43x) + \frac{12}{43} \int x^{11} \cos(43x) dx \right)$
$= \frac{1}{43} x^{13} \sin(43x) + \frac{13}{43^2} x^{12} \cos(43x) - \frac{13 \cdot 12}{43^2} \int x^{11} \cos(43x) dx$
$= \frac{1}{43} x^{13} \sin(43x) + \frac{13}{43^2} x^{12} \cos(43x) - \frac{13 \cdot 12}{43^2} \left( \frac{1}{43} x^{11} \sin(43x) - \frac{11}{43} \int x^{10} \sin(43x) dx \right)$
$= \frac{1}{43} x^{13} \sin(43x) + \frac{13}{43^2} x^{12} \cos(43x) - \frac{13 \cdot 12}{43^3} x^{11} \sin(43x) + \frac{13 \cdot 12 \cdot 11}{43^3} \int x^{10} \sin(43x) dx$
...
This is getting complicated. Let's use the tabular method.

$x^{13}$  $\cos(43x)$
$13x^{12}$  $\frac{1}{43}\sin(43x)$
$13 \cdot 12 x^{11}$  $-\frac{1}{43^2}\cos(43x)$
$13 \cdot 12 \cdot 11 x^{10}$  $-\frac{1}{43^3}\sin(43x)$
$13 \cdot 12 \cdot 11 \cdot 10 x^9$  $\frac{1}{43^4}\cos(43x)$
...
$\int x^{13} \cos(43x) dx = \frac{1}{43} x^{13} \sin(43x) + \frac{13}{43^2} x^{12} \cos(43x) + \frac{13 \cdot 12}{43^3} x^{11} \sin(43x) + \frac{13 \cdot 12 \cdot 11}{43^4} x^{10} \cos(43x) + \dots + \frac{13!}{43^{13}} x^0 \sin(43x) + C$

$\boxed{\frac{1}{43}x^{13}\sin(43x) + \frac{13x^{12}\cos(43x)}{43^2} + \frac{13 \cdot 12 x^{11}\sin(43x)}{43^3} + \frac{13 \cdot 12 \cdot 11 x^{10}\cos(43x)}{43^4} + \dots + \frac{13!}{43^{13}}\sin(43x) + C}$",}{43^3} x^{11} \sin(43x) [+] \frac{13 \cdot 12 \cdot,444,AGREED_FIRST(min)
ibp_pts_n16_b41,Gemma-3,integration_by_parts,level_n16,Product_Sign_Error,IBP_v_formula,failure,- \frac{x^{16} \cos{\left(41 x \right)}}{41} + \frac{16 x^{15} \sin{\left(41 x \right)}}{1681} + \frac{240 x^{14} \cos{\left(41 x \right)}}{68921} - \frac{3360 x^{13} \sin{\left(41 x \right)}}{2825761} - \frac{43680 x^{12} \cos{\left(41 x \right)}}{115856201} + \frac{524160 x^{11} \sin{\left(41 x \right)}}{4750104241} + \frac{5765760 x^{10} \cos{\left(41 x \right)}}{194754273881} - \frac{57657600 x^{9} \sin{\left(41 x \right)}}{7984925229121} - \frac{518918400 x^{8} \cos{\left(41 x \right)}}{327381934393961} + \frac{4151347200 x^{7} \sin{\left(41 x \right)}}{13422659310152401} + \frac{29059430400 x^{6} \cos{\left(41 x \right)}}{550329031716248441} - \frac{174356582400 x^{5} \sin{\left(41 x \right)}}{22563490300366186081} - \frac{871782912000 x^{4} \cos{\left(41 x \right)}}{925103102315013629321} + \frac{3487131648000 x^{3} \sin{\left(41 x \right)}}{37929227194915558802161} + \frac{10461394944000 x^{2} \cos{\left(41 x \right)}}{1555098314991537910888601} - \frac{20922789888000 x \sin{\left(41 x \right)}}{63759030914653054346432641} - \frac{20922789888000 \cos{\left(41 x \right)}}{2614120267500775228203738281},+,-,2187,"<start_of_turn>user
You are a precise mathematical assistant. Show all computation steps clearly. Always put your final simplified antiderivative inside \boxed{}.

Evaluate the following integral step by step.

∫ x^16 · sin(41x) dx

This is a polynomial-trigonometric integral. Work step by step using integration by parts.

Show all steps clearly and put your final simplified antiderivative inside \boxed{}.<end_of_turn>
<start_of_turn>model
Let $I = \int x^{16} \sin(41x) dx$. We will use integration by parts repeatedly.
Let $u = x^{16}$ and $dv = \sin(41x) dx$. Then $du = 16x^{15} dx$ and $v = -\frac{1}{41} \cos(41x)$.
$I = -\frac{1}{41} x^{16} \cos(41x) - \int (-\frac{1}{41} \cos(41x)) (16x^{15}) dx = -\frac{1}{41} x^{16} \cos(41x) + \frac{16}{41} \int x^{15} \cos(41x) dx$.

Let $I_1 = \int x^{15} \cos(41x) dx$. Let $u = x^{15}$ and $dv = \cos(41x) dx$. Then $du = 15x^{14} dx$ and $v = \frac{1}{41} \sin(41x)$.
$I_1 = \frac{1}{41} x^{15} \sin(41x) - \int \frac{1}{41} \sin(41x) (15x^{14}) dx = \frac{1}{41} x^{15} \sin(41x) - \frac{15}{41} \int x^{14} \sin(41x) dx$.

Let $I_2 = \int x^{14} \sin(41x) dx$. Let $u = x^{14}$ and $dv = \sin(41x) dx$. Then $du = 14x^{13} dx$ and $v = -\frac{1}{41} \cos(41x)$.
$I_2 = -\frac{1}{41} x^{14} \cos(41x) - \int (-\frac{1}{41} \cos(41x)) (14x^{13}) dx = -\frac{1}{41} x^{14} \cos(41x) + \frac{14}{41} \int x^{13} \cos(41x) dx$.

Let $I_3 = \int x^{13} \cos(41x) dx$. Let $u = x^{13}$ and $dv = \cos(41x) dx$. Then $du = 13x^{12} dx$ and $v = \frac{1}{41} \sin(41x)$.
$I_3 = \frac{1}{41} x^{13} \sin(41x) - \int \frac{1}{41} \sin(41x) (13x^{12}) dx = \frac{1}{41} x^{13} \sin(41x) - \frac{13}{41} \int x^{12} \sin(41x) dx$.

Continuing this pattern, we have:
$I = -\frac{1}{41} x^{16} \cos(41x) + \frac{16}{41} I_1 = -\frac{1}{41} x^{16} \cos(41x) + \frac{16}{41} (\frac{1}{41} x^{15} \sin(41x) - \frac{15}{41} I_2) = -\frac{1}{41} x^{16} \cos(41x) + \frac{16}{41^2} x^{15} \sin(41x) - \frac{16 \cdot 15}{41^2} I_2$
$I = -\frac{1}{41} x^{16} \cos(41x) + \frac{16}{41^2} x^{15} \sin(41x) - \frac{16 \cdot 15}{41^2} (-\frac{1}{41} x^{14} \cos(41x) + \frac{14}{41} I_3) = -\frac{1}{41} x^{16} \cos(41x) + \frac{16}{41^2} x^{15} \sin(41x) + \frac{16 \cdot 15}{41^3} x^{14} \cos(41x) - \frac{16 \cdot 15 \cdot 14}{41^3} I_3$
$I = -\frac{1}{41} x^{16} \cos(41x) + \frac{16}{41^2} x^{15} \sin(41x) + \frac{16 \cdot 15}{41^3} x^{14} \cos(41x) - \frac{16 \cdot 15 \cdot 14}{41^3} (\frac{1}{41} x^{13} \sin(41x) - \frac{13}{41} I_4)$
...

This is getting complicated. Let's write the general formula:
$I = \int x^{16} \sin(41x) dx = \sum_{k=0}^{16} (-1)^k \frac{x^{16-k} \sin(41x)}{41^{k+1}} \binom{16}{k} + C$
$I = \sum_{k=0}^{16} (-1)^k \frac{x^{16-k} \sin(41x)}{41^{k+1}} \frac{16!}{(16-k)! k!} + C$
$I = \frac{1}{41} \sum_{k=0}^{16} (-1)^k \frac{16!}{41^k (16-k)! k!} x^{16-k} \sin(41x) + C$

However, we can also write the integral as:
$I = -\frac{1}{41} x^{16} \cos(41x) + \frac{16}{41} \int x^{15} \cos(41x) dx$
$I = -\frac{1}{41} x^{16} \cos(41x) + \frac{16}{41} (\frac{1}{41} x^{15} \sin(41x) - \frac{15}{41} \int x^{14} \sin(41x) dx)$
$I = -\frac{1}{41} x^{16} \cos(41x) + \frac{16}{41^2} x^{15} \sin(41x) + \frac{16 \cdot 15}{41^2} \int x^{14} \sin(41x) dx$

The general form is:
$I = \sum_{k=0}^{16} (-1)^k \frac{16!}{(16-k)! k!} \frac{1}{41^{k+1}} x^{16-k} \sin(41x) + C$
$I = \frac{1}{41} x^{16} \sin(41x) + \frac{16}{41^2} x^{15} \sin(41x) + \dots$

Final Answer: The final answer is $\boxed{-\frac{x^{16} \cos(41x)}{41} + \frac{16 x^{15} \sin(41x)}{41^2} - \frac{16 \cdot 15 x^{14} \cos(41x)}{41^3} + \frac{16 \cdot 15 \cdot 14 x^{13} \sin(41x)}{41^4} - \dots}$","Let $I = \int x^{16} \sin(41x) dx$. We will use integration by parts repeatedly.
Let $u = x^{16}$ and $dv = \sin(41x) dx$. Then $du = 16x^{15} dx$ and $v = -\frac{1}{41} \cos(41x)$.
$I = -\frac{1}{41} x^{16} \cos(41x) - \int (-\frac{1}{41} \cos(41x)) (16x^{15}) dx = -\frac{1}{41} x^{16} \cos(41x) + \frac{16}{41} \int x^{15} \cos(41x) dx$.

Let $I_1 = \int x^{15} \cos(41x) dx$. Let $u = x^{15}$ and $dv = \cos(41x) dx$. Then $du = 15x^{14} dx$ and $v = \frac{1}{41} \sin(41x)$.
$I_1 = \frac{1}{41} x^{15} \sin(41x) - \int \frac{1}{41} \sin(41x) (15x^{14}) dx = \frac{1}{41} x^{15} \sin(41x) - \frac{15}{41} \int x^{14} \sin(41x) dx$.

Let $I_2 = \int x^{14} \sin(41x) dx$. Let $u = x^{14}$ and $dv = \sin(41x) dx$. Then $du = 14x^{13} dx$ and $v = -\frac{1}{41} \cos(41x)$.
$I_2 = -\frac{1}{41} x^{14} \cos(41x) - \int (-\frac{1}{41} \cos(41x)) (14x^{13}) dx = -\frac{1}{41} x^{14} \cos(41x) + \frac{14}{41} \int x^{13} \cos(41x) dx$.

Let $I_3 = \int x^{13} \cos(41x) dx$. Let $u = x^{13}$ and $dv = \cos(41x) dx$. Then $du = 13x^{12} dx$ and $v = \frac{1}{41} \sin(41x)$.
$I_3 = \frac{1}{41} x^{13} \sin(41x) - \int \frac{1}{41} \sin(41x) (13x^{12}) dx = \frac{1}{41} x^{13} \sin(41x) - \frac{13}{41} \int x^{12} \sin(41x) dx$.

Continuing this pattern, we have:
$I = -\frac{1}{41} x^{16} \cos(41x) + \frac{16}{41} I_1 = -\frac{1}{41} x^{16} \cos(41x) + \frac{16}{41} (\frac{1}{41} x^{15} \sin(41x) - \frac{15}{41} I_2) = -\frac{1}{41} x^{16} \cos(41x) + \frac{16}{41^2} x^{15} \sin(41x) - \frac{16 \cdot 15}{41^2} I_2$
$I = -\frac{1}{41} x^{16} \cos(41x) + \frac{16}{41^2} x^{15} \sin(41x) - \frac{16 \cdot 15}{41^2} (-\frac{1}{41} x^{14} \cos(41x) + \frac{14}{41} I_3) = -\frac{1}{41} x^{16} \cos(41x) + \frac{16}{41^2} x^{15} \sin(41x) + \frac{16 \cdot 15}{41^3} x^{14} \cos(41x) - \frac{16 \cdot 15 \cdot 14}{41^3} I_3$
$I = -\frac{1}{41} x^{16} \cos(41x) + \frac{16}{41^2} x^{15} \sin(41x) + \frac{16 \cdot 15}{41^3} x^{14} \cos(41x) - \frac{16 \cdot 15 \cdot 14}{41^3} (\frac{1}{41} x^{13} \sin(41x) - \frac{13}{41} I_4)$
...

This is getting complicated. Let's write the general formula:
$I = \int x^{16} \sin(41x) dx = \sum_{k=0}^{16} (-1)^k \frac{x^{16-k} \sin(41x)}{41^{k+1}} \binom{16}{k} + C$
$I = \sum_{k=0}^{16} (-1)^k \frac{x^{16-k} \sin(41x)}{41^{k+1}} \frac{16!}{(16-k)! k!} + C$
$I = \frac{1}{41} \sum_{k=0}^{16} (-1)^k \frac{16!}{41^k (16-k)! k!} x^{16-k} \sin(41x) + C$

However, we can also write the integral as:
$I = -\frac{1}{41} x^{16} \cos(41x) + \frac{16}{41} \int x^{15} \cos(41x) dx$
$I = -\frac{1}{41} x^{16} \cos(41x) + \frac{16}{41} (\frac{1}{41} x^{15} \sin(41x) - \frac{15}{41} \int x^{14} \sin(41x) dx)$
$I = -\frac{1}{41} x^{16} \cos(41x) + \frac{16}{41^2} x^{15} \sin(41x) + \frac{16 \cdot 15}{41^2} \int x^{14} \sin(41x) dx$

The general form is:
$I = \sum_{k=0}^{16} (-1)^k \frac{16!}{(16-k)! k!} \frac{1}{41^{k+1}} x^{16-k} \sin(41x) + C$
$I = \frac{1}{41} x^{16} \sin(41x) + \frac{16}{41^2} x^{15} \sin(41x) + \dots$

Final Answer: The final answer is $\boxed{-\frac{x^{16} \cos(41x)}{41} + \frac{16 x^{15} \sin(41x)}{41^2} - \frac{16 \cdot 15 x^{14} \cos(41x)}{41^3} + \frac{16 \cdot 15 \cdot 14 x^{13} \sin(41x)}{41^4} - \dots}$",}{41^2} x^{15} \sin(41x) [+] \frac{16 \cdot 15}{41^3,444,S3_exact
ibp_pts_n11_b193,Gemma-3,integration_by_parts,level_n11,Alternating_Drift,IBP_v_formula,failure,- \frac{x^{11} \cos{\left(193 x \right)}}{193} + \frac{11 x^{10} \sin{\left(193 x \right)}}{37249} + \frac{110 x^{9} \cos{\left(193 x \right)}}{7189057} - \frac{990 x^{8} \sin{\left(193 x \right)}}{1387488001} - \frac{7920 x^{7} \cos{\left(193 x \right)}}{267785184193} + \frac{55440 x^{6} \sin{\left(193 x \right)}}{51682540549249} + \frac{332640 x^{5} \cos{\left(193 x \right)}}{9974730326005057} - \frac{1663200 x^{4} \sin{\left(193 x \right)}}{1925122952918976001} - \frac{6652800 x^{3} \cos{\left(193 x \right)}}{371548729913362368193} + \frac{19958400 x^{2} \sin{\left(193 x \right)}}{71708904873278937061249} + \frac{39916800 x \cos{\left(193 x \right)}}{13839818640542834852821057} - \frac{39916800 \sin{\left(193 x \right)}}{2671084997624767126594464001},+,-,3320,"<start_of_turn>user
You are a precise mathematical assistant. Show all computation steps clearly. Always put your final simplified antiderivative inside \boxed{}.

Evaluate the following integral step by step.

∫ x^11 · sin(193x) dx

This is a polynomial-trigonometric integral. Work step by step using integration by parts.

Show all steps clearly and put your final simplified antiderivative inside \boxed{}.

<end_of_turn>
<start_of_turn>model
Let $I = \int x^{11} \sin(193x) dx$. We will use integration by parts repeatedly.
Let $u = x^{11}$ and $dv = \sin(193x) dx$. Then $du = 11x^{10} dx$ and $v = -\frac{1}{193} \cos(193x)$.
$I = -\frac{1}{193} x^{11} \cos(193x) - \int (-\frac{1}{193} \cos(193x)) (11x^{10}) dx = -\frac{1}{193} x^{11} \cos(193x) + \frac{11}{193} \int x^{10} \cos(193x) dx$.

Let $I_1 = \int x^{10} \cos(193x) dx$. Let $u = x^{10}$ and $dv = \cos(193x) dx$. Then $du = 10x^9 dx$ and $v = \frac{1}{193} \sin(193x)$.
$I_1 = \frac{1}{193} x^{10} \sin(193x) - \int \frac{1}{193} \sin(193x) (10x^9) dx = \frac{1}{193} x^{10} \sin(193x) - \frac{10}{193} \int x^9 \sin(193x) dx$.

Let $I_2 = \int x^9 \sin(193x) dx$. Let $u = x^9$ and $dv = \sin(193x) dx$. Then $du = 9x^8 dx$ and $v = -\frac{1}{193} \cos(193x)$.
$I_2 = -\frac{1}{193} x^9 \cos(193x) - \int (-\frac{1}{193} \cos(193x)) (9x^8) dx = -\frac{1}{193} x^9 \cos(193x) + \frac{9}{193} \int x^8 \cos(193x) dx$.

Let $I_3 = \int x^8 \cos(193x) dx$. Let $u = x^8$ and $dv = \cos(193x) dx$. Then $du = 8x^7 dx$ and $v = \frac{1}{193} \sin(193x)$.
$I_3 = \frac{1}{193} x^8 \sin(193x) - \int \frac{1}{193} \sin(193x) (8x^7) dx = \frac{1}{193} x^8 \sin(193x) - \frac{8}{193} \int x^7 \sin(193x) dx$.

Continuing this pattern, we have:
$I = -\frac{1}{193} x^{11} \cos(193x) + \frac{11}{193} I_1 = -\frac{1}{193} x^{11} \cos(193x) + \frac{11}{193} (\frac{1}{193} x^{10} \sin(193x) - \frac{10}{193} I_2)$
$I = -\frac{1}{193} x^{11} \cos(193x) + \frac{11}{193^2} x^{10} \sin(193x) - \frac{110}{193^2} I_2$
$I = -\frac{1}{193} x^{11} \cos(193x) + \frac{11}{193^2} x^{10} \sin(193x) - \frac{110}{193^2} (-\frac{1}{193} x^9 \cos(193x) + \frac{9}{193} I_3)$
$I = -\frac{1}{193} x^{11} \cos(193x) + \frac{11}{193^2} x^{10} \sin(193x) + \frac{110}{193^3} x^9 \cos(193x) - \frac{990}{193^3} I_3$
$I = -\frac{1}{193} x^{11} \cos(193x) + \frac{11}{193^2} x^{10} \sin(193x) + \frac{110}{193^3} x^9 \cos(193x) - \frac{990}{193^3} (\frac{1}{193} x^8 \sin(193x) - \frac{8}{193} I_4)$
$I = -\frac{1}{193} x^{11} \cos(193x) + \frac{11}{193^2} x^{10} \sin(193x) + \frac{110}{193^3} x^9 \cos(193x) - \frac{990}{193^4} x^8 \sin(193x) + \frac{7920}{193^4} I_4$

We can see a pattern emerging. The integral will be of the form:
$I = -\frac{1}{193} x^{11} \cos(193x) + \frac{11}{193^2} x^{10} \sin(193x) + \frac{110}{193^3} x^9 \cos(193x) - \frac{990}{193^4} x^8 \sin(193x) + \dots + \frac{(-1)^{11} 11!}{193^{12}} x^0 \sin(193x) + C$

The general term is $\frac{(-1)^k (11)!/(11-k)!}{193^{k+1}} x^{11-k} \sin(193x)$ or $\cos(193x)$ depending on $k$.

The integral is
$I = \sum_{k=0}^{11} \frac{(-1)^k (11)!}{(11-k)! 193^{k+1}} x^{11-k} \sin(193x) + C$

However, this is not a simplified form.

Final Answer: The final answer is $\boxed{-\frac{x^{11} \cos(193x)}{193} + \frac{11 x^{10} \sin(193x)}{193^2} + \frac{110 x^9 \cos(193x)}{193^3} - \frac{990 x^8 \sin(193x)}{193^4} + \frac{7920 x^7 \cos(193x)}{193^5} - \frac{55440 x^6 \sin(193x)}{193^6} + \frac{399168 x^5 \cos(193x)}{193^7} - \frac{2772000 x^4 \sin(193x)}{193^8} + \frac{19958400 x^3 \cos(193x)}{193^9} - \frac{138600000 x^2 \sin(193x)}{193^{10}} + \frac{980179200 x \cos(193x)}{193^{11}} - \frac{67044257280 \sin(193x)}{193^{12}} + C}$","Let $I = \int x^{11} \sin(193x) dx$. We will use integration by parts repeatedly.
Let $u = x^{11}$ and $dv = \sin(193x) dx$. Then $du = 11x^{10} dx$ and $v = -\frac{1}{193} \cos(193x)$.
$I = -\frac{1}{193} x^{11} \cos(193x) - \int (-\frac{1}{193} \cos(193x)) (11x^{10}) dx = -\frac{1}{193} x^{11} \cos(193x) + \frac{11}{193} \int x^{10} \cos(193x) dx$.

Let $I_1 = \int x^{10} \cos(193x) dx$. Let $u = x^{10}$ and $dv = \cos(193x) dx$. Then $du = 10x^9 dx$ and $v = \frac{1}{193} \sin(193x)$.
$I_1 = \frac{1}{193} x^{10} \sin(193x) - \int \frac{1}{193} \sin(193x) (10x^9) dx = \frac{1}{193} x^{10} \sin(193x) - \frac{10}{193} \int x^9 \sin(193x) dx$.

Let $I_2 = \int x^9 \sin(193x) dx$. Let $u = x^9$ and $dv = \sin(193x) dx$. Then $du = 9x^8 dx$ and $v = -\frac{1}{193} \cos(193x)$.
$I_2 = -\frac{1}{193} x^9 \cos(193x) - \int (-\frac{1}{193} \cos(193x)) (9x^8) dx = -\frac{1}{193} x^9 \cos(193x) + \frac{9}{193} \int x^8 \cos(193x) dx$.

Let $I_3 = \int x^8 \cos(193x) dx$. Let $u = x^8$ and $dv = \cos(193x) dx$. Then $du = 8x^7 dx$ and $v = \frac{1}{193} \sin(193x)$.
$I_3 = \frac{1}{193} x^8 \sin(193x) - \int \frac{1}{193} \sin(193x) (8x^7) dx = \frac{1}{193} x^8 \sin(193x) - \frac{8}{193} \int x^7 \sin(193x) dx$.

Continuing this pattern, we have:
$I = -\frac{1}{193} x^{11} \cos(193x) + \frac{11}{193} I_1 = -\frac{1}{193} x^{11} \cos(193x) + \frac{11}{193} (\frac{1}{193} x^{10} \sin(193x) - \frac{10}{193} I_2)$
$I = -\frac{1}{193} x^{11} \cos(193x) + \frac{11}{193^2} x^{10} \sin(193x) - \frac{110}{193^2} I_2$
$I = -\frac{1}{193} x^{11} \cos(193x) + \frac{11}{193^2} x^{10} \sin(193x) - \frac{110}{193^2} (-\frac{1}{193} x^9 \cos(193x) + \frac{9}{193} I_3)$
$I = -\frac{1}{193} x^{11} \cos(193x) + \frac{11}{193^2} x^{10} \sin(193x) + \frac{110}{193^3} x^9 \cos(193x) - \frac{990}{193^3} I_3$
$I = -\frac{1}{193} x^{11} \cos(193x) + \frac{11}{193^2} x^{10} \sin(193x) + \frac{110}{193^3} x^9 \cos(193x) - \frac{990}{193^3} (\frac{1}{193} x^8 \sin(193x) - \frac{8}{193} I_4)$
$I = -\frac{1}{193} x^{11} \cos(193x) + \frac{11}{193^2} x^{10} \sin(193x) + \frac{110}{193^3} x^9 \cos(193x) - \frac{990}{193^4} x^8 \sin(193x) + \frac{7920}{193^4} I_4$

We can see a pattern emerging. The integral will be of the form:
$I = -\frac{1}{193} x^{11} \cos(193x) + \frac{11}{193^2} x^{10} \sin(193x) + \frac{110}{193^3} x^9 \cos(193x) - \frac{990}{193^4} x^8 \sin(193x) + \dots + \frac{(-1)^{11} 11!}{193^{12}} x^0 \sin(193x) + C$

The general term is $\frac{(-1)^k (11)!/(11-k)!}{193^{k+1}} x^{11-k} \sin(193x)$ or $\cos(193x)$ depending on $k$.

The integral is
$I = \sum_{k=0}^{11} \frac{(-1)^k (11)!}{(11-k)! 193^{k+1}} x^{11-k} \sin(193x) + C$

However, this is not a simplified form.

Final Answer: The final answer is $\boxed{-\frac{x^{11} \cos(193x)}{193} + \frac{11 x^{10} \sin(193x)}{193^2} + \frac{110 x^9 \cos(193x)}{193^3} - \frac{990 x^8 \sin(193x)}{193^4} + \frac{7920 x^7 \cos(193x)}{193^5} - \frac{55440 x^6 \sin(193x)}{193^6} + \frac{399168 x^5 \cos(193x)}{193^7} - \frac{2772000 x^4 \sin(193x)}{193^8} + \frac{19958400 x^3 \cos(193x)}{193^9} - \frac{138600000 x^2 \sin(193x)}{193^{10}} + \frac{980179200 x \cos(193x)}{193^{11}} - \frac{67044257280 \sin(193x)}{193^{12}} + C}$",0 x^8 \sin(193x)}{193^4} [+] \frac{7920 x^7 \cos(193,447,S1_exact
ibp_pts_n14_b71,Gemma-3,integration_by_parts,level_n14,Product_Sign_Error,IBP_v_formula,failure,- \frac{x^{14} \cos{\left(71 x \right)}}{71} + \frac{14 x^{13} \sin{\left(71 x \right)}}{5041} + \frac{182 x^{12} \cos{\left(71 x \right)}}{357911} - \frac{2184 x^{11} \sin{\left(71 x \right)}}{25411681} - \frac{24024 x^{10} \cos{\left(71 x \right)}}{1804229351} + \frac{240240 x^{9} \sin{\left(71 x \right)}}{128100283921} + \frac{2162160 x^{8} \cos{\left(71 x \right)}}{9095120158391} - \frac{17297280 x^{7} \sin{\left(71 x \right)}}{645753531245761} - \frac{121080960 x^{6} \cos{\left(71 x \right)}}{45848500718449031} + \frac{726485760 x^{5} \sin{\left(71 x \right)}}{3255243551009881201} + \frac{3632428800 x^{4} \cos{\left(71 x \right)}}{231122292121701565271} - \frac{14529715200 x^{3} \sin{\left(71 x \right)}}{16409682740640811134241} - \frac{43589145600 x^{2} \cos{\left(71 x \right)}}{1165087474585497590531111} + \frac{87178291200 x \sin{\left(71 x \right)}}{82721210695570328927708881} + \frac{87178291200 \cos{\left(71 x \right)}}{5873205959385493353867330551},+,-,2252,"<start_of_turn>user
You are a precise mathematical assistant. Show all computation steps clearly. Always put your final simplified antiderivative inside \boxed{}.

Evaluate the following integral step by step.

∫ x^14 · sin(71x) dx

This is a polynomial-trigonometric integral. Work step by step using integration by parts.

Show all steps clearly and put your final simplified antiderivative inside \boxed{}.<end_of_turn>
<start_of_turn>model
Let $I = \int x^{14} \sin(71x) dx$. We will use integration by parts repeatedly.
Let $u = x^{14}$ and $dv = \sin(71x) dx$. Then $du = 14x^{13} dx$ and $v = -\frac{1}{71} \cos(71x)$.
$I = -\frac{1}{71} x^{14} \cos(71x) - \int -\frac{1}{71} \cos(71x) \cdot 14x^{13} dx = -\frac{1}{71} x^{14} \cos(71x) + \frac{14}{71} \int x^{13} \cos(71x) dx$.

Let $I_1 = \int x^{13} \cos(71x) dx$. Let $u = x^{13}$ and $dv = \cos(71x) dx$. Then $du = 13x^{12} dx$ and $v = \frac{1}{71} \sin(71x)$.
$I_1 = \frac{1}{71} x^{13} \sin(71x) - \int \frac{1}{71} \sin(71x) \cdot 13x^{12} dx = \frac{1}{71} x^{13} \sin(71x) - \frac{13}{71} \int x^{12} \sin(71x) dx$.

Let $I_2 = \int x^{12} \sin(71x) dx$. Let $u = x^{12}$ and $dv = \sin(71x) dx$. Then $du = 12x^{11} dx$ and $v = -\frac{1}{71} \cos(71x)$.
$I_2 = -\frac{1}{71} x^{12} \cos(71x) - \int -\frac{1}{71} \cos(71x) \cdot 12x^{11} dx = -\frac{1}{71} x^{12} \cos(71x) + \frac{12}{71} \int x^{11} \cos(71x) dx$.

Let $I_3 = \int x^{11} \cos(71x) dx$. Let $u = x^{11}$ and $dv = \cos(71x) dx$. Then $du = 11x^{10} dx$ and $v = \frac{1}{71} \sin(71x)$.
$I_3 = \frac{1}{71} x^{11} \sin(71x) - \int \frac{1}{71} \sin(71x) \cdot 11x^{10} dx = \frac{1}{71} x^{11} \sin(71x) - \frac{11}{71} \int x^{10} \sin(71x) dx$.

We continue this process until we reach $\int x dx$.
$I = -\frac{1}{71} x^{14} \cos(71x) + \frac{14}{71} I_1 = -\frac{1}{71} x^{14} \cos(71x) + \frac{14}{71} \left( \frac{1}{71} x^{13} \sin(71x) - \frac{13}{71} I_2 \right)$
$I = -\frac{1}{71} x^{14} \cos(71x) + \frac{14}{71^2} x^{13} \sin(71x) - \frac{14 \cdot 13}{71^2} I_2$
$I = -\frac{1}{71} x^{14} \cos(71x) + \frac{14}{71^2} x^{13} \sin(71x) - \frac{14 \cdot 13}{71^2} \left( -\frac{1}{71} x^{12} \cos(71x) + \frac{12}{71} I_3 \right)$
$I = -\frac{1}{71} x^{14} \cos(71x) + \frac{14}{71^2} x^{13} \sin(71x) + \frac{14 \cdot 13}{71^3} x^{12} \cos(71x) - \frac{14 \cdot 13 \cdot 12}{71^3} I_3$
...

This is getting complicated. Let's consider the general formula for integration by parts:
$\int u dv = uv - \int v du$.
We have $I = \int x^{14} \sin(71x) dx$.
Let $u = x^{14}$ and $dv = \sin(71x) dx$. Then $du = 14x^{13} dx$ and $v = -\frac{1}{71} \cos(71x)$.
$I = -\frac{1}{71} x^{14} \cos(71x) + \frac{14}{71} \int x^{13} \cos(71x) dx$.
Let $I_n = \int x^n \sin(71x) dx$ and $J_n = \int x^n \cos(71x) dx$.
Then $I_n = -\frac{1}{71} x^n \cos(71x) + \frac{n}{71} J_{n-1}$.
$J_n = \frac{1}{71} x^n \sin(71x) - \frac{n}{71} I_{n-1}$.
$I_{14} = -\frac{1}{71} x^{14} \cos(71x) + \frac{14}{71} J_{13}$.
$J_{13} = \frac{1}{71} x^{13} \sin(71x) - \frac{13}{71} I_{12}$.
$I_{12} = -\frac{1}{71} x^{12} \cos(71x) + \frac{12}{71} J_{11}$.
...

The general form is
$I = -\frac{1}{71} x^{14} \cos(71x) + \frac{14}{71} \left( \frac{1}{71} x^{13} \sin(71x) - \frac{13}{71} \left( -\frac{1}{71} x^{12} \cos(71x) + \frac{12}{71} \left( \frac{1}{71} x^{11} \sin(71x) - \dots \right) \right) \right)$

$\boxed{-\frac{x^{14} \cos(71x)}{71} + \frac{14x^{13} \sin(71x)}{71^2} + \frac{14 \cdot 13 x^{12} \cos(71x)}{71^3} + \frac{14 \cdot 13 \cdot 12 x^{11} \sin(71x)}{71^4} + \dots + \frac{14!}{71^{14}} x^0 \sin(71x) + C}$

Final Answer: The final answer is $\boxed{-\frac{x^{14} \cos(71x)}{71} + \frac{14x^{13} \sin(71x)}{71^2} + \frac{14 \cdot 13 x^{12} \cos(71x)}{71^3} + \frac{14 \cdot 13 \cdot 12 x^{11} \sin(71x)}{71^4} + \dots + \frac{14!}{71^{14}} \sin(71x) + C}$","Let $I = \int x^{14} \sin(71x) dx$. We will use integration by parts repeatedly.
Let $u = x^{14}$ and $dv = \sin(71x) dx$. Then $du = 14x^{13} dx$ and $v = -\frac{1}{71} \cos(71x)$.
$I = -\frac{1}{71} x^{14} \cos(71x) - \int -\frac{1}{71} \cos(71x) \cdot 14x^{13} dx = -\frac{1}{71} x^{14} \cos(71x) + \frac{14}{71} \int x^{13} \cos(71x) dx$.

Let $I_1 = \int x^{13} \cos(71x) dx$. Let $u = x^{13}$ and $dv = \cos(71x) dx$. Then $du = 13x^{12} dx$ and $v = \frac{1}{71} \sin(71x)$.
$I_1 = \frac{1}{71} x^{13} \sin(71x) - \int \frac{1}{71} \sin(71x) \cdot 13x^{12} dx = \frac{1}{71} x^{13} \sin(71x) - \frac{13}{71} \int x^{12} \sin(71x) dx$.

Let $I_2 = \int x^{12} \sin(71x) dx$. Let $u = x^{12}$ and $dv = \sin(71x) dx$. Then $du = 12x^{11} dx$ and $v = -\frac{1}{71} \cos(71x)$.
$I_2 = -\frac{1}{71} x^{12} \cos(71x) - \int -\frac{1}{71} \cos(71x) \cdot 12x^{11} dx = -\frac{1}{71} x^{12} \cos(71x) + \frac{12}{71} \int x^{11} \cos(71x) dx$.

Let $I_3 = \int x^{11} \cos(71x) dx$. Let $u = x^{11}$ and $dv = \cos(71x) dx$. Then $du = 11x^{10} dx$ and $v = \frac{1}{71} \sin(71x)$.
$I_3 = \frac{1}{71} x^{11} \sin(71x) - \int \frac{1}{71} \sin(71x) \cdot 11x^{10} dx = \frac{1}{71} x^{11} \sin(71x) - \frac{11}{71} \int x^{10} \sin(71x) dx$.

We continue this process until we reach $\int x dx$.
$I = -\frac{1}{71} x^{14} \cos(71x) + \frac{14}{71} I_1 = -\frac{1}{71} x^{14} \cos(71x) + \frac{14}{71} \left( \frac{1}{71} x^{13} \sin(71x) - \frac{13}{71} I_2 \right)$
$I = -\frac{1}{71} x^{14} \cos(71x) + \frac{14}{71^2} x^{13} \sin(71x) - \frac{14 \cdot 13}{71^2} I_2$
$I = -\frac{1}{71} x^{14} \cos(71x) + \frac{14}{71^2} x^{13} \sin(71x) - \frac{14 \cdot 13}{71^2} \left( -\frac{1}{71} x^{12} \cos(71x) + \frac{12}{71} I_3 \right)$
$I = -\frac{1}{71} x^{14} \cos(71x) + \frac{14}{71^2} x^{13} \sin(71x) + \frac{14 \cdot 13}{71^3} x^{12} \cos(71x) - \frac{14 \cdot 13 \cdot 12}{71^3} I_3$
...

This is getting complicated. Let's consider the general formula for integration by parts:
$\int u dv = uv - \int v du$.
We have $I = \int x^{14} \sin(71x) dx$.
Let $u = x^{14}$ and $dv = \sin(71x) dx$. Then $du = 14x^{13} dx$ and $v = -\frac{1}{71} \cos(71x)$.
$I = -\frac{1}{71} x^{14} \cos(71x) + \frac{14}{71} \int x^{13} \cos(71x) dx$.
Let $I_n = \int x^n \sin(71x) dx$ and $J_n = \int x^n \cos(71x) dx$.
Then $I_n = -\frac{1}{71} x^n \cos(71x) + \frac{n}{71} J_{n-1}$.
$J_n = \frac{1}{71} x^n \sin(71x) - \frac{n}{71} I_{n-1}$.
$I_{14} = -\frac{1}{71} x^{14} \cos(71x) + \frac{14}{71} J_{13}$.
$J_{13} = \frac{1}{71} x^{13} \sin(71x) - \frac{13}{71} I_{12}$.
$I_{12} = -\frac{1}{71} x^{12} \cos(71x) + \frac{12}{71} J_{11}$.
...

The general form is
$I = -\frac{1}{71} x^{14} \cos(71x) + \frac{14}{71} \left( \frac{1}{71} x^{13} \sin(71x) - \frac{13}{71} \left( -\frac{1}{71} x^{12} \cos(71x) + \frac{12}{71} \left( \frac{1}{71} x^{11} \sin(71x) - \dots \right) \right) \right)$

$\boxed{-\frac{x^{14} \cos(71x)}{71} + \frac{14x^{13} \sin(71x)}{71^2} + \frac{14 \cdot 13 x^{12} \cos(71x)}{71^3} + \frac{14 \cdot 13 \cdot 12 x^{11} \sin(71x)}{71^4} + \dots + \frac{14!}{71^{14}} x^0 \sin(71x) + C}$

Final Answer: The final answer is $\boxed{-\frac{x^{14} \cos(71x)}{71} + \frac{14x^{13} \sin(71x)}{71^2} + \frac{14 \cdot 13 x^{12} \cos(71x)}{71^3} + \frac{14 \cdot 13 \cdot 12 x^{11} \sin(71x)}{71^4} + \dots + \frac{14!}{71^{14}} \sin(71x) + C}$",}{71^2} x^{13} \sin(71x) [+] \frac{14 \cdot 13}{71^3,444,AGREED_FIRST(min)
ibp_ptc_n13_b35,Gemma-3,integration_by_parts,level_n13,Silent_Sign_Flip,IBP_v_formula,failure,\frac{x^{13} \sin{\left(35 x \right)}}{35} + \frac{13 x^{12} \cos{\left(35 x \right)}}{1225} - \frac{156 x^{11} \sin{\left(35 x \right)}}{42875} - \frac{1716 x^{10} \cos{\left(35 x \right)}}{1500625} + \frac{3432 x^{9} \sin{\left(35 x \right)}}{10504375} + \frac{30888 x^{8} \cos{\left(35 x \right)}}{367653125} - \frac{247104 x^{7} \sin{\left(35 x \right)}}{12867859375} - \frac{247104 x^{6} \cos{\left(35 x \right)}}{64339296875} + \frac{1482624 x^{5} \sin{\left(35 x \right)}}{2251875390625} + \frac{1482624 x^{4} \cos{\left(35 x \right)}}{15763127734375} - \frac{5930496 x^{3} \sin{\left(35 x \right)}}{551709470703125} - \frac{17791488 x^{2} \cos{\left(35 x \right)}}{19309831474609375} + \frac{35582976 x \sin{\left(35 x \right)}}{675844101611328125} + \frac{35582976 \cos{\left(35 x \right)}}{23654543556396484375},+,-,1797,"<start_of_turn>user
You are a precise mathematical assistant. Show all computation steps clearly. Always put your final simplified antiderivative inside \boxed{}.

Evaluate the following integral step by step.

∫ x^13 · cos(35x) dx

This is a polynomial-trigonometric integral. Work step by step using integration by parts.

Show all steps clearly and put your final simplified antiderivative inside \boxed{}.<end_of_turn>
<start_of_turn>model
We will use integration by parts to evaluate the integral ∫ x^13 cos(35x) dx.
The integration by parts formula is ∫ u dv = uv - ∫ v du.

Let u = x^13 and dv = cos(35x) dx.
Then du = 13x^12 dx and v = ∫ cos(35x) dx = (1/35)sin(35x).

Applying integration by parts:
∫ x^13 cos(35x) dx = x^13 (1/35)sin(35x) - ∫ (1/35)sin(35x) (13x^12) dx
= (1/35)x^13 sin(35x) - (13/35) ∫ x^12 sin(35x) dx

Now we need to evaluate ∫ x^12 sin(35x) dx.
Let u = x^12 and dv = sin(35x) dx.
Then du = 12x^11 dx and v = ∫ sin(35x) dx = -(1/35)cos(35x).

∫ x^12 sin(35x) dx = x^12(-(1/35)cos(35x)) - ∫ -(1/35)cos(35x) (12x^11) dx
= -(1/35)x^12 cos(35x) + (12/35) ∫ x^11 cos(35x) dx

Substituting this back into the original integral:
∫ x^13 cos(35x) dx = (1/35)x^13 sin(35x) - (13/35) [-(1/35)x^12 cos(35x) + (12/35) ∫ x^11 cos(35x) dx]
= (1/35)x^13 sin(35x) + (13/35^2)x^12 cos(35x) - (13*12/35^2) ∫ x^11 cos(35x) dx

We continue this process.
Let u = x^11 and dv = cos(35x) dx.
Then du = 11x^10 dx and v = (1/35)sin(35x).
∫ x^11 cos(35x) dx = x^11 (1/35)sin(35x) - ∫ (1/35)sin(35x) (11x^10) dx
= (1/35)x^11 sin(35x) - (11/35) ∫ x^10 sin(35x) dx

Substituting this back:
∫ x^13 cos(35x) dx = (1/35)x^13 sin(35x) + (13/35^2)x^12 cos(35x) - (13*12/35^2) [(1/35)x^11 sin(35x) - (11/35) ∫ x^10 sin(35x) dx]
= (1/35)x^13 sin(35x) + (13/35^2)x^12 cos(35x) - (13*12/35^3)x^11 sin(35x) + (13*12*11/35^3) ∫ x^10 sin(35x) dx

This process continues until we reach ∫ x^0 cos(35x) dx or ∫ x^0 sin(35x) dx.
The general pattern is:
∫ x^n cos(35x) dx = (1/35)x^n sin(35x) - (n/35) ∫ x^(n-1) sin(35x) dx
∫ x^n sin(35x) dx = -(1/35)x^n cos(35x) + (n/35) ∫ x^(n-1) cos(35x) dx

After 13 iterations, we will have a very long expression.
Let's write the general form:
∫ x^13 cos(35x) dx = (1/35)x^13 sin(35x) + (13/35^2)x^12 cos(35x) - (13*12/35^3)x^11 sin(35x) + ... + (-1)^13 (13!/35^14) x^0 cos(35x)

The integral is:
∫ x^13 cos(35x) dx = (1/35)x^13 sin(35x) + (13/35^2)x^12 cos(35x) - (13*12/35^3)x^11 sin(35x) + (13*12*11/35^4)x^10 cos(35x) - ... + (13!/35^14) cos(35x)

The antiderivative is:
\boxed{\frac{1}{35}x^{13} \sin(35x) + \frac{13}{35^2}x^{12} \cos(35x) - \frac{13 \cdot 12}{35^3}x^{11} \sin(35x) + \frac{13 \cdot 12 \cdot 11}{35^4}x^{10} \cos(35x) - \dots + \frac{13!}{35^{14}} \cos(35x)}","We will use integration by parts to evaluate the integral ∫ x^13 cos(35x) dx.
The integration by parts formula is ∫ u dv = uv - ∫ v du.

Let u = x^13 and dv = cos(35x) dx.
Then du = 13x^12 dx and v = ∫ cos(35x) dx = (1/35)sin(35x).

Applying integration by parts:
∫ x^13 cos(35x) dx = x^13 (1/35)sin(35x) - ∫ (1/35)sin(35x) (13x^12) dx
= (1/35)x^13 sin(35x) - (13/35) ∫ x^12 sin(35x) dx

Now we need to evaluate ∫ x^12 sin(35x) dx.
Let u = x^12 and dv = sin(35x) dx.
Then du = 12x^11 dx and v = ∫ sin(35x) dx = -(1/35)cos(35x).

∫ x^12 sin(35x) dx = x^12(-(1/35)cos(35x)) - ∫ -(1/35)cos(35x) (12x^11) dx
= -(1/35)x^12 cos(35x) + (12/35) ∫ x^11 cos(35x) dx

Substituting this back into the original integral:
∫ x^13 cos(35x) dx = (1/35)x^13 sin(35x) - (13/35) [-(1/35)x^12 cos(35x) + (12/35) ∫ x^11 cos(35x) dx]
= (1/35)x^13 sin(35x) + (13/35^2)x^12 cos(35x) - (13*12/35^2) ∫ x^11 cos(35x) dx

We continue this process.
Let u = x^11 and dv = cos(35x) dx.
Then du = 11x^10 dx and v = (1/35)sin(35x).
∫ x^11 cos(35x) dx = x^11 (1/35)sin(35x) - ∫ (1/35)sin(35x) (11x^10) dx
= (1/35)x^11 sin(35x) - (11/35) ∫ x^10 sin(35x) dx

Substituting this back:
∫ x^13 cos(35x) dx = (1/35)x^13 sin(35x) + (13/35^2)x^12 cos(35x) - (13*12/35^2) [(1/35)x^11 sin(35x) - (11/35) ∫ x^10 sin(35x) dx]
= (1/35)x^13 sin(35x) + (13/35^2)x^12 cos(35x) - (13*12/35^3)x^11 sin(35x) + (13*12*11/35^3) ∫ x^10 sin(35x) dx

This process continues until we reach ∫ x^0 cos(35x) dx or ∫ x^0 sin(35x) dx.
The general pattern is:
∫ x^n cos(35x) dx = (1/35)x^n sin(35x) - (n/35) ∫ x^(n-1) sin(35x) dx
∫ x^n sin(35x) dx = -(1/35)x^n cos(35x) + (n/35) ∫ x^(n-1) cos(35x) dx

After 13 iterations, we will have a very long expression.
Let's write the general form:
∫ x^13 cos(35x) dx = (1/35)x^13 sin(35x) + (13/35^2)x^12 cos(35x) - (13*12/35^3)x^11 sin(35x) + ... + (-1)^13 (13!/35^14) x^0 cos(35x)

The integral is:
∫ x^13 cos(35x) dx = (1/35)x^13 sin(35x) + (13/35^2)x^12 cos(35x) - (13*12/35^3)x^11 sin(35x) + (13*12*11/35^4)x^10 cos(35x) - ... + (13!/35^14) cos(35x)

The antiderivative is:
\boxed{\frac{1}{35}x^{13} \sin(35x) + \frac{13}{35^2}x^{12} \cos(35x) - \frac{13 \cdot 12}{35^3}x^{11} \sin(35x) + \frac{13 \cdot 12 \cdot 11}{35^4}x^{10} \cos(35x) - \dots + \frac{13!}{35^{14}} \cos(35x)}",13*12/35^3)x^11 sin(35x) [+] (13*12*11/35^3) ∫ x^10 ,444,AGREED_FIRST(min)
ibp_pts_n7_b149,Gemma-3,integration_by_parts,level_n7,Product_Sign_Error,IBP_v_formula,failure,- \frac{x^{7} \cos{\left(149 x \right)}}{149} + \frac{7 x^{6} \sin{\left(149 x \right)}}{22201} + \frac{42 x^{5} \cos{\left(149 x \right)}}{3307949} - \frac{210 x^{4} \sin{\left(149 x \right)}}{492884401} - \frac{840 x^{3} \cos{\left(149 x \right)}}{73439775749} + \frac{2520 x^{2} \sin{\left(149 x \right)}}{10942526586601} + \frac{5040 x \cos{\left(149 x \right)}}{1630436461403549} - \frac{5040 \sin{\left(149 x \right)}}{242935032749128801},+,-,2805,"<start_of_turn>user
You are a precise mathematical assistant. Show all computation steps clearly. Always put your final simplified antiderivative inside \boxed{}.

Evaluate the following integral step by step.

∫ x^7 · sin(149x) dx

This is a polynomial-trigonometric integral. Work step by step using integration by parts.

Show all steps clearly and put your final simplified antiderivative inside \boxed{}.

<end_of_turn>
<start_of_turn>model

Okay, let's evaluate the integral ∫ x^7 · sin(149x) dx using integration by parts.  We'll need to apply integration by parts repeatedly. The formula for integration by parts is:

∫ u dv = uv - ∫ v du

Let's define:

u = x^7
dv = sin(149x) dx

Then:

du = 7x^6 dx
v = ∫ sin(149x) dx = - (1/149) cos(149x)

Applying integration by parts once:

∫ x^7 sin(149x) dx = x^7 * (-1/149)cos(149x) - ∫ (-1/149)cos(149x) * 7x^6 dx
= - (1/149) x^7 cos(149x) + (7/149) ∫ x^6 cos(149x) dx

Now we need to evaluate ∫ x^6 cos(149x) dx.  Let's use integration by parts again:

u = x^6
dv = cos(149x) dx

du = 6x^5 dx
v = ∫ cos(149x) dx = (1/149) sin(149x)

∫ x^6 cos(149x) dx = x^6 * (1/149) sin(149x) - ∫ (1/149) sin(149x) * 6x^5 dx
= (1/149) x^6 sin(149x) - (6/149) ∫ x^5 sin(149x) dx

Substitute this back into the original equation:

∫ x^7 sin(149x) dx = - (1/149) x^7 cos(149x) + (7/149) * [ (1/149) x^6 sin(149x) - (6/149) ∫ x^5 sin(149x) dx ]
= - (1/149) x^7 cos(149x) + (7/149^2) x^6 sin(149x) - (42/149^2) ∫ x^5 sin(149x) dx

Now we need to evaluate ∫ x^5 sin(149x) dx.  Let's use integration by parts again:

u = x^5
dv = sin(149x) dx

du = 5x^4 dx
v = - (1/149) cos(149x)

∫ x^5 sin(149x) dx = x^5 * (-1/149) cos(149x) - ∫ (-1/149) cos(149x) * 5x^4 dx
= - (1/149) x^5 cos(149x) + (5/149) ∫ x^4 cos(149x) dx

Substitute this back:

∫ x^7 sin(149x) dx = - (1/149) x^7 cos(149x) + (7/149^2) x^6 sin(149x) - (42/149^2) * [ - (1/149) x^5 cos(149x) + (5/149) ∫ x^4 cos(149x) dx ]
= - (1/149) x^7 cos(149x) + (7/149^2) x^6 sin(149x) + (42/149^3) x^5 cos(149x) - (210/149^3) ∫ x^4 cos(149x) dx

We continue this process.

u = x^4, dv = cos(149x) dx  => du = 4x^3 dx, v = (1/149)sin(149x)
∫ x^4 cos(149x) dx = (1/149)x^4 sin(149x) - (4/149)∫ x^3 sin(149x) dx

u = x^3, dv = sin(149x) dx  => du = 3x^2 dx, v = -(1/149)cos(149x)
∫ x^3 sin(149x) dx = -(1/149)x^3 cos(149x) + (3/149)∫ x^2 cos(149x) dx

u = x^2, dv = cos(149x) dx  => du = 2x dx, v = (1/149)sin(149x)
∫ x^2 cos(149x) dx = (1/149)x^2 sin(149x) - (2/149)∫ x sin(149x) dx

u = x, dv = sin(149x) dx  => du = dx, v = -(1/149)cos(149x)
∫ x sin(149x) dx = -(1/149)x cos(149x) + (1/149)∫ cos(149x) dx = -(1/149)x cos(149x) + (1/149^2)sin(149x)

Putting it all together (and it's quite long!):

∫ x^7 sin(149x) dx = - (1/149) x^7 cos(149x) + (7/149^2) x^6 sin(149x) + (42/149^3) x^5 cos(149x) - (210/149^4) x^4 sin(149x) + (840/149^5) x^3 cos(149x) - (3360/149^6) x^2 sin(149x) + (13440/149^7) x cos(149x) - (53760/149^8) sin(149x) + C

Therefore,

\boxed{- \frac{x^7 \cos(149x)}{149} + \frac{7 x^6 \sin(149x)}{149^2} + \frac{42 x^5 \cos(149x)}{149^3} - \frac{210 x^4 \sin(149x)}{149^4} + \frac{840 x^3 \cos(149x)}{149^5} - \frac{3360 x^2 \sin(149x)}{149^6} + \frac{13440 x \cos(149x)}{149^7} - \frac{53760 \sin(149x)}{149^8} + C}","
Okay, let's evaluate the integral ∫ x^7 · sin(149x) dx using integration by parts.  We'll need to apply integration by parts repeatedly. The formula for integration by parts is:

∫ u dv = uv - ∫ v du

Let's define:

u = x^7
dv = sin(149x) dx

Then:

du = 7x^6 dx
v = ∫ sin(149x) dx = - (1/149) cos(149x)

Applying integration by parts once:

∫ x^7 sin(149x) dx = x^7 * (-1/149)cos(149x) - ∫ (-1/149)cos(149x) * 7x^6 dx
= - (1/149) x^7 cos(149x) + (7/149) ∫ x^6 cos(149x) dx

Now we need to evaluate ∫ x^6 cos(149x) dx.  Let's use integration by parts again:

u = x^6
dv = cos(149x) dx

du = 6x^5 dx
v = ∫ cos(149x) dx = (1/149) sin(149x)

∫ x^6 cos(149x) dx = x^6 * (1/149) sin(149x) - ∫ (1/149) sin(149x) * 6x^5 dx
= (1/149) x^6 sin(149x) - (6/149) ∫ x^5 sin(149x) dx

Substitute this back into the original equation:

∫ x^7 sin(149x) dx = - (1/149) x^7 cos(149x) + (7/149) * [ (1/149) x^6 sin(149x) - (6/149) ∫ x^5 sin(149x) dx ]
= - (1/149) x^7 cos(149x) + (7/149^2) x^6 sin(149x) - (42/149^2) ∫ x^5 sin(149x) dx

Now we need to evaluate ∫ x^5 sin(149x) dx.  Let's use integration by parts again:

u = x^5
dv = sin(149x) dx

du = 5x^4 dx
v = - (1/149) cos(149x)

∫ x^5 sin(149x) dx = x^5 * (-1/149) cos(149x) - ∫ (-1/149) cos(149x) * 5x^4 dx
= - (1/149) x^5 cos(149x) + (5/149) ∫ x^4 cos(149x) dx

Substitute this back:

∫ x^7 sin(149x) dx = - (1/149) x^7 cos(149x) + (7/149^2) x^6 sin(149x) - (42/149^2) * [ - (1/149) x^5 cos(149x) + (5/149) ∫ x^4 cos(149x) dx ]
= - (1/149) x^7 cos(149x) + (7/149^2) x^6 sin(149x) + (42/149^3) x^5 cos(149x) - (210/149^3) ∫ x^4 cos(149x) dx

We continue this process.

u = x^4, dv = cos(149x) dx  => du = 4x^3 dx, v = (1/149)sin(149x)
∫ x^4 cos(149x) dx = (1/149)x^4 sin(149x) - (4/149)∫ x^3 sin(149x) dx

u = x^3, dv = sin(149x) dx  => du = 3x^2 dx, v = -(1/149)cos(149x)
∫ x^3 sin(149x) dx = -(1/149)x^3 cos(149x) + (3/149)∫ x^2 cos(149x) dx

u = x^2, dv = cos(149x) dx  => du = 2x dx, v = (1/149)sin(149x)
∫ x^2 cos(149x) dx = (1/149)x^2 sin(149x) - (2/149)∫ x sin(149x) dx

u = x, dv = sin(149x) dx  => du = dx, v = -(1/149)cos(149x)
∫ x sin(149x) dx = -(1/149)x cos(149x) + (1/149)∫ cos(149x) dx = -(1/149)x cos(149x) + (1/149^2)sin(149x)

Putting it all together (and it's quite long!):

∫ x^7 sin(149x) dx = - (1/149) x^7 cos(149x) + (7/149^2) x^6 sin(149x) + (42/149^3) x^5 cos(149x) - (210/149^4) x^4 sin(149x) + (840/149^5) x^3 cos(149x) - (3360/149^6) x^2 sin(149x) + (13440/149^7) x cos(149x) - (53760/149^8) sin(149x) + C

Therefore,

\boxed{- \frac{x^7 \cos(149x)}{149} + \frac{7 x^6 \sin(149x)}{149^2} + \frac{42 x^5 \cos(149x)}{149^3} - \frac{210 x^4 \sin(149x)}{149^4} + \frac{840 x^3 \cos(149x)}{149^5} - \frac{3360 x^2 \sin(149x)}{149^6} + \frac{13440 x \cos(149x)}{149^7} - \frac{53760 \sin(149x)}{149^8} + C}",210/149^4) x^4 sin(149x) [+] (840/149^5) x^3 cos(149,446,S1_exact
ibp_pts_n14_b47,Gemma-3,integration_by_parts,level_n14,Silent_Sign_Flip,IBP_v_formula,failure,- \frac{x^{14} \cos{\left(47 x \right)}}{47} + \frac{14 x^{13} \sin{\left(47 x \right)}}{2209} + \frac{182 x^{12} \cos{\left(47 x \right)}}{103823} - \frac{2184 x^{11} \sin{\left(47 x \right)}}{4879681} - \frac{24024 x^{10} \cos{\left(47 x \right)}}{229345007} + \frac{240240 x^{9} \sin{\left(47 x \right)}}{10779215329} + \frac{2162160 x^{8} \cos{\left(47 x \right)}}{506623120463} - \frac{17297280 x^{7} \sin{\left(47 x \right)}}{23811286661761} - \frac{121080960 x^{6} \cos{\left(47 x \right)}}{1119130473102767} + \frac{726485760 x^{5} \sin{\left(47 x \right)}}{52599132235830049} + \frac{3632428800 x^{4} \cos{\left(47 x \right)}}{2472159215084012303} - \frac{14529715200 x^{3} \sin{\left(47 x \right)}}{116191483108948578241} - \frac{43589145600 x^{2} \cos{\left(47 x \right)}}{5460999706120583177327} + \frac{87178291200 x \sin{\left(47 x \right)}}{256666986187667409334369} + \frac{87178291200 \cos{\left(47 x \right)}}{12063348350820368238715343},+,-,3473,"<start_of_turn>user
You are a precise mathematical assistant. Show all computation steps clearly. Always put your final simplified antiderivative inside \boxed{}.

Evaluate the following integral step by step.

∫ x^14 · sin(47x) dx

This is a polynomial-trigonometric integral. Work step by step using integration by parts.

Show all steps clearly and put your final simplified antiderivative inside \boxed{}.<end_of_turn>
<start_of_turn>model
Let $I = \int x^{14} \sin(47x) dx$. We will use integration by parts repeatedly.
Let $u = x^{14}$ and $dv = \sin(47x) dx$. Then $du = 14x^{13} dx$ and $v = -\frac{1}{47} \cos(47x)$.
$I = -\frac{1}{47} x^{14} \cos(47x) - \int (-\frac{1}{47} \cos(47x)) (14x^{13}) dx = -\frac{1}{47} x^{14} \cos(47x) + \frac{14}{47} \int x^{13} \cos(47x) dx$.

Let $I_1 = \int x^{13} \cos(47x) dx$. Let $u = x^{13}$ and $dv = \cos(47x) dx$. Then $du = 13x^{12} dx$ and $v = \frac{1}{47} \sin(47x)$.
$I_1 = \frac{1}{47} x^{13} \sin(47x) - \int \frac{1}{47} \sin(47x) (13x^{12}) dx = \frac{1}{47} x^{13} \sin(47x) - \frac{13}{47} \int x^{12} \sin(47x) dx$.

Let $I_2 = \int x^{12} \sin(47x) dx$. Let $u = x^{12}$ and $dv = \sin(47x) dx$. Then $du = 12x^{11} dx$ and $v = -\frac{1}{47} \cos(47x)$.
$I_2 = -\frac{1}{47} x^{12} \cos(47x) - \int (-\frac{1}{47} \cos(47x)) (12x^{11}) dx = -\frac{1}{47} x^{12} \cos(47x) + \frac{12}{47} \int x^{11} \cos(47x) dx$.

Let $I_3 = \int x^{11} \cos(47x) dx$. Let $u = x^{11}$ and $dv = \cos(47x) dx$. Then $du = 11x^{10} dx$ and $v = \frac{1}{47} \sin(47x)$.
$I_3 = \frac{1}{47} x^{11} \sin(47x) - \int \frac{1}{47} \sin(47x) (11x^{10}) dx = \frac{1}{47} x^{11} \sin(47x) - \frac{11}{47} \int x^{10} \sin(47x) dx$.

We continue this process until we reach $\int x \sin(47x) dx$ or $\int x \cos(47x) dx$.
We have $I = -\frac{1}{47} x^{14} \cos(47x) + \frac{14}{47} I_1 = -\frac{1}{47} x^{14} \cos(47x) + \frac{14}{47} (\frac{1}{47} x^{13} \sin(47x) - \frac{13}{47} I_2) = -\frac{1}{47} x^{14} \cos(47x) + \frac{14}{47^2} x^{13} \sin(47x) - \frac{14 \cdot 13}{47^2} I_2$.
$I = -\frac{1}{47} x^{14} \cos(47x) + \frac{14}{47^2} x^{13} \sin(47x) - \frac{14 \cdot 13}{47^2} (-\frac{1}{47} x^{12} \cos(47x) + \frac{12}{47} I_3) = -\frac{1}{47} x^{14} \cos(47x) + \frac{14}{47^2} x^{13} \sin(47x) + \frac{14 \cdot 13}{47^3} x^{12} \cos(47x) - \frac{14 \cdot 13 \cdot 12}{47^3} I_3$.

This is getting complicated. Let's write the general formula for integration by parts.
$I = \int x^{14} \sin(47x) dx$.
Let $u = x^{14}$ and $dv = \sin(47x) dx$. Then $du = 14x^{13} dx$ and $v = -\frac{1}{47} \cos(47x)$.
$I = -\frac{1}{47} x^{14} \cos(47x) + \frac{14}{47} \int x^{13} \cos(47x) dx$.
Let $u = x^{13}$ and $dv = \cos(47x) dx$. Then $du = 13x^{12} dx$ and $v = \frac{1}{47} \sin(47x)$.
$\int x^{13} \cos(47x) dx = \frac{1}{47} x^{13} \sin(47x) - \frac{13}{47} \int x^{12} \sin(47x) dx$.
$I = -\frac{1}{47} x^{14} \cos(47x) + \frac{14}{47} (\frac{1}{47} x^{13} \sin(47x) - \frac{13}{47} \int x^{12} \sin(47x) dx) = -\frac{1}{47} x^{14} \cos(47x) + \frac{14}{47^2} x^{13} \sin(47x) - \frac{14 \cdot 13}{47^2} \int x^{12} \sin(47x) dx$.

The general formula is
$I = \int x^n \sin(ax) dx = -\frac{1}{a} x^n \cos(ax) + \frac{n}{a} \int x^{n-1} \cos(ax) dx$.
$I = -\frac{1}{a} x^n \cos(ax) + \frac{n}{a} (\frac{1}{a} x^{n-1} \sin(ax) - \frac{n-1}{a} \int x^{n-2} \sin(ax) dx)$.

Final Answer: The final answer is $\boxed{-\frac{x^{14} \cos(47x)}{47} + \frac{14 x^{13} \sin(47x)}{47^2} + \frac{14 \cdot 13 x^{12} \cos(47x)}{47^3} + \frac{14 \cdot 13 \cdot 12 x^{11} \sin(47x)}{47^4} + \dots}$","Let $I = \int x^{14} \sin(47x) dx$. We will use integration by parts repeatedly.
Let $u = x^{14}$ and $dv = \sin(47x) dx$. Then $du = 14x^{13} dx$ and $v = -\frac{1}{47} \cos(47x)$.
$I = -\frac{1}{47} x^{14} \cos(47x) - \int (-\frac{1}{47} \cos(47x)) (14x^{13}) dx = -\frac{1}{47} x^{14} \cos(47x) + \frac{14}{47} \int x^{13} \cos(47x) dx$.

Let $I_1 = \int x^{13} \cos(47x) dx$. Let $u = x^{13}$ and $dv = \cos(47x) dx$. Then $du = 13x^{12} dx$ and $v = \frac{1}{47} \sin(47x)$.
$I_1 = \frac{1}{47} x^{13} \sin(47x) - \int \frac{1}{47} \sin(47x) (13x^{12}) dx = \frac{1}{47} x^{13} \sin(47x) - \frac{13}{47} \int x^{12} \sin(47x) dx$.

Let $I_2 = \int x^{12} \sin(47x) dx$. Let $u = x^{12}$ and $dv = \sin(47x) dx$. Then $du = 12x^{11} dx$ and $v = -\frac{1}{47} \cos(47x)$.
$I_2 = -\frac{1}{47} x^{12} \cos(47x) - \int (-\frac{1}{47} \cos(47x)) (12x^{11}) dx = -\frac{1}{47} x^{12} \cos(47x) + \frac{12}{47} \int x^{11} \cos(47x) dx$.

Let $I_3 = \int x^{11} \cos(47x) dx$. Let $u = x^{11}$ and $dv = \cos(47x) dx$. Then $du = 11x^{10} dx$ and $v = \frac{1}{47} \sin(47x)$.
$I_3 = \frac{1}{47} x^{11} \sin(47x) - \int \frac{1}{47} \sin(47x) (11x^{10}) dx = \frac{1}{47} x^{11} \sin(47x) - \frac{11}{47} \int x^{10} \sin(47x) dx$.

We continue this process until we reach $\int x \sin(47x) dx$ or $\int x \cos(47x) dx$.
We have $I = -\frac{1}{47} x^{14} \cos(47x) + \frac{14}{47} I_1 = -\frac{1}{47} x^{14} \cos(47x) + \frac{14}{47} (\frac{1}{47} x^{13} \sin(47x) - \frac{13}{47} I_2) = -\frac{1}{47} x^{14} \cos(47x) + \frac{14}{47^2} x^{13} \sin(47x) - \frac{14 \cdot 13}{47^2} I_2$.
$I = -\frac{1}{47} x^{14} \cos(47x) + \frac{14}{47^2} x^{13} \sin(47x) - \frac{14 \cdot 13}{47^2} (-\frac{1}{47} x^{12} \cos(47x) + \frac{12}{47} I_3) = -\frac{1}{47} x^{14} \cos(47x) + \frac{14}{47^2} x^{13} \sin(47x) + \frac{14 \cdot 13}{47^3} x^{12} \cos(47x) - \frac{14 \cdot 13 \cdot 12}{47^3} I_3$.

This is getting complicated. Let's write the general formula for integration by parts.
$I = \int x^{14} \sin(47x) dx$.
Let $u = x^{14}$ and $dv = \sin(47x) dx$. Then $du = 14x^{13} dx$ and $v = -\frac{1}{47} \cos(47x)$.
$I = -\frac{1}{47} x^{14} \cos(47x) + \frac{14}{47} \int x^{13} \cos(47x) dx$.
Let $u = x^{13}$ and $dv = \cos(47x) dx$. Then $du = 13x^{12} dx$ and $v = \frac{1}{47} \sin(47x)$.
$\int x^{13} \cos(47x) dx = \frac{1}{47} x^{13} \sin(47x) - \frac{13}{47} \int x^{12} \sin(47x) dx$.
$I = -\frac{1}{47} x^{14} \cos(47x) + \frac{14}{47} (\frac{1}{47} x^{13} \sin(47x) - \frac{13}{47} \int x^{12} \sin(47x) dx) = -\frac{1}{47} x^{14} \cos(47x) + \frac{14}{47^2} x^{13} \sin(47x) - \frac{14 \cdot 13}{47^2} \int x^{12} \sin(47x) dx$.

The general formula is
$I = \int x^n \sin(ax) dx = -\frac{1}{a} x^n \cos(ax) + \frac{n}{a} \int x^{n-1} \cos(ax) dx$.
$I = -\frac{1}{a} x^n \cos(ax) + \frac{n}{a} (\frac{1}{a} x^{n-1} \sin(ax) - \frac{n-1}{a} \int x^{n-2} \sin(ax) dx)$.

Final Answer: The final answer is $\boxed{-\frac{x^{14} \cos(47x)}{47} + \frac{14 x^{13} \sin(47x)}{47^2} + \frac{14 \cdot 13 x^{12} \cos(47x)}{47^3} + \frac{14 \cdot 13 \cdot 12 x^{11} \sin(47x)}{47^4} + \dots}$", x^{12} \cos(47x)}{47^3} [+] \frac{14 \cdot 13 \cdot,444,S1_exact
ibp_pts_n15_b109,Gemma-3,integration_by_parts,level_n15,Silent_Sign_Flip,IBP_v_formula,failure,- \frac{x^{15} \cos{\left(109 x \right)}}{109} + \frac{15 x^{14} \sin{\left(109 x \right)}}{11881} + \frac{210 x^{13} \cos{\left(109 x \right)}}{1295029} - \frac{2730 x^{12} \sin{\left(109 x \right)}}{141158161} - \frac{32760 x^{11} \cos{\left(109 x \right)}}{15386239549} + \frac{360360 x^{10} \sin{\left(109 x \right)}}{1677100110841} + \frac{3603600 x^{9} \cos{\left(109 x \right)}}{182803912081669} - \frac{32432400 x^{8} \sin{\left(109 x \right)}}{19925626416901921} - \frac{259459200 x^{7} \cos{\left(109 x \right)}}{2171893279442309389} + \frac{1816214400 x^{6} \sin{\left(109 x \right)}}{236736367459211723401} + \frac{10897286400 x^{5} \cos{\left(109 x \right)}}{25804264053054077850709} - \frac{54486432000 x^{4} \sin{\left(109 x \right)}}{2812664781782894485727281} - \frac{217945728000 x^{3} \cos{\left(109 x \right)}}{306580461214335498944273629} + \frac{653837184000 x^{2} \sin{\left(109 x \right)}}{33417270272362569384925825561} + \frac{1307674368000 x \cos{\left(109 x \right)}}{3642482459687520062956914986149} - \frac{1307674368000 \sin{\left(109 x \right)}}{397030588105939686862303733490241},+,-,3040,"<start_of_turn>user
You are a precise mathematical assistant. Show all computation steps clearly. Always put your final simplified antiderivative inside \boxed{}.

Evaluate the following integral step by step.

∫ x^15 · sin(109x) dx

This is a polynomial-trigonometric integral. Work step by step using integration by parts.

Show all steps clearly and put your final simplified antiderivative inside \boxed{}.<end_of_turn>
<start_of_turn>model
Let $I = \int x^{15} \sin(109x) dx$. We will use integration by parts repeatedly.
Let $u = x^{15}$ and $dv = \sin(109x) dx$. Then $du = 15x^{14} dx$ and $v = -\frac{1}{109} \cos(109x)$.
$I = -\frac{1}{109} x^{15} \cos(109x) - \int (-\frac{1}{109} \cos(109x)) (15x^{14}) dx = -\frac{1}{109} x^{15} \cos(109x) + \frac{15}{109} \int x^{14} \cos(109x) dx$.

Let $I_1 = \int x^{14} \cos(109x) dx$. Let $u = x^{14}$ and $dv = \cos(109x) dx$. Then $du = 14x^{13} dx$ and $v = \frac{1}{109} \sin(109x)$.
$I_1 = \frac{1}{109} x^{14} \sin(109x) - \int \frac{1}{109} \sin(109x) (14x^{13}) dx = \frac{1}{109} x^{14} \sin(109x) - \frac{14}{109} \int x^{13} \sin(109x) dx$.

$I = -\frac{1}{109} x^{15} \cos(109x) + \frac{15}{109} (\frac{1}{109} x^{14} \sin(109x) - \frac{14}{109} \int x^{13} \sin(109x) dx) = -\frac{1}{109} x^{15} \cos(109x) + \frac{15}{109^2} x^{14} \sin(109x) - \frac{15 \cdot 14}{109^2} \int x^{13} \sin(109x) dx$.

Let $I_2 = \int x^{13} \sin(109x) dx$. Let $u = x^{13}$ and $dv = \sin(109x) dx$. Then $du = 13x^{12} dx$ and $v = -\frac{1}{109} \cos(109x)$.
$I_2 = -\frac{1}{109} x^{13} \cos(109x) - \int (-\frac{1}{109} \cos(109x)) (13x^{12}) dx = -\frac{1}{109} x^{13} \cos(109x) + \frac{13}{109} \int x^{12} \cos(109x) dx$.

$I = -\frac{1}{109} x^{15} \cos(109x) + \frac{15}{109^2} x^{14} \sin(109x) - \frac{15 \cdot 14}{109^2} (-\frac{1}{109} x^{13} \cos(109x) + \frac{13}{109} \int x^{12} \cos(109x) dx) = -\frac{1}{109} x^{15} \cos(109x) + \frac{15}{109^2} x^{14} \sin(109x) + \frac{15 \cdot 14}{109^3} x^{13} \cos(109x) - \frac{15 \cdot 14 \cdot 13}{109^3} \int x^{12} \cos(109x) dx$.

We continue this process until we reach $\int x dx$.
The general pattern is:
$I = \sum_{k=0}^{15} (-1)^k \frac{x^{15-k}}{109^{k+1}} \frac{d^k}{dx^k} \cos(109x)$ or $I = \sum_{k=0}^{15} (-1)^k \frac{x^{15-k}}{109^{k+1}} \frac{d^k}{dx^k} \sin(109x)$.

The integral is of the form $\int x^{15} \sin(109x) dx$.
We can write the integral as
$I = \int x^{15} \sin(109x) dx = \frac{1}{109} \sum_{k=0}^{15} (-1)^k x^{15-k} \frac{d^k}{dx^k} \cos(109x)$.

The antiderivative is
$I = -\frac{1}{109} x^{15} \cos(109x) + \frac{15}{109^2} x^{14} \sin(109x) + \frac{15 \cdot 14}{109^3} x^{13} \cos(109x) + \dots + \frac{15!}{109^{16}} x^0 \sin(109x)$.

The general formula is
$\int x^n \sin(ax) dx = -\frac{x^n}{a} \cos(ax) + \frac{n}{a} \int x^{n-1} \cos(ax) dx$.
$\int x^n \cos(ax) dx = \frac{x^n}{a} \sin(ax) - \frac{n}{a} \int x^{n-1} \sin(ax) dx$.

Final Answer: The final answer is $\boxed{-\frac{x^{15} \cos(109x)}{109} + \frac{15 x^{14} \sin(109x)}{109^2} + \frac{15 \cdot 14 x^{13} \cos(109x)}{109^3} + \frac{15 \cdot 14 \cdot 13 x^{12} \sin(109x)}{109^4} + \dots + \frac{15!}{109^{16}} \sin(109x)}$","Let $I = \int x^{15} \sin(109x) dx$. We will use integration by parts repeatedly.
Let $u = x^{15}$ and $dv = \sin(109x) dx$. Then $du = 15x^{14} dx$ and $v = -\frac{1}{109} \cos(109x)$.
$I = -\frac{1}{109} x^{15} \cos(109x) - \int (-\frac{1}{109} \cos(109x)) (15x^{14}) dx = -\frac{1}{109} x^{15} \cos(109x) + \frac{15}{109} \int x^{14} \cos(109x) dx$.

Let $I_1 = \int x^{14} \cos(109x) dx$. Let $u = x^{14}$ and $dv = \cos(109x) dx$. Then $du = 14x^{13} dx$ and $v = \frac{1}{109} \sin(109x)$.
$I_1 = \frac{1}{109} x^{14} \sin(109x) - \int \frac{1}{109} \sin(109x) (14x^{13}) dx = \frac{1}{109} x^{14} \sin(109x) - \frac{14}{109} \int x^{13} \sin(109x) dx$.

$I = -\frac{1}{109} x^{15} \cos(109x) + \frac{15}{109} (\frac{1}{109} x^{14} \sin(109x) - \frac{14}{109} \int x^{13} \sin(109x) dx) = -\frac{1}{109} x^{15} \cos(109x) + \frac{15}{109^2} x^{14} \sin(109x) - \frac{15 \cdot 14}{109^2} \int x^{13} \sin(109x) dx$.

Let $I_2 = \int x^{13} \sin(109x) dx$. Let $u = x^{13}$ and $dv = \sin(109x) dx$. Then $du = 13x^{12} dx$ and $v = -\frac{1}{109} \cos(109x)$.
$I_2 = -\frac{1}{109} x^{13} \cos(109x) - \int (-\frac{1}{109} \cos(109x)) (13x^{12}) dx = -\frac{1}{109} x^{13} \cos(109x) + \frac{13}{109} \int x^{12} \cos(109x) dx$.

$I = -\frac{1}{109} x^{15} \cos(109x) + \frac{15}{109^2} x^{14} \sin(109x) - \frac{15 \cdot 14}{109^2} (-\frac{1}{109} x^{13} \cos(109x) + \frac{13}{109} \int x^{12} \cos(109x) dx) = -\frac{1}{109} x^{15} \cos(109x) + \frac{15}{109^2} x^{14} \sin(109x) + \frac{15 \cdot 14}{109^3} x^{13} \cos(109x) - \frac{15 \cdot 14 \cdot 13}{109^3} \int x^{12} \cos(109x) dx$.

We continue this process until we reach $\int x dx$.
The general pattern is:
$I = \sum_{k=0}^{15} (-1)^k \frac{x^{15-k}}{109^{k+1}} \frac{d^k}{dx^k} \cos(109x)$ or $I = \sum_{k=0}^{15} (-1)^k \frac{x^{15-k}}{109^{k+1}} \frac{d^k}{dx^k} \sin(109x)$.

The integral is of the form $\int x^{15} \sin(109x) dx$.
We can write the integral as
$I = \int x^{15} \sin(109x) dx = \frac{1}{109} \sum_{k=0}^{15} (-1)^k x^{15-k} \frac{d^k}{dx^k} \cos(109x)$.

The antiderivative is
$I = -\frac{1}{109} x^{15} \cos(109x) + \frac{15}{109^2} x^{14} \sin(109x) + \frac{15 \cdot 14}{109^3} x^{13} \cos(109x) + \dots + \frac{15!}{109^{16}} x^0 \sin(109x)$.

The general formula is
$\int x^n \sin(ax) dx = -\frac{x^n}{a} \cos(ax) + \frac{n}{a} \int x^{n-1} \cos(ax) dx$.
$\int x^n \cos(ax) dx = \frac{x^n}{a} \sin(ax) - \frac{n}{a} \int x^{n-1} \sin(ax) dx$.

Final Answer: The final answer is $\boxed{-\frac{x^{15} \cos(109x)}{109} + \frac{15 x^{14} \sin(109x)}{109^2} + \frac{15 \cdot 14 x^{13} \cos(109x)}{109^3} + \frac{15 \cdot 14 \cdot 13 x^{12} \sin(109x)}{109^4} + \dots + \frac{15!}{109^{16}} \sin(109x)}$",^{13} \cos(109x)}{109^3} [+] \frac{15 \cdot 14 \cdot,445,S1_exact
ibp_pts_n11_b109,Gemma-3,integration_by_parts,level_n11,Silent_Sign_Flip,IBP_v_formula,failure,- \frac{x^{11} \cos{\left(109 x \right)}}{109} + \frac{11 x^{10} \sin{\left(109 x \right)}}{11881} + \frac{110 x^{9} \cos{\left(109 x \right)}}{1295029} - \frac{990 x^{8} \sin{\left(109 x \right)}}{141158161} - \frac{7920 x^{7} \cos{\left(109 x \right)}}{15386239549} + \frac{55440 x^{6} \sin{\left(109 x \right)}}{1677100110841} + \frac{332640 x^{5} \cos{\left(109 x \right)}}{182803912081669} - \frac{1663200 x^{4} \sin{\left(109 x \right)}}{19925626416901921} - \frac{6652800 x^{3} \cos{\left(109 x \right)}}{2171893279442309389} + \frac{19958400 x^{2} \sin{\left(109 x \right)}}{236736367459211723401} + \frac{39916800 x \cos{\left(109 x \right)}}{25804264053054077850709} - \frac{39916800 \sin{\left(109 x \right)}}{2812664781782894485727281},+,-,1920,"<start_of_turn>user
You are a precise mathematical assistant. Show all computation steps clearly. Always put your final simplified antiderivative inside \boxed{}.

Evaluate the following integral step by step.

∫ x^11 · sin(109x) dx

This is a polynomial-trigonometric integral. Work step by step using integration by parts.

Show all steps clearly and put your final simplified antiderivative inside \boxed{}.

<end_of_turn>
<start_of_turn>model

Okay, let's evaluate the integral ∫ x^11 · sin(109x) dx using integration by parts.  We'll need to apply integration by parts repeatedly.  The formula for integration by parts is:

∫ u dv = uv - ∫ v du

**Step 1: First Application of Integration by Parts**

Let:
u = x^11
dv = sin(109x) dx

Then:
du = 11x^10 dx
v = ∫ sin(109x) dx = - (1/109) cos(109x)

Applying integration by parts:

∫ x^11 sin(109x) dx = x^11 * (-1/109)cos(109x) - ∫ (-1/109)cos(109x) * 11x^10 dx
= - (1/109) x^11 cos(109x) + (11/109) ∫ x^10 cos(109x) dx

**Step 2: Second Application of Integration by Parts**

Now we need to evaluate ∫ x^10 cos(109x) dx.

Let:
u = x^10
dv = cos(109x) dx

Then:
du = 10x^9 dx
v = ∫ cos(109x) dx = (1/109) sin(109x)

Applying integration by parts:

∫ x^10 cos(109x) dx = x^10 * (1/109) sin(109x) - ∫ (1/109) sin(109x) * 10x^9 dx
= (1/109) x^10 sin(109x) - (10/109) ∫ x^9 sin(109x) dx

Substituting this back into our first result:

∫ x^11 sin(109x) dx = - (1/109) x^11 cos(109x) + (11/109) * [ (1/109) x^10 sin(109x) - (10/109) ∫ x^9 sin(109x) dx ]
= - (1/109) x^11 cos(109x) + (11/109^2) x^10 sin(109x) - (110/109^2) ∫ x^9 sin(109x) dx

**Step 3: Third Application of Integration by Parts**

Now we need to evaluate ∫ x^9 sin(109x) dx.

Let:
u = x^9
dv = sin(109x) dx

Then:
du = 9x^8 dx
v = ∫ sin(109x) dx = - (1/109) cos(109x)

Applying integration by parts:

∫ x^9 sin(109x) dx = x^9 * (-1/109) cos(109x) - ∫ (-1/109) cos(109x) * 9x^8 dx
= - (1/109) x^9 cos(109x) + (9/109) ∫ x^8 cos(109x) dx

Substituting this back:

∫ x^11 sin(109x) dx = - (1/109) x^11 cos(109x) + (11/109^2) x^10 sin(109x) - (110/109^2) * [ - (1/109) x^9 cos(109x) + (9/109) ∫ x^8 cos(109x) dx ]
= - (1/109) x^11 cos(109x) + (11/109^2) x^10 sin(109x) + (110/109^3) x^9 cos(109x) - (990/109^3) ∫ x^8 cos(109x) dx

We can see a pattern emerging. We'll continue this process until the integral becomes manageable.  We'll need to do this 11 times.  Let's write the general form after *n* iterations:

∫ x^11 sin(109x) dx =  (-1/109) x^11 cos(109x) + (11/109^2) x^10 sin(109x) + (110/109^3) x^9 cos(109x) + ... +  (-1)^n * (factorial(11) / (factorial(11-n) * 109^n)) x^(11-n) * (sin(109x) or cos(109x)) + C

After 11 iterations, the integral will be:

∫ x^11 sin(109x) dx =  (-1/109) x^11 cos(109x) + (11/109^2) x^10 sin(109x) + (110/109^3) x^9 cos(109x) + (990/109^4) x^8 sin(109x) + (7920/109^5) x^7 cos(109x) + (55440/109^6) x^6 sin(109x) + (399168/109^7) x^5 cos(109x) + (2993760/109^8) x^4 sin(109x) + (21863040/109^9) x^3 cos(109x) + (156675680/109^10) x^2 sin(109x) + (1111666688/109^11) x cos(109x) - (1111666688/109^12) sin(109x) + C

Therefore,

\boxed{- \frac{x^{11} \cos(109x)}{109} + \frac{11 x^{10} \sin(109x)}{109^2} + \frac{110 x^9 \cos(109x)}{109^3} - \frac{990 x^8 \sin(109x)}{109^4} + \frac{7920 x^7 \cos(109x)}{109^5} - \frac{55440 x^6 \sin(109x)}{109^6} + \frac{399168 x^5 \cos(109x)}{109^7} - \frac{2993760 x^4 \sin(109x)}{109^8} + \frac{21863040 x^3 \cos(109x)}{109^9} - \frac{156675680 x^2 \sin(109x)}{109^{10}} + \frac{1111666688 x \cos(109x)}{109^{11}} - \frac{1111666688 \sin(109x)}{109^{12}} + C}","
Okay, let's evaluate the integral ∫ x^11 · sin(109x) dx using integration by parts.  We'll need to apply integration by parts repeatedly.  The formula for integration by parts is:

∫ u dv = uv - ∫ v du

**Step 1: First Application of Integration by Parts**

Let:
u = x^11
dv = sin(109x) dx

Then:
du = 11x^10 dx
v = ∫ sin(109x) dx = - (1/109) cos(109x)

Applying integration by parts:

∫ x^11 sin(109x) dx = x^11 * (-1/109)cos(109x) - ∫ (-1/109)cos(109x) * 11x^10 dx
= - (1/109) x^11 cos(109x) + (11/109) ∫ x^10 cos(109x) dx

**Step 2: Second Application of Integration by Parts**

Now we need to evaluate ∫ x^10 cos(109x) dx.

Let:
u = x^10
dv = cos(109x) dx

Then:
du = 10x^9 dx
v = ∫ cos(109x) dx = (1/109) sin(109x)

Applying integration by parts:

∫ x^10 cos(109x) dx = x^10 * (1/109) sin(109x) - ∫ (1/109) sin(109x) * 10x^9 dx
= (1/109) x^10 sin(109x) - (10/109) ∫ x^9 sin(109x) dx

Substituting this back into our first result:

∫ x^11 sin(109x) dx = - (1/109) x^11 cos(109x) + (11/109) * [ (1/109) x^10 sin(109x) - (10/109) ∫ x^9 sin(109x) dx ]
= - (1/109) x^11 cos(109x) + (11/109^2) x^10 sin(109x) - (110/109^2) ∫ x^9 sin(109x) dx

**Step 3: Third Application of Integration by Parts**

Now we need to evaluate ∫ x^9 sin(109x) dx.

Let:
u = x^9
dv = sin(109x) dx

Then:
du = 9x^8 dx
v = ∫ sin(109x) dx = - (1/109) cos(109x)

Applying integration by parts:

∫ x^9 sin(109x) dx = x^9 * (-1/109) cos(109x) - ∫ (-1/109) cos(109x) * 9x^8 dx
= - (1/109) x^9 cos(109x) + (9/109) ∫ x^8 cos(109x) dx

Substituting this back:

∫ x^11 sin(109x) dx = - (1/109) x^11 cos(109x) + (11/109^2) x^10 sin(109x) - (110/109^2) * [ - (1/109) x^9 cos(109x) + (9/109) ∫ x^8 cos(109x) dx ]
= - (1/109) x^11 cos(109x) + (11/109^2) x^10 sin(109x) + (110/109^3) x^9 cos(109x) - (990/109^3) ∫ x^8 cos(109x) dx

We can see a pattern emerging. We'll continue this process until the integral becomes manageable.  We'll need to do this 11 times.  Let's write the general form after *n* iterations:

∫ x^11 sin(109x) dx =  (-1/109) x^11 cos(109x) + (11/109^2) x^10 sin(109x) + (110/109^3) x^9 cos(109x) + ... +  (-1)^n * (factorial(11) / (factorial(11-n) * 109^n)) x^(11-n) * (sin(109x) or cos(109x)) + C

After 11 iterations, the integral will be:

∫ x^11 sin(109x) dx =  (-1/109) x^11 cos(109x) + (11/109^2) x^10 sin(109x) + (110/109^3) x^9 cos(109x) + (990/109^4) x^8 sin(109x) + (7920/109^5) x^7 cos(109x) + (55440/109^6) x^6 sin(109x) + (399168/109^7) x^5 cos(109x) + (2993760/109^8) x^4 sin(109x) + (21863040/109^9) x^3 cos(109x) + (156675680/109^10) x^2 sin(109x) + (1111666688/109^11) x cos(109x) - (1111666688/109^12) sin(109x) + C

Therefore,

\boxed{- \frac{x^{11} \cos(109x)}{109} + \frac{11 x^{10} \sin(109x)}{109^2} + \frac{110 x^9 \cos(109x)}{109^3} - \frac{990 x^8 \sin(109x)}{109^4} + \frac{7920 x^7 \cos(109x)}{109^5} - \frac{55440 x^6 \sin(109x)}{109^6} + \frac{399168 x^5 \cos(109x)}{109^7} - \frac{2993760 x^4 \sin(109x)}{109^8} + \frac{21863040 x^3 \cos(109x)}{109^9} - \frac{156675680 x^2 \sin(109x)}{109^{10}} + \frac{1111666688 x \cos(109x)}{109^{11}} - \frac{1111666688 \sin(109x)}{109^{12}} + C}", - (1/109) x^9 cos(109x) [+] (9/109) ∫ x^8 cos(109x),447,AGREED_FIRST(min)
ibp_ptc_n11_b151,Gemma-3,integration_by_parts,level_n11,Alternating_Drift,IBP_v_formula,failure,\frac{x^{11} \sin{\left(151 x \right)}}{151} + \frac{11 x^{10} \cos{\left(151 x \right)}}{22801} - \frac{110 x^{9} \sin{\left(151 x \right)}}{3442951} - \frac{990 x^{8} \cos{\left(151 x \right)}}{519885601} + \frac{7920 x^{7} \sin{\left(151 x \right)}}{78502725751} + \frac{55440 x^{6} \cos{\left(151 x \right)}}{11853911588401} - \frac{332640 x^{5} \sin{\left(151 x \right)}}{1789940649848551} - \frac{1663200 x^{4} \cos{\left(151 x \right)}}{270281038127131201} + \frac{6652800 x^{3} \sin{\left(151 x \right)}}{40812436757196811351} + \frac{19958400 x^{2} \cos{\left(151 x \right)}}{6162677950336718514001} - \frac{39916800 x \sin{\left(151 x \right)}}{930564370500844495614151} - \frac{39916800 \cos{\left(151 x \right)}}{140515219945627518837736801},+,-,1834,"<start_of_turn>user
You are a precise mathematical assistant. Show all computation steps clearly. Always put your final simplified antiderivative inside \boxed{}.

Evaluate the following integral step by step.

∫ x^11 · cos(151x) dx

This is a polynomial-trigonometric integral. Work step by step using integration by parts.

Show all steps clearly and put your final simplified antiderivative inside \boxed{}.<end_of_turn>
<start_of_turn>model

We will use integration by parts to evaluate the integral ∫ x^11 · cos(151x) dx.
The integration by parts formula is ∫ u dv = uv - ∫ v du.

Let u = x^11 and dv = cos(151x) dx.
Then du = 11x^10 dx and v = ∫ cos(151x) dx = (1/151)sin(151x).

Applying integration by parts:
∫ x^11 cos(151x) dx = x^11 (1/151)sin(151x) - ∫ (1/151)sin(151x) (11x^10) dx
= (1/151)x^11 sin(151x) - (11/151) ∫ x^10 sin(151x) dx

Now we need to evaluate ∫ x^10 sin(151x) dx.
Let u = x^10 and dv = sin(151x) dx.
Then du = 10x^9 dx and v = ∫ sin(151x) dx = -(1/151)cos(151x).

∫ x^10 sin(151x) dx = x^10(-(1/151)cos(151x)) - ∫ -(1/151)cos(151x) (10x^9) dx
= -(1/151)x^10 cos(151x) + (10/151) ∫ x^9 cos(151x) dx

Substituting back into the original integral:
∫ x^11 cos(151x) dx = (1/151)x^11 sin(151x) - (11/151) [-(1/151)x^10 cos(151x) + (10/151) ∫ x^9 cos(151x) dx]
= (1/151)x^11 sin(151x) + (11/151^2)x^10 cos(151x) - (110/151^2) ∫ x^9 cos(151x) dx

We continue this process.
Let u = x^9 and dv = cos(151x) dx.
Then du = 9x^8 dx and v = (1/151)sin(151x).
∫ x^9 cos(151x) dx = x^9(1/151)sin(151x) - ∫ (1/151)sin(151x)(9x^8) dx
= (1/151)x^9 sin(151x) - (9/151) ∫ x^8 sin(151x) dx

Substituting back:
∫ x^11 cos(151x) dx = (1/151)x^11 sin(151x) + (11/151^2)x^10 cos(151x) - (110/151^2) [(1/151)x^9 sin(151x) - (9/151) ∫ x^8 sin(151x) dx]
= (1/151)x^11 sin(151x) + (11/151^2)x^10 cos(151x) - (110/151^3)x^9 sin(151x) + (990/151^3) ∫ x^8 sin(151x) dx

This process will continue until we reach ∫ x sin(151x) dx or ∫ cos(151x) dx.
The general pattern is:
∫ x^n cos(151x) dx = (1/151)x^n sin(151x) - (n/151) ∫ x^(n-1) sin(151x) dx
∫ x^n sin(151x) dx = -(1/151)x^n cos(151x) + (n/151) ∫ x^(n-1) cos(151x) dx

After 11 iterations, we will have a very long expression.
Let's write the general form:
∫ x^11 cos(151x) dx = A x^11 sin(151x) + B x^10 cos(151x) + C x^9 sin(151x) + ... + K sin(151x) + L cos(151x)

The integral is:
(1/151)x^11 sin(151x) + (11/151^2)x^10 cos(151x) - (110/151^3)x^9 sin(151x) + (990/151^4)x^8 cos(151x) - (8910/151^5)x^7 sin(151x) + (79209/151^6)x^6 cos(151x) - (692889/151^7)x^5 sin(151x) + (6236001/151^8)x^4 cos(151x) - (55124009/151^9)x^3 sin(151x) + (486000081/151^10)x^2 cos(151x) - (4374000729/151^11)x sin(151x) + (39360006561/151^12) cos(151x) + C

\boxed{\frac{1}{151}x^{11}\sin(151x) + \frac{11}{151^2}x^{10}\cos(151x) - \frac{110}{151^3}x^9\sin(151x) + \frac{990}{151^4}x^8\cos(151x) - \frac{8910}{151^5}x^7\sin(151x) + \frac{79209}{151^6}x^6\cos(151x) - \frac{692889}{151^7}x^5\sin(151x) + \frac{6236001}{151^8}x^4\cos(151x) - \frac{55124009}{151^9}x^3\sin(151x) + \frac{486000081}{151^{10}}x^2\cos(151x) - \frac{4374000729}{151^{11}}x\sin(151x) + \frac{39360006561}{151^{12}}\cos(151x) + C}","
We will use integration by parts to evaluate the integral ∫ x^11 · cos(151x) dx.
The integration by parts formula is ∫ u dv = uv - ∫ v du.

Let u = x^11 and dv = cos(151x) dx.
Then du = 11x^10 dx and v = ∫ cos(151x) dx = (1/151)sin(151x).

Applying integration by parts:
∫ x^11 cos(151x) dx = x^11 (1/151)sin(151x) - ∫ (1/151)sin(151x) (11x^10) dx
= (1/151)x^11 sin(151x) - (11/151) ∫ x^10 sin(151x) dx

Now we need to evaluate ∫ x^10 sin(151x) dx.
Let u = x^10 and dv = sin(151x) dx.
Then du = 10x^9 dx and v = ∫ sin(151x) dx = -(1/151)cos(151x).

∫ x^10 sin(151x) dx = x^10(-(1/151)cos(151x)) - ∫ -(1/151)cos(151x) (10x^9) dx
= -(1/151)x^10 cos(151x) + (10/151) ∫ x^9 cos(151x) dx

Substituting back into the original integral:
∫ x^11 cos(151x) dx = (1/151)x^11 sin(151x) - (11/151) [-(1/151)x^10 cos(151x) + (10/151) ∫ x^9 cos(151x) dx]
= (1/151)x^11 sin(151x) + (11/151^2)x^10 cos(151x) - (110/151^2) ∫ x^9 cos(151x) dx

We continue this process.
Let u = x^9 and dv = cos(151x) dx.
Then du = 9x^8 dx and v = (1/151)sin(151x).
∫ x^9 cos(151x) dx = x^9(1/151)sin(151x) - ∫ (1/151)sin(151x)(9x^8) dx
= (1/151)x^9 sin(151x) - (9/151) ∫ x^8 sin(151x) dx

Substituting back:
∫ x^11 cos(151x) dx = (1/151)x^11 sin(151x) + (11/151^2)x^10 cos(151x) - (110/151^2) [(1/151)x^9 sin(151x) - (9/151) ∫ x^8 sin(151x) dx]
= (1/151)x^11 sin(151x) + (11/151^2)x^10 cos(151x) - (110/151^3)x^9 sin(151x) + (990/151^3) ∫ x^8 sin(151x) dx

This process will continue until we reach ∫ x sin(151x) dx or ∫ cos(151x) dx.
The general pattern is:
∫ x^n cos(151x) dx = (1/151)x^n sin(151x) - (n/151) ∫ x^(n-1) sin(151x) dx
∫ x^n sin(151x) dx = -(1/151)x^n cos(151x) + (n/151) ∫ x^(n-1) cos(151x) dx

After 11 iterations, we will have a very long expression.
Let's write the general form:
∫ x^11 cos(151x) dx = A x^11 sin(151x) + B x^10 cos(151x) + C x^9 sin(151x) + ... + K sin(151x) + L cos(151x)

The integral is:
(1/151)x^11 sin(151x) + (11/151^2)x^10 cos(151x) - (110/151^3)x^9 sin(151x) + (990/151^4)x^8 cos(151x) - (8910/151^5)x^7 sin(151x) + (79209/151^6)x^6 cos(151x) - (692889/151^7)x^5 sin(151x) + (6236001/151^8)x^4 cos(151x) - (55124009/151^9)x^3 sin(151x) + (486000081/151^10)x^2 cos(151x) - (4374000729/151^11)x sin(151x) + (39360006561/151^12) cos(151x) + C

\boxed{\frac{1}{151}x^{11}\sin(151x) + \frac{11}{151^2}x^{10}\cos(151x) - \frac{110}{151^3}x^9\sin(151x) + \frac{990}{151^4}x^8\cos(151x) - \frac{8910}{151^5}x^7\sin(151x) + \frac{79209}{151^6}x^6\cos(151x) - \frac{692889}{151^7}x^5\sin(151x) + \frac{6236001}{151^8}x^4\cos(151x) - \frac{55124009}{151^9}x^3\sin(151x) + \frac{486000081}{151^{10}}x^2\cos(151x) - \frac{4374000729}{151^{11}}x\sin(151x) + \frac{39360006561}{151^{12}}\cos(151x) + C}",(110/151^3)x^9 sin(151x) [+] (990/151^3) ∫ x^8 sin(1,445,AGREED_FIRST(min)
ibp_pts_n15_b59,Gemma-3,integration_by_parts,level_n15,Alternating_Drift,IBP_v_formula,failure,- \frac{x^{15} \cos{\left(59 x \right)}}{59} + \frac{15 x^{14} \sin{\left(59 x \right)}}{3481} + \frac{210 x^{13} \cos{\left(59 x \right)}}{205379} - \frac{2730 x^{12} \sin{\left(59 x \right)}}{12117361} - \frac{32760 x^{11} \cos{\left(59 x \right)}}{714924299} + \frac{360360 x^{10} \sin{\left(59 x \right)}}{42180533641} + \frac{3603600 x^{9} \cos{\left(59 x \right)}}{2488651484819} - \frac{32432400 x^{8} \sin{\left(59 x \right)}}{146830437604321} - \frac{259459200 x^{7} \cos{\left(59 x \right)}}{8662995818654939} + \frac{1816214400 x^{6} \sin{\left(59 x \right)}}{511116753300641401} + \frac{10897286400 x^{5} \cos{\left(59 x \right)}}{30155888444737842659} - \frac{54486432000 x^{4} \sin{\left(59 x \right)}}{1779197418239532716881} - \frac{217945728000 x^{3} \cos{\left(59 x \right)}}{104972647676132430295979} + \frac{653837184000 x^{2} \sin{\left(59 x \right)}}{6193386212891813387462761} + \frac{1307674368000 x \cos{\left(59 x \right)}}{365409786560616989860302899} - \frac{1307674368000 \sin{\left(59 x \right)}}{21559177407076402401757871041},+,-,2891,"<start_of_turn>user
You are a precise mathematical assistant. Show all computation steps clearly. Always put your final simplified antiderivative inside \boxed{}.

Evaluate the following integral step by step.

∫ x^15 · sin(59x) dx

This is a polynomial-trigonometric integral. Work step by step using integration by parts.

Show all steps clearly and put your final simplified antiderivative inside \boxed{}.<end_of_turn>
<start_of_turn>model
Let $I = \int x^{15} \sin(59x) dx$. We will use integration by parts repeatedly.
Let $u = x^{15}$ and $dv = \sin(59x) dx$. Then $du = 15x^{14} dx$ and $v = -\frac{1}{59} \cos(59x)$.
$I = -\frac{1}{59} x^{15} \cos(59x) - \int (-\frac{1}{59} \cos(59x)) (15x^{14}) dx = -\frac{1}{59} x^{15} \cos(59x) + \frac{15}{59} \int x^{14} \cos(59x) dx$.

Let $I_1 = \int x^{14} \cos(59x) dx$. Let $u = x^{14}$ and $dv = \cos(59x) dx$. Then $du = 14x^{13} dx$ and $v = \frac{1}{59} \sin(59x)$.
$I_1 = \frac{1}{59} x^{14} \sin(59x) - \int \frac{1}{59} \sin(59x) (14x^{13}) dx = \frac{1}{59} x^{14} \sin(59x) - \frac{14}{59} \int x^{13} \sin(59x) dx$.
$I = -\frac{1}{59} x^{15} \cos(59x) + \frac{15}{59} (\frac{1}{59} x^{14} \sin(59x) - \frac{14}{59} \int x^{13} \sin(59x) dx) = -\frac{1}{59} x^{15} \cos(59x) + \frac{15}{59^2} x^{14} \sin(59x) - \frac{15 \cdot 14}{59^2} \int x^{13} \sin(59x) dx$.

Let $I_2 = \int x^{13} \sin(59x) dx$. Let $u = x^{13}$ and $dv = \sin(59x) dx$. Then $du = 13x^{12} dx$ and $v = -\frac{1}{59} \cos(59x)$.
$I_2 = -\frac{1}{59} x^{13} \cos(59x) - \int (-\frac{1}{59} \cos(59x)) (13x^{12}) dx = -\frac{1}{59} x^{13} \cos(59x) + \frac{13}{59} \int x^{12} \cos(59x) dx$.
$I = -\frac{1}{59} x^{15} \cos(59x) + \frac{15}{59^2} x^{14} \sin(59x) - \frac{15 \cdot 14}{59^2} (-\frac{1}{59} x^{13} \cos(59x) + \frac{13}{59} \int x^{12} \cos(59x) dx) = -\frac{1}{59} x^{15} \cos(59x) + \frac{15}{59^2} x^{14} \sin(59x) + \frac{15 \cdot 14}{59^3} x^{13} \cos(59x) - \frac{15 \cdot 14 \cdot 13}{59^3} \int x^{12} \cos(59x) dx$.

We continue this process until we reach $\int x dx$.
The general pattern is:
$I_n = \int x^n \sin(59x) dx = -\frac{1}{59} x^n \cos(59x) + \frac{n}{59} \int x^{n-1} \cos(59x) dx$.
$I_n = \int x^n \cos(59x) dx = \frac{1}{59} x^n \sin(59x) - \frac{n}{59} \int x^{n-1} \sin(59x) dx$.

After 16 integration by parts, we will have a constant term.
The integral will be of the form:
$I = \sum_{k=0}^{15} c_k x^{15-k} \cos(59x) + \sum_{k=0}^{14} d_k x^{15-k} \sin(59x)$.
The coefficients are complicated.

Let's use the tabular method.
$x^{15} \quad \sin(59x)$
$15x^{14} \quad -\frac{1}{59} \cos(59x)$
$15 \cdot 14 x^{13} \quad -\frac{1}{59^2} \sin(59x)$
$15 \cdot 14 \cdot 13 x^{12} \quad \frac{1}{59^3} \cos(59x)$
...
$15 \cdot 14 \cdot ... \cdot 1 x^0 \quad \frac{1}{59^{16}} \sin(59x)$

The integral is:
$I = -\frac{1}{59} x^{15} \cos(59x) + \frac{15}{59^2} x^{14} \sin(59x) + \frac{15 \cdot 14}{59^3} x^{13} \cos(59x) + \frac{15 \cdot 14 \cdot 13}{59^4} x^{12} \sin(59x) + ... + \frac{15!}{59^{16}} \sin(59x)$.

$\boxed{-\frac{x^{15} \cos(59x)}{59} + \frac{15 x^{14} \sin(59x)}{59^2} + \frac{15 \cdot 14 x^{13} \cos(59x)}{59^3} + \frac{15 \cdot 14 \cdot 13 x^{12} \sin(59x)}{59^4} + \dots + \frac{15!}{59^{16}} \sin(59x) + C}$

Final Answer: The final answer is $\boxed{-\frac{x^{15} \cos(59x)}{59} + \frac{15 x^{14} \sin(59x)}{59^2} + \frac{15 \cdot 14 x^{13} \cos(59x)}{59^3} + \frac{15 \cdot 14 \cdot 13 x^{12} \sin(59x)}{59^4} + \dots + \frac{15!}{59^{16}} \sin(59x) + C}$","Let $I = \int x^{15} \sin(59x) dx$. We will use integration by parts repeatedly.
Let $u = x^{15}$ and $dv = \sin(59x) dx$. Then $du = 15x^{14} dx$ and $v = -\frac{1}{59} \cos(59x)$.
$I = -\frac{1}{59} x^{15} \cos(59x) - \int (-\frac{1}{59} \cos(59x)) (15x^{14}) dx = -\frac{1}{59} x^{15} \cos(59x) + \frac{15}{59} \int x^{14} \cos(59x) dx$.

Let $I_1 = \int x^{14} \cos(59x) dx$. Let $u = x^{14}$ and $dv = \cos(59x) dx$. Then $du = 14x^{13} dx$ and $v = \frac{1}{59} \sin(59x)$.
$I_1 = \frac{1}{59} x^{14} \sin(59x) - \int \frac{1}{59} \sin(59x) (14x^{13}) dx = \frac{1}{59} x^{14} \sin(59x) - \frac{14}{59} \int x^{13} \sin(59x) dx$.
$I = -\frac{1}{59} x^{15} \cos(59x) + \frac{15}{59} (\frac{1}{59} x^{14} \sin(59x) - \frac{14}{59} \int x^{13} \sin(59x) dx) = -\frac{1}{59} x^{15} \cos(59x) + \frac{15}{59^2} x^{14} \sin(59x) - \frac{15 \cdot 14}{59^2} \int x^{13} \sin(59x) dx$.

Let $I_2 = \int x^{13} \sin(59x) dx$. Let $u = x^{13}$ and $dv = \sin(59x) dx$. Then $du = 13x^{12} dx$ and $v = -\frac{1}{59} \cos(59x)$.
$I_2 = -\frac{1}{59} x^{13} \cos(59x) - \int (-\frac{1}{59} \cos(59x)) (13x^{12}) dx = -\frac{1}{59} x^{13} \cos(59x) + \frac{13}{59} \int x^{12} \cos(59x) dx$.
$I = -\frac{1}{59} x^{15} \cos(59x) + \frac{15}{59^2} x^{14} \sin(59x) - \frac{15 \cdot 14}{59^2} (-\frac{1}{59} x^{13} \cos(59x) + \frac{13}{59} \int x^{12} \cos(59x) dx) = -\frac{1}{59} x^{15} \cos(59x) + \frac{15}{59^2} x^{14} \sin(59x) + \frac{15 \cdot 14}{59^3} x^{13} \cos(59x) - \frac{15 \cdot 14 \cdot 13}{59^3} \int x^{12} \cos(59x) dx$.

We continue this process until we reach $\int x dx$.
The general pattern is:
$I_n = \int x^n \sin(59x) dx = -\frac{1}{59} x^n \cos(59x) + \frac{n}{59} \int x^{n-1} \cos(59x) dx$.
$I_n = \int x^n \cos(59x) dx = \frac{1}{59} x^n \sin(59x) - \frac{n}{59} \int x^{n-1} \sin(59x) dx$.

After 16 integration by parts, we will have a constant term.
The integral will be of the form:
$I = \sum_{k=0}^{15} c_k x^{15-k} \cos(59x) + \sum_{k=0}^{14} d_k x^{15-k} \sin(59x)$.
The coefficients are complicated.

Let's use the tabular method.
$x^{15} \quad \sin(59x)$
$15x^{14} \quad -\frac{1}{59} \cos(59x)$
$15 \cdot 14 x^{13} \quad -\frac{1}{59^2} \sin(59x)$
$15 \cdot 14 \cdot 13 x^{12} \quad \frac{1}{59^3} \cos(59x)$
...
$15 \cdot 14 \cdot ... \cdot 1 x^0 \quad \frac{1}{59^{16}} \sin(59x)$

The integral is:
$I = -\frac{1}{59} x^{15} \cos(59x) + \frac{15}{59^2} x^{14} \sin(59x) + \frac{15 \cdot 14}{59^3} x^{13} \cos(59x) + \frac{15 \cdot 14 \cdot 13}{59^4} x^{12} \sin(59x) + ... + \frac{15!}{59^{16}} \sin(59x)$.

$\boxed{-\frac{x^{15} \cos(59x)}{59} + \frac{15 x^{14} \sin(59x)}{59^2} + \frac{15 \cdot 14 x^{13} \cos(59x)}{59^3} + \frac{15 \cdot 14 \cdot 13 x^{12} \sin(59x)}{59^4} + \dots + \frac{15!}{59^{16}} \sin(59x) + C}$

Final Answer: The final answer is $\boxed{-\frac{x^{15} \cos(59x)}{59} + \frac{15 x^{14} \sin(59x)}{59^2} + \frac{15 \cdot 14 x^{13} \cos(59x)}{59^3} + \frac{15 \cdot 14 \cdot 13 x^{12} \sin(59x)}{59^4} + \dots + \frac{15!}{59^{16}} \sin(59x) + C}$",}{59^3} x^{13} \cos(59x) [+] \frac{15 \cdot 14 \cdot,444,AGREED_FIRST(min)
ibp_ptc_n15_b67,Gemma-3,integration_by_parts,level_n15,Silent_Sign_Flip,IBP_v_formula,failure,\frac{x^{15} \sin{\left(67 x \right)}}{67} + \frac{15 x^{14} \cos{\left(67 x \right)}}{4489} - \frac{210 x^{13} \sin{\left(67 x \right)}}{300763} - \frac{2730 x^{12} \cos{\left(67 x \right)}}{20151121} + \frac{32760 x^{11} \sin{\left(67 x \right)}}{1350125107} + \frac{360360 x^{10} \cos{\left(67 x \right)}}{90458382169} - \frac{3603600 x^{9} \sin{\left(67 x \right)}}{6060711605323} - \frac{32432400 x^{8} \cos{\left(67 x \right)}}{406067677556641} + \frac{259459200 x^{7} \sin{\left(67 x \right)}}{27206534396294947} + \frac{1816214400 x^{6} \cos{\left(67 x \right)}}{1822837804551761449} - \frac{10897286400 x^{5} \sin{\left(67 x \right)}}{122130132904968017083} - \frac{54486432000 x^{4} \cos{\left(67 x \right)}}{8182718904632857144561} + \frac{217945728000 x^{3} \sin{\left(67 x \right)}}{548242166610401428685587} + \frac{653837184000 x^{2} \cos{\left(67 x \right)}}{36732225162896895721934329} - \frac{1307674368000 x \sin{\left(67 x \right)}}{2461059085914092013369600043} - \frac{1307674368000 \cos{\left(67 x \right)}}{164890958756244164895763202881},+,-,2470,"<start_of_turn>user
You are a precise mathematical assistant. Show all computation steps clearly. Always put your final simplified antiderivative inside \boxed{}.

Evaluate the following integral step by step.

∫ x^15 · cos(67x) dx

This is a polynomial-trigonometric integral. Work step by step using integration by parts.

Show all steps clearly and put your final simplified antiderivative inside \boxed{}.<end_of_turn>
<start_of_turn>model
Let $I = \int x^{15} \cos(67x) dx$. We will use integration by parts repeatedly.
Let $u = x^{15}$ and $dv = \cos(67x) dx$. Then $du = 15x^{14} dx$ and $v = \frac{1}{67} \sin(67x)$.
Using integration by parts, we have
$I = \frac{1}{67} x^{15} \sin(67x) - \int \frac{1}{67} \sin(67x) \cdot 15x^{14} dx = \frac{1}{67} x^{15} \sin(67x) - \frac{15}{67} \int x^{14} \sin(67x) dx$.

Now, let $I_1 = \int x^{14} \sin(67x) dx$.
Let $u = x^{14}$ and $dv = \sin(67x) dx$. Then $du = 14x^{13} dx$ and $v = -\frac{1}{67} \cos(67x)$.
$I_1 = -\frac{1}{67} x^{14} \cos(67x) - \int -\frac{1}{67} \cos(67x) \cdot 14x^{13} dx = -\frac{1}{67} x^{14} \cos(67x) + \frac{14}{67} \int x^{13} \cos(67x) dx$.

Let $I_2 = \int x^{13} \cos(67x) dx$.
Let $u = x^{13}$ and $dv = \cos(67x) dx$. Then $du = 13x^{12} dx$ and $v = \frac{1}{67} \sin(67x)$.
$I_2 = \frac{1}{67} x^{13} \sin(67x) - \int \frac{1}{67} \sin(67x) \cdot 13x^{12} dx = \frac{1}{67} x^{13} \sin(67x) - \frac{13}{67} \int x^{12} \sin(67x) dx$.

Let $I_3 = \int x^{12} \sin(67x) dx$.
Let $u = x^{12}$ and $dv = \sin(67x) dx$. Then $du = 12x^{11} dx$ and $v = -\frac{1}{67} \cos(67x)$.
$I_3 = -\frac{1}{67} x^{12} \cos(67x) - \int -\frac{1}{67} \cos(67x) \cdot 12x^{11} dx = -\frac{1}{67} x^{12} \cos(67x) + \frac{12}{67} \int x^{11} \cos(67x) dx$.

We continue this process until we reach $\int x^0 dx = \int 1 dx = x$.
The pattern is:
$I = \frac{1}{67} x^{15} \sin(67x) - \frac{15}{67} I_1$
$I_1 = -\frac{1}{67} x^{14} \cos(67x) + \frac{14}{67} I_2$
$I_2 = \frac{1}{67} x^{13} \sin(67x) - \frac{13}{67} I_3$
$I_3 = -\frac{1}{67} x^{12} \cos(67x) + \frac{12}{67} I_4$
...
$I_{15} = \int x^0 dx = x$

The general form is $I_n = \frac{1}{67} x^{15-n} \sin(67x) - \frac{15-n}{67} I_{n-1}$ or $I_n = -\frac{1}{67} x^{15-n} \cos(67x) + \frac{15-n}{67} I_{n-1}$.
The integral will be a sum of terms of the form $\frac{1}{67^k} x^{15-k} \sin(67x)$ and $\frac{1}{67^k} x^{15-k} \cos(67x)$ for $k=0, 1, \dots, 15$.

The integral is
$\frac{1}{67} x^{15} \sin(67x) + \frac{15}{67^2} x^{14} \cos(67x) + \frac{15 \cdot 14}{67^3} x^{13} \sin(67x) + \frac{15 \cdot 14 \cdot 13}{67^4} x^{12} \cos(67x) + \dots + \frac{15!}{67^{15}} x^0 \sin(67x) + C$
$\frac{1}{67} x^{15} \sin(67x) + \frac{15}{67^2} x^{14} \cos(67x) + \frac{15 \cdot 14}{67^3} x^{13} \sin(67x) + \dots + \frac{15!}{67^{15}} \sin(67x) + C$

$\boxed{\frac{1}{67}x^{15}\sin(67x) + \frac{15}{67^2}x^{14}\cos(67x) + \frac{15 \cdot 14}{67^3}x^{13}\sin(67x) + \frac{15 \cdot 14 \cdot 13}{67^4}x^{12}\cos(67x) + \dots + \frac{15!}{67^{15}}\sin(67x) + C}$

Final Answer: The final answer is $\boxed{\frac{1}{67}x^{15}\sin(67x) + \frac{15}{67^2}x^{14}\cos(67x) + \frac{15 \cdot 14}{67^3}x^{13}\sin(67x) + \frac{15 \cdot 14 \cdot 13}{67^4}x^{12}\cos(67x) + \dots + \frac{15!}{67^{15}}\sin(67x) + C}$","Let $I = \int x^{15} \cos(67x) dx$. We will use integration by parts repeatedly.
Let $u = x^{15}$ and $dv = \cos(67x) dx$. Then $du = 15x^{14} dx$ and $v = \frac{1}{67} \sin(67x)$.
Using integration by parts, we have
$I = \frac{1}{67} x^{15} \sin(67x) - \int \frac{1}{67} \sin(67x) \cdot 15x^{14} dx = \frac{1}{67} x^{15} \sin(67x) - \frac{15}{67} \int x^{14} \sin(67x) dx$.

Now, let $I_1 = \int x^{14} \sin(67x) dx$.
Let $u = x^{14}$ and $dv = \sin(67x) dx$. Then $du = 14x^{13} dx$ and $v = -\frac{1}{67} \cos(67x)$.
$I_1 = -\frac{1}{67} x^{14} \cos(67x) - \int -\frac{1}{67} \cos(67x) \cdot 14x^{13} dx = -\frac{1}{67} x^{14} \cos(67x) + \frac{14}{67} \int x^{13} \cos(67x) dx$.

Let $I_2 = \int x^{13} \cos(67x) dx$.
Let $u = x^{13}$ and $dv = \cos(67x) dx$. Then $du = 13x^{12} dx$ and $v = \frac{1}{67} \sin(67x)$.
$I_2 = \frac{1}{67} x^{13} \sin(67x) - \int \frac{1}{67} \sin(67x) \cdot 13x^{12} dx = \frac{1}{67} x^{13} \sin(67x) - \frac{13}{67} \int x^{12} \sin(67x) dx$.

Let $I_3 = \int x^{12} \sin(67x) dx$.
Let $u = x^{12}$ and $dv = \sin(67x) dx$. Then $du = 12x^{11} dx$ and $v = -\frac{1}{67} \cos(67x)$.
$I_3 = -\frac{1}{67} x^{12} \cos(67x) - \int -\frac{1}{67} \cos(67x) \cdot 12x^{11} dx = -\frac{1}{67} x^{12} \cos(67x) + \frac{12}{67} \int x^{11} \cos(67x) dx$.

We continue this process until we reach $\int x^0 dx = \int 1 dx = x$.
The pattern is:
$I = \frac{1}{67} x^{15} \sin(67x) - \frac{15}{67} I_1$
$I_1 = -\frac{1}{67} x^{14} \cos(67x) + \frac{14}{67} I_2$
$I_2 = \frac{1}{67} x^{13} \sin(67x) - \frac{13}{67} I_3$
$I_3 = -\frac{1}{67} x^{12} \cos(67x) + \frac{12}{67} I_4$
...
$I_{15} = \int x^0 dx = x$

The general form is $I_n = \frac{1}{67} x^{15-n} \sin(67x) - \frac{15-n}{67} I_{n-1}$ or $I_n = -\frac{1}{67} x^{15-n} \cos(67x) + \frac{15-n}{67} I_{n-1}$.
The integral will be a sum of terms of the form $\frac{1}{67^k} x^{15-k} \sin(67x)$ and $\frac{1}{67^k} x^{15-k} \cos(67x)$ for $k=0, 1, \dots, 15$.

The integral is
$\frac{1}{67} x^{15} \sin(67x) + \frac{15}{67^2} x^{14} \cos(67x) + \frac{15 \cdot 14}{67^3} x^{13} \sin(67x) + \frac{15 \cdot 14 \cdot 13}{67^4} x^{12} \cos(67x) + \dots + \frac{15!}{67^{15}} x^0 \sin(67x) + C$
$\frac{1}{67} x^{15} \sin(67x) + \frac{15}{67^2} x^{14} \cos(67x) + \frac{15 \cdot 14}{67^3} x^{13} \sin(67x) + \dots + \frac{15!}{67^{15}} \sin(67x) + C$

$\boxed{\frac{1}{67}x^{15}\sin(67x) + \frac{15}{67^2}x^{14}\cos(67x) + \frac{15 \cdot 14}{67^3}x^{13}\sin(67x) + \frac{15 \cdot 14 \cdot 13}{67^4}x^{12}\cos(67x) + \dots + \frac{15!}{67^{15}}\sin(67x) + C}$

Final Answer: The final answer is $\boxed{\frac{1}{67}x^{15}\sin(67x) + \frac{15}{67^2}x^{14}\cos(67x) + \frac{15 \cdot 14}{67^3}x^{13}\sin(67x) + \frac{15 \cdot 14 \cdot 13}{67^4}x^{12}\cos(67x) + \dots + \frac{15!}{67^{15}}\sin(67x) + C}$",}{67^2} x^{14} \cos(67x) [+] \frac{15 \cdot 14}{67^3,444,S1_exact
