id,model,domain,depth_level,sign_subtype,error_family,condition,ground_truth,wrong_sign,correct_sign,sign_char_offset,full_input,Gemma-3,context_check,prefix_len,search_strategy
NC_4x4_det_1858,Gemma-3,determinant,4,Product_Sign_Error,det,failure,\det(A) = -78,+,-,2464,"<start_of_turn>user
You are a precise mathematical assistant. Show all computation steps clearly. Always put your final numerical answer inside \boxed{}.

Solve this linear algebra problem. Show your work and give the final answer.

Find the determinant of the 4×4 matrix A.

A = \begin{bmatrix} -1 & -3 & 0 & -2 \\ -2 & -1 & 2 & -4 \\ -5 & -2 & -4 & 2 \\ -1 & 1 & -2 & 1 \end{bmatrix}

<end_of_turn>
<start_of_turn>model
Let A be the given matrix:
A = \begin{bmatrix} -1 & -3 & 0 & -2 \\ -2 & -1 & 2 & -4 \\ -5 & -2 & -4 & 2 \\ -1 & 1 & -2 & 1 \end{bmatrix}

We can compute the determinant of A using cofactor expansion along the first row:
det(A) = -1 * det(\begin{bmatrix} -1 & 2 & -4 \\ -2 & -4 & 2 \\ 1 & -2 & 1 \end{bmatrix}) - (-3) * det(\begin{bmatrix} -2 & 2 & -4 \\ -5 & -4 & 2 \\ -1 & -2 & 1 \end{bmatrix}) + 0 * det(\begin{bmatrix} -2 & -1 & -4 \\ -5 & -2 & 2 \\ -1 & 1 & 1 \end{bmatrix}) - (-2) * det(\begin{bmatrix} -2 & -1 & 2 \\ -5 & -2 & -4 \\ -1 & 1 & -2 \end{bmatrix})

First, let's compute the determinant of the 3x3 matrices:
det(\begin{bmatrix} -1 & 2 & -4 \\ -2 & -4 & 2 \\ 1 & -2 & 1 \end{bmatrix}) = -1 * det(\begin{bmatrix} -4 & 2 \\ -2 & 1 \end{bmatrix}) - 2 * det(\begin{bmatrix} -2 & 2 \\ 1 & 1 \end{bmatrix}) + (-4) * det(\begin{bmatrix} -2 & -4 \\ 1 & -2 \end{bmatrix})
= -1 * (-4*1 - 2*(-2)) - 2 * (-2*1 - 2*1) - 4 * (-2*(-2) - (-4)*1)
= -1 * (-4 + 4) - 2 * (-2 - 2) - 4 * (4 + 4)
= -1 * 0 - 2 * (-4) - 4 * 8
= 0 + 8 - 32
= -24

det(\begin{bmatrix} -2 & 2 & -4 \\ -5 & -4 & 2 \\ -1 & -2 & 1 \end{bmatrix}) = -2 * det(\begin{bmatrix} -4 & 2 \\ -2 & 1 \end{bmatrix}) - 2 * det(\begin{bmatrix} -5 & 2 \\ -1 & 1 \end{bmatrix}) + (-4) * det(\begin{bmatrix} -5 & -4 \\ -1 & -2 \end{bmatrix})
= -2 * (-4*1 - 2*(-2)) - 2 * (-5*1 - 2*(-1)) - 4 * (-5*(-2) - (-4)*(-1))
= -2 * (-4 + 4) - 2 * (-5 + 2) - 4 * (10 - 4)
= -2 * 0 - 2 * (-3) - 4 * 6
= 0 + 6 - 24
= -18

det(\begin{bmatrix} -2 & -1 & 2 \\ -5 & -2 & -4 \\ -1 & 1 & -2 \end{bmatrix}) = -2 * det(\begin{bmatrix} -2 & -4 \\ 1 & -2 \end{bmatrix}) - (-1) * det(\begin{bmatrix} -5 & -4 \\ -1 & -2 \end{bmatrix}) + 2 * det(\begin{bmatrix} -5 & -2 \\ -1 & 1 \end{bmatrix})
= -2 * (-2*(-2) - (-4)*1) + 1 * (-5*(-2) - (-4)*(-1)) + 2 * (-5*1 - (-2)*(-1))
= -2 * (4 + 4) + 1 * (10 - 4) + 2 * (-5 - 2)
= -2 * 8 + 1 * 6 + 2 * (-7)
= -16 + 6 - 14
= -24

Now, substitute these values back into the expression for det(A):
det(A) = -1 * (-24) - (-3) * (-18) + 0 * det(...) - (-2) * (-24)
= 24 - 54 + 0 + 48
= 24 - 54 + 48
= 18

Final Answer: The final answer is $\boxed{18}$","Let A be the given matrix:
A = \begin{bmatrix} -1 & -3 & 0 & -2 \\ -2 & -1 & 2 & -4 \\ -5 & -2 & -4 & 2 \\ -1 & 1 & -2 & 1 \end{bmatrix}

We can compute the determinant of A using cofactor expansion along the first row:
det(A) = -1 * det(\begin{bmatrix} -1 & 2 & -4 \\ -2 & -4 & 2 \\ 1 & -2 & 1 \end{bmatrix}) - (-3) * det(\begin{bmatrix} -2 & 2 & -4 \\ -5 & -4 & 2 \\ -1 & -2 & 1 \end{bmatrix}) + 0 * det(\begin{bmatrix} -2 & -1 & -4 \\ -5 & -2 & 2 \\ -1 & 1 & 1 \end{bmatrix}) - (-2) * det(\begin{bmatrix} -2 & -1 & 2 \\ -5 & -2 & -4 \\ -1 & 1 & -2 \end{bmatrix})

First, let's compute the determinant of the 3x3 matrices:
det(\begin{bmatrix} -1 & 2 & -4 \\ -2 & -4 & 2 \\ 1 & -2 & 1 \end{bmatrix}) = -1 * det(\begin{bmatrix} -4 & 2 \\ -2 & 1 \end{bmatrix}) - 2 * det(\begin{bmatrix} -2 & 2 \\ 1 & 1 \end{bmatrix}) + (-4) * det(\begin{bmatrix} -2 & -4 \\ 1 & -2 \end{bmatrix})
= -1 * (-4*1 - 2*(-2)) - 2 * (-2*1 - 2*1) - 4 * (-2*(-2) - (-4)*1)
= -1 * (-4 + 4) - 2 * (-2 - 2) - 4 * (4 + 4)
= -1 * 0 - 2 * (-4) - 4 * 8
= 0 + 8 - 32
= -24

det(\begin{bmatrix} -2 & 2 & -4 \\ -5 & -4 & 2 \\ -1 & -2 & 1 \end{bmatrix}) = -2 * det(\begin{bmatrix} -4 & 2 \\ -2 & 1 \end{bmatrix}) - 2 * det(\begin{bmatrix} -5 & 2 \\ -1 & 1 \end{bmatrix}) + (-4) * det(\begin{bmatrix} -5 & -4 \\ -1 & -2 \end{bmatrix})
= -2 * (-4*1 - 2*(-2)) - 2 * (-5*1 - 2*(-1)) - 4 * (-5*(-2) - (-4)*(-1))
= -2 * (-4 + 4) - 2 * (-5 + 2) - 4 * (10 - 4)
= -2 * 0 - 2 * (-3) - 4 * 6
= 0 + 6 - 24
= -18

det(\begin{bmatrix} -2 & -1 & 2 \\ -5 & -2 & -4 \\ -1 & 1 & -2 \end{bmatrix}) = -2 * det(\begin{bmatrix} -2 & -4 \\ 1 & -2 \end{bmatrix}) - (-1) * det(\begin{bmatrix} -5 & -4 \\ -1 & -2 \end{bmatrix}) + 2 * det(\begin{bmatrix} -5 & -2 \\ -1 & 1 \end{bmatrix})
= -2 * (-2*(-2) - (-4)*1) + 1 * (-5*(-2) - (-4)*(-1)) + 2 * (-5*1 - (-2)*(-1))
= -2 * (4 + 4) + 1 * (10 - 4) + 2 * (-5 - 2)
= -2 * 8 + 1 * 6 + 2 * (-7)
= -16 + 6 - 14
= -24

Now, substitute these values back into the expression for det(A):
det(A) = -1 * (-24) - (-3) * (-18) + 0 * det(...) - (-2) * (-24)
= 24 - 54 + 0 + 48
= 24 - 54 + 48
= 18

Final Answer: The final answer is $\boxed{18}$","2) * (-24)
= 24 - 54 + 0 [+] 48
= 24 - 54 + 48
= 18
",422,S1_exact
NC2_4x4_det_0848,Gemma-3,determinant,4,Cofactor_Neglect,det,failure,\det(A) = -1165,-,+,2009,"<start_of_turn>user
You are a precise mathematical assistant. Show all computation steps clearly. Always put your final numerical answer inside \boxed{}.

Solve this linear algebra problem. Show your work and give the final answer.

Find the determinant of the 4×4 matrix A.

A = \begin{bmatrix} -1 & -3 & 0 & 0 \\ 5 & 1 & -5 & -3 \\ -3 & 2 & -5 & -5 \\ -5 & 0 & -5 & 4 \end{bmatrix}

<end_of_turn>
<start_of_turn>model

We want to find the determinant of the 4x4 matrix A:
A = \begin{bmatrix} -1 & -3 & 0 & 0 \\ 5 & 1 & -5 & -3 \\ -3 & 2 & -5 & -5 \\ -5 & 0 & -5 & 4 \end{bmatrix}

We can compute the determinant by cofactor expansion along the first row.
det(A) = -1 * C_{11} + (-3) * C_{12} + 0 * C_{13} + 0 * C_{14}
where C_{ij} is the cofactor of the element in the i-th row and j-th column.

C_{11} = (-1)^{1+1} * det \begin{bmatrix} 1 & -5 & -3 \\ 2 & -5 & -5 \\ 0 & -5 & 4 \end{bmatrix}
C_{12} = (-1)^{1+2} * det \begin{bmatrix} 5 & -5 & -3 \\ -3 & -5 & -5 \\ -5 & -5 & 4 \end{bmatrix}

Let's compute the 3x3 determinants.
det \begin{bmatrix} 1 & -5 & -3 \\ 2 & -5 & -5 \\ 0 & -5 & 4 \end{bmatrix} = 1 * det \begin{bmatrix} -5 & -5 \\ -5 & 4 \end{bmatrix} - (-5) * det \begin{bmatrix} 2 & -5 \\ 0 & 4 \end{bmatrix} + (-3) * det \begin{bmatrix} 2 & -5 \\ 0 & -5 \end{bmatrix}
= 1 * ((-5)*4 - (-5)*(-5)) + 5 * (2*4 - (-5)*0) - 3 * (2*(-5) - (-5)*0)
= 1 * (-20 - 25) + 5 * (8 - 0) - 3 * (-10 - 0)
= 1 * (-45) + 5 * 8 - 3 * (-10)
= -45 + 40 + 30
= 25

det \begin{bmatrix} 5 & -5 & -3 \\ -3 & -5 & -5 \\ -5 & -5 & 4 \end{bmatrix} = 5 * det \begin{bmatrix} -5 & -5 \\ -5 & 4 \end{bmatrix} - (-5) * det \begin{bmatrix} -3 & -5 \\ -5 & 4 \end{bmatrix} + (-3) * det \begin{bmatrix} -3 & -5 \\ -5 & -5 \end{bmatrix}
= 5 * ((-5)*4 - (-5)*(-5)) + 5 * ((-3)*4 - (-5)*(-5)) - 3 * ((-3)*(-5) - (-5)*(-5))
= 5 * (-20 - 25) + 5 * (-12 - 25) - 3 * (15 - 25)
= 5 * (-45) + 5 * (-37) - 3 * (-10)
= -225 - 185 + 30
= -380

Now, we can compute the determinant of A:
det(A) = -1 * C_{11} + (-3) * C_{12}
= -1 * 25 + (-3) * (-380)
= -25 + 1140
= 1115

Final Answer: The final answer is $\boxed{1115}$","
We want to find the determinant of the 4x4 matrix A:
A = \begin{bmatrix} -1 & -3 & 0 & 0 \\ 5 & 1 & -5 & -3 \\ -3 & 2 & -5 & -5 \\ -5 & 0 & -5 & 4 \end{bmatrix}

We can compute the determinant by cofactor expansion along the first row.
det(A) = -1 * C_{11} + (-3) * C_{12} + 0 * C_{13} + 0 * C_{14}
where C_{ij} is the cofactor of the element in the i-th row and j-th column.

C_{11} = (-1)^{1+1} * det \begin{bmatrix} 1 & -5 & -3 \\ 2 & -5 & -5 \\ 0 & -5 & 4 \end{bmatrix}
C_{12} = (-1)^{1+2} * det \begin{bmatrix} 5 & -5 & -3 \\ -3 & -5 & -5 \\ -5 & -5 & 4 \end{bmatrix}

Let's compute the 3x3 determinants.
det \begin{bmatrix} 1 & -5 & -3 \\ 2 & -5 & -5 \\ 0 & -5 & 4 \end{bmatrix} = 1 * det \begin{bmatrix} -5 & -5 \\ -5 & 4 \end{bmatrix} - (-5) * det \begin{bmatrix} 2 & -5 \\ 0 & 4 \end{bmatrix} + (-3) * det \begin{bmatrix} 2 & -5 \\ 0 & -5 \end{bmatrix}
= 1 * ((-5)*4 - (-5)*(-5)) + 5 * (2*4 - (-5)*0) - 3 * (2*(-5) - (-5)*0)
= 1 * (-20 - 25) + 5 * (8 - 0) - 3 * (-10 - 0)
= 1 * (-45) + 5 * 8 - 3 * (-10)
= -45 + 40 + 30
= 25

det \begin{bmatrix} 5 & -5 & -3 \\ -3 & -5 & -5 \\ -5 & -5 & 4 \end{bmatrix} = 5 * det \begin{bmatrix} -5 & -5 \\ -5 & 4 \end{bmatrix} - (-5) * det \begin{bmatrix} -3 & -5 \\ -5 & 4 \end{bmatrix} + (-3) * det \begin{bmatrix} -3 & -5 \\ -5 & -5 \end{bmatrix}
= 5 * ((-5)*4 - (-5)*(-5)) + 5 * ((-3)*4 - (-5)*(-5)) - 3 * ((-3)*(-5) - (-5)*(-5))
= 5 * (-20 - 25) + 5 * (-12 - 25) - 3 * (15 - 25)
= 5 * (-45) + 5 * (-37) - 3 * (-10)
= -225 - 185 + 30
= -380

Now, we can compute the determinant of A:
det(A) = -1 * C_{11} + (-3) * C_{12}
= -1 * 25 + (-3) * (-380)
= -25 + 1140
= 1115

Final Answer: The final answer is $\boxed{1115}$","{12}
= -1 * 25 + (-3) * ([-]380)
= -25 + 1140
= 1115",420,S1_exact
NC2_4x4_det_1034,Gemma-3,determinant,4,Product_Sign_Error,det,failure,\det(A) = -225,+,-,1510,"<start_of_turn>user
You are a precise mathematical assistant. Show all computation steps clearly. Always put your final numerical answer inside \boxed{}.

Solve this linear algebra problem. Show your work and give the final answer.

Find the determinant of the 4×4 matrix A.

A = \begin{bmatrix} 4 & -2 & -5 & 3 \\ -3 & -4 & 2 & 4 \\ 3 & 1 & 0 & 1 \\ -4 & 5 & 4 & -4 \end{bmatrix}

<end_of_turn>
<start_of_turn>model

Let A be the given matrix:
A = \begin{bmatrix} 4 & -2 & -5 & 3 \\ -3 & -4 & 2 & 4 \\ 3 & 1 & 0 & 1 \\ -4 & 5 & 4 & -4 \end{bmatrix}

We can compute the determinant of A using cofactor expansion along the third row:
det(A) = 3 * C_{31} + 1 * C_{32} + 0 * C_{33} + 1 * C_{34}
where C_{ij} is the cofactor of the element in the i-th row and j-th column.

C_{31} = (-1)^{3+1} * det \begin{bmatrix} -2 & -5 & 3 \\ -4 & 2 & 4 \\ 5 & 4 & -4 \end{bmatrix}
= 1 * (-2(2*(-4) - 4*4) - (-5)(-4*(-4) - 4*5) + 3(-4*4 - 2*5))
= -2(-8 - 16) + 5(16 - 20) + 3(-16 - 10)
= -2(-24) + 5(-4) + 3(-26)
= 48 - 20 - 78
= -50

C_{32} = (-1)^{3+2} * det \begin{bmatrix} 4 & -5 & 3 \\ -3 & 2 & 4 \\ -4 & 4 & -4 \end{bmatrix}
= -1 * (4(2*(-4) - 4*4) - (-5)(-3*(-4) - 4*(-4)) + 3(-3*4 - 2*(-4)))
= -1 * (4(-8 - 16) + 5(12 + 16) + 3(-12 + 8))
= -1 * (4(-24) + 5(28) + 3(-4))
= -1 * (-96 + 140 - 12)
= -1 * (32)
= -32

C_{34} = (-1)^{3+4} * det \begin{bmatrix} 4 & -2 & -5 \\ -3 & -4 & 2 \\ -4 & 5 & 4 \end{bmatrix}
= -1 * (4(-4*4 - 2*5) - (-2)(-3*4 - 2*(-4)) + (-5)(-3*5 - (-4)*4))
= -1 * (4(-16 - 10) + 2(-12 + 8) - 5(-15 + 16))
= -1 * (4(-26) + 2(-4) - 5(1))
= -1 * (-104 - 8 - 5)
= -1 * (-117)
= 117

det(A) = 3 * (-50) + 1 * (-32) + 0 * C_{33} + 1 * (117)
= -150 - 32 + 0 + 117
= -182 + 117
= -65

Final Answer: The final answer is $\boxed{-65}$","
Let A be the given matrix:
A = \begin{bmatrix} 4 & -2 & -5 & 3 \\ -3 & -4 & 2 & 4 \\ 3 & 1 & 0 & 1 \\ -4 & 5 & 4 & -4 \end{bmatrix}

We can compute the determinant of A using cofactor expansion along the third row:
det(A) = 3 * C_{31} + 1 * C_{32} + 0 * C_{33} + 1 * C_{34}
where C_{ij} is the cofactor of the element in the i-th row and j-th column.

C_{31} = (-1)^{3+1} * det \begin{bmatrix} -2 & -5 & 3 \\ -4 & 2 & 4 \\ 5 & 4 & -4 \end{bmatrix}
= 1 * (-2(2*(-4) - 4*4) - (-5)(-4*(-4) - 4*5) + 3(-4*4 - 2*5))
= -2(-8 - 16) + 5(16 - 20) + 3(-16 - 10)
= -2(-24) + 5(-4) + 3(-26)
= 48 - 20 - 78
= -50

C_{32} = (-1)^{3+2} * det \begin{bmatrix} 4 & -5 & 3 \\ -3 & 2 & 4 \\ -4 & 4 & -4 \end{bmatrix}
= -1 * (4(2*(-4) - 4*4) - (-5)(-3*(-4) - 4*(-4)) + 3(-3*4 - 2*(-4)))
= -1 * (4(-8 - 16) + 5(12 + 16) + 3(-12 + 8))
= -1 * (4(-24) + 5(28) + 3(-4))
= -1 * (-96 + 140 - 12)
= -1 * (32)
= -32

C_{34} = (-1)^{3+4} * det \begin{bmatrix} 4 & -2 & -5 \\ -3 & -4 & 2 \\ -4 & 5 & 4 \end{bmatrix}
= -1 * (4(-4*4 - 2*5) - (-2)(-3*4 - 2*(-4)) + (-5)(-3*5 - (-4)*4))
= -1 * (4(-16 - 10) + 2(-12 + 8) - 5(-15 + 16))
= -1 * (4(-26) + 2(-4) - 5(1))
= -1 * (-104 - 8 - 5)
= -1 * (-117)
= 117

det(A) = 3 * (-50) + 1 * (-32) + 0 * C_{33} + 1 * (117)
= -150 - 32 + 0 + 117
= -182 + 117
= -65

Final Answer: The final answer is $\boxed{-65}$","10) + 2(-12 + 8) - 5(-15 [+] 16))
= -1 * (4(-26) + 2",417,S3_exact
NC2_4x4_det_0961,Gemma-3,determinant,4,Operation_Direction,det,failure,\det(A) = 28,+,-,1041,"<start_of_turn>user
You are a precise mathematical assistant. Show all computation steps clearly. Always put your final numerical answer inside \boxed{}.

Solve this linear algebra problem. Show your work and give the final answer.

Find the determinant of the 4×4 matrix A.

A = \begin{bmatrix} 2 & 5 & -3 & -3 \\ -1 & -1 & 0 & 1 \\ -3 & -1 & -2 & 0 \\ 5 & 4 & 5 & 0 \end{bmatrix}

<end_of_turn>
<start_of_turn>model
Let A be the given matrix:
A = \begin{bmatrix} 2 & 5 & -3 & -3 \\ -1 & -1 & 0 & 1 \\ -3 & -1 & -2 & 0 \\ 5 & 4 & 5 & 0 \end{bmatrix}

We can compute the determinant of A by cofactor expansion along the last column.
det(A) = (-3)C_{14} + (1)C_{24} + (0)C_{34} + (0)C_{44}
where C_{ij} is the cofactor of the element in the i-th row and j-th column.
det(A) = -3C_{14} + C_{24}

C_{14} = (-1)^{1+4} \begin{vmatrix} -1 & -1 & 0 \\ -3 & -1 & -2 \\ 5 & 4 & 5 \end{vmatrix}
= -1 \begin{vmatrix} -1 & -1 & 0 \\ -3 & -1 & -2 \\ 5 & 4 & 5 \end{vmatrix}
= -1 [(-1)((-1)(5) - (-2)(4)) - (-1)((-3)(5) - (-2)(5)) + 0]
= -1 [(-1)(-5 + 8) + (-1)(-15 + 10)]
= -1 [(-1)(3) + (-1)(-5)]
= -1 [-3 + 5]
= -1 [2]
= -2

C_{24} = (-1)^{2+4} \begin{vmatrix} 2 & 5 & -3 \\ -3 & -1 & -2 \\ 5 & 4 & 5 \end{vmatrix}
= 1 \begin{vmatrix} 2 & 5 & -3 \\ -3 & -1 & -2 \\ 5 & 4 & 5 \end{vmatrix}
= 1 [2((-1)(5) - (-2)(4)) - 5((-3)(5) - (-2)(5)) + (-3)((-3)(4) - (-1)(5))]
= 1 [2(-5 + 8) - 5(-15 + 10) - 3(-12 + 5)]
= 1 [2(3) - 5(-5) - 3(-7)]
= 1 [6 + 25 + 21]
= 1 [52]
= 52

det(A) = -3C_{14} + C_{24}
= -3(-2) + 52
= 6 + 52
= 58

Final Answer: The final answer is $\boxed{58}$","Let A be the given matrix:
A = \begin{bmatrix} 2 & 5 & -3 & -3 \\ -1 & -1 & 0 & 1 \\ -3 & -1 & -2 & 0 \\ 5 & 4 & 5 & 0 \end{bmatrix}

We can compute the determinant of A by cofactor expansion along the last column.
det(A) = (-3)C_{14} + (1)C_{24} + (0)C_{34} + (0)C_{44}
where C_{ij} is the cofactor of the element in the i-th row and j-th column.
det(A) = -3C_{14} + C_{24}

C_{14} = (-1)^{1+4} \begin{vmatrix} -1 & -1 & 0 \\ -3 & -1 & -2 \\ 5 & 4 & 5 \end{vmatrix}
= -1 \begin{vmatrix} -1 & -1 & 0 \\ -3 & -1 & -2 \\ 5 & 4 & 5 \end{vmatrix}
= -1 [(-1)((-1)(5) - (-2)(4)) - (-1)((-3)(5) - (-2)(5)) + 0]
= -1 [(-1)(-5 + 8) + (-1)(-15 + 10)]
= -1 [(-1)(3) + (-1)(-5)]
= -1 [-3 + 5]
= -1 [2]
= -2

C_{24} = (-1)^{2+4} \begin{vmatrix} 2 & 5 & -3 \\ -3 & -1 & -2 \\ 5 & 4 & 5 \end{vmatrix}
= 1 \begin{vmatrix} 2 & 5 & -3 \\ -3 & -1 & -2 \\ 5 & 4 & 5 \end{vmatrix}
= 1 [2((-1)(5) - (-2)(4)) - 5((-3)(5) - (-2)(5)) + (-3)((-3)(4) - (-1)(5))]
= 1 [2(-5 + 8) - 5(-15 + 10) - 3(-12 + 5)]
= 1 [2(3) - 5(-5) - 3(-7)]
= 1 [6 + 25 + 21]
= 1 [52]
= 52

det(A) = -3C_{14} + C_{24}
= -3(-2) + 52
= 6 + 52
= 58

Final Answer: The final answer is $\boxed{58}$"," + 0]
= -1 [(-1)(-5 + 8) [+] (-1)(-15 + 10)]
= -1 [(",418,S1_exact
NC_4x4_det_1399,Gemma-3,determinant,4,Product_Sign_Error,det,failure,\det(A) = -222,+,-,2070,"<start_of_turn>user
You are a precise mathematical assistant. Show all computation steps clearly. Always put your final numerical answer inside \boxed{}.

Solve this linear algebra problem. Show your work and give the final answer.

Find the determinant of the 4×4 matrix A.

A = \begin{bmatrix} -2 & -5 & -1 & -5 \\ -3 & 0 & 5 & -5 \\ -4 & -4 & 3 & -3 \\ -3 & -2 & 0 & 2 \end{bmatrix}

<end_of_turn>
<start_of_turn>model
Let A be the given matrix:
A = \begin{bmatrix} -2 & -5 & -1 & -5 \\ -3 & 0 & 5 & -5 \\ -4 & -4 & 3 & -3 \\ -3 & -2 & 0 & 2 \end{bmatrix}

We can compute the determinant of A using cofactor expansion along the first row:
det(A) = -2 * det(\begin{bmatrix} 0 & 5 & -5 \\ -4 & 3 & -3 \\ -2 & 0 & 2 \end{bmatrix}) - (-5) * det(\begin{bmatrix} -3 & 5 & -5 \\ -4 & 3 & -3 \\ -3 & 0 & 2 \end{bmatrix}) + (-1) * det(\begin{bmatrix} -3 & 0 & -5 \\ -4 & -4 & -3 \\ -3 & -2 & 2 \end{bmatrix}) - (-5) * det(\begin{bmatrix} -3 & 0 & 5 \\ -4 & -4 & 3 \\ -3 & -2 & 0 \end{bmatrix})

Let's compute the determinants of the 3x3 matrices:
det(\begin{bmatrix} 0 & 5 & -5 \\ -4 & 3 & -3 \\ -2 & 0 & 2 \end{bmatrix}) = 0 * (3*2 - (-3)*0) - 5 * (-4*2 - (-3)*(-2)) + (-5) * (-4*0 - 3*(-2)) = 0 - 5 * (-8 - 6) - 5 * (6) = -5 * (-14) - 30 = 70 - 30 = 40

det(\begin{bmatrix} -3 & 5 & -5 \\ -4 & 3 & -3 \\ -3 & 0 & 2 \end{bmatrix}) = -3 * (3*2 - (-3)*0) - 5 * (-4*2 - (-3)*(-3)) + (-5) * (-4*0 - 3*(-3)) = -3 * (6) - 5 * (-8 - 9) - 5 * (9) = -18 - 5 * (-17) - 45 = -18 + 85 - 45 = 22

det(\begin{bmatrix} -3 & 0 & -5 \\ -4 & -4 & -3 \\ -3 & -2 & 2 \end{bmatrix}) = -3 * (-4*2 - (-3)*(-2)) - 0 * (-4*2 - (-3)*(-3)) + (-5) * (-4*(-2) - (-4)*(-3)) = -3 * (-8 - 6) - 0 + (-5) * (8 - 12) = -3 * (-14) - 5 * (-4) = 42 + 20 = 62

det(\begin{bmatrix} -3 & 0 & 5 \\ -4 & -4 & 3 \\ -3 & -2 & 0 \end{bmatrix}) = -3 * (-4*0 - 3*(-2)) - 0 * (-4*0 - 3*(-3)) + 5 * (-4*(-2) - (-4)*(-3)) = -3 * (6) - 0 + 5 * (8 - 12) = -18 + 5 * (-4) = -18 - 20 = -38

Now, substitute these values back into the expression for det(A):
det(A) = -2 * (40) + 5 * (22) - 1 * (62) - (-5) * (-38) = -80 + 110 - 62 + 190 = 30 - 62 + 190 = -32 + 190 = 158

Final Answer: The final answer is $\boxed{158}$","Let A be the given matrix:
A = \begin{bmatrix} -2 & -5 & -1 & -5 \\ -3 & 0 & 5 & -5 \\ -4 & -4 & 3 & -3 \\ -3 & -2 & 0 & 2 \end{bmatrix}

We can compute the determinant of A using cofactor expansion along the first row:
det(A) = -2 * det(\begin{bmatrix} 0 & 5 & -5 \\ -4 & 3 & -3 \\ -2 & 0 & 2 \end{bmatrix}) - (-5) * det(\begin{bmatrix} -3 & 5 & -5 \\ -4 & 3 & -3 \\ -3 & 0 & 2 \end{bmatrix}) + (-1) * det(\begin{bmatrix} -3 & 0 & -5 \\ -4 & -4 & -3 \\ -3 & -2 & 2 \end{bmatrix}) - (-5) * det(\begin{bmatrix} -3 & 0 & 5 \\ -4 & -4 & 3 \\ -3 & -2 & 0 \end{bmatrix})

Let's compute the determinants of the 3x3 matrices:
det(\begin{bmatrix} 0 & 5 & -5 \\ -4 & 3 & -3 \\ -2 & 0 & 2 \end{bmatrix}) = 0 * (3*2 - (-3)*0) - 5 * (-4*2 - (-3)*(-2)) + (-5) * (-4*0 - 3*(-2)) = 0 - 5 * (-8 - 6) - 5 * (6) = -5 * (-14) - 30 = 70 - 30 = 40

det(\begin{bmatrix} -3 & 5 & -5 \\ -4 & 3 & -3 \\ -3 & 0 & 2 \end{bmatrix}) = -3 * (3*2 - (-3)*0) - 5 * (-4*2 - (-3)*(-3)) + (-5) * (-4*0 - 3*(-3)) = -3 * (6) - 5 * (-8 - 9) - 5 * (9) = -18 - 5 * (-17) - 45 = -18 + 85 - 45 = 22

det(\begin{bmatrix} -3 & 0 & -5 \\ -4 & -4 & -3 \\ -3 & -2 & 2 \end{bmatrix}) = -3 * (-4*2 - (-3)*(-2)) - 0 * (-4*2 - (-3)*(-3)) + (-5) * (-4*(-2) - (-4)*(-3)) = -3 * (-8 - 6) - 0 + (-5) * (8 - 12) = -3 * (-14) - 5 * (-4) = 42 + 20 = 62

det(\begin{bmatrix} -3 & 0 & 5 \\ -4 & -4 & 3 \\ -3 & -2 & 0 \end{bmatrix}) = -3 * (-4*0 - 3*(-2)) - 0 * (-4*0 - 3*(-3)) + 5 * (-4*(-2) - (-4)*(-3)) = -3 * (6) - 0 + 5 * (8 - 12) = -18 + 5 * (-4) = -18 - 20 = -38

Now, substitute these values back into the expression for det(A):
det(A) = -2 * (40) + 5 * (22) - 1 * (62) - (-5) * (-38) = -80 + 110 - 62 + 190 = 30 - 62 + 190 = -32 + 190 = 158

Final Answer: The final answer is $\boxed{158}$",* (-38) = -80 + 110 - 62 [+] 190 = 30 - 62 + 190 = -,422,S1_exact
NC2_4x4_det_1578,Gemma-3,determinant,4,Product_Sign_Error,det,failure,\det(A) = -493,+,-,1919,"<start_of_turn>user
You are a precise mathematical assistant. Show all computation steps clearly. Always put your final numerical answer inside \boxed{}.

Solve this linear algebra problem. Show your work and give the final answer.

Find the determinant of the 4×4 matrix A.

A = \begin{bmatrix} -1 & 2 & -2 & -4 \\ 1 & -5 & 0 & -4 \\ 3 & -3 & 2 & -3 \\ 1 & 2 & -5 & 5 \end{bmatrix}

<end_of_turn>
<start_of_turn>model

Let A be the given matrix:
A = \begin{bmatrix} -1 & 2 & -2 & -4 \\ 1 & -5 & 0 & -4 \\ 3 & -3 & 2 & -3 \\ 1 & 2 & -5 & 5 \end{bmatrix}

We can compute the determinant of A using cofactor expansion along the first row:
det(A) = -1 * det(\begin{bmatrix} -5 & 0 & -4 \\ -3 & 2 & -3 \\ 2 & -5 & 5 \end{bmatrix}) - 2 * det(\begin{bmatrix} 1 & 0 & -4 \\ 3 & 2 & -3 \\ 1 & -5 & 5 \end{bmatrix}) + (-2) * det(\begin{bmatrix} 1 & -5 & -4 \\ 3 & -3 & -3 \\ 1 & 2 & 5 \end{bmatrix}) - (-4) * det(\begin{bmatrix} 1 & -5 & 0 \\ 3 & -3 & 2 \\ 1 & 2 & -5 \end{bmatrix})

Let's compute the determinants of the 3x3 matrices:
det(\begin{bmatrix} -5 & 0 & -4 \\ -3 & 2 & -3 \\ 2 & -5 & 5 \end{bmatrix}) = -5(2*5 - (-3)*(-5)) - 0 + (-4)((-3)*(-5) - 2*2) = -5(10 - 15) - 4(15 - 4) = -5(-5) - 4(11) = 25 - 44 = -19
det(\begin{bmatrix} 1 & 0 & -4 \\ 3 & 2 & -3 \\ 1 & -5 & 5 \end{bmatrix}) = 1(2*5 - (-3)*(-5)) - 0 + (-4)(3*(-5) - 2*1) = 1(10 - 15) - 4(-15 - 2) = -5 - 4(-17) = -5 + 68 = 63
det(\begin{bmatrix} 1 & -5 & -4 \\ 3 & -3 & -3 \\ 1 & 2 & 5 \end{bmatrix}) = 1((-3)*5 - (-3)*2) - (-5)(3*5 - (-3)*1) + (-4)(3*2 - (-3)*1) = 1(-15 + 6) + 5(15 + 3) - 4(6 + 3) = -9 + 5(18) - 4(9) = -9 + 90 - 36 = 45
det(\begin{bmatrix} 1 & -5 & 0 \\ 3 & -3 & 2 \\ 1 & 2 & -5 \end{bmatrix}) = 1((-3)*(-5) - 2*2) - (-5)(3*(-5) - 2*1) + 0 = 1(15 - 4) + 5(-15 - 2) = 11 + 5(-17) = 11 - 85 = -74

Now, substitute these values back into the expression for det(A):
det(A) = -1 * (-19) - 2 * (63) + (-2) * (45) - (-4) * (-74) = 19 - 126 - 90 + 296 = 19 - 126 - 90 + 296 = 19 - 216 + 296 = -197 + 296 = 99

Final Answer: The final answer is $\boxed{99}$","
Let A be the given matrix:
A = \begin{bmatrix} -1 & 2 & -2 & -4 \\ 1 & -5 & 0 & -4 \\ 3 & -3 & 2 & -3 \\ 1 & 2 & -5 & 5 \end{bmatrix}

We can compute the determinant of A using cofactor expansion along the first row:
det(A) = -1 * det(\begin{bmatrix} -5 & 0 & -4 \\ -3 & 2 & -3 \\ 2 & -5 & 5 \end{bmatrix}) - 2 * det(\begin{bmatrix} 1 & 0 & -4 \\ 3 & 2 & -3 \\ 1 & -5 & 5 \end{bmatrix}) + (-2) * det(\begin{bmatrix} 1 & -5 & -4 \\ 3 & -3 & -3 \\ 1 & 2 & 5 \end{bmatrix}) - (-4) * det(\begin{bmatrix} 1 & -5 & 0 \\ 3 & -3 & 2 \\ 1 & 2 & -5 \end{bmatrix})

Let's compute the determinants of the 3x3 matrices:
det(\begin{bmatrix} -5 & 0 & -4 \\ -3 & 2 & -3 \\ 2 & -5 & 5 \end{bmatrix}) = -5(2*5 - (-3)*(-5)) - 0 + (-4)((-3)*(-5) - 2*2) = -5(10 - 15) - 4(15 - 4) = -5(-5) - 4(11) = 25 - 44 = -19
det(\begin{bmatrix} 1 & 0 & -4 \\ 3 & 2 & -3 \\ 1 & -5 & 5 \end{bmatrix}) = 1(2*5 - (-3)*(-5)) - 0 + (-4)(3*(-5) - 2*1) = 1(10 - 15) - 4(-15 - 2) = -5 - 4(-17) = -5 + 68 = 63
det(\begin{bmatrix} 1 & -5 & -4 \\ 3 & -3 & -3 \\ 1 & 2 & 5 \end{bmatrix}) = 1((-3)*5 - (-3)*2) - (-5)(3*5 - (-3)*1) + (-4)(3*2 - (-3)*1) = 1(-15 + 6) + 5(15 + 3) - 4(6 + 3) = -9 + 5(18) - 4(9) = -9 + 90 - 36 = 45
det(\begin{bmatrix} 1 & -5 & 0 \\ 3 & -3 & 2 \\ 1 & 2 & -5 \end{bmatrix}) = 1((-3)*(-5) - 2*2) - (-5)(3*(-5) - 2*1) + 0 = 1(15 - 4) + 5(-15 - 2) = 11 + 5(-17) = 11 - 85 = -74

Now, substitute these values back into the expression for det(A):
det(A) = -1 * (-19) - 2 * (63) + (-2) * (45) - (-4) * (-74) = 19 - 126 - 90 + 296 = 19 - 126 - 90 + 296 = 19 - 216 + 296 = -197 + 296 = 99

Final Answer: The final answer is $\boxed{99}$", * (-74) = 19 - 126 - 90 [+] 296 = 19 - 126 - 90 + 2,419,S1_exact
NC_4x4_det_227,Gemma-3,determinant,4,Product_Sign_Error,det,failure,\det(A) = 122,+,-,1736,"<start_of_turn>user
You are a precise mathematical assistant. Show all computation steps clearly. Always put your final numerical answer inside \boxed{}.

Solve this linear algebra problem. Show your work and give the final answer.

Find the determinant of the 4×4 matrix A.

A = \begin{bmatrix} 3 & -4 & 0 & -5 \\ 1 & -4 & 1 & -4 \\ -2 & 0 & -3 & -4 \\ 5 & -2 & -3 & -2 \end{bmatrix}

<end_of_turn>
<start_of_turn>model

Let A be the given matrix:
A = \begin{bmatrix} 3 & -4 & 0 & -5 \\ 1 & -4 & 1 & -4 \\ -2 & 0 & -3 & -4 \\ 5 & -2 & -3 & -2 \end{bmatrix}

We can compute the determinant of A by cofactor expansion along the first row:
det(A) = 3 * det(\begin{bmatrix} -4 & 1 & -4 \\ 0 & -3 & -4 \\ -2 & -3 & -2 \end{bmatrix}) - (-4) * det(\begin{bmatrix} 1 & 1 & -4 \\ -2 & -3 & -4 \\ 5 & -3 & -2 \end{bmatrix}) + 0 * det(\begin{bmatrix} 1 & -4 & -4 \\ -2 & 0 & -4 \\ 5 & -2 & -2 \end{bmatrix}) - (-5) * det(\begin{bmatrix} 1 & -4 & 1 \\ -2 & 0 & -3 \\ 5 & -2 & -3 \end{bmatrix})

First, let's compute the 3x3 determinants:
det(\begin{bmatrix} -4 & 1 & -4 \\ 0 & -3 & -4 \\ -2 & -3 & -2 \end{bmatrix}) = -4 * ((-3)*(-2) - (-4)*(-3)) - 1 * (0*(-2) - (-4)*(-2)) + (-4) * (0*(-3) - (-3)*(-2))
= -4 * (6 - 12) - 1 * (0 - 8) - 4 * (0 - 6)
= -4 * (-6) - 1 * (-8) - 4 * (-6)
= 24 + 8 + 24 = 56

det(\begin{bmatrix} 1 & 1 & -4 \\ -2 & -3 & -4 \\ 5 & -3 & -2 \end{bmatrix}) = 1 * ((-3)*(-2) - (-4)*(-3)) - 1 * ((-2)*(-2) - (-4)*5) + (-4) * ((-2)*(-3) - (-3)*5)
= 1 * (6 - 12) - 1 * (4 + 20) - 4 * (6 + 15)
= 1 * (-6) - 1 * (24) - 4 * (21)
= -6 - 24 - 84 = -114

det(\begin{bmatrix} 1 & -4 & 1 \\ -2 & 0 & -3 \\ 5 & -2 & -3 \end{bmatrix}) = 1 * (0*(-3) - (-3)*(-2)) - (-4) * ((-2)*(-3) - (-3)*5) + 1 * ((-2)*(-2) - 0*5)
= 1 * (0 - 6) + 4 * (6 + 15) + 1 * (4 - 0)
= 1 * (-6) + 4 * (21) + 1 * (4)
= -6 + 84 + 4 = 82

Now, substitute these values back into the expression for det(A):
det(A) = 3 * (56) - (-4) * (-114) + 0 * (something) - (-5) * (82)
= 168 + 456 + 0 + 410
= 1034

Final Answer: The final answer is $\boxed{1034}$","
Let A be the given matrix:
A = \begin{bmatrix} 3 & -4 & 0 & -5 \\ 1 & -4 & 1 & -4 \\ -2 & 0 & -3 & -4 \\ 5 & -2 & -3 & -2 \end{bmatrix}

We can compute the determinant of A by cofactor expansion along the first row:
det(A) = 3 * det(\begin{bmatrix} -4 & 1 & -4 \\ 0 & -3 & -4 \\ -2 & -3 & -2 \end{bmatrix}) - (-4) * det(\begin{bmatrix} 1 & 1 & -4 \\ -2 & -3 & -4 \\ 5 & -3 & -2 \end{bmatrix}) + 0 * det(\begin{bmatrix} 1 & -4 & -4 \\ -2 & 0 & -4 \\ 5 & -2 & -2 \end{bmatrix}) - (-5) * det(\begin{bmatrix} 1 & -4 & 1 \\ -2 & 0 & -3 \\ 5 & -2 & -3 \end{bmatrix})

First, let's compute the 3x3 determinants:
det(\begin{bmatrix} -4 & 1 & -4 \\ 0 & -3 & -4 \\ -2 & -3 & -2 \end{bmatrix}) = -4 * ((-3)*(-2) - (-4)*(-3)) - 1 * (0*(-2) - (-4)*(-2)) + (-4) * (0*(-3) - (-3)*(-2))
= -4 * (6 - 12) - 1 * (0 - 8) - 4 * (0 - 6)
= -4 * (-6) - 1 * (-8) - 4 * (-6)
= 24 + 8 + 24 = 56

det(\begin{bmatrix} 1 & 1 & -4 \\ -2 & -3 & -4 \\ 5 & -3 & -2 \end{bmatrix}) = 1 * ((-3)*(-2) - (-4)*(-3)) - 1 * ((-2)*(-2) - (-4)*5) + (-4) * ((-2)*(-3) - (-3)*5)
= 1 * (6 - 12) - 1 * (4 + 20) - 4 * (6 + 15)
= 1 * (-6) - 1 * (24) - 4 * (21)
= -6 - 24 - 84 = -114

det(\begin{bmatrix} 1 & -4 & 1 \\ -2 & 0 & -3 \\ 5 & -2 & -3 \end{bmatrix}) = 1 * (0*(-3) - (-3)*(-2)) - (-4) * ((-2)*(-3) - (-3)*5) + 1 * ((-2)*(-2) - 0*5)
= 1 * (0 - 6) + 4 * (6 + 15) + 1 * (4 - 0)
= 1 * (-6) + 4 * (21) + 1 * (4)
= -6 + 84 + 4 = 82

Now, substitute these values back into the expression for det(A):
det(A) = 3 * (56) - (-4) * (-114) + 0 * (something) - (-5) * (82)
= 168 + 456 + 0 + 410
= 1034

Final Answer: The final answer is $\boxed{1034}$",")
= 1 * (0 - 6) + 4 * (6 [+] 15) + 1 * (4 - 0)
= 1 *",421,AGREED_FIRST(min)
NC_4x4_det_0872,Gemma-3,determinant,4,Product_Sign_Error,det,failure,\det(A) = -24,+,-,2436,"<start_of_turn>user
You are a precise mathematical assistant. Show all computation steps clearly. Always put your final numerical answer inside \boxed{}.

Solve this linear algebra problem. Show your work and give the final answer.

Find the determinant of the 4×4 matrix A.

A = \begin{bmatrix} -2 & -4 & 0 & -1 \\ 5 & -4 & 1 & 4 \\ -1 & 2 & -5 & -5 \\ -3 & 0 & 3 & 1 \end{bmatrix}

<end_of_turn>
<start_of_turn>model

Let A be the given matrix:
A = \begin{bmatrix} -2 & -4 & 0 & -1 \\ 5 & -4 & 1 & 4 \\ -1 & 2 & -5 & -5 \\ -3 & 0 & 3 & 1 \end{bmatrix}

We can compute the determinant of A by cofactor expansion along the first row:
det(A) = -2 * det(\begin{bmatrix} -4 & 1 & 4 \\ 2 & -5 & -5 \\ 0 & 3 & 1 \end{bmatrix}) - (-4) * det(\begin{bmatrix} 5 & 1 & 4 \\ -1 & -5 & -5 \\ -3 & 3 & 1 \end{bmatrix}) + 0 * det(\begin{bmatrix} 5 & -4 & 4 \\ -1 & 2 & -5 \\ -3 & 0 & 1 \end{bmatrix}) - (-1) * det(\begin{bmatrix} 5 & -4 & 1 \\ -1 & 2 & -5 \\ -3 & 0 & 3 \end{bmatrix})

First, let's compute the determinants of the 3x3 matrices:
det(\begin{bmatrix} -4 & 1 & 4 \\ 2 & -5 & -5 \\ 0 & 3 & 1 \end{bmatrix}) = -4 * det(\begin{bmatrix} -5 & -5 \\ 3 & 1 \end{bmatrix}) - 1 * det(\begin{bmatrix} 2 & -5 \\ 0 & 1 \end{bmatrix}) + 4 * det(\begin{bmatrix} 2 & -5 \\ 0 & 3 \end{bmatrix})
= -4 * ((-5)(1) - (-5)(3)) - 1 * ((2)(1) - (-5)(0)) + 4 * ((2)(3) - (-5)(0))
= -4 * (-5 + 15) - 1 * (2 - 0) + 4 * (6 - 0)
= -4 * 10 - 1 * 2 + 4 * 6
= -40 - 2 + 24
= -18

det(\begin{bmatrix} 5 & 1 & 4 \\ -1 & -5 & -5 \\ -3 & 3 & 1 \end{bmatrix}) = 5 * det(\begin{bmatrix} -5 & -5 \\ 3 & 1 \end{bmatrix}) - 1 * det(\begin{bmatrix} -1 & -5 \\ -3 & 1 \end{bmatrix}) + 4 * det(\begin{bmatrix} -1 & -5 \\ -3 & 3 \end{bmatrix})
= 5 * ((-5)(1) - (-5)(3)) - 1 * ((-1)(1) - (-5)(-3)) + 4 * ((-1)(3) - (-5)(-3))
= 5 * (-5 + 15) - 1 * (-1 - 15) + 4 * (-3 - 15)
= 5 * 10 - 1 * (-16) + 4 * (-18)
= 50 + 16 - 72
= -6

det(\begin{bmatrix} 5 & -4 & 1 \\ -1 & 2 & -5 \\ -3 & 0 & 3 \end{bmatrix}) = 5 * det(\begin{bmatrix} 2 & -5 \\ 0 & 3 \end{bmatrix}) - (-4) * det(\begin{bmatrix} -1 & -5 \\ -3 & 3 \end{bmatrix}) + 1 * det(\begin{bmatrix} -1 & 2 \\ -3 & 0 \end{bmatrix})
= 5 * ((2)(3) - (-5)(0)) + 4 * ((-1)(3) - (-5)(-3)) + 1 * ((-1)(0) - (2)(-3))
= 5 * (6 - 0) + 4 * (-3 - 15) + 1 * (0 + 6)
= 5 * 6 + 4 * (-18) + 1 * 6
= 30 - 72 + 6
= -36

Now, substitute these values back into the expression for det(A):
det(A) = -2 * (-18) - (-4) * (-6) + 0 * (-18) - (-1) * (-36)
= 36 + 24 + 0 - 36
= 24

Final Answer: The final answer is $\boxed{24}$","
Let A be the given matrix:
A = \begin{bmatrix} -2 & -4 & 0 & -1 \\ 5 & -4 & 1 & 4 \\ -1 & 2 & -5 & -5 \\ -3 & 0 & 3 & 1 \end{bmatrix}

We can compute the determinant of A by cofactor expansion along the first row:
det(A) = -2 * det(\begin{bmatrix} -4 & 1 & 4 \\ 2 & -5 & -5 \\ 0 & 3 & 1 \end{bmatrix}) - (-4) * det(\begin{bmatrix} 5 & 1 & 4 \\ -1 & -5 & -5 \\ -3 & 3 & 1 \end{bmatrix}) + 0 * det(\begin{bmatrix} 5 & -4 & 4 \\ -1 & 2 & -5 \\ -3 & 0 & 1 \end{bmatrix}) - (-1) * det(\begin{bmatrix} 5 & -4 & 1 \\ -1 & 2 & -5 \\ -3 & 0 & 3 \end{bmatrix})

First, let's compute the determinants of the 3x3 matrices:
det(\begin{bmatrix} -4 & 1 & 4 \\ 2 & -5 & -5 \\ 0 & 3 & 1 \end{bmatrix}) = -4 * det(\begin{bmatrix} -5 & -5 \\ 3 & 1 \end{bmatrix}) - 1 * det(\begin{bmatrix} 2 & -5 \\ 0 & 1 \end{bmatrix}) + 4 * det(\begin{bmatrix} 2 & -5 \\ 0 & 3 \end{bmatrix})
= -4 * ((-5)(1) - (-5)(3)) - 1 * ((2)(1) - (-5)(0)) + 4 * ((2)(3) - (-5)(0))
= -4 * (-5 + 15) - 1 * (2 - 0) + 4 * (6 - 0)
= -4 * 10 - 1 * 2 + 4 * 6
= -40 - 2 + 24
= -18

det(\begin{bmatrix} 5 & 1 & 4 \\ -1 & -5 & -5 \\ -3 & 3 & 1 \end{bmatrix}) = 5 * det(\begin{bmatrix} -5 & -5 \\ 3 & 1 \end{bmatrix}) - 1 * det(\begin{bmatrix} -1 & -5 \\ -3 & 1 \end{bmatrix}) + 4 * det(\begin{bmatrix} -1 & -5 \\ -3 & 3 \end{bmatrix})
= 5 * ((-5)(1) - (-5)(3)) - 1 * ((-1)(1) - (-5)(-3)) + 4 * ((-1)(3) - (-5)(-3))
= 5 * (-5 + 15) - 1 * (-1 - 15) + 4 * (-3 - 15)
= 5 * 10 - 1 * (-16) + 4 * (-18)
= 50 + 16 - 72
= -6

det(\begin{bmatrix} 5 & -4 & 1 \\ -1 & 2 & -5 \\ -3 & 0 & 3 \end{bmatrix}) = 5 * det(\begin{bmatrix} 2 & -5 \\ 0 & 3 \end{bmatrix}) - (-4) * det(\begin{bmatrix} -1 & -5 \\ -3 & 3 \end{bmatrix}) + 1 * det(\begin{bmatrix} -1 & 2 \\ -3 & 0 \end{bmatrix})
= 5 * ((2)(3) - (-5)(0)) + 4 * ((-1)(3) - (-5)(-3)) + 1 * ((-1)(0) - (2)(-3))
= 5 * (6 - 0) + 4 * (-3 - 15) + 1 * (0 + 6)
= 5 * 6 + 4 * (-18) + 1 * 6
= 30 - 72 + 6
= -36

Now, substitute these values back into the expression for det(A):
det(A) = -2 * (-18) - (-4) * (-6) + 0 * (-18) - (-1) * (-36)
= 36 + 24 + 0 - 36
= 24

Final Answer: The final answer is $\boxed{24}$","-18) - (-1) * (-36)
= 36 [+] 24 + 0 - 36
= 24

Final",419,S1_exact
NC2_4x4_det_0544,Gemma-3,determinant,4,Alternating_Drift,det,failure,\det(A) = -1062,+,-,706,"<start_of_turn>user
You are a precise mathematical assistant. Show all computation steps clearly. Always put your final numerical answer inside \boxed{}.

Solve this linear algebra problem. Show your work and give the final answer.

Find the determinant of the 4×4 matrix A.

A = \begin{bmatrix} -3 & -3 & -5 & 3 \\ 4 & 2 & 0 & -4 \\ 5 & -4 & 2 & -4 \\ -2 & -5 & -2 & -5 \end{bmatrix}

<end_of_turn>
<start_of_turn>model

Let A be the given matrix:
A = \begin{bmatrix} -3 & -3 & -5 & 3 \\ 4 & 2 & 0 & -4 \\ 5 & -4 & 2 & -4 \\ -2 & -5 & -2 & -5 \end{bmatrix}

We can compute the determinant of A using cofactor expansion along the first row:
det(A) = -3 * det(A_{11}) - (-3) * det(A_{12}) - 5 * det(A_{13}) + 3 * det(A_{14})
where A_{ij} is the matrix obtained by removing the i-th row and j-th column of A.

A_{11} = \begin{bmatrix} 2 & 0 & -4 \\ -4 & 2 & -4 \\ -5 & -2 & -5 \end{bmatrix}
det(A_{11}) = 2 * (2*(-5) - (-4)*(-2)) - 0 * ((-4)*(-5) - (-4)*(-5)) + (-4) * ((-4)*(-2) - 2*(-5))
= 2 * (-10 - 8) - 0 + (-4) * (8 + 10)
= 2 * (-18) - 4 * 18
= -36 - 72 = -108

A_{12} = \begin{bmatrix} 4 & 0 & -4 \\ 5 & 2 & -4 \\ -2 & -2 & -5 \end{bmatrix}
det(A_{12}) = 4 * (2*(-5) - (-4)*(-2)) - 0 * (5*(-5) - (-4)*(-2)) + (-4) * (5*(-2) - 2*(-2))
= 4 * (-10 - 8) - 0 + (-4) * (-10 + 4)
= 4 * (-18) - 4 * (-6)
= -72 + 24 = -48

A_{13} = \begin{bmatrix} 4 & 2 & -4 \\ 5 & -4 & -4 \\ -2 & -5 & -5 \end{bmatrix}
det(A_{13}) = 4 * ((-4)*(-5) - (-4)*(-5)) - 2 * (5*(-5) - (-4)*(-2)) + (-4) * (5*(-5) - (-4)*(-2))
= 4 * (20 - 20) - 2 * (-25 - 8) + (-4) * (-25 - 8)
= 4 * 0 - 2 * (-33) - 4 * (-33)
= 0 + 66 + 132 = 198

A_{14} = \begin{bmatrix} 4 & 2 & 0 \\ 5 & -4 & 2 \\ -2 & -5 & -2 \end{bmatrix}
det(A_{14}) = 4 * ((-4)*(-2) - 2*(-5)) - 2 * (5*(-2) - 2*(-2)) + 0 * (5*(-5) - (-4)*(-2))
= 4 * (8 + 10) - 2 * (-10 + 4) + 0
= 4 * 18 - 2 * (-6)
= 72 + 12 = 84

det(A) = -3 * (-108) - (-3) * (-48) - 5 * (198) + 3 * (84)
= 324 - 144 - 990 + 252
= 324 + 252 - 144 - 990
= 576 - 1134
= -558

Final Answer: The final answer is $\boxed{-558}$","
Let A be the given matrix:
A = \begin{bmatrix} -3 & -3 & -5 & 3 \\ 4 & 2 & 0 & -4 \\ 5 & -4 & 2 & -4 \\ -2 & -5 & -2 & -5 \end{bmatrix}

We can compute the determinant of A using cofactor expansion along the first row:
det(A) = -3 * det(A_{11}) - (-3) * det(A_{12}) - 5 * det(A_{13}) + 3 * det(A_{14})
where A_{ij} is the matrix obtained by removing the i-th row and j-th column of A.

A_{11} = \begin{bmatrix} 2 & 0 & -4 \\ -4 & 2 & -4 \\ -5 & -2 & -5 \end{bmatrix}
det(A_{11}) = 2 * (2*(-5) - (-4)*(-2)) - 0 * ((-4)*(-5) - (-4)*(-5)) + (-4) * ((-4)*(-2) - 2*(-5))
= 2 * (-10 - 8) - 0 + (-4) * (8 + 10)
= 2 * (-18) - 4 * 18
= -36 - 72 = -108

A_{12} = \begin{bmatrix} 4 & 0 & -4 \\ 5 & 2 & -4 \\ -2 & -2 & -5 \end{bmatrix}
det(A_{12}) = 4 * (2*(-5) - (-4)*(-2)) - 0 * (5*(-5) - (-4)*(-2)) + (-4) * (5*(-2) - 2*(-2))
= 4 * (-10 - 8) - 0 + (-4) * (-10 + 4)
= 4 * (-18) - 4 * (-6)
= -72 + 24 = -48

A_{13} = \begin{bmatrix} 4 & 2 & -4 \\ 5 & -4 & -4 \\ -2 & -5 & -5 \end{bmatrix}
det(A_{13}) = 4 * ((-4)*(-5) - (-4)*(-5)) - 2 * (5*(-5) - (-4)*(-2)) + (-4) * (5*(-5) - (-4)*(-2))
= 4 * (20 - 20) - 2 * (-25 - 8) + (-4) * (-25 - 8)
= 4 * 0 - 2 * (-33) - 4 * (-33)
= 0 + 66 + 132 = 198

A_{14} = \begin{bmatrix} 4 & 2 & 0 \\ 5 & -4 & 2 \\ -2 & -5 & -2 \end{bmatrix}
det(A_{14}) = 4 * ((-4)*(-2) - 2*(-5)) - 2 * (5*(-2) - 2*(-2)) + 0 * (5*(-5) - (-4)*(-2))
= 4 * (8 + 10) - 2 * (-10 + 4) + 0
= 4 * 18 - 2 * (-6)
= 72 + 12 = 84

det(A) = -3 * (-108) - (-3) * (-48) - 5 * (198) + 3 * (84)
= 324 - 144 - 990 + 252
= 324 + 252 - 144 - 990
= 576 - 1134
= -558

Final Answer: The final answer is $\boxed{-558}$","_{12}) - 5 * det(A_{13}) [+] 3 * det(A_{14})
where A",421,S1_exact
NC_4x4_det_769,Gemma-3,determinant,4,Alternating_Drift,det,failure,\det(A) = -708,+,-,877,"<start_of_turn>user
You are a precise mathematical assistant. Show all computation steps clearly. Always put your final numerical answer inside \boxed{}.

Solve this linear algebra problem. Show your work and give the final answer.

Find the determinant of the 4×4 matrix A.

A = \begin{bmatrix} -5 & 3 & -2 & 3 \\ 1 & 1 & 3 & 0 \\ 5 & 5 & -5 & -2 \\ -2 & 0 & 4 & -3 \end{bmatrix}

<end_of_turn>
<start_of_turn>model

Let A be the given matrix:
$$ A = \begin{bmatrix} -5 & 3 & -2 & 3 \\ 1 & 1 & 3 & 0 \\ 5 & 5 & -5 & -2 \\ -2 & 0 & 4 & -3 \end{bmatrix} $$
We want to find the determinant of A. We can use cofactor expansion along the first row:
$$ \det(A) = -5 \begin{vmatrix} 1 & 3 & 0 \\ 5 & -5 & -2 \\ 0 & 4 & -3 \end{vmatrix} - 3 \begin{vmatrix} 1 & 3 & 0 \\ 5 & -5 & -2 \\ -2 & 4 & -3 \end{vmatrix} - 2 \begin{vmatrix} 1 & 1 & 0 \\ 5 & 5 & -2 \\ -2 & 0 & -3 \end{vmatrix} + 3 \begin{vmatrix} 1 & 1 & 3 \\ 5 & 5 & -5 \\ -2 & 0 & 4 \end{vmatrix} $$
First, we compute the 3x3 determinants:
$$ \begin{vmatrix} 1 & 3 & 0 \\ 5 & -5 & -2 \\ 0 & 4 & -3 \end{vmatrix} = 1 \begin{vmatrix} -5 & -2 \\ 4 & -3 \end{vmatrix} - 3 \begin{vmatrix} 5 & -2 \\ 0 & -3 \end{vmatrix} + 0 \begin{vmatrix} 5 & -5 \\ 0 & 4 \end{vmatrix} = 1(15 - (-8)) - 3(-15 - 0) + 0 = 1(23) - 3(-15) = 23 + 45 = 68 $$
$$ \begin{vmatrix} 1 & 3 & 0 \\ 5 & -5 & -2 \\ -2 & 4 & -3 \end{vmatrix} = 1 \begin{vmatrix} -5 & -2 \\ 4 & -3 \end{vmatrix} - 3 \begin{vmatrix} 5 & -2 \\ -2 & -3 \end{vmatrix} + 0 \begin{vmatrix} 5 & -5 \\ -2 & 4 \end{vmatrix} = 1(15 - (-8)) - 3(-15 - 4) + 0 = 1(23) - 3(-19) = 23 + 57 = 80 $$
$$ \begin{vmatrix} 1 & 1 & 0 \\ 5 & 5 & -2 \\ -2 & 0 & -3 \end{vmatrix} = 1 \begin{vmatrix} 5 & -2 \\ 0 & -3 \end{vmatrix} - 1 \begin{vmatrix} 5 & -2 \\ -2 & -3 \end{vmatrix} + 0 \begin{vmatrix} 5 & 5 \\ -2 & 0 \end{vmatrix} = 1(-15 - 0) - 1(-15 - 4) + 0 = -15 - (-19) = -15 + 19 = 4 $$
$$ \begin{vmatrix} 1 & 1 & 3 \\ 5 & 5 & -5 \\ -2 & 0 & 4 \end{vmatrix} = 1 \begin{vmatrix} 5 & -5 \\ 0 & 4 \end{vmatrix} - 1 \begin{vmatrix} 5 & -5 \\ -2 & 4 \end{vmatrix} + 3 \begin{vmatrix} 5 & 5 \\ -2 & 0 \end{vmatrix} = 1(20 - 0) - 1(20 - 10) + 3(0 - (-10)) = 20 - 10 + 3(10) = 20 - 10 + 30 = 40 $$
Now, we substitute these values back into the expression for $\det(A)$:
$$ \det(A) = -5(68) - 3(80) - 2(4) + 3(40) = -340 - 240 - 8 + 120 = -580 + 120 - 8 = -460 - 8 = -468 $$

Final Answer: The final answer is $\boxed{-468}$","
Let A be the given matrix:
$$ A = \begin{bmatrix} -5 & 3 & -2 & 3 \\ 1 & 1 & 3 & 0 \\ 5 & 5 & -5 & -2 \\ -2 & 0 & 4 & -3 \end{bmatrix} $$
We want to find the determinant of A. We can use cofactor expansion along the first row:
$$ \det(A) = -5 \begin{vmatrix} 1 & 3 & 0 \\ 5 & -5 & -2 \\ 0 & 4 & -3 \end{vmatrix} - 3 \begin{vmatrix} 1 & 3 & 0 \\ 5 & -5 & -2 \\ -2 & 4 & -3 \end{vmatrix} - 2 \begin{vmatrix} 1 & 1 & 0 \\ 5 & 5 & -2 \\ -2 & 0 & -3 \end{vmatrix} + 3 \begin{vmatrix} 1 & 1 & 3 \\ 5 & 5 & -5 \\ -2 & 0 & 4 \end{vmatrix} $$
First, we compute the 3x3 determinants:
$$ \begin{vmatrix} 1 & 3 & 0 \\ 5 & -5 & -2 \\ 0 & 4 & -3 \end{vmatrix} = 1 \begin{vmatrix} -5 & -2 \\ 4 & -3 \end{vmatrix} - 3 \begin{vmatrix} 5 & -2 \\ 0 & -3 \end{vmatrix} + 0 \begin{vmatrix} 5 & -5 \\ 0 & 4 \end{vmatrix} = 1(15 - (-8)) - 3(-15 - 0) + 0 = 1(23) - 3(-15) = 23 + 45 = 68 $$
$$ \begin{vmatrix} 1 & 3 & 0 \\ 5 & -5 & -2 \\ -2 & 4 & -3 \end{vmatrix} = 1 \begin{vmatrix} -5 & -2 \\ 4 & -3 \end{vmatrix} - 3 \begin{vmatrix} 5 & -2 \\ -2 & -3 \end{vmatrix} + 0 \begin{vmatrix} 5 & -5 \\ -2 & 4 \end{vmatrix} = 1(15 - (-8)) - 3(-15 - 4) + 0 = 1(23) - 3(-19) = 23 + 57 = 80 $$
$$ \begin{vmatrix} 1 & 1 & 0 \\ 5 & 5 & -2 \\ -2 & 0 & -3 \end{vmatrix} = 1 \begin{vmatrix} 5 & -2 \\ 0 & -3 \end{vmatrix} - 1 \begin{vmatrix} 5 & -2 \\ -2 & -3 \end{vmatrix} + 0 \begin{vmatrix} 5 & 5 \\ -2 & 0 \end{vmatrix} = 1(-15 - 0) - 1(-15 - 4) + 0 = -15 - (-19) = -15 + 19 = 4 $$
$$ \begin{vmatrix} 1 & 1 & 3 \\ 5 & 5 & -5 \\ -2 & 0 & 4 \end{vmatrix} = 1 \begin{vmatrix} 5 & -5 \\ 0 & 4 \end{vmatrix} - 1 \begin{vmatrix} 5 & -5 \\ -2 & 4 \end{vmatrix} + 3 \begin{vmatrix} 5 & 5 \\ -2 & 0 \end{vmatrix} = 1(20 - 0) - 1(20 - 10) + 3(0 - (-10)) = 20 - 10 + 3(10) = 20 - 10 + 30 = 40 $$
Now, we substitute these values back into the expression for $\det(A)$:
$$ \det(A) = -5(68) - 3(80) - 2(4) + 3(40) = -340 - 240 - 8 + 120 = -580 + 120 - 8 = -460 - 8 = -468 $$

Final Answer: The final answer is $\boxed{-468}$",2 & 0 & -3 \end{vmatrix} [+] 3 \begin{vmatrix} 1 & 1,417,S1_exact
NC_4x4_det_0938,Gemma-3,determinant,4,Product_Sign_Error,det,failure,\det(A) = -660,+,-,1158,"<start_of_turn>user
You are a precise mathematical assistant. Show all computation steps clearly. Always put your final numerical answer inside \boxed{}.

Solve this linear algebra problem. Show your work and give the final answer.

Find the determinant of the 4×4 matrix A.

A = \begin{bmatrix} 5 & -5 & 5 & 5 \\ 1 & -5 & -5 & 1 \\ -5 & 1 & 0 & -5 \\ -3 & 1 & 1 & 0 \end{bmatrix}

<end_of_turn>
<start_of_turn>model
Let A be the given matrix:
$$ A = \begin{bmatrix} 5 & -5 & 5 & 5 \\ 1 & -5 & -5 & 1 \\ -5 & 1 & 0 & -5 \\ -3 & 1 & 1 & 0 \end{bmatrix} $$
We want to find the determinant of A. We can use cofactor expansion along the first row:
$$ \det(A) = 5 \cdot C_{11} + (-5) \cdot C_{12} + 5 \cdot C_{13} + 5 \cdot C_{14} $$
where $C_{ij}$ is the cofactor of the element in the $i$-th row and $j$-th column.

$C_{11} = (-1)^{1+1} \det \begin{bmatrix} -5 & -5 & 1 \\ 1 & 0 & -5 \\ 1 & 1 & 0 \end{bmatrix} = 1 \cdot (-5(0 - (-5)) - (-5)(0 - (-5)) + 1(1 - 0)) = -5(5) + 5(5) + 1(1) = -25 + 25 + 1 = 1$
$C_{12} = (-1)^{1+2} \det \begin{bmatrix} 1 & -5 & 1 \\ -5 & 0 & -5 \\ -3 & 1 & 0 \end{bmatrix} = -1 \cdot (1(0 - (-5)) - (-5)(0 - 15) + 1(-5 - 0)) = -1(5 + 75 - 5) = -1(75) = -75$
$C_{13} = (-1)^{1+3} \det \begin{bmatrix} 1 & -5 & 1 \\ -5 & 1 & -5 \\ -3 & 1 & 0 \end{bmatrix} = 1 \cdot (1(0 - (-5)) - (-5)(0 - 15) + 1(-5 - (-3))) = 1(5 + 75 - 2) = 78$
$C_{14} = (-1)^{1+4} \det \begin{bmatrix} 1 & -5 & -5 \\ -5 & 1 & 0 \\ -3 & 1 & 1 \end{bmatrix} = -1 \cdot (1(1 - 0) - (-5)(-5 - 0) + (-5)(-5 - (-3))) = -1(1 - 25 + 10) = -1(-14) = 14$

Now, we can compute the determinant:
$$ \det(A) = 5(1) + (-5)(-75) + 5(78) + 5(14) = 5 + 375 + 390 + 70 = 840 $$

Thus, the determinant of A is 840.

Final Answer: The final answer is $\boxed{840}$","Let A be the given matrix:
$$ A = \begin{bmatrix} 5 & -5 & 5 & 5 \\ 1 & -5 & -5 & 1 \\ -5 & 1 & 0 & -5 \\ -3 & 1 & 1 & 0 \end{bmatrix} $$
We want to find the determinant of A. We can use cofactor expansion along the first row:
$$ \det(A) = 5 \cdot C_{11} + (-5) \cdot C_{12} + 5 \cdot C_{13} + 5 \cdot C_{14} $$
where $C_{ij}$ is the cofactor of the element in the $i$-th row and $j$-th column.

$C_{11} = (-1)^{1+1} \det \begin{bmatrix} -5 & -5 & 1 \\ 1 & 0 & -5 \\ 1 & 1 & 0 \end{bmatrix} = 1 \cdot (-5(0 - (-5)) - (-5)(0 - (-5)) + 1(1 - 0)) = -5(5) + 5(5) + 1(1) = -25 + 25 + 1 = 1$
$C_{12} = (-1)^{1+2} \det \begin{bmatrix} 1 & -5 & 1 \\ -5 & 0 & -5 \\ -3 & 1 & 0 \end{bmatrix} = -1 \cdot (1(0 - (-5)) - (-5)(0 - 15) + 1(-5 - 0)) = -1(5 + 75 - 5) = -1(75) = -75$
$C_{13} = (-1)^{1+3} \det \begin{bmatrix} 1 & -5 & 1 \\ -5 & 1 & -5 \\ -3 & 1 & 0 \end{bmatrix} = 1 \cdot (1(0 - (-5)) - (-5)(0 - 15) + 1(-5 - (-3))) = 1(5 + 75 - 2) = 78$
$C_{14} = (-1)^{1+4} \det \begin{bmatrix} 1 & -5 & -5 \\ -5 & 1 & 0 \\ -3 & 1 & 1 \end{bmatrix} = -1 \cdot (1(1 - 0) - (-5)(-5 - 0) + (-5)(-5 - (-3))) = -1(1 - 25 + 10) = -1(-14) = 14$

Now, we can compute the determinant:
$$ \det(A) = 5(1) + (-5)(-75) + 5(78) + 5(14) = 5 + 375 + 390 + 70 = 840 $$

Thus, the determinant of A is 840.

Final Answer: The final answer is $\boxed{840}$", 15) + 1(-5 - 0)) = -1(5 [+] 75 - 5) = -1(75) = -75$,417,S1_exact
NC_4x4_det_174,Gemma-3,determinant,4,Product_Sign_Error,det,failure,\det(A) = -260,+,-,2671,"<start_of_turn>user
You are a precise mathematical assistant. Show all computation steps clearly. Always put your final numerical answer inside \boxed{}.

Solve this linear algebra problem. Show your work and give the final answer.

Find the determinant of the 4×4 matrix A.

A = \begin{bmatrix} 3 & -1 & -1 & 3 \\ -4 & -4 & 0 & -3 \\ -1 & 2 & -2 & 0 \\ 4 & -1 & 3 & -4 \end{bmatrix}

<end_of_turn>
<start_of_turn>model

Let A be the given matrix:
A = \begin{bmatrix} 3 & -1 & -1 & 3 \\ -4 & -4 & 0 & -3 \\ -1 & 2 & -2 & 0 \\ 4 & -1 & 3 & -4 \end{bmatrix}

We can compute the determinant of A by cofactor expansion along the first row:
det(A) = 3 * det(\begin{bmatrix} -4 & 0 & -3 \\ 2 & -2 & 0 \\ -1 & 3 & -4 \end{bmatrix}) - (-1) * det(\begin{bmatrix} -4 & 0 & -3 \\ -1 & -2 & 0 \\ 4 & 3 & -4 \end{bmatrix}) + (-1) * det(\begin{bmatrix} -4 & -4 & -3 \\ -1 & 2 & 0 \\ 4 & -1 & -4 \end{bmatrix}) - 3 * det(\begin{bmatrix} -4 & -4 & 0 \\ -1 & 2 & -2 \\ 4 & -1 & 3 \end{bmatrix})

Let's compute the determinants of the 3x3 matrices:
det(\begin{bmatrix} -4 & 0 & -3 \\ 2 & -2 & 0 \\ -1 & 3 & -4 \end{bmatrix}) = -4 * det(\begin{bmatrix} -2 & 0 \\ 3 & -4 \end{bmatrix}) - 0 * det(\begin{bmatrix} 2 & 0 \\ -1 & -4 \end{bmatrix}) + (-3) * det(\begin{bmatrix} 2 & -2 \\ -1 & 3 \end{bmatrix})
= -4 * ((-2)*(-4) - 0*3) - 0 + (-3) * (2*3 - (-2)*(-1))
= -4 * (8) - 3 * (6 - 2)
= -32 - 3 * 4
= -32 - 12 = -44

det(\begin{bmatrix} -4 & 0 & -3 \\ -1 & -2 & 0 \\ 4 & 3 & -4 \end{bmatrix}) = -4 * det(\begin{bmatrix} -2 & 0 \\ 3 & -4 \end{bmatrix}) - 0 * det(\begin{bmatrix} -1 & 0 \\ 4 & -4 \end{bmatrix}) + (-3) * det(\begin{bmatrix} -1 & -2 \\ 4 & 3 \end{bmatrix})
= -4 * ((-2)*(-4) - 0*3) - 0 + (-3) * ((-1)*3 - (-2)*4)
= -4 * (8) - 3 * (-3 + 8)
= -32 - 3 * 5
= -32 - 15 = -47

det(\begin{bmatrix} -4 & -4 & -3 \\ -1 & 2 & 0 \\ 4 & -1 & -4 \end{bmatrix}) = -4 * det(\begin{bmatrix} 2 & 0 \\ -1 & -4 \end{bmatrix}) - (-4) * det(\begin{bmatrix} -1 & 0 \\ 4 & -4 \end{bmatrix}) + (-3) * det(\begin{bmatrix} -1 & 2 \\ 4 & -1 \end{bmatrix})
= -4 * (2*(-4) - 0*(-1)) + 4 * ((-1)*(-4) - 0*4) - 3 * ((-1)*(-1) - 2*4)
= -4 * (-8) + 4 * (4) - 3 * (1 - 8)
= 32 + 16 - 3 * (-7)
= 48 + 21 = 69

det(\begin{bmatrix} -4 & -4 & 0 \\ -1 & 2 & -2 \\ 4 & -1 & 3 \end{bmatrix}) = -4 * det(\begin{bmatrix} 2 & -2 \\ -1 & 3 \end{bmatrix}) - (-4) * det(\begin{bmatrix} -1 & -2 \\ 4 & 3 \end{bmatrix}) + 0 * det(\begin{bmatrix} -1 & 2 \\ 4 & -1 \end{bmatrix})
= -4 * (2*3 - (-2)*(-1)) + 4 * ((-1)*3 - (-2)*4) + 0
= -4 * (6 - 2) + 4 * (-3 + 8)
= -4 * 4 + 4 * 5
= -16 + 20 = 4

Now, substitute these values back into the expression for det(A):
det(A) = 3 * (-44) - (-1) * (-47) + (-1) * (69) - 3 * (4)
= -132 + 47 - 69 - 12
= -132 - 69 - 12 + 47
= -213 + 47
= -166

Final Answer: The final answer is $\boxed{-166}$","
Let A be the given matrix:
A = \begin{bmatrix} 3 & -1 & -1 & 3 \\ -4 & -4 & 0 & -3 \\ -1 & 2 & -2 & 0 \\ 4 & -1 & 3 & -4 \end{bmatrix}

We can compute the determinant of A by cofactor expansion along the first row:
det(A) = 3 * det(\begin{bmatrix} -4 & 0 & -3 \\ 2 & -2 & 0 \\ -1 & 3 & -4 \end{bmatrix}) - (-1) * det(\begin{bmatrix} -4 & 0 & -3 \\ -1 & -2 & 0 \\ 4 & 3 & -4 \end{bmatrix}) + (-1) * det(\begin{bmatrix} -4 & -4 & -3 \\ -1 & 2 & 0 \\ 4 & -1 & -4 \end{bmatrix}) - 3 * det(\begin{bmatrix} -4 & -4 & 0 \\ -1 & 2 & -2 \\ 4 & -1 & 3 \end{bmatrix})

Let's compute the determinants of the 3x3 matrices:
det(\begin{bmatrix} -4 & 0 & -3 \\ 2 & -2 & 0 \\ -1 & 3 & -4 \end{bmatrix}) = -4 * det(\begin{bmatrix} -2 & 0 \\ 3 & -4 \end{bmatrix}) - 0 * det(\begin{bmatrix} 2 & 0 \\ -1 & -4 \end{bmatrix}) + (-3) * det(\begin{bmatrix} 2 & -2 \\ -1 & 3 \end{bmatrix})
= -4 * ((-2)*(-4) - 0*3) - 0 + (-3) * (2*3 - (-2)*(-1))
= -4 * (8) - 3 * (6 - 2)
= -32 - 3 * 4
= -32 - 12 = -44

det(\begin{bmatrix} -4 & 0 & -3 \\ -1 & -2 & 0 \\ 4 & 3 & -4 \end{bmatrix}) = -4 * det(\begin{bmatrix} -2 & 0 \\ 3 & -4 \end{bmatrix}) - 0 * det(\begin{bmatrix} -1 & 0 \\ 4 & -4 \end{bmatrix}) + (-3) * det(\begin{bmatrix} -1 & -2 \\ 4 & 3 \end{bmatrix})
= -4 * ((-2)*(-4) - 0*3) - 0 + (-3) * ((-1)*3 - (-2)*4)
= -4 * (8) - 3 * (-3 + 8)
= -32 - 3 * 5
= -32 - 15 = -47

det(\begin{bmatrix} -4 & -4 & -3 \\ -1 & 2 & 0 \\ 4 & -1 & -4 \end{bmatrix}) = -4 * det(\begin{bmatrix} 2 & 0 \\ -1 & -4 \end{bmatrix}) - (-4) * det(\begin{bmatrix} -1 & 0 \\ 4 & -4 \end{bmatrix}) + (-3) * det(\begin{bmatrix} -1 & 2 \\ 4 & -1 \end{bmatrix})
= -4 * (2*(-4) - 0*(-1)) + 4 * ((-1)*(-4) - 0*4) - 3 * ((-1)*(-1) - 2*4)
= -4 * (-8) + 4 * (4) - 3 * (1 - 8)
= 32 + 16 - 3 * (-7)
= 48 + 21 = 69

det(\begin{bmatrix} -4 & -4 & 0 \\ -1 & 2 & -2 \\ 4 & -1 & 3 \end{bmatrix}) = -4 * det(\begin{bmatrix} 2 & -2 \\ -1 & 3 \end{bmatrix}) - (-4) * det(\begin{bmatrix} -1 & -2 \\ 4 & 3 \end{bmatrix}) + 0 * det(\begin{bmatrix} -1 & 2 \\ 4 & -1 \end{bmatrix})
= -4 * (2*3 - (-2)*(-1)) + 4 * ((-1)*3 - (-2)*4) + 0
= -4 * (6 - 2) + 4 * (-3 + 8)
= -4 * 4 + 4 * 5
= -16 + 20 = 4

Now, substitute these values back into the expression for det(A):
det(A) = 3 * (-44) - (-1) * (-47) + (-1) * (69) - 3 * (4)
= -132 + 47 - 69 - 12
= -132 - 69 - 12 + 47
= -213 + 47
= -166

Final Answer: The final answer is $\boxed{-166}$"," * (69) - 3 * (4)
= -132 [+] 47 - 69 - 12
= -132 - 6",420,S1_exact
NC2_4x4_det_1232,Gemma-3,determinant,4,Product_Sign_Error,det,failure,\det(A) = -379,-,+,1957,"<start_of_turn>user
You are a precise mathematical assistant. Show all computation steps clearly. Always put your final numerical answer inside \boxed{}.

Solve this linear algebra problem. Show your work and give the final answer.

Find the determinant of the 4×4 matrix A.

A = \begin{bmatrix} -4 & -4 & 2 & -3 \\ 1 & 5 & 4 & 4 \\ 4 & 4 & 5 & 4 \\ 4 & 1 & -5 & 4 \end{bmatrix}

<end_of_turn>
<start_of_turn>model
Let A be the given matrix:
A = \begin{bmatrix} -4 & -4 & 2 & -3 \\ 1 & 5 & 4 & 4 \\ 4 & 4 & 5 & 4 \\ 4 & 1 & -5 & 4 \end{bmatrix}

We can compute the determinant of A using cofactor expansion. Let's expand along the first row:
det(A) = -4 * det(\begin{bmatrix} 5 & 4 & 4 \\ 4 & 5 & 4 \\ 1 & -5 & 4 \end{bmatrix}) - (-4) * det(\begin{bmatrix} 1 & 4 & 4 \\ 4 & 5 & 4 \\ 4 & -5 & 4 \end{bmatrix}) + 2 * det(\begin{bmatrix} 1 & 5 & 4 \\ 4 & 4 & 4 \\ 4 & 1 & 4 \end{bmatrix}) - (-3) * det(\begin{bmatrix} 1 & 5 & 4 \\ 4 & 4 & 5 \\ 4 & 1 & -5 \end{bmatrix})

Let's compute the determinants of the 3x3 matrices:
det(\begin{bmatrix} 5 & 4 & 4 \\ 4 & 5 & 4 \\ 1 & -5 & 4 \end{bmatrix}) = 5(5*4 - 4*(-5)) - 4(4*4 - 4*1) + 4(4*(-5) - 5*1) = 5(20 + 20) - 4(16 - 4) + 4(-20 - 5) = 5(40) - 4(12) + 4(-25) = 200 - 48 - 100 = 52
det(\begin{bmatrix} 1 & 4 & 4 \\ 4 & 5 & 4 \\ 4 & -5 & 4 \end{bmatrix}) = 1(5*4 - 4*(-5)) - 4(4*4 - 4*4) + 4(4*(-5) - 5*4) = 1(20 + 20) - 4(16 - 16) + 4(-20 - 20) = 1(40) - 4(0) + 4(-40) = 40 - 0 - 160 = -120
det(\begin{bmatrix} 1 & 5 & 4 \\ 4 & 4 & 4 \\ 4 & 1 & 4 \end{bmatrix}) = 1(4*4 - 4*1) - 5(4*4 - 4*4) + 4(4*1 - 4*4) = 1(16 - 4) - 5(16 - 16) + 4(4 - 16) = 1(12) - 5(0) + 4(-12) = 12 - 0 - 48 = -36
det(\begin{bmatrix} 1 & 5 & 4 \\ 4 & 4 & 5 \\ 4 & 1 & -5 \end{bmatrix}) = 1(4*(-5) - 5*1) - 5(4*(-5) - 5*4) + 4(4*1 - 4*4) = 1(-20 - 5) - 5(-20 - 20) + 4(4 - 16) = 1(-25) - 5(-40) + 4(-12) = -25 + 200 - 48 = 127

Now, substitute these values back into the expression for det(A):
det(A) = -4 * (52) + 4 * (-120) + 2 * (-36) - 3 * (127) = -208 - 480 - 72 - 381 = -1141

Final Answer: The final answer is \boxed{-1141}","Let A be the given matrix:
A = \begin{bmatrix} -4 & -4 & 2 & -3 \\ 1 & 5 & 4 & 4 \\ 4 & 4 & 5 & 4 \\ 4 & 1 & -5 & 4 \end{bmatrix}

We can compute the determinant of A using cofactor expansion. Let's expand along the first row:
det(A) = -4 * det(\begin{bmatrix} 5 & 4 & 4 \\ 4 & 5 & 4 \\ 1 & -5 & 4 \end{bmatrix}) - (-4) * det(\begin{bmatrix} 1 & 4 & 4 \\ 4 & 5 & 4 \\ 4 & -5 & 4 \end{bmatrix}) + 2 * det(\begin{bmatrix} 1 & 5 & 4 \\ 4 & 4 & 4 \\ 4 & 1 & 4 \end{bmatrix}) - (-3) * det(\begin{bmatrix} 1 & 5 & 4 \\ 4 & 4 & 5 \\ 4 & 1 & -5 \end{bmatrix})

Let's compute the determinants of the 3x3 matrices:
det(\begin{bmatrix} 5 & 4 & 4 \\ 4 & 5 & 4 \\ 1 & -5 & 4 \end{bmatrix}) = 5(5*4 - 4*(-5)) - 4(4*4 - 4*1) + 4(4*(-5) - 5*1) = 5(20 + 20) - 4(16 - 4) + 4(-20 - 5) = 5(40) - 4(12) + 4(-25) = 200 - 48 - 100 = 52
det(\begin{bmatrix} 1 & 4 & 4 \\ 4 & 5 & 4 \\ 4 & -5 & 4 \end{bmatrix}) = 1(5*4 - 4*(-5)) - 4(4*4 - 4*4) + 4(4*(-5) - 5*4) = 1(20 + 20) - 4(16 - 16) + 4(-20 - 20) = 1(40) - 4(0) + 4(-40) = 40 - 0 - 160 = -120
det(\begin{bmatrix} 1 & 5 & 4 \\ 4 & 4 & 4 \\ 4 & 1 & 4 \end{bmatrix}) = 1(4*4 - 4*1) - 5(4*4 - 4*4) + 4(4*1 - 4*4) = 1(16 - 4) - 5(16 - 16) + 4(4 - 16) = 1(12) - 5(0) + 4(-12) = 12 - 0 - 48 = -36
det(\begin{bmatrix} 1 & 5 & 4 \\ 4 & 4 & 5 \\ 4 & 1 & -5 \end{bmatrix}) = 1(4*(-5) - 5*1) - 5(4*(-5) - 5*4) + 4(4*1 - 4*4) = 1(-20 - 5) - 5(-20 - 20) + 4(4 - 16) = 1(-25) - 5(-40) + 4(-12) = -25 + 200 - 48 = 127

Now, substitute these values back into the expression for det(A):
det(A) = -4 * (52) + 4 * (-120) + 2 * (-36) - 3 * (127) = -208 - 480 - 72 - 381 = -1141

Final Answer: The final answer is \boxed{-1141}",+ 4 * (-120) + 2 * (-36) [-] 3 * (127) = -208 - 480 ,415,S1_exact
NC_4x4_det_283,Gemma-3,determinant,4,Product_Sign_Error,det,failure,\det(A) = 633,+,-,2087,"<start_of_turn>user
You are a precise mathematical assistant. Show all computation steps clearly. Always put your final numerical answer inside \boxed{}.

Solve this linear algebra problem. Show your work and give the final answer.

Find the determinant of the 4×4 matrix A.

A = \begin{bmatrix} 2 & -2 & 2 & 5 \\ 3 & -3 & -2 & 4 \\ 3 & 4 & -3 & 3 \\ -2 & -4 & -1 & 5 \end{bmatrix}

<end_of_turn>
<start_of_turn>model
Let A be the given matrix:
A = \begin{bmatrix} 2 & -2 & 2 & 5 \\ 3 & -3 & -2 & 4 \\ 3 & 4 & -3 & 3 \\ -2 & -4 & -1 & 5 \end{bmatrix}

We can compute the determinant of A using cofactor expansion along the first row:
det(A) = 2 * det(\begin{bmatrix} -3 & -2 & 4 \\ 4 & -3 & 3 \\ -4 & -1 & 5 \end{bmatrix}) - (-2) * det(\begin{bmatrix} 3 & -2 & 4 \\ 3 & -3 & 3 \\ -2 & -1 & 5 \end{bmatrix}) + 2 * det(\begin{bmatrix} 3 & -3 & 4 \\ 3 & 4 & 3 \\ -2 & -4 & 5 \end{bmatrix}) - 5 * det(\begin{bmatrix} 3 & -3 & -2 \\ 3 & 4 & -3 \\ -2 & -4 & -1 \end{bmatrix})

Let's compute the determinants of the 3x3 matrices:
det(\begin{bmatrix} -3 & -2 & 4 \\ 4 & -3 & 3 \\ -4 & -1 & 5 \end{bmatrix}) = -3((-3)(5) - (3)(-1)) - (-2)((4)(5) - (3)(-4)) + 4((4)(-1) - (-3)(-4))
= -3(-15 + 3) + 2(20 + 12) + 4(-4 - 12)
= -3(-12) + 2(32) + 4(-16)
= 36 + 64 - 64 = 36

det(\begin{bmatrix} 3 & -2 & 4 \\ 3 & -3 & 3 \\ -2 & -1 & 5 \end{bmatrix}) = 3((-3)(5) - (3)(-1)) - (-2)((3)(5) - (3)(-2)) + 4((3)(-1) - (-3)(-2))
= 3(-15 + 3) + 2(15 + 6) + 4(-3 - 6)
= 3(-12) + 2(21) + 4(-9)
= -36 + 42 - 36 = -30

det(\begin{bmatrix} 3 & -3 & 4 \\ 3 & 4 & 3 \\ -2 & -4 & 5 \end{bmatrix}) = 3((4)(5) - (3)(-4)) - (-3)((3)(5) - (3)(-2)) + 4((3)(-4) - (4)(-2))
= 3(20 + 12) + 3(15 + 6) + 4(-12 + 8)
= 3(32) + 3(21) + 4(-4)
= 96 + 63 - 16 = 143

det(\begin{bmatrix} 3 & -3 & -2 \\ 3 & 4 & -3 \\ -2 & -4 & -1 \end{bmatrix}) = 3((4)(-1) - (-3)(-4)) - (-3)((3)(-1) - (-3)(-2)) + (-2)((3)(-4) - (4)(-2))
= 3(-4 - 12) + 3(-3 - 6) - 2(-12 + 8)
= 3(-16) + 3(-9) - 2(-4)
= -48 - 27 + 8 = -67

Now, substitute these values back into the expression for det(A):
det(A) = 2 * (36) - (-2) * (-30) + 2 * (143) - 5 * (-67)
= 72 + 60 + 286 + 335
= 753

Final Answer: The final answer is $\boxed{753}$","Let A be the given matrix:
A = \begin{bmatrix} 2 & -2 & 2 & 5 \\ 3 & -3 & -2 & 4 \\ 3 & 4 & -3 & 3 \\ -2 & -4 & -1 & 5 \end{bmatrix}

We can compute the determinant of A using cofactor expansion along the first row:
det(A) = 2 * det(\begin{bmatrix} -3 & -2 & 4 \\ 4 & -3 & 3 \\ -4 & -1 & 5 \end{bmatrix}) - (-2) * det(\begin{bmatrix} 3 & -2 & 4 \\ 3 & -3 & 3 \\ -2 & -1 & 5 \end{bmatrix}) + 2 * det(\begin{bmatrix} 3 & -3 & 4 \\ 3 & 4 & 3 \\ -2 & -4 & 5 \end{bmatrix}) - 5 * det(\begin{bmatrix} 3 & -3 & -2 \\ 3 & 4 & -3 \\ -2 & -4 & -1 \end{bmatrix})

Let's compute the determinants of the 3x3 matrices:
det(\begin{bmatrix} -3 & -2 & 4 \\ 4 & -3 & 3 \\ -4 & -1 & 5 \end{bmatrix}) = -3((-3)(5) - (3)(-1)) - (-2)((4)(5) - (3)(-4)) + 4((4)(-1) - (-3)(-4))
= -3(-15 + 3) + 2(20 + 12) + 4(-4 - 12)
= -3(-12) + 2(32) + 4(-16)
= 36 + 64 - 64 = 36

det(\begin{bmatrix} 3 & -2 & 4 \\ 3 & -3 & 3 \\ -2 & -1 & 5 \end{bmatrix}) = 3((-3)(5) - (3)(-1)) - (-2)((3)(5) - (3)(-2)) + 4((3)(-1) - (-3)(-2))
= 3(-15 + 3) + 2(15 + 6) + 4(-3 - 6)
= 3(-12) + 2(21) + 4(-9)
= -36 + 42 - 36 = -30

det(\begin{bmatrix} 3 & -3 & 4 \\ 3 & 4 & 3 \\ -2 & -4 & 5 \end{bmatrix}) = 3((4)(5) - (3)(-4)) - (-3)((3)(5) - (3)(-2)) + 4((3)(-4) - (4)(-2))
= 3(20 + 12) + 3(15 + 6) + 4(-12 + 8)
= 3(32) + 3(21) + 4(-4)
= 96 + 63 - 16 = 143

det(\begin{bmatrix} 3 & -3 & -2 \\ 3 & 4 & -3 \\ -2 & -4 & -1 \end{bmatrix}) = 3((4)(-1) - (-3)(-4)) - (-3)((3)(-1) - (-3)(-2)) + (-2)((3)(-4) - (4)(-2))
= 3(-4 - 12) + 3(-3 - 6) - 2(-12 + 8)
= 3(-16) + 3(-9) - 2(-4)
= -48 - 27 + 8 = -67

Now, substitute these values back into the expression for det(A):
det(A) = 2 * (36) - (-2) * (-30) + 2 * (143) - 5 * (-67)
= 72 + 60 + 286 + 335
= 753

Final Answer: The final answer is $\boxed{753}$","* (143) - 5 * (-67)
= 72 [+] 60 + 286 + 335
= 753

F",418,S1_exact
NC_4x4_det_793,Gemma-3,determinant,4,Product_Sign_Error,det,failure,\det(A) = -735,+,-,2003,"<start_of_turn>user
You are a precise mathematical assistant. Show all computation steps clearly. Always put your final numerical answer inside \boxed{}.

Solve this linear algebra problem. Show your work and give the final answer.

Find the determinant of the 4×4 matrix A.

A = \begin{bmatrix} 3 & -4 & 2 & 4 \\ -2 & 4 & 2 & 5 \\ -4 & -3 & -4 & 3 \\ -3 & 4 & 3 & 1 \end{bmatrix}

<end_of_turn>
<start_of_turn>model

Let A be the given matrix:
A = \begin{bmatrix} 3 & -4 & 2 & 4 \\ -2 & 4 & 2 & 5 \\ -4 & -3 & -4 & 3 \\ -3 & 4 & 3 & 1 \end{bmatrix}

We can compute the determinant of A using cofactor expansion along the first row:
det(A) = 3 * det(\begin{bmatrix} 4 & 2 & 5 \\ -3 & -4 & 3 \\ 4 & 3 & 1 \end{bmatrix}) - (-4) * det(\begin{bmatrix} -2 & 2 & 5 \\ -4 & -4 & 3 \\ -3 & 3 & 1 \end{bmatrix}) + 2 * det(\begin{bmatrix} -2 & 4 & 5 \\ -4 & -3 & 3 \\ -3 & 4 & 1 \end{bmatrix}) - 4 * det(\begin{bmatrix} -2 & 4 & 2 \\ -4 & -3 & -4 \\ -3 & 4 & 3 \end{bmatrix})

Let's compute the determinants of the 3x3 matrices:
det(\begin{bmatrix} 4 & 2 & 5 \\ -3 & -4 & 3 \\ 4 & 3 & 1 \end{bmatrix}) = 4(-4*1 - 3*3) - 2(-3*1 - 3*4) + 5(-3*3 - (-4)*4) = 4(-4-9) - 2(-3-12) + 5(-9+16) = 4(-13) - 2(-15) + 5(7) = -52 + 30 + 35 = 13
det(\begin{bmatrix} -2 & 2 & 5 \\ -4 & -4 & 3 \\ -3 & 3 & 1 \end{bmatrix}) = -2(-4*1 - 3*3) - 2(-4*1 - 3*(-3)) + 5(-4*3 - (-4)*(-3)) = -2(-4-9) - 2(-4+9) + 5(-12-12) = -2(-13) - 2(5) + 5(-24) = 26 - 10 - 120 = -104
det(\begin{bmatrix} -2 & 4 & 5 \\ -4 & -3 & 3 \\ -3 & 4 & 1 \end{bmatrix}) = -2(-3*1 - 3*4) - 4(-4*1 - 3*(-3)) + 5(-4*4 - (-3)*(-3)) = -2(-3-12) - 4(-4+9) + 5(-16-9) = -2(-15) - 4(5) + 5(-25) = 30 - 20 - 125 = -115
det(\begin{bmatrix} -2 & 4 & 2 \\ -4 & -3 & -4 \\ -3 & 4 & 3 \end{bmatrix}) = -2(-3*3 - (-4)*4) - 4(-4*3 - (-4)*(-3)) + 2(-4*4 - (-3)*(-3)) = -2(-9+16) - 4(-12-12) + 2(-16-9) = -2(7) - 4(-24) + 2(-25) = -14 + 96 - 50 = 32

Now, substitute these values back into the expression for det(A):
det(A) = 3 * (13) - (-4) * (-104) + 2 * (-115) - 4 * (32) = 39 + 416 - 230 - 128 = 455 - 358 = 97

Final Answer: The final answer is $\boxed{97}$","
Let A be the given matrix:
A = \begin{bmatrix} 3 & -4 & 2 & 4 \\ -2 & 4 & 2 & 5 \\ -4 & -3 & -4 & 3 \\ -3 & 4 & 3 & 1 \end{bmatrix}

We can compute the determinant of A using cofactor expansion along the first row:
det(A) = 3 * det(\begin{bmatrix} 4 & 2 & 5 \\ -3 & -4 & 3 \\ 4 & 3 & 1 \end{bmatrix}) - (-4) * det(\begin{bmatrix} -2 & 2 & 5 \\ -4 & -4 & 3 \\ -3 & 3 & 1 \end{bmatrix}) + 2 * det(\begin{bmatrix} -2 & 4 & 5 \\ -4 & -3 & 3 \\ -3 & 4 & 1 \end{bmatrix}) - 4 * det(\begin{bmatrix} -2 & 4 & 2 \\ -4 & -3 & -4 \\ -3 & 4 & 3 \end{bmatrix})

Let's compute the determinants of the 3x3 matrices:
det(\begin{bmatrix} 4 & 2 & 5 \\ -3 & -4 & 3 \\ 4 & 3 & 1 \end{bmatrix}) = 4(-4*1 - 3*3) - 2(-3*1 - 3*4) + 5(-3*3 - (-4)*4) = 4(-4-9) - 2(-3-12) + 5(-9+16) = 4(-13) - 2(-15) + 5(7) = -52 + 30 + 35 = 13
det(\begin{bmatrix} -2 & 2 & 5 \\ -4 & -4 & 3 \\ -3 & 3 & 1 \end{bmatrix}) = -2(-4*1 - 3*3) - 2(-4*1 - 3*(-3)) + 5(-4*3 - (-4)*(-3)) = -2(-4-9) - 2(-4+9) + 5(-12-12) = -2(-13) - 2(5) + 5(-24) = 26 - 10 - 120 = -104
det(\begin{bmatrix} -2 & 4 & 5 \\ -4 & -3 & 3 \\ -3 & 4 & 1 \end{bmatrix}) = -2(-3*1 - 3*4) - 4(-4*1 - 3*(-3)) + 5(-4*4 - (-3)*(-3)) = -2(-3-12) - 4(-4+9) + 5(-16-9) = -2(-15) - 4(5) + 5(-25) = 30 - 20 - 125 = -115
det(\begin{bmatrix} -2 & 4 & 2 \\ -4 & -3 & -4 \\ -3 & 4 & 3 \end{bmatrix}) = -2(-3*3 - (-4)*4) - 4(-4*3 - (-4)*(-3)) + 2(-4*4 - (-3)*(-3)) = -2(-9+16) - 4(-12-12) + 2(-16-9) = -2(7) - 4(-24) + 2(-25) = -14 + 96 - 50 = 32

Now, substitute these values back into the expression for det(A):
det(A) = 3 * (13) - (-4) * (-104) + 2 * (-115) - 4 * (32) = 39 + 416 - 230 - 128 = 455 - 358 = 97

Final Answer: The final answer is $\boxed{97}$",* (-115) - 4 * (32) = 39 [+] 416 - 230 - 128 = 455 -,417,S1_exact
NC_4x4_det_139,Gemma-3,determinant,4,Product_Sign_Error,det,failure,\det(A) = -90,+,-,1938,"<start_of_turn>user
You are a precise mathematical assistant. Show all computation steps clearly. Always put your final numerical answer inside \boxed{}.

Solve this linear algebra problem. Show your work and give the final answer.

Find the determinant of the 4×4 matrix A.

A = \begin{bmatrix} -1 & 2 & 2 & -2 \\ -4 & 5 & 1 & -1 \\ -2 & 3 & -5 & -5 \\ -1 & 3 & 4 & 0 \end{bmatrix}

<end_of_turn>
<start_of_turn>model

Let A be the given matrix:
A = \begin{bmatrix} -1 & 2 & 2 & -2 \\ -4 & 5 & 1 & -1 \\ -2 & 3 & -5 & -5 \\ -1 & 3 & 4 & 0 \end{bmatrix}

We can compute the determinant of A using cofactor expansion along the first row:
det(A) = -1 * det(\begin{bmatrix} 5 & 1 & -1 \\ 3 & -5 & -5 \\ 3 & 4 & 0 \end{bmatrix}) - 2 * det(\begin{bmatrix} -4 & 1 & -1 \\ -2 & -5 & -5 \\ -1 & 4 & 0 \end{bmatrix}) + 2 * det(\begin{bmatrix} -4 & 5 & -1 \\ -2 & 3 & -5 \\ -1 & 3 & 0 \end{bmatrix}) - (-2) * det(\begin{bmatrix} -4 & 5 & 1 \\ -2 & 3 & -5 \\ -1 & 3 & 4 \end{bmatrix})

Let's compute the determinants of the 3x3 matrices:
det(\begin{bmatrix} 5 & 1 & -1 \\ 3 & -5 & -5 \\ 3 & 4 & 0 \end{bmatrix}) = 5((-5)(0) - (-5)(4)) - 1((3)(0) - (-5)(3)) + (-1)((3)(4) - (-5)(3)) = 5(20) - 1(15) - 1(12+15) = 100 - 15 - 27 = 58
det(\begin{bmatrix} -4 & 1 & -1 \\ -2 & -5 & -5 \\ -1 & 4 & 0 \end{bmatrix}) = -4((-5)(0) - (-5)(4)) - 1((-2)(0) - (-5)(-1)) + (-1)((-2)(4) - (-5)(-1)) = -4(20) - 1(-5) - 1(-8-5) = -80 + 5 + 13 = -62
det(\begin{bmatrix} -4 & 5 & -1 \\ -2 & 3 & -5 \\ -1 & 3 & 0 \end{bmatrix}) = -4((3)(0) - (-5)(3)) - 5((-2)(0) - (-5)(-1)) + (-1)((-2)(3) - (3)(-1)) = -4(15) - 5(-5) - 1(-6+3) = -60 + 25 + 3 = -32
det(\begin{bmatrix} -4 & 5 & 1 \\ -2 & 3 & -5 \\ -1 & 3 & 4 \end{bmatrix}) = -4((3)(4) - (-5)(3)) - 5((-2)(4) - (-5)(-1)) + 1((-2)(3) - (3)(-1)) = -4(12+15) - 5(-8-5) + 1(-6+3) = -4(27) - 5(-13) + (-3) = -108 + 65 - 3 = -46

Now, substitute these values back into the expression for det(A):
det(A) = -1 * (58) - 2 * (-62) + 2 * (-32) - (-2) * (-46) = -58 + 124 - 64 + 92 = -58 - 64 + 124 + 92 = -122 + 216 = 94

Final Answer: The final answer is $\boxed{94}$","
Let A be the given matrix:
A = \begin{bmatrix} -1 & 2 & 2 & -2 \\ -4 & 5 & 1 & -1 \\ -2 & 3 & -5 & -5 \\ -1 & 3 & 4 & 0 \end{bmatrix}

We can compute the determinant of A using cofactor expansion along the first row:
det(A) = -1 * det(\begin{bmatrix} 5 & 1 & -1 \\ 3 & -5 & -5 \\ 3 & 4 & 0 \end{bmatrix}) - 2 * det(\begin{bmatrix} -4 & 1 & -1 \\ -2 & -5 & -5 \\ -1 & 4 & 0 \end{bmatrix}) + 2 * det(\begin{bmatrix} -4 & 5 & -1 \\ -2 & 3 & -5 \\ -1 & 3 & 0 \end{bmatrix}) - (-2) * det(\begin{bmatrix} -4 & 5 & 1 \\ -2 & 3 & -5 \\ -1 & 3 & 4 \end{bmatrix})

Let's compute the determinants of the 3x3 matrices:
det(\begin{bmatrix} 5 & 1 & -1 \\ 3 & -5 & -5 \\ 3 & 4 & 0 \end{bmatrix}) = 5((-5)(0) - (-5)(4)) - 1((3)(0) - (-5)(3)) + (-1)((3)(4) - (-5)(3)) = 5(20) - 1(15) - 1(12+15) = 100 - 15 - 27 = 58
det(\begin{bmatrix} -4 & 1 & -1 \\ -2 & -5 & -5 \\ -1 & 4 & 0 \end{bmatrix}) = -4((-5)(0) - (-5)(4)) - 1((-2)(0) - (-5)(-1)) + (-1)((-2)(4) - (-5)(-1)) = -4(20) - 1(-5) - 1(-8-5) = -80 + 5 + 13 = -62
det(\begin{bmatrix} -4 & 5 & -1 \\ -2 & 3 & -5 \\ -1 & 3 & 0 \end{bmatrix}) = -4((3)(0) - (-5)(3)) - 5((-2)(0) - (-5)(-1)) + (-1)((-2)(3) - (3)(-1)) = -4(15) - 5(-5) - 1(-6+3) = -60 + 25 + 3 = -32
det(\begin{bmatrix} -4 & 5 & 1 \\ -2 & 3 & -5 \\ -1 & 3 & 4 \end{bmatrix}) = -4((3)(4) - (-5)(3)) - 5((-2)(4) - (-5)(-1)) + 1((-2)(3) - (3)(-1)) = -4(12+15) - 5(-8-5) + 1(-6+3) = -4(27) - 5(-13) + (-3) = -108 + 65 - 3 = -46

Now, substitute these values back into the expression for det(A):
det(A) = -1 * (58) - 2 * (-62) + 2 * (-32) - (-2) * (-46) = -58 + 124 - 64 + 92 = -58 - 64 + 124 + 92 = -122 + 216 = 94

Final Answer: The final answer is $\boxed{94}$", = -1 * (58) - 2 * (-62) [+] 2 * (-32) - (-2) * (-46,419,AGREED_FIRST(min)
NC2_4x4_det_1501,Gemma-3,determinant,4,Product_Sign_Error,det,failure,\det(A) = 215,+,-,2036,"<start_of_turn>user
You are a precise mathematical assistant. Show all computation steps clearly. Always put your final numerical answer inside \boxed{}.

Solve this linear algebra problem. Show your work and give the final answer.

Find the determinant of the 4×4 matrix A.

A = \begin{bmatrix} -3 & -4 & -5 & -2 \\ 1 & -3 & -3 & 4 \\ -2 & 2 & -1 & 4 \\ 5 & 1 & 3 & -1 \end{bmatrix}

<end_of_turn>
<start_of_turn>model
Let A be the given matrix:
$$ A = \begin{bmatrix} -3 & -4 & -5 & -2 \\ 1 & -3 & -3 & 4 \\ -2 & 2 & -1 & 4 \\ 5 & 1 & 3 & -1 \end{bmatrix} $$
We want to find the determinant of A. We can use cofactor expansion along the first row:
$$ \det(A) = -3 \begin{vmatrix} -3 & -3 & 4 \\ 2 & -1 & 4 \\ 1 & 3 & -1 \end{vmatrix} - (-4) \begin{vmatrix} 1 & -3 & 4 \\ -2 & -1 & 4 \\ 5 & 3 & -1 \end{vmatrix} + (-5) \begin{vmatrix} 1 & -3 & 4 \\ -2 & 2 & 4 \\ 5 & 1 & -1 \end{vmatrix} - (-2) \begin{vmatrix} 1 & -3 & -3 \\ -2 & 2 & -1 \\ 5 & 1 & 3 \end{vmatrix} $$
First, we compute the 3x3 determinants:
$$ \begin{vmatrix} -3 & -3 & 4 \\ 2 & -1 & 4 \\ 1 & 3 & -1 \end{vmatrix} = -3((-1)(-1) - (4)(3)) - (-3)((2)(-1) - (4)(1)) + 4((2)(3) - (-1)(1)) = -3(1-12) + 3(-2-4) + 4(6+1) = -3(-11) + 3(-6) + 4(7) = 33 - 18 + 28 = 43 $$
$$ \begin{vmatrix} 1 & -3 & 4 \\ -2 & -1 & 4 \\ 5 & 3 & -1 \end{vmatrix} = 1((-1)(-1) - (4)(3)) - (-3)((-2)(-1) - (4)(5)) + 4((-2)(3) - (-1)(5)) = 1(1-12) + 3(2-20) + 4(-6+5) = 1(-11) + 3(-18) + 4(-1) = -11 - 54 - 4 = -69 $$
$$ \begin{vmatrix} 1 & -3 & 4 \\ -2 & 2 & 4 \\ 5 & 1 & -1 \end{vmatrix} = 1((2)(-1) - (4)(1)) - (-3)((-2)(-1) - (4)(5)) + 4((-2)(1) - (2)(5)) = 1(-2-4) + 3(2-20) + 4(-2-10) = 1(-6) + 3(-18) + 4(-12) = -6 - 54 - 48 = -108 $$
$$ \begin{vmatrix} 1 & -3 & -3 \\ -2 & 2 & -1 \\ 5 & 1 & 3 \end{vmatrix} = 1((2)(3) - (-1)(1)) - (-3)((-2)(3) - (-1)(5)) + (-3)((-2)(1) - (2)(5)) = 1(6+1) + 3(-6+5) - 3(-2-10) = 1(7) + 3(-1) - 3(-12) = 7 - 3 + 36 = 40 $$
Now, we substitute these values back into the expression for $\det(A)$:
$$ \det(A) = -3(43) - (-4)(-69) + (-5)(-108) - (-2)(40) = -129 + 276 + 540 + 80 = -129 + 276 + 620 = 147 + 620 = 767 $$
Therefore, the determinant of A is 767.

Final Answer: The final answer is $\boxed{767}$","Let A be the given matrix:
$$ A = \begin{bmatrix} -3 & -4 & -5 & -2 \\ 1 & -3 & -3 & 4 \\ -2 & 2 & -1 & 4 \\ 5 & 1 & 3 & -1 \end{bmatrix} $$
We want to find the determinant of A. We can use cofactor expansion along the first row:
$$ \det(A) = -3 \begin{vmatrix} -3 & -3 & 4 \\ 2 & -1 & 4 \\ 1 & 3 & -1 \end{vmatrix} - (-4) \begin{vmatrix} 1 & -3 & 4 \\ -2 & -1 & 4 \\ 5 & 3 & -1 \end{vmatrix} + (-5) \begin{vmatrix} 1 & -3 & 4 \\ -2 & 2 & 4 \\ 5 & 1 & -1 \end{vmatrix} - (-2) \begin{vmatrix} 1 & -3 & -3 \\ -2 & 2 & -1 \\ 5 & 1 & 3 \end{vmatrix} $$
First, we compute the 3x3 determinants:
$$ \begin{vmatrix} -3 & -3 & 4 \\ 2 & -1 & 4 \\ 1 & 3 & -1 \end{vmatrix} = -3((-1)(-1) - (4)(3)) - (-3)((2)(-1) - (4)(1)) + 4((2)(3) - (-1)(1)) = -3(1-12) + 3(-2-4) + 4(6+1) = -3(-11) + 3(-6) + 4(7) = 33 - 18 + 28 = 43 $$
$$ \begin{vmatrix} 1 & -3 & 4 \\ -2 & -1 & 4 \\ 5 & 3 & -1 \end{vmatrix} = 1((-1)(-1) - (4)(3)) - (-3)((-2)(-1) - (4)(5)) + 4((-2)(3) - (-1)(5)) = 1(1-12) + 3(2-20) + 4(-6+5) = 1(-11) + 3(-18) + 4(-1) = -11 - 54 - 4 = -69 $$
$$ \begin{vmatrix} 1 & -3 & 4 \\ -2 & 2 & 4 \\ 5 & 1 & -1 \end{vmatrix} = 1((2)(-1) - (4)(1)) - (-3)((-2)(-1) - (4)(5)) + 4((-2)(1) - (2)(5)) = 1(-2-4) + 3(2-20) + 4(-2-10) = 1(-6) + 3(-18) + 4(-12) = -6 - 54 - 48 = -108 $$
$$ \begin{vmatrix} 1 & -3 & -3 \\ -2 & 2 & -1 \\ 5 & 1 & 3 \end{vmatrix} = 1((2)(3) - (-1)(1)) - (-3)((-2)(3) - (-1)(5)) + (-3)((-2)(1) - (2)(5)) = 1(6+1) + 3(-6+5) - 3(-2-10) = 1(7) + 3(-1) - 3(-12) = 7 - 3 + 36 = 40 $$
Now, we substitute these values back into the expression for $\det(A)$:
$$ \det(A) = -3(43) - (-4)(-69) + (-5)(-108) - (-2)(40) = -129 + 276 + 540 + 80 = -129 + 276 + 620 = 147 + 620 = 767 $$
Therefore, the determinant of A is 767.

Final Answer: The final answer is $\boxed{767}$",(-108) - (-2)(40) = -129 [+] 276 + 540 + 80 = -129 +,420,S1_exact
NC2_4x4_det_0864,Gemma-3,determinant,4,Product_Sign_Error,det,failure,\det(A) = 359,-,+,941,"<start_of_turn>user
You are a precise mathematical assistant. Show all computation steps clearly. Always put your final numerical answer inside \boxed{}.

Solve this linear algebra problem. Show your work and give the final answer.

Find the determinant of the 4×4 matrix A.

A = \begin{bmatrix} 2 & 1 & -3 & -1 \\ 1 & -4 & 5 & 1 \\ -4 & 0 & 0 & -5 \\ 3 & -4 & -4 & -2 \end{bmatrix}

<end_of_turn>
<start_of_turn>model
Let A be the given matrix:
A = \begin{bmatrix} 2 & 1 & -3 & -1 \\ 1 & -4 & 5 & 1 \\ -4 & 0 & 0 & -5 \\ 3 & -4 & -4 & -2 \end{bmatrix}

We can compute the determinant of A by cofactor expansion along the third row.
det(A) = -4 * C_{31} + 0 * C_{32} + 0 * C_{33} + (-5) * C_{34}
where C_{ij} is the cofactor of the element in the i-th row and j-th column.

C_{31} = (-1)^{3+1} * det \begin{bmatrix} 1 & -3 & -1 \\ -4 & 5 & 1 \\ -4 & -4 & -2 \end{bmatrix}
= 1 * (5*(-2) - 1*(-4) - (-3)*(-4*-2 - 1*-4))
= 1 * (-10 + 4 - (-3)*(-8 + 4))
= 1 * (-6 - (-3)*(-4))
= 1 * (-6 - 12)
= -18

C_{34} = (-1)^{3+4} * det \begin{bmatrix} 2 & 1 & -3 \\ 1 & -4 & 5 \\ 3 & -4 & -4 \end{bmatrix}
= -1 * (2*((-4)*(-4) - 5*(-4)) - 1*(1*(-4) - 5*3) + (-3)*(1*(-4) - (-4)*3))
= -1 * (2*(16 + 20) - 1*(-4 - 15) - 3*(-4 + 12))
= -1 * (2*(36) - 1*(-19) - 3*(8))
= -1 * (72 + 19 - 24)
= -1 * (91 - 24)
= -1 * 67
= -67

det(A) = -4 * (-18) + 0 * C_{32} + 0 * C_{33} + (-5) * (-67)
= 72 + 0 + 0 + 335
= 407

Final Answer: The final answer is $\boxed{407}$","Let A be the given matrix:
A = \begin{bmatrix} 2 & 1 & -3 & -1 \\ 1 & -4 & 5 & 1 \\ -4 & 0 & 0 & -5 \\ 3 & -4 & -4 & -2 \end{bmatrix}

We can compute the determinant of A by cofactor expansion along the third row.
det(A) = -4 * C_{31} + 0 * C_{32} + 0 * C_{33} + (-5) * C_{34}
where C_{ij} is the cofactor of the element in the i-th row and j-th column.

C_{31} = (-1)^{3+1} * det \begin{bmatrix} 1 & -3 & -1 \\ -4 & 5 & 1 \\ -4 & -4 & -2 \end{bmatrix}
= 1 * (5*(-2) - 1*(-4) - (-3)*(-4*-2 - 1*-4))
= 1 * (-10 + 4 - (-3)*(-8 + 4))
= 1 * (-6 - (-3)*(-4))
= 1 * (-6 - 12)
= -18

C_{34} = (-1)^{3+4} * det \begin{bmatrix} 2 & 1 & -3 \\ 1 & -4 & 5 \\ 3 & -4 & -4 \end{bmatrix}
= -1 * (2*((-4)*(-4) - 5*(-4)) - 1*(1*(-4) - 5*3) + (-3)*(1*(-4) - (-4)*3))
= -1 * (2*(16 + 20) - 1*(-4 - 15) - 3*(-4 + 12))
= -1 * (2*(36) - 1*(-19) - 3*(8))
= -1 * (72 + 19 - 24)
= -1 * (91 - 24)
= -1 * 67
= -67

det(A) = -4 * (-18) + 0 * C_{32} + 0 * C_{33} + (-5) * (-67)
= 72 + 0 + 0 + 335
= 407

Final Answer: The final answer is $\boxed{407}$",")
= 1 * (-10 + 4 - (-3)*([-]8 + 4))
= 1 * (-6 - (-3)",419,S1_exact
NC2_4x4_det_0469,Gemma-3,determinant,4,Product_Sign_Error,det,failure,\det(A) = -700,+,-,1969,"<start_of_turn>user
You are a precise mathematical assistant. Show all computation steps clearly. Always put your final numerical answer inside \boxed{}.

Solve this linear algebra problem. Show your work and give the final answer.

Find the determinant of the 4×4 matrix A.

A = \begin{bmatrix} -3 & -2 & 2 & 5 \\ -5 & 4 & 5 & 0 \\ 4 & 4 & 4 & -5 \\ 5 & 2 & 4 & 2 \end{bmatrix}

<end_of_turn>
<start_of_turn>model

Let A be the given matrix:
A = \begin{bmatrix} -3 & -2 & 2 & 5 \\ -5 & 4 & 5 & 0 \\ 4 & 4 & 4 & -5 \\ 5 & 2 & 4 & 2 \end{bmatrix}

We can compute the determinant of A using cofactor expansion along the first row:
det(A) = -3 * det(\begin{bmatrix} 4 & 5 & 0 \\ 4 & 4 & -5 \\ 2 & 4 & 2 \end{bmatrix}) - (-2) * det(\begin{bmatrix} -5 & 5 & 0 \\ 4 & 4 & -5 \\ 5 & 4 & 2 \end{bmatrix}) + 2 * det(\begin{bmatrix} -5 & 4 & 0 \\ 4 & 4 & -5 \\ 5 & 2 & 2 \end{bmatrix}) - 5 * det(\begin{bmatrix} -5 & 4 & 5 \\ 4 & 4 & 4 \\ 5 & 2 & 4 \end{bmatrix})

Let's compute the determinants of the 3x3 matrices:
det(\begin{bmatrix} 4 & 5 & 0 \\ 4 & 4 & -5 \\ 2 & 4 & 2 \end{bmatrix}) = 4 * (4*2 - (-5)*4) - 5 * (4*2 - (-5)*2) + 0 * (4*4 - 4*2) = 4 * (8 + 20) - 5 * (8 + 10) = 4 * 28 - 5 * 18 = 112 - 90 = 22
det(\begin{bmatrix} -5 & 5 & 0 \\ 4 & 4 & -5 \\ 5 & 4 & 2 \end{bmatrix}) = -5 * (4*2 - (-5)*4) - 5 * (4*2 - (-5)*5) + 0 * (4*4 - 4*5) = -5 * (8 + 20) - 5 * (8 + 25) = -5 * 28 - 5 * 33 = -140 - 165 = -305
det(\begin{bmatrix} -5 & 4 & 0 \\ 4 & 4 & -5 \\ 5 & 2 & 2 \end{bmatrix}) = -5 * (4*2 - (-5)*2) - 4 * (4*2 - (-5)*5) + 0 * (4*2 - 4*5) = -5 * (8 + 10) - 4 * (8 + 25) = -5 * 18 - 4 * 33 = -90 - 132 = -222
det(\begin{bmatrix} -5 & 4 & 5 \\ 4 & 4 & 4 \\ 5 & 2 & 4 \end{bmatrix}) = -5 * (4*4 - 4*2) - 4 * (4*4 - 4*5) + 5 * (4*2 - 4*5) = -5 * (16 - 8) - 4 * (16 - 20) + 5 * (8 - 20) = -5 * 8 - 4 * (-4) + 5 * (-12) = -40 + 16 - 60 = -84

Now, substitute these values back into the expression for det(A):
det(A) = -3 * 22 - (-2) * (-305) + 2 * (-222) - 5 * (-84) = -66 + 610 - 444 + 420 = -66 - 444 + 610 + 420 = -510 + 1030 = 520

Final Answer: The final answer is $\boxed{520}$","
Let A be the given matrix:
A = \begin{bmatrix} -3 & -2 & 2 & 5 \\ -5 & 4 & 5 & 0 \\ 4 & 4 & 4 & -5 \\ 5 & 2 & 4 & 2 \end{bmatrix}

We can compute the determinant of A using cofactor expansion along the first row:
det(A) = -3 * det(\begin{bmatrix} 4 & 5 & 0 \\ 4 & 4 & -5 \\ 2 & 4 & 2 \end{bmatrix}) - (-2) * det(\begin{bmatrix} -5 & 5 & 0 \\ 4 & 4 & -5 \\ 5 & 4 & 2 \end{bmatrix}) + 2 * det(\begin{bmatrix} -5 & 4 & 0 \\ 4 & 4 & -5 \\ 5 & 2 & 2 \end{bmatrix}) - 5 * det(\begin{bmatrix} -5 & 4 & 5 \\ 4 & 4 & 4 \\ 5 & 2 & 4 \end{bmatrix})

Let's compute the determinants of the 3x3 matrices:
det(\begin{bmatrix} 4 & 5 & 0 \\ 4 & 4 & -5 \\ 2 & 4 & 2 \end{bmatrix}) = 4 * (4*2 - (-5)*4) - 5 * (4*2 - (-5)*2) + 0 * (4*4 - 4*2) = 4 * (8 + 20) - 5 * (8 + 10) = 4 * 28 - 5 * 18 = 112 - 90 = 22
det(\begin{bmatrix} -5 & 5 & 0 \\ 4 & 4 & -5 \\ 5 & 4 & 2 \end{bmatrix}) = -5 * (4*2 - (-5)*4) - 5 * (4*2 - (-5)*5) + 0 * (4*4 - 4*5) = -5 * (8 + 20) - 5 * (8 + 25) = -5 * 28 - 5 * 33 = -140 - 165 = -305
det(\begin{bmatrix} -5 & 4 & 0 \\ 4 & 4 & -5 \\ 5 & 2 & 2 \end{bmatrix}) = -5 * (4*2 - (-5)*2) - 4 * (4*2 - (-5)*5) + 0 * (4*2 - 4*5) = -5 * (8 + 10) - 4 * (8 + 25) = -5 * 18 - 4 * 33 = -90 - 132 = -222
det(\begin{bmatrix} -5 & 4 & 5 \\ 4 & 4 & 4 \\ 5 & 2 & 4 \end{bmatrix}) = -5 * (4*4 - 4*2) - 4 * (4*4 - 4*5) + 5 * (4*2 - 4*5) = -5 * (16 - 8) - 4 * (16 - 20) + 5 * (8 - 20) = -5 * 8 - 4 * (-4) + 5 * (-12) = -40 + 16 - 60 = -84

Now, substitute these values back into the expression for det(A):
det(A) = -3 * 22 - (-2) * (-305) + 2 * (-222) - 5 * (-84) = -66 + 610 - 444 + 420 = -66 - 444 + 610 + 420 = -510 + 1030 = 520

Final Answer: The final answer is $\boxed{520}$",(-222) - 5 * (-84) = -66 [+] 610 - 444 + 420 = -66 -,415,S1_exact
NC_4x4_det_775,Gemma-3,determinant,4,Cofactor_Neglect,det,failure,\det(A) = 78,-,+,2144,"<start_of_turn>user
You are a precise mathematical assistant. Show all computation steps clearly. Always put your final numerical answer inside \boxed{}.

Solve this linear algebra problem. Show your work and give the final answer.

Find the determinant of the 4×4 matrix A.

A = \begin{bmatrix} -1 & -5 & 1 & 2 \\ -4 & 3 & -1 & -1 \\ 0 & 1 & -3 & -1 \\ -5 & -2 & -1 & 2 \end{bmatrix}

<end_of_turn>
<start_of_turn>model

Let A be the given matrix:
A = \begin{bmatrix} -1 & -5 & 1 & 2 \\ -4 & 3 & -1 & -1 \\ 0 & 1 & -3 & -1 \\ -5 & -2 & -1 & 2 \end{bmatrix}

We can compute the determinant of A by cofactor expansion along the first column:
det(A) = (-1) * C_{11} + (-4) * C_{21} + (0) * C_{31} + (-5) * C_{41}
where C_{ij} is the cofactor of the element in the i-th row and j-th column.

C_{11} = det \begin{bmatrix} 3 & -1 & -1 \\ 1 & -3 & -1 \\ -2 & -1 & 2 \end{bmatrix}
= 3 * det \begin{bmatrix} -3 & -1 \\ -1 & 2 \end{bmatrix} - (-1) * det \begin{bmatrix} 1 & -1 \\ -2 & 2 \end{bmatrix} + (-1) * det \begin{bmatrix} 1 & -3 \\ -2 & -1 \end{bmatrix}
= 3 * ((-3)(2) - (-1)(-1)) + 1 * ((1)(2) - (-1)(-2)) - 1 * ((1)(-1) - (-3)(-2))
= 3 * (-6 - 1) + (2 - 2) - (-1 - 6)
= 3 * (-7) + 0 - (-7)
= -21 + 7 = -14

C_{21} = (-1) * det \begin{bmatrix} -5 & 1 & 2 \\ 1 & -3 & -1 \\ -2 & -1 & 2 \end{bmatrix}
= (-1) * (-5 * det \begin{bmatrix} -3 & -1 \\ -1 & 2 \end{bmatrix} - 1 * det \begin{bmatrix} 1 & -1 \\ -2 & 2 \end{bmatrix} + 2 * det \begin{bmatrix} 1 & -3 \\ -2 & -1 \end{bmatrix})
= (-1) * (-5 * ((-3)(2) - (-1)(-1)) - 1 * ((1)(2) - (-1)(-2)) + 2 * ((1)(-1) - (-3)(-2)))
= (-1) * (-5 * (-6 - 1) - 1 * (2 - 2) + 2 * (-1 - 6))
= (-1) * (-5 * (-7) - 1 * 0 + 2 * (-7))
= (-1) * (35 - 0 - 14)
= (-1) * (21) = -21

C_{41} = det \begin{bmatrix} -5 & 1 & 2 \\ 3 & -1 & -1 \\ 1 & -3 & -1 \end{bmatrix}
= -5 * det \begin{bmatrix} -1 & -1 \\ -3 & -1 \end{bmatrix} - 1 * det \begin{bmatrix} 3 & -1 \\ 1 & -1 \end{bmatrix} + 2 * det \begin{bmatrix} 3 & -1 \\ 1 & -3 \end{bmatrix}
= -5 * ((-1)(-1) - (-1)(-3)) - 1 * ((3)(-1) - (-1)(1)) + 2 * ((3)(-3) - (-1)(1))
= -5 * (1 - 3) - 1 * (-3 + 1) + 2 * (-9 + 1)
= -5 * (-2) - 1 * (-2) + 2 * (-8)
= 10 + 2 - 16 = -4

det(A) = (-1) * (-14) + (-4) * (-21) + (0) * C_{31} + (-5) * (-4)
= 14 + 84 + 0 + 20
= 118

Final Answer: The final answer is $\boxed{118}$","
Let A be the given matrix:
A = \begin{bmatrix} -1 & -5 & 1 & 2 \\ -4 & 3 & -1 & -1 \\ 0 & 1 & -3 & -1 \\ -5 & -2 & -1 & 2 \end{bmatrix}

We can compute the determinant of A by cofactor expansion along the first column:
det(A) = (-1) * C_{11} + (-4) * C_{21} + (0) * C_{31} + (-5) * C_{41}
where C_{ij} is the cofactor of the element in the i-th row and j-th column.

C_{11} = det \begin{bmatrix} 3 & -1 & -1 \\ 1 & -3 & -1 \\ -2 & -1 & 2 \end{bmatrix}
= 3 * det \begin{bmatrix} -3 & -1 \\ -1 & 2 \end{bmatrix} - (-1) * det \begin{bmatrix} 1 & -1 \\ -2 & 2 \end{bmatrix} + (-1) * det \begin{bmatrix} 1 & -3 \\ -2 & -1 \end{bmatrix}
= 3 * ((-3)(2) - (-1)(-1)) + 1 * ((1)(2) - (-1)(-2)) - 1 * ((1)(-1) - (-3)(-2))
= 3 * (-6 - 1) + (2 - 2) - (-1 - 6)
= 3 * (-7) + 0 - (-7)
= -21 + 7 = -14

C_{21} = (-1) * det \begin{bmatrix} -5 & 1 & 2 \\ 1 & -3 & -1 \\ -2 & -1 & 2 \end{bmatrix}
= (-1) * (-5 * det \begin{bmatrix} -3 & -1 \\ -1 & 2 \end{bmatrix} - 1 * det \begin{bmatrix} 1 & -1 \\ -2 & 2 \end{bmatrix} + 2 * det \begin{bmatrix} 1 & -3 \\ -2 & -1 \end{bmatrix})
= (-1) * (-5 * ((-3)(2) - (-1)(-1)) - 1 * ((1)(2) - (-1)(-2)) + 2 * ((1)(-1) - (-3)(-2)))
= (-1) * (-5 * (-6 - 1) - 1 * (2 - 2) + 2 * (-1 - 6))
= (-1) * (-5 * (-7) - 1 * 0 + 2 * (-7))
= (-1) * (35 - 0 - 14)
= (-1) * (21) = -21

C_{41} = det \begin{bmatrix} -5 & 1 & 2 \\ 3 & -1 & -1 \\ 1 & -3 & -1 \end{bmatrix}
= -5 * det \begin{bmatrix} -1 & -1 \\ -3 & -1 \end{bmatrix} - 1 * det \begin{bmatrix} 3 & -1 \\ 1 & -1 \end{bmatrix} + 2 * det \begin{bmatrix} 3 & -1 \\ 1 & -3 \end{bmatrix}
= -5 * ((-1)(-1) - (-1)(-3)) - 1 * ((3)(-1) - (-1)(1)) + 2 * ((3)(-3) - (-1)(1))
= -5 * (1 - 3) - 1 * (-3 + 1) + 2 * (-9 + 1)
= -5 * (-2) - 1 * (-2) + 2 * (-8)
= 10 + 2 - 16 = -4

det(A) = (-1) * (-14) + (-4) * (-21) + (0) * C_{31} + (-5) * (-4)
= 14 + 84 + 0 + 20
= 118

Final Answer: The final answer is $\boxed{118}$","2 * (-8)
= 10 + 2 - 16 = [-]4

det(A) = (-1) * (-14)",421,S1_exact
NC_4x4_det_1138,Gemma-3,determinant,4,Product_Sign_Error,det,failure,\det(A) = -44,-,+,2321,"<start_of_turn>user
You are a precise mathematical assistant. Show all computation steps clearly. Always put your final numerical answer inside \boxed{}.

Solve this linear algebra problem. Show your work and give the final answer.

Find the determinant of the 4×4 matrix A.

A = \begin{bmatrix} -2 & 3 & 5 & -2 \\ -5 & 4 & 4 & 2 \\ -1 & 0 & 3 & 1 \\ 0 & 0 & 2 & -2 \end{bmatrix}

<end_of_turn>
<start_of_turn>model

To find the determinant of the 4x4 matrix A, we can use cofactor expansion. Let's expand along the first column:

A = \begin{bmatrix} -2 & 3 & 5 & -2 \\ -5 & 4 & 4 & 2 \\ -1 & 0 & 3 & 1 \\ 0 & 0 & 2 & -2 \end{bmatrix}

det(A) = -2 * det(\begin{bmatrix} 4 & 4 & 2 \\ 0 & 3 & 1 \\ 0 & 2 & -2 \end{bmatrix}) - (-5) * det(\begin{bmatrix} 3 & 5 & -2 \\ 0 & 3 & 1 \\ 0 & 2 & -2 \end{bmatrix}) + (-1) * det(\begin{bmatrix} 3 & 5 & -2 \\ 4 & 4 & 2 \\ 0 & 2 & -2 \end{bmatrix}) - 0 * det(\begin{bmatrix} 3 & 5 & -2 \\ 4 & 4 & 2 \\ 0 & 3 & 1 \end{bmatrix})

Now we compute the determinants of the 3x3 matrices:

det(\begin{bmatrix} 4 & 4 & 2 \\ 0 & 3 & 1 \\ 0 & 2 & -2 \end{bmatrix}) = 4 * det(\begin{bmatrix} 3 & 1 \\ 2 & -2 \end{bmatrix}) - 4 * det(\begin{bmatrix} 0 & 1 \\ 0 & -2 \end{bmatrix}) + 2 * det(\begin{bmatrix} 0 & 3 \\ 0 & 2 \end{bmatrix})
= 4 * (3*(-2) - 1*2) - 4 * (0*(-2) - 1*0) + 2 * (0*2 - 3*0)
= 4 * (-6 - 2) - 4 * (0) + 2 * (0)
= 4 * (-8) = -32

det(\begin{bmatrix} 3 & 5 & -2 \\ 0 & 3 & 1 \\ 0 & 2 & -2 \end{bmatrix}) = 3 * det(\begin{bmatrix} 3 & 1 \\ 2 & -2 \end{bmatrix}) - 5 * det(\begin{bmatrix} 0 & 1 \\ 0 & -2 \end{bmatrix}) + (-2) * det(\begin{bmatrix} 0 & 3 \\ 0 & 2 \end{bmatrix})
= 3 * (3*(-2) - 1*2) - 5 * (0*(-2) - 1*0) - 2 * (0*2 - 3*0)
= 3 * (-6 - 2) - 5 * (0) - 2 * (0)
= 3 * (-8) = -24

det(\begin{bmatrix} 3 & 5 & -2 \\ 4 & 4 & 2 \\ 0 & 2 & -2 \end{bmatrix}) = 3 * det(\begin{bmatrix} 4 & 2 \\ 2 & -2 \end{bmatrix}) - 5 * det(\begin{bmatrix} 4 & 2 \\ 0 & -2 \end{bmatrix}) + (-2) * det(\begin{bmatrix} 4 & 4 \\ 0 & 2 \end{bmatrix})
= 3 * (4*(-2) - 2*2) - 5 * (4*(-2) - 2*0) - 2 * (4*2 - 4*0)
= 3 * (-8 - 4) - 5 * (-8) - 2 * (8)
= 3 * (-12) + 40 - 16
= -36 + 40 - 16
= -12

Now substitute these values back into the original equation:

det(A) = -2 * (-32) - (-5) * (-24) + (-1) * (-12) - 0 * det(\begin{bmatrix} 3 & 5 & -2 \\ 4 & 4 & 2 \\ 0 & 3 & 1 \end{bmatrix})
= 64 - 120 - 12
= 64 - 132
= -68

Final Answer: The final answer is $\boxed{-68}$","
To find the determinant of the 4x4 matrix A, we can use cofactor expansion. Let's expand along the first column:

A = \begin{bmatrix} -2 & 3 & 5 & -2 \\ -5 & 4 & 4 & 2 \\ -1 & 0 & 3 & 1 \\ 0 & 0 & 2 & -2 \end{bmatrix}

det(A) = -2 * det(\begin{bmatrix} 4 & 4 & 2 \\ 0 & 3 & 1 \\ 0 & 2 & -2 \end{bmatrix}) - (-5) * det(\begin{bmatrix} 3 & 5 & -2 \\ 0 & 3 & 1 \\ 0 & 2 & -2 \end{bmatrix}) + (-1) * det(\begin{bmatrix} 3 & 5 & -2 \\ 4 & 4 & 2 \\ 0 & 2 & -2 \end{bmatrix}) - 0 * det(\begin{bmatrix} 3 & 5 & -2 \\ 4 & 4 & 2 \\ 0 & 3 & 1 \end{bmatrix})

Now we compute the determinants of the 3x3 matrices:

det(\begin{bmatrix} 4 & 4 & 2 \\ 0 & 3 & 1 \\ 0 & 2 & -2 \end{bmatrix}) = 4 * det(\begin{bmatrix} 3 & 1 \\ 2 & -2 \end{bmatrix}) - 4 * det(\begin{bmatrix} 0 & 1 \\ 0 & -2 \end{bmatrix}) + 2 * det(\begin{bmatrix} 0 & 3 \\ 0 & 2 \end{bmatrix})
= 4 * (3*(-2) - 1*2) - 4 * (0*(-2) - 1*0) + 2 * (0*2 - 3*0)
= 4 * (-6 - 2) - 4 * (0) + 2 * (0)
= 4 * (-8) = -32

det(\begin{bmatrix} 3 & 5 & -2 \\ 0 & 3 & 1 \\ 0 & 2 & -2 \end{bmatrix}) = 3 * det(\begin{bmatrix} 3 & 1 \\ 2 & -2 \end{bmatrix}) - 5 * det(\begin{bmatrix} 0 & 1 \\ 0 & -2 \end{bmatrix}) + (-2) * det(\begin{bmatrix} 0 & 3 \\ 0 & 2 \end{bmatrix})
= 3 * (3*(-2) - 1*2) - 5 * (0*(-2) - 1*0) - 2 * (0*2 - 3*0)
= 3 * (-6 - 2) - 5 * (0) - 2 * (0)
= 3 * (-8) = -24

det(\begin{bmatrix} 3 & 5 & -2 \\ 4 & 4 & 2 \\ 0 & 2 & -2 \end{bmatrix}) = 3 * det(\begin{bmatrix} 4 & 2 \\ 2 & -2 \end{bmatrix}) - 5 * det(\begin{bmatrix} 4 & 2 \\ 0 & -2 \end{bmatrix}) + (-2) * det(\begin{bmatrix} 4 & 4 \\ 0 & 2 \end{bmatrix})
= 3 * (4*(-2) - 2*2) - 5 * (4*(-2) - 2*0) - 2 * (4*2 - 4*0)
= 3 * (-8 - 4) - 5 * (-8) - 2 * (8)
= 3 * (-12) + 40 - 16
= -36 + 40 - 16
= -12

Now substitute these values back into the original equation:

det(A) = -2 * (-32) - (-5) * (-24) + (-1) * (-12) - 0 * det(\begin{bmatrix} 3 & 5 & -2 \\ 4 & 4 & 2 \\ 0 & 3 & 1 \end{bmatrix})
= 64 - 120 - 12
= 64 - 132
= -68

Final Answer: The final answer is $\boxed{-68}$","end{bmatrix})
= 64 - 120 [-] 12
= 64 - 132
= -68

Fi",416,S1_exact
NC_4x4_det_1697,Gemma-3,determinant,4,Product_Sign_Error,det,failure,\det(A) = 52,+,-,2128,"<start_of_turn>user
You are a precise mathematical assistant. Show all computation steps clearly. Always put your final numerical answer inside \boxed{}.

Solve this linear algebra problem. Show your work and give the final answer.

Find the determinant of the 4×4 matrix A.

A = \begin{bmatrix} 2 & -3 & -4 & 4 \\ -5 & -2 & -1 & 5 \\ 1 & 0 & 3 & -1 \\ 2 & -2 & -5 & 2 \end{bmatrix}

<end_of_turn>
<start_of_turn>model
Let A be the given matrix:
A = \begin{bmatrix} 2 & -3 & -4 & 4 \\ -5 & -2 & -1 & 5 \\ 1 & 0 & 3 & -1 \\ 2 & -2 & -5 & 2 \end{bmatrix}

We can compute the determinant of A using cofactor expansion along the first row:
det(A) = 2 * det(\begin{bmatrix} -2 & -1 & 5 \\ 0 & 3 & -1 \\ -2 & -5 & 2 \end{bmatrix}) - (-3) * det(\begin{bmatrix} -5 & -1 & 5 \\ 1 & 3 & -1 \\ 2 & -5 & 2 \end{bmatrix}) + (-4) * det(\begin{bmatrix} -5 & -2 & 5 \\ 1 & 0 & -1 \\ 2 & -2 & 2 \end{bmatrix}) - 4 * det(\begin{bmatrix} -5 & -2 & -1 \\ 1 & 0 & 3 \\ 2 & -2 & -5 \end{bmatrix})

Let's compute the determinants of the 3x3 matrices:
det(\begin{bmatrix} -2 & -1 & 5 \\ 0 & 3 & -1 \\ -2 & -5 & 2 \end{bmatrix}) = -2 * (3*2 - (-1)*(-5)) - (-1) * (0*2 - (-1)*(-2)) + 5 * (0*(-5) - 3*(-2))
= -2 * (6 - 5) + 1 * (0 - 2) + 5 * (0 + 6)
= -2 * 1 + 1 * (-2) + 5 * 6
= -2 - 2 + 30 = 26

det(\begin{bmatrix} -5 & -1 & 5 \\ 1 & 3 & -1 \\ 2 & -5 & 2 \end{bmatrix}) = -5 * (3*2 - (-1)*(-5)) - (-1) * (1*2 - (-1)*2) + 5 * (1*(-5) - 3*2)
= -5 * (6 - 5) + 1 * (2 + 2) + 5 * (-5 - 6)
= -5 * 1 + 1 * 4 + 5 * (-11)
= -5 + 4 - 55 = -56

det(\begin{bmatrix} -5 & -2 & 5 \\ 1 & 0 & -1 \\ 2 & -2 & 2 \end{bmatrix}) = -5 * (0*2 - (-1)*(-2)) - (-2) * (1*2 - (-1)*2) + 5 * (1*(-2) - 0*2)
= -5 * (0 - 2) + 2 * (2 + 2) + 5 * (-2 - 0)
= -5 * (-2) + 2 * 4 + 5 * (-2)
= 10 + 8 - 10 = 8

det(\begin{bmatrix} -5 & -2 & -1 \\ 1 & 0 & 3 \\ 2 & -2 & -5 \end{bmatrix}) = -5 * (0*(-5) - 3*(-2)) - (-2) * (1*(-5) - 3*2) + (-1) * (1*(-2) - 0*2)
= -5 * (0 + 6) + 2 * (-5 - 6) + (-1) * (-2 - 0)
= -5 * 6 + 2 * (-11) + (-1) * (-2)
= -30 - 22 + 2 = -50

Now, substitute these values back into the expression for det(A):
det(A) = 2 * 26 - (-3) * (-56) + (-4) * 8 - 4 * (-50)
= 52 + 168 - 32 + 200
= 52 + 168 - 32 + 200 = 388

Final Answer: The final answer is $\boxed{388}$","Let A be the given matrix:
A = \begin{bmatrix} 2 & -3 & -4 & 4 \\ -5 & -2 & -1 & 5 \\ 1 & 0 & 3 & -1 \\ 2 & -2 & -5 & 2 \end{bmatrix}

We can compute the determinant of A using cofactor expansion along the first row:
det(A) = 2 * det(\begin{bmatrix} -2 & -1 & 5 \\ 0 & 3 & -1 \\ -2 & -5 & 2 \end{bmatrix}) - (-3) * det(\begin{bmatrix} -5 & -1 & 5 \\ 1 & 3 & -1 \\ 2 & -5 & 2 \end{bmatrix}) + (-4) * det(\begin{bmatrix} -5 & -2 & 5 \\ 1 & 0 & -1 \\ 2 & -2 & 2 \end{bmatrix}) - 4 * det(\begin{bmatrix} -5 & -2 & -1 \\ 1 & 0 & 3 \\ 2 & -2 & -5 \end{bmatrix})

Let's compute the determinants of the 3x3 matrices:
det(\begin{bmatrix} -2 & -1 & 5 \\ 0 & 3 & -1 \\ -2 & -5 & 2 \end{bmatrix}) = -2 * (3*2 - (-1)*(-5)) - (-1) * (0*2 - (-1)*(-2)) + 5 * (0*(-5) - 3*(-2))
= -2 * (6 - 5) + 1 * (0 - 2) + 5 * (0 + 6)
= -2 * 1 + 1 * (-2) + 5 * 6
= -2 - 2 + 30 = 26

det(\begin{bmatrix} -5 & -1 & 5 \\ 1 & 3 & -1 \\ 2 & -5 & 2 \end{bmatrix}) = -5 * (3*2 - (-1)*(-5)) - (-1) * (1*2 - (-1)*2) + 5 * (1*(-5) - 3*2)
= -5 * (6 - 5) + 1 * (2 + 2) + 5 * (-5 - 6)
= -5 * 1 + 1 * 4 + 5 * (-11)
= -5 + 4 - 55 = -56

det(\begin{bmatrix} -5 & -2 & 5 \\ 1 & 0 & -1 \\ 2 & -2 & 2 \end{bmatrix}) = -5 * (0*2 - (-1)*(-2)) - (-2) * (1*2 - (-1)*2) + 5 * (1*(-2) - 0*2)
= -5 * (0 - 2) + 2 * (2 + 2) + 5 * (-2 - 0)
= -5 * (-2) + 2 * 4 + 5 * (-2)
= 10 + 8 - 10 = 8

det(\begin{bmatrix} -5 & -2 & -1 \\ 1 & 0 & 3 \\ 2 & -2 & -5 \end{bmatrix}) = -5 * (0*(-5) - 3*(-2)) - (-2) * (1*(-5) - 3*2) + (-1) * (1*(-2) - 0*2)
= -5 * (0 + 6) + 2 * (-5 - 6) + (-1) * (-2 - 0)
= -5 * 6 + 2 * (-11) + (-1) * (-2)
= -30 - 22 + 2 = -50

Now, substitute these values back into the expression for det(A):
det(A) = 2 * 26 - (-3) * (-56) + (-4) * 8 - 4 * (-50)
= 52 + 168 - 32 + 200
= 52 + 168 - 32 + 200 = 388

Final Answer: The final answer is $\boxed{388}$","-4) * 8 - 4 * (-50)
= 52 [+] 168 - 32 + 200
= 52 + 1",419,S1_exact
NC_4x4_det_1730,Gemma-3,determinant,4,Product_Sign_Error,det,failure,\det(A) = 160,+,-,1996,"<start_of_turn>user
You are a precise mathematical assistant. Show all computation steps clearly. Always put your final numerical answer inside \boxed{}.

Solve this linear algebra problem. Show your work and give the final answer.

Find the determinant of the 4×4 matrix A.

A = \begin{bmatrix} 3 & -1 & -5 & -3 \\ -3 & -3 & 0 & -2 \\ -4 & -4 & -1 & -1 \\ 4 & -2 & -3 & 1 \end{bmatrix}

<end_of_turn>
<start_of_turn>model
Let A be the given matrix:
A = \begin{bmatrix} 3 & -1 & -5 & -3 \\ -3 & -3 & 0 & -2 \\ -4 & -4 & -1 & -1 \\ 4 & -2 & -3 & 1 \end{bmatrix}

We can compute the determinant of A using cofactor expansion along the first row:
det(A) = 3 * det(\begin{bmatrix} -3 & 0 & -2 \\ -4 & -1 & -1 \\ -2 & -3 & 1 \end{bmatrix}) - (-1) * det(\begin{bmatrix} -3 & 0 & -2 \\ -4 & -1 & -1 \\ 4 & -3 & 1 \end{bmatrix}) + (-5) * det(\begin{bmatrix} -3 & -3 & -2 \\ -4 & -4 & -1 \\ 4 & -2 & 1 \end{bmatrix}) - (-3) * det(\begin{bmatrix} -3 & -3 & 0 \\ -4 & -4 & -1 \\ 4 & -2 & -3 \end{bmatrix})

Let's compute the determinants of the 3x3 matrices:
det(\begin{bmatrix} -3 & 0 & -2 \\ -4 & -1 & -1 \\ -2 & -3 & 1 \end{bmatrix}) = -3((-1)(1) - (-1)(-3)) - 0 + (-2)((-4)(-3) - (-1)(-2)) = -3(-1 - 3) - 2(12 - 2) = -3(-4) - 2(10) = 12 - 20 = -8
det(\begin{bmatrix} -3 & 0 & -2 \\ -4 & -1 & -1 \\ 4 & -3 & 1 \end{bmatrix}) = -3((-1)(1) - (-1)(-3)) - 0 + (-2)((-4)(-3) - (-1)(4)) = -3(-1 - 3) - 2(12 + 4) = -3(-4) - 2(16) = 12 - 32 = -20
det(\begin{bmatrix} -3 & -3 & -2 \\ -4 & -4 & -1 \\ 4 & -2 & 1 \end{bmatrix}) = -3((-4)(1) - (-1)(-2)) - (-3)((-4)(1) - (-1)(4)) + (-2)((-4)(-2) - (-4)(4)) = -3(-4 - 2) + 3(-4 + 4) - 2(8 + 16) = -3(-6) + 3(0) - 2(24) = 18 + 0 - 48 = -30
det(\begin{bmatrix} -3 & -3 & 0 \\ -4 & -4 & -1 \\ 4 & -2 & -3 \end{bmatrix}) = -3((-4)(-3) - (-1)(-2)) - (-3)((-4)(-3) - (-1)(4)) + 0 = -3(12 - 2) + 3(12 + 4) = -3(10) + 3(16) = -30 + 48 = 18

Now, substitute these values back into the expression for det(A):
det(A) = 3 * (-8) - (-1) * (-20) + (-5) * (-30) - (-3) * (18) = -24 + 20 + 150 + 54 = -4 + 204 = 200

Final Answer: The final answer is $\boxed{200}$","Let A be the given matrix:
A = \begin{bmatrix} 3 & -1 & -5 & -3 \\ -3 & -3 & 0 & -2 \\ -4 & -4 & -1 & -1 \\ 4 & -2 & -3 & 1 \end{bmatrix}

We can compute the determinant of A using cofactor expansion along the first row:
det(A) = 3 * det(\begin{bmatrix} -3 & 0 & -2 \\ -4 & -1 & -1 \\ -2 & -3 & 1 \end{bmatrix}) - (-1) * det(\begin{bmatrix} -3 & 0 & -2 \\ -4 & -1 & -1 \\ 4 & -3 & 1 \end{bmatrix}) + (-5) * det(\begin{bmatrix} -3 & -3 & -2 \\ -4 & -4 & -1 \\ 4 & -2 & 1 \end{bmatrix}) - (-3) * det(\begin{bmatrix} -3 & -3 & 0 \\ -4 & -4 & -1 \\ 4 & -2 & -3 \end{bmatrix})

Let's compute the determinants of the 3x3 matrices:
det(\begin{bmatrix} -3 & 0 & -2 \\ -4 & -1 & -1 \\ -2 & -3 & 1 \end{bmatrix}) = -3((-1)(1) - (-1)(-3)) - 0 + (-2)((-4)(-3) - (-1)(-2)) = -3(-1 - 3) - 2(12 - 2) = -3(-4) - 2(10) = 12 - 20 = -8
det(\begin{bmatrix} -3 & 0 & -2 \\ -4 & -1 & -1 \\ 4 & -3 & 1 \end{bmatrix}) = -3((-1)(1) - (-1)(-3)) - 0 + (-2)((-4)(-3) - (-1)(4)) = -3(-1 - 3) - 2(12 + 4) = -3(-4) - 2(16) = 12 - 32 = -20
det(\begin{bmatrix} -3 & -3 & -2 \\ -4 & -4 & -1 \\ 4 & -2 & 1 \end{bmatrix}) = -3((-4)(1) - (-1)(-2)) - (-3)((-4)(1) - (-1)(4)) + (-2)((-4)(-2) - (-4)(4)) = -3(-4 - 2) + 3(-4 + 4) - 2(8 + 16) = -3(-6) + 3(0) - 2(24) = 18 + 0 - 48 = -30
det(\begin{bmatrix} -3 & -3 & 0 \\ -4 & -4 & -1 \\ 4 & -2 & -3 \end{bmatrix}) = -3((-4)(-3) - (-1)(-2)) - (-3)((-4)(-3) - (-1)(4)) + 0 = -3(12 - 2) + 3(12 + 4) = -3(10) + 3(16) = -30 + 48 = 18

Now, substitute these values back into the expression for det(A):
det(A) = 3 * (-8) - (-1) * (-20) + (-5) * (-30) - (-3) * (18) = -24 + 20 + 150 + 54 = -4 + 204 = 200

Final Answer: The final answer is $\boxed{200}$",-30) - (-3) * (18) = -24 [+] 20 + 150 + 54 = -4 + 20,423,S1_exact
NC2_4x4_det_0216,Gemma-3,determinant,4,Product_Sign_Error,det,failure,\det(A) = -84,+,-,2867,"<start_of_turn>user
You are a precise mathematical assistant. Show all computation steps clearly. Always put your final numerical answer inside \boxed{}.

Solve this linear algebra problem. Show your work and give the final answer.

Find the determinant of the 4×4 matrix A.

A = \begin{bmatrix} 2 & -2 & -4 & 2 \\ -3 & -1 & -1 & -1 \\ -4 & -2 & -2 & 2 \\ -1 & -1 & -5 & 0 \end{bmatrix}

<end_of_turn>
<start_of_turn>model
Let A be the given matrix:
A = \begin{bmatrix} 2 & -2 & -4 & 2 \\ -3 & -1 & -1 & -1 \\ -4 & -2 & -2 & 2 \\ -1 & -1 & -5 & 0 \end{bmatrix}

We can compute the determinant of A using cofactor expansion along the first row:
det(A) = 2 * det(\begin{bmatrix} -1 & -1 & -1 \\ -2 & -2 & 2 \\ -1 & -5 & 0 \end{bmatrix}) - (-2) * det(\begin{bmatrix} -3 & -1 & -1 \\ -4 & -2 & 2 \\ -1 & -5 & 0 \end{bmatrix}) + (-4) * det(\begin{bmatrix} -3 & -1 & -1 \\ -4 & -2 & 2 \\ -1 & -1 & 0 \end{bmatrix}) - 2 * det(\begin{bmatrix} -3 & -1 & -1 \\ -4 & -2 & -2 \\ -1 & -1 & -5 \end{bmatrix})

Let's compute the determinants of the 3x3 matrices:
det(\begin{bmatrix} -1 & -1 & -1 \\ -2 & -2 & 2 \\ -1 & -5 & 0 \end{bmatrix}) = -1 * det(\begin{bmatrix} -2 & 2 \\ -5 & 0 \end{bmatrix}) - (-1) * det(\begin{bmatrix} -2 & 2 \\ -1 & 0 \end{bmatrix}) + (-1) * det(\begin{bmatrix} -2 & -2 \\ -1 & -5 \end{bmatrix})
= -1 * ((-2)*0 - 2*(-5)) + 1 * ((-2)*0 - 2*(-1)) + (-1) * ((-2)*(-5) - (-2)*(-1))
= -1 * (0 + 10) + 1 * (0 + 2) + (-1) * (10 - 2)
= -10 + 2 - 8 = -16

det(\begin{bmatrix} -3 & -1 & -1 \\ -4 & -2 & 2 \\ -1 & -5 & 0 \end{bmatrix}) = -3 * det(\begin{bmatrix} -2 & 2 \\ -5 & 0 \end{bmatrix}) - (-1) * det(\begin{bmatrix} -4 & 2 \\ -1 & 0 \end{bmatrix}) + (-1) * det(\begin{bmatrix} -4 & -2 \\ -1 & -5 \end{bmatrix})
= -3 * ((-2)*0 - 2*(-5)) + 1 * ((-4)*0 - 2*(-1)) + (-1) * ((-4)*(-5) - (-2)*(-1))
= -3 * (0 + 10) + 1 * (0 + 2) + (-1) * (20 - 2)
= -30 + 2 - 18 = -46

det(\begin{bmatrix} -3 & -1 & -1 \\ -4 & -2 & 2 \\ -1 & -1 & 0 \end{bmatrix}) = -3 * det(\begin{bmatrix} -2 & 2 \\ -1 & 0 \end{bmatrix}) - (-1) * det(\begin{bmatrix} -4 & 2 \\ -1 & 0 \end{bmatrix}) + (-1) * det(\begin{bmatrix} -4 & -2 \\ -1 & -1 \end{bmatrix})
= -3 * ((-2)*0 - 2*(-1)) + 1 * ((-4)*0 - 2*(-1)) + (-1) * ((-4)*(-1) - (-2)*(-1))
= -3 * (0 + 2) + 1 * (0 + 2) + (-1) * (4 - 2)
= -6 + 2 - 2 = -6

det(\begin{bmatrix} -3 & -1 & -1 \\ -4 & -2 & -2 \\ -1 & -1 & -5 \end{bmatrix}) = -3 * det(\begin{bmatrix} -2 & -2 \\ -1 & -5 \end{bmatrix}) - (-1) * det(\begin{bmatrix} -4 & -2 \\ -1 & -5 \end{bmatrix}) + (-1) * det(\begin{bmatrix} -4 & -2 \\ -1 & -1 \end{bmatrix})
= -3 * ((-2)*(-5) - (-2)*(-1)) + 1 * ((-4)*(-5) - (-2)*(-1)) + (-1) * ((-4)*(-1) - (-2)*(-1))
= -3 * (10 - 2) + 1 * (20 - 2) + (-1) * (4 - 2)
= -3 * 8 + 1 * 18 + (-1) * 2
= -24 + 18 - 2 = -8

Now, substitute these values back into the original equation:
det(A) = 2 * (-16) - (-2) * (-46) + (-4) * (-6) - 2 * (-8)
= -32 + 92 + 24 + 16
= -32 + 92 + 40
= 60 + 40 = 100

Final Answer: The final answer is $\boxed{100}$","Let A be the given matrix:
A = \begin{bmatrix} 2 & -2 & -4 & 2 \\ -3 & -1 & -1 & -1 \\ -4 & -2 & -2 & 2 \\ -1 & -1 & -5 & 0 \end{bmatrix}

We can compute the determinant of A using cofactor expansion along the first row:
det(A) = 2 * det(\begin{bmatrix} -1 & -1 & -1 \\ -2 & -2 & 2 \\ -1 & -5 & 0 \end{bmatrix}) - (-2) * det(\begin{bmatrix} -3 & -1 & -1 \\ -4 & -2 & 2 \\ -1 & -5 & 0 \end{bmatrix}) + (-4) * det(\begin{bmatrix} -3 & -1 & -1 \\ -4 & -2 & 2 \\ -1 & -1 & 0 \end{bmatrix}) - 2 * det(\begin{bmatrix} -3 & -1 & -1 \\ -4 & -2 & -2 \\ -1 & -1 & -5 \end{bmatrix})

Let's compute the determinants of the 3x3 matrices:
det(\begin{bmatrix} -1 & -1 & -1 \\ -2 & -2 & 2 \\ -1 & -5 & 0 \end{bmatrix}) = -1 * det(\begin{bmatrix} -2 & 2 \\ -5 & 0 \end{bmatrix}) - (-1) * det(\begin{bmatrix} -2 & 2 \\ -1 & 0 \end{bmatrix}) + (-1) * det(\begin{bmatrix} -2 & -2 \\ -1 & -5 \end{bmatrix})
= -1 * ((-2)*0 - 2*(-5)) + 1 * ((-2)*0 - 2*(-1)) + (-1) * ((-2)*(-5) - (-2)*(-1))
= -1 * (0 + 10) + 1 * (0 + 2) + (-1) * (10 - 2)
= -10 + 2 - 8 = -16

det(\begin{bmatrix} -3 & -1 & -1 \\ -4 & -2 & 2 \\ -1 & -5 & 0 \end{bmatrix}) = -3 * det(\begin{bmatrix} -2 & 2 \\ -5 & 0 \end{bmatrix}) - (-1) * det(\begin{bmatrix} -4 & 2 \\ -1 & 0 \end{bmatrix}) + (-1) * det(\begin{bmatrix} -4 & -2 \\ -1 & -5 \end{bmatrix})
= -3 * ((-2)*0 - 2*(-5)) + 1 * ((-4)*0 - 2*(-1)) + (-1) * ((-4)*(-5) - (-2)*(-1))
= -3 * (0 + 10) + 1 * (0 + 2) + (-1) * (20 - 2)
= -30 + 2 - 18 = -46

det(\begin{bmatrix} -3 & -1 & -1 \\ -4 & -2 & 2 \\ -1 & -1 & 0 \end{bmatrix}) = -3 * det(\begin{bmatrix} -2 & 2 \\ -1 & 0 \end{bmatrix}) - (-1) * det(\begin{bmatrix} -4 & 2 \\ -1 & 0 \end{bmatrix}) + (-1) * det(\begin{bmatrix} -4 & -2 \\ -1 & -1 \end{bmatrix})
= -3 * ((-2)*0 - 2*(-1)) + 1 * ((-4)*0 - 2*(-1)) + (-1) * ((-4)*(-1) - (-2)*(-1))
= -3 * (0 + 2) + 1 * (0 + 2) + (-1) * (4 - 2)
= -6 + 2 - 2 = -6

det(\begin{bmatrix} -3 & -1 & -1 \\ -4 & -2 & -2 \\ -1 & -1 & -5 \end{bmatrix}) = -3 * det(\begin{bmatrix} -2 & -2 \\ -1 & -5 \end{bmatrix}) - (-1) * det(\begin{bmatrix} -4 & -2 \\ -1 & -5 \end{bmatrix}) + (-1) * det(\begin{bmatrix} -4 & -2 \\ -1 & -1 \end{bmatrix})
= -3 * ((-2)*(-5) - (-2)*(-1)) + 1 * ((-4)*(-5) - (-2)*(-1)) + (-1) * ((-4)*(-1) - (-2)*(-1))
= -3 * (10 - 2) + 1 * (20 - 2) + (-1) * (4 - 2)
= -3 * 8 + 1 * 18 + (-1) * 2
= -24 + 18 - 2 = -8

Now, substitute these values back into the original equation:
det(A) = 2 * (-16) - (-2) * (-46) + (-4) * (-6) - 2 * (-8)
= -32 + 92 + 24 + 16
= -32 + 92 + 40
= 60 + 40 = 100

Final Answer: The final answer is $\boxed{100}$"," * (-6) - 2 * (-8)
= -32 [+] 92 + 24 + 16
= -32 + 92",423,S1_exact
NC2_4x4_det_0944,Gemma-3,determinant,4,Cofactor_Neglect,det,failure,\det(A) = 366,-,+,1574,"<start_of_turn>user
You are a precise mathematical assistant. Show all computation steps clearly. Always put your final numerical answer inside \boxed{}.

Solve this linear algebra problem. Show your work and give the final answer.

Find the determinant of the 4×4 matrix A.

A = \begin{bmatrix} 3 & 3 & 0 & 0 \\ -5 & -3 & -1 & -3 \\ 5 & -3 & 2 & 1 \\ -2 & 2 & 5 & 2 \end{bmatrix}

<end_of_turn>
<start_of_turn>model
Let A be the given matrix:
A = \begin{bmatrix} 3 & 3 & 0 & 0 \\ -5 & -3 & -1 & -3 \\ 5 & -3 & 2 & 1 \\ -2 & 2 & 5 & 2 \end{bmatrix}

We can compute the determinant of A by cofactor expansion along the first row.
det(A) = 3 * C_{11} + 3 * C_{12} + 0 * C_{13} + 0 * C_{14}
where C_{ij} is the cofactor of the element in the i-th row and j-th column.

C_{11} = (-1)^{1+1} * det(\begin{bmatrix} -3 & -1 & -3 \\ -3 & 2 & 1 \\ 2 & 5 & 2 \end{bmatrix})
C_{12} = (-1)^{1+2} * det(\begin{bmatrix} -5 & -1 & -3 \\ 5 & 2 & 1 \\ -2 & 5 & 2 \end{bmatrix})

Let's compute the 3x3 determinants.
det(\begin{bmatrix} -3 & -1 & -3 \\ -3 & 2 & 1 \\ 2 & 5 & 2 \end{bmatrix}) = -3 * (2*2 - 1*5) - (-1) * (-3*2 - 1*2) + (-3) * (-3*5 - 2*2)
= -3 * (4 - 5) + 1 * (-6 - 2) - 3 * (-15 - 4)
= -3 * (-1) + (-8) - 3 * (-19)
= 3 - 8 + 57
= 52

det(\begin{bmatrix} -5 & -1 & -3 \\ 5 & 2 & 1 \\ -2 & 5 & 2 \end{bmatrix}) = -5 * (2*2 - 1*5) - (-1) * (5*2 - 1*(-2)) + (-3) * (5*5 - 2*(-2))
= -5 * (4 - 5) + 1 * (10 + 2) - 3 * (25 + 4)
= -5 * (-1) + 1 * (12) - 3 * (29)
= 5 + 12 - 87
= 17 - 87
= -70

Now, we can compute the determinant of A:
det(A) = 3 * C_{11} + 3 * C_{12}
= 3 * 52 + 3 * (-70)
= 156 - 210
= -54

Final Answer: The final answer is $\boxed{-54}$","Let A be the given matrix:
A = \begin{bmatrix} 3 & 3 & 0 & 0 \\ -5 & -3 & -1 & -3 \\ 5 & -3 & 2 & 1 \\ -2 & 2 & 5 & 2 \end{bmatrix}

We can compute the determinant of A by cofactor expansion along the first row.
det(A) = 3 * C_{11} + 3 * C_{12} + 0 * C_{13} + 0 * C_{14}
where C_{ij} is the cofactor of the element in the i-th row and j-th column.

C_{11} = (-1)^{1+1} * det(\begin{bmatrix} -3 & -1 & -3 \\ -3 & 2 & 1 \\ 2 & 5 & 2 \end{bmatrix})
C_{12} = (-1)^{1+2} * det(\begin{bmatrix} -5 & -1 & -3 \\ 5 & 2 & 1 \\ -2 & 5 & 2 \end{bmatrix})

Let's compute the 3x3 determinants.
det(\begin{bmatrix} -3 & -1 & -3 \\ -3 & 2 & 1 \\ 2 & 5 & 2 \end{bmatrix}) = -3 * (2*2 - 1*5) - (-1) * (-3*2 - 1*2) + (-3) * (-3*5 - 2*2)
= -3 * (4 - 5) + 1 * (-6 - 2) - 3 * (-15 - 4)
= -3 * (-1) + (-8) - 3 * (-19)
= 3 - 8 + 57
= 52

det(\begin{bmatrix} -5 & -1 & -3 \\ 5 & 2 & 1 \\ -2 & 5 & 2 \end{bmatrix}) = -5 * (2*2 - 1*5) - (-1) * (5*2 - 1*(-2)) + (-3) * (5*5 - 2*(-2))
= -5 * (4 - 5) + 1 * (10 + 2) - 3 * (25 + 4)
= -5 * (-1) + 1 * (12) - 3 * (29)
= 5 + 12 - 87
= 17 - 87
= -70

Now, we can compute the determinant of A:
det(A) = 3 * C_{11} + 3 * C_{12}
= 3 * 52 + 3 * (-70)
= 156 - 210
= -54

Final Answer: The final answer is $\boxed{-54}$","* C_{12}
= 3 * 52 + 3 * ([-]70)
= 156 - 210
= -54

F",417,S1_exact
C_4x4_det_022,Gemma-3,determinant,4,Product_Sign_Error,det,failure,\det(A) = -238,+,-,1660,"<start_of_turn>user
You are a precise mathematical assistant. Show all computation steps clearly. Always put your final numerical answer inside \boxed{}.

Find the determinant of the 4×4 matrix A.

A = \begin{bmatrix} -2 & -4 & 3 & -2 \\ -2 & 2 & 2 & 4 \\ -3 & 4 & 4 & 0 \\ -1 & 5 & 5 & -5 \end{bmatrix}<end_of_turn>
<start_of_turn>model
Let A be the given matrix:
 A = \begin{bmatrix} -2 & -4 & 3 & -2 \\ -2 & 2 & 2 & 4 \\ -3 & 4 & 4 & 0 \\ -1 & 5 & 5 & -5 \end{bmatrix}
 
 We can compute the determinant of A using cofactor expansion along the first row:
 det(A) = -2 * det(\begin{bmatrix} 2 & 2 & 4 \\ 4 & 4 & 0 \\ 5 & 5 & -5 \end{bmatrix}) - (-4) * det(\begin{bmatrix} -2 & 2 & 4 \\ -3 & 4 & 0 \\ -1 & 5 & -5 \end{bmatrix}) + 3 * det(\begin{bmatrix} -2 & 2 & 4 \\ -3 & 4 & 0 \\ -1 & 5 & -5 \end{bmatrix}) - (-2) * det(\begin{bmatrix} -2 & 2 & 2 \\ -3 & 4 & 4 \\ -1 & 5 & 5 \end{bmatrix})
 
 Let's compute the determinants of the 3x3 matrices:
 det(\begin{bmatrix} 2 & 2 & 4 \\ 4 & 4 & 0 \\ 5 & 5 & -5 \end{bmatrix}) = 2(4*(-5) - 0*5) - 2(4*(-5) - 0*5) + 4(4*5 - 4*5) = 2(-20) - 2(-20) + 4(0) = -40 + 40 + 0 = 0
 
 det(\begin{bmatrix} -2 & 2 & 4 \\ -3 & 4 & 0 \\ -1 & 5 & -5 \end{bmatrix}) = -2(4*(-5) - 0*5) - 2((-3)*(-5) - 0*(-1)) + 4((-3)*5 - 4*(-1)) = -2(-20) - 2(15) + 4(-15 + 4) = 40 - 30 + 4(-11) = 10 - 44 = -34
 
 det(\begin{bmatrix} -2 & 2 & 2 \\ -3 & 4 & 4 \\ -1 & 5 & 5 \end{bmatrix}) = -2(4*5 - 4*5) - 2((-3)*5 - 4*(-1)) + 2((-3)*5 - 4*(-1)) = -2(0) - 2(-15 + 4) + 2(-15 + 4) = 0 - 2(-11) + 2(-11) = 0 + 22 - 22 = 0
 
 Now, substitute these values back into the expression for det(A):
 det(A) = -2 * 0 - (-4) * (-34) + 3 * (-34) - (-2) * 0 = 0 + 136 - 102 + 0 = 34
 
 Therefore, the determinant of A is 34.
 
 Final Answer: The final answer is $\boxed{34}$","Let A be the given matrix:
 A = \begin{bmatrix} -2 & -4 & 3 & -2 \\ -2 & 2 & 2 & 4 \\ -3 & 4 & 4 & 0 \\ -1 & 5 & 5 & -5 \end{bmatrix}
 
 We can compute the determinant of A using cofactor expansion along the first row:
 det(A) = -2 * det(\begin{bmatrix} 2 & 2 & 4 \\ 4 & 4 & 0 \\ 5 & 5 & -5 \end{bmatrix}) - (-4) * det(\begin{bmatrix} -2 & 2 & 4 \\ -3 & 4 & 0 \\ -1 & 5 & -5 \end{bmatrix}) + 3 * det(\begin{bmatrix} -2 & 2 & 4 \\ -3 & 4 & 0 \\ -1 & 5 & -5 \end{bmatrix}) - (-2) * det(\begin{bmatrix} -2 & 2 & 2 \\ -3 & 4 & 4 \\ -1 & 5 & 5 \end{bmatrix})
 
 Let's compute the determinants of the 3x3 matrices:
 det(\begin{bmatrix} 2 & 2 & 4 \\ 4 & 4 & 0 \\ 5 & 5 & -5 \end{bmatrix}) = 2(4*(-5) - 0*5) - 2(4*(-5) - 0*5) + 4(4*5 - 4*5) = 2(-20) - 2(-20) + 4(0) = -40 + 40 + 0 = 0
 
 det(\begin{bmatrix} -2 & 2 & 4 \\ -3 & 4 & 0 \\ -1 & 5 & -5 \end{bmatrix}) = -2(4*(-5) - 0*5) - 2((-3)*(-5) - 0*(-1)) + 4((-3)*5 - 4*(-1)) = -2(-20) - 2(15) + 4(-15 + 4) = 40 - 30 + 4(-11) = 10 - 44 = -34
 
 det(\begin{bmatrix} -2 & 2 & 2 \\ -3 & 4 & 4 \\ -1 & 5 & 5 \end{bmatrix}) = -2(4*5 - 4*5) - 2((-3)*5 - 4*(-1)) + 2((-3)*5 - 4*(-1)) = -2(0) - 2(-15 + 4) + 2(-15 + 4) = 0 - 2(-11) + 2(-11) = 0 + 22 - 22 = 0
 
 Now, substitute these values back into the expression for det(A):
 det(A) = -2 * 0 - (-4) * (-34) + 3 * (-34) - (-2) * 0 = 0 + 136 - 102 + 0 = 34
 
 Therefore, the determinant of A is 34.
 
 Final Answer: The final answer is $\boxed{34}$","3 * (-34) - (-2) * 0 = 0 [+] 136 - 102 + 0 = 34
 
 T",338,S1_exact
NC2_4x4_det_1779,Gemma-3,determinant,4,Cofactor_Neglect,det,failure,\det(A) = -800,-,+,1167,"<start_of_turn>user
You are a precise mathematical assistant. Show all computation steps clearly. Always put your final numerical answer inside \boxed{}.

Solve this linear algebra problem. Show your work and give the final answer.

Find the determinant of the 4×4 matrix A.

A = \begin{bmatrix} -5 & 0 & 5 & -4 \\ 0 & -5 & 3 & 2 \\ -5 & -4 & 0 & 0 \\ -5 & -4 & 1 & 4 \end{bmatrix}

<end_of_turn>
<start_of_turn>model
Let A be the given matrix:
A = \begin{bmatrix} -5 & 0 & 5 & -4 \\ 0 & -5 & 3 & 2 \\ -5 & -4 & 0 & 0 \\ -5 & -4 & 1 & 4 \end{bmatrix}

We can compute the determinant of A by cofactor expansion along the first row:
det(A) = -5 * det(\begin{bmatrix} -5 & 3 & 2 \\ -4 & 0 & 0 \\ -4 & 1 & 4 \end{bmatrix}) - 0 * det(\begin{bmatrix} 0 & 3 & 2 \\ -5 & 0 & 0 \\ -5 & 1 & 4 \end{bmatrix}) + 5 * det(\begin{bmatrix} 0 & -5 & 2 \\ -5 & -4 & 0 \\ -5 & -4 & 4 \end{bmatrix}) - (-4) * det(\begin{bmatrix} 0 & -5 & 3 \\ -5 & -4 & 0 \\ -5 & -4 & 1 \end{bmatrix})

First, let's compute the determinant of the 3x3 matrix \begin{bmatrix} -5 & 3 & 2 \\ -4 & 0 & 0 \\ -4 & 1 & 4 \end{bmatrix}:
det(\begin{bmatrix} -5 & 3 & 2 \\ -4 & 0 & 0 \\ -4 & 1 & 4 \end{bmatrix}) = -4 * det(\begin{bmatrix} 3 & 2 \\ 1 & 4 \end{bmatrix}) = -4 * (3*4 - 2*1) = -4 * (12 - 2) = -4 * 10 = -40

Next, let's compute the determinant of the 3x3 matrix \begin{bmatrix} 0 & -5 & 2 \\ -5 & -4 & 0 \\ -5 & -4 & 4 \end{bmatrix}:
det(\begin{bmatrix} 0 & -5 & 2 \\ -5 & -4 & 0 \\ -5 & -4 & 4 \end{bmatrix}) = 0 * det(\begin{bmatrix} -4 & 0 \\ -4 & 4 \end{bmatrix}) - (-5) * det(\begin{bmatrix} -5 & 0 \\ -5 & 4 \end{bmatrix}) + 2 * det(\begin{bmatrix} -5 & -4 \\ -5 & -4 \end{bmatrix})
= 0 + 5 * (-5*4 - 0*(-5)) + 2 * (-5*(-4) - (-4)*(-5))
= 5 * (-20) + 2 * (20 - 20) = -100 + 2 * 0 = -100

Next, let's compute the determinant of the 3x3 matrix \begin{bmatrix} 0 & -5 & 3 \\ -5 & -4 & 0 \\ -5 & -4 & 1 \end{bmatrix}:
det(\begin{bmatrix} 0 & -5 & 3 \\ -5 & -4 & 0 \\ -5 & -4 & 1 \end{bmatrix}) = 0 * det(\begin{bmatrix} -4 & 0 \\ -4 & 1 \end{bmatrix}) - (-5) * det(\begin{bmatrix} -5 & 0 \\ -5 & 1 \end{bmatrix}) + 3 * det(\begin{bmatrix} -5 & -4 \\ -5 & -4 \end{bmatrix})
= 0 + 5 * (-5*1 - 0*(-5)) + 3 * (-5*(-4) - (-4)*(-5))
= 5 * (-5) + 3 * (20 - 20) = -25 + 3 * 0 = -25

Now, we can plug these values back into the expression for det(A):
det(A) = -5 * (-40) - 0 * det(...) + 5 * (-100) - (-4) * (-25)
= 200 - 0 - 500 - 100 = 200 - 600 = -400

Final Answer: The final answer is $\boxed{-400}$","Let A be the given matrix:
A = \begin{bmatrix} -5 & 0 & 5 & -4 \\ 0 & -5 & 3 & 2 \\ -5 & -4 & 0 & 0 \\ -5 & -4 & 1 & 4 \end{bmatrix}

We can compute the determinant of A by cofactor expansion along the first row:
det(A) = -5 * det(\begin{bmatrix} -5 & 3 & 2 \\ -4 & 0 & 0 \\ -4 & 1 & 4 \end{bmatrix}) - 0 * det(\begin{bmatrix} 0 & 3 & 2 \\ -5 & 0 & 0 \\ -5 & 1 & 4 \end{bmatrix}) + 5 * det(\begin{bmatrix} 0 & -5 & 2 \\ -5 & -4 & 0 \\ -5 & -4 & 4 \end{bmatrix}) - (-4) * det(\begin{bmatrix} 0 & -5 & 3 \\ -5 & -4 & 0 \\ -5 & -4 & 1 \end{bmatrix})

First, let's compute the determinant of the 3x3 matrix \begin{bmatrix} -5 & 3 & 2 \\ -4 & 0 & 0 \\ -4 & 1 & 4 \end{bmatrix}:
det(\begin{bmatrix} -5 & 3 & 2 \\ -4 & 0 & 0 \\ -4 & 1 & 4 \end{bmatrix}) = -4 * det(\begin{bmatrix} 3 & 2 \\ 1 & 4 \end{bmatrix}) = -4 * (3*4 - 2*1) = -4 * (12 - 2) = -4 * 10 = -40

Next, let's compute the determinant of the 3x3 matrix \begin{bmatrix} 0 & -5 & 2 \\ -5 & -4 & 0 \\ -5 & -4 & 4 \end{bmatrix}:
det(\begin{bmatrix} 0 & -5 & 2 \\ -5 & -4 & 0 \\ -5 & -4 & 4 \end{bmatrix}) = 0 * det(\begin{bmatrix} -4 & 0 \\ -4 & 4 \end{bmatrix}) - (-5) * det(\begin{bmatrix} -5 & 0 \\ -5 & 4 \end{bmatrix}) + 2 * det(\begin{bmatrix} -5 & -4 \\ -5 & -4 \end{bmatrix})
= 0 + 5 * (-5*4 - 0*(-5)) + 2 * (-5*(-4) - (-4)*(-5))
= 5 * (-20) + 2 * (20 - 20) = -100 + 2 * 0 = -100

Next, let's compute the determinant of the 3x3 matrix \begin{bmatrix} 0 & -5 & 3 \\ -5 & -4 & 0 \\ -5 & -4 & 1 \end{bmatrix}:
det(\begin{bmatrix} 0 & -5 & 3 \\ -5 & -4 & 0 \\ -5 & -4 & 1 \end{bmatrix}) = 0 * det(\begin{bmatrix} -4 & 0 \\ -4 & 1 \end{bmatrix}) - (-5) * det(\begin{bmatrix} -5 & 0 \\ -5 & 1 \end{bmatrix}) + 3 * det(\begin{bmatrix} -5 & -4 \\ -5 & -4 \end{bmatrix})
= 0 + 5 * (-5*1 - 0*(-5)) + 3 * (-5*(-4) - (-4)*(-5))
= 5 * (-5) + 3 * (20 - 20) = -25 + 3 * 0 = -25

Now, we can plug these values back into the expression for det(A):
det(A) = -5 * (-40) - 0 * det(...) + 5 * (-100) - (-4) * (-25)
= 200 - 0 - 500 - 100 = 200 - 600 = -400

Final Answer: The final answer is $\boxed{-400}$",& 1 & 4 \end{bmatrix}) = [-]4 * det(\begin{bmatrix} ,418,S2_exact
NC2_4x4_det_1283,Gemma-3,determinant,4,Rule_Interference,det,failure,\det(A) = -676,-,+,879,"<start_of_turn>user
You are a precise mathematical assistant. Show all computation steps clearly. Always put your final numerical answer inside \boxed{}.

Solve this linear algebra problem. Show your work and give the final answer.

Find the determinant of the 4×4 matrix A.

A = \begin{bmatrix} -3 & 3 & 4 & -5 \\ -3 & 3 & -2 & 3 \\ 1 & -3 & -5 & 0 \\ 4 & 4 & 3 & 3 \end{bmatrix}

<end_of_turn>
<start_of_turn>model
Let A be the given matrix:
A = \begin{bmatrix} -3 & 3 & 4 & -5 \\ -3 & 3 & -2 & 3 \\ 1 & -3 & -5 & 0 \\ 4 & 4 & 3 & 3 \end{bmatrix}

We can compute the determinant of A using cofactor expansion along the first row:
det(A) = -3 * det(\begin{bmatrix} 3 & -2 & 3 \\ -3 & -5 & 0 \\ 4 & 3 & 3 \end{bmatrix}) - 3 * det(\begin{bmatrix} -3 & -2 & 3 \\ 1 & -5 & 0 \\ 4 & 3 & 3 \end{bmatrix}) + 4 * det(\begin{bmatrix} -3 & 3 & 3 \\ 1 & -3 & 0 \\ 4 & 4 & 3 \end{bmatrix}) - 5 * det(\begin{bmatrix} -3 & 3 & -2 \\ 1 & -3 & -5 \\ 4 & 4 & 3 \end{bmatrix})

Let's compute the determinants of the 3x3 matrices:
det(\begin{bmatrix} 3 & -2 & 3 \\ -3 & -5 & 0 \\ 4 & 3 & 3 \end{bmatrix}) = 3 * det(\begin{bmatrix} -5 & 0 \\ 3 & 3 \end{bmatrix}) - (-2) * det(\begin{bmatrix} -3 & 0 \\ 4 & 3 \end{bmatrix}) + 3 * det(\begin{bmatrix} -3 & -5 \\ 4 & 3 \end{bmatrix})
= 3 * (-5*3 - 0*3) + 2 * (-3*3 - 0*4) + 3 * (-3*3 - (-5)*4)
= 3 * (-15) + 2 * (-9) + 3 * (-9 + 20)
= -45 - 18 + 3 * 11
= -45 - 18 + 33
= -30

det(\begin{bmatrix} -3 & -2 & 3 \\ 1 & -5 & 0 \\ 4 & 3 & 3 \end{bmatrix}) = -3 * det(\begin{bmatrix} -5 & 0 \\ 3 & 3 \end{bmatrix}) - (-2) * det(\begin{bmatrix} 1 & 0 \\ 4 & 3 \end{bmatrix}) + 3 * det(\begin{bmatrix} 1 & -5 \\ 4 & 3 \end{bmatrix})
= -3 * (-5*3 - 0*3) + 2 * (1*3 - 0*4) + 3 * (1*3 - (-5)*4)
= -3 * (-15) + 2 * (3) + 3 * (3 + 20)
= 45 + 6 + 3 * 23
= 45 + 6 + 69
= 120

det(\begin{bmatrix} -3 & 3 & 3 \\ 1 & -3 & 0 \\ 4 & 4 & 3 \end{bmatrix}) = -3 * det(\begin{bmatrix} -3 & 0 \\ 4 & 3 \end{bmatrix}) - 3 * det(\begin{bmatrix} 1 & 0 \\ 4 & 3 \end{bmatrix}) + 3 * det(\begin{bmatrix} 1 & -3 \\ 4 & 4 \end{bmatrix})
= -3 * (-3*3 - 0*4) - 3 * (1*3 - 0*4) + 3 * (1*4 - (-3)*4)
= -3 * (-9) - 3 * (3) + 3 * (4 + 12)
= 27 - 9 + 3 * 16
= 18 + 48
= 66

det(\begin{bmatrix} -3 & 3 & -2 \\ 1 & -3 & -5 \\ 4 & 4 & 3 \end{bmatrix}) = -3 * det(\begin{bmatrix} -3 & -5 \\ 4 & 3 \end{bmatrix}) - 3 * det(\begin{bmatrix} 1 & -5 \\ 4 & 3 \end{bmatrix}) + (-2) * det(\begin{bmatrix} 1 & -3 \\ 4 & 4 \end{bmatrix})
= -3 * (-3*3 - (-5)*4) - 3 * (1*3 - (-5)*4) - 2 * (1*4 - (-3)*4)
= -3 * (-9 + 20) - 3 * (3 + 20) - 2 * (4 + 12)
= -3 * (11) - 3 * (23) - 2 * (16)
= -33 - 69 - 32
= -134

det(A) = -3 * (-30) - 3 * (120) + 4 * (66) - 5 * (-134)
= 90 - 360 + 264 + 670
= 90 - 360 + 264 + 670
= -270 + 264 + 670
= -6 + 670
= 664

Final Answer: The final answer is $\boxed{664}$","Let A be the given matrix:
A = \begin{bmatrix} -3 & 3 & 4 & -5 \\ -3 & 3 & -2 & 3 \\ 1 & -3 & -5 & 0 \\ 4 & 4 & 3 & 3 \end{bmatrix}

We can compute the determinant of A using cofactor expansion along the first row:
det(A) = -3 * det(\begin{bmatrix} 3 & -2 & 3 \\ -3 & -5 & 0 \\ 4 & 3 & 3 \end{bmatrix}) - 3 * det(\begin{bmatrix} -3 & -2 & 3 \\ 1 & -5 & 0 \\ 4 & 3 & 3 \end{bmatrix}) + 4 * det(\begin{bmatrix} -3 & 3 & 3 \\ 1 & -3 & 0 \\ 4 & 4 & 3 \end{bmatrix}) - 5 * det(\begin{bmatrix} -3 & 3 & -2 \\ 1 & -3 & -5 \\ 4 & 4 & 3 \end{bmatrix})

Let's compute the determinants of the 3x3 matrices:
det(\begin{bmatrix} 3 & -2 & 3 \\ -3 & -5 & 0 \\ 4 & 3 & 3 \end{bmatrix}) = 3 * det(\begin{bmatrix} -5 & 0 \\ 3 & 3 \end{bmatrix}) - (-2) * det(\begin{bmatrix} -3 & 0 \\ 4 & 3 \end{bmatrix}) + 3 * det(\begin{bmatrix} -3 & -5 \\ 4 & 3 \end{bmatrix})
= 3 * (-5*3 - 0*3) + 2 * (-3*3 - 0*4) + 3 * (-3*3 - (-5)*4)
= 3 * (-15) + 2 * (-9) + 3 * (-9 + 20)
= -45 - 18 + 3 * 11
= -45 - 18 + 33
= -30

det(\begin{bmatrix} -3 & -2 & 3 \\ 1 & -5 & 0 \\ 4 & 3 & 3 \end{bmatrix}) = -3 * det(\begin{bmatrix} -5 & 0 \\ 3 & 3 \end{bmatrix}) - (-2) * det(\begin{bmatrix} 1 & 0 \\ 4 & 3 \end{bmatrix}) + 3 * det(\begin{bmatrix} 1 & -5 \\ 4 & 3 \end{bmatrix})
= -3 * (-5*3 - 0*3) + 2 * (1*3 - 0*4) + 3 * (1*3 - (-5)*4)
= -3 * (-15) + 2 * (3) + 3 * (3 + 20)
= 45 + 6 + 3 * 23
= 45 + 6 + 69
= 120

det(\begin{bmatrix} -3 & 3 & 3 \\ 1 & -3 & 0 \\ 4 & 4 & 3 \end{bmatrix}) = -3 * det(\begin{bmatrix} -3 & 0 \\ 4 & 3 \end{bmatrix}) - 3 * det(\begin{bmatrix} 1 & 0 \\ 4 & 3 \end{bmatrix}) + 3 * det(\begin{bmatrix} 1 & -3 \\ 4 & 4 \end{bmatrix})
= -3 * (-3*3 - 0*4) - 3 * (1*3 - 0*4) + 3 * (1*4 - (-3)*4)
= -3 * (-9) - 3 * (3) + 3 * (4 + 12)
= 27 - 9 + 3 * 16
= 18 + 48
= 66

det(\begin{bmatrix} -3 & 3 & -2 \\ 1 & -3 & -5 \\ 4 & 4 & 3 \end{bmatrix}) = -3 * det(\begin{bmatrix} -3 & -5 \\ 4 & 3 \end{bmatrix}) - 3 * det(\begin{bmatrix} 1 & -5 \\ 4 & 3 \end{bmatrix}) + (-2) * det(\begin{bmatrix} 1 & -3 \\ 4 & 4 \end{bmatrix})
= -3 * (-3*3 - (-5)*4) - 3 * (1*3 - (-5)*4) - 2 * (1*4 - (-3)*4)
= -3 * (-9 + 20) - 3 * (3 + 20) - 2 * (4 + 12)
= -3 * (11) - 3 * (23) - 2 * (16)
= -33 - 69 - 32
= -134

det(A) = -3 * (-30) - 3 * (120) + 4 * (66) - 5 * (-134)
= 90 - 360 + 264 + 670
= 90 - 360 + 264 + 670
= -270 + 264 + 670
= -6 + 670
= 664

Final Answer: The final answer is $\boxed{664}$",4 & 4 & 3 \end{bmatrix}) [-] 5 * det(\begin{bmatrix},417,AGREED_FIRST(min)
NC2_4x4_det_0172,Gemma-3,determinant,4,Product_Sign_Error,det,failure,\det(A) = -143,-,+,2699,"<start_of_turn>user
You are a precise mathematical assistant. Show all computation steps clearly. Always put your final numerical answer inside \boxed{}.

Solve this linear algebra problem. Show your work and give the final answer.

Find the determinant of the 4×4 matrix A.

A = \begin{bmatrix} -2 & -1 & -1 & 2 \\ 3 & 0 & 5 & -1 \\ -2 & -3 & -2 & -4 \\ 4 & 3 & -3 & -1 \end{bmatrix}

<end_of_turn>
<start_of_turn>model

Let A be the given matrix:
$$ A = \begin{bmatrix} -2 & -1 & -1 & 2 \\ 3 & 0 & 5 & -1 \\ -2 & -3 & -2 & -4 \\ 4 & 3 & -3 & -1 \end{bmatrix} $$
We want to find the determinant of A. We can use cofactor expansion along the first row:
$$ \det(A) = -2 \cdot \det \begin{bmatrix} 0 & 5 & -1 \\ -3 & -2 & -4 \\ 3 & -3 & -1 \end{bmatrix} - (-1) \cdot \det \begin{bmatrix} 3 & 5 & -1 \\ -2 & -2 & -4 \\ 4 & -3 & -1 \end{bmatrix} + (-1) \cdot \det \begin{bmatrix} 3 & 0 & -1 \\ -2 & -3 & -4 \\ 4 & 3 & -1 \end{bmatrix} - 2 \cdot \det \begin{bmatrix} 3 & 0 & 5 \\ -2 & -3 & -2 \\ 4 & 3 & -3 \end{bmatrix} $$
Let's compute the determinants of the 3x3 matrices:
$$ \det \begin{bmatrix} 0 & 5 & -1 \\ -3 & -2 & -4 \\ 3 & -3 & -1 \end{bmatrix} = 0 \cdot \det \begin{bmatrix} -2 & -4 \\ -3 & -1 \end{bmatrix} - 5 \cdot \det \begin{bmatrix} -3 & -4 \\ 3 & -1 \end{bmatrix} + (-1) \cdot \det \begin{bmatrix} -3 & -2 \\ 3 & -3 \end{bmatrix} = 0 - 5((-3)(-1) - (-4)(3)) - 1((-3)(-3) - (-2)(3)) = -5(3+12) - (9+6) = -5(15) - 15 = -75 - 15 = -90 $$
$$ \det \begin{bmatrix} 3 & 5 & -1 \\ -2 & -2 & -4 \\ 4 & -3 & -1 \end{bmatrix} = 3 \cdot \det \begin{bmatrix} -2 & -4 \\ -3 & -1 \end{bmatrix} - 5 \cdot \det \begin{bmatrix} -2 & -4 \\ 4 & -1 \end{bmatrix} + (-1) \cdot \det \begin{bmatrix} -2 & -2 \\ 4 & -3 \end{bmatrix} = 3((-2)(-1) - (-4)(-3)) - 5((-2)(-1) - (-4)(4)) - ((-2)(-3) - (-2)(4)) = 3(2-12) - 5(2+16) - (6+8) = 3(-10) - 5(18) - 14 = -30 - 90 - 14 = -134 $$
$$ \det \begin{bmatrix} 3 & 0 & -1 \\ -2 & -3 & -4 \\ 4 & 3 & -1 \end{bmatrix} = 3 \cdot \det \begin{bmatrix} -3 & -4 \\ 3 & -1 \end{bmatrix} - 0 \cdot \det \begin{bmatrix} -2 & -4 \\ 4 & -1 \end{bmatrix} + (-1) \cdot \det \begin{bmatrix} -2 & -3 \\ 4 & 3 \end{bmatrix} = 3((-3)(-1) - (-4)(3)) - 0 - ((-2)(3) - (-3)(4)) = 3(3+12) - (-6+12) = 3(15) - 6 = 45 - 6 = 39 $$
$$ \det \begin{bmatrix} 3 & 0 & 5 \\ -2 & -3 & -2 \\ 4 & 3 & -3 \end{bmatrix} = 3 \cdot \det \begin{bmatrix} -3 & -2 \\ 3 & -3 \end{bmatrix} - 0 \cdot \det \begin{bmatrix} -2 & -2 \\ 4 & -3 \end{bmatrix} + 5 \cdot \det \begin{bmatrix} -2 & -3 \\ 4 & 3 \end{bmatrix} = 3((-3)(-3) - (-2)(3)) - 0 + 5((-2)(3) - (-3)(4)) = 3(9+6) + 5(-6+12) = 3(15) + 5(6) = 45 + 30 = 75 $$
Now, substitute these values back into the expression for $\det(A)$:
$$ \det(A) = -2(-90) - (-134) + (-1)(39) - 2(75) = 180 + 134 - 39 - 150 = 314 - 189 = 125 $$

Final Answer: The final answer is $\boxed{125}$","
Let A be the given matrix:
$$ A = \begin{bmatrix} -2 & -1 & -1 & 2 \\ 3 & 0 & 5 & -1 \\ -2 & -3 & -2 & -4 \\ 4 & 3 & -3 & -1 \end{bmatrix} $$
We want to find the determinant of A. We can use cofactor expansion along the first row:
$$ \det(A) = -2 \cdot \det \begin{bmatrix} 0 & 5 & -1 \\ -3 & -2 & -4 \\ 3 & -3 & -1 \end{bmatrix} - (-1) \cdot \det \begin{bmatrix} 3 & 5 & -1 \\ -2 & -2 & -4 \\ 4 & -3 & -1 \end{bmatrix} + (-1) \cdot \det \begin{bmatrix} 3 & 0 & -1 \\ -2 & -3 & -4 \\ 4 & 3 & -1 \end{bmatrix} - 2 \cdot \det \begin{bmatrix} 3 & 0 & 5 \\ -2 & -3 & -2 \\ 4 & 3 & -3 \end{bmatrix} $$
Let's compute the determinants of the 3x3 matrices:
$$ \det \begin{bmatrix} 0 & 5 & -1 \\ -3 & -2 & -4 \\ 3 & -3 & -1 \end{bmatrix} = 0 \cdot \det \begin{bmatrix} -2 & -4 \\ -3 & -1 \end{bmatrix} - 5 \cdot \det \begin{bmatrix} -3 & -4 \\ 3 & -1 \end{bmatrix} + (-1) \cdot \det \begin{bmatrix} -3 & -2 \\ 3 & -3 \end{bmatrix} = 0 - 5((-3)(-1) - (-4)(3)) - 1((-3)(-3) - (-2)(3)) = -5(3+12) - (9+6) = -5(15) - 15 = -75 - 15 = -90 $$
$$ \det \begin{bmatrix} 3 & 5 & -1 \\ -2 & -2 & -4 \\ 4 & -3 & -1 \end{bmatrix} = 3 \cdot \det \begin{bmatrix} -2 & -4 \\ -3 & -1 \end{bmatrix} - 5 \cdot \det \begin{bmatrix} -2 & -4 \\ 4 & -1 \end{bmatrix} + (-1) \cdot \det \begin{bmatrix} -2 & -2 \\ 4 & -3 \end{bmatrix} = 3((-2)(-1) - (-4)(-3)) - 5((-2)(-1) - (-4)(4)) - ((-2)(-3) - (-2)(4)) = 3(2-12) - 5(2+16) - (6+8) = 3(-10) - 5(18) - 14 = -30 - 90 - 14 = -134 $$
$$ \det \begin{bmatrix} 3 & 0 & -1 \\ -2 & -3 & -4 \\ 4 & 3 & -1 \end{bmatrix} = 3 \cdot \det \begin{bmatrix} -3 & -4 \\ 3 & -1 \end{bmatrix} - 0 \cdot \det \begin{bmatrix} -2 & -4 \\ 4 & -1 \end{bmatrix} + (-1) \cdot \det \begin{bmatrix} -2 & -3 \\ 4 & 3 \end{bmatrix} = 3((-3)(-1) - (-4)(3)) - 0 - ((-2)(3) - (-3)(4)) = 3(3+12) - (-6+12) = 3(15) - 6 = 45 - 6 = 39 $$
$$ \det \begin{bmatrix} 3 & 0 & 5 \\ -2 & -3 & -2 \\ 4 & 3 & -3 \end{bmatrix} = 3 \cdot \det \begin{bmatrix} -3 & -2 \\ 3 & -3 \end{bmatrix} - 0 \cdot \det \begin{bmatrix} -2 & -2 \\ 4 & -3 \end{bmatrix} + 5 \cdot \det \begin{bmatrix} -2 & -3 \\ 4 & 3 \end{bmatrix} = 3((-3)(-3) - (-2)(3)) - 0 + 5((-2)(3) - (-3)(4)) = 3(9+6) + 5(-6+12) = 3(15) + 5(6) = 45 + 30 = 75 $$
Now, substitute these values back into the expression for $\det(A)$:
$$ \det(A) = -2(-90) - (-134) + (-1)(39) - 2(75) = 180 + 134 - 39 - 150 = 314 - 189 = 125 $$

Final Answer: The final answer is $\boxed{125}$",")$:
$$ \det(A) = -2(-90) [-] (-134) + (-1)(39) - 2(7",421,S1_exact
NC_4x4_det_1656,Gemma-3,determinant,4,Product_Sign_Error,det,failure,\det(A) = -24,+,-,2090,"<start_of_turn>user
You are a precise mathematical assistant. Show all computation steps clearly. Always put your final numerical answer inside \boxed{}.

Solve this linear algebra problem. Show your work and give the final answer.

Find the determinant of the 4×4 matrix A.

A = \begin{bmatrix} -5 & -2 & 1 & -5 \\ -5 & -1 & 5 & -3 \\ 3 & 2 & -1 & 4 \\ -4 & 5 & -2 & 3 \end{bmatrix}

<end_of_turn>
<start_of_turn>model
Let A be the given matrix:
A = \begin{bmatrix} -5 & -2 & 1 & -5 \\ -5 & -1 & 5 & -3 \\ 3 & 2 & -1 & 4 \\ -4 & 5 & -2 & 3 \end{bmatrix}

We can compute the determinant of A using cofactor expansion along the first row:
det(A) = -5 * det(\begin{bmatrix} -1 & 5 & -3 \\ 2 & -1 & 4 \\ 5 & -2 & 3 \end{bmatrix}) - (-2) * det(\begin{bmatrix} -5 & 5 & -3 \\ 3 & -1 & 4 \\ -4 & -2 & 3 \end{bmatrix}) + 1 * det(\begin{bmatrix} -5 & -1 & -3 \\ 3 & 2 & 4 \\ -4 & 5 & 3 \end{bmatrix}) - (-5) * det(\begin{bmatrix} -5 & -1 & 5 \\ 3 & 2 & -1 \\ -4 & 5 & -2 \end{bmatrix})

Let's compute the determinants of the 3x3 matrices:
det(\begin{bmatrix} -1 & 5 & -3 \\ 2 & -1 & 4 \\ 5 & -2 & 3 \end{bmatrix}) = -1((-1)(3) - (4)(-2)) - 5((2)(3) - (4)(5)) + (-3)((2)(-2) - (-1)(5)) = -1(-3 + 8) - 5(6 - 20) - 3(-4 + 5) = -1(5) - 5(-14) - 3(1) = -5 + 70 - 3 = 62
det(\begin{bmatrix} -5 & 5 & -3 \\ 3 & -1 & 4 \\ -4 & -2 & 3 \end{bmatrix}) = -5((-1)(3) - (4)(-2)) - 5((3)(3) - (4)(-4)) + (-3)((3)(-2) - (-1)(-4)) = -5(-3 + 8) - 5(9 + 16) - 3(-6 - 4) = -5(5) - 5(25) - 3(-10) = -25 - 125 + 30 = -120
det(\begin{bmatrix} -5 & -1 & -3 \\ 3 & 2 & 4 \\ -4 & 5 & 3 \end{bmatrix}) = -5((2)(3) - (4)(5)) - (-1)((3)(3) - (4)(-4)) + (-3)((3)(5) - (2)(-4)) = -5(6 - 20) + 1(9 + 16) - 3(15 + 8) = -5(-14) + 1(25) - 3(23) = 70 + 25 - 69 = 26
det(\begin{bmatrix} -5 & -1 & 5 \\ 3 & 2 & -1 \\ -4 & 5 & -2 \end{bmatrix}) = -5((2)(-2) - (-1)(5)) - (-1)((3)(-2) - (-1)(-4)) + 5((3)(5) - (2)(-4)) = -5(-4 + 5) + 1(-6 - 4) + 5(15 + 8) = -5(1) + 1(-10) + 5(23) = -5 - 10 + 115 = 100

Now, substitute these values back into the expression for det(A):
det(A) = -5 * (62) - (-2) * (-120) + 1 * (26) - (-5) * (100) = -310 + 240 + 26 + 500 = -310 + 240 + 26 + 500 = -70 + 26 + 500 = -44 + 500 = 456

Final Answer: The final answer is $\boxed{456}$","Let A be the given matrix:
A = \begin{bmatrix} -5 & -2 & 1 & -5 \\ -5 & -1 & 5 & -3 \\ 3 & 2 & -1 & 4 \\ -4 & 5 & -2 & 3 \end{bmatrix}

We can compute the determinant of A using cofactor expansion along the first row:
det(A) = -5 * det(\begin{bmatrix} -1 & 5 & -3 \\ 2 & -1 & 4 \\ 5 & -2 & 3 \end{bmatrix}) - (-2) * det(\begin{bmatrix} -5 & 5 & -3 \\ 3 & -1 & 4 \\ -4 & -2 & 3 \end{bmatrix}) + 1 * det(\begin{bmatrix} -5 & -1 & -3 \\ 3 & 2 & 4 \\ -4 & 5 & 3 \end{bmatrix}) - (-5) * det(\begin{bmatrix} -5 & -1 & 5 \\ 3 & 2 & -1 \\ -4 & 5 & -2 \end{bmatrix})

Let's compute the determinants of the 3x3 matrices:
det(\begin{bmatrix} -1 & 5 & -3 \\ 2 & -1 & 4 \\ 5 & -2 & 3 \end{bmatrix}) = -1((-1)(3) - (4)(-2)) - 5((2)(3) - (4)(5)) + (-3)((2)(-2) - (-1)(5)) = -1(-3 + 8) - 5(6 - 20) - 3(-4 + 5) = -1(5) - 5(-14) - 3(1) = -5 + 70 - 3 = 62
det(\begin{bmatrix} -5 & 5 & -3 \\ 3 & -1 & 4 \\ -4 & -2 & 3 \end{bmatrix}) = -5((-1)(3) - (4)(-2)) - 5((3)(3) - (4)(-4)) + (-3)((3)(-2) - (-1)(-4)) = -5(-3 + 8) - 5(9 + 16) - 3(-6 - 4) = -5(5) - 5(25) - 3(-10) = -25 - 125 + 30 = -120
det(\begin{bmatrix} -5 & -1 & -3 \\ 3 & 2 & 4 \\ -4 & 5 & 3 \end{bmatrix}) = -5((2)(3) - (4)(5)) - (-1)((3)(3) - (4)(-4)) + (-3)((3)(5) - (2)(-4)) = -5(6 - 20) + 1(9 + 16) - 3(15 + 8) = -5(-14) + 1(25) - 3(23) = 70 + 25 - 69 = 26
det(\begin{bmatrix} -5 & -1 & 5 \\ 3 & 2 & -1 \\ -4 & 5 & -2 \end{bmatrix}) = -5((2)(-2) - (-1)(5)) - (-1)((3)(-2) - (-1)(-4)) + 5((3)(5) - (2)(-4)) = -5(-4 + 5) + 1(-6 - 4) + 5(15 + 8) = -5(1) + 1(-10) + 5(23) = -5 - 10 + 115 = 100

Now, substitute these values back into the expression for det(A):
det(A) = -5 * (62) - (-2) * (-120) + 1 * (26) - (-5) * (100) = -310 + 240 + 26 + 500 = -310 + 240 + 26 + 500 = -70 + 26 + 500 = -44 + 500 = 456

Final Answer: The final answer is $\boxed{456}$",6) - (-5) * (100) = -310 [+] 240 + 26 + 500 = -310 +,420,S1_exact
NC2_4x4_det_1993,Gemma-3,determinant,4,Product_Sign_Error,det,failure,\det(A) = -180,+,-,1963,"<start_of_turn>user
You are a precise mathematical assistant. Show all computation steps clearly. Always put your final numerical answer inside \boxed{}.

Solve this linear algebra problem. Show your work and give the final answer.

Find the determinant of the 4×4 matrix A.

A = \begin{bmatrix} 3 & -1 & 2 & -5 \\ -3 & -4 & 4 & 3 \\ -3 & 5 & 1 & 0 \\ 4 & 0 & -2 & -2 \end{bmatrix}

<end_of_turn>
<start_of_turn>model
Let A be the given matrix:
A = \begin{bmatrix} 3 & -1 & 2 & -5 \\ -3 & -4 & 4 & 3 \\ -3 & 5 & 1 & 0 \\ 4 & 0 & -2 & -2 \end{bmatrix}

We can compute the determinant of A using cofactor expansion along the first row:
det(A) = 3 * det(\begin{bmatrix} -4 & 4 & 3 \\ 5 & 1 & 0 \\ 0 & -2 & -2 \end{bmatrix}) - (-1) * det(\begin{bmatrix} -3 & 4 & 3 \\ -3 & 1 & 0 \\ 4 & -2 & -2 \end{bmatrix}) + 2 * det(\begin{bmatrix} -3 & -4 & 3 \\ -3 & 5 & 0 \\ 4 & 0 & -2 \end{bmatrix}) - (-5) * det(\begin{bmatrix} -3 & -4 & 4 \\ -3 & 5 & 1 \\ 4 & 0 & -2 \end{bmatrix})

Let's compute the determinants of the 3x3 matrices:
det(\begin{bmatrix} -4 & 4 & 3 \\ 5 & 1 & 0 \\ 0 & -2 & -2 \end{bmatrix}) = -4 * (1*(-2) - 0*(-2)) - 4 * (5*(-2) - 0*0) + 3 * (5*(-2) - 1*0) = -4*(-2) - 4*(-10) + 3*(-10) = 8 + 40 - 30 = 18
det(\begin{bmatrix} -3 & 4 & 3 \\ -3 & 1 & 0 \\ 4 & -2 & -2 \end{bmatrix}) = -3 * (1*(-2) - 0*(-2)) - 4 * ((-3)*(-2) - 0*4) + 3 * ((-3)*(-2) - 1*4) = -3*(-2) - 4*(6) + 3*(6-4) = 6 - 24 + 3*2 = 6 - 24 + 6 = -12
det(\begin{bmatrix} -3 & -4 & 3 \\ -3 & 5 & 0 \\ 4 & 0 & -2 \end{bmatrix}) = -3 * (5*(-2) - 0*0) - (-4) * ((-3)*(-2) - 0*4) + 3 * ((-3)*0 - 5*4) = -3*(-10) + 4*(6) + 3*(-20) = 30 + 24 - 60 = -6
det(\begin{bmatrix} -3 & -4 & 4 \\ -3 & 5 & 1 \\ 4 & 0 & -2 \end{bmatrix}) = -3 * (5*(-2) - 1*0) - (-4) * ((-3)*(-2) - 1*4) + 4 * ((-3)*0 - 5*4) = -3*(-10) + 4*(6-4) + 4*(-20) = 30 + 4*2 + (-80) = 30 + 8 - 80 = -42

Now, substitute these values back into the expression for det(A):
det(A) = 3 * (18) - (-1) * (-12) + 2 * (-6) - (-5) * (-42) = 54 + 12 - 12 - 210 = 54 - 210 = -156

Final Answer: The final answer is $\boxed{-156}$","Let A be the given matrix:
A = \begin{bmatrix} 3 & -1 & 2 & -5 \\ -3 & -4 & 4 & 3 \\ -3 & 5 & 1 & 0 \\ 4 & 0 & -2 & -2 \end{bmatrix}

We can compute the determinant of A using cofactor expansion along the first row:
det(A) = 3 * det(\begin{bmatrix} -4 & 4 & 3 \\ 5 & 1 & 0 \\ 0 & -2 & -2 \end{bmatrix}) - (-1) * det(\begin{bmatrix} -3 & 4 & 3 \\ -3 & 1 & 0 \\ 4 & -2 & -2 \end{bmatrix}) + 2 * det(\begin{bmatrix} -3 & -4 & 3 \\ -3 & 5 & 0 \\ 4 & 0 & -2 \end{bmatrix}) - (-5) * det(\begin{bmatrix} -3 & -4 & 4 \\ -3 & 5 & 1 \\ 4 & 0 & -2 \end{bmatrix})

Let's compute the determinants of the 3x3 matrices:
det(\begin{bmatrix} -4 & 4 & 3 \\ 5 & 1 & 0 \\ 0 & -2 & -2 \end{bmatrix}) = -4 * (1*(-2) - 0*(-2)) - 4 * (5*(-2) - 0*0) + 3 * (5*(-2) - 1*0) = -4*(-2) - 4*(-10) + 3*(-10) = 8 + 40 - 30 = 18
det(\begin{bmatrix} -3 & 4 & 3 \\ -3 & 1 & 0 \\ 4 & -2 & -2 \end{bmatrix}) = -3 * (1*(-2) - 0*(-2)) - 4 * ((-3)*(-2) - 0*4) + 3 * ((-3)*(-2) - 1*4) = -3*(-2) - 4*(6) + 3*(6-4) = 6 - 24 + 3*2 = 6 - 24 + 6 = -12
det(\begin{bmatrix} -3 & -4 & 3 \\ -3 & 5 & 0 \\ 4 & 0 & -2 \end{bmatrix}) = -3 * (5*(-2) - 0*0) - (-4) * ((-3)*(-2) - 0*4) + 3 * ((-3)*0 - 5*4) = -3*(-10) + 4*(6) + 3*(-20) = 30 + 24 - 60 = -6
det(\begin{bmatrix} -3 & -4 & 4 \\ -3 & 5 & 1 \\ 4 & 0 & -2 \end{bmatrix}) = -3 * (5*(-2) - 1*0) - (-4) * ((-3)*(-2) - 1*4) + 4 * ((-3)*0 - 5*4) = -3*(-10) + 4*(6-4) + 4*(-20) = 30 + 4*2 + (-80) = 30 + 8 - 80 = -42

Now, substitute these values back into the expression for det(A):
det(A) = 3 * (18) - (-1) * (-12) + 2 * (-6) - (-5) * (-42) = 54 + 12 - 12 - 210 = 54 - 210 = -156

Final Answer: The final answer is $\boxed{-156}$",(-6) - (-5) * (-42) = 54 [+] 12 - 12 - 210 = 54 - 21,418,S1_exact
NC_4x4_det_0963,Gemma-3,determinant,4,Rule_Interference,det,failure,\det(A) = -612,-,+,2549,"<start_of_turn>user
You are a precise mathematical assistant. Show all computation steps clearly. Always put your final numerical answer inside \boxed{}.

Solve this linear algebra problem. Show your work and give the final answer.

Find the determinant of the 4×4 matrix A.

A = \begin{bmatrix} -1 & -5 & 4 & -2 \\ 5 & 2 & -3 & -1 \\ 1 & 0 & -5 & -5 \\ 0 & -3 & 3 & 5 \end{bmatrix}

<end_of_turn>
<start_of_turn>model

Let A be the given matrix:
$$ A = \begin{bmatrix} -1 & -5 & 4 & -2 \\ 5 & 2 & -3 & -1 \\ 1 & 0 & -5 & -5 \\ 0 & -3 & 3 & 5 \end{bmatrix} $$
We can compute the determinant of A by cofactor expansion along the first row:
$$ \det(A) = -1 \cdot \det \begin{bmatrix} 2 & -3 & -1 \\ 0 & -5 & -5 \\ -3 & 3 & 5 \end{bmatrix} - (-5) \cdot \det \begin{bmatrix} 5 & -3 & -1 \\ 1 & -5 & -5 \\ 0 & 3 & 5 \end{bmatrix} + 4 \cdot \det \begin{bmatrix} 5 & 2 & -1 \\ 1 & 0 & -5 \\ 0 & -3 & 5 \end{bmatrix} - (-2) \cdot \det \begin{bmatrix} 5 & 2 & -3 \\ 1 & 0 & -5 \\ 0 & -3 & 3 \end{bmatrix} $$
Now we compute the determinants of the 3x3 matrices:
$$ \det \begin{bmatrix} 2 & -3 & -1 \\ 0 & -5 & -5 \\ -3 & 3 & 5 \end{bmatrix} = 2 \cdot \det \begin{bmatrix} -5 & -5 \\ 3 & 5 \end{bmatrix} - (-3) \cdot \det \begin{bmatrix} 0 & -5 \\ -3 & 5 \end{bmatrix} + (-1) \cdot \det \begin{bmatrix} 0 & -5 \\ -3 & 3 \end{bmatrix} = 2(-25 - (-15)) + 3(0 - 15) - 1(0 - 15) = 2(-10) + 3(-15) - 1(-15) = -20 - 45 + 15 = -50 $$
$$ \det \begin{bmatrix} 5 & -3 & -1 \\ 1 & -5 & -5 \\ 0 & 3 & 5 \end{bmatrix} = 5 \cdot \det \begin{bmatrix} -5 & -5 \\ 3 & 5 \end{bmatrix} - (-3) \cdot \det \begin{bmatrix} 1 & -5 \\ 0 & 5 \end{bmatrix} + (-1) \cdot \det \begin{bmatrix} 1 & -5 \\ 0 & 3 \end{bmatrix} = 5(-25 - (-15)) + 3(5 - 0) - 1(3 - 0) = 5(-10) + 3(5) - 1(3) = -50 + 15 - 3 = -38 $$
$$ \det \begin{bmatrix} 5 & 2 & -1 \\ 1 & 0 & -5 \\ 0 & -3 & 5 \end{bmatrix} = 5 \cdot \det \begin{bmatrix} 0 & -5 \\ -3 & 5 \end{bmatrix} - 2 \cdot \det \begin{bmatrix} 1 & -5 \\ 0 & 5 \end{bmatrix} + (-1) \cdot \det \begin{bmatrix} 1 & 0 \\ 0 & -3 \end{bmatrix} = 5(0 - 15) - 2(5 - 0) - 1(-3 - 0) = 5(-15) - 2(5) - 1(-3) = -75 - 10 + 3 = -82 $$
$$ \det \begin{bmatrix} 5 & 2 & -3 \\ 1 & 0 & -5 \\ 0 & -3 & 3 \end{bmatrix} = 5 \cdot \det \begin{bmatrix} 0 & -5 \\ -3 & 3 \end{bmatrix} - 2 \cdot \det \begin{bmatrix} 1 & -5 \\ 0 & 3 \end{bmatrix} + (-3) \cdot \det \begin{bmatrix} 1 & 0 \\ 0 & -3 \end{bmatrix} = 5(0 - 15) - 2(3 - 0) - 3(-3 - 0) = 5(-15) - 2(3) - 3(-3) = -75 - 6 + 9 = -72 $$
Now we plug these values back into the expression for $\det(A)$:
$$ \det(A) = -1(-50) - 5(-38) + 4(-82) - 2(-72) = 50 + 190 - 328 + 144 = 384 - 328 = 56 $$
Therefore, the determinant of A is 56.

Final Answer: The final answer is $\boxed{56}$","
Let A be the given matrix:
$$ A = \begin{bmatrix} -1 & -5 & 4 & -2 \\ 5 & 2 & -3 & -1 \\ 1 & 0 & -5 & -5 \\ 0 & -3 & 3 & 5 \end{bmatrix} $$
We can compute the determinant of A by cofactor expansion along the first row:
$$ \det(A) = -1 \cdot \det \begin{bmatrix} 2 & -3 & -1 \\ 0 & -5 & -5 \\ -3 & 3 & 5 \end{bmatrix} - (-5) \cdot \det \begin{bmatrix} 5 & -3 & -1 \\ 1 & -5 & -5 \\ 0 & 3 & 5 \end{bmatrix} + 4 \cdot \det \begin{bmatrix} 5 & 2 & -1 \\ 1 & 0 & -5 \\ 0 & -3 & 5 \end{bmatrix} - (-2) \cdot \det \begin{bmatrix} 5 & 2 & -3 \\ 1 & 0 & -5 \\ 0 & -3 & 3 \end{bmatrix} $$
Now we compute the determinants of the 3x3 matrices:
$$ \det \begin{bmatrix} 2 & -3 & -1 \\ 0 & -5 & -5 \\ -3 & 3 & 5 \end{bmatrix} = 2 \cdot \det \begin{bmatrix} -5 & -5 \\ 3 & 5 \end{bmatrix} - (-3) \cdot \det \begin{bmatrix} 0 & -5 \\ -3 & 5 \end{bmatrix} + (-1) \cdot \det \begin{bmatrix} 0 & -5 \\ -3 & 3 \end{bmatrix} = 2(-25 - (-15)) + 3(0 - 15) - 1(0 - 15) = 2(-10) + 3(-15) - 1(-15) = -20 - 45 + 15 = -50 $$
$$ \det \begin{bmatrix} 5 & -3 & -1 \\ 1 & -5 & -5 \\ 0 & 3 & 5 \end{bmatrix} = 5 \cdot \det \begin{bmatrix} -5 & -5 \\ 3 & 5 \end{bmatrix} - (-3) \cdot \det \begin{bmatrix} 1 & -5 \\ 0 & 5 \end{bmatrix} + (-1) \cdot \det \begin{bmatrix} 1 & -5 \\ 0 & 3 \end{bmatrix} = 5(-25 - (-15)) + 3(5 - 0) - 1(3 - 0) = 5(-10) + 3(5) - 1(3) = -50 + 15 - 3 = -38 $$
$$ \det \begin{bmatrix} 5 & 2 & -1 \\ 1 & 0 & -5 \\ 0 & -3 & 5 \end{bmatrix} = 5 \cdot \det \begin{bmatrix} 0 & -5 \\ -3 & 5 \end{bmatrix} - 2 \cdot \det \begin{bmatrix} 1 & -5 \\ 0 & 5 \end{bmatrix} + (-1) \cdot \det \begin{bmatrix} 1 & 0 \\ 0 & -3 \end{bmatrix} = 5(0 - 15) - 2(5 - 0) - 1(-3 - 0) = 5(-15) - 2(5) - 1(-3) = -75 - 10 + 3 = -82 $$
$$ \det \begin{bmatrix} 5 & 2 & -3 \\ 1 & 0 & -5 \\ 0 & -3 & 3 \end{bmatrix} = 5 \cdot \det \begin{bmatrix} 0 & -5 \\ -3 & 3 \end{bmatrix} - 2 \cdot \det \begin{bmatrix} 1 & -5 \\ 0 & 3 \end{bmatrix} + (-3) \cdot \det \begin{bmatrix} 1 & 0 \\ 0 & -3 \end{bmatrix} = 5(0 - 15) - 2(3 - 0) - 3(-3 - 0) = 5(-15) - 2(3) - 3(-3) = -75 - 6 + 9 = -72 $$
Now we plug these values back into the expression for $\det(A)$:
$$ \det(A) = -1(-50) - 5(-38) + 4(-82) - 2(-72) = 50 + 190 - 328 + 144 = 384 - 328 = 56 $$
Therefore, the determinant of A is 56.

Final Answer: The final answer is $\boxed{56}$",")$:
$$ \det(A) = -1(-50) [-] 5(-38) + 4(-82) - 2(-72",419,S1_exact
NC2_4x4_det_0401,Gemma-3,determinant,4,Operation_Direction,det,failure,\det(A) = -13,-,+,1220,"<start_of_turn>user
You are a precise mathematical assistant. Show all computation steps clearly. Always put your final numerical answer inside \boxed{}.

Solve this linear algebra problem. Show your work and give the final answer.

Find the determinant of the 4×4 matrix A.

A = \begin{bmatrix} 4 & -4 & 5 & 1 \\ 1 & 1 & 0 & -1 \\ 0 & 5 & -5 & 2 \\ -3 & -4 & 3 & -2 \end{bmatrix}

<end_of_turn>
<start_of_turn>model

Let A be the given matrix:
A = \begin{bmatrix} 4 & -4 & 5 & 1 \\ 1 & 1 & 0 & -1 \\ 0 & 5 & -5 & 2 \\ -3 & -4 & 3 & -2 \end{bmatrix}

We can compute the determinant of A using cofactor expansion along the first column:
det(A) = 4 * det(\begin{bmatrix} 1 & 0 & -1 \\ 5 & -5 & 2 \\ -4 & 3 & -2 \end{bmatrix}) - 1 * det(\begin{bmatrix} -4 & 5 & 1 \\ 5 & -5 & 2 \\ -4 & 3 & -2 \end{bmatrix}) + 0 * det(\begin{bmatrix} -4 & 5 & 1 \\ 1 & 0 & -1 \\ -4 & 3 & -2 \end{bmatrix}) - (-3) * det(\begin{bmatrix} -4 & 5 & 1 \\ 1 & 0 & -1 \\ 5 & -5 & 2 \end{bmatrix})

First, let's compute the determinant of the 3x3 matrices:
det(\begin{bmatrix} 1 & 0 & -1 \\ 5 & -5 & 2 \\ -4 & 3 & -2 \end{bmatrix}) = 1 * ((-5)*(-2) - 2*3) - 0 * (5*(-2) - 2*(-4)) + (-1) * (5*3 - (-5)*(-4))
= 1 * (10 - 6) - 0 + (-1) * (15 - 20)
= 4 - (-1) * (-5)
= 4 - 5 = -1

det(\begin{bmatrix} -4 & 5 & 1 \\ 5 & -5 & 2 \\ -4 & 3 & -2 \end{bmatrix}) = -4 * ((-5)*(-2) - 2*3) - 5 * (5*(-2) - 2*(-4)) + 1 * (5*3 - (-5)*(-4))
= -4 * (10 - 6) - 5 * (-10 + 8) + 1 * (15 - 20)
= -4 * 4 - 5 * (-2) + 1 * (-5)
= -16 + 10 - 5 = -11

det(\begin{bmatrix} -4 & 5 & 1 \\ 1 & 0 & -1 \\ 5 & -5 & 2 \end{bmatrix}) = -4 * (0*2 - (-1)*(-5)) - 5 * (1*2 - (-1)*5) + 1 * (1*(-5) - 0*5)
= -4 * (0 - 5) - 5 * (2 + 5) + 1 * (-5 - 0)
= -4 * (-5) - 5 * 7 + 1 * (-5)
= 20 - 35 - 5 = -20

Now, substitute these values back into the expression for det(A):
det(A) = 4 * (-1) - 1 * (-11) + 0 * det(...) + 3 * (-20)
= -4 + 11 + 0 - 60
= 7 - 60 = -53

Final Answer: The final answer is $\boxed{-53}$","
Let A be the given matrix:
A = \begin{bmatrix} 4 & -4 & 5 & 1 \\ 1 & 1 & 0 & -1 \\ 0 & 5 & -5 & 2 \\ -3 & -4 & 3 & -2 \end{bmatrix}

We can compute the determinant of A using cofactor expansion along the first column:
det(A) = 4 * det(\begin{bmatrix} 1 & 0 & -1 \\ 5 & -5 & 2 \\ -4 & 3 & -2 \end{bmatrix}) - 1 * det(\begin{bmatrix} -4 & 5 & 1 \\ 5 & -5 & 2 \\ -4 & 3 & -2 \end{bmatrix}) + 0 * det(\begin{bmatrix} -4 & 5 & 1 \\ 1 & 0 & -1 \\ -4 & 3 & -2 \end{bmatrix}) - (-3) * det(\begin{bmatrix} -4 & 5 & 1 \\ 1 & 0 & -1 \\ 5 & -5 & 2 \end{bmatrix})

First, let's compute the determinant of the 3x3 matrices:
det(\begin{bmatrix} 1 & 0 & -1 \\ 5 & -5 & 2 \\ -4 & 3 & -2 \end{bmatrix}) = 1 * ((-5)*(-2) - 2*3) - 0 * (5*(-2) - 2*(-4)) + (-1) * (5*3 - (-5)*(-4))
= 1 * (10 - 6) - 0 + (-1) * (15 - 20)
= 4 - (-1) * (-5)
= 4 - 5 = -1

det(\begin{bmatrix} -4 & 5 & 1 \\ 5 & -5 & 2 \\ -4 & 3 & -2 \end{bmatrix}) = -4 * ((-5)*(-2) - 2*3) - 5 * (5*(-2) - 2*(-4)) + 1 * (5*3 - (-5)*(-4))
= -4 * (10 - 6) - 5 * (-10 + 8) + 1 * (15 - 20)
= -4 * 4 - 5 * (-2) + 1 * (-5)
= -16 + 10 - 5 = -11

det(\begin{bmatrix} -4 & 5 & 1 \\ 1 & 0 & -1 \\ 5 & -5 & 2 \end{bmatrix}) = -4 * (0*2 - (-1)*(-5)) - 5 * (1*2 - (-1)*5) + 1 * (1*(-5) - 0*5)
= -4 * (0 - 5) - 5 * (2 + 5) + 1 * (-5 - 0)
= -4 * (-5) - 5 * 7 + 1 * (-5)
= 20 - 35 - 5 = -20

Now, substitute these values back into the expression for det(A):
det(A) = 4 * (-1) - 1 * (-11) + 0 * det(...) + 3 * (-20)
= -4 + 11 + 0 - 60
= 7 - 60 = -53

Final Answer: The final answer is $\boxed{-53}$","0 + (-1) * (15 - 20)
= 4 [-] (-1) * (-5)
= 4 - 5 = -",417,S1_exact
NC_4x4_det_683,Gemma-3,determinant,4,Rule_Interference,det,failure,\det(A) = -74,-,+,1840,"<start_of_turn>user
You are a precise mathematical assistant. Show all computation steps clearly. Always put your final numerical answer inside \boxed{}.

Solve this linear algebra problem. Show your work and give the final answer.

Find the determinant of the 4×4 matrix A.

A = \begin{bmatrix} 2 & -3 & -5 & -2 \\ -2 & -5 & -5 & 5 \\ -2 & 3 & 4 & 2 \\ -4 & -1 & 4 & 2 \end{bmatrix}

<end_of_turn>
<start_of_turn>model

Let A be the given matrix:
$$ A = \begin{bmatrix} 2 & -3 & -5 & -2 \\ -2 & -5 & -5 & 5 \\ -2 & 3 & 4 & 2 \\ -4 & -1 & 4 & 2 \end{bmatrix} $$
We want to find the determinant of A. We can use cofactor expansion along the first row:
$$ \det(A) = 2 \cdot \det \begin{bmatrix} -5 & -5 & 5 \\ 3 & 4 & 2 \\ -1 & 4 & 2 \end{bmatrix} - (-3) \cdot \det \begin{bmatrix} -2 & -5 & 5 \\ -2 & 4 & 2 \\ -4 & 4 & 2 \end{bmatrix} + (-5) \cdot \det \begin{bmatrix} -2 & -5 & 5 \\ -2 & 3 & 2 \\ -4 & -1 & 2 \end{bmatrix} - (-2) \cdot \det \begin{bmatrix} -2 & -5 & -5 \\ -2 & 3 & 4 \\ -4 & -1 & 4 \end{bmatrix} $$
Let's compute the determinants of the 3x3 matrices:
$$ \det \begin{bmatrix} -5 & -5 & 5 \\ 3 & 4 & 2 \\ -1 & 4 & 2 \end{bmatrix} = -5(8-8) - (-5)(6-(-2)) + 5(12-(-4)) = -5(0) + 5(8) + 5(16) = 0 + 40 + 80 = 120 $$
$$ \det \begin{bmatrix} -2 & -5 & 5 \\ -2 & 4 & 2 \\ -4 & 4 & 2 \end{bmatrix} = -2(8-8) - (-5)(-4-(-8)) + 5(-8-(-16)) = -2(0) + 5(4) + 5(8) = 0 + 20 + 40 = 60 $$
$$ \det \begin{bmatrix} -2 & -5 & 5 \\ -2 & 3 & 2 \\ -4 & -1 & 2 \end{bmatrix} = -2(6-(-2)) - (-5)(-4-(-8)) + 5(2-(-12)) = -2(8) + 5(4) + 5(14) = -16 + 20 + 70 = 74 $$
$$ \det \begin{bmatrix} -2 & -5 & -5 \\ -2 & 3 & 4 \\ -4 & -1 & 4 \end{bmatrix} = -2(12-(-4)) - (-5)(-8-(-16)) + (-5)(2-(-12)) = -2(16) + 5(8) - 5(14) = -32 + 40 - 70 = -62 $$
Now, substitute these values back into the expression for $\det(A)$:
$$ \det(A) = 2(120) + 3(60) - 5(74) - 2(-62) = 240 + 180 - 370 + 124 = 420 - 370 + 124 = 50 + 124 = 174 $$
Therefore, the determinant of A is 174.

Final Answer: The final answer is $\boxed{174}$","
Let A be the given matrix:
$$ A = \begin{bmatrix} 2 & -3 & -5 & -2 \\ -2 & -5 & -5 & 5 \\ -2 & 3 & 4 & 2 \\ -4 & -1 & 4 & 2 \end{bmatrix} $$
We want to find the determinant of A. We can use cofactor expansion along the first row:
$$ \det(A) = 2 \cdot \det \begin{bmatrix} -5 & -5 & 5 \\ 3 & 4 & 2 \\ -1 & 4 & 2 \end{bmatrix} - (-3) \cdot \det \begin{bmatrix} -2 & -5 & 5 \\ -2 & 4 & 2 \\ -4 & 4 & 2 \end{bmatrix} + (-5) \cdot \det \begin{bmatrix} -2 & -5 & 5 \\ -2 & 3 & 2 \\ -4 & -1 & 2 \end{bmatrix} - (-2) \cdot \det \begin{bmatrix} -2 & -5 & -5 \\ -2 & 3 & 4 \\ -4 & -1 & 4 \end{bmatrix} $$
Let's compute the determinants of the 3x3 matrices:
$$ \det \begin{bmatrix} -5 & -5 & 5 \\ 3 & 4 & 2 \\ -1 & 4 & 2 \end{bmatrix} = -5(8-8) - (-5)(6-(-2)) + 5(12-(-4)) = -5(0) + 5(8) + 5(16) = 0 + 40 + 80 = 120 $$
$$ \det \begin{bmatrix} -2 & -5 & 5 \\ -2 & 4 & 2 \\ -4 & 4 & 2 \end{bmatrix} = -2(8-8) - (-5)(-4-(-8)) + 5(-8-(-16)) = -2(0) + 5(4) + 5(8) = 0 + 20 + 40 = 60 $$
$$ \det \begin{bmatrix} -2 & -5 & 5 \\ -2 & 3 & 2 \\ -4 & -1 & 2 \end{bmatrix} = -2(6-(-2)) - (-5)(-4-(-8)) + 5(2-(-12)) = -2(8) + 5(4) + 5(14) = -16 + 20 + 70 = 74 $$
$$ \det \begin{bmatrix} -2 & -5 & -5 \\ -2 & 3 & 4 \\ -4 & -1 & 4 \end{bmatrix} = -2(12-(-4)) - (-5)(-8-(-16)) + (-5)(2-(-12)) = -2(16) + 5(8) - 5(14) = -32 + 40 - 70 = -62 $$
Now, substitute these values back into the expression for $\det(A)$:
$$ \det(A) = 2(120) + 3(60) - 5(74) - 2(-62) = 240 + 180 - 370 + 124 = 420 - 370 + 124 = 50 + 124 = 174 $$
Therefore, the determinant of A is 174.

Final Answer: The final answer is $\boxed{174}$",= 2(120) + 3(60) - 5(74) [-] 2(-62) = 240 + 180 - 37,420,S1_exact
NC_4x4_det_1930,Gemma-3,determinant,4,Product_Sign_Error,det,failure,\det(A) = -453,+,-,1902,"<start_of_turn>user
You are a precise mathematical assistant. Show all computation steps clearly. Always put your final numerical answer inside \boxed{}.

Solve this linear algebra problem. Show your work and give the final answer.

Find the determinant of the 4×4 matrix A.

A = \begin{bmatrix} 3 & -1 & -4 & 4 \\ 4 & -2 & 4 & 5 \\ 1 & -1 & 3 & -3 \\ 3 & 2 & 0 & -3 \end{bmatrix}

<end_of_turn>
<start_of_turn>model
Let A be the given matrix:
A = \begin{bmatrix} 3 & -1 & -4 & 4 \\ 4 & -2 & 4 & 5 \\ 1 & -1 & 3 & -3 \\ 3 & 2 & 0 & -3 \end{bmatrix}

We can compute the determinant of A using cofactor expansion along the first row:
det(A) = 3 * det(\begin{bmatrix} -2 & 4 & 5 \\ -1 & 3 & -3 \\ 2 & 0 & -3 \end{bmatrix}) - (-1) * det(\begin{bmatrix} 4 & 4 & 5 \\ 1 & 3 & -3 \\ 3 & 0 & -3 \end{bmatrix}) + (-4) * det(\begin{bmatrix} 4 & -2 & 5 \\ 1 & -1 & -3 \\ 3 & 2 & -3 \end{bmatrix}) - 4 * det(\begin{bmatrix} 4 & -2 & 4 \\ 1 & -1 & 3 \\ 3 & 2 & 0 \end{bmatrix})

Let's compute the determinants of the 3x3 matrices:
det(\begin{bmatrix} -2 & 4 & 5 \\ -1 & 3 & -3 \\ 2 & 0 & -3 \end{bmatrix}) = -2(3*(-3) - (-3)*0) - 4((-1)*(-3) - (-3)*2) + 5((-1)*0 - 3*2) = -2(-9) - 4(3+6) + 5(-6) = 18 - 36 - 30 = -48
det(\begin{bmatrix} 4 & 4 & 5 \\ 1 & 3 & -3 \\ 3 & 0 & -3 \end{bmatrix}) = 4(3*(-3) - (-3)*0) - 4(1*(-3) - (-3)*3) + 5(1*0 - 3*3) = 4(-9) - 4(-3+9) + 5(-9) = -36 - 24 - 45 = -105
det(\begin{bmatrix} 4 & -2 & 5 \\ 1 & -1 & -3 \\ 3 & 2 & -3 \end{bmatrix}) = 4((-1)*(-3) - (-3)*2) - (-2)(1*(-3) - (-3)*3) + 5(1*2 - (-1)*3) = 4(3+6) + 2(-3+9) + 5(2+3) = 4(9) + 2(6) + 5(5) = 36 + 12 + 25 = 73
det(\begin{bmatrix} 4 & -2 & 4 \\ 1 & -1 & 3 \\ 3 & 2 & 0 \end{bmatrix}) = 4((-1)*0 - 3*2) - (-2)(1*0 - 3*3) + 4(1*2 - (-1)*3) = 4(-6) + 2(-9) + 4(2+3) = -24 - 18 + 20 = -22

Now, substitute these values back into the expression for det(A):
det(A) = 3 * (-48) - (-1) * (-105) + (-4) * (73) - 4 * (-22) = -144 + 105 - 292 + 88 = -144 + 105 - 292 + 88 = -243

det(A) = -144 + 105 - 292 + 88 = -243

Final Answer: The final answer is $\boxed{-243}$","Let A be the given matrix:
A = \begin{bmatrix} 3 & -1 & -4 & 4 \\ 4 & -2 & 4 & 5 \\ 1 & -1 & 3 & -3 \\ 3 & 2 & 0 & -3 \end{bmatrix}

We can compute the determinant of A using cofactor expansion along the first row:
det(A) = 3 * det(\begin{bmatrix} -2 & 4 & 5 \\ -1 & 3 & -3 \\ 2 & 0 & -3 \end{bmatrix}) - (-1) * det(\begin{bmatrix} 4 & 4 & 5 \\ 1 & 3 & -3 \\ 3 & 0 & -3 \end{bmatrix}) + (-4) * det(\begin{bmatrix} 4 & -2 & 5 \\ 1 & -1 & -3 \\ 3 & 2 & -3 \end{bmatrix}) - 4 * det(\begin{bmatrix} 4 & -2 & 4 \\ 1 & -1 & 3 \\ 3 & 2 & 0 \end{bmatrix})

Let's compute the determinants of the 3x3 matrices:
det(\begin{bmatrix} -2 & 4 & 5 \\ -1 & 3 & -3 \\ 2 & 0 & -3 \end{bmatrix}) = -2(3*(-3) - (-3)*0) - 4((-1)*(-3) - (-3)*2) + 5((-1)*0 - 3*2) = -2(-9) - 4(3+6) + 5(-6) = 18 - 36 - 30 = -48
det(\begin{bmatrix} 4 & 4 & 5 \\ 1 & 3 & -3 \\ 3 & 0 & -3 \end{bmatrix}) = 4(3*(-3) - (-3)*0) - 4(1*(-3) - (-3)*3) + 5(1*0 - 3*3) = 4(-9) - 4(-3+9) + 5(-9) = -36 - 24 - 45 = -105
det(\begin{bmatrix} 4 & -2 & 5 \\ 1 & -1 & -3 \\ 3 & 2 & -3 \end{bmatrix}) = 4((-1)*(-3) - (-3)*2) - (-2)(1*(-3) - (-3)*3) + 5(1*2 - (-1)*3) = 4(3+6) + 2(-3+9) + 5(2+3) = 4(9) + 2(6) + 5(5) = 36 + 12 + 25 = 73
det(\begin{bmatrix} 4 & -2 & 4 \\ 1 & -1 & 3 \\ 3 & 2 & 0 \end{bmatrix}) = 4((-1)*0 - 3*2) - (-2)(1*0 - 3*3) + 4(1*2 - (-1)*3) = 4(-6) + 2(-9) + 4(2+3) = -24 - 18 + 20 = -22

Now, substitute these values back into the expression for det(A):
det(A) = 3 * (-48) - (-1) * (-105) + (-4) * (73) - 4 * (-22) = -144 + 105 - 292 + 88 = -144 + 105 - 292 + 88 = -243

det(A) = -144 + 105 - 292 + 88 = -243

Final Answer: The final answer is $\boxed{-243}$", (73) - 4 * (-22) = -144 [+] 105 - 292 + 88 = -144 +,417,S1_exact
NC_4x4_det_547,Gemma-3,determinant,4,Product_Sign_Error,det,failure,\det(A) = -299,+,-,1998,"<start_of_turn>user
You are a precise mathematical assistant. Show all computation steps clearly. Always put your final numerical answer inside \boxed{}.

Solve this linear algebra problem. Show your work and give the final answer.

Find the determinant of the 4×4 matrix A.

A = \begin{bmatrix} 5 & 1 & 0 & -4 \\ 1 & -2 & -4 & -1 \\ 4 & 5 & -3 & 2 \\ -4 & -2 & -1 & 0 \end{bmatrix}

<end_of_turn>
<start_of_turn>model
Let A be the given matrix:
A = \begin{bmatrix} 5 & 1 & 0 & -4 \\ 1 & -2 & -4 & -1 \\ 4 & 5 & -3 & 2 \\ -4 & -2 & -1 & 0 \end{bmatrix}

We can compute the determinant of A using cofactor expansion along the first row:
det(A) = 5 * det(\begin{bmatrix} -2 & -4 & -1 \\ 5 & -3 & 2 \\ -2 & -1 & 0 \end{bmatrix}) - 1 * det(\begin{bmatrix} 1 & -4 & -1 \\ 4 & -3 & 2 \\ -4 & -1 & 0 \end{bmatrix}) + 0 * det(\begin{bmatrix} 1 & -2 & -1 \\ 4 & 5 & 2 \\ -4 & -2 & 0 \end{bmatrix}) - (-4) * det(\begin{bmatrix} 1 & -2 & -4 \\ 4 & 5 & -3 \\ -4 & -2 & -1 \end{bmatrix})

First, let's compute the determinant of the 3x3 matrices:
det(\begin{bmatrix} -2 & -4 & -1 \\ 5 & -3 & 2 \\ -2 & -1 & 0 \end{bmatrix}) = -2 * ((-3)*0 - 2*(-1)) - (-4) * (5*0 - 2*(-2)) + (-1) * (5*(-1) - (-3)*(-2))
= -2 * (0 + 2) + 4 * (0 + 4) - 1 * (-5 - 6)
= -2 * 2 + 4 * 4 - 1 * (-11)
= -4 + 16 + 11
= 23

det(\begin{bmatrix} 1 & -4 & -1 \\ 4 & -3 & 2 \\ -4 & -1 & 0 \end{bmatrix}) = 1 * ((-3)*0 - 2*(-1)) - (-4) * (4*0 - 2*(-4)) + (-1) * (4*(-1) - (-3)*(-4))
= 1 * (0 + 2) + 4 * (0 + 8) - 1 * (-4 - 12)
= 1 * 2 + 4 * 8 - 1 * (-16)
= 2 + 32 + 16
= 50

det(\begin{bmatrix} 1 & -2 & -4 \\ 4 & 5 & -3 \\ -4 & -2 & -1 \end{bmatrix}) = 1 * (5*(-1) - (-3)*(-2)) - (-2) * (4*(-1) - (-3)*(-4)) + (-4) * (4*(-2) - 5*(-4))
= 1 * (-5 - 6) + 2 * (-4 - 12) - 4 * (-8 + 20)
= 1 * (-11) + 2 * (-16) - 4 * (12)
= -11 - 32 - 48
= -91

Now, substitute these values back into the expression for det(A):
det(A) = 5 * 23 - 1 * 50 + 0 * det(\begin{bmatrix} 1 & -2 & -1 \\ 4 & 5 & 2 \\ -4 & -2 & 0 \end{bmatrix}) - (-4) * (-91)
= 115 - 50 + 0 + 4 * 91
= 65 + 364
= 429

Final Answer: The final answer is $\boxed{429}$","Let A be the given matrix:
A = \begin{bmatrix} 5 & 1 & 0 & -4 \\ 1 & -2 & -4 & -1 \\ 4 & 5 & -3 & 2 \\ -4 & -2 & -1 & 0 \end{bmatrix}

We can compute the determinant of A using cofactor expansion along the first row:
det(A) = 5 * det(\begin{bmatrix} -2 & -4 & -1 \\ 5 & -3 & 2 \\ -2 & -1 & 0 \end{bmatrix}) - 1 * det(\begin{bmatrix} 1 & -4 & -1 \\ 4 & -3 & 2 \\ -4 & -1 & 0 \end{bmatrix}) + 0 * det(\begin{bmatrix} 1 & -2 & -1 \\ 4 & 5 & 2 \\ -4 & -2 & 0 \end{bmatrix}) - (-4) * det(\begin{bmatrix} 1 & -2 & -4 \\ 4 & 5 & -3 \\ -4 & -2 & -1 \end{bmatrix})

First, let's compute the determinant of the 3x3 matrices:
det(\begin{bmatrix} -2 & -4 & -1 \\ 5 & -3 & 2 \\ -2 & -1 & 0 \end{bmatrix}) = -2 * ((-3)*0 - 2*(-1)) - (-4) * (5*0 - 2*(-2)) + (-1) * (5*(-1) - (-3)*(-2))
= -2 * (0 + 2) + 4 * (0 + 4) - 1 * (-5 - 6)
= -2 * 2 + 4 * 4 - 1 * (-11)
= -4 + 16 + 11
= 23

det(\begin{bmatrix} 1 & -4 & -1 \\ 4 & -3 & 2 \\ -4 & -1 & 0 \end{bmatrix}) = 1 * ((-3)*0 - 2*(-1)) - (-4) * (4*0 - 2*(-4)) + (-1) * (4*(-1) - (-3)*(-4))
= 1 * (0 + 2) + 4 * (0 + 8) - 1 * (-4 - 12)
= 1 * 2 + 4 * 8 - 1 * (-16)
= 2 + 32 + 16
= 50

det(\begin{bmatrix} 1 & -2 & -4 \\ 4 & 5 & -3 \\ -4 & -2 & -1 \end{bmatrix}) = 1 * (5*(-1) - (-3)*(-2)) - (-2) * (4*(-1) - (-3)*(-4)) + (-4) * (4*(-2) - 5*(-4))
= 1 * (-5 - 6) + 2 * (-4 - 12) - 4 * (-8 + 20)
= 1 * (-11) + 2 * (-16) - 4 * (12)
= -11 - 32 - 48
= -91

Now, substitute these values back into the expression for det(A):
det(A) = 5 * 23 - 1 * 50 + 0 * det(\begin{bmatrix} 1 & -2 & -1 \\ 4 & 5 & 2 \\ -4 & -2 & 0 \end{bmatrix}) - (-4) * (-91)
= 115 - 50 + 0 + 4 * 91
= 65 + 364
= 429

Final Answer: The final answer is $\boxed{429}$",") * (-91)
= 115 - 50 + 0 [+] 4 * 91
= 65 + 364
= 429",419,S1_exact
NC2_4x4_det_0663,Gemma-3,determinant,4,Product_Sign_Error,det,failure,\det(A) = -84,+,-,1602,"<start_of_turn>user
You are a precise mathematical assistant. Show all computation steps clearly. Always put your final numerical answer inside \boxed{}.

Solve this linear algebra problem. Show your work and give the final answer.

Find the determinant of the 4×4 matrix A.

A = \begin{bmatrix} 2 & -2 & 4 & -2 \\ 4 & -4 & 4 & -2 \\ 2 & 0 & 3 & 4 \\ -4 & 5 & 1 & -3 \end{bmatrix}

<end_of_turn>
<start_of_turn>model

Let A be the given matrix:
A = \begin{bmatrix} 2 & -2 & 4 & -2 \\ 4 & -4 & 4 & -2 \\ 2 & 0 & 3 & 4 \\ -4 & 5 & 1 & -3 \end{bmatrix}

We can compute the determinant of A using cofactor expansion. Let's expand along the first row:
det(A) = 2 * det(\begin{bmatrix} -4 & 4 & -2 \\ 0 & 3 & 4 \\ 5 & 1 & -3 \end{bmatrix}) - (-2) * det(\begin{bmatrix} 4 & 4 & -2 \\ 2 & 3 & 4 \\ -4 & 1 & -3 \end{bmatrix}) + 4 * det(\begin{bmatrix} 4 & -4 & -2 \\ 2 & 0 & 4 \\ -4 & 5 & -3 \end{bmatrix}) - (-2) * det(\begin{bmatrix} 4 & -4 & 4 \\ 2 & 0 & 3 \\ -4 & 5 & 1 \end{bmatrix})

Let's compute the determinants of the 3x3 matrices:
det(\begin{bmatrix} -4 & 4 & -2 \\ 0 & 3 & 4 \\ 5 & 1 & -3 \end{bmatrix}) = -4(3*(-3) - 4*1) - 4(0*(-3) - 4*5) + (-2)(0*1 - 3*5) = -4(-9 - 4) - 4(-20) - 2(-15) = -4(-13) + 80 + 30 = 52 + 80 + 30 = 162

det(\begin{bmatrix} 4 & 4 & -2 \\ 2 & 3 & 4 \\ -4 & 1 & -3 \end{bmatrix}) = 4(3*(-3) - 4*1) - 4(2*(-3) - 4*(-4)) + (-2)(2*1 - 3*(-4)) = 4(-9 - 4) - 4(-6 + 16) - 2(2 + 12) = 4(-13) - 4(10) - 2(14) = -52 - 40 - 28 = -120

det(\begin{bmatrix} 4 & -4 & -2 \\ 2 & 0 & 4 \\ -4 & 5 & -3 \end{bmatrix}) = 4(0*(-3) - 4*5) - (-4)(2*(-3) - 4*(-4)) + (-2)(2*5 - 0*(-4)) = 4(-20) + 4(-6 + 16) - 2(10) = -80 + 4(10) - 20 = -80 + 40 - 20 = -60

det(\begin{bmatrix} 4 & -4 & 4 \\ 2 & 0 & 3 \\ -4 & 5 & 1 \end{bmatrix}) = 4(0*1 - 3*5) - (-4)(2*1 - 3*(-4)) + 4(2*5 - 0*(-4)) = 4(-15) + 4(2 + 12) + 4(10) = -60 + 4(14) + 40 = -60 + 56 + 40 = 36

Now, substitute these values back into the expression for det(A):
det(A) = 2 * 162 - (-2) * (-120) + 4 * (-60) - (-2) * 36 = 324 + 240 - 240 + 72 = 324 + 72 = 396

Final Answer: The final answer is $\boxed{396}$","
Let A be the given matrix:
A = \begin{bmatrix} 2 & -2 & 4 & -2 \\ 4 & -4 & 4 & -2 \\ 2 & 0 & 3 & 4 \\ -4 & 5 & 1 & -3 \end{bmatrix}

We can compute the determinant of A using cofactor expansion. Let's expand along the first row:
det(A) = 2 * det(\begin{bmatrix} -4 & 4 & -2 \\ 0 & 3 & 4 \\ 5 & 1 & -3 \end{bmatrix}) - (-2) * det(\begin{bmatrix} 4 & 4 & -2 \\ 2 & 3 & 4 \\ -4 & 1 & -3 \end{bmatrix}) + 4 * det(\begin{bmatrix} 4 & -4 & -2 \\ 2 & 0 & 4 \\ -4 & 5 & -3 \end{bmatrix}) - (-2) * det(\begin{bmatrix} 4 & -4 & 4 \\ 2 & 0 & 3 \\ -4 & 5 & 1 \end{bmatrix})

Let's compute the determinants of the 3x3 matrices:
det(\begin{bmatrix} -4 & 4 & -2 \\ 0 & 3 & 4 \\ 5 & 1 & -3 \end{bmatrix}) = -4(3*(-3) - 4*1) - 4(0*(-3) - 4*5) + (-2)(0*1 - 3*5) = -4(-9 - 4) - 4(-20) - 2(-15) = -4(-13) + 80 + 30 = 52 + 80 + 30 = 162

det(\begin{bmatrix} 4 & 4 & -2 \\ 2 & 3 & 4 \\ -4 & 1 & -3 \end{bmatrix}) = 4(3*(-3) - 4*1) - 4(2*(-3) - 4*(-4)) + (-2)(2*1 - 3*(-4)) = 4(-9 - 4) - 4(-6 + 16) - 2(2 + 12) = 4(-13) - 4(10) - 2(14) = -52 - 40 - 28 = -120

det(\begin{bmatrix} 4 & -4 & -2 \\ 2 & 0 & 4 \\ -4 & 5 & -3 \end{bmatrix}) = 4(0*(-3) - 4*5) - (-4)(2*(-3) - 4*(-4)) + (-2)(2*5 - 0*(-4)) = 4(-20) + 4(-6 + 16) - 2(10) = -80 + 4(10) - 20 = -80 + 40 - 20 = -60

det(\begin{bmatrix} 4 & -4 & 4 \\ 2 & 0 & 3 \\ -4 & 5 & 1 \end{bmatrix}) = 4(0*1 - 3*5) - (-4)(2*1 - 3*(-4)) + 4(2*5 - 0*(-4)) = 4(-15) + 4(2 + 12) + 4(10) = -60 + 4(14) + 40 = -60 + 56 + 40 = 36

Now, substitute these values back into the expression for det(A):
det(A) = 2 * 162 - (-2) * (-120) + 4 * (-60) - (-2) * 36 = 324 + 240 - 240 + 72 = 324 + 72 = 396

Final Answer: The final answer is $\boxed{396}$",)(2*5 - 0*(-4)) = 4(-20) [+] 4(-6 + 16) - 2(10) = -8,417,AGREED_FIRST(min)
NC2_4x4_det_1586,Gemma-3,determinant,4,Product_Sign_Error,det,failure,\det(A) = -99,+,-,1701,"<start_of_turn>user
You are a precise mathematical assistant. Show all computation steps clearly. Always put your final numerical answer inside \boxed{}.

Solve this linear algebra problem. Show your work and give the final answer.

Find the determinant of the 4×4 matrix A.

A = \begin{bmatrix} 3 & 0 & 3 & -4 \\ -2 & 4 & 5 & -1 \\ 1 & -1 & 2 & 1 \\ -5 & 4 & 2 & 0 \end{bmatrix}

<end_of_turn>
<start_of_turn>model

Let A be the given matrix:
A = \begin{bmatrix} 3 & 0 & 3 & -4 \\ -2 & 4 & 5 & -1 \\ 1 & -1 & 2 & 1 \\ -5 & 4 & 2 & 0 \end{bmatrix}

We can compute the determinant of A by cofactor expansion along the first row:
det(A) = 3 * det(\begin{bmatrix} 4 & 5 & -1 \\ -1 & 2 & 1 \\ 4 & 2 & 0 \end{bmatrix}) - 0 * det(\begin{bmatrix} -2 & 5 & -1 \\ 1 & 2 & 1 \\ -5 & 2 & 0 \end{bmatrix}) + 3 * det(\begin{bmatrix} -2 & 4 & -1 \\ 1 & -1 & 1 \\ -5 & 4 & 0 \end{bmatrix}) - (-4) * det(\begin{bmatrix} -2 & 4 & 5 \\ 1 & -1 & 2 \\ -5 & 4 & 2 \end{bmatrix})

First, we compute the 3x3 determinants:
det(\begin{bmatrix} 4 & 5 & -1 \\ -1 & 2 & 1 \\ 4 & 2 & 0 \end{bmatrix}) = 4(2*0 - 1*2) - 5((-1)*0 - 1*4) + (-1)((-1)*2 - 2*4) = 4(-2) - 5(-4) - 1(-2-8) = -8 + 20 + 10 = 22

det(\begin{bmatrix} -2 & 4 & -1 \\ 1 & -1 & 1 \\ -5 & 4 & 0 \end{bmatrix}) = -2((-1)*0 - 1*4) - 4(1*0 - 1*(-5)) + (-1)(1*4 - (-1)*(-5)) = -2(-4) - 4(5) - 1(4-5) = 8 - 20 + 1 = -11

det(\begin{bmatrix} -2 & 4 & 5 \\ 1 & -1 & 2 \\ -5 & 4 & 2 \end{bmatrix}) = -2((-1)*2 - 2*4) - 4(1*2 - 2*(-5)) + 5(1*4 - (-1)*(-5)) = -2(-2-8) - 4(2+10) + 5(4-5) = -2(-10) - 4(12) + 5(-1) = 20 - 48 - 5 = -33

Now, we substitute these values back into the expression for det(A):
det(A) = 3 * 22 - 0 * (...) + 3 * (-11) - (-4) * (-33) = 66 + 0 - 33 + 132 = 66 - 33 + 132 = 33 + 132 = 165

Therefore, the determinant of A is 165.

Final Answer: The final answer is $\boxed{165}$","
Let A be the given matrix:
A = \begin{bmatrix} 3 & 0 & 3 & -4 \\ -2 & 4 & 5 & -1 \\ 1 & -1 & 2 & 1 \\ -5 & 4 & 2 & 0 \end{bmatrix}

We can compute the determinant of A by cofactor expansion along the first row:
det(A) = 3 * det(\begin{bmatrix} 4 & 5 & -1 \\ -1 & 2 & 1 \\ 4 & 2 & 0 \end{bmatrix}) - 0 * det(\begin{bmatrix} -2 & 5 & -1 \\ 1 & 2 & 1 \\ -5 & 2 & 0 \end{bmatrix}) + 3 * det(\begin{bmatrix} -2 & 4 & -1 \\ 1 & -1 & 1 \\ -5 & 4 & 0 \end{bmatrix}) - (-4) * det(\begin{bmatrix} -2 & 4 & 5 \\ 1 & -1 & 2 \\ -5 & 4 & 2 \end{bmatrix})

First, we compute the 3x3 determinants:
det(\begin{bmatrix} 4 & 5 & -1 \\ -1 & 2 & 1 \\ 4 & 2 & 0 \end{bmatrix}) = 4(2*0 - 1*2) - 5((-1)*0 - 1*4) + (-1)((-1)*2 - 2*4) = 4(-2) - 5(-4) - 1(-2-8) = -8 + 20 + 10 = 22

det(\begin{bmatrix} -2 & 4 & -1 \\ 1 & -1 & 1 \\ -5 & 4 & 0 \end{bmatrix}) = -2((-1)*0 - 1*4) - 4(1*0 - 1*(-5)) + (-1)(1*4 - (-1)*(-5)) = -2(-4) - 4(5) - 1(4-5) = 8 - 20 + 1 = -11

det(\begin{bmatrix} -2 & 4 & 5 \\ 1 & -1 & 2 \\ -5 & 4 & 2 \end{bmatrix}) = -2((-1)*2 - 2*4) - 4(1*2 - 2*(-5)) + 5(1*4 - (-1)*(-5)) = -2(-2-8) - 4(2+10) + 5(4-5) = -2(-10) - 4(12) + 5(-1) = 20 - 48 - 5 = -33

Now, we substitute these values back into the expression for det(A):
det(A) = 3 * 22 - 0 * (...) + 3 * (-11) - (-4) * (-33) = 66 + 0 - 33 + 132 = 66 - 33 + 132 = 33 + 132 = 165

Therefore, the determinant of A is 165.

Final Answer: The final answer is $\boxed{165}$",4) * (-33) = 66 + 0 - 33 [+] 132 = 66 - 33 + 132 = 3,416,S1_exact
NC_4x4_det_1268,Gemma-3,determinant,4,Alternating_Drift,det,failure,\det(A) = -207,+,-,890,"<start_of_turn>user
You are a precise mathematical assistant. Show all computation steps clearly. Always put your final numerical answer inside \boxed{}.

Solve this linear algebra problem. Show your work and give the final answer.

Find the determinant of the 4×4 matrix A.

A = \begin{bmatrix} -5 & 4 & -5 & 1 \\ -2 & -1 & -3 & 3 \\ -5 & -2 & 4 & -3 \\ -3 & -5 & 5 & -3 \end{bmatrix}

<end_of_turn>
<start_of_turn>model

Let A be the given matrix:
$$ A = \begin{bmatrix} -5 & 4 & -5 & 1 \\ -2 & -1 & -3 & 3 \\ -5 & -2 & 4 & -3 \\ -3 & -5 & 5 & -3 \end{bmatrix} $$
We can compute the determinant of A using cofactor expansion along the first row:
$$ \det(A) = -5 \begin{vmatrix} -1 & -3 & 3 \\ -2 & 4 & -3 \\ -5 & 5 & -3 \end{vmatrix} - 4 \begin{vmatrix} -2 & -3 & 3 \\ -5 & 4 & -3 \\ -3 & 5 & -3 \end{vmatrix} - 5 \begin{vmatrix} -2 & -1 & 3 \\ -5 & -2 & -3 \\ -3 & -5 & -3 \end{vmatrix} + 1 \begin{vmatrix} -2 & -1 & -3 \\ -5 & -2 & 4 \\ -3 & -5 & 5 \end{vmatrix} $$
First, we compute the 3x3 determinants:
$$ \begin{vmatrix} -1 & -3 & 3 \\ -2 & 4 & -3 \\ -5 & 5 & -3 \end{vmatrix} = -1(4(-3) - (-3)(5)) - (-3)((-2)(-3) - (-3)(-5)) + 3((-2)(5) - (4)(-5)) = -1(-12 + 15) + 3(6 - 15) + 3(-10 + 20) = -1(3) + 3(-9) + 3(10) = -3 - 27 + 30 = 0 $$
$$ \begin{vmatrix} -2 & -3 & 3 \\ -5 & 4 & -3 \\ -3 & 5 & -3 \end{vmatrix} = -2(4(-3) - (-3)(5)) - (-3)((-5)(-3) - (-3)(-3)) + 3((-5)(5) - (4)(-3)) = -2(-12 + 15) + 3(15 - 9) + 3(-25 + 12) = -2(3) + 3(6) + 3(-13) = -6 + 18 - 39 = -27 $$
$$ \begin{vmatrix} -2 & -1 & 3 \\ -5 & -2 & -3 \\ -3 & -5 & -3 \end{vmatrix} = -2((-2)(-3) - (-3)(-5)) - (-1)((-5)(-3) - (-3)(-3)) + 3((-5)(-5) - (-2)(-3)) = -2(6 - 15) + 1(15 - 9) + 3(25 - 6) = -2(-9) + 1(6) + 3(19) = 18 + 6 + 57 = 81 $$
$$ \begin{vmatrix} -2 & -1 & -3 \\ -5 & -2 & 4 \\ -3 & -5 & 5 \end{vmatrix} = -2((-2)(5) - (4)(-5)) - (-1)((-5)(5) - (4)(-3)) + (-3)((-5)(-5) - (-2)(-3)) = -2(-10 + 20) + 1(-25 + 12) - 3(25 - 6) = -2(10) + 1(-13) - 3(19) = -20 - 13 - 57 = -90 $$
Now, we substitute these values back into the expression for $\det(A)$:
$$ \det(A) = -5(0) - 4(-27) - 5(81) + 1(-90) = 0 + 108 - 405 - 90 = 108 - 495 = -387 $$

Final Answer: The final answer is $\boxed{-387}$","
Let A be the given matrix:
$$ A = \begin{bmatrix} -5 & 4 & -5 & 1 \\ -2 & -1 & -3 & 3 \\ -5 & -2 & 4 & -3 \\ -3 & -5 & 5 & -3 \end{bmatrix} $$
We can compute the determinant of A using cofactor expansion along the first row:
$$ \det(A) = -5 \begin{vmatrix} -1 & -3 & 3 \\ -2 & 4 & -3 \\ -5 & 5 & -3 \end{vmatrix} - 4 \begin{vmatrix} -2 & -3 & 3 \\ -5 & 4 & -3 \\ -3 & 5 & -3 \end{vmatrix} - 5 \begin{vmatrix} -2 & -1 & 3 \\ -5 & -2 & -3 \\ -3 & -5 & -3 \end{vmatrix} + 1 \begin{vmatrix} -2 & -1 & -3 \\ -5 & -2 & 4 \\ -3 & -5 & 5 \end{vmatrix} $$
First, we compute the 3x3 determinants:
$$ \begin{vmatrix} -1 & -3 & 3 \\ -2 & 4 & -3 \\ -5 & 5 & -3 \end{vmatrix} = -1(4(-3) - (-3)(5)) - (-3)((-2)(-3) - (-3)(-5)) + 3((-2)(5) - (4)(-5)) = -1(-12 + 15) + 3(6 - 15) + 3(-10 + 20) = -1(3) + 3(-9) + 3(10) = -3 - 27 + 30 = 0 $$
$$ \begin{vmatrix} -2 & -3 & 3 \\ -5 & 4 & -3 \\ -3 & 5 & -3 \end{vmatrix} = -2(4(-3) - (-3)(5)) - (-3)((-5)(-3) - (-3)(-3)) + 3((-5)(5) - (4)(-3)) = -2(-12 + 15) + 3(15 - 9) + 3(-25 + 12) = -2(3) + 3(6) + 3(-13) = -6 + 18 - 39 = -27 $$
$$ \begin{vmatrix} -2 & -1 & 3 \\ -5 & -2 & -3 \\ -3 & -5 & -3 \end{vmatrix} = -2((-2)(-3) - (-3)(-5)) - (-1)((-5)(-3) - (-3)(-3)) + 3((-5)(-5) - (-2)(-3)) = -2(6 - 15) + 1(15 - 9) + 3(25 - 6) = -2(-9) + 1(6) + 3(19) = 18 + 6 + 57 = 81 $$
$$ \begin{vmatrix} -2 & -1 & -3 \\ -5 & -2 & 4 \\ -3 & -5 & 5 \end{vmatrix} = -2((-2)(5) - (4)(-5)) - (-1)((-5)(5) - (4)(-3)) + (-3)((-5)(-5) - (-2)(-3)) = -2(-10 + 20) + 1(-25 + 12) - 3(25 - 6) = -2(10) + 1(-13) - 3(19) = -20 - 13 - 57 = -90 $$
Now, we substitute these values back into the expression for $\det(A)$:
$$ \det(A) = -5(0) - 4(-27) - 5(81) + 1(-90) = 0 + 108 - 405 - 90 = 108 - 495 = -387 $$

Final Answer: The final answer is $\boxed{-387}$", & -5 & -3 \end{vmatrix} [+] 1 \begin{vmatrix} -2 & ,422,S2_exact
NC2_4x4_det_0662,Gemma-3,determinant,4,Product_Sign_Error,det,failure,\det(A) = -527,+,-,2129,"<start_of_turn>user
You are a precise mathematical assistant. Show all computation steps clearly. Always put your final numerical answer inside \boxed{}.

Solve this linear algebra problem. Show your work and give the final answer.

Find the determinant of the 4×4 matrix A.

A = \begin{bmatrix} 2 & -3 & -2 & 2 \\ 2 & -1 & -3 & -2 \\ -5 & -1 & 5 & -5 \\ -3 & -4 & -3 & 4 \end{bmatrix}

<end_of_turn>
<start_of_turn>model
Let A be the given matrix:
A = \begin{bmatrix} 2 & -3 & -2 & 2 \\ 2 & -1 & -3 & -2 \\ -5 & -1 & 5 & -5 \\ -3 & -4 & -3 & 4 \end{bmatrix}

We can compute the determinant of A using cofactor expansion along the first row:
det(A) = 2 * det(\begin{bmatrix} -1 & -3 & -2 \\ -1 & 5 & -5 \\ -4 & -3 & 4 \end{bmatrix}) - (-3) * det(\begin{bmatrix} 2 & -3 & -2 \\ -5 & 5 & -5 \\ -3 & -3 & 4 \end{bmatrix}) + (-2) * det(\begin{bmatrix} 2 & -1 & -2 \\ -5 & -1 & -5 \\ -3 & -4 & 4 \end{bmatrix}) - 2 * det(\begin{bmatrix} 2 & -1 & -3 \\ -5 & -1 & 5 \\ -3 & -4 & -3 \end{bmatrix})

Let's compute the determinants of the 3x3 matrices:
det(\begin{bmatrix} -1 & -3 & -2 \\ -1 & 5 & -5 \\ -4 & -3 & 4 \end{bmatrix}) = -1(5*4 - (-5)*(-3)) - (-3)(-1*4 - (-5)*(-4)) + (-2)(-1*(-3) - 5*(-4))
= -1(20 - 15) + 3(-4 - 20) - 2(3 + 20)
= -1(5) + 3(-24) - 2(23)
= -5 - 72 - 46
= -123

det(\begin{bmatrix} 2 & -3 & -2 \\ -5 & 5 & -5 \\ -3 & -3 & 4 \end{bmatrix}) = 2(5*4 - (-5)*(-3)) - (-3)(-5*4 - (-5)*(-3)) + (-2)(-5*(-3) - 5*(-3))
= 2(20 - 15) + 3(-20 - 15) - 2(15 + 15)
= 2(5) + 3(-35) - 2(30)
= 10 - 105 - 60
= -155

det(\begin{bmatrix} 2 & -1 & -2 \\ -5 & -1 & -5 \\ -3 & -4 & 4 \end{bmatrix}) = 2(-1*4 - (-5)*(-4)) - (-1)(-5*4 - (-5)*(-3)) + (-2)(-5*(-4) - (-1)*(-3))
= 2(-4 - 20) + 1(-20 - 15) - 2(20 - 3)
= 2(-24) + 1(-35) - 2(17)
= -48 - 35 - 34
= -117

det(\begin{bmatrix} 2 & -1 & -3 \\ -5 & -1 & 5 \\ -3 & -4 & -3 \end{bmatrix}) = 2(-1*(-3) - 5*(-4)) - (-1)(-5*(-3) - 5*(-3)) + (-3)(-5*(-4) - (-1)*(-3))
= 2(3 + 20) + 1(15 + 15) - 3(20 - 3)
= 2(23) + 1(30) - 3(17)
= 46 + 30 - 51
= 25

Now, substitute these values back into the expression for det(A):
det(A) = 2 * (-123) - (-3) * (-155) + (-2) * (-117) - 2 * (25)
= -246 + 465 + 234 - 50
= -246 - 50 + 465 + 234
= -296 + 699
= 403

Final Answer: The final answer is $\boxed{403}$","Let A be the given matrix:
A = \begin{bmatrix} 2 & -3 & -2 & 2 \\ 2 & -1 & -3 & -2 \\ -5 & -1 & 5 & -5 \\ -3 & -4 & -3 & 4 \end{bmatrix}

We can compute the determinant of A using cofactor expansion along the first row:
det(A) = 2 * det(\begin{bmatrix} -1 & -3 & -2 \\ -1 & 5 & -5 \\ -4 & -3 & 4 \end{bmatrix}) - (-3) * det(\begin{bmatrix} 2 & -3 & -2 \\ -5 & 5 & -5 \\ -3 & -3 & 4 \end{bmatrix}) + (-2) * det(\begin{bmatrix} 2 & -1 & -2 \\ -5 & -1 & -5 \\ -3 & -4 & 4 \end{bmatrix}) - 2 * det(\begin{bmatrix} 2 & -1 & -3 \\ -5 & -1 & 5 \\ -3 & -4 & -3 \end{bmatrix})

Let's compute the determinants of the 3x3 matrices:
det(\begin{bmatrix} -1 & -3 & -2 \\ -1 & 5 & -5 \\ -4 & -3 & 4 \end{bmatrix}) = -1(5*4 - (-5)*(-3)) - (-3)(-1*4 - (-5)*(-4)) + (-2)(-1*(-3) - 5*(-4))
= -1(20 - 15) + 3(-4 - 20) - 2(3 + 20)
= -1(5) + 3(-24) - 2(23)
= -5 - 72 - 46
= -123

det(\begin{bmatrix} 2 & -3 & -2 \\ -5 & 5 & -5 \\ -3 & -3 & 4 \end{bmatrix}) = 2(5*4 - (-5)*(-3)) - (-3)(-5*4 - (-5)*(-3)) + (-2)(-5*(-3) - 5*(-3))
= 2(20 - 15) + 3(-20 - 15) - 2(15 + 15)
= 2(5) + 3(-35) - 2(30)
= 10 - 105 - 60
= -155

det(\begin{bmatrix} 2 & -1 & -2 \\ -5 & -1 & -5 \\ -3 & -4 & 4 \end{bmatrix}) = 2(-1*4 - (-5)*(-4)) - (-1)(-5*4 - (-5)*(-3)) + (-2)(-5*(-4) - (-1)*(-3))
= 2(-4 - 20) + 1(-20 - 15) - 2(20 - 3)
= 2(-24) + 1(-35) - 2(17)
= -48 - 35 - 34
= -117

det(\begin{bmatrix} 2 & -1 & -3 \\ -5 & -1 & 5 \\ -3 & -4 & -3 \end{bmatrix}) = 2(-1*(-3) - 5*(-4)) - (-1)(-5*(-3) - 5*(-3)) + (-3)(-5*(-4) - (-1)*(-3))
= 2(3 + 20) + 1(15 + 15) - 3(20 - 3)
= 2(23) + 1(30) - 3(17)
= 46 + 30 - 51
= 25

Now, substitute these values back into the expression for det(A):
det(A) = 2 * (-123) - (-3) * (-155) + (-2) * (-117) - 2 * (25)
= -246 + 465 + 234 - 50
= -246 - 50 + 465 + 234
= -296 + 699
= 403

Final Answer: The final answer is $\boxed{403}$","(-117) - 2 * (25)
= -246 [+] 465 + 234 - 50
= -246 -",422,S1_exact
NC_4x4_det_1375,Gemma-3,determinant,4,Product_Sign_Error,det,failure,\det(A) = -252,+,-,1891,"<start_of_turn>user
You are a precise mathematical assistant. Show all computation steps clearly. Always put your final numerical answer inside \boxed{}.

Solve this linear algebra problem. Show your work and give the final answer.

Find the determinant of the 4×4 matrix A.

A = \begin{bmatrix} 3 & -2 & 0 & -3 \\ 3 & 2 & -4 & 3 \\ 0 & 4 & 1 & -2 \\ -3 & -2 & -3 & 4 \end{bmatrix}

<end_of_turn>
<start_of_turn>model
Let A be the given matrix:
A = \begin{bmatrix} 3 & -2 & 0 & -3 \\ 3 & 2 & -4 & 3 \\ 0 & 4 & 1 & -2 \\ -3 & -2 & -3 & 4 \end{bmatrix}

We can compute the determinant of A using cofactor expansion along the first row:
det(A) = 3 * det(\begin{bmatrix} 2 & -4 & 3 \\ 4 & 1 & -2 \\ -2 & -3 & 4 \end{bmatrix}) - (-2) * det(\begin{bmatrix} 3 & -4 & 3 \\ 0 & 1 & -2 \\ -3 & -3 & 4 \end{bmatrix}) + 0 * det(\begin{bmatrix} 3 & 2 & 3 \\ 0 & 4 & -2 \\ -3 & -2 & 4 \end{bmatrix}) - (-3) * det(\begin{bmatrix} 3 & 2 & -4 \\ 0 & 4 & 1 \\ -3 & -2 & -3 \end{bmatrix})

First, let's compute the determinants of the 3x3 matrices:
det(\begin{bmatrix} 2 & -4 & 3 \\ 4 & 1 & -2 \\ -2 & -3 & 4 \end{bmatrix}) = 2(1*4 - (-2)*(-3)) - (-4)(4*4 - (-2)*(-2)) + 3(4*(-3) - 1*(-2))
= 2(4 - 6) + 4(16 - 4) + 3(-12 + 2)
= 2(-2) + 4(12) + 3(-10)
= -4 + 48 - 30
= 14

det(\begin{bmatrix} 3 & -4 & 3 \\ 0 & 1 & -2 \\ -3 & -3 & 4 \end{bmatrix}) = 3(1*4 - (-2)*(-3)) - (-4)(0*4 - (-2)*(-3)) + 3(0*(-3) - 1*(-3))
= 3(4 - 6) + 4(0 - 6) + 3(0 + 3)
= 3(-2) + 4(-6) + 3(3)
= -6 - 24 + 9
= -21

det(\begin{bmatrix} 3 & 2 & -4 \\ 0 & 4 & 1 \\ -3 & -2 & -3 \end{bmatrix}) = 3(4*(-3) - 1*(-2)) - 2(0*(-3) - 1*(-3)) + (-4)(0*(-2) - 4*(-3))
= 3(-12 + 2) - 2(0 + 3) - 4(0 + 12)
= 3(-10) - 2(3) - 4(12)
= -30 - 6 - 48
= -84

Now, substitute these values back into the expression for det(A):
det(A) = 3 * 14 - (-2) * (-21) + 0 * det(\begin{bmatrix} 3 & 2 & 3 \\ 0 & 4 & -2 \\ -3 & -2 & 4 \end{bmatrix}) - (-3) * (-84)
= 42 + 42 + 0 - 252
= 84 - 252
= -168

Final Answer: The final answer is \boxed{-168}","Let A be the given matrix:
A = \begin{bmatrix} 3 & -2 & 0 & -3 \\ 3 & 2 & -4 & 3 \\ 0 & 4 & 1 & -2 \\ -3 & -2 & -3 & 4 \end{bmatrix}

We can compute the determinant of A using cofactor expansion along the first row:
det(A) = 3 * det(\begin{bmatrix} 2 & -4 & 3 \\ 4 & 1 & -2 \\ -2 & -3 & 4 \end{bmatrix}) - (-2) * det(\begin{bmatrix} 3 & -4 & 3 \\ 0 & 1 & -2 \\ -3 & -3 & 4 \end{bmatrix}) + 0 * det(\begin{bmatrix} 3 & 2 & 3 \\ 0 & 4 & -2 \\ -3 & -2 & 4 \end{bmatrix}) - (-3) * det(\begin{bmatrix} 3 & 2 & -4 \\ 0 & 4 & 1 \\ -3 & -2 & -3 \end{bmatrix})

First, let's compute the determinants of the 3x3 matrices:
det(\begin{bmatrix} 2 & -4 & 3 \\ 4 & 1 & -2 \\ -2 & -3 & 4 \end{bmatrix}) = 2(1*4 - (-2)*(-3)) - (-4)(4*4 - (-2)*(-2)) + 3(4*(-3) - 1*(-2))
= 2(4 - 6) + 4(16 - 4) + 3(-12 + 2)
= 2(-2) + 4(12) + 3(-10)
= -4 + 48 - 30
= 14

det(\begin{bmatrix} 3 & -4 & 3 \\ 0 & 1 & -2 \\ -3 & -3 & 4 \end{bmatrix}) = 3(1*4 - (-2)*(-3)) - (-4)(0*4 - (-2)*(-3)) + 3(0*(-3) - 1*(-3))
= 3(4 - 6) + 4(0 - 6) + 3(0 + 3)
= 3(-2) + 4(-6) + 3(3)
= -6 - 24 + 9
= -21

det(\begin{bmatrix} 3 & 2 & -4 \\ 0 & 4 & 1 \\ -3 & -2 & -3 \end{bmatrix}) = 3(4*(-3) - 1*(-2)) - 2(0*(-3) - 1*(-3)) + (-4)(0*(-2) - 4*(-3))
= 3(-12 + 2) - 2(0 + 3) - 4(0 + 12)
= 3(-10) - 2(3) - 4(12)
= -30 - 6 - 48
= -84

Now, substitute these values back into the expression for det(A):
det(A) = 3 * 14 - (-2) * (-21) + 0 * det(\begin{bmatrix} 3 & 2 & 3 \\ 0 & 4 & -2 \\ -3 & -2 & 4 \end{bmatrix}) - (-3) * (-84)
= 42 + 42 + 0 - 252
= 84 - 252
= -168

Final Answer: The final answer is \boxed{-168}","ix}) - (-3) * (-84)
= 42 [+] 42 + 0 - 252
= 84 - 252",418,S1_exact
NC_4x4_det_1315,Gemma-3,determinant,4,Alternating_Drift,det,failure,\det(A) = -372,+,-,897,"<start_of_turn>user
You are a precise mathematical assistant. Show all computation steps clearly. Always put your final numerical answer inside \boxed{}.

Solve this linear algebra problem. Show your work and give the final answer.

Find the determinant of the 4×4 matrix A.

A = \begin{bmatrix} -2 & 1 & -3 & 5 \\ -2 & -1 & 1 & 2 \\ -3 & 4 & -2 & -1 \\ 1 & -4 & -2 & -3 \end{bmatrix}

<end_of_turn>
<start_of_turn>model
Let A be the given matrix:
A = \begin{bmatrix} -2 & 1 & -3 & 5 \\ -2 & -1 & 1 & 2 \\ -3 & 4 & -2 & -1 \\ 1 & -4 & -2 & -3 \end{bmatrix}

We can compute the determinant of A using cofactor expansion along the first row:
det(A) = -2 * det(\begin{bmatrix} -1 & 1 & 2 \\ 4 & -2 & -1 \\ -4 & -2 & -3 \end{bmatrix}) - 1 * det(\begin{bmatrix} -2 & 1 & 2 \\ -3 & -2 & -1 \\ 1 & -2 & -3 \end{bmatrix}) - 3 * det(\begin{bmatrix} -2 & -1 & 2 \\ -3 & 4 & -1 \\ 1 & -4 & -3 \end{bmatrix}) + 5 * det(\begin{bmatrix} -2 & -1 & 1 \\ -3 & 4 & -2 \\ 1 & -4 & -2 \end{bmatrix})

Let's compute the determinants of the 3x3 matrices:
det(\begin{bmatrix} -1 & 1 & 2 \\ 4 & -2 & -1 \\ -4 & -2 & -3 \end{bmatrix}) = -1 * ((-2)*(-3) - (-1)*(-2)) - 1 * (4*(-3) - (-1)*(-4)) + 2 * (4*(-2) - (-2)*(-4))
= -1 * (6 - 2) - 1 * (-12 - 4) + 2 * (-8 - 8)
= -1 * 4 - 1 * (-16) + 2 * (-16)
= -4 + 16 - 32
= -20

det(\begin{bmatrix} -2 & 1 & 2 \\ -3 & -2 & -1 \\ 1 & -2 & -3 \end{bmatrix}) = -2 * ((-2)*(-3) - (-1)*(-2)) - 1 * ((-3)*(-3) - (-1)*1) + 2 * ((-3)*(-2) - (-2)*1)
= -2 * (6 - 2) - 1 * (9 + 1) + 2 * (6 + 2)
= -2 * 4 - 1 * 10 + 2 * 8
= -8 - 10 + 16
= -2

det(\begin{bmatrix} -2 & -1 & 2 \\ -3 & 4 & -1 \\ 1 & -4 & -3 \end{bmatrix}) = -2 * (4*(-3) - (-1)*(-4)) - (-1) * ((-3)*(-3) - (-1)*1) + 2 * ((-3)*(-4) - 4*1)
= -2 * (-12 - 4) + 1 * (9 + 1) + 2 * (12 - 4)
= -2 * (-16) + 1 * 10 + 2 * 8
= 32 + 10 + 16
= 58

det(\begin{bmatrix} -2 & -1 & 1 \\ -3 & 4 & -2 \\ 1 & -4 & -2 \end{bmatrix}) = -2 * (4*(-2) - (-2)*(-4)) - (-1) * ((-3)*(-2) - (-2)*1) + 1 * ((-3)*(-4) - 4*1)
= -2 * (-8 - 8) + 1 * (6 + 2) + 1 * (12 - 4)
= -2 * (-16) + 1 * 8 + 1 * 8
= 32 + 8 + 8
= 48

Now, substitute these values back into the determinant of A:
det(A) = -2 * (-20) - 1 * (-2) - 3 * (58) + 5 * (48)
= 40 + 2 - 174 + 240
= 42 - 174 + 240
= -132 + 240
= 108

Final Answer: The final answer is $\boxed{108}$","Let A be the given matrix:
A = \begin{bmatrix} -2 & 1 & -3 & 5 \\ -2 & -1 & 1 & 2 \\ -3 & 4 & -2 & -1 \\ 1 & -4 & -2 & -3 \end{bmatrix}

We can compute the determinant of A using cofactor expansion along the first row:
det(A) = -2 * det(\begin{bmatrix} -1 & 1 & 2 \\ 4 & -2 & -1 \\ -4 & -2 & -3 \end{bmatrix}) - 1 * det(\begin{bmatrix} -2 & 1 & 2 \\ -3 & -2 & -1 \\ 1 & -2 & -3 \end{bmatrix}) - 3 * det(\begin{bmatrix} -2 & -1 & 2 \\ -3 & 4 & -1 \\ 1 & -4 & -3 \end{bmatrix}) + 5 * det(\begin{bmatrix} -2 & -1 & 1 \\ -3 & 4 & -2 \\ 1 & -4 & -2 \end{bmatrix})

Let's compute the determinants of the 3x3 matrices:
det(\begin{bmatrix} -1 & 1 & 2 \\ 4 & -2 & -1 \\ -4 & -2 & -3 \end{bmatrix}) = -1 * ((-2)*(-3) - (-1)*(-2)) - 1 * (4*(-3) - (-1)*(-4)) + 2 * (4*(-2) - (-2)*(-4))
= -1 * (6 - 2) - 1 * (-12 - 4) + 2 * (-8 - 8)
= -1 * 4 - 1 * (-16) + 2 * (-16)
= -4 + 16 - 32
= -20

det(\begin{bmatrix} -2 & 1 & 2 \\ -3 & -2 & -1 \\ 1 & -2 & -3 \end{bmatrix}) = -2 * ((-2)*(-3) - (-1)*(-2)) - 1 * ((-3)*(-3) - (-1)*1) + 2 * ((-3)*(-2) - (-2)*1)
= -2 * (6 - 2) - 1 * (9 + 1) + 2 * (6 + 2)
= -2 * 4 - 1 * 10 + 2 * 8
= -8 - 10 + 16
= -2

det(\begin{bmatrix} -2 & -1 & 2 \\ -3 & 4 & -1 \\ 1 & -4 & -3 \end{bmatrix}) = -2 * (4*(-3) - (-1)*(-4)) - (-1) * ((-3)*(-3) - (-1)*1) + 2 * ((-3)*(-4) - 4*1)
= -2 * (-12 - 4) + 1 * (9 + 1) + 2 * (12 - 4)
= -2 * (-16) + 1 * 10 + 2 * 8
= 32 + 10 + 16
= 58

det(\begin{bmatrix} -2 & -1 & 1 \\ -3 & 4 & -2 \\ 1 & -4 & -2 \end{bmatrix}) = -2 * (4*(-2) - (-2)*(-4)) - (-1) * ((-3)*(-2) - (-2)*1) + 1 * ((-3)*(-4) - 4*1)
= -2 * (-8 - 8) + 1 * (6 + 2) + 1 * (12 - 4)
= -2 * (-16) + 1 * 8 + 1 * 8
= 32 + 8 + 8
= 48

Now, substitute these values back into the determinant of A:
det(A) = -2 * (-20) - 1 * (-2) - 3 * (58) + 5 * (48)
= 40 + 2 - 174 + 240
= 42 - 174 + 240
= -132 + 240
= 108

Final Answer: The final answer is $\boxed{108}$",& -4 & -3 \end{bmatrix}) [+] 5 * det(\begin{bmatrix},421,S1_exact
NC_4x4_det_450,Gemma-3,determinant,4,Parity_Sign_Error,det,failure,\det(A) = -135,-,+,1005,"<start_of_turn>user
You are a precise mathematical assistant. Show all computation steps clearly. Always put your final numerical answer inside \boxed{}.

Solve this linear algebra problem. Show your work and give the final answer.

Find the determinant of the 4×4 matrix A.

A = \begin{bmatrix} 0 & 3 & -5 & 4 \\ 1 & -5 & 0 & -4 \\ 1 & -2 & 0 & 1 \\ -1 & -4 & -5 & -3 \end{bmatrix}

<end_of_turn>
<start_of_turn>model
Let A be the given matrix:
A = \begin{bmatrix} 0 & 3 & -5 & 4 \\ 1 & -5 & 0 & -4 \\ 1 & -2 & 0 & 1 \\ -1 & -4 & -5 & -3 \end{bmatrix}

We can compute the determinant of A by cofactor expansion along the third column.
det(A) = (-1)^{1+3}(-5) \begin{vmatrix} 1 & -5 & -4 \\ 1 & -2 & 1 \\ -1 & -4 & -3 \end{vmatrix} + (-1)^{2+3}(0) \begin{vmatrix} 0 & 3 & 4 \\ 1 & -2 & 1 \\ -1 & -4 & -3 \end{vmatrix} + (-1)^{3+3}(0) \begin{vmatrix} 0 & 3 & 4 \\ 1 & -5 & -4 \\ -1 & -4 & -3 \end{vmatrix} + (-1)^{4+3}(-5) \begin{vmatrix} 0 & 3 & 4 \\ 1 & -5 & -4 \\ 1 & -2 & 1 \end{vmatrix}
det(A) = (-5)(-1) \begin{vmatrix} 1 & -5 & -4 \\ 1 & -2 & 1 \\ -1 & -4 & -3 \end{vmatrix} + 0 + 0 + (-5)(-1) \begin{vmatrix} 0 & 3 & 4 \\ 1 & -5 & -4 \\ 1 & -2 & 1 \end{vmatrix}
det(A) = 5 \begin{vmatrix} 1 & -5 & -4 \\ 1 & -2 & 1 \\ -1 & -4 & -3 \end{vmatrix} + 5 \begin{vmatrix} 0 & 3 & 4 \\ 1 & -5 & -4 \\ 1 & -2 & 1 \end{vmatrix}

Now, we compute the two 3x3 determinants.
\begin{vmatrix} 1 & -5 & -4 \\ 1 & -2 & 1 \\ -1 & -4 & -3 \end{vmatrix} = 1 \begin{vmatrix} -2 & 1 \\ -4 & -3 \end{vmatrix} - (-5) \begin{vmatrix} 1 & 1 \\ -1 & -3 \end{vmatrix} + (-4) \begin{vmatrix} 1 & -2 \\ -1 & -4 \end{vmatrix}
= 1((-2)(-3) - (1)(-4)) + 5((1)(-3) - (1)(-1)) - 4((1)(-4) - (-2)(-1))
= 1(6 + 4) + 5(-3 + 1) - 4(-4 - 2)
= 1(10) + 5(-2) - 4(-6)
= 10 - 10 + 24
= 24

\begin{vmatrix} 0 & 3 & 4 \\ 1 & -5 & -4 \\ 1 & -2 & 1 \end{vmatrix} = 0 \begin{vmatrix} -5 & -4 \\ -2 & 1 \end{vmatrix} - 3 \begin{vmatrix} 1 & -4 \\ 1 & 1 \end{vmatrix} + 4 \begin{vmatrix} 1 & -5 \\ 1 & -2 \end{vmatrix}
= 0 - 3((1)(1) - (-4)(1)) + 4((1)(-2) - (-5)(1))
= -3(1 + 4) + 4(-2 + 5)
= -3(5) + 4(3)
= -15 + 12
= -3

det(A) = 5(24) + 5(-3)
= 120 - 15
= 105

Final Answer: The final answer is $\boxed{105}$","Let A be the given matrix:
A = \begin{bmatrix} 0 & 3 & -5 & 4 \\ 1 & -5 & 0 & -4 \\ 1 & -2 & 0 & 1 \\ -1 & -4 & -5 & -3 \end{bmatrix}

We can compute the determinant of A by cofactor expansion along the third column.
det(A) = (-1)^{1+3}(-5) \begin{vmatrix} 1 & -5 & -4 \\ 1 & -2 & 1 \\ -1 & -4 & -3 \end{vmatrix} + (-1)^{2+3}(0) \begin{vmatrix} 0 & 3 & 4 \\ 1 & -2 & 1 \\ -1 & -4 & -3 \end{vmatrix} + (-1)^{3+3}(0) \begin{vmatrix} 0 & 3 & 4 \\ 1 & -5 & -4 \\ -1 & -4 & -3 \end{vmatrix} + (-1)^{4+3}(-5) \begin{vmatrix} 0 & 3 & 4 \\ 1 & -5 & -4 \\ 1 & -2 & 1 \end{vmatrix}
det(A) = (-5)(-1) \begin{vmatrix} 1 & -5 & -4 \\ 1 & -2 & 1 \\ -1 & -4 & -3 \end{vmatrix} + 0 + 0 + (-5)(-1) \begin{vmatrix} 0 & 3 & 4 \\ 1 & -5 & -4 \\ 1 & -2 & 1 \end{vmatrix}
det(A) = 5 \begin{vmatrix} 1 & -5 & -4 \\ 1 & -2 & 1 \\ -1 & -4 & -3 \end{vmatrix} + 5 \begin{vmatrix} 0 & 3 & 4 \\ 1 & -5 & -4 \\ 1 & -2 & 1 \end{vmatrix}

Now, we compute the two 3x3 determinants.
\begin{vmatrix} 1 & -5 & -4 \\ 1 & -2 & 1 \\ -1 & -4 & -3 \end{vmatrix} = 1 \begin{vmatrix} -2 & 1 \\ -4 & -3 \end{vmatrix} - (-5) \begin{vmatrix} 1 & 1 \\ -1 & -3 \end{vmatrix} + (-4) \begin{vmatrix} 1 & -2 \\ -1 & -4 \end{vmatrix}
= 1((-2)(-3) - (1)(-4)) + 5((1)(-3) - (1)(-1)) - 4((1)(-4) - (-2)(-1))
= 1(6 + 4) + 5(-3 + 1) - 4(-4 - 2)
= 1(10) + 5(-2) - 4(-6)
= 10 - 10 + 24
= 24

\begin{vmatrix} 0 & 3 & 4 \\ 1 & -5 & -4 \\ 1 & -2 & 1 \end{vmatrix} = 0 \begin{vmatrix} -5 & -4 \\ -2 & 1 \end{vmatrix} - 3 \begin{vmatrix} 1 & -4 \\ 1 & 1 \end{vmatrix} + 4 \begin{vmatrix} 1 & -5 \\ 1 & -2 \end{vmatrix}
= 0 - 3((1)(1) - (-4)(1)) + 4((1)(-2) - (-5)(1))
= -3(1 + 4) + 4(-2 + 5)
= -3(5) + 4(3)
= -15 + 12
= -3

det(A) = 5(24) + 5(-3)
= 120 - 15
= 105

Final Answer: The final answer is $\boxed{105}$","d{vmatrix}
det(A) = (-5)([-]1) \begin{vmatrix} 1 & -",419,S1_exact
NC2_4x4_det_1680,Gemma-3,determinant,4,Rule_Interference,det,failure,\det(A) = 860,-,+,725,"<start_of_turn>user
You are a precise mathematical assistant. Show all computation steps clearly. Always put your final numerical answer inside \boxed{}.

Solve this linear algebra problem. Show your work and give the final answer.

Find the determinant of the 4×4 matrix A.

A = \begin{bmatrix} 5 & -3 & -4 & -3 \\ 1 & -1 & -3 & 2 \\ 4 & 2 & 5 & 0 \\ -5 & -3 & 5 & 3 \end{bmatrix}

<end_of_turn>
<start_of_turn>model

Let A be the given matrix:
A = \begin{bmatrix} 5 & -3 & -4 & -3 \\ 1 & -1 & -3 & 2 \\ 4 & 2 & 5 & 0 \\ -5 & -3 & 5 & 3 \end{bmatrix}

We can compute the determinant of A using cofactor expansion along the first row:
det(A) = 5 * det(\begin{bmatrix} -1 & -3 & 2 \\ 2 & 5 & 0 \\ -3 & 5 & 3 \end{bmatrix}) - (-3) * det(\begin{bmatrix} 1 & -3 & 2 \\ 4 & 5 & 0 \\ -5 & 5 & 3 \end{bmatrix}) + (-4) * det(\begin{bmatrix} 1 & -1 & 2 \\ 4 & 2 & 0 \\ -5 & -3 & 3 \end{bmatrix}) - (-3) * det(\begin{bmatrix} 1 & -1 & -3 \\ 4 & 2 & 5 \\ -5 & -3 & 5 \end{bmatrix})

Let's compute the determinants of the 3x3 matrices:
det(\begin{bmatrix} -1 & -3 & 2 \\ 2 & 5 & 0 \\ -3 & 5 & 3 \end{bmatrix}) = -1(5*3 - 0*5) - (-3)(2*3 - 0*(-3)) + 2(2*5 - 5*(-3)) = -1(15) + 3(6) + 2(10 + 15) = -15 + 18 + 2(25) = -15 + 18 + 50 = 53
det(\begin{bmatrix} 1 & -3 & 2 \\ 4 & 5 & 0 \\ -5 & 5 & 3 \end{bmatrix}) = 1(5*3 - 0*5) - (-3)(4*3 - 0*(-5)) + 2(4*5 - 5*(-5)) = 1(15) + 3(12) + 2(20 + 25) = 15 + 36 + 2(45) = 15 + 36 + 90 = 141
det(\begin{bmatrix} 1 & -1 & 2 \\ 4 & 2 & 0 \\ -5 & -3 & 3 \end{bmatrix}) = 1(2*3 - 0*(-3)) - (-1)(4*3 - 0*(-5)) + 2(4*(-3) - 2*(-5)) = 1(6) + 1(12) + 2(-12 + 10) = 6 + 12 + 2(-2) = 6 + 12 - 4 = 14
det(\begin{bmatrix} 1 & -1 & -3 \\ 4 & 2 & 5 \\ -5 & -3 & 5 \end{bmatrix}) = 1(2*5 - 5*(-3)) - (-1)(4*5 - 5*(-5)) + (-3)(4*(-3) - 2*(-5)) = 1(10 + 15) + 1(20 + 25) - 3(-12 + 10) = 1(25) + 1(45) - 3(-2) = 25 + 45 + 6 = 76

Now, substitute these values back into the expression for det(A):
det(A) = 5 * 53 + 3 * 141 - 4 * 14 - 3 * 76 = 265 + 423 - 56 - 228 = 688 - 284 = 404

Final Answer: The final answer is $\boxed{404}$","
Let A be the given matrix:
A = \begin{bmatrix} 5 & -3 & -4 & -3 \\ 1 & -1 & -3 & 2 \\ 4 & 2 & 5 & 0 \\ -5 & -3 & 5 & 3 \end{bmatrix}

We can compute the determinant of A using cofactor expansion along the first row:
det(A) = 5 * det(\begin{bmatrix} -1 & -3 & 2 \\ 2 & 5 & 0 \\ -3 & 5 & 3 \end{bmatrix}) - (-3) * det(\begin{bmatrix} 1 & -3 & 2 \\ 4 & 5 & 0 \\ -5 & 5 & 3 \end{bmatrix}) + (-4) * det(\begin{bmatrix} 1 & -1 & 2 \\ 4 & 2 & 0 \\ -5 & -3 & 3 \end{bmatrix}) - (-3) * det(\begin{bmatrix} 1 & -1 & -3 \\ 4 & 2 & 5 \\ -5 & -3 & 5 \end{bmatrix})

Let's compute the determinants of the 3x3 matrices:
det(\begin{bmatrix} -1 & -3 & 2 \\ 2 & 5 & 0 \\ -3 & 5 & 3 \end{bmatrix}) = -1(5*3 - 0*5) - (-3)(2*3 - 0*(-3)) + 2(2*5 - 5*(-3)) = -1(15) + 3(6) + 2(10 + 15) = -15 + 18 + 2(25) = -15 + 18 + 50 = 53
det(\begin{bmatrix} 1 & -3 & 2 \\ 4 & 5 & 0 \\ -5 & 5 & 3 \end{bmatrix}) = 1(5*3 - 0*5) - (-3)(4*3 - 0*(-5)) + 2(4*5 - 5*(-5)) = 1(15) + 3(12) + 2(20 + 25) = 15 + 36 + 2(45) = 15 + 36 + 90 = 141
det(\begin{bmatrix} 1 & -1 & 2 \\ 4 & 2 & 0 \\ -5 & -3 & 3 \end{bmatrix}) = 1(2*3 - 0*(-3)) - (-1)(4*3 - 0*(-5)) + 2(4*(-3) - 2*(-5)) = 1(6) + 1(12) + 2(-12 + 10) = 6 + 12 + 2(-2) = 6 + 12 - 4 = 14
det(\begin{bmatrix} 1 & -1 & -3 \\ 4 & 2 & 5 \\ -5 & -3 & 5 \end{bmatrix}) = 1(2*5 - 5*(-3)) - (-1)(4*5 - 5*(-5)) + (-3)(4*(-3) - 2*(-5)) = 1(10 + 15) + 1(20 + 25) - 3(-12 + 10) = 1(25) + 1(45) - 3(-2) = 25 + 45 + 6 = 76

Now, substitute these values back into the expression for det(A):
det(A) = 5 * 53 + 3 * 141 - 4 * 14 - 3 * 76 = 265 + 423 - 56 - 228 = 688 - 284 = 404

Final Answer: The final answer is $\boxed{404}$", 5 & 3 \end{bmatrix}) - ([-]3) * det(\begin{bmatrix},418,AGREED_FIRST(min)
NC_4x4_det_1019,Gemma-3,determinant,4,Product_Sign_Error,det,failure,\det(A) = 357,-,+,1554,"<start_of_turn>user
You are a precise mathematical assistant. Show all computation steps clearly. Always put your final numerical answer inside \boxed{}.

Solve this linear algebra problem. Show your work and give the final answer.

Find the determinant of the 4×4 matrix A.

A = \begin{bmatrix} 1 & 4 & -1 & 5 \\ -1 & -1 & 1 & 3 \\ 5 & -4 & 2 & 2 \\ 5 & 5 & -5 & 2 \end{bmatrix}

<end_of_turn>
<start_of_turn>model

Let A be the given matrix:
A = \begin{bmatrix} 1 & 4 & -1 & 5 \\ -1 & -1 & 1 & 3 \\ 5 & -4 & 2 & 2 \\ 5 & 5 & -5 & 2 \end{bmatrix}

We can compute the determinant of A using cofactor expansion. Let's expand along the first row:
det(A) = 1 * C_{11} + 4 * C_{12} + (-1) * C_{13} + 5 * C_{14}
where C_{ij} is the cofactor of the element in the i-th row and j-th column.

C_{11} = (-1)^{1+1} * det \begin{bmatrix} -1 & 1 & 3 \\ -4 & 2 & 2 \\ 5 & -5 & 2 \end{bmatrix} = 1 * ((-1)(4 - (-10)) - 1(-8 - 10) + 3(20 - 10)) = (-1)(14) - 1(-18) + 3(10) = -14 + 18 + 30 = 34
C_{12} = (-1)^{1+2} * det \begin{bmatrix} -1 & 1 & 3 \\ 5 & 2 & 2 \\ 5 & -5 & 2 \end{bmatrix} = -1 * ((-1)(4 - (-10)) - 1(10 - 10) + 3(-25 - 10)) = -1 * (-14 - 0 + 3(-35)) = -1 * (-14 - 105) = -1 * (-119) = 119
C_{13} = (-1)^{1+3} * det \begin{bmatrix} -1 & -1 & 3 \\ 5 & -4 & 2 \\ 5 & 5 & 2 \end{bmatrix} = 1 * ((-1)(-8 - 10) - (-1)(10 - 10) + 3(25 - (-20))) = (-1)(-18) + 1(0) + 3(45) = 18 + 0 + 135 = 153
C_{14} = (-1)^{1+4} * det \begin{bmatrix} -1 & -1 & 1 \\ 5 & -4 & 2 \\ 5 & 5 & -5 \end{bmatrix} = -1 * ((-1)(20 - 10) - (-1)(-25 - 10) + 1(25 - (-20))) = -1 * (-10 - (-35) + 45) = -1 * (-10 + 35 + 45) = -1 * (70) = -70

det(A) = 1 * 34 + 4 * 119 + (-1) * 153 + 5 * (-70) = 34 + 476 - 153 - 350 = 510 - 503 = 7

Therefore, the determinant of A is 7.

Final Answer: The final answer is $\boxed{7}$","
Let A be the given matrix:
A = \begin{bmatrix} 1 & 4 & -1 & 5 \\ -1 & -1 & 1 & 3 \\ 5 & -4 & 2 & 2 \\ 5 & 5 & -5 & 2 \end{bmatrix}

We can compute the determinant of A using cofactor expansion. Let's expand along the first row:
det(A) = 1 * C_{11} + 4 * C_{12} + (-1) * C_{13} + 5 * C_{14}
where C_{ij} is the cofactor of the element in the i-th row and j-th column.

C_{11} = (-1)^{1+1} * det \begin{bmatrix} -1 & 1 & 3 \\ -4 & 2 & 2 \\ 5 & -5 & 2 \end{bmatrix} = 1 * ((-1)(4 - (-10)) - 1(-8 - 10) + 3(20 - 10)) = (-1)(14) - 1(-18) + 3(10) = -14 + 18 + 30 = 34
C_{12} = (-1)^{1+2} * det \begin{bmatrix} -1 & 1 & 3 \\ 5 & 2 & 2 \\ 5 & -5 & 2 \end{bmatrix} = -1 * ((-1)(4 - (-10)) - 1(10 - 10) + 3(-25 - 10)) = -1 * (-14 - 0 + 3(-35)) = -1 * (-14 - 105) = -1 * (-119) = 119
C_{13} = (-1)^{1+3} * det \begin{bmatrix} -1 & -1 & 3 \\ 5 & -4 & 2 \\ 5 & 5 & 2 \end{bmatrix} = 1 * ((-1)(-8 - 10) - (-1)(10 - 10) + 3(25 - (-20))) = (-1)(-18) + 1(0) + 3(45) = 18 + 0 + 135 = 153
C_{14} = (-1)^{1+4} * det \begin{bmatrix} -1 & -1 & 1 \\ 5 & -4 & 2 \\ 5 & 5 & -5 \end{bmatrix} = -1 * ((-1)(20 - 10) - (-1)(-25 - 10) + 1(25 - (-20))) = -1 * (-10 - (-35) + 45) = -1 * (-10 + 35 + 45) = -1 * (70) = -70

det(A) = 1 * 34 + 4 * 119 + (-1) * 153 + 5 * (-70) = 34 + 476 - 153 - 350 = 510 - 503 = 7

Therefore, the determinant of A is 7.

Final Answer: The final answer is $\boxed{7}$",- (-20))) = -1 * (-10 - ([-]35) + 45) = -1 * (-10 + ,416,S1_exact
NC_4x4_det_306,Gemma-3,determinant,4,Alternating_Drift,det,failure,\det(A) = 64,-,+,889,"<start_of_turn>user
You are a precise mathematical assistant. Show all computation steps clearly. Always put your final numerical answer inside \boxed{}.

Solve this linear algebra problem. Show your work and give the final answer.

Find the determinant of the 4×4 matrix A.

A = \begin{bmatrix} -3 & 3 & 4 & -5 \\ -3 & 2 & 3 & -4 \\ -1 & 1 & -1 & 1 \\ 3 & 4 & -5 & -2 \end{bmatrix}

<end_of_turn>
<start_of_turn>model
Let A be the given matrix:
A = \begin{bmatrix} -3 & 3 & 4 & -5 \\ -3 & 2 & 3 & -4 \\ -1 & 1 & -1 & 1 \\ 3 & 4 & -5 & -2 \end{bmatrix}

We can compute the determinant of A using cofactor expansion along the first row:
det(A) = -3 * det(\begin{bmatrix} 2 & 3 & -4 \\ 1 & -1 & 1 \\ 4 & -5 & -2 \end{bmatrix}) - 3 * det(\begin{bmatrix} -3 & 3 & -4 \\ -1 & -1 & 1 \\ 3 & -5 & -2 \end{bmatrix}) + 4 * det(\begin{bmatrix} -3 & 2 & -4 \\ -1 & 1 & 1 \\ 3 & 4 & -2 \end{bmatrix}) - 5 * det(\begin{bmatrix} -3 & 2 & 3 \\ -1 & 1 & -1 \\ 3 & 4 & -5 \end{bmatrix})

Let's compute the determinants of the 3x3 matrices:
det(\begin{bmatrix} 2 & 3 & -4 \\ 1 & -1 & 1 \\ 4 & -5 & -2 \end{bmatrix}) = 2 * ((-1)*(-2) - 1*(-5)) - 3 * (1*(-2) - 1*4) + (-4) * (1*(-5) - (-1)*4)
= 2 * (2 + 5) - 3 * (-2 - 4) - 4 * (-5 + 4)
= 2 * 7 - 3 * (-6) - 4 * (-1)
= 14 + 18 + 4 = 36

det(\begin{bmatrix} -3 & 3 & -4 \\ -1 & -1 & 1 \\ 3 & -5 & -2 \end{bmatrix}) = -3 * ((-1)*(-2) - 1*(-5)) - 3 * ((-1)*(-2) - 1*3) + (-4) * ((-1)*(-5) - (-1)*3)
= -3 * (2 + 5) - 3 * (2 - 3) - 4 * (5 + 3)
= -3 * 7 - 3 * (-1) - 4 * 8
= -21 + 3 - 32 = -50

det(\begin{bmatrix} -3 & 2 & -4 \\ -1 & 1 & 1 \\ 3 & 4 & -2 \end{bmatrix}) = -3 * (1*(-2) - 1*4) - 2 * ((-1)*(-2) - 1*3) + (-4) * ((-1)*4 - 1*3)
= -3 * (-2 - 4) - 2 * (2 - 3) - 4 * (-4 - 3)
= -3 * (-6) - 2 * (-1) - 4 * (-7)
= 18 + 2 + 28 = 48

det(\begin{bmatrix} -3 & 2 & 3 \\ -1 & 1 & -1 \\ 3 & 4 & -5 \end{bmatrix}) = -3 * (1*(-5) - (-1)*4) - 2 * ((-1)*(-5) - (-1)*3) + 3 * ((-1)*4 - 1*3)
= -3 * (-5 + 4) - 2 * (5 + 3) + 3 * (-4 - 3)
= -3 * (-1) - 2 * 8 + 3 * (-7)
= 3 - 16 - 21 = -34

Now, substitute these values back into the expression for det(A):
det(A) = -3 * 36 - 3 * (-50) + 4 * 48 - 5 * (-34)
= -108 + 150 + 192 + 170
= -108 + 150 + 192 + 170 = 404

Final Answer: The final answer is $\boxed{404}$","Let A be the given matrix:
A = \begin{bmatrix} -3 & 3 & 4 & -5 \\ -3 & 2 & 3 & -4 \\ -1 & 1 & -1 & 1 \\ 3 & 4 & -5 & -2 \end{bmatrix}

We can compute the determinant of A using cofactor expansion along the first row:
det(A) = -3 * det(\begin{bmatrix} 2 & 3 & -4 \\ 1 & -1 & 1 \\ 4 & -5 & -2 \end{bmatrix}) - 3 * det(\begin{bmatrix} -3 & 3 & -4 \\ -1 & -1 & 1 \\ 3 & -5 & -2 \end{bmatrix}) + 4 * det(\begin{bmatrix} -3 & 2 & -4 \\ -1 & 1 & 1 \\ 3 & 4 & -2 \end{bmatrix}) - 5 * det(\begin{bmatrix} -3 & 2 & 3 \\ -1 & 1 & -1 \\ 3 & 4 & -5 \end{bmatrix})

Let's compute the determinants of the 3x3 matrices:
det(\begin{bmatrix} 2 & 3 & -4 \\ 1 & -1 & 1 \\ 4 & -5 & -2 \end{bmatrix}) = 2 * ((-1)*(-2) - 1*(-5)) - 3 * (1*(-2) - 1*4) + (-4) * (1*(-5) - (-1)*4)
= 2 * (2 + 5) - 3 * (-2 - 4) - 4 * (-5 + 4)
= 2 * 7 - 3 * (-6) - 4 * (-1)
= 14 + 18 + 4 = 36

det(\begin{bmatrix} -3 & 3 & -4 \\ -1 & -1 & 1 \\ 3 & -5 & -2 \end{bmatrix}) = -3 * ((-1)*(-2) - 1*(-5)) - 3 * ((-1)*(-2) - 1*3) + (-4) * ((-1)*(-5) - (-1)*3)
= -3 * (2 + 5) - 3 * (2 - 3) - 4 * (5 + 3)
= -3 * 7 - 3 * (-1) - 4 * 8
= -21 + 3 - 32 = -50

det(\begin{bmatrix} -3 & 2 & -4 \\ -1 & 1 & 1 \\ 3 & 4 & -2 \end{bmatrix}) = -3 * (1*(-2) - 1*4) - 2 * ((-1)*(-2) - 1*3) + (-4) * ((-1)*4 - 1*3)
= -3 * (-2 - 4) - 2 * (2 - 3) - 4 * (-4 - 3)
= -3 * (-6) - 2 * (-1) - 4 * (-7)
= 18 + 2 + 28 = 48

det(\begin{bmatrix} -3 & 2 & 3 \\ -1 & 1 & -1 \\ 3 & 4 & -5 \end{bmatrix}) = -3 * (1*(-5) - (-1)*4) - 2 * ((-1)*(-5) - (-1)*3) + 3 * ((-1)*4 - 1*3)
= -3 * (-5 + 4) - 2 * (5 + 3) + 3 * (-4 - 3)
= -3 * (-1) - 2 * 8 + 3 * (-7)
= 3 - 16 - 21 = -34

Now, substitute these values back into the expression for det(A):
det(A) = -3 * 36 - 3 * (-50) + 4 * 48 - 5 * (-34)
= -108 + 150 + 192 + 170
= -108 + 150 + 192 + 170 = 404

Final Answer: The final answer is $\boxed{404}$", & 4 & -2 \end{bmatrix}) [-] 5 * det(\begin{bmatrix},419,AGREED_FIRST(min)
NC2_4x4_det_0953,Gemma-3,determinant,4,Product_Sign_Error,det,failure,\det(A) = -372,+,-,2023,"<start_of_turn>user
You are a precise mathematical assistant. Show all computation steps clearly. Always put your final numerical answer inside \boxed{}.

Solve this linear algebra problem. Show your work and give the final answer.

Find the determinant of the 4×4 matrix A.

A = \begin{bmatrix} 3 & -5 & 2 & 3 \\ -1 & -2 & 2 & -3 \\ 3 & 1 & 5 & 1 \\ -2 & 1 & 5 & -2 \end{bmatrix}

<end_of_turn>
<start_of_turn>model

Let A be the given matrix:
A = \begin{bmatrix} 3 & -5 & 2 & 3 \\ -1 & -2 & 2 & -3 \\ 3 & 1 & 5 & 1 \\ -2 & 1 & 5 & -2 \end{bmatrix}

We can compute the determinant of A using cofactor expansion along the first row:
det(A) = 3 * det(\begin{bmatrix} -2 & 2 & -3 \\ 1 & 5 & 1 \\ 1 & 5 & -2 \end{bmatrix}) - (-5) * det(\begin{bmatrix} -1 & 2 & -3 \\ 3 & 5 & 1 \\ -2 & 5 & -2 \end{bmatrix}) + 2 * det(\begin{bmatrix} -1 & -2 & -3 \\ 3 & 1 & 1 \\ -2 & 1 & -2 \end{bmatrix}) - 3 * det(\begin{bmatrix} -1 & -2 & 2 \\ 3 & 1 & 5 \\ -2 & 1 & 5 \end{bmatrix})

Let's compute the determinants of the 3x3 matrices:
det(\begin{bmatrix} -2 & 2 & -3 \\ 1 & 5 & 1 \\ 1 & 5 & -2 \end{bmatrix}) = -2(5*(-2) - 1*5) - 2(1*(-2) - 1*1) + (-3)(1*5 - 5*1) = -2(-10 - 5) - 2(-2 - 1) - 3(5 - 5) = -2(-15) - 2(-3) - 3(0) = 30 + 6 + 0 = 36

det(\begin{bmatrix} -1 & 2 & -3 \\ 3 & 5 & 1 \\ -2 & 5 & -2 \end{bmatrix}) = -1(5*(-2) - 1*5) - 2(3*(-2) - 1*(-2)) + (-3)(3*5 - 5*(-2)) = -1(-10 - 5) - 2(-6 + 2) - 3(15 + 10) = -1(-15) - 2(-4) - 3(25) = 15 + 8 - 75 = 23 - 75 = -52

det(\begin{bmatrix} -1 & -2 & -3 \\ 3 & 1 & 1 \\ -2 & 1 & -2 \end{bmatrix}) = -1(1*(-2) - 1*1) - (-2)(3*(-2) - 1*(-2)) + (-3)(3*1 - 1*(-2)) = -1(-2 - 1) + 2(-6 + 2) - 3(3 + 2) = -1(-3) + 2(-4) - 3(5) = 3 - 8 - 15 = -5 - 15 = -20

det(\begin{bmatrix} -1 & -2 & 2 \\ 3 & 1 & 5 \\ -2 & 1 & 5 \end{bmatrix}) = -1(1*5 - 5*1) - (-2)(3*5 - 5*(-2)) + 2(3*1 - 1*(-2)) = -1(5 - 5) + 2(15 + 10) + 2(3 + 2) = -1(0) + 2(25) + 2(5) = 0 + 50 + 10 = 60

Now, substitute these values back into the expression for det(A):
det(A) = 3 * 36 - (-5) * (-52) + 2 * (-20) - 3 * 60 = 108 + 260 - 40 - 180 = 368 - 220 = 148

Final Answer: The final answer is $\boxed{148}$","
Let A be the given matrix:
A = \begin{bmatrix} 3 & -5 & 2 & 3 \\ -1 & -2 & 2 & -3 \\ 3 & 1 & 5 & 1 \\ -2 & 1 & 5 & -2 \end{bmatrix}

We can compute the determinant of A using cofactor expansion along the first row:
det(A) = 3 * det(\begin{bmatrix} -2 & 2 & -3 \\ 1 & 5 & 1 \\ 1 & 5 & -2 \end{bmatrix}) - (-5) * det(\begin{bmatrix} -1 & 2 & -3 \\ 3 & 5 & 1 \\ -2 & 5 & -2 \end{bmatrix}) + 2 * det(\begin{bmatrix} -1 & -2 & -3 \\ 3 & 1 & 1 \\ -2 & 1 & -2 \end{bmatrix}) - 3 * det(\begin{bmatrix} -1 & -2 & 2 \\ 3 & 1 & 5 \\ -2 & 1 & 5 \end{bmatrix})

Let's compute the determinants of the 3x3 matrices:
det(\begin{bmatrix} -2 & 2 & -3 \\ 1 & 5 & 1 \\ 1 & 5 & -2 \end{bmatrix}) = -2(5*(-2) - 1*5) - 2(1*(-2) - 1*1) + (-3)(1*5 - 5*1) = -2(-10 - 5) - 2(-2 - 1) - 3(5 - 5) = -2(-15) - 2(-3) - 3(0) = 30 + 6 + 0 = 36

det(\begin{bmatrix} -1 & 2 & -3 \\ 3 & 5 & 1 \\ -2 & 5 & -2 \end{bmatrix}) = -1(5*(-2) - 1*5) - 2(3*(-2) - 1*(-2)) + (-3)(3*5 - 5*(-2)) = -1(-10 - 5) - 2(-6 + 2) - 3(15 + 10) = -1(-15) - 2(-4) - 3(25) = 15 + 8 - 75 = 23 - 75 = -52

det(\begin{bmatrix} -1 & -2 & -3 \\ 3 & 1 & 1 \\ -2 & 1 & -2 \end{bmatrix}) = -1(1*(-2) - 1*1) - (-2)(3*(-2) - 1*(-2)) + (-3)(3*1 - 1*(-2)) = -1(-2 - 1) + 2(-6 + 2) - 3(3 + 2) = -1(-3) + 2(-4) - 3(5) = 3 - 8 - 15 = -5 - 15 = -20

det(\begin{bmatrix} -1 & -2 & 2 \\ 3 & 1 & 5 \\ -2 & 1 & 5 \end{bmatrix}) = -1(1*5 - 5*1) - (-2)(3*5 - 5*(-2)) + 2(3*1 - 1*(-2)) = -1(5 - 5) + 2(15 + 10) + 2(3 + 2) = -1(0) + 2(25) + 2(5) = 0 + 50 + 10 = 60

Now, substitute these values back into the expression for det(A):
det(A) = 3 * 36 - (-5) * (-52) + 2 * (-20) - 3 * 60 = 108 + 260 - 40 - 180 = 368 - 220 = 148

Final Answer: The final answer is $\boxed{148}$",2 * (-20) - 3 * 60 = 108 [+] 260 - 40 - 180 = 368 - ,417,S1_exact
NC_4x4_det_695,Gemma-3,determinant,4,Product_Sign_Error,det,failure,\det(A) = -64,+,-,1835,"<start_of_turn>user
You are a precise mathematical assistant. Show all computation steps clearly. Always put your final numerical answer inside \boxed{}.

Solve this linear algebra problem. Show your work and give the final answer.

Find the determinant of the 4×4 matrix A.

A = \begin{bmatrix} -2 & 0 & -3 & -4 \\ 1 & 4 & -4 & 4 \\ -1 & -4 & 3 & -3 \\ 1 & -4 & -2 & 1 \end{bmatrix}

<end_of_turn>
<start_of_turn>model

Let A be the given matrix:
A = \begin{bmatrix} -2 & 0 & -3 & -4 \\ 1 & 4 & -4 & 4 \\ -1 & -4 & 3 & -3 \\ 1 & -4 & -2 & 1 \end{bmatrix}

We can compute the determinant of A by cofactor expansion along the first row:
det(A) = -2 * det(\begin{bmatrix} 4 & -4 & 4 \\ -4 & 3 & -3 \\ -4 & -2 & 1 \end{bmatrix}) - 0 * det(\begin{bmatrix} 1 & -4 & 4 \\ -1 & 3 & -3 \\ 1 & -2 & 1 \end{bmatrix}) + (-3) * det(\begin{bmatrix} 1 & 4 & 4 \\ -1 & -4 & -3 \\ 1 & -4 & 1 \end{bmatrix}) - (-4) * det(\begin{bmatrix} 1 & 4 & -4 \\ -1 & -4 & 3 \\ 1 & -4 & -2 \end{bmatrix})

First, let's compute the 3x3 determinants:
det(\begin{bmatrix} 4 & -4 & 4 \\ -4 & 3 & -3 \\ -4 & -2 & 1 \end{bmatrix}) = 4(3*1 - (-3)*(-2)) - (-4)((-4)*1 - (-3)*(-4)) + 4((-4)*(-2) - 3*(-4))
= 4(3 - 6) + 4(-4 - 12) + 4(8 + 12)
= 4(-3) + 4(-16) + 4(20)
= -12 - 64 + 80
= 4

det(\begin{bmatrix} 1 & 4 & 4 \\ -1 & -4 & -3 \\ 1 & -4 & 1 \end{bmatrix}) = 1((-4)*1 - (-3)*(-4)) - 4((-1)*1 - (-3)*1) + 4((-1)*(-4) - (-4)*1)
= 1(-4 - 12) - 4(-1 + 3) + 4(4 + 4)
= 1(-16) - 4(2) + 4(8)
= -16 - 8 + 32
= 8

det(\begin{bmatrix} 1 & 4 & -4 \\ -1 & -4 & 3 \\ 1 & -4 & -2 \end{bmatrix}) = 1((-4)*(-2) - 3*(-4)) - 4((-1)*(-2) - 3*1) + (-4)((-1)*(-4) - (-4)*1)
= 1(8 + 12) - 4(2 - 3) - 4(4 + 4)
= 1(20) - 4(-1) - 4(8)
= 20 + 4 - 32
= -8

Now, substitute these values back into the expression for det(A):
det(A) = -2 * (4) - 0 * (...) + (-3) * (8) - (-4) * (-8)
= -8 - 0 - 24 + 32
= -32 + 32
= 0

Final Answer: The final answer is $\boxed{0}$","
Let A be the given matrix:
A = \begin{bmatrix} -2 & 0 & -3 & -4 \\ 1 & 4 & -4 & 4 \\ -1 & -4 & 3 & -3 \\ 1 & -4 & -2 & 1 \end{bmatrix}

We can compute the determinant of A by cofactor expansion along the first row:
det(A) = -2 * det(\begin{bmatrix} 4 & -4 & 4 \\ -4 & 3 & -3 \\ -4 & -2 & 1 \end{bmatrix}) - 0 * det(\begin{bmatrix} 1 & -4 & 4 \\ -1 & 3 & -3 \\ 1 & -2 & 1 \end{bmatrix}) + (-3) * det(\begin{bmatrix} 1 & 4 & 4 \\ -1 & -4 & -3 \\ 1 & -4 & 1 \end{bmatrix}) - (-4) * det(\begin{bmatrix} 1 & 4 & -4 \\ -1 & -4 & 3 \\ 1 & -4 & -2 \end{bmatrix})

First, let's compute the 3x3 determinants:
det(\begin{bmatrix} 4 & -4 & 4 \\ -4 & 3 & -3 \\ -4 & -2 & 1 \end{bmatrix}) = 4(3*1 - (-3)*(-2)) - (-4)((-4)*1 - (-3)*(-4)) + 4((-4)*(-2) - 3*(-4))
= 4(3 - 6) + 4(-4 - 12) + 4(8 + 12)
= 4(-3) + 4(-16) + 4(20)
= -12 - 64 + 80
= 4

det(\begin{bmatrix} 1 & 4 & 4 \\ -1 & -4 & -3 \\ 1 & -4 & 1 \end{bmatrix}) = 1((-4)*1 - (-3)*(-4)) - 4((-1)*1 - (-3)*1) + 4((-1)*(-4) - (-4)*1)
= 1(-4 - 12) - 4(-1 + 3) + 4(4 + 4)
= 1(-16) - 4(2) + 4(8)
= -16 - 8 + 32
= 8

det(\begin{bmatrix} 1 & 4 & -4 \\ -1 & -4 & 3 \\ 1 & -4 & -2 \end{bmatrix}) = 1((-4)*(-2) - 3*(-4)) - 4((-1)*(-2) - 3*1) + (-4)((-1)*(-4) - (-4)*1)
= 1(8 + 12) - 4(2 - 3) - 4(4 + 4)
= 1(20) - 4(-1) - 4(8)
= 20 + 4 - 32
= -8

Now, substitute these values back into the expression for det(A):
det(A) = -2 * (4) - 0 * (...) + (-3) * (8) - (-4) * (-8)
= -8 - 0 - 24 + 32
= -32 + 32
= 0

Final Answer: The final answer is $\boxed{0}$","-4) * (-8)
= -8 - 0 - 24 [+] 32
= -32 + 32
= 0

Fina",420,S1_exact
NC2_4x4_det_0782,Gemma-3,determinant,4,Parity_Sign_Error,det,failure,\det(A) = -128,-,+,645,"<start_of_turn>user
You are a precise mathematical assistant. Show all computation steps clearly. Always put your final numerical answer inside \boxed{}.

Solve this linear algebra problem. Show your work and give the final answer.

Find the determinant of the 4×4 matrix A.

A = \begin{bmatrix} -3 & 4 & 5 & 1 \\ 4 & 4 & -2 & 4 \\ 5 & 0 & -5 & 1 \\ 1 & 0 & 3 & 3 \end{bmatrix}

<end_of_turn>
<start_of_turn>model
Let A be the given matrix:
$$ A = \begin{bmatrix} -3 & 4 & 5 & 1 \\ 4 & 4 & -2 & 4 \\ 5 & 0 & -5 & 1 \\ 1 & 0 & 3 & 3 \end{bmatrix} $$
We can compute the determinant of A by cofactor expansion along the second column.
$$ \det(A) = -4 \cdot C_{12} + 4 \cdot C_{22} + 0 \cdot C_{32} + 0 \cdot C_{42} $$
where $C_{ij}$ is the cofactor of the element in the $i$-th row and $j$-th column.
$$ C_{12} = (-1)^{1+2} \det \begin{bmatrix} 4 & -2 & 4 \\ 5 & -5 & 1 \\ 1 & 3 & 3 \end{bmatrix} = - \det \begin{bmatrix} 4 & -2 & 4 \\ 5 & -5 & 1 \\ 1 & 3 & 3 \end{bmatrix} $$
$$ \det \begin{bmatrix} 4 & -2 & 4 \\ 5 & -5 & 1 \\ 1 & 3 & 3 \end{bmatrix} = 4 \begin{vmatrix} -5 & 1 \\ 3 & 3 \end{vmatrix} - (-2) \begin{vmatrix} 5 & 1 \\ 1 & 3 \end{vmatrix} + 4 \begin{vmatrix} 5 & -5 \\ 1 & 3 \end{vmatrix} $$
$$ = 4((-5)(3) - (1)(3)) + 2((5)(3) - (1)(1)) + 4((5)(3) - (-5)(1)) $$
$$ = 4(-15 - 3) + 2(15 - 1) + 4(15 + 5) = 4(-18) + 2(14) + 4(20) = -72 + 28 + 80 = 36 $$
So, $C_{12} = -36$.
$$ C_{22} = (-1)^{2+2} \det \begin{bmatrix} -3 & 5 & 1 \\ 5 & -5 & 1 \\ 1 & 3 & 3 \end{bmatrix} = \det \begin{bmatrix} -3 & 5 & 1 \\ 5 & -5 & 1 \\ 1 & 3 & 3 \end{bmatrix} $$
$$ \det \begin{bmatrix} -3 & 5 & 1 \\ 5 & -5 & 1 \\ 1 & 3 & 3 \end{bmatrix} = -3 \begin{vmatrix} -5 & 1 \\ 3 & 3 \end{vmatrix} - 5 \begin{vmatrix} 5 & 1 \\ 1 & 3 \end{vmatrix} + 1 \begin{vmatrix} 5 & -5 \\ 1 & 3 \end{vmatrix} $$
$$ = -3((-5)(3) - (1)(3)) - 5((5)(3) - (1)(1)) + ((5)(3) - (-5)(1)) $$
$$ = -3(-15 - 3) - 5(15 - 1) + (15 + 5) = -3(-18) - 5(14) + 20 = 54 - 70 + 20 = 4 $$
So, $C_{22} = 4$.
Now, we can compute the determinant of A:
$$ \det(A) = -4 \cdot C_{12} + 4 \cdot C_{22} = -4(-36) + 4(4) = 144 + 16 = 160 $$

Final Answer: The final answer is $\boxed{160}$","Let A be the given matrix:
$$ A = \begin{bmatrix} -3 & 4 & 5 & 1 \\ 4 & 4 & -2 & 4 \\ 5 & 0 & -5 & 1 \\ 1 & 0 & 3 & 3 \end{bmatrix} $$
We can compute the determinant of A by cofactor expansion along the second column.
$$ \det(A) = -4 \cdot C_{12} + 4 \cdot C_{22} + 0 \cdot C_{32} + 0 \cdot C_{42} $$
where $C_{ij}$ is the cofactor of the element in the $i$-th row and $j$-th column.
$$ C_{12} = (-1)^{1+2} \det \begin{bmatrix} 4 & -2 & 4 \\ 5 & -5 & 1 \\ 1 & 3 & 3 \end{bmatrix} = - \det \begin{bmatrix} 4 & -2 & 4 \\ 5 & -5 & 1 \\ 1 & 3 & 3 \end{bmatrix} $$
$$ \det \begin{bmatrix} 4 & -2 & 4 \\ 5 & -5 & 1 \\ 1 & 3 & 3 \end{bmatrix} = 4 \begin{vmatrix} -5 & 1 \\ 3 & 3 \end{vmatrix} - (-2) \begin{vmatrix} 5 & 1 \\ 1 & 3 \end{vmatrix} + 4 \begin{vmatrix} 5 & -5 \\ 1 & 3 \end{vmatrix} $$
$$ = 4((-5)(3) - (1)(3)) + 2((5)(3) - (1)(1)) + 4((5)(3) - (-5)(1)) $$
$$ = 4(-15 - 3) + 2(15 - 1) + 4(15 + 5) = 4(-18) + 2(14) + 4(20) = -72 + 28 + 80 = 36 $$
So, $C_{12} = -36$.
$$ C_{22} = (-1)^{2+2} \det \begin{bmatrix} -3 & 5 & 1 \\ 5 & -5 & 1 \\ 1 & 3 & 3 \end{bmatrix} = \det \begin{bmatrix} -3 & 5 & 1 \\ 5 & -5 & 1 \\ 1 & 3 & 3 \end{bmatrix} $$
$$ \det \begin{bmatrix} -3 & 5 & 1 \\ 5 & -5 & 1 \\ 1 & 3 & 3 \end{bmatrix} = -3 \begin{vmatrix} -5 & 1 \\ 3 & 3 \end{vmatrix} - 5 \begin{vmatrix} 5 & 1 \\ 1 & 3 \end{vmatrix} + 1 \begin{vmatrix} 5 & -5 \\ 1 & 3 \end{vmatrix} $$
$$ = -3((-5)(3) - (1)(3)) - 5((5)(3) - (1)(1)) + ((5)(3) - (-5)(1)) $$
$$ = -3(-15 - 3) - 5(15 - 1) + (15 + 5) = -3(-18) - 5(14) + 20 = 54 - 70 + 20 = 4 $$
So, $C_{22} = 4$.
Now, we can compute the determinant of A:
$$ \det(A) = -4 \cdot C_{12} + 4 \cdot C_{22} = -4(-36) + 4(4) = 144 + 16 = 160 $$

Final Answer: The final answer is $\boxed{160}$","ond column.
$$ \det(A) = [-]4 \cdot C_{12} + 4 \cdot",414,S1_exact
NC2_4x4_det_1225,Gemma-3,determinant,4,Product_Sign_Error,det,failure,\det(A) = -324,+,-,1846,"<start_of_turn>user
You are a precise mathematical assistant. Show all computation steps clearly. Always put your final numerical answer inside \boxed{}.

Solve this linear algebra problem. Show your work and give the final answer.

Find the determinant of the 4×4 matrix A.

A = \begin{bmatrix} 2 & -3 & -4 & 0 \\ -2 & 3 & 4 & -4 \\ -1 & -3 & 2 & 5 \\ -3 & 1 & -3 & -3 \end{bmatrix}

<end_of_turn>
<start_of_turn>model

Let A be the given matrix:
A = \begin{bmatrix} 2 & -3 & -4 & 0 \\ -2 & 3 & 4 & -4 \\ -1 & -3 & 2 & 5 \\ -3 & 1 & -3 & -3 \end{bmatrix}

We can compute the determinant of A using cofactor expansion along the first row:
det(A) = 2 * det(\begin{bmatrix} 3 & 4 & -4 \\ -3 & 2 & 5 \\ 1 & -3 & -3 \end{bmatrix}) - (-3) * det(\begin{bmatrix} -2 & 4 & -4 \\ -1 & 2 & 5 \\ -3 & -3 & -3 \end{bmatrix}) + (-4) * det(\begin{bmatrix} -2 & 3 & -4 \\ -1 & -3 & 5 \\ -3 & 1 & -3 \end{bmatrix}) - 0 * det(\begin{bmatrix} -2 & 3 & 4 \\ -1 & -3 & 2 \\ -3 & 1 & -3 \end{bmatrix})

Let's compute the determinants of the 3x3 matrices:
det(\begin{bmatrix} 3 & 4 & -4 \\ -3 & 2 & 5 \\ 1 & -3 & -3 \end{bmatrix}) = 3(2*(-3) - 5*(-3)) - 4((-3)*(-3) - 5*1) + (-4)((-3)*(-3) - 2*1)
= 3(-6 + 15) - 4(9 - 5) - 4(9 - 2)
= 3(9) - 4(4) - 4(7)
= 27 - 16 - 28
= -17

det(\begin{bmatrix} -2 & 4 & -4 \\ -1 & 2 & 5 \\ -3 & -3 & -3 \end{bmatrix}) = -2(2*(-3) - 5*(-3)) - 4((-1)*(-3) - 5*(-3)) + (-4)((-1)*(-3) - 2*(-3))
= -2(-6 + 15) - 4(3 + 15) - 4(3 + 6)
= -2(9) - 4(18) - 4(9)
= -18 - 72 - 36
= -126

det(\begin{bmatrix} -2 & 3 & -4 \\ -1 & -3 & 5 \\ -3 & 1 & -3 \end{bmatrix}) = -2((-3)*(-3) - 5*1) - 3((-1)*(-3) - 5*(-3)) + (-4)((-1)*1 - (-3)*(-3))
= -2(9 - 5) - 3(3 + 15) - 4(-1 - 9)
= -2(4) - 3(18) - 4(-10)
= -8 - 54 + 40
= -22

Now, substitute these values back into the expression for det(A):
det(A) = 2 * (-17) - (-3) * (-126) + (-4) * (-22) - 0
= -34 + 378 - 88
= 378 - 122
= 256

Final Answer: The final answer is $\boxed{256}$","
Let A be the given matrix:
A = \begin{bmatrix} 2 & -3 & -4 & 0 \\ -2 & 3 & 4 & -4 \\ -1 & -3 & 2 & 5 \\ -3 & 1 & -3 & -3 \end{bmatrix}

We can compute the determinant of A using cofactor expansion along the first row:
det(A) = 2 * det(\begin{bmatrix} 3 & 4 & -4 \\ -3 & 2 & 5 \\ 1 & -3 & -3 \end{bmatrix}) - (-3) * det(\begin{bmatrix} -2 & 4 & -4 \\ -1 & 2 & 5 \\ -3 & -3 & -3 \end{bmatrix}) + (-4) * det(\begin{bmatrix} -2 & 3 & -4 \\ -1 & -3 & 5 \\ -3 & 1 & -3 \end{bmatrix}) - 0 * det(\begin{bmatrix} -2 & 3 & 4 \\ -1 & -3 & 2 \\ -3 & 1 & -3 \end{bmatrix})

Let's compute the determinants of the 3x3 matrices:
det(\begin{bmatrix} 3 & 4 & -4 \\ -3 & 2 & 5 \\ 1 & -3 & -3 \end{bmatrix}) = 3(2*(-3) - 5*(-3)) - 4((-3)*(-3) - 5*1) + (-4)((-3)*(-3) - 2*1)
= 3(-6 + 15) - 4(9 - 5) - 4(9 - 2)
= 3(9) - 4(4) - 4(7)
= 27 - 16 - 28
= -17

det(\begin{bmatrix} -2 & 4 & -4 \\ -1 & 2 & 5 \\ -3 & -3 & -3 \end{bmatrix}) = -2(2*(-3) - 5*(-3)) - 4((-1)*(-3) - 5*(-3)) + (-4)((-1)*(-3) - 2*(-3))
= -2(-6 + 15) - 4(3 + 15) - 4(3 + 6)
= -2(9) - 4(18) - 4(9)
= -18 - 72 - 36
= -126

det(\begin{bmatrix} -2 & 3 & -4 \\ -1 & -3 & 5 \\ -3 & 1 & -3 \end{bmatrix}) = -2((-3)*(-3) - 5*1) - 3((-1)*(-3) - 5*(-3)) + (-4)((-1)*1 - (-3)*(-3))
= -2(9 - 5) - 3(3 + 15) - 4(-1 - 9)
= -2(4) - 3(18) - 4(-10)
= -8 - 54 + 40
= -22

Now, substitute these values back into the expression for det(A):
det(A) = 2 * (-17) - (-3) * (-126) + (-4) * (-22) - 0
= -34 + 378 - 88
= 378 - 122
= 256

Final Answer: The final answer is $\boxed{256}$","+ (-4) * (-22) - 0
= -34 [+] 378 - 88
= 378 - 122
= ",420,S1_exact
C_4x4_det_058,Gemma-3,determinant,4,Product_Sign_Error,det,failure,\det(A) = 38,+,-,1857,"<start_of_turn>user
A = \begin{bmatrix} 2 & -4 & 3 & -4 \\ -4 & 2 & -3 & -5 \\ -2 & -2 & 1 & -2 \\ -3 & 1 & -1 & -1 \end{bmatrix}<end_of_turn>
<start_of_turn>model
Let A be the given matrix:
 A = \begin{bmatrix} 2 & -4 & 3 & -4 \\ -4 & 2 & -3 & -5 \\ -2 & -2 & 1 & -2 \\ -3 & 1 & -1 & -1 \end{bmatrix}
 
 We can compute the determinant of A using cofactor expansion along the first row:
 det(A) = 2 * det(\begin{bmatrix} 2 & -3 & -5 \\ -2 & 1 & -2 \\ 1 & -1 & -1 \end{bmatrix}) - (-4) * det(\begin{bmatrix} -4 & -3 & -5 \\ -2 & 1 & -2 \\ -3 & -1 & -1 \end{bmatrix}) + 3 * det(\begin{bmatrix} -4 & 2 & -5 \\ -2 & -2 & -2 \\ -3 & 1 & -1 \end{bmatrix}) - (-4) * det(\begin{bmatrix} -4 & 2 & -3 \\ -2 & -2 & 1 \\ -3 & 1 & -1 \end{bmatrix})
 
 Let's compute the determinants of the 3x3 matrices:
 det(\begin{bmatrix} 2 & -3 & -5 \\ -2 & 1 & -2 \\ 1 & -1 & -1 \end{bmatrix}) = 2(1*(-1) - (-2)*(-1)) - (-3)((-2)*(-1) - (-2)*1) + (-5)((-2)*(-1) - 1*1) = 2(-1 - 2) + 3(2 + 2) - 5(2 - 1) = 2(-3) + 3(4) - 5(1) = -6 + 12 - 5 = 1
 det(\begin{bmatrix} -4 & -3 & -5 \\ -2 & 1 & -2 \\ -3 & -1 & -1 \end{bmatrix}) = -4(1*(-1) - (-2)*(-1)) - (-3)((-2)*(-1) - (-2)*(-3)) + (-5)((-2)*(-1) - 1*(-3)) = -4(-1 - 2) + 3(2 - 6) - 5(2 + 3) = -4(-3) + 3(-4) - 5(5) = 12 - 12 - 25 = -25
 det(\begin{bmatrix} -4 & 2 & -5 \\ -2 & -2 & -2 \\ -3 & 1 & -1 \end{bmatrix}) = -4((-2)*(-1) - (-2)*1) - 2((-2)*(-1) - (-2)*(-3)) + (-5)((-2)*1 - (-2)*(-3)) = -4(2 + 2) - 2(2 - 6) - 5(-2 - 6) = -4(4) - 2(-4) - 5(-8) = -16 + 8 + 40 = 32
 det(\begin{bmatrix} -4 & 2 & -3 \\ -2 & -2 & 1 \\ -3 & 1 & -1 \end{bmatrix}) = -4((-2)*(-1) - 1*1) - 2((-2)*(-1) - 1*(-3)) + (-3)((-2)*1 - (-2)*(-3)) = -4(2 - 1) - 2(2 + 3) - 3(-2 - 6) = -4(1) - 2(5) - 3(-8) = -4 - 10 + 24 = 10
 
 Now, substitute these values back into the expression for det(A):
 det(A) = 2 * (1) - (-4) * (-25) + 3 * (32) - (-4) * (10) = 2 + 100 + 96 + 40 = 238
 
 Final Answer: The final answer is $\boxed{238}$","Let A be the given matrix:
 A = \begin{bmatrix} 2 & -4 & 3 & -4 \\ -4 & 2 & -3 & -5 \\ -2 & -2 & 1 & -2 \\ -3 & 1 & -1 & -1 \end{bmatrix}
 
 We can compute the determinant of A using cofactor expansion along the first row:
 det(A) = 2 * det(\begin{bmatrix} 2 & -3 & -5 \\ -2 & 1 & -2 \\ 1 & -1 & -1 \end{bmatrix}) - (-4) * det(\begin{bmatrix} -4 & -3 & -5 \\ -2 & 1 & -2 \\ -3 & -1 & -1 \end{bmatrix}) + 3 * det(\begin{bmatrix} -4 & 2 & -5 \\ -2 & -2 & -2 \\ -3 & 1 & -1 \end{bmatrix}) - (-4) * det(\begin{bmatrix} -4 & 2 & -3 \\ -2 & -2 & 1 \\ -3 & 1 & -1 \end{bmatrix})
 
 Let's compute the determinants of the 3x3 matrices:
 det(\begin{bmatrix} 2 & -3 & -5 \\ -2 & 1 & -2 \\ 1 & -1 & -1 \end{bmatrix}) = 2(1*(-1) - (-2)*(-1)) - (-3)((-2)*(-1) - (-2)*1) + (-5)((-2)*(-1) - 1*1) = 2(-1 - 2) + 3(2 + 2) - 5(2 - 1) = 2(-3) + 3(4) - 5(1) = -6 + 12 - 5 = 1
 det(\begin{bmatrix} -4 & -3 & -5 \\ -2 & 1 & -2 \\ -3 & -1 & -1 \end{bmatrix}) = -4(1*(-1) - (-2)*(-1)) - (-3)((-2)*(-1) - (-2)*(-3)) + (-5)((-2)*(-1) - 1*(-3)) = -4(-1 - 2) + 3(2 - 6) - 5(2 + 3) = -4(-3) + 3(-4) - 5(5) = 12 - 12 - 25 = -25
 det(\begin{bmatrix} -4 & 2 & -5 \\ -2 & -2 & -2 \\ -3 & 1 & -1 \end{bmatrix}) = -4((-2)*(-1) - (-2)*1) - 2((-2)*(-1) - (-2)*(-3)) + (-5)((-2)*1 - (-2)*(-3)) = -4(2 + 2) - 2(2 - 6) - 5(-2 - 6) = -4(4) - 2(-4) - 5(-8) = -16 + 8 + 40 = 32
 det(\begin{bmatrix} -4 & 2 & -3 \\ -2 & -2 & 1 \\ -3 & 1 & -1 \end{bmatrix}) = -4((-2)*(-1) - 1*1) - 2((-2)*(-1) - 1*(-3)) + (-3)((-2)*1 - (-2)*(-3)) = -4(2 - 1) - 2(2 + 3) - 3(-2 - 6) = -4(1) - 2(5) - 3(-8) = -4 - 10 + 24 = 10
 
 Now, substitute these values back into the expression for det(A):
 det(A) = 2 * (1) - (-4) * (-25) + 3 * (32) - (-4) * (10) = 2 + 100 + 96 + 40 = 238
 
 Final Answer: The final answer is $\boxed{238}$","* (32) - (-4) * (10) = 2 [+] 100 + 96 + 40 = 238
 
 ",164,S1_exact|archive_workshop
C_4x4_det_062,Gemma-3,determinant,4,Double_Negative_Trap,det,failure,\det(A) = 91,-,+,1876,"<start_of_turn>user
A = \begin{bmatrix} -2 & -3 & -3 & -2 \\ -5 & 1 & -2 & 5 \\ 1 & -3 & -1 & -5 \\ -2 & 4 & -3 & 1 \end{bmatrix}<end_of_turn>
<start_of_turn>model
Let A be the given matrix:
 $$ A = \begin{bmatrix} -2 & -3 & -3 & -2 \\ -5 & 1 & -2 & 5 \\ 1 & -3 & -1 & -5 \\ -2 & 4 & -3 & 1 \end{bmatrix} $$
 We can compute the determinant of A using cofactor expansion along the first row:
 $$ \det(A) = -2 \cdot \det \begin{bmatrix} 1 & -2 & 5 \\ -3 & -1 & -5 \\ 4 & -3 & 1 \end{bmatrix} - (-3) \cdot \det \begin{bmatrix} -5 & -2 & 5 \\ 1 & -1 & -5 \\ -2 & -3 & 1 \end{bmatrix} + (-3) \cdot \det \begin{bmatrix} -5 & 1 & 5 \\ 1 & -3 & -5 \\ -2 & 4 & 1 \end{bmatrix} - (-2) \cdot \det \begin{bmatrix} -5 & 1 & -2 \\ 1 & -3 & -1 \\ -2 & 4 & -3 \end{bmatrix} $$
 Let's compute the determinants of the 3x3 matrices:
 $$ \det \begin{bmatrix} 1 & -2 & 5 \\ -3 & -1 & -5 \\ 4 & -3 & 1 \end{bmatrix} = 1((-1)(1) - (-5)(-3)) - (-2)((-3)(1) - (-5)(4)) + 5((-3)(-3) - (-1)(4)) = 1(-1 - 15) + 2(-3 + 20) + 5(9 + 4) = -16 + 2(17) + 5(13) = -16 + 34 + 65 = 83 $$
 $$ \det \begin{bmatrix} -5 & -2 & 5 \\ 1 & -1 & -5 \\ -2 & -3 & 1 \end{bmatrix} = -5((-1)(1) - (-5)(-3)) - (-2)((1)(1) - (-5)(-2)) + 5((1)(-3) - (-1)(-2)) = -5(-1 - 15) + 2(1 - 10) + 5(-3 - 2) = -5(-16) + 2(-9) + 5(-5) = 80 - 18 - 25 = 37 $$
 $$ \det \begin{bmatrix} -5 & 1 & 5 \\ 1 & -3 & -5 \\ -2 & 4 & 1 \end{bmatrix} = -5((-3)(1) - (-5)(4)) - 1((1)(1) - (-5)(-2)) + 5((1)(4) - (-3)(-2)) = -5(-3 + 20) - 1(1 - 10) + 5(4 - 6) = -5(17) - 1(-9) + 5(-2) = -85 + 9 - 10 = -86 $$
 $$ \det \begin{bmatrix} -5 & 1 & -2 \\ 1 & -3 & -1 \\ -2 & 4 & -3 \end{bmatrix} = -5((-3)(-3) - (-1)(4)) - 1((1)(-3) - (-1)(-2)) + (-2)((1)(4) - (-3)(-2)) = -5(9 + 4) - 1(-3 - 2) - 2(4 - 6) = -5(13) - 1(-5) - 2(-2) = -65 + 5 + 4 = -56 $$
 Now, substitute these values back into the expression for $\det(A)$:
 $$ \det(A) = -2(83) + 3(37) - 3(-86) - 2(-56) = -166 + 111 + 258 + 112 = -166 + 111 + 370 = -55 + 370 = 315 $$
 Therefore, the determinant of A is 315.
 
 Final Answer: The final answer is $\boxed{315}$","Let A be the given matrix:
 $$ A = \begin{bmatrix} -2 & -3 & -3 & -2 \\ -5 & 1 & -2 & 5 \\ 1 & -3 & -1 & -5 \\ -2 & 4 & -3 & 1 \end{bmatrix} $$
 We can compute the determinant of A using cofactor expansion along the first row:
 $$ \det(A) = -2 \cdot \det \begin{bmatrix} 1 & -2 & 5 \\ -3 & -1 & -5 \\ 4 & -3 & 1 \end{bmatrix} - (-3) \cdot \det \begin{bmatrix} -5 & -2 & 5 \\ 1 & -1 & -5 \\ -2 & -3 & 1 \end{bmatrix} + (-3) \cdot \det \begin{bmatrix} -5 & 1 & 5 \\ 1 & -3 & -5 \\ -2 & 4 & 1 \end{bmatrix} - (-2) \cdot \det \begin{bmatrix} -5 & 1 & -2 \\ 1 & -3 & -1 \\ -2 & 4 & -3 \end{bmatrix} $$
 Let's compute the determinants of the 3x3 matrices:
 $$ \det \begin{bmatrix} 1 & -2 & 5 \\ -3 & -1 & -5 \\ 4 & -3 & 1 \end{bmatrix} = 1((-1)(1) - (-5)(-3)) - (-2)((-3)(1) - (-5)(4)) + 5((-3)(-3) - (-1)(4)) = 1(-1 - 15) + 2(-3 + 20) + 5(9 + 4) = -16 + 2(17) + 5(13) = -16 + 34 + 65 = 83 $$
 $$ \det \begin{bmatrix} -5 & -2 & 5 \\ 1 & -1 & -5 \\ -2 & -3 & 1 \end{bmatrix} = -5((-1)(1) - (-5)(-3)) - (-2)((1)(1) - (-5)(-2)) + 5((1)(-3) - (-1)(-2)) = -5(-1 - 15) + 2(1 - 10) + 5(-3 - 2) = -5(-16) + 2(-9) + 5(-5) = 80 - 18 - 25 = 37 $$
 $$ \det \begin{bmatrix} -5 & 1 & 5 \\ 1 & -3 & -5 \\ -2 & 4 & 1 \end{bmatrix} = -5((-3)(1) - (-5)(4)) - 1((1)(1) - (-5)(-2)) + 5((1)(4) - (-3)(-2)) = -5(-3 + 20) - 1(1 - 10) + 5(4 - 6) = -5(17) - 1(-9) + 5(-2) = -85 + 9 - 10 = -86 $$
 $$ \det \begin{bmatrix} -5 & 1 & -2 \\ 1 & -3 & -1 \\ -2 & 4 & -3 \end{bmatrix} = -5((-3)(-3) - (-1)(4)) - 1((1)(-3) - (-1)(-2)) + (-2)((1)(4) - (-3)(-2)) = -5(9 + 4) - 1(-3 - 2) - 2(4 - 6) = -5(13) - 1(-5) - 2(-2) = -65 + 5 + 4 = -56 $$
 Now, substitute these values back into the expression for $\det(A)$:
 $$ \det(A) = -2(83) + 3(37) - 3(-86) - 2(-56) = -166 + 111 + 258 + 112 = -166 + 111 + 370 = -55 + 370 = 315 $$
 Therefore, the determinant of A is 315.
 
 Final Answer: The final answer is $\boxed{315}$",-2(83) + 3(37) - 3(-86) [-] 2(-56) = -166 + 111 + 2,164,S1_exact|archive_workshop
C_4x4_det_064,Gemma-3,determinant,4,Product_Sign_Error,det,failure,\det(A) = 56,+,-,2020,"<start_of_turn>user
A = \begin{bmatrix} 3 & -3 & 3 & -1 \\ -2 & 1 & -2 & -5 \\ -4 & -3 & 3 & -1 \\ -2 & 5 & -5 & -1 \end{bmatrix}<end_of_turn>
<start_of_turn>model
Let A be the given matrix:
 A = \begin{bmatrix} 3 & -3 & 3 & -1 \\ -2 & 1 & -2 & -5 \\ -4 & -3 & 3 & -1 \\ -2 & 5 & -5 & -1 \end{bmatrix}
 
 We can compute the determinant of A using cofactor expansion along the first row:
 det(A) = 3 * det(\begin{bmatrix} 1 & -2 & -5 \\ -3 & 3 & -1 \\ 5 & -5 & -1 \end{bmatrix}) - (-3) * det(\begin{bmatrix} -2 & -2 & -5 \\ -4 & 3 & -1 \\ -2 & -5 & -1 \end{bmatrix}) + 3 * det(\begin{bmatrix} -2 & 1 & -5 \\ -4 & -3 & -1 \\ -2 & 5 & -1 \end{bmatrix}) - (-1) * det(\begin{bmatrix} -2 & 1 & -2 \\ -4 & -3 & 3 \\ -2 & 5 & -5 \end{bmatrix})
 
 Let's compute the determinants of the 3x3 matrices:
 det(\begin{bmatrix} 1 & -2 & -5 \\ -3 & 3 & -1 \\ 5 & -5 & -1 \end{bmatrix}) = 1 * (3*(-1) - (-1)*(-5)) - (-2) * ((-3)*(-1) - (-1)*5) + (-5) * ((-3)*(-5) - 3*5)
 = 1 * (-3 - 5) + 2 * (3 + 5) - 5 * (15 - 15)
 = 1 * (-8) + 2 * (8) - 5 * 0
 = -8 + 16 - 0 = 8
 
 det(\begin{bmatrix} -2 & -2 & -5 \\ -4 & 3 & -1 \\ -2 & -5 & -1 \end{bmatrix}) = -2 * (3*(-1) - (-1)*(-5)) - (-2) * ((-4)*(-1) - (-1)*(-2)) + (-5) * ((-4)*(-5) - 3*(-2))
 = -2 * (-3 - 5) + 2 * (4 - 2) - 5 * (20 + 6)
 = -2 * (-8) + 2 * (2) - 5 * (26)
 = 16 + 4 - 130 = 20 - 130 = -110
 
 det(\begin{bmatrix} -2 & 1 & -5 \\ -4 & -3 & -1 \\ -2 & 5 & -1 \end{bmatrix}) = -2 * ((-3)*(-1) - (-1)*5) - 1 * ((-4)*(-1) - (-1)*(-2)) + (-5) * ((-4)*5 - (-3)*(-2))
 = -2 * (3 + 5) - 1 * (4 - 2) - 5 * (-20 - 6)
 = -2 * (8) - 1 * (2) - 5 * (-26)
 = -16 - 2 + 130 = -18 + 130 = 112
 
 det(\begin{bmatrix} -2 & 1 & -2 \\ -4 & -3 & 3 \\ -2 & 5 & -5 \end{bmatrix}) = -2 * ((-3)*(-5) - 3*5) - 1 * ((-4)*(-5) - 3*(-2)) + (-2) * ((-4)*5 - (-3)*(-2))
 = -2 * (15 - 15) - 1 * (20 + 6) - 2 * (-20 - 6)
 = -2 * (0) - 1 * (26) - 2 * (-26)
 = 0 - 26 + 52 = 26
 
 Now, substitute these values back into the expression for det(A):
 det(A) = 3 * (8) - (-3) * (-110) + 3 * (112) - (-1) * (26)
 = 24 + 330 + 336 + 26
 = 24 + 330 + 336 + 26 = 716
 
 Final Answer: The final answer is $\boxed{716}$","Let A be the given matrix:
 A = \begin{bmatrix} 3 & -3 & 3 & -1 \\ -2 & 1 & -2 & -5 \\ -4 & -3 & 3 & -1 \\ -2 & 5 & -5 & -1 \end{bmatrix}
 
 We can compute the determinant of A using cofactor expansion along the first row:
 det(A) = 3 * det(\begin{bmatrix} 1 & -2 & -5 \\ -3 & 3 & -1 \\ 5 & -5 & -1 \end{bmatrix}) - (-3) * det(\begin{bmatrix} -2 & -2 & -5 \\ -4 & 3 & -1 \\ -2 & -5 & -1 \end{bmatrix}) + 3 * det(\begin{bmatrix} -2 & 1 & -5 \\ -4 & -3 & -1 \\ -2 & 5 & -1 \end{bmatrix}) - (-1) * det(\begin{bmatrix} -2 & 1 & -2 \\ -4 & -3 & 3 \\ -2 & 5 & -5 \end{bmatrix})
 
 Let's compute the determinants of the 3x3 matrices:
 det(\begin{bmatrix} 1 & -2 & -5 \\ -3 & 3 & -1 \\ 5 & -5 & -1 \end{bmatrix}) = 1 * (3*(-1) - (-1)*(-5)) - (-2) * ((-3)*(-1) - (-1)*5) + (-5) * ((-3)*(-5) - 3*5)
 = 1 * (-3 - 5) + 2 * (3 + 5) - 5 * (15 - 15)
 = 1 * (-8) + 2 * (8) - 5 * 0
 = -8 + 16 - 0 = 8
 
 det(\begin{bmatrix} -2 & -2 & -5 \\ -4 & 3 & -1 \\ -2 & -5 & -1 \end{bmatrix}) = -2 * (3*(-1) - (-1)*(-5)) - (-2) * ((-4)*(-1) - (-1)*(-2)) + (-5) * ((-4)*(-5) - 3*(-2))
 = -2 * (-3 - 5) + 2 * (4 - 2) - 5 * (20 + 6)
 = -2 * (-8) + 2 * (2) - 5 * (26)
 = 16 + 4 - 130 = 20 - 130 = -110
 
 det(\begin{bmatrix} -2 & 1 & -5 \\ -4 & -3 & -1 \\ -2 & 5 & -1 \end{bmatrix}) = -2 * ((-3)*(-1) - (-1)*5) - 1 * ((-4)*(-1) - (-1)*(-2)) + (-5) * ((-4)*5 - (-3)*(-2))
 = -2 * (3 + 5) - 1 * (4 - 2) - 5 * (-20 - 6)
 = -2 * (8) - 1 * (2) - 5 * (-26)
 = -16 - 2 + 130 = -18 + 130 = 112
 
 det(\begin{bmatrix} -2 & 1 & -2 \\ -4 & -3 & 3 \\ -2 & 5 & -5 \end{bmatrix}) = -2 * ((-3)*(-5) - 3*5) - 1 * ((-4)*(-5) - 3*(-2)) + (-2) * ((-4)*5 - (-3)*(-2))
 = -2 * (15 - 15) - 1 * (20 + 6) - 2 * (-20 - 6)
 = -2 * (0) - 1 * (26) - 2 * (-26)
 = 0 - 26 + 52 = 26
 
 Now, substitute these values back into the expression for det(A):
 det(A) = 3 * (8) - (-3) * (-110) + 3 * (112) - (-1) * (26)
 = 24 + 330 + 336 + 26
 = 24 + 330 + 336 + 26 = 716
 
 Final Answer: The final answer is $\boxed{716}$","112) - (-1) * (26)
 = 24 [+] 330 + 336 + 26
 = 24 + ",164,S3_exact|archive_workshop
C_4x4_det_072,Gemma-3,determinant,4,Rule_Interference,det,failure,\det(A) = 44,-,+,1916,"<start_of_turn>user
A = \begin{bmatrix} -4 & -1 & -5 & -4 \\ -5 & -4 & -2 & 3 \\ 1 & -1 & -1 & -5 \\ -5 & 5 & -5 & 1 \end{bmatrix}<end_of_turn>
<start_of_turn>model
Let A be the given matrix:
 $$ A = \begin{bmatrix} -4 & -1 & -5 & -4 \\ -5 & -4 & -2 & 3 \\ 1 & -1 & -1 & -5 \\ -5 & 5 & -5 & 1 \end{bmatrix} $$
 We can compute the determinant of A using cofactor expansion. Let's expand along the first row:
 $$ \det(A) = -4 \cdot \det \begin{bmatrix} -4 & -2 & 3 \\ -1 & -1 & -5 \\ 5 & -5 & 1 \end{bmatrix} - (-1) \cdot \det \begin{bmatrix} -5 & -2 & 3 \\ 1 & -1 & -5 \\ -5 & -5 & 1 \end{bmatrix} + (-5) \cdot \det \begin{bmatrix} -5 & -4 & 3 \\ 1 & -1 & -5 \\ -5 & 5 & 1 \end{bmatrix} - (-4) \cdot \det \begin{bmatrix} -5 & -4 & -2 \\ 1 & -1 & -1 \\ -5 & 5 & -5 \end{bmatrix} $$
 Now we compute the determinants of the 3x3 matrices:
 $$ \det \begin{bmatrix} -4 & -2 & 3 \\ -1 & -1 & -5 \\ 5 & -5 & 1 \end{bmatrix} = -4((-1)(1) - (-5)(-5)) - (-2)((-1)(1) - (-5)(5)) + 3((-1)(-5) - (-1)(5)) = -4(-1 - 25) + 2(-1 + 25) + 3(5 + 5) = -4(-26) + 2(24) + 3(10) = 104 + 48 + 30 = 182 $$
 $$ \det \begin{bmatrix} -5 & -2 & 3 \\ 1 & -1 & -5 \\ -5 & -5 & 1 \end{bmatrix} = -5((-1)(1) - (-5)(-5)) - (-2)((1)(1) - (-5)(-5)) + 3((1)(-5) - (-1)(-5)) = -5(-1 - 25) + 2(1 - 25) + 3(-5 - 5) = -5(-26) + 2(-24) + 3(-10) = 130 - 48 - 30 = 52 $$
 $$ \det \begin{bmatrix} -5 & -4 & 3 \\ 1 & -1 & -5 \\ -5 & 5 & 1 \end{bmatrix} = -5((-1)(1) - (-5)(5)) - (-4)((1)(1) - (-5)(-5)) + 3((1)(5) - (-1)(-5)) = -5(-1 + 25) + 4(1 - 25) + 3(5 - 5) = -5(24) + 4(-24) + 3(0) = -120 - 96 + 0 = -216 $$
 $$ \det \begin{bmatrix} -5 & -4 & -2 \\ 1 & -1 & -1 \\ -5 & 5 & -5 \end{bmatrix} = -5((-1)(-5) - (-1)(5)) - (-4)((1)(-5) - (-1)(-5)) + (-2)((1)(5) - (-1)(-5)) = -5(5 + 5) + 4(-5 - 5) - 2(5 - 5) = -5(10) + 4(-10) - 2(0) = -50 - 40 - 0 = -90 $$
 Now we plug these values back into the expression for $\det(A)$:
 $$ \det(A) = -4(182) + 1(52) - 5(-216) - 4(-90) = -728 + 52 + 1080 + 360 = -728 + 52 + 1080 + 360 = -676 + 1440 = 764 $$
 Therefore, the determinant of A is 764.
 
 Final Answer: The final answer is $\boxed{764}$","Let A be the given matrix:
 $$ A = \begin{bmatrix} -4 & -1 & -5 & -4 \\ -5 & -4 & -2 & 3 \\ 1 & -1 & -1 & -5 \\ -5 & 5 & -5 & 1 \end{bmatrix} $$
 We can compute the determinant of A using cofactor expansion. Let's expand along the first row:
 $$ \det(A) = -4 \cdot \det \begin{bmatrix} -4 & -2 & 3 \\ -1 & -1 & -5 \\ 5 & -5 & 1 \end{bmatrix} - (-1) \cdot \det \begin{bmatrix} -5 & -2 & 3 \\ 1 & -1 & -5 \\ -5 & -5 & 1 \end{bmatrix} + (-5) \cdot \det \begin{bmatrix} -5 & -4 & 3 \\ 1 & -1 & -5 \\ -5 & 5 & 1 \end{bmatrix} - (-4) \cdot \det \begin{bmatrix} -5 & -4 & -2 \\ 1 & -1 & -1 \\ -5 & 5 & -5 \end{bmatrix} $$
 Now we compute the determinants of the 3x3 matrices:
 $$ \det \begin{bmatrix} -4 & -2 & 3 \\ -1 & -1 & -5 \\ 5 & -5 & 1 \end{bmatrix} = -4((-1)(1) - (-5)(-5)) - (-2)((-1)(1) - (-5)(5)) + 3((-1)(-5) - (-1)(5)) = -4(-1 - 25) + 2(-1 + 25) + 3(5 + 5) = -4(-26) + 2(24) + 3(10) = 104 + 48 + 30 = 182 $$
 $$ \det \begin{bmatrix} -5 & -2 & 3 \\ 1 & -1 & -5 \\ -5 & -5 & 1 \end{bmatrix} = -5((-1)(1) - (-5)(-5)) - (-2)((1)(1) - (-5)(-5)) + 3((1)(-5) - (-1)(-5)) = -5(-1 - 25) + 2(1 - 25) + 3(-5 - 5) = -5(-26) + 2(-24) + 3(-10) = 130 - 48 - 30 = 52 $$
 $$ \det \begin{bmatrix} -5 & -4 & 3 \\ 1 & -1 & -5 \\ -5 & 5 & 1 \end{bmatrix} = -5((-1)(1) - (-5)(5)) - (-4)((1)(1) - (-5)(-5)) + 3((1)(5) - (-1)(-5)) = -5(-1 + 25) + 4(1 - 25) + 3(5 - 5) = -5(24) + 4(-24) + 3(0) = -120 - 96 + 0 = -216 $$
 $$ \det \begin{bmatrix} -5 & -4 & -2 \\ 1 & -1 & -1 \\ -5 & 5 & -5 \end{bmatrix} = -5((-1)(-5) - (-1)(5)) - (-4)((1)(-5) - (-1)(-5)) + (-2)((1)(5) - (-1)(-5)) = -5(5 + 5) + 4(-5 - 5) - 2(5 - 5) = -5(10) + 4(-10) - 2(0) = -50 - 40 - 0 = -90 $$
 Now we plug these values back into the expression for $\det(A)$:
 $$ \det(A) = -4(182) + 1(52) - 5(-216) - 4(-90) = -728 + 52 + 1080 + 360 = -728 + 52 + 1080 + 360 = -676 + 1440 = 764 $$
 Therefore, the determinant of A is 764.
 
 Final Answer: The final answer is $\boxed{764}$",4(182) + 1(52) - 5(-216) [-] 4(-90) = -728 + 52 + 10,165,S1_exact|archive_workshop
C_4x4_det_073,Gemma-3,determinant,4,Product_Sign_Error,det,failure,\det(A) = -68,+,-,1952,"<start_of_turn>user
A = \begin{bmatrix} -4 & -5 & 1 & -5 \\ -3 & -1 & -4 & -2 \\ -1 & -2 & 3 & -2 \\ -5 & 2 & -1 & 1 \end{bmatrix}<end_of_turn>
<start_of_turn>model
Let A be the given matrix:
 A = \begin{bmatrix} -4 & -5 & 1 & -5 \\ -3 & -1 & -4 & -2 \\ -1 & -2 & 3 & -2 \\ -5 & 2 & -1 & 1 \end{bmatrix}
 
 We can compute the determinant of A using cofactor expansion along the first row:
 det(A) = -4 * det(\begin{bmatrix} -1 & -4 & -2 \\ -2 & 3 & -2 \\ 2 & -1 & 1 \end{bmatrix}) - (-5) * det(\begin{bmatrix} -3 & -4 & -2 \\ -1 & 3 & -2 \\ -5 & -1 & 1 \end{bmatrix}) + 1 * det(\begin{bmatrix} -3 & -1 & -2 \\ -1 & -2 & -2 \\ -5 & 2 & 1 \end{bmatrix}) - (-5) * det(\begin{bmatrix} -3 & -1 & -4 \\ -1 & -2 & 3 \\ -5 & 2 & -1 \end{bmatrix})
 
 Let's compute the determinants of the 3x3 matrices:
 det(\begin{bmatrix} -1 & -4 & -2 \\ -2 & 3 & -2 \\ 2 & -1 & 1 \end{bmatrix}) = -1 * (3*1 - (-2)*(-1)) - (-4) * (-2*1 - (-2)*2) + (-2) * (-2*(-1) - 3*2)
 = -1 * (3 - 2) + 4 * (-2 + 4) - 2 * (2 - 6)
 = -1 * 1 + 4 * 2 - 2 * (-4)
 = -1 + 8 + 8 = 15
 
 det(\begin{bmatrix} -3 & -4 & -2 \\ -1 & 3 & -2 \\ -5 & -1 & 1 \end{bmatrix}) = -3 * (3*1 - (-2)*(-1)) - (-4) * (-1*1 - (-2)*(-5)) + (-2) * (-1*(-1) - 3*(-5))
 = -3 * (3 - 2) + 4 * (-1 - 10) - 2 * (1 + 15)
 = -3 * 1 + 4 * (-11) - 2 * 16
 = -3 - 44 - 32 = -79
 
 det(\begin{bmatrix} -3 & -1 & -2 \\ -1 & -2 & -2 \\ -5 & 2 & 1 \end{bmatrix}) = -3 * (-2*1 - (-2)*2) - (-1) * (-1*1 - (-2)*(-5)) + (-2) * (-1*2 - (-2)*(-5))
 = -3 * (-2 + 4) + 1 * (-1 - 10) - 2 * (-2 - 10)
 = -3 * 2 + 1 * (-11) - 2 * (-12)
 = -6 - 11 + 24 = 7
 
 det(\begin{bmatrix} -3 & -1 & -4 \\ -1 & -2 & 3 \\ -5 & 2 & -1 \end{bmatrix}) = -3 * (-2*(-1) - 3*2) - (-1) * (-1*(-1) - 3*(-5)) + (-4) * (-1*2 - (-2)*(-5))
 = -3 * (2 - 6) + 1 * (1 + 15) - 4 * (-2 - 10)
 = -3 * (-4) + 1 * 16 - 4 * (-12)
 = 12 + 16 + 48 = 76
 
 Now, substitute these values back into the original equation:
 det(A) = -4 * 15 - (-5) * (-79) + 1 * 7 - (-5) * 76
 = -60 + 395 + 7 + 380
 = -60 + 395 + 7 + 380 = 722
 
 Final Answer: The final answer is \boxed{722}","Let A be the given matrix:
 A = \begin{bmatrix} -4 & -5 & 1 & -5 \\ -3 & -1 & -4 & -2 \\ -1 & -2 & 3 & -2 \\ -5 & 2 & -1 & 1 \end{bmatrix}
 
 We can compute the determinant of A using cofactor expansion along the first row:
 det(A) = -4 * det(\begin{bmatrix} -1 & -4 & -2 \\ -2 & 3 & -2 \\ 2 & -1 & 1 \end{bmatrix}) - (-5) * det(\begin{bmatrix} -3 & -4 & -2 \\ -1 & 3 & -2 \\ -5 & -1 & 1 \end{bmatrix}) + 1 * det(\begin{bmatrix} -3 & -1 & -2 \\ -1 & -2 & -2 \\ -5 & 2 & 1 \end{bmatrix}) - (-5) * det(\begin{bmatrix} -3 & -1 & -4 \\ -1 & -2 & 3 \\ -5 & 2 & -1 \end{bmatrix})
 
 Let's compute the determinants of the 3x3 matrices:
 det(\begin{bmatrix} -1 & -4 & -2 \\ -2 & 3 & -2 \\ 2 & -1 & 1 \end{bmatrix}) = -1 * (3*1 - (-2)*(-1)) - (-4) * (-2*1 - (-2)*2) + (-2) * (-2*(-1) - 3*2)
 = -1 * (3 - 2) + 4 * (-2 + 4) - 2 * (2 - 6)
 = -1 * 1 + 4 * 2 - 2 * (-4)
 = -1 + 8 + 8 = 15
 
 det(\begin{bmatrix} -3 & -4 & -2 \\ -1 & 3 & -2 \\ -5 & -1 & 1 \end{bmatrix}) = -3 * (3*1 - (-2)*(-1)) - (-4) * (-1*1 - (-2)*(-5)) + (-2) * (-1*(-1) - 3*(-5))
 = -3 * (3 - 2) + 4 * (-1 - 10) - 2 * (1 + 15)
 = -3 * 1 + 4 * (-11) - 2 * 16
 = -3 - 44 - 32 = -79
 
 det(\begin{bmatrix} -3 & -1 & -2 \\ -1 & -2 & -2 \\ -5 & 2 & 1 \end{bmatrix}) = -3 * (-2*1 - (-2)*2) - (-1) * (-1*1 - (-2)*(-5)) + (-2) * (-1*2 - (-2)*(-5))
 = -3 * (-2 + 4) + 1 * (-1 - 10) - 2 * (-2 - 10)
 = -3 * 2 + 1 * (-11) - 2 * (-12)
 = -6 - 11 + 24 = 7
 
 det(\begin{bmatrix} -3 & -1 & -4 \\ -1 & -2 & 3 \\ -5 & 2 & -1 \end{bmatrix}) = -3 * (-2*(-1) - 3*2) - (-1) * (-1*(-1) - 3*(-5)) + (-4) * (-1*2 - (-2)*(-5))
 = -3 * (2 - 6) + 1 * (1 + 15) - 4 * (-2 - 10)
 = -3 * (-4) + 1 * 16 - 4 * (-12)
 = 12 + 16 + 48 = 76
 
 Now, substitute these values back into the original equation:
 det(A) = -4 * 15 - (-5) * (-79) + 1 * 7 - (-5) * 76
 = -60 + 395 + 7 + 380
 = -60 + 395 + 7 + 380 = 722
 
 Final Answer: The final answer is \boxed{722}","1 * 7 - (-5) * 76
 = -60 [+] 395 + 7 + 380
 = -60 + ",165,S1_exact|archive_workshop
C_4x4_det_075,Gemma-3,determinant,4,Product_Sign_Error,det,failure,\det(A) = 158,+,-,1933,"<start_of_turn>user
A = \begin{bmatrix} 1 & -2 & 2 & -5 \\ -1 & -5 & -3 & -5 \\ -3 & -3 & 5 & -5 \\ -3 & -1 & -5 & 2 \end{bmatrix}<end_of_turn>
<start_of_turn>model
Let A be the given matrix:
 A = \begin{bmatrix} 1 & -2 & 2 & -5 \\ -1 & -5 & -3 & -5 \\ -3 & -3 & 5 & -5 \\ -3 & -1 & -5 & 2 \end{bmatrix}
 
 We can compute the determinant of A using cofactor expansion. Let's expand along the first row:
 det(A) = 1 * det(\begin{bmatrix} -5 & -3 & -5 \\ -3 & 5 & -5 \\ -1 & -5 & 2 \end{bmatrix}) - (-2) * det(\begin{bmatrix} -1 & -3 & -5 \\ -3 & 5 & -5 \\ -3 & -5 & 2 \end{bmatrix}) + 2 * det(\begin{bmatrix} -1 & -5 & -5 \\ -3 & -3 & -5 \\ -3 & -1 & 2 \end{bmatrix}) - (-5) * det(\begin{bmatrix} -1 & -5 & -3 \\ -3 & -3 & 5 \\ -3 & -1 & -5 \end{bmatrix})
 
 Let's compute the determinants of the 3x3 matrices:
 det(\begin{bmatrix} -5 & -3 & -5 \\ -3 & 5 & -5 \\ -1 & -5 & 2 \end{bmatrix}) = -5(5*2 - (-5)*(-5)) - (-3)(-3*2 - (-5)*(-1)) + (-5)(-3*(-5) - 5*(-1))
 = -5(10 - 25) + 3(-6 - 5) - 5(15 + 5)
 = -5(-15) + 3(-11) - 5(20)
 = 75 - 33 - 100
 = -58
 
 det(\begin{bmatrix} -1 & -3 & -5 \\ -3 & 5 & -5 \\ -3 & -5 & 2 \end{bmatrix}) = -1(5*2 - (-5)*(-5)) - (-3)(-3*2 - (-5)*(-3)) + (-5)(-3*(-5) - 5*(-3))
 = -1(10 - 25) + 3(-6 - 15) - 5(15 + 15)
 = -1(-15) + 3(-21) - 5(30)
 = 15 - 63 - 150
 = -198
 
 det(\begin{bmatrix} -1 & -5 & -5 \\ -3 & -3 & -5 \\ -3 & -1 & 2 \end{bmatrix}) = -1(-3*2 - (-5)*(-1)) - (-5)(-3*2 - (-5)*(-3)) + (-5)(-3*(-1) - (-3)*(-3))
 = -1(-6 - 5) + 5(-6 - 15) - 5(3 - 9)
 = -1(-11) + 5(-21) - 5(-6)
 = 11 - 105 + 30
 = -64
 
 det(\begin{bmatrix} -1 & -5 & -3 \\ -3 & -3 & 5 \\ -3 & -1 & -5 \end{bmatrix}) = -1(-3*(-5) - 5*(-1)) - (-5)(-3*(-5) - 5*(-3)) + (-3)(-3*(-1) - (-3)*(-3))
 = -1(15 + 5) + 5(15 + 15) - 3(3 - 9)
 = -1(20) + 5(30) - 3(-6)
 = -20 + 150 + 18
 = 148
 
 Now, substitute these values back into the expression for det(A):
 det(A) = 1 * (-58) - (-2) * (-198) + 2 * (-64) - (-5) * (148)
 = -58 + 396 - 128 + 740
 = -58 - 128 + 396 + 740
 = -186 + 1136
 = 950
 
 Final Answer: The final answer is $\boxed{950}$","Let A be the given matrix:
 A = \begin{bmatrix} 1 & -2 & 2 & -5 \\ -1 & -5 & -3 & -5 \\ -3 & -3 & 5 & -5 \\ -3 & -1 & -5 & 2 \end{bmatrix}
 
 We can compute the determinant of A using cofactor expansion. Let's expand along the first row:
 det(A) = 1 * det(\begin{bmatrix} -5 & -3 & -5 \\ -3 & 5 & -5 \\ -1 & -5 & 2 \end{bmatrix}) - (-2) * det(\begin{bmatrix} -1 & -3 & -5 \\ -3 & 5 & -5 \\ -3 & -5 & 2 \end{bmatrix}) + 2 * det(\begin{bmatrix} -1 & -5 & -5 \\ -3 & -3 & -5 \\ -3 & -1 & 2 \end{bmatrix}) - (-5) * det(\begin{bmatrix} -1 & -5 & -3 \\ -3 & -3 & 5 \\ -3 & -1 & -5 \end{bmatrix})
 
 Let's compute the determinants of the 3x3 matrices:
 det(\begin{bmatrix} -5 & -3 & -5 \\ -3 & 5 & -5 \\ -1 & -5 & 2 \end{bmatrix}) = -5(5*2 - (-5)*(-5)) - (-3)(-3*2 - (-5)*(-1)) + (-5)(-3*(-5) - 5*(-1))
 = -5(10 - 25) + 3(-6 - 5) - 5(15 + 5)
 = -5(-15) + 3(-11) - 5(20)
 = 75 - 33 - 100
 = -58
 
 det(\begin{bmatrix} -1 & -3 & -5 \\ -3 & 5 & -5 \\ -3 & -5 & 2 \end{bmatrix}) = -1(5*2 - (-5)*(-5)) - (-3)(-3*2 - (-5)*(-3)) + (-5)(-3*(-5) - 5*(-3))
 = -1(10 - 25) + 3(-6 - 15) - 5(15 + 15)
 = -1(-15) + 3(-21) - 5(30)
 = 15 - 63 - 150
 = -198
 
 det(\begin{bmatrix} -1 & -5 & -5 \\ -3 & -3 & -5 \\ -3 & -1 & 2 \end{bmatrix}) = -1(-3*2 - (-5)*(-1)) - (-5)(-3*2 - (-5)*(-3)) + (-5)(-3*(-1) - (-3)*(-3))
 = -1(-6 - 5) + 5(-6 - 15) - 5(3 - 9)
 = -1(-11) + 5(-21) - 5(-6)
 = 11 - 105 + 30
 = -64
 
 det(\begin{bmatrix} -1 & -5 & -3 \\ -3 & -3 & 5 \\ -3 & -1 & -5 \end{bmatrix}) = -1(-3*(-5) - 5*(-1)) - (-5)(-3*(-5) - 5*(-3)) + (-3)(-3*(-1) - (-3)*(-3))
 = -1(15 + 5) + 5(15 + 15) - 3(3 - 9)
 = -1(20) + 5(30) - 3(-6)
 = -20 + 150 + 18
 = 148
 
 Now, substitute these values back into the expression for det(A):
 det(A) = 1 * (-58) - (-2) * (-198) + 2 * (-64) - (-5) * (148)
 = -58 + 396 - 128 + 740
 = -58 - 128 + 396 + 740
 = -186 + 1136
 = 950
 
 Final Answer: The final answer is $\boxed{950}$","4) - (-5) * (148)
 = -58 [+] 396 - 128 + 740
 = -58 ",165,S1_exact|archive_workshop
C_4x4_det_096,Gemma-3,determinant,4,Product_Sign_Error,det,failure,\det(A) = -56,+,-,1834,"<start_of_turn>user
A = \begin{bmatrix} 2 & -2 & 3 & -3 \\ 5 & -3 & -5 & -5 \\ 1 & -3 & 3 & -5 \\ -3 & 2 & -4 & 4 \end{bmatrix}<end_of_turn>
<start_of_turn>model
Let A be the given matrix:
 A = \begin{bmatrix} 2 & -2 & 3 & -3 \\ 5 & -3 & -5 & -5 \\ 1 & -3 & 3 & -5 \\ -3 & 2 & -4 & 4 \end{bmatrix}
 
 We can compute the determinant of A using cofactor expansion along the first row:
 det(A) = 2 * det(\begin{bmatrix} -3 & -5 & -5 \\ -3 & 3 & -5 \\ 2 & -4 & 4 \end{bmatrix}) - (-2) * det(\begin{bmatrix} 5 & -5 & -5 \\ 1 & 3 & -5 \\ -3 & -4 & 4 \end{bmatrix}) + 3 * det(\begin{bmatrix} 5 & -3 & -5 \\ 1 & -3 & -5 \\ -3 & 2 & 4 \end{bmatrix}) - (-3) * det(\begin{bmatrix} 5 & -3 & -5 \\ 1 & -3 & 3 \\ -3 & 2 & -4 \end{bmatrix})
 
 Let's compute the determinants of the 3x3 matrices:
 det(\begin{bmatrix} -3 & -5 & -5 \\ -3 & 3 & -5 \\ 2 & -4 & 4 \end{bmatrix}) = -3(3*4 - (-5)*(-4)) - (-5)(-3*4 - (-5)*2) + (-5)(-3*(-4) - 3*2) = -3(12 - 20) + 5(-12 + 10) - 5(12 - 6) = -3(-8) + 5(-2) - 5(6) = 24 - 10 - 30 = -16
 
 det(\begin{bmatrix} 5 & -5 & -5 \\ 1 & 3 & -5 \\ -3 & -4 & 4 \end{bmatrix}) = 5(3*4 - (-5)*(-4)) - (-5)(1*4 - (-5)*(-3)) + (-5)(1*(-4) - 3*(-3)) = 5(12 - 20) + 5(4 - 15) - 5(-4 + 9) = 5(-8) + 5(-11) - 5(5) = -40 - 55 - 25 = -120
 
 det(\begin{bmatrix} 5 & -3 & -5 \\ 1 & -3 & -5 \\ -3 & 2 & 4 \end{bmatrix}) = 5((-3)*4 - (-5)*2) - (-3)(1*4 - (-5)*(-3)) + (-5)(1*2 - (-3)*(-3)) = 5(-12 + 10) + 3(4 - 15) - 5(2 - 9) = 5(-2) + 3(-11) - 5(-7) = -10 - 33 + 35 = -8
 
 det(\begin{bmatrix} 5 & -3 & -5 \\ 1 & -3 & 3 \\ -3 & 2 & -4 \end{bmatrix}) = 5((-3)*(-4) - 3*2) - (-3)(1*(-4) - 3*(-3)) + (-5)(1*2 - (-3)*(-3)) = 5(12 - 6) + 3(-4 + 9) - 5(2 - 9) = 5(6) + 3(5) - 5(-7) = 30 + 15 + 35 = 80
 
 Now, substitute these values back into the expression for det(A):
 det(A) = 2 * (-16) - (-2) * (-120) + 3 * (-8) - (-3) * (80) = -32 + 240 - 24 + 240 = -56 + 480 = 424
 
 Final Answer: The final answer is $\boxed{424}$","Let A be the given matrix:
 A = \begin{bmatrix} 2 & -2 & 3 & -3 \\ 5 & -3 & -5 & -5 \\ 1 & -3 & 3 & -5 \\ -3 & 2 & -4 & 4 \end{bmatrix}
 
 We can compute the determinant of A using cofactor expansion along the first row:
 det(A) = 2 * det(\begin{bmatrix} -3 & -5 & -5 \\ -3 & 3 & -5 \\ 2 & -4 & 4 \end{bmatrix}) - (-2) * det(\begin{bmatrix} 5 & -5 & -5 \\ 1 & 3 & -5 \\ -3 & -4 & 4 \end{bmatrix}) + 3 * det(\begin{bmatrix} 5 & -3 & -5 \\ 1 & -3 & -5 \\ -3 & 2 & 4 \end{bmatrix}) - (-3) * det(\begin{bmatrix} 5 & -3 & -5 \\ 1 & -3 & 3 \\ -3 & 2 & -4 \end{bmatrix})
 
 Let's compute the determinants of the 3x3 matrices:
 det(\begin{bmatrix} -3 & -5 & -5 \\ -3 & 3 & -5 \\ 2 & -4 & 4 \end{bmatrix}) = -3(3*4 - (-5)*(-4)) - (-5)(-3*4 - (-5)*2) + (-5)(-3*(-4) - 3*2) = -3(12 - 20) + 5(-12 + 10) - 5(12 - 6) = -3(-8) + 5(-2) - 5(6) = 24 - 10 - 30 = -16
 
 det(\begin{bmatrix} 5 & -5 & -5 \\ 1 & 3 & -5 \\ -3 & -4 & 4 \end{bmatrix}) = 5(3*4 - (-5)*(-4)) - (-5)(1*4 - (-5)*(-3)) + (-5)(1*(-4) - 3*(-3)) = 5(12 - 20) + 5(4 - 15) - 5(-4 + 9) = 5(-8) + 5(-11) - 5(5) = -40 - 55 - 25 = -120
 
 det(\begin{bmatrix} 5 & -3 & -5 \\ 1 & -3 & -5 \\ -3 & 2 & 4 \end{bmatrix}) = 5((-3)*4 - (-5)*2) - (-3)(1*4 - (-5)*(-3)) + (-5)(1*2 - (-3)*(-3)) = 5(-12 + 10) + 3(4 - 15) - 5(2 - 9) = 5(-2) + 3(-11) - 5(-7) = -10 - 33 + 35 = -8
 
 det(\begin{bmatrix} 5 & -3 & -5 \\ 1 & -3 & 3 \\ -3 & 2 & -4 \end{bmatrix}) = 5((-3)*(-4) - 3*2) - (-3)(1*(-4) - 3*(-3)) + (-5)(1*2 - (-3)*(-3)) = 5(12 - 6) + 3(-4 + 9) - 5(2 - 9) = 5(6) + 3(5) - 5(-7) = 30 + 15 + 35 = 80
 
 Now, substitute these values back into the expression for det(A):
 det(A) = 2 * (-16) - (-2) * (-120) + 3 * (-8) - (-3) * (80) = -32 + 240 - 24 + 240 = -56 + 480 = 424
 
 Final Answer: The final answer is $\boxed{424}$",(-8) - (-3) * (80) = -32 [+] 240 - 24 + 240 = -56 +,162,S1_exact|archive_workshop
C_4x4_det_113,Gemma-3,determinant,4,Product_Sign_Error,det,failure,\det(A) = 1209,+,-,1934,"<start_of_turn>user
A = \begin{bmatrix} 4 & -4 & 5 & 5 \\ -7 & 5 & -7 & -5 \\ -5 & -7 & 4 & -7 \\ -7 & -6 & -4 & 4 \end{bmatrix}<end_of_turn>
<start_of_turn>model
Let A be the given matrix:
 A = \begin{bmatrix} 4 & -4 & 5 & 5 \\ -7 & 5 & -7 & -5 \\ -5 & -7 & 4 & -7 \\ -7 & -6 & -4 & 4 \end{bmatrix}
 
 We can compute the determinant of A using cofactor expansion. Let's expand along the first row:
 det(A) = 4 * det(\begin{bmatrix} 5 & -7 & -5 \\ -7 & 4 & -7 \\ -6 & -4 & 4 \end{bmatrix}) - (-4) * det(\begin{bmatrix} -7 & -7 & -5 \\ -5 & 4 & -7 \\ -7 & -4 & 4 \end{bmatrix}) + 5 * det(\begin{bmatrix} -7 & 5 & -5 \\ -5 & -7 & -7 \\ -7 & -6 & 4 \end{bmatrix}) - 5 * det(\begin{bmatrix} -7 & 5 & -7 \\ -5 & -7 & 4 \\ -7 & -6 & -4 \end{bmatrix})
 
 Let's compute the determinants of the 3x3 matrices:
 det(\begin{bmatrix} 5 & -7 & -5 \\ -7 & 4 & -7 \\ -6 & -4 & 4 \end{bmatrix}) = 5(4*4 - (-7)*(-4)) - (-7)(-7*4 - (-7)*(-6)) + (-5)(-7*(-4) - 4*(-6))
 = 5(16 - 28) + 7(-28 - 42) - 5(28 + 24)
 = 5(-12) + 7(-70) - 5(52)
 = -60 - 490 - 260
 = -810
 
 det(\begin{bmatrix} -7 & -7 & -5 \\ -5 & 4 & -7 \\ -7 & -4 & 4 \end{bmatrix}) = -7(4*4 - (-7)*(-4)) - (-7)(-5*4 - (-7)*(-7)) + (-5)(-5*(-4) - 4*(-7))
 = -7(16 - 28) + 7(-20 - 49) - 5(20 + 28)
 = -7(-12) + 7(-69) - 5(48)
 = 84 - 483 - 240
 = -639
 
 det(\begin{bmatrix} -7 & 5 & -5 \\ -5 & -7 & -7 \\ -7 & -6 & 4 \end{bmatrix}) = -7(-7*4 - (-7)*(-6)) - 5(-5*4 - (-7)*(-7)) + (-5)(-5*(-6) - (-7)*(-7))
 = -7(-28 - 42) - 5(-20 - 49) - 5(30 - 49)
 = -7(-70) - 5(-69) - 5(-19)
 = 490 + 345 + 95
 = 930
 
 det(\begin{bmatrix} -7 & 5 & -7 \\ -5 & -7 & 4 \\ -7 & -6 & -4 \end{bmatrix}) = -7(-7*(-4) - 4*(-6)) - 5(-5*(-4) - 4*(-7)) + (-7)(-5*(-6) - (-7)*(-7))
 = -7(28 + 24) - 5(20 + 28) - 7(30 - 49)
 = -7(52) - 5(48) - 7(-19)
 = -364 - 240 + 133
 = -471
 
 Now, substitute these values back into the expression for det(A):
 det(A) = 4 * (-810) - (-4) * (-639) + 5 * (930) - 5 * (-471)
 = -3240 + 2556 + 4650 + 2355
 = -3240 + 2556 + 4650 + 2355
 = 6321
 
 Final Answer: The final answer is $\boxed{6321}$","Let A be the given matrix:
 A = \begin{bmatrix} 4 & -4 & 5 & 5 \\ -7 & 5 & -7 & -5 \\ -5 & -7 & 4 & -7 \\ -7 & -6 & -4 & 4 \end{bmatrix}
 
 We can compute the determinant of A using cofactor expansion. Let's expand along the first row:
 det(A) = 4 * det(\begin{bmatrix} 5 & -7 & -5 \\ -7 & 4 & -7 \\ -6 & -4 & 4 \end{bmatrix}) - (-4) * det(\begin{bmatrix} -7 & -7 & -5 \\ -5 & 4 & -7 \\ -7 & -4 & 4 \end{bmatrix}) + 5 * det(\begin{bmatrix} -7 & 5 & -5 \\ -5 & -7 & -7 \\ -7 & -6 & 4 \end{bmatrix}) - 5 * det(\begin{bmatrix} -7 & 5 & -7 \\ -5 & -7 & 4 \\ -7 & -6 & -4 \end{bmatrix})
 
 Let's compute the determinants of the 3x3 matrices:
 det(\begin{bmatrix} 5 & -7 & -5 \\ -7 & 4 & -7 \\ -6 & -4 & 4 \end{bmatrix}) = 5(4*4 - (-7)*(-4)) - (-7)(-7*4 - (-7)*(-6)) + (-5)(-7*(-4) - 4*(-6))
 = 5(16 - 28) + 7(-28 - 42) - 5(28 + 24)
 = 5(-12) + 7(-70) - 5(52)
 = -60 - 490 - 260
 = -810
 
 det(\begin{bmatrix} -7 & -7 & -5 \\ -5 & 4 & -7 \\ -7 & -4 & 4 \end{bmatrix}) = -7(4*4 - (-7)*(-4)) - (-7)(-5*4 - (-7)*(-7)) + (-5)(-5*(-4) - 4*(-7))
 = -7(16 - 28) + 7(-20 - 49) - 5(20 + 28)
 = -7(-12) + 7(-69) - 5(48)
 = 84 - 483 - 240
 = -639
 
 det(\begin{bmatrix} -7 & 5 & -5 \\ -5 & -7 & -7 \\ -7 & -6 & 4 \end{bmatrix}) = -7(-7*4 - (-7)*(-6)) - 5(-5*4 - (-7)*(-7)) + (-5)(-5*(-6) - (-7)*(-7))
 = -7(-28 - 42) - 5(-20 - 49) - 5(30 - 49)
 = -7(-70) - 5(-69) - 5(-19)
 = 490 + 345 + 95
 = 930
 
 det(\begin{bmatrix} -7 & 5 & -7 \\ -5 & -7 & 4 \\ -7 & -6 & -4 \end{bmatrix}) = -7(-7*(-4) - 4*(-6)) - 5(-5*(-4) - 4*(-7)) + (-7)(-5*(-6) - (-7)*(-7))
 = -7(28 + 24) - 5(20 + 28) - 7(30 - 49)
 = -7(52) - 5(48) - 7(-19)
 = -364 - 240 + 133
 = -471
 
 Now, substitute these values back into the expression for det(A):
 det(A) = 4 * (-810) - (-4) * (-639) + 5 * (930) - 5 * (-471)
 = -3240 + 2556 + 4650 + 2355
 = -3240 + 2556 + 4650 + 2355
 = 6321
 
 Final Answer: The final answer is $\boxed{6321}$","0) - 5 * (-471)
 = -3240 [+] 2556 + 4650 + 2355
 = -",163,S3_exact|archive_workshop
C_4x4_det_119,Gemma-3,determinant,4,Rule_Interference,det,failure,\det(A) = 335,-,+,1882,"<start_of_turn>user
A = \begin{bmatrix} 5 & -2 & 1 & -7 \\ -4 & -5 & -6 & 6 \\ 6 & -7 & 7 & -6 \\ -2 & 6 & -7 & -1 \end{bmatrix}<end_of_turn>
<start_of_turn>model
Let A be the given matrix:
 A = \begin{bmatrix} 5 & -2 & 1 & -7 \\ -4 & -5 & -6 & 6 \\ 6 & -7 & 7 & -6 \\ -2 & 6 & -7 & -1 \end{bmatrix}
 
 We can compute the determinant of A using cofactor expansion along the first row:
 det(A) = 5 * det(\begin{bmatrix} -5 & -6 & 6 \\ -7 & 7 & -6 \\ 6 & -7 & -1 \end{bmatrix}) - (-2) * det(\begin{bmatrix} -4 & -6 & 6 \\ 6 & 7 & -6 \\ -2 & -7 & -1 \end{bmatrix}) + 1 * det(\begin{bmatrix} -4 & -5 & 6 \\ 6 & -7 & -6 \\ -2 & 6 & -1 \end{bmatrix}) - (-7) * det(\begin{bmatrix} -4 & -5 & -6 \\ 6 & -7 & 7 \\ -2 & 6 & -7 \end{bmatrix})
 
 Let's compute the determinants of the 3x3 matrices:
 det(\begin{bmatrix} -5 & -6 & 6 \\ -7 & 7 & -6 \\ 6 & -7 & -1 \end{bmatrix}) = -5(7*(-1) - (-6)*(-7)) - (-6)((-7)*(-1) - (-6)*6) + 6((-7)*(-7) - 7*6)
 = -5(-7 - 42) + 6(7 + 36) + 6(49 - 42)
 = -5(-49) + 6(43) + 6(7)
 = 245 + 258 + 42
 = 545
 
 det(\begin{bmatrix} -4 & -6 & 6 \\ 6 & 7 & -6 \\ -2 & -7 & -1 \end{bmatrix}) = -4(7*(-1) - (-6)*(-7)) - (-6)(6*(-1) - (-6)*(-2)) + 6(6*(-7) - 7*(-2))
 = -4(-7 - 42) + 6(-6 - 12) + 6(-42 + 14)
 = -4(-49) + 6(-18) + 6(-28)
 = 196 - 108 - 168
 = -80
 
 det(\begin{bmatrix} -4 & -5 & 6 \\ 6 & -7 & -6 \\ -2 & 6 & -1 \end{bmatrix}) = -4((-7)*(-1) - (-6)*6) - (-5)(6*(-1) - (-6)*(-2)) + 6(6*6 - (-7)*(-2))
 = -4(7 + 36) + 5(-6 - 12) + 6(36 - 14)
 = -4(43) + 5(-18) + 6(22)
 = -172 - 90 + 132
 = -130
 
 det(\begin{bmatrix} -4 & -5 & -6 \\ 6 & -7 & 7 \\ -2 & 6 & -7 \end{bmatrix}) = -4((-7)*(-7) - 7*6) - (-5)(6*(-7) - 7*(-2)) + (-6)(6*6 - (-7)*(-2))
 = -4(49 - 42) + 5(-42 + 14) - 6(36 - 14)
 = -4(7) + 5(-28) - 6(22)
 = -28 - 140 - 132
 = -300
 
 Now, substitute these values back into the expression for det(A):
 det(A) = 5 * 545 + 2 * (-80) + 1 * (-130) - 7 * (-300)
 = 2725 - 160 - 130 + 2100
 = 2725 - 290 + 2100
 = 2435 + 2100
 = 4535
 
 Final Answer: The final answer is $\boxed{4535}$","Let A be the given matrix:
 A = \begin{bmatrix} 5 & -2 & 1 & -7 \\ -4 & -5 & -6 & 6 \\ 6 & -7 & 7 & -6 \\ -2 & 6 & -7 & -1 \end{bmatrix}
 
 We can compute the determinant of A using cofactor expansion along the first row:
 det(A) = 5 * det(\begin{bmatrix} -5 & -6 & 6 \\ -7 & 7 & -6 \\ 6 & -7 & -1 \end{bmatrix}) - (-2) * det(\begin{bmatrix} -4 & -6 & 6 \\ 6 & 7 & -6 \\ -2 & -7 & -1 \end{bmatrix}) + 1 * det(\begin{bmatrix} -4 & -5 & 6 \\ 6 & -7 & -6 \\ -2 & 6 & -1 \end{bmatrix}) - (-7) * det(\begin{bmatrix} -4 & -5 & -6 \\ 6 & -7 & 7 \\ -2 & 6 & -7 \end{bmatrix})
 
 Let's compute the determinants of the 3x3 matrices:
 det(\begin{bmatrix} -5 & -6 & 6 \\ -7 & 7 & -6 \\ 6 & -7 & -1 \end{bmatrix}) = -5(7*(-1) - (-6)*(-7)) - (-6)((-7)*(-1) - (-6)*6) + 6((-7)*(-7) - 7*6)
 = -5(-7 - 42) + 6(7 + 36) + 6(49 - 42)
 = -5(-49) + 6(43) + 6(7)
 = 245 + 258 + 42
 = 545
 
 det(\begin{bmatrix} -4 & -6 & 6 \\ 6 & 7 & -6 \\ -2 & -7 & -1 \end{bmatrix}) = -4(7*(-1) - (-6)*(-7)) - (-6)(6*(-1) - (-6)*(-2)) + 6(6*(-7) - 7*(-2))
 = -4(-7 - 42) + 6(-6 - 12) + 6(-42 + 14)
 = -4(-49) + 6(-18) + 6(-28)
 = 196 - 108 - 168
 = -80
 
 det(\begin{bmatrix} -4 & -5 & 6 \\ 6 & -7 & -6 \\ -2 & 6 & -1 \end{bmatrix}) = -4((-7)*(-1) - (-6)*6) - (-5)(6*(-1) - (-6)*(-2)) + 6(6*6 - (-7)*(-2))
 = -4(7 + 36) + 5(-6 - 12) + 6(36 - 14)
 = -4(43) + 5(-18) + 6(22)
 = -172 - 90 + 132
 = -130
 
 det(\begin{bmatrix} -4 & -5 & -6 \\ 6 & -7 & 7 \\ -2 & 6 & -7 \end{bmatrix}) = -4((-7)*(-7) - 7*6) - (-5)(6*(-7) - 7*(-2)) + (-6)(6*6 - (-7)*(-2))
 = -4(49 - 42) + 5(-42 + 14) - 6(36 - 14)
 = -4(7) + 5(-28) - 6(22)
 = -28 - 140 - 132
 = -300
 
 Now, substitute these values back into the expression for det(A):
 det(A) = 5 * 545 + 2 * (-80) + 1 * (-130) - 7 * (-300)
 = 2725 - 160 - 130 + 2100
 = 2725 - 290 + 2100
 = 2435 + 2100
 = 4535
 
 Final Answer: The final answer is $\boxed{4535}$","+ 2 * (-80) + 1 * (-130) [-] 7 * (-300)
 = 2725 - 16",163,S1_exact|archive_workshop
C_4x4_det_120,Gemma-3,determinant,4,Product_Sign_Error,det,failure,\det(A) = 83,+,-,1921,"<start_of_turn>user
A = \begin{bmatrix} 3 & -4 & 2 & -6 \\ -6 & 3 & -7 & 4 \\ -5 & -7 & -4 & -7 \\ -7 & -7 & 7 & 1 \end{bmatrix}<end_of_turn>
<start_of_turn>model
Let A be the given matrix:
 A = \begin{bmatrix} 3 & -4 & 2 & -6 \\ -6 & 3 & -7 & 4 \\ -5 & -7 & -4 & -7 \\ -7 & -7 & 7 & 1 \end{bmatrix}
 
 We can compute the determinant of A using cofactor expansion. Let's expand along the first row:
 det(A) = 3 * det(\begin{bmatrix} 3 & -7 & 4 \\ -7 & -4 & -7 \\ -7 & 7 & 1 \end{bmatrix}) - (-4) * det(\begin{bmatrix} -6 & -7 & 4 \\ -5 & -4 & -7 \\ -7 & 7 & 1 \end{bmatrix}) + 2 * det(\begin{bmatrix} -6 & 3 & 4 \\ -5 & -7 & -7 \\ -7 & -7 & 1 \end{bmatrix}) - (-6) * det(\begin{bmatrix} -6 & 3 & -7 \\ -5 & -7 & -4 \\ -7 & -7 & 7 \end{bmatrix})
 
 Let's compute the determinants of the 3x3 matrices:
 det(\begin{bmatrix} 3 & -7 & 4 \\ -7 & -4 & -7 \\ -7 & 7 & 1 \end{bmatrix}) = 3(-4*1 - (-7)*7) - (-7)(-7*1 - (-7)*(-7)) + 4(-7*7 - (-4)*(-7))
 = 3(-4 + 49) + 7(-7 - 49) + 4(-49 - 28)
 = 3(45) + 7(-56) + 4(-77)
 = 135 - 392 - 308
 = -565
 
 det(\begin{bmatrix} -6 & -7 & 4 \\ -5 & -4 & -7 \\ -7 & 7 & 1 \end{bmatrix}) = -6(-4*1 - (-7)*7) - (-7)(-5*1 - (-7)*(-7)) + 4(-5*7 - (-4)*(-7))
 = -6(-4 + 49) + 7(-5 - 49) + 4(-35 - 28)
 = -6(45) + 7(-54) + 4(-63)
 = -270 - 378 - 252
 = -900
 
 det(\begin{bmatrix} -6 & 3 & 4 \\ -5 & -7 & -7 \\ -7 & -7 & 1 \end{bmatrix}) = -6(-7*1 - (-7)*(-7)) - 3(-5*1 - (-7)*(-7)) + 4(-5*(-7) - (-7)*(-7))
 = -6(-7 - 49) - 3(-5 - 49) + 4(35 - 49)
 = -6(-56) - 3(-54) + 4(-14)
 = 336 + 162 - 56
 = 442
 
 det(\begin{bmatrix} -6 & 3 & -7 \\ -5 & -7 & -4 \\ -7 & -7 & 7 \end{bmatrix}) = -6(-7*7 - (-4)*(-7)) - 3(-5*7 - (-4)*(-7)) + (-7)(-5*(-7) - (-7)*(-7))
 = -6(-49 - 28) - 3(-35 - 28) - 7(35 - 49)
 = -6(-77) - 3(-63) - 7(-14)
 = 462 + 189 + 98
 = 749
 
 Now, substitute these values back into the expression for det(A):
 det(A) = 3 * (-565) - (-4) * (-900) + 2 * (442) - (-6) * (749)
 = -1695 + 3600 + 884 + 4494
 = -1695 + 3600 + 884 + 4494
 = 7283
 
 Final Answer: The final answer is $\boxed{7283}$","Let A be the given matrix:
 A = \begin{bmatrix} 3 & -4 & 2 & -6 \\ -6 & 3 & -7 & 4 \\ -5 & -7 & -4 & -7 \\ -7 & -7 & 7 & 1 \end{bmatrix}
 
 We can compute the determinant of A using cofactor expansion. Let's expand along the first row:
 det(A) = 3 * det(\begin{bmatrix} 3 & -7 & 4 \\ -7 & -4 & -7 \\ -7 & 7 & 1 \end{bmatrix}) - (-4) * det(\begin{bmatrix} -6 & -7 & 4 \\ -5 & -4 & -7 \\ -7 & 7 & 1 \end{bmatrix}) + 2 * det(\begin{bmatrix} -6 & 3 & 4 \\ -5 & -7 & -7 \\ -7 & -7 & 1 \end{bmatrix}) - (-6) * det(\begin{bmatrix} -6 & 3 & -7 \\ -5 & -7 & -4 \\ -7 & -7 & 7 \end{bmatrix})
 
 Let's compute the determinants of the 3x3 matrices:
 det(\begin{bmatrix} 3 & -7 & 4 \\ -7 & -4 & -7 \\ -7 & 7 & 1 \end{bmatrix}) = 3(-4*1 - (-7)*7) - (-7)(-7*1 - (-7)*(-7)) + 4(-7*7 - (-4)*(-7))
 = 3(-4 + 49) + 7(-7 - 49) + 4(-49 - 28)
 = 3(45) + 7(-56) + 4(-77)
 = 135 - 392 - 308
 = -565
 
 det(\begin{bmatrix} -6 & -7 & 4 \\ -5 & -4 & -7 \\ -7 & 7 & 1 \end{bmatrix}) = -6(-4*1 - (-7)*7) - (-7)(-5*1 - (-7)*(-7)) + 4(-5*7 - (-4)*(-7))
 = -6(-4 + 49) + 7(-5 - 49) + 4(-35 - 28)
 = -6(45) + 7(-54) + 4(-63)
 = -270 - 378 - 252
 = -900
 
 det(\begin{bmatrix} -6 & 3 & 4 \\ -5 & -7 & -7 \\ -7 & -7 & 1 \end{bmatrix}) = -6(-7*1 - (-7)*(-7)) - 3(-5*1 - (-7)*(-7)) + 4(-5*(-7) - (-7)*(-7))
 = -6(-7 - 49) - 3(-5 - 49) + 4(35 - 49)
 = -6(-56) - 3(-54) + 4(-14)
 = 336 + 162 - 56
 = 442
 
 det(\begin{bmatrix} -6 & 3 & -7 \\ -5 & -7 & -4 \\ -7 & -7 & 7 \end{bmatrix}) = -6(-7*7 - (-4)*(-7)) - 3(-5*7 - (-4)*(-7)) + (-7)(-5*(-7) - (-7)*(-7))
 = -6(-49 - 28) - 3(-35 - 28) - 7(35 - 49)
 = -6(-77) - 3(-63) - 7(-14)
 = 462 + 189 + 98
 = 749
 
 Now, substitute these values back into the expression for det(A):
 det(A) = 3 * (-565) - (-4) * (-900) + 2 * (442) - (-6) * (749)
 = -1695 + 3600 + 884 + 4494
 = -1695 + 3600 + 884 + 4494
 = 7283
 
 Final Answer: The final answer is $\boxed{7283}$"," - (-6) * (749)
 = -1695 [+] 3600 + 884 + 4494
 = -1",163,S1_exact|archive_workshop
C_4x4_det_126,Gemma-3,determinant,4,Product_Sign_Error,det,failure,\det(A) = 616,+,-,1946,"<start_of_turn>user
A = \begin{bmatrix} 7 & -1 & 5 & -6 \\ -5 & 3 & -7 & -6 \\ 5 & -7 & 3 & -7 \\ -2 & -7 & -2 & -5 \end{bmatrix}<end_of_turn>
<start_of_turn>model
Let A be the given matrix:
 A = \begin{bmatrix} 7 & -1 & 5 & -6 \\ -5 & 3 & -7 & -6 \\ 5 & -7 & 3 & -7 \\ -2 & -7 & -2 & -5 \end{bmatrix}
 
 We can compute the determinant of A using cofactor expansion along the first row:
 det(A) = 7 * det(\begin{bmatrix} 3 & -7 & -6 \\ -7 & 3 & -7 \\ -7 & -2 & -5 \end{bmatrix}) - (-1) * det(\begin{bmatrix} -5 & -7 & -6 \\ 5 & 3 & -7 \\ -2 & -2 & -5 \end{bmatrix}) + 5 * det(\begin{bmatrix} -5 & 3 & -6 \\ 5 & -7 & -7 \\ -2 & -7 & -5 \end{bmatrix}) - (-6) * det(\begin{bmatrix} -5 & 3 & -7 \\ 5 & -7 & 3 \\ -2 & -7 & -2 \end{bmatrix})
 
 Let's compute the determinants of the 3x3 matrices:
 det(\begin{bmatrix} 3 & -7 & -6 \\ -7 & 3 & -7 \\ -7 & -2 & -5 \end{bmatrix}) = 3(3*(-5) - (-7)*(-2)) - (-7)((-7)*(-5) - (-7)*(-7)) + (-6)((-7)*(-2) - 3*(-7))
 = 3(-15 - 14) + 7(35 - 49) - 6(14 + 21)
 = 3(-29) + 7(-14) - 6(35)
 = -87 - 98 - 210
 = -395
 
 det(\begin{bmatrix} -5 & -7 & -6 \\ 5 & 3 & -7 \\ -2 & -2 & -5 \end{bmatrix}) = -5(3*(-5) - (-7)*(-2)) - (-7)(5*(-5) - (-7)*(-2)) + (-6)(5*(-2) - 3*(-2))
 = -5(-15 - 14) + 7(-25 - 14) - 6(-10 + 6)
 = -5(-29) + 7(-39) - 6(-4)
 = 145 - 273 + 24
 = -104
 
 det(\begin{bmatrix} -5 & 3 & -6 \\ 5 & -7 & -7 \\ -2 & -7 & -5 \end{bmatrix}) = -5((-7)*(-5) - (-7)*(-7)) - 3(5*(-5) - (-7)*(-2)) + (-6)(5*(-7) - (-7)*(-2))
 = -5(35 - 49) - 3(-25 - 14) - 6(-35 - 14)
 = -5(-14) - 3(-39) - 6(-49)
 = 70 + 117 + 294
 = 481
 
 det(\begin{bmatrix} -5 & 3 & -7 \\ 5 & -7 & 3 \\ -2 & -7 & -2 \end{bmatrix}) = -5((-7)*(-2) - 3*(-7)) - 3(5*(-2) - 3*(-2)) + (-7)(5*(-7) - (-7)*(-2))
 = -5(14 + 21) - 3(-10 + 6) - 7(-35 - 14)
 = -5(35) - 3(-4) - 7(-49)
 = -175 + 12 + 343
 = 180
 
 Now, substitute these values back into the expression for det(A):
 det(A) = 7 * (-395) - (-1) * (-104) + 5 * (481) - (-6) * (180)
 = -2765 + 104 + 2405 + 1080
 = -2765 + 104 + 2405 + 1080
 = -2765 + 3589
 = 824
 
 Final Answer: The final answer is $\boxed{824}$","Let A be the given matrix:
 A = \begin{bmatrix} 7 & -1 & 5 & -6 \\ -5 & 3 & -7 & -6 \\ 5 & -7 & 3 & -7 \\ -2 & -7 & -2 & -5 \end{bmatrix}
 
 We can compute the determinant of A using cofactor expansion along the first row:
 det(A) = 7 * det(\begin{bmatrix} 3 & -7 & -6 \\ -7 & 3 & -7 \\ -7 & -2 & -5 \end{bmatrix}) - (-1) * det(\begin{bmatrix} -5 & -7 & -6 \\ 5 & 3 & -7 \\ -2 & -2 & -5 \end{bmatrix}) + 5 * det(\begin{bmatrix} -5 & 3 & -6 \\ 5 & -7 & -7 \\ -2 & -7 & -5 \end{bmatrix}) - (-6) * det(\begin{bmatrix} -5 & 3 & -7 \\ 5 & -7 & 3 \\ -2 & -7 & -2 \end{bmatrix})
 
 Let's compute the determinants of the 3x3 matrices:
 det(\begin{bmatrix} 3 & -7 & -6 \\ -7 & 3 & -7 \\ -7 & -2 & -5 \end{bmatrix}) = 3(3*(-5) - (-7)*(-2)) - (-7)((-7)*(-5) - (-7)*(-7)) + (-6)((-7)*(-2) - 3*(-7))
 = 3(-15 - 14) + 7(35 - 49) - 6(14 + 21)
 = 3(-29) + 7(-14) - 6(35)
 = -87 - 98 - 210
 = -395
 
 det(\begin{bmatrix} -5 & -7 & -6 \\ 5 & 3 & -7 \\ -2 & -2 & -5 \end{bmatrix}) = -5(3*(-5) - (-7)*(-2)) - (-7)(5*(-5) - (-7)*(-2)) + (-6)(5*(-2) - 3*(-2))
 = -5(-15 - 14) + 7(-25 - 14) - 6(-10 + 6)
 = -5(-29) + 7(-39) - 6(-4)
 = 145 - 273 + 24
 = -104
 
 det(\begin{bmatrix} -5 & 3 & -6 \\ 5 & -7 & -7 \\ -2 & -7 & -5 \end{bmatrix}) = -5((-7)*(-5) - (-7)*(-7)) - 3(5*(-5) - (-7)*(-2)) + (-6)(5*(-7) - (-7)*(-2))
 = -5(35 - 49) - 3(-25 - 14) - 6(-35 - 14)
 = -5(-14) - 3(-39) - 6(-49)
 = 70 + 117 + 294
 = 481
 
 det(\begin{bmatrix} -5 & 3 & -7 \\ 5 & -7 & 3 \\ -2 & -7 & -2 \end{bmatrix}) = -5((-7)*(-2) - 3*(-7)) - 3(5*(-2) - 3*(-2)) + (-7)(5*(-7) - (-7)*(-2))
 = -5(14 + 21) - 3(-10 + 6) - 7(-35 - 14)
 = -5(35) - 3(-4) - 7(-49)
 = -175 + 12 + 343
 = 180
 
 Now, substitute these values back into the expression for det(A):
 det(A) = 7 * (-395) - (-1) * (-104) + 5 * (481) - (-6) * (180)
 = -2765 + 104 + 2405 + 1080
 = -2765 + 104 + 2405 + 1080
 = -2765 + 3589
 = 824
 
 Final Answer: The final answer is $\boxed{824}$"," - (-6) * (180)
 = -2765 [+] 104 + 2405 + 1080
 = -2",164,S1_exact|archive_workshop
C_4x4_det_128,Gemma-3,determinant,4,Double_Negative_Trap,det,failure,\det(A) = -376,-,+,1850,"<start_of_turn>user
A = \begin{bmatrix} -5 & -7 & -3 & -7 \\ -7 & 7 & -6 & 6 \\ 7 & -3 & -5 & -2 \\ -1 & -7 & -4 & -7 \end{bmatrix}<end_of_turn>
<start_of_turn>model
Let A be the given matrix:
 $$ A = \begin{bmatrix} -5 & -7 & -3 & -7 \\ -7 & 7 & -6 & 6 \\ 7 & -3 & -5 & -2 \\ -1 & -7 & -4 & -7 \end{bmatrix} $$
 We want to find the determinant of A. We can use cofactor expansion along the first row:
 $$ \det(A) = -5 \begin{vmatrix} 7 & -6 & 6 \\ -3 & -5 & -2 \\ -7 & -4 & -7 \end{vmatrix} - (-7) \begin{vmatrix} -7 & -6 & 6 \\ 7 & -5 & -2 \\ -1 & -4 & -7 \end{vmatrix} + (-3) \begin{vmatrix} -7 & 7 & 6 \\ 7 & -3 & -2 \\ -1 & -7 & -7 \end{vmatrix} - (-7) \begin{vmatrix} -7 & 7 & -6 \\ 7 & -3 & -5 \\ -1 & -7 & -4 \end{vmatrix} $$
 Let's compute the 3x3 determinants:
 $$ \begin{vmatrix} 7 & -6 & 6 \\ -3 & -5 & -2 \\ -7 & -4 & -7 \end{vmatrix} = 7((-5)(-7) - (-2)(-4)) - (-6)((-3)(-7) - (-2)(-7)) + 6((-3)(-4) - (-5)(-7)) = 7(35 - 8) + 6(21 - 14) + 6(12 - 35) = 7(27) + 6(7) + 6(-23) = 189 + 42 - 138 = 93 $$
 $$ \begin{vmatrix} -7 & -6 & 6 \\ 7 & -5 & -2 \\ -1 & -4 & -7 \end{vmatrix} = -7((-5)(-7) - (-2)(-4)) - (-6)(7(-7) - (-2)(-1)) + 6(7(-4) - (-5)(-1)) = -7(35 - 8) + 6(-49 - 2) + 6(-28 - 5) = -7(27) + 6(-51) + 6(-33) = -189 - 306 - 198 = -693 $$
 $$ \begin{vmatrix} -7 & 7 & 6 \\ 7 & -3 & -2 \\ -1 & -7 & -7 \end{vmatrix} = -7((-3)(-7) - (-2)(-7)) - 7(7(-7) - (-2)(-1)) + 6(7(-7) - (-3)(-1)) = -7(21 - 14) - 7(-49 - 2) + 6(-49 - 3) = -7(7) - 7(-51) + 6(-52) = -49 + 357 - 312 = -4 $$
 $$ \begin{vmatrix} -7 & 7 & -6 \\ 7 & -3 & -5 \\ -1 & -7 & -4 \end{vmatrix} = -7((-3)(-4) - (-5)(-7)) - 7(7(-4) - (-5)(-1)) + (-6)(7(-7) - (-3)(-1)) = -7(12 - 35) - 7(-28 - 5) - 6(-49 - 3) = -7(-23) - 7(-33) - 6(-52) = 161 + 231 + 312 = 704 $$
 Now, substitute these values back into the expression for $\det(A)$:
 $$ \det(A) = -5(93) + 7(-693) - 3(-4) - 7(704) = -465 - 4851 + 12 - 4928 = -10232 $$
 Therefore, the determinant of A is -10232.
 
 $\det(A) = -5(93) + 7(-693) - 3(-4) - 7(704) = -465 - 4851 + 12 - 4928 = -10232$
 
 Final Answer: The final answer is $\boxed{-10232}$","Let A be the given matrix:
 $$ A = \begin{bmatrix} -5 & -7 & -3 & -7 \\ -7 & 7 & -6 & 6 \\ 7 & -3 & -5 & -2 \\ -1 & -7 & -4 & -7 \end{bmatrix} $$
 We want to find the determinant of A. We can use cofactor expansion along the first row:
 $$ \det(A) = -5 \begin{vmatrix} 7 & -6 & 6 \\ -3 & -5 & -2 \\ -7 & -4 & -7 \end{vmatrix} - (-7) \begin{vmatrix} -7 & -6 & 6 \\ 7 & -5 & -2 \\ -1 & -4 & -7 \end{vmatrix} + (-3) \begin{vmatrix} -7 & 7 & 6 \\ 7 & -3 & -2 \\ -1 & -7 & -7 \end{vmatrix} - (-7) \begin{vmatrix} -7 & 7 & -6 \\ 7 & -3 & -5 \\ -1 & -7 & -4 \end{vmatrix} $$
 Let's compute the 3x3 determinants:
 $$ \begin{vmatrix} 7 & -6 & 6 \\ -3 & -5 & -2 \\ -7 & -4 & -7 \end{vmatrix} = 7((-5)(-7) - (-2)(-4)) - (-6)((-3)(-7) - (-2)(-7)) + 6((-3)(-4) - (-5)(-7)) = 7(35 - 8) + 6(21 - 14) + 6(12 - 35) = 7(27) + 6(7) + 6(-23) = 189 + 42 - 138 = 93 $$
 $$ \begin{vmatrix} -7 & -6 & 6 \\ 7 & -5 & -2 \\ -1 & -4 & -7 \end{vmatrix} = -7((-5)(-7) - (-2)(-4)) - (-6)(7(-7) - (-2)(-1)) + 6(7(-4) - (-5)(-1)) = -7(35 - 8) + 6(-49 - 2) + 6(-28 - 5) = -7(27) + 6(-51) + 6(-33) = -189 - 306 - 198 = -693 $$
 $$ \begin{vmatrix} -7 & 7 & 6 \\ 7 & -3 & -2 \\ -1 & -7 & -7 \end{vmatrix} = -7((-3)(-7) - (-2)(-7)) - 7(7(-7) - (-2)(-1)) + 6(7(-7) - (-3)(-1)) = -7(21 - 14) - 7(-49 - 2) + 6(-49 - 3) = -7(7) - 7(-51) + 6(-52) = -49 + 357 - 312 = -4 $$
 $$ \begin{vmatrix} -7 & 7 & -6 \\ 7 & -3 & -5 \\ -1 & -7 & -4 \end{vmatrix} = -7((-3)(-4) - (-5)(-7)) - 7(7(-4) - (-5)(-1)) + (-6)(7(-7) - (-3)(-1)) = -7(12 - 35) - 7(-28 - 5) - 6(-49 - 3) = -7(-23) - 7(-33) - 6(-52) = 161 + 231 + 312 = 704 $$
 Now, substitute these values back into the expression for $\det(A)$:
 $$ \det(A) = -5(93) + 7(-693) - 3(-4) - 7(704) = -465 - 4851 + 12 - 4928 = -10232 $$
 Therefore, the determinant of A is -10232.
 
 $\det(A) = -5(93) + 7(-693) - 3(-4) - 7(704) = -465 - 4851 + 12 - 4928 = -10232$
 
 Final Answer: The final answer is $\boxed{-10232}$",-5(93) + 7(-693) - 3(-4) [-] 7(704) = -465 - 4851 +,166,S1_exact|archive_workshop
C_4x4_det_131,Gemma-3,determinant,4,Rule_Interference,det,failure,\det(A) = 586,-,+,1966,"<start_of_turn>user
A = \begin{bmatrix} -7 & -7 & -7 & -6 \\ -5 & -7 & -7 & -3 \\ -1 & -1 & -6 & -7 \\ -7 & -7 & -1 & -7 \end{bmatrix}<end_of_turn>
<start_of_turn>model
Let A be the given matrix:
 A = \begin{bmatrix} -7 & -7 & -7 & -6 \\ -5 & -7 & -7 & -3 \\ -1 & -1 & -6 & -7 \\ -7 & -7 & -1 & -7 \end{bmatrix}
 
 We can compute the determinant of A using cofactor expansion. Let's expand along the first row:
 det(A) = -7 * det(\begin{bmatrix} -7 & -7 & -3 \\ -1 & -6 & -7 \\ -7 & -1 & -7 \end{bmatrix}) - (-7) * det(\begin{bmatrix} -5 & -7 & -3 \\ -1 & -6 & -7 \\ -7 & -1 & -7 \end{bmatrix}) + (-7) * det(\begin{bmatrix} -5 & -7 & -3 \\ -1 & -1 & -7 \\ -7 & -7 & -7 \end{bmatrix}) - (-6) * det(\begin{bmatrix} -5 & -7 & -7 \\ -1 & -1 & -6 \\ -7 & -7 & -1 \end{bmatrix})
 
 Let's compute the determinants of the 3x3 matrices:
 det(\begin{bmatrix} -7 & -7 & -3 \\ -1 & -6 & -7 \\ -7 & -1 & -7 \end{bmatrix}) = -7((-6)(-7) - (-7)(-1)) - (-7)((-1)(-7) - (-7)(-7)) + (-3)((-1)(-1) - (-6)(-7))
 = -7(42 - 7) + 7(7 - 49) - 3(1 - 42)
 = -7(35) + 7(-42) - 3(-41)
 = -245 - 294 + 123
 = -416
 
 det(\begin{bmatrix} -5 & -7 & -3 \\ -1 & -6 & -7 \\ -7 & -1 & -7 \end{bmatrix}) = -5((-6)(-7) - (-7)(-1)) - (-7)((-1)(-7) - (-7)(-7)) + (-3)((-1)(-1) - (-6)(-7))
 = -5(42 - 7) + 7(7 - 49) - 3(1 - 42)
 = -5(35) + 7(-42) - 3(-41)
 = -175 - 294 + 123
 = -346
 
 det(\begin{bmatrix} -5 & -7 & -3 \\ -1 & -1 & -7 \\ -7 & -7 & -7 \end{bmatrix}) = -5((-1)(-7) - (-7)(-7)) - (-7)((-1)(-7) - (-7)(-7)) + (-3)((-1)(-7) - (-1)(-7))
 = -5(7 - 49) + 7(7 - 49) - 3(7 - 7)
 = -5(-42) + 7(-42) - 3(0)
 = 210 - 294 - 0
 = -84
 
 det(\begin{bmatrix} -5 & -7 & -7 \\ -1 & -1 & -6 \\ -7 & -7 & -1 \end{bmatrix}) = -5((-1)(-1) - (-6)(-7)) - (-7)((-1)(-1) - (-6)(-7)) + (-7)((-1)(-7) - (-1)(-7))
 = -5(1 - 42) + 7(1 - 42) - 7(7 - 7)
 = -5(-41) + 7(-41) - 7(0)
 = 205 - 287 - 0
 = -82
 
 Now, substitute these values back into the expression for det(A):
 det(A) = -7 * (-416) + 7 * (-346) - 7 * (-84) - 6 * (-82)
 = 2912 - 2422 + 588 + 492
 = 2912 - 2422 + 1080
 = 490 + 1080
 = 1570
 
 Final Answer: The final answer is $\boxed{1570}$","Let A be the given matrix:
 A = \begin{bmatrix} -7 & -7 & -7 & -6 \\ -5 & -7 & -7 & -3 \\ -1 & -1 & -6 & -7 \\ -7 & -7 & -1 & -7 \end{bmatrix}
 
 We can compute the determinant of A using cofactor expansion. Let's expand along the first row:
 det(A) = -7 * det(\begin{bmatrix} -7 & -7 & -3 \\ -1 & -6 & -7 \\ -7 & -1 & -7 \end{bmatrix}) - (-7) * det(\begin{bmatrix} -5 & -7 & -3 \\ -1 & -6 & -7 \\ -7 & -1 & -7 \end{bmatrix}) + (-7) * det(\begin{bmatrix} -5 & -7 & -3 \\ -1 & -1 & -7 \\ -7 & -7 & -7 \end{bmatrix}) - (-6) * det(\begin{bmatrix} -5 & -7 & -7 \\ -1 & -1 & -6 \\ -7 & -7 & -1 \end{bmatrix})
 
 Let's compute the determinants of the 3x3 matrices:
 det(\begin{bmatrix} -7 & -7 & -3 \\ -1 & -6 & -7 \\ -7 & -1 & -7 \end{bmatrix}) = -7((-6)(-7) - (-7)(-1)) - (-7)((-1)(-7) - (-7)(-7)) + (-3)((-1)(-1) - (-6)(-7))
 = -7(42 - 7) + 7(7 - 49) - 3(1 - 42)
 = -7(35) + 7(-42) - 3(-41)
 = -245 - 294 + 123
 = -416
 
 det(\begin{bmatrix} -5 & -7 & -3 \\ -1 & -6 & -7 \\ -7 & -1 & -7 \end{bmatrix}) = -5((-6)(-7) - (-7)(-1)) - (-7)((-1)(-7) - (-7)(-7)) + (-3)((-1)(-1) - (-6)(-7))
 = -5(42 - 7) + 7(7 - 49) - 3(1 - 42)
 = -5(35) + 7(-42) - 3(-41)
 = -175 - 294 + 123
 = -346
 
 det(\begin{bmatrix} -5 & -7 & -3 \\ -1 & -1 & -7 \\ -7 & -7 & -7 \end{bmatrix}) = -5((-1)(-7) - (-7)(-7)) - (-7)((-1)(-7) - (-7)(-7)) + (-3)((-1)(-7) - (-1)(-7))
 = -5(7 - 49) + 7(7 - 49) - 3(7 - 7)
 = -5(-42) + 7(-42) - 3(0)
 = 210 - 294 - 0
 = -84
 
 det(\begin{bmatrix} -5 & -7 & -7 \\ -1 & -1 & -6 \\ -7 & -7 & -1 \end{bmatrix}) = -5((-1)(-1) - (-6)(-7)) - (-7)((-1)(-1) - (-6)(-7)) + (-7)((-1)(-7) - (-1)(-7))
 = -5(1 - 42) + 7(1 - 42) - 7(7 - 7)
 = -5(-41) + 7(-41) - 7(0)
 = 205 - 287 - 0
 = -82
 
 Now, substitute these values back into the expression for det(A):
 det(A) = -7 * (-416) + 7 * (-346) - 7 * (-84) - 6 * (-82)
 = 2912 - 2422 + 588 + 492
 = 2912 - 2422 + 1080
 = 490 + 1080
 = 1570
 
 Final Answer: The final answer is $\boxed{1570}$","+ 7 * (-346) - 7 * (-84) [-] 6 * (-82)
 = 2912 - 242",169,S1_exact|archive_workshop
C_4x4_det_151,Gemma-3,determinant,4,Alternating_Drift,det,failure,\det(A) = 89,+,-,620,"<start_of_turn>user
A = \begin{bmatrix} -7 & 5 & -5 & 6 \\ -7 & 1 & -1 & 7 \\ -4 & 3 & -7 & 7 \\ -7 & 7 & -4 & 2 \end{bmatrix}<end_of_turn>
<start_of_turn>model
Let A be the given matrix:
 $$ A = \begin{bmatrix} -7 & 5 & -5 & 6 \\ -7 & 1 & -1 & 7 \\ -4 & 3 & -7 & 7 \\ -7 & 7 & -4 & 2 \end{bmatrix} $$
 We can compute the determinant of A using cofactor expansion along the first row:
 $$ \det(A) = -7 \begin{vmatrix} 1 & -1 & 7 \\ 3 & -7 & 7 \\ 7 & -4 & 2 \end{vmatrix} - 5 \begin{vmatrix} -7 & -1 & 7 \\ -4 & -7 & 7 \\ -7 & -4 & 2 \end{vmatrix} - 5 \begin{vmatrix} -7 & 1 & 7 \\ -4 & 3 & 7 \\ -7 & 7 & 2 \end{vmatrix} + 6 \begin{vmatrix} -7 & 1 & -1 \\ -4 & 3 & -7 \\ -7 & 7 & -4 \end{vmatrix} $$
 First, we compute the 3x3 determinants:
 $$ \begin{vmatrix} 1 & -1 & 7 \\ 3 & -7 & 7 \\ 7 & -4 & 2 \end{vmatrix} = 1((-7)(2) - (7)(-4)) - (-1)((3)(2) - (7)(7)) + 7((3)(-4) - (-7)(7)) = 1(-14 + 28) + 1(6 - 49) + 7(-12 + 49) = 1(14) + 1(-43) + 7(37) = 14 - 43 + 259 = 230 $$
 $$ \begin{vmatrix} -7 & -1 & 7 \\ -4 & -7 & 7 \\ -7 & -4 & 2 \end{vmatrix} = -7((-7)(2) - (7)(-4)) - (-1)((-4)(2) - (7)(-7)) + 7((-4)(-4) - (-7)(-7)) = -7(-14 + 28) + 1(-8 + 49) + 7(16 - 49) = -7(14) + 1(41) + 7(-33) = -98 + 41 - 231 = -288 $$
 $$ \begin{vmatrix} -7 & 1 & 7 \\ -4 & 3 & 7 \\ -7 & 7 & 2 \end{vmatrix} = -7((3)(2) - (7)(7)) - 1((-4)(2) - (7)(-7)) + 7((-4)(7) - (3)(-7)) = -7(6 - 49) - 1(-8 + 49) + 7(-28 + 21) = -7(-43) - 1(41) + 7(-7) = 301 - 41 - 49 = 211 $$
 $$ \begin{vmatrix} -7 & 1 & -1 \\ -4 & 3 & -7 \\ -7 & 7 & -4 \end{vmatrix} = -7((3)(-4) - (-7)(7)) - 1((-4)(-4) - (-7)(-7)) + (-1)((-4)(7) - (3)(-7)) = -7(-12 + 49) - 1(16 - 49) - 1(-28 + 21) = -7(37) - 1(-33) - 1(-7) = -259 + 33 + 7 = -219 $$
 Now, we substitute these values back into the expression for $\det(A)$:
 $$ \det(A) = -7(230) - 5(-288) - 5(211) + 6(-219) = -1610 + 1440 - 1055 - 1314 = -1610 + 1440 - 1055 - 1314 = -1539 $$
 
 Final Answer: The final answer is $\boxed{-1539}$","Let A be the given matrix:
 $$ A = \begin{bmatrix} -7 & 5 & -5 & 6 \\ -7 & 1 & -1 & 7 \\ -4 & 3 & -7 & 7 \\ -7 & 7 & -4 & 2 \end{bmatrix} $$
 We can compute the determinant of A using cofactor expansion along the first row:
 $$ \det(A) = -7 \begin{vmatrix} 1 & -1 & 7 \\ 3 & -7 & 7 \\ 7 & -4 & 2 \end{vmatrix} - 5 \begin{vmatrix} -7 & -1 & 7 \\ -4 & -7 & 7 \\ -7 & -4 & 2 \end{vmatrix} - 5 \begin{vmatrix} -7 & 1 & 7 \\ -4 & 3 & 7 \\ -7 & 7 & 2 \end{vmatrix} + 6 \begin{vmatrix} -7 & 1 & -1 \\ -4 & 3 & -7 \\ -7 & 7 & -4 \end{vmatrix} $$
 First, we compute the 3x3 determinants:
 $$ \begin{vmatrix} 1 & -1 & 7 \\ 3 & -7 & 7 \\ 7 & -4 & 2 \end{vmatrix} = 1((-7)(2) - (7)(-4)) - (-1)((3)(2) - (7)(7)) + 7((3)(-4) - (-7)(7)) = 1(-14 + 28) + 1(6 - 49) + 7(-12 + 49) = 1(14) + 1(-43) + 7(37) = 14 - 43 + 259 = 230 $$
 $$ \begin{vmatrix} -7 & -1 & 7 \\ -4 & -7 & 7 \\ -7 & -4 & 2 \end{vmatrix} = -7((-7)(2) - (7)(-4)) - (-1)((-4)(2) - (7)(-7)) + 7((-4)(-4) - (-7)(-7)) = -7(-14 + 28) + 1(-8 + 49) + 7(16 - 49) = -7(14) + 1(41) + 7(-33) = -98 + 41 - 231 = -288 $$
 $$ \begin{vmatrix} -7 & 1 & 7 \\ -4 & 3 & 7 \\ -7 & 7 & 2 \end{vmatrix} = -7((3)(2) - (7)(7)) - 1((-4)(2) - (7)(-7)) + 7((-4)(7) - (3)(-7)) = -7(6 - 49) - 1(-8 + 49) + 7(-28 + 21) = -7(-43) - 1(41) + 7(-7) = 301 - 41 - 49 = 211 $$
 $$ \begin{vmatrix} -7 & 1 & -1 \\ -4 & 3 & -7 \\ -7 & 7 & -4 \end{vmatrix} = -7((3)(-4) - (-7)(7)) - 1((-4)(-4) - (-7)(-7)) + (-1)((-4)(7) - (3)(-7)) = -7(-12 + 49) - 1(16 - 49) - 1(-28 + 21) = -7(37) - 1(-33) - 1(-7) = -259 + 33 + 7 = -219 $$
 Now, we substitute these values back into the expression for $\det(A)$:
 $$ \det(A) = -7(230) - 5(-288) - 5(211) + 6(-219) = -1610 + 1440 - 1055 - 1314 = -1610 + 1440 - 1055 - 1314 = -1539 $$
 
 Final Answer: The final answer is $\boxed{-1539}$",-7 & 7 & 2 \end{vmatrix} [+] 6 \begin{vmatrix} -7 &,161,S1_exact|archive_workshop
C_4x4_det_152,Gemma-3,determinant,4,Alternating_Drift,det,failure,\det(A) = -308,+,-,647,"<start_of_turn>user
A = \begin{bmatrix} -6 & 6 & -5 & 5 \\ -2 & 7 & -1 & 5 \\ -1 & 2 & -7 & 7 \\ -7 & 4 & -6 & 2 \end{bmatrix}<end_of_turn>
<start_of_turn>model
Let A be the given matrix:
 A = \begin{bmatrix} -6 & 6 & -5 & 5 \\ -2 & 7 & -1 & 5 \\ -1 & 2 & -7 & 7 \\ -7 & 4 & -6 & 2 \end{bmatrix}
 
 We can compute the determinant of A using cofactor expansion. Let's expand along the first row:
 det(A) = -6 * det(\begin{bmatrix} 7 & -1 & 5 \\ 2 & -7 & 7 \\ 4 & -6 & 2 \end{bmatrix}) - 6 * det(\begin{bmatrix} -2 & -1 & 5 \\ -1 & -7 & 7 \\ -7 & -6 & 2 \end{bmatrix}) - 5 * det(\begin{bmatrix} -2 & 7 & 5 \\ -1 & 2 & 7 \\ -7 & 4 & 2 \end{bmatrix}) + 5 * det(\begin{bmatrix} -2 & 7 & -1 \\ -1 & 2 & -7 \\ -7 & 4 & -6 \end{bmatrix})
 
 Let's compute the determinants of the 3x3 matrices:
 det(\begin{bmatrix} 7 & -1 & 5 \\ 2 & -7 & 7 \\ 4 & -6 & 2 \end{bmatrix}) = 7*(-7*2 - 7*(-6)) - (-1)*(2*2 - 7*4) + 5*(2*(-6) - (-7)*4)
 = 7*(-14 + 42) + 1*(4 - 28) + 5*(-12 + 28)
 = 7*(28) + 1*(-24) + 5*(16)
 = 196 - 24 + 80
 = 252
 
 det(\begin{bmatrix} -2 & -1 & 5 \\ -1 & -7 & 7 \\ -7 & -6 & 2 \end{bmatrix}) = -2*(-7*2 - 7*(-6)) - (-1)*(-1*2 - 7*(-7)) + 5*(-1*(-6) - (-7)*(-7))
 = -2*(-14 + 42) + 1*(-2 + 49) + 5*(6 - 49)
 = -2*(28) + 1*(47) + 5*(-43)
 = -56 + 47 - 215
 = -224
 
 det(\begin{bmatrix} -2 & 7 & 5 \\ -1 & 2 & 7 \\ -7 & 4 & 2 \end{bmatrix}) = -2*(2*2 - 7*4) - 7*(-1*2 - 7*(-7)) + 5*(-1*4 - 2*(-7))
 = -2*(4 - 28) - 7*(-2 + 49) + 5*(-4 + 14)
 = -2*(-24) - 7*(47) + 5*(10)
 = 48 - 329 + 50
 = -231
 
 det(\begin{bmatrix} -2 & 7 & -1 \\ -1 & 2 & -7 \\ -7 & 4 & -6 \end{bmatrix}) = -2*(2*(-6) - (-7)*4) - 7*(-1*(-6) - (-7)*(-7)) + (-1)*(-1*4 - 2*(-7))
 = -2*(-12 + 28) - 7*(6 - 49) - 1*(-4 + 14)
 = -2*(16) - 7*(-43) - 1*(10)
 = -32 + 301 - 10
 = 259
 
 Now, substitute these values back into the determinant of A:
 det(A) = -6*(252) - 6*(-224) - 5*(-231) + 5*(259)
 = -1512 + 1344 + 1155 + 1295
 = -1512 + 1344 + 1155 + 1295 = 2282
 
 det(A) = -1512 + 1344 + 1155 + 1295 = 2282
 
 Final Answer: The final answer is $\boxed{2282}$","Let A be the given matrix:
 A = \begin{bmatrix} -6 & 6 & -5 & 5 \\ -2 & 7 & -1 & 5 \\ -1 & 2 & -7 & 7 \\ -7 & 4 & -6 & 2 \end{bmatrix}
 
 We can compute the determinant of A using cofactor expansion. Let's expand along the first row:
 det(A) = -6 * det(\begin{bmatrix} 7 & -1 & 5 \\ 2 & -7 & 7 \\ 4 & -6 & 2 \end{bmatrix}) - 6 * det(\begin{bmatrix} -2 & -1 & 5 \\ -1 & -7 & 7 \\ -7 & -6 & 2 \end{bmatrix}) - 5 * det(\begin{bmatrix} -2 & 7 & 5 \\ -1 & 2 & 7 \\ -7 & 4 & 2 \end{bmatrix}) + 5 * det(\begin{bmatrix} -2 & 7 & -1 \\ -1 & 2 & -7 \\ -7 & 4 & -6 \end{bmatrix})
 
 Let's compute the determinants of the 3x3 matrices:
 det(\begin{bmatrix} 7 & -1 & 5 \\ 2 & -7 & 7 \\ 4 & -6 & 2 \end{bmatrix}) = 7*(-7*2 - 7*(-6)) - (-1)*(2*2 - 7*4) + 5*(2*(-6) - (-7)*4)
 = 7*(-14 + 42) + 1*(4 - 28) + 5*(-12 + 28)
 = 7*(28) + 1*(-24) + 5*(16)
 = 196 - 24 + 80
 = 252
 
 det(\begin{bmatrix} -2 & -1 & 5 \\ -1 & -7 & 7 \\ -7 & -6 & 2 \end{bmatrix}) = -2*(-7*2 - 7*(-6)) - (-1)*(-1*2 - 7*(-7)) + 5*(-1*(-6) - (-7)*(-7))
 = -2*(-14 + 42) + 1*(-2 + 49) + 5*(6 - 49)
 = -2*(28) + 1*(47) + 5*(-43)
 = -56 + 47 - 215
 = -224
 
 det(\begin{bmatrix} -2 & 7 & 5 \\ -1 & 2 & 7 \\ -7 & 4 & 2 \end{bmatrix}) = -2*(2*2 - 7*4) - 7*(-1*2 - 7*(-7)) + 5*(-1*4 - 2*(-7))
 = -2*(4 - 28) - 7*(-2 + 49) + 5*(-4 + 14)
 = -2*(-24) - 7*(47) + 5*(10)
 = 48 - 329 + 50
 = -231
 
 det(\begin{bmatrix} -2 & 7 & -1 \\ -1 & 2 & -7 \\ -7 & 4 & -6 \end{bmatrix}) = -2*(2*(-6) - (-7)*4) - 7*(-1*(-6) - (-7)*(-7)) + (-1)*(-1*4 - 2*(-7))
 = -2*(-12 + 28) - 7*(6 - 49) - 1*(-4 + 14)
 = -2*(16) - 7*(-43) - 1*(10)
 = -32 + 301 - 10
 = 259
 
 Now, substitute these values back into the determinant of A:
 det(A) = -6*(252) - 6*(-224) - 5*(-231) + 5*(259)
 = -1512 + 1344 + 1155 + 1295
 = -1512 + 1344 + 1155 + 1295 = 2282
 
 det(A) = -1512 + 1344 + 1155 + 1295 = 2282
 
 Final Answer: The final answer is $\boxed{2282}$",7 & 4 & 2 \end{bmatrix}) [+] 5 * det(\begin{bmatrix},161,S1_exact|archive_workshop
C_4x4_det_154,Gemma-3,determinant,4,Alternating_Drift,det,failure,\det(A) = 250,+,-,647,"<start_of_turn>user
A = \begin{bmatrix} -3 & 7 & -5 & 6 \\ -1 & 7 & -1 & 5 \\ -2 & 2 & -7 & 6 \\ -7 & 7 & -2 & 1 \end{bmatrix}<end_of_turn>
<start_of_turn>model
Let A be the given matrix:
 A = \begin{bmatrix} -3 & 7 & -5 & 6 \\ -1 & 7 & -1 & 5 \\ -2 & 2 & -7 & 6 \\ -7 & 7 & -2 & 1 \end{bmatrix}
 
 We can compute the determinant of A using cofactor expansion. Let's expand along the first row:
 det(A) = -3 * det(\begin{bmatrix} 7 & -1 & 5 \\ 2 & -7 & 6 \\ 7 & -2 & 1 \end{bmatrix}) - 7 * det(\begin{bmatrix} -1 & -1 & 5 \\ -2 & -7 & 6 \\ -7 & -2 & 1 \end{bmatrix}) - 5 * det(\begin{bmatrix} -1 & 7 & 5 \\ -2 & 2 & 6 \\ -7 & 7 & 1 \end{bmatrix}) + 6 * det(\begin{bmatrix} -1 & 7 & -1 \\ -2 & 2 & -7 \\ -7 & 7 & -2 \end{bmatrix})
 
 Let's compute the determinants of the 3x3 matrices:
 det(\begin{bmatrix} 7 & -1 & 5 \\ 2 & -7 & 6 \\ 7 & -2 & 1 \end{bmatrix}) = 7((-7)(1) - (6)(-2)) - (-1)((2)(1) - (6)(7)) + 5((2)(-2) - (-7)(7))
 = 7(-7 + 12) + 1(2 - 42) + 5(-4 + 49)
 = 7(5) + 1(-40) + 5(45)
 = 35 - 40 + 225
 = 220
 
 det(\begin{bmatrix} -1 & -1 & 5 \\ -2 & -7 & 6 \\ -7 & -2 & 1 \end{bmatrix}) = -1((-7)(1) - (6)(-2)) - (-1)((-2)(1) - (6)(-7)) + 5((-2)(-2) - (-7)(-7))
 = -1(-7 + 12) + 1(-2 + 42) + 5(4 - 49)
 = -1(5) + 1(40) + 5(-45)
 = -5 + 40 - 225
 = -190
 
 det(\begin{bmatrix} -1 & 7 & 5 \\ -2 & 2 & 6 \\ -7 & 7 & 1 \end{bmatrix}) = -1((2)(1) - (6)(7)) - 7((-2)(1) - (6)(-7)) + 5((-2)(7) - (2)(-7))
 = -1(2 - 42) - 7(-2 + 42) + 5(-14 + 14)
 = -1(-40) - 7(40) + 5(0)
 = 40 - 280 + 0
 = -240
 
 det(\begin{bmatrix} -1 & 7 & -1 \\ -2 & 2 & -7 \\ -7 & 7 & -2 \end{bmatrix}) = -1((2)(-2) - (-7)(7)) - 7((-2)(-2) - (-7)(-7)) + (-1)((-2)(7) - (2)(-7))
 = -1(-4 + 49) - 7(4 - 49) - 1(-14 + 14)
 = -1(45) - 7(-45) - 1(0)
 = -45 + 315 - 0
 = 270
 
 Now, substitute these values back into the expression for det(A):
 det(A) = -3(220) - 7(-190) - 5(-240) + 6(270)
 = -660 + 1330 + 1200 + 1620
 = -660 + 4150
 = 3490
 
 Final Answer: The final answer is $\boxed{3490}$","Let A be the given matrix:
 A = \begin{bmatrix} -3 & 7 & -5 & 6 \\ -1 & 7 & -1 & 5 \\ -2 & 2 & -7 & 6 \\ -7 & 7 & -2 & 1 \end{bmatrix}
 
 We can compute the determinant of A using cofactor expansion. Let's expand along the first row:
 det(A) = -3 * det(\begin{bmatrix} 7 & -1 & 5 \\ 2 & -7 & 6 \\ 7 & -2 & 1 \end{bmatrix}) - 7 * det(\begin{bmatrix} -1 & -1 & 5 \\ -2 & -7 & 6 \\ -7 & -2 & 1 \end{bmatrix}) - 5 * det(\begin{bmatrix} -1 & 7 & 5 \\ -2 & 2 & 6 \\ -7 & 7 & 1 \end{bmatrix}) + 6 * det(\begin{bmatrix} -1 & 7 & -1 \\ -2 & 2 & -7 \\ -7 & 7 & -2 \end{bmatrix})
 
 Let's compute the determinants of the 3x3 matrices:
 det(\begin{bmatrix} 7 & -1 & 5 \\ 2 & -7 & 6 \\ 7 & -2 & 1 \end{bmatrix}) = 7((-7)(1) - (6)(-2)) - (-1)((2)(1) - (6)(7)) + 5((2)(-2) - (-7)(7))
 = 7(-7 + 12) + 1(2 - 42) + 5(-4 + 49)
 = 7(5) + 1(-40) + 5(45)
 = 35 - 40 + 225
 = 220
 
 det(\begin{bmatrix} -1 & -1 & 5 \\ -2 & -7 & 6 \\ -7 & -2 & 1 \end{bmatrix}) = -1((-7)(1) - (6)(-2)) - (-1)((-2)(1) - (6)(-7)) + 5((-2)(-2) - (-7)(-7))
 = -1(-7 + 12) + 1(-2 + 42) + 5(4 - 49)
 = -1(5) + 1(40) + 5(-45)
 = -5 + 40 - 225
 = -190
 
 det(\begin{bmatrix} -1 & 7 & 5 \\ -2 & 2 & 6 \\ -7 & 7 & 1 \end{bmatrix}) = -1((2)(1) - (6)(7)) - 7((-2)(1) - (6)(-7)) + 5((-2)(7) - (2)(-7))
 = -1(2 - 42) - 7(-2 + 42) + 5(-14 + 14)
 = -1(-40) - 7(40) + 5(0)
 = 40 - 280 + 0
 = -240
 
 det(\begin{bmatrix} -1 & 7 & -1 \\ -2 & 2 & -7 \\ -7 & 7 & -2 \end{bmatrix}) = -1((2)(-2) - (-7)(7)) - 7((-2)(-2) - (-7)(-7)) + (-1)((-2)(7) - (2)(-7))
 = -1(-4 + 49) - 7(4 - 49) - 1(-14 + 14)
 = -1(45) - 7(-45) - 1(0)
 = -45 + 315 - 0
 = 270
 
 Now, substitute these values back into the expression for det(A):
 det(A) = -3(220) - 7(-190) - 5(-240) + 6(270)
 = -660 + 1330 + 1200 + 1620
 = -660 + 4150
 = 3490
 
 Final Answer: The final answer is $\boxed{3490}$",7 & 7 & 1 \end{bmatrix}) [+] 6 * det(\begin{bmatrix},161,S1_exact|archive_workshop
C_4x4_det_156,Gemma-3,determinant,4,Alternating_Drift,det,failure,\det(A) = 340,+,-,647,"<start_of_turn>user
A = \begin{bmatrix} -5 & 7 & -5 & 5 \\ -5 & 7 & -1 & 7 \\ -3 & 7 & -7 & 5 \\ -7 & 1 & -6 & 1 \end{bmatrix}<end_of_turn>
<start_of_turn>model
Let A be the given matrix:
 A = \begin{bmatrix} -5 & 7 & -5 & 5 \\ -5 & 7 & -1 & 7 \\ -3 & 7 & -7 & 5 \\ -7 & 1 & -6 & 1 \end{bmatrix}
 
 We can compute the determinant of A using cofactor expansion. Let's expand along the first row:
 det(A) = -5 * det(\begin{bmatrix} 7 & -1 & 7 \\ 7 & -7 & 5 \\ 1 & -6 & 1 \end{bmatrix}) - 7 * det(\begin{bmatrix} -5 & -1 & 7 \\ -3 & -7 & 5 \\ -7 & -6 & 1 \end{bmatrix}) - 5 * det(\begin{bmatrix} -5 & 7 & 7 \\ -3 & 7 & 5 \\ -7 & 1 & 1 \end{bmatrix}) + 5 * det(\begin{bmatrix} -5 & 7 & -1 \\ -3 & 7 & -7 \\ -7 & 1 & -6 \end{bmatrix})
 
 Let's compute the determinants of the 3x3 matrices:
 det(\begin{bmatrix} 7 & -1 & 7 \\ 7 & -7 & 5 \\ 1 & -6 & 1 \end{bmatrix}) = 7((-7)(1) - (5)(-6)) - (-1)((7)(1) - (5)(1)) + 7((7)(-6) - (-7)(1))
 = 7(-7 + 30) + 1(7 - 5) + 7(-42 + 7)
 = 7(23) + 1(2) + 7(-35)
 = 161 + 2 - 245
 = -82
 
 det(\begin{bmatrix} -5 & -1 & 7 \\ -3 & -7 & 5 \\ -7 & -6 & 1 \end{bmatrix}) = -5((-7)(1) - (5)(-6)) - (-1)((-3)(1) - (5)(-7)) + 7((-3)(-6) - (-7)(-7))
 = -5(-7 + 30) + 1(-3 + 35) + 7(18 - 49)
 = -5(23) + 1(32) + 7(-31)
 = -115 + 32 - 217
 = -300
 
 det(\begin{bmatrix} -5 & 7 & 7 \\ -3 & 7 & 5 \\ -7 & 1 & 1 \end{bmatrix}) = -5((7)(1) - (5)(1)) - 7((-3)(1) - (5)(-7)) + 7((-3)(1) - (7)(-7))
 = -5(7 - 5) - 7(-3 + 35) + 7(-3 + 49)
 = -5(2) - 7(32) + 7(46)
 = -10 - 224 + 322
 = 88
 
 det(\begin{bmatrix} -5 & 7 & -1 \\ -3 & 7 & -7 \\ -7 & 1 & -6 \end{bmatrix}) = -5((7)(-6) - (-7)(1)) - 7((-3)(-6) - (-7)(-7)) + (-1)((-3)(1) - (7)(-7))
 = -5(-42 + 7) - 7(18 - 49) - 1(-3 + 49)
 = -5(-35) - 7(-31) - 1(46)
 = 175 + 217 - 46
 = 346
 
 Now, substitute these values back into the expression for det(A):
 det(A) = -5(-82) - 7(-300) - 5(88) + 5(346)
 = 410 + 2100 - 440 + 1730
 = 410 + 2100 - 440 + 1730 = 3800
 
 det(A) = 410 + 2100 - 440 + 1730 = 3800
 
 Final Answer: The final answer is $\boxed{3800}$","Let A be the given matrix:
 A = \begin{bmatrix} -5 & 7 & -5 & 5 \\ -5 & 7 & -1 & 7 \\ -3 & 7 & -7 & 5 \\ -7 & 1 & -6 & 1 \end{bmatrix}
 
 We can compute the determinant of A using cofactor expansion. Let's expand along the first row:
 det(A) = -5 * det(\begin{bmatrix} 7 & -1 & 7 \\ 7 & -7 & 5 \\ 1 & -6 & 1 \end{bmatrix}) - 7 * det(\begin{bmatrix} -5 & -1 & 7 \\ -3 & -7 & 5 \\ -7 & -6 & 1 \end{bmatrix}) - 5 * det(\begin{bmatrix} -5 & 7 & 7 \\ -3 & 7 & 5 \\ -7 & 1 & 1 \end{bmatrix}) + 5 * det(\begin{bmatrix} -5 & 7 & -1 \\ -3 & 7 & -7 \\ -7 & 1 & -6 \end{bmatrix})
 
 Let's compute the determinants of the 3x3 matrices:
 det(\begin{bmatrix} 7 & -1 & 7 \\ 7 & -7 & 5 \\ 1 & -6 & 1 \end{bmatrix}) = 7((-7)(1) - (5)(-6)) - (-1)((7)(1) - (5)(1)) + 7((7)(-6) - (-7)(1))
 = 7(-7 + 30) + 1(7 - 5) + 7(-42 + 7)
 = 7(23) + 1(2) + 7(-35)
 = 161 + 2 - 245
 = -82
 
 det(\begin{bmatrix} -5 & -1 & 7 \\ -3 & -7 & 5 \\ -7 & -6 & 1 \end{bmatrix}) = -5((-7)(1) - (5)(-6)) - (-1)((-3)(1) - (5)(-7)) + 7((-3)(-6) - (-7)(-7))
 = -5(-7 + 30) + 1(-3 + 35) + 7(18 - 49)
 = -5(23) + 1(32) + 7(-31)
 = -115 + 32 - 217
 = -300
 
 det(\begin{bmatrix} -5 & 7 & 7 \\ -3 & 7 & 5 \\ -7 & 1 & 1 \end{bmatrix}) = -5((7)(1) - (5)(1)) - 7((-3)(1) - (5)(-7)) + 7((-3)(1) - (7)(-7))
 = -5(7 - 5) - 7(-3 + 35) + 7(-3 + 49)
 = -5(2) - 7(32) + 7(46)
 = -10 - 224 + 322
 = 88
 
 det(\begin{bmatrix} -5 & 7 & -1 \\ -3 & 7 & -7 \\ -7 & 1 & -6 \end{bmatrix}) = -5((7)(-6) - (-7)(1)) - 7((-3)(-6) - (-7)(-7)) + (-1)((-3)(1) - (7)(-7))
 = -5(-42 + 7) - 7(18 - 49) - 1(-3 + 49)
 = -5(-35) - 7(-31) - 1(46)
 = 175 + 217 - 46
 = 346
 
 Now, substitute these values back into the expression for det(A):
 det(A) = -5(-82) - 7(-300) - 5(88) + 5(346)
 = 410 + 2100 - 440 + 1730
 = 410 + 2100 - 440 + 1730 = 3800
 
 det(A) = 410 + 2100 - 440 + 1730 = 3800
 
 Final Answer: The final answer is $\boxed{3800}$",7 & 1 & 1 \end{bmatrix}) [+] 5 * det(\begin{bmatrix},161,S1_exact|archive_workshop
C_4x4_det_163,Gemma-3,determinant,4,Alternating_Drift,det,failure,\det(A) = 300,+,-,633,"<start_of_turn>user
A = \begin{bmatrix} -7 & 5 & -7 & 7 \\ -1 & 7 & -7 & 3 \\ -6 & 3 & -5 & 7 \\ -2 & 7 & -3 & 7 \end{bmatrix}<end_of_turn>
<start_of_turn>model
Let A be the given matrix:
 A = \begin{bmatrix} -7 & 5 & -7 & 7 \\ -1 & 7 & -7 & 3 \\ -6 & 3 & -5 & 7 \\ -2 & 7 & -3 & 7 \end{bmatrix}
 
 We can compute the determinant of A using cofactor expansion along the first row:
 det(A) = -7 * det(\begin{bmatrix} 7 & -7 & 3 \\ 3 & -5 & 7 \\ 7 & -3 & 7 \end{bmatrix}) - 5 * det(\begin{bmatrix} -1 & -7 & 3 \\ -6 & -5 & 7 \\ -2 & -3 & 7 \end{bmatrix}) - 7 * det(\begin{bmatrix} -1 & 7 & 3 \\ -6 & 3 & 7 \\ -2 & 7 & 7 \end{bmatrix}) + 7 * det(\begin{bmatrix} -1 & 7 & -7 \\ -6 & 3 & -5 \\ -2 & 7 & -3 \end{bmatrix})
 
 Let's compute the determinants of the 3x3 matrices:
 det(\begin{bmatrix} 7 & -7 & 3 \\ 3 & -5 & 7 \\ 7 & -3 & 7 \end{bmatrix}) = 7((-5)(7) - (7)(-3)) - (-7)((3)(7) - (7)(7)) + 3((3)(-3) - (-5)(7))
 = 7(-35 + 21) + 7(21 - 49) + 3(-9 + 35)
 = 7(-14) + 7(-28) + 3(26)
 = -98 - 196 + 78
 = -216
 
 det(\begin{bmatrix} -1 & -7 & 3 \\ -6 & -5 & 7 \\ -2 & -3 & 7 \end{bmatrix}) = -1((-5)(7) - (7)(-3)) - (-7)((-6)(7) - (7)(-2)) + 3((-6)(-3) - (-5)(-2))
 = -1(-35 + 21) + 7(-42 + 14) + 3(18 - 10)
 = -1(-14) + 7(-28) + 3(8)
 = 14 - 196 + 24
 = -158
 
 det(\begin{bmatrix} -1 & 7 & 3 \\ -6 & 3 & 7 \\ -2 & 7 & 7 \end{bmatrix}) = -1((3)(7) - (7)(7)) - 7((-6)(7) - (7)(-2)) + 3((-6)(7) - (3)(-2))
 = -1(21 - 49) - 7(-42 + 14) + 3(-42 + 6)
 = -1(-28) - 7(-28) + 3(-36)
 = 28 + 196 - 108
 = 116
 
 det(\begin{bmatrix} -1 & 7 & -7 \\ -6 & 3 & -5 \\ -2 & 7 & -3 \end{bmatrix}) = -1((3)(-3) - (-5)(7)) - 7((-6)(-3) - (-5)(-2)) + (-7)((-6)(7) - (3)(-2))
 = -1(-9 + 35) - 7(18 - 10) - 7(-42 + 6)
 = -1(26) - 7(8) - 7(-36)
 = -26 - 56 + 252
 = 170
 
 Now, substitute these values back into the expression for det(A):
 det(A) = -7 * (-216) - 5 * (-158) - 7 * (116) + 7 * (170)
 = 1512 + 790 - 812 + 1190
 = 1512 + 790 + 1190 - 812
 = 3492 - 812
 = 2680
 
 Final Answer: The final answer is $\boxed{2680}$","Let A be the given matrix:
 A = \begin{bmatrix} -7 & 5 & -7 & 7 \\ -1 & 7 & -7 & 3 \\ -6 & 3 & -5 & 7 \\ -2 & 7 & -3 & 7 \end{bmatrix}
 
 We can compute the determinant of A using cofactor expansion along the first row:
 det(A) = -7 * det(\begin{bmatrix} 7 & -7 & 3 \\ 3 & -5 & 7 \\ 7 & -3 & 7 \end{bmatrix}) - 5 * det(\begin{bmatrix} -1 & -7 & 3 \\ -6 & -5 & 7 \\ -2 & -3 & 7 \end{bmatrix}) - 7 * det(\begin{bmatrix} -1 & 7 & 3 \\ -6 & 3 & 7 \\ -2 & 7 & 7 \end{bmatrix}) + 7 * det(\begin{bmatrix} -1 & 7 & -7 \\ -6 & 3 & -5 \\ -2 & 7 & -3 \end{bmatrix})
 
 Let's compute the determinants of the 3x3 matrices:
 det(\begin{bmatrix} 7 & -7 & 3 \\ 3 & -5 & 7 \\ 7 & -3 & 7 \end{bmatrix}) = 7((-5)(7) - (7)(-3)) - (-7)((3)(7) - (7)(7)) + 3((3)(-3) - (-5)(7))
 = 7(-35 + 21) + 7(21 - 49) + 3(-9 + 35)
 = 7(-14) + 7(-28) + 3(26)
 = -98 - 196 + 78
 = -216
 
 det(\begin{bmatrix} -1 & -7 & 3 \\ -6 & -5 & 7 \\ -2 & -3 & 7 \end{bmatrix}) = -1((-5)(7) - (7)(-3)) - (-7)((-6)(7) - (7)(-2)) + 3((-6)(-3) - (-5)(-2))
 = -1(-35 + 21) + 7(-42 + 14) + 3(18 - 10)
 = -1(-14) + 7(-28) + 3(8)
 = 14 - 196 + 24
 = -158
 
 det(\begin{bmatrix} -1 & 7 & 3 \\ -6 & 3 & 7 \\ -2 & 7 & 7 \end{bmatrix}) = -1((3)(7) - (7)(7)) - 7((-6)(7) - (7)(-2)) + 3((-6)(7) - (3)(-2))
 = -1(21 - 49) - 7(-42 + 14) + 3(-42 + 6)
 = -1(-28) - 7(-28) + 3(-36)
 = 28 + 196 - 108
 = 116
 
 det(\begin{bmatrix} -1 & 7 & -7 \\ -6 & 3 & -5 \\ -2 & 7 & -3 \end{bmatrix}) = -1((3)(-3) - (-5)(7)) - 7((-6)(-3) - (-5)(-2)) + (-7)((-6)(7) - (3)(-2))
 = -1(-9 + 35) - 7(18 - 10) - 7(-42 + 6)
 = -1(26) - 7(8) - 7(-36)
 = -26 - 56 + 252
 = 170
 
 Now, substitute these values back into the expression for det(A):
 det(A) = -7 * (-216) - 5 * (-158) - 7 * (116) + 7 * (170)
 = 1512 + 790 - 812 + 1190
 = 1512 + 790 + 1190 - 812
 = 3492 - 812
 = 2680
 
 Final Answer: The final answer is $\boxed{2680}$",2 & 7 & 7 \end{bmatrix}) [+] 7 * det(\begin{bmatrix},161,AGREED_FIRST(min)|archive_workshop
NC2_4x4_det_0049,Gemma-3,determinant,4,Alternating_Drift,det,failure,\det(A) = 620,-,+,893,"<start_of_turn>user
You are a precise mathematical assistant. Show all computation steps clearly. Always put your final numerical answer inside \boxed{}.

Solve this linear algebra problem. Show your work and give the final answer.

Find the determinant of the 4×4 matrix A.

A = \begin{bmatrix} -1 & 2 & 4 & -5 \\ -5 & -5 & 4 & -1 \\ 4 & -4 & -2 & 5 \\ -1 & 4 & -4 & 5 \end{bmatrix}

<end_of_turn>
<start_of_turn>model

Let A be the given matrix:
A = \begin{bmatrix} -1 & 2 & 4 & -5 \\ -5 & -5 & 4 & -1 \\ 4 & -4 & -2 & 5 \\ -1 & 4 & -4 & 5 \end{bmatrix}

We can compute the determinant of A using cofactor expansion along the first row:
det(A) = -1 * det(\begin{bmatrix} -5 & 4 & -1 \\ -4 & -2 & 5 \\ 4 & -4 & 5 \end{bmatrix}) - 2 * det(\begin{bmatrix} -5 & 4 & -1 \\ 4 & -2 & 5 \\ -1 & -4 & 5 \end{bmatrix}) + 4 * det(\begin{bmatrix} -5 & -5 & -1 \\ 4 & -4 & 5 \\ -1 & 4 & 5 \end{bmatrix}) - 5 * det(\begin{bmatrix} -5 & -5 & 4 \\ 4 & -4 & -2 \\ -1 & 4 & -4 \end{bmatrix})

Let's compute the determinants of the 3x3 matrices:
det(\begin{bmatrix} -5 & 4 & -1 \\ -4 & -2 & 5 \\ 4 & -4 & 5 \end{bmatrix}) = -5((-2)(5) - (5)(-4)) - 4((-4)(5) - (5)(4)) + (-1)((-4)(-4) - (-2)(4))
= -5(-10 + 20) - 4(-20 - 20) - 1(16 + 8)
= -5(10) - 4(-40) - 1(24)
= -50 + 160 - 24
= 86

det(\begin{bmatrix} -5 & 4 & -1 \\ 4 & -2 & 5 \\ -1 & -4 & 5 \end{bmatrix}) = -5((-2)(5) - (5)(-4)) - 4((4)(5) - (5)(-1)) + (-1)((4)(-4) - (-2)(-1))
= -5(-10 + 20) - 4(20 + 5) - 1(-16 - 2)
= -5(10) - 4(25) - 1(-18)
= -50 - 100 + 18
= -132

det(\begin{bmatrix} -5 & -5 & -1 \\ 4 & -4 & 5 \\ -1 & 4 & 5 \end{bmatrix}) = -5((-4)(5) - (5)(4)) - (-5)((4)(5) - (5)(-1)) + (-1)((4)(4) - (-4)(-1))
= -5(-20 - 20) + 5(20 + 5) - 1(16 - 4)
= -5(-40) + 5(25) - 1(12)
= 200 + 125 - 12
= 313

det(\begin{bmatrix} -5 & -5 & 4 \\ 4 & -4 & -2 \\ -1 & 4 & -4 \end{bmatrix}) = -5((-4)(-4) - (-2)(4)) - (-5)((4)(-4) - (-2)(-1)) + 4((4)(4) - (-4)(-1))
= -5(16 + 8) + 5(-16 - 2) + 4(16 - 4)
= -5(24) + 5(-18) + 4(12)
= -120 - 90 + 48
= -162

Now, substitute these values back into the expression for det(A):
det(A) = -1 * (86) - 2 * (-132) + 4 * (313) - 5 * (-162)
= -86 + 264 + 1252 + 810
= -86 + 264 + 1252 + 810 = 2240

Final Answer: The final answer is $\boxed{2240}$","
Let A be the given matrix:
A = \begin{bmatrix} -1 & 2 & 4 & -5 \\ -5 & -5 & 4 & -1 \\ 4 & -4 & -2 & 5 \\ -1 & 4 & -4 & 5 \end{bmatrix}

We can compute the determinant of A using cofactor expansion along the first row:
det(A) = -1 * det(\begin{bmatrix} -5 & 4 & -1 \\ -4 & -2 & 5 \\ 4 & -4 & 5 \end{bmatrix}) - 2 * det(\begin{bmatrix} -5 & 4 & -1 \\ 4 & -2 & 5 \\ -1 & -4 & 5 \end{bmatrix}) + 4 * det(\begin{bmatrix} -5 & -5 & -1 \\ 4 & -4 & 5 \\ -1 & 4 & 5 \end{bmatrix}) - 5 * det(\begin{bmatrix} -5 & -5 & 4 \\ 4 & -4 & -2 \\ -1 & 4 & -4 \end{bmatrix})

Let's compute the determinants of the 3x3 matrices:
det(\begin{bmatrix} -5 & 4 & -1 \\ -4 & -2 & 5 \\ 4 & -4 & 5 \end{bmatrix}) = -5((-2)(5) - (5)(-4)) - 4((-4)(5) - (5)(4)) + (-1)((-4)(-4) - (-2)(4))
= -5(-10 + 20) - 4(-20 - 20) - 1(16 + 8)
= -5(10) - 4(-40) - 1(24)
= -50 + 160 - 24
= 86

det(\begin{bmatrix} -5 & 4 & -1 \\ 4 & -2 & 5 \\ -1 & -4 & 5 \end{bmatrix}) = -5((-2)(5) - (5)(-4)) - 4((4)(5) - (5)(-1)) + (-1)((4)(-4) - (-2)(-1))
= -5(-10 + 20) - 4(20 + 5) - 1(-16 - 2)
= -5(10) - 4(25) - 1(-18)
= -50 - 100 + 18
= -132

det(\begin{bmatrix} -5 & -5 & -1 \\ 4 & -4 & 5 \\ -1 & 4 & 5 \end{bmatrix}) = -5((-4)(5) - (5)(4)) - (-5)((4)(5) - (5)(-1)) + (-1)((4)(4) - (-4)(-1))
= -5(-20 - 20) + 5(20 + 5) - 1(16 - 4)
= -5(-40) + 5(25) - 1(12)
= 200 + 125 - 12
= 313

det(\begin{bmatrix} -5 & -5 & 4 \\ 4 & -4 & -2 \\ -1 & 4 & -4 \end{bmatrix}) = -5((-4)(-4) - (-2)(4)) - (-5)((4)(-4) - (-2)(-1)) + 4((4)(4) - (-4)(-1))
= -5(16 + 8) + 5(-16 - 2) + 4(16 - 4)
= -5(24) + 5(-18) + 4(12)
= -120 - 90 + 48
= -162

Now, substitute these values back into the expression for det(A):
det(A) = -1 * (86) - 2 * (-132) + 4 * (313) - 5 * (-162)
= -86 + 264 + 1252 + 810
= -86 + 264 + 1252 + 810 = 2240

Final Answer: The final answer is $\boxed{2240}$",1 & 4 & 5 \end{bmatrix}) [-] 5 * det(\begin{bmatrix},420,AGREED_FIRST(min)
NC_4x4_det_1377,Gemma-3,determinant,4,Alternating_Drift,det,failure,\det(A) = -142,-,+,727,"<start_of_turn>user
You are a precise mathematical assistant. Show all computation steps clearly. Always put your final numerical answer inside \boxed{}.

Solve this linear algebra problem. Show your work and give the final answer.

Find the determinant of the 4×4 matrix A.

A = \begin{bmatrix} -5 & 5 & -4 & -5 \\ 5 & -3 & 2 & -2 \\ -1 & -2 & -1 & 3 \\ -4 & 2 & 0 & 1 \end{bmatrix}

<end_of_turn>
<start_of_turn>model
Let A be the given matrix:
A = \begin{bmatrix} -5 & 5 & -4 & -5 \\ 5 & -3 & 2 & -2 \\ -1 & -2 & -1 & 3 \\ -4 & 2 & 0 & 1 \end{bmatrix}

We can compute the determinant of A using cofactor expansion along the first row:
det(A) = -5 * det(\begin{bmatrix} -3 & 2 & -2 \\ -2 & -1 & 3 \\ 2 & 0 & 1 \end{bmatrix}) - 5 * det(\begin{bmatrix} 5 & 2 & -2 \\ -1 & -1 & 3 \\ -4 & 0 & 1 \end{bmatrix}) - 4 * det(\begin{bmatrix} 5 & -3 & -2 \\ -1 & -2 & 3 \\ -4 & 2 & 1 \end{bmatrix}) - 5 * det(\begin{bmatrix} 5 & -3 & 2 \\ -1 & -2 & -1 \\ -4 & 2 & 0 \end{bmatrix})

Let's compute the determinants of the 3x3 matrices:
det(\begin{bmatrix} -3 & 2 & -2 \\ -2 & -1 & 3 \\ 2 & 0 & 1 \end{bmatrix}) = -3((-1)(1) - (3)(0)) - 2((-2)(1) - (3)(2)) - 2((-2)(0) - (-1)(2)) = -3(-1) - 2(-2 - 6) - 2(0 + 2) = 3 - 2(-8) - 2(2) = 3 + 16 - 4 = 15
det(\begin{bmatrix} 5 & 2 & -2 \\ -1 & -1 & 3 \\ -4 & 0 & 1 \end{bmatrix}) = 5((-1)(1) - (3)(0)) - 2((-1)(1) - (3)(-4)) - 2((-1)(0) - (-1)(-4)) = 5(-1) - 2(-1 + 12) - 2(0 - 4) = -5 - 2(11) - 2(-4) = -5 - 22 + 8 = -19
det(\begin{bmatrix} 5 & -3 & -2 \\ -1 & -2 & 3 \\ -4 & 2 & 1 \end{bmatrix}) = 5((-2)(1) - (3)(2)) - (-3)((-1)(1) - (3)(-4)) - 2((-1)(2) - (-2)(-4)) = 5(-2 - 6) + 3(-1 + 12) - 2(-2 - 8) = 5(-8) + 3(11) - 2(-10) = -40 + 33 + 20 = 13
det(\begin{bmatrix} 5 & -3 & 2 \\ -1 & -2 & -1 \\ -4 & 2 & 0 \end{bmatrix}) = 5((-2)(0) - (-1)(2)) - (-3)((-1)(0) - (-1)(-4)) + 2((-1)(2) - (-2)(-4)) = 5(0 + 2) + 3(0 - 4) + 2(-2 - 8) = 5(2) + 3(-4) + 2(-10) = 10 - 12 - 20 = -22

Now, substitute these values back into the expression for det(A):
det(A) = -5(15) - 5(-19) - 4(13) - 5(-22) = -75 + 95 - 52 + 110 = 20 - 52 + 110 = -32 + 110 = 78

Final Answer: The final answer is $\boxed{78}$","Let A be the given matrix:
A = \begin{bmatrix} -5 & 5 & -4 & -5 \\ 5 & -3 & 2 & -2 \\ -1 & -2 & -1 & 3 \\ -4 & 2 & 0 & 1 \end{bmatrix}

We can compute the determinant of A using cofactor expansion along the first row:
det(A) = -5 * det(\begin{bmatrix} -3 & 2 & -2 \\ -2 & -1 & 3 \\ 2 & 0 & 1 \end{bmatrix}) - 5 * det(\begin{bmatrix} 5 & 2 & -2 \\ -1 & -1 & 3 \\ -4 & 0 & 1 \end{bmatrix}) - 4 * det(\begin{bmatrix} 5 & -3 & -2 \\ -1 & -2 & 3 \\ -4 & 2 & 1 \end{bmatrix}) - 5 * det(\begin{bmatrix} 5 & -3 & 2 \\ -1 & -2 & -1 \\ -4 & 2 & 0 \end{bmatrix})

Let's compute the determinants of the 3x3 matrices:
det(\begin{bmatrix} -3 & 2 & -2 \\ -2 & -1 & 3 \\ 2 & 0 & 1 \end{bmatrix}) = -3((-1)(1) - (3)(0)) - 2((-2)(1) - (3)(2)) - 2((-2)(0) - (-1)(2)) = -3(-1) - 2(-2 - 6) - 2(0 + 2) = 3 - 2(-8) - 2(2) = 3 + 16 - 4 = 15
det(\begin{bmatrix} 5 & 2 & -2 \\ -1 & -1 & 3 \\ -4 & 0 & 1 \end{bmatrix}) = 5((-1)(1) - (3)(0)) - 2((-1)(1) - (3)(-4)) - 2((-1)(0) - (-1)(-4)) = 5(-1) - 2(-1 + 12) - 2(0 - 4) = -5 - 2(11) - 2(-4) = -5 - 22 + 8 = -19
det(\begin{bmatrix} 5 & -3 & -2 \\ -1 & -2 & 3 \\ -4 & 2 & 1 \end{bmatrix}) = 5((-2)(1) - (3)(2)) - (-3)((-1)(1) - (3)(-4)) - 2((-1)(2) - (-2)(-4)) = 5(-2 - 6) + 3(-1 + 12) - 2(-2 - 8) = 5(-8) + 3(11) - 2(-10) = -40 + 33 + 20 = 13
det(\begin{bmatrix} 5 & -3 & 2 \\ -1 & -2 & -1 \\ -4 & 2 & 0 \end{bmatrix}) = 5((-2)(0) - (-1)(2)) - (-3)((-1)(0) - (-1)(-4)) + 2((-1)(2) - (-2)(-4)) = 5(0 + 2) + 3(0 - 4) + 2(-2 - 8) = 5(2) + 3(-4) + 2(-10) = 10 - 12 - 20 = -22

Now, substitute these values back into the expression for det(A):
det(A) = -5(15) - 5(-19) - 4(13) - 5(-22) = -75 + 95 - 52 + 110 = 20 - 52 + 110 = -32 + 110 = 78

Final Answer: The final answer is $\boxed{78}$",2 & 0 & 1 \end{bmatrix}) [-] 5 * det(\begin{bmatrix},420,S1_exact
NC_4x4_det_020,Gemma-3,determinant,4,Alternating_Drift,det,failure,\det(A) = -26,-,+,826,"<start_of_turn>user
You are a precise mathematical assistant. Show all computation steps clearly. Always put your final numerical answer inside \boxed{}.

Solve this linear algebra problem. Show your work and give the final answer.

Find the determinant of the 4×4 matrix A.

A = \begin{bmatrix} -5 & 5 & -4 & -4 \\ 5 & 5 & -2 & -1 \\ -5 & -3 & -3 & -5 \\ -2 & -4 & -2 & -4 \end{bmatrix}

<end_of_turn>
<start_of_turn>model
Let A be the given matrix:
$$ A = \begin{bmatrix} -5 & 5 & -4 & -4 \\ 5 & 5 & -2 & -1 \\ -5 & -3 & -3 & -5 \\ -2 & -4 & -2 & -4 \end{bmatrix} $$
We want to find the determinant of A. We can use cofactor expansion along the first row:
$$ \det(A) = -5 \begin{vmatrix} 5 & -2 & -1 \\ -3 & -3 & -5 \\ -4 & -2 & -4 \end{vmatrix} - 5 \begin{vmatrix} 5 & -2 & -1 \\ -5 & -3 & -5 \\ -2 & -2 & -4 \end{vmatrix} - 4 \begin{vmatrix} 5 & 5 & -1 \\ -5 & -3 & -5 \\ -2 & -4 & -4 \end{vmatrix} - 4 \begin{vmatrix} 5 & 5 & -2 \\ -5 & -3 & -3 \\ -2 & -4 & -2 \end{vmatrix} $$
Let's compute the determinants of the 3x3 matrices:
$$ \begin{vmatrix} 5 & -2 & -1 \\ -3 & -3 & -5 \\ -4 & -2 & -4 \end{vmatrix} = 5((-3)(-4) - (-5)(-2)) - (-2)((-3)(-4) - (-5)(-4)) + (-1)((-3)(-2) - (-3)(-4)) = 5(12 - 10) + 2(12 - 20) - (6 - 12) = 5(2) + 2(-8) - (-6) = 10 - 16 + 6 = 0 $$
$$ \begin{vmatrix} 5 & -2 & -1 \\ -5 & -3 & -5 \\ -2 & -2 & -4 \end{vmatrix} = 5((-3)(-4) - (-5)(-2)) - (-2)((-5)(-4) - (-5)(-2)) + (-1)((-5)(-2) - (-3)(-2)) = 5(12 - 10) + 2(20 - 10) - (10 - 6) = 5(2) + 2(10) - 4 = 10 + 20 - 4 = 26 $$
$$ \begin{vmatrix} 5 & 5 & -1 \\ -5 & -3 & -5 \\ -2 & -4 & -4 \end{vmatrix} = 5((-3)(-4) - (-5)(-4)) - 5((-5)(-4) - (-5)(-2)) + (-1)((-5)(-4) - (-3)(-2)) = 5(12 - 20) - 5(20 - 10) - (20 - 6) = 5(-8) - 5(10) - 14 = -40 - 50 - 14 = -104 $$
$$ \begin{vmatrix} 5 & 5 & -2 \\ -5 & -3 & -3 \\ -2 & -4 & -2 \end{vmatrix} = 5((-3)(-2) - (-3)(-4)) - 5((-5)(-2) - (-3)(-2)) + (-2)((-5)(-4) - (-3)(-2)) = 5(6 - 12) - 5(10 - 6) - 2(20 - 6) = 5(-6) - 5(4) - 2(14) = -30 - 20 - 28 = -78 $$
Now, substitute these values back into the expression for $\det(A)$:
$$ \det(A) = -5(0) - 5(26) - 4(-104) - 4(-78) = 0 - 130 + 416 + 312 = 598 $$

Final Answer: The final answer is $\boxed{598}$","Let A be the given matrix:
$$ A = \begin{bmatrix} -5 & 5 & -4 & -4 \\ 5 & 5 & -2 & -1 \\ -5 & -3 & -3 & -5 \\ -2 & -4 & -2 & -4 \end{bmatrix} $$
We want to find the determinant of A. We can use cofactor expansion along the first row:
$$ \det(A) = -5 \begin{vmatrix} 5 & -2 & -1 \\ -3 & -3 & -5 \\ -4 & -2 & -4 \end{vmatrix} - 5 \begin{vmatrix} 5 & -2 & -1 \\ -5 & -3 & -5 \\ -2 & -2 & -4 \end{vmatrix} - 4 \begin{vmatrix} 5 & 5 & -1 \\ -5 & -3 & -5 \\ -2 & -4 & -4 \end{vmatrix} - 4 \begin{vmatrix} 5 & 5 & -2 \\ -5 & -3 & -3 \\ -2 & -4 & -2 \end{vmatrix} $$
Let's compute the determinants of the 3x3 matrices:
$$ \begin{vmatrix} 5 & -2 & -1 \\ -3 & -3 & -5 \\ -4 & -2 & -4 \end{vmatrix} = 5((-3)(-4) - (-5)(-2)) - (-2)((-3)(-4) - (-5)(-4)) + (-1)((-3)(-2) - (-3)(-4)) = 5(12 - 10) + 2(12 - 20) - (6 - 12) = 5(2) + 2(-8) - (-6) = 10 - 16 + 6 = 0 $$
$$ \begin{vmatrix} 5 & -2 & -1 \\ -5 & -3 & -5 \\ -2 & -2 & -4 \end{vmatrix} = 5((-3)(-4) - (-5)(-2)) - (-2)((-5)(-4) - (-5)(-2)) + (-1)((-5)(-2) - (-3)(-2)) = 5(12 - 10) + 2(20 - 10) - (10 - 6) = 5(2) + 2(10) - 4 = 10 + 20 - 4 = 26 $$
$$ \begin{vmatrix} 5 & 5 & -1 \\ -5 & -3 & -5 \\ -2 & -4 & -4 \end{vmatrix} = 5((-3)(-4) - (-5)(-4)) - 5((-5)(-4) - (-5)(-2)) + (-1)((-5)(-4) - (-3)(-2)) = 5(12 - 20) - 5(20 - 10) - (20 - 6) = 5(-8) - 5(10) - 14 = -40 - 50 - 14 = -104 $$
$$ \begin{vmatrix} 5 & 5 & -2 \\ -5 & -3 & -3 \\ -2 & -4 & -2 \end{vmatrix} = 5((-3)(-2) - (-3)(-4)) - 5((-5)(-2) - (-3)(-2)) + (-2)((-5)(-4) - (-3)(-2)) = 5(6 - 12) - 5(10 - 6) - 2(20 - 6) = 5(-6) - 5(4) - 2(14) = -30 - 20 - 28 = -78 $$
Now, substitute these values back into the expression for $\det(A)$:
$$ \det(A) = -5(0) - 5(26) - 4(-104) - 4(-78) = 0 - 130 + 416 + 312 = 598 $$

Final Answer: The final answer is $\boxed{598}$", & -2 & -4 \end{vmatrix} [-] 4 \begin{vmatrix} 5 & 5,424,AGREED_FIRST(min)
NC2_4x4_det_0817,Gemma-3,determinant,4,Alternating_Drift,det,failure,\det(A) = -583,-,+,1922,"<start_of_turn>user
You are a precise mathematical assistant. Show all computation steps clearly. Always put your final numerical answer inside \boxed{}.

Solve this linear algebra problem. Show your work and give the final answer.

Find the determinant of the 4×4 matrix A.

A = \begin{bmatrix} -2 & -3 & 5 & -4 \\ 3 & 5 & 0 & -4 \\ 1 & -2 & 4 & 1 \\ -3 & 5 & -3 & -2 \end{bmatrix}

<end_of_turn>
<start_of_turn>model

Let A be the given matrix:
A = \begin{bmatrix} -2 & -3 & 5 & -4 \\ 3 & 5 & 0 & -4 \\ 1 & -2 & 4 & 1 \\ -3 & 5 & -3 & -2 \end{bmatrix}

We can compute the determinant of A using cofactor expansion along the first row:
det(A) = -2 * det(\begin{bmatrix} 5 & 0 & -4 \\ -2 & 4 & 1 \\ 5 & -3 & -2 \end{bmatrix}) - (-3) * det(\begin{bmatrix} 3 & 0 & -4 \\ 1 & 4 & 1 \\ -3 & -3 & -2 \end{bmatrix}) + 5 * det(\begin{bmatrix} 3 & 5 & -4 \\ 1 & -2 & 1 \\ -3 & 5 & -2 \end{bmatrix}) - (-4) * det(\begin{bmatrix} 3 & 5 & 0 \\ 1 & -2 & 4 \\ -3 & 5 & -3 \end{bmatrix})

Let's compute the determinants of the 3x3 matrices:
det(\begin{bmatrix} 5 & 0 & -4 \\ -2 & 4 & 1 \\ 5 & -3 & -2 \end{bmatrix}) = 5 * (4*(-2) - 1*(-3)) - 0 + (-4) * ((-2)*(-3) - 4*5) = 5*(-8+3) - 4*(6-20) = 5*(-5) - 4*(-14) = -25 + 56 = 31

det(\begin{bmatrix} 3 & 0 & -4 \\ 1 & 4 & 1 \\ -3 & -3 & -2 \end{bmatrix}) = 3 * (4*(-2) - 1*(-3)) - 0 + (-4) * (1*(-3) - 4*(-3)) = 3*(-8+3) - 4*(-3+12) = 3*(-5) - 4*(9) = -15 - 36 = -51

det(\begin{bmatrix} 3 & 5 & -4 \\ 1 & -2 & 1 \\ -3 & 5 & -2 \end{bmatrix}) = 3 * ((-2)*(-2) - 1*5) - 5 * (1*(-2) - 1*(-3)) + (-4) * (1*5 - (-2)*(-3)) = 3*(4-5) - 5*(-2+3) - 4*(5-6) = 3*(-1) - 5*(1) - 4*(-1) = -3 - 5 + 4 = -4

det(\begin{bmatrix} 3 & 5 & 0 \\ 1 & -2 & 4 \\ -3 & 5 & -3 \end{bmatrix}) = 3 * ((-2)*(-3) - 4*5) - 5 * (1*(-3) - 4*(-3)) + 0 = 3*(6-20) - 5*(-3+12) = 3*(-14) - 5*(9) = -42 - 45 = -87

Now, substitute these values back into the expression for det(A):
det(A) = -2 * (31) + 3 * (-51) + 5 * (-4) - 4 * (-87) = -62 - 153 - 20 + 348 = -235 + 348 = 113

Final Answer: The final answer is $\boxed{113}$","
Let A be the given matrix:
A = \begin{bmatrix} -2 & -3 & 5 & -4 \\ 3 & 5 & 0 & -4 \\ 1 & -2 & 4 & 1 \\ -3 & 5 & -3 & -2 \end{bmatrix}

We can compute the determinant of A using cofactor expansion along the first row:
det(A) = -2 * det(\begin{bmatrix} 5 & 0 & -4 \\ -2 & 4 & 1 \\ 5 & -3 & -2 \end{bmatrix}) - (-3) * det(\begin{bmatrix} 3 & 0 & -4 \\ 1 & 4 & 1 \\ -3 & -3 & -2 \end{bmatrix}) + 5 * det(\begin{bmatrix} 3 & 5 & -4 \\ 1 & -2 & 1 \\ -3 & 5 & -2 \end{bmatrix}) - (-4) * det(\begin{bmatrix} 3 & 5 & 0 \\ 1 & -2 & 4 \\ -3 & 5 & -3 \end{bmatrix})

Let's compute the determinants of the 3x3 matrices:
det(\begin{bmatrix} 5 & 0 & -4 \\ -2 & 4 & 1 \\ 5 & -3 & -2 \end{bmatrix}) = 5 * (4*(-2) - 1*(-3)) - 0 + (-4) * ((-2)*(-3) - 4*5) = 5*(-8+3) - 4*(6-20) = 5*(-5) - 4*(-14) = -25 + 56 = 31

det(\begin{bmatrix} 3 & 0 & -4 \\ 1 & 4 & 1 \\ -3 & -3 & -2 \end{bmatrix}) = 3 * (4*(-2) - 1*(-3)) - 0 + (-4) * (1*(-3) - 4*(-3)) = 3*(-8+3) - 4*(-3+12) = 3*(-5) - 4*(9) = -15 - 36 = -51

det(\begin{bmatrix} 3 & 5 & -4 \\ 1 & -2 & 1 \\ -3 & 5 & -2 \end{bmatrix}) = 3 * ((-2)*(-2) - 1*5) - 5 * (1*(-2) - 1*(-3)) + (-4) * (1*5 - (-2)*(-3)) = 3*(4-5) - 5*(-2+3) - 4*(5-6) = 3*(-1) - 5*(1) - 4*(-1) = -3 - 5 + 4 = -4

det(\begin{bmatrix} 3 & 5 & 0 \\ 1 & -2 & 4 \\ -3 & 5 & -3 \end{bmatrix}) = 3 * ((-2)*(-3) - 4*5) - 5 * (1*(-3) - 4*(-3)) + 0 = 3*(6-20) - 5*(-3+12) = 3*(-14) - 5*(9) = -42 - 45 = -87

Now, substitute these values back into the expression for det(A):
det(A) = -2 * (31) + 3 * (-51) + 5 * (-4) - 4 * (-87) = -62 - 153 - 20 + 348 = -235 + 348 = 113

Final Answer: The final answer is $\boxed{113}$",) + 3 * (-51) + 5 * (-4) [-] 4 * (-87) = -62 - 153 -,419,S1_exact
NC_4x4_det_765,Gemma-3,determinant,4,Alternating_Drift,det,failure,\det(A) = 7,-,+,895,"<start_of_turn>user
You are a precise mathematical assistant. Show all computation steps clearly. Always put your final numerical answer inside \boxed{}.

Solve this linear algebra problem. Show your work and give the final answer.

Find the determinant of the 4×4 matrix A.

A = \begin{bmatrix} -2 & 4 & -4 & -5 \\ -2 & -5 & 5 & -3 \\ -1 & -5 & 3 & -2 \\ 2 & -3 & 0 & 3 \end{bmatrix}

<end_of_turn>
<start_of_turn>model
Let A be the given matrix:
A = \begin{bmatrix} -2 & 4 & -4 & -5 \\ -2 & -5 & 5 & -3 \\ -1 & -5 & 3 & -2 \\ 2 & -3 & 0 & 3 \end{bmatrix}

We can compute the determinant of A using cofactor expansion along the first row:
det(A) = -2 * det(\begin{bmatrix} -5 & 5 & -3 \\ -5 & 3 & -2 \\ -3 & 0 & 3 \end{bmatrix}) - 4 * det(\begin{bmatrix} -2 & 5 & -3 \\ -1 & 3 & -2 \\ 2 & 0 & 3 \end{bmatrix}) - 4 * det(\begin{bmatrix} -2 & -5 & -3 \\ -1 & -5 & -2 \\ 2 & -3 & 3 \end{bmatrix}) - 5 * det(\begin{bmatrix} -2 & -5 & 5 \\ -1 & -5 & 3 \\ 2 & -3 & 0 \end{bmatrix})

Let's compute the determinants of the 3x3 matrices:
det(\begin{bmatrix} -5 & 5 & -3 \\ -5 & 3 & -2 \\ -3 & 0 & 3 \end{bmatrix}) = -5(3*3 - (-2)*0) - 5((-5)*3 - (-2)*(-3)) - 3((-5)*0 - 3*(-3)) = -5(9) - 5(-15 - 6) - 3(9) = -45 - 5(-21) - 27 = -45 + 105 - 27 = 33

det(\begin{bmatrix} -2 & 5 & -3 \\ -1 & 3 & -2 \\ 2 & 0 & 3 \end{bmatrix}) = -2(3*3 - (-2)*0) - 5((-1)*3 - (-2)*2) - 3((-1)*0 - 3*2) = -2(9) - 5(-3 + 4) - 3(-6) = -18 - 5(1) + 18 = -5

det(\begin{bmatrix} -2 & -5 & -3 \\ -1 & -5 & -2 \\ 2 & -3 & 3 \end{bmatrix}) = -2((-5)*3 - (-2)*(-3)) - (-5)((-1)*3 - (-2)*2) - 3((-1)*(-3) - (-5)*2) = -2(-15 - 6) + 5(-3 + 4) - 3(3 + 10) = -2(-21) + 5(1) - 3(13) = 42 + 5 - 39 = 8

det(\begin{bmatrix} -2 & -5 & 5 \\ -1 & -5 & 3 \\ 2 & -3 & 0 \end{bmatrix}) = -2((-5)*0 - 3*(-3)) - (-5)((-1)*0 - 3*2) + 5((-1)*(-3) - (-5)*2) = -2(9) + 5(-6) + 5(3 + 10) = -18 - 30 + 5(13) = -48 + 65 = 17

Now, substitute these values back into the expression for det(A):
det(A) = -2 * 33 - 4 * (-5) - 4 * 8 - 5 * 17 = -66 + 20 - 32 - 85 = -66 + 20 - 32 - 85 = -163

Final Answer: The final answer is $\boxed{-163}$","Let A be the given matrix:
A = \begin{bmatrix} -2 & 4 & -4 & -5 \\ -2 & -5 & 5 & -3 \\ -1 & -5 & 3 & -2 \\ 2 & -3 & 0 & 3 \end{bmatrix}

We can compute the determinant of A using cofactor expansion along the first row:
det(A) = -2 * det(\begin{bmatrix} -5 & 5 & -3 \\ -5 & 3 & -2 \\ -3 & 0 & 3 \end{bmatrix}) - 4 * det(\begin{bmatrix} -2 & 5 & -3 \\ -1 & 3 & -2 \\ 2 & 0 & 3 \end{bmatrix}) - 4 * det(\begin{bmatrix} -2 & -5 & -3 \\ -1 & -5 & -2 \\ 2 & -3 & 3 \end{bmatrix}) - 5 * det(\begin{bmatrix} -2 & -5 & 5 \\ -1 & -5 & 3 \\ 2 & -3 & 0 \end{bmatrix})

Let's compute the determinants of the 3x3 matrices:
det(\begin{bmatrix} -5 & 5 & -3 \\ -5 & 3 & -2 \\ -3 & 0 & 3 \end{bmatrix}) = -5(3*3 - (-2)*0) - 5((-5)*3 - (-2)*(-3)) - 3((-5)*0 - 3*(-3)) = -5(9) - 5(-15 - 6) - 3(9) = -45 - 5(-21) - 27 = -45 + 105 - 27 = 33

det(\begin{bmatrix} -2 & 5 & -3 \\ -1 & 3 & -2 \\ 2 & 0 & 3 \end{bmatrix}) = -2(3*3 - (-2)*0) - 5((-1)*3 - (-2)*2) - 3((-1)*0 - 3*2) = -2(9) - 5(-3 + 4) - 3(-6) = -18 - 5(1) + 18 = -5

det(\begin{bmatrix} -2 & -5 & -3 \\ -1 & -5 & -2 \\ 2 & -3 & 3 \end{bmatrix}) = -2((-5)*3 - (-2)*(-3)) - (-5)((-1)*3 - (-2)*2) - 3((-1)*(-3) - (-5)*2) = -2(-15 - 6) + 5(-3 + 4) - 3(3 + 10) = -2(-21) + 5(1) - 3(13) = 42 + 5 - 39 = 8

det(\begin{bmatrix} -2 & -5 & 5 \\ -1 & -5 & 3 \\ 2 & -3 & 0 \end{bmatrix}) = -2((-5)*0 - 3*(-3)) - (-5)((-1)*0 - 3*2) + 5((-1)*(-3) - (-5)*2) = -2(9) + 5(-6) + 5(3 + 10) = -18 - 30 + 5(13) = -48 + 65 = 17

Now, substitute these values back into the expression for det(A):
det(A) = -2 * 33 - 4 * (-5) - 4 * 8 - 5 * 17 = -66 + 20 - 32 - 85 = -66 + 20 - 32 - 85 = -163

Final Answer: The final answer is $\boxed{-163}$", & -3 & 3 \end{bmatrix}) [-] 5 * det(\begin{bmatrix},421,S1_exact
NC_4x4_det_1605,Gemma-3,determinant,4,Alternating_Drift,det,failure,\det(A) = -310,-,+,885,"<start_of_turn>user
You are a precise mathematical assistant. Show all computation steps clearly. Always put your final numerical answer inside \boxed{}.

Solve this linear algebra problem. Show your work and give the final answer.

Find the determinant of the 4×4 matrix A.

A = \begin{bmatrix} -2 & 2 & 3 & -5 \\ 2 & 0 & 2 & -2 \\ 1 & 5 & -1 & 1 \\ 5 & -2 & -1 & -2 \end{bmatrix}

<end_of_turn>
<start_of_turn>model
Let A be the given matrix:
A = \begin{bmatrix} -2 & 2 & 3 & -5 \\ 2 & 0 & 2 & -2 \\ 1 & 5 & -1 & 1 \\ 5 & -2 & -1 & -2 \end{bmatrix}

We can compute the determinant of A using cofactor expansion along the first row:
det(A) = -2 * det(\begin{bmatrix} 0 & 2 & -2 \\ 5 & -1 & 1 \\ -2 & -1 & -2 \end{bmatrix}) - 2 * det(\begin{bmatrix} 2 & 2 & -2 \\ 1 & -1 & 1 \\ 5 & -1 & -2 \end{bmatrix}) + 3 * det(\begin{bmatrix} 2 & 0 & -2 \\ 1 & 5 & 1 \\ 5 & -2 & -2 \end{bmatrix}) - 5 * det(\begin{bmatrix} 2 & 0 & 2 \\ 1 & 5 & -1 \\ 5 & -2 & -1 \end{bmatrix})

Let's compute the determinants of the 3x3 matrices:
det(\begin{bmatrix} 0 & 2 & -2 \\ 5 & -1 & 1 \\ -2 & -1 & -2 \end{bmatrix}) = 0 * ((-1)*(-2) - 1*(-1)) - 2 * (5*(-2) - 1*(-2)) + (-2) * (5*(-1) - (-1)*(-2))
= 0 - 2 * (-10 + 2) - 2 * (-5 - 2)
= -2 * (-8) - 2 * (-7)
= 16 + 14 = 30

det(\begin{bmatrix} 2 & 2 & -2 \\ 1 & -1 & 1 \\ 5 & -1 & -2 \end{bmatrix}) = 2 * ((-1)*(-2) - 1*(-1)) - 2 * (1*(-2) - 1*5) + (-2) * (1*(-1) - (-1)*5)
= 2 * (2 + 1) - 2 * (-2 - 5) - 2 * (-1 + 5)
= 2 * 3 - 2 * (-7) - 2 * 4
= 6 + 14 - 8 = 12

det(\begin{bmatrix} 2 & 0 & -2 \\ 1 & 5 & 1 \\ 5 & -2 & -2 \end{bmatrix}) = 2 * (5*(-2) - 1*(-2)) - 0 * (1*(-2) - 1*5) + (-2) * (1*(-2) - 5*5)
= 2 * (-10 + 2) - 0 + (-2) * (-2 - 25)
= 2 * (-8) - 2 * (-27)
= -16 + 54 = 38

det(\begin{bmatrix} 2 & 0 & 2 \\ 1 & 5 & -1 \\ 5 & -2 & -1 \end{bmatrix}) = 2 * (5*(-1) - (-1)*(-2)) - 0 * (1*(-1) - (-1)*5) + 2 * (1*(-2) - 5*5)
= 2 * (-5 - 2) - 0 + 2 * (-2 - 25)
= 2 * (-7) + 2 * (-27)
= -14 - 54 = -68

Now, substitute these values back into the expression for det(A):
det(A) = -2 * 30 - 2 * 12 + 3 * 38 - 5 * (-68)
= -60 - 24 + 114 + 340
= -84 + 114 + 340
= 30 + 340 = 370

Final Answer: The final answer is $\boxed{370}$","Let A be the given matrix:
A = \begin{bmatrix} -2 & 2 & 3 & -5 \\ 2 & 0 & 2 & -2 \\ 1 & 5 & -1 & 1 \\ 5 & -2 & -1 & -2 \end{bmatrix}

We can compute the determinant of A using cofactor expansion along the first row:
det(A) = -2 * det(\begin{bmatrix} 0 & 2 & -2 \\ 5 & -1 & 1 \\ -2 & -1 & -2 \end{bmatrix}) - 2 * det(\begin{bmatrix} 2 & 2 & -2 \\ 1 & -1 & 1 \\ 5 & -1 & -2 \end{bmatrix}) + 3 * det(\begin{bmatrix} 2 & 0 & -2 \\ 1 & 5 & 1 \\ 5 & -2 & -2 \end{bmatrix}) - 5 * det(\begin{bmatrix} 2 & 0 & 2 \\ 1 & 5 & -1 \\ 5 & -2 & -1 \end{bmatrix})

Let's compute the determinants of the 3x3 matrices:
det(\begin{bmatrix} 0 & 2 & -2 \\ 5 & -1 & 1 \\ -2 & -1 & -2 \end{bmatrix}) = 0 * ((-1)*(-2) - 1*(-1)) - 2 * (5*(-2) - 1*(-2)) + (-2) * (5*(-1) - (-1)*(-2))
= 0 - 2 * (-10 + 2) - 2 * (-5 - 2)
= -2 * (-8) - 2 * (-7)
= 16 + 14 = 30

det(\begin{bmatrix} 2 & 2 & -2 \\ 1 & -1 & 1 \\ 5 & -1 & -2 \end{bmatrix}) = 2 * ((-1)*(-2) - 1*(-1)) - 2 * (1*(-2) - 1*5) + (-2) * (1*(-1) - (-1)*5)
= 2 * (2 + 1) - 2 * (-2 - 5) - 2 * (-1 + 5)
= 2 * 3 - 2 * (-7) - 2 * 4
= 6 + 14 - 8 = 12

det(\begin{bmatrix} 2 & 0 & -2 \\ 1 & 5 & 1 \\ 5 & -2 & -2 \end{bmatrix}) = 2 * (5*(-2) - 1*(-2)) - 0 * (1*(-2) - 1*5) + (-2) * (1*(-2) - 5*5)
= 2 * (-10 + 2) - 0 + (-2) * (-2 - 25)
= 2 * (-8) - 2 * (-27)
= -16 + 54 = 38

det(\begin{bmatrix} 2 & 0 & 2 \\ 1 & 5 & -1 \\ 5 & -2 & -1 \end{bmatrix}) = 2 * (5*(-1) - (-1)*(-2)) - 0 * (1*(-1) - (-1)*5) + 2 * (1*(-2) - 5*5)
= 2 * (-5 - 2) - 0 + 2 * (-2 - 25)
= 2 * (-7) + 2 * (-27)
= -14 - 54 = -68

Now, substitute these values back into the expression for det(A):
det(A) = -2 * 30 - 2 * 12 + 3 * 38 - 5 * (-68)
= -60 - 24 + 114 + 340
= -84 + 114 + 340
= 30 + 340 = 370

Final Answer: The final answer is $\boxed{370}$",& -2 & -2 \end{bmatrix}) [-] 5 * det(\begin{bmatrix},418,S1_exact
NC_4x4_det_617,Gemma-3,determinant,4,Alternating_Drift,det,failure,\det(A) = -189,-,+,889,"<start_of_turn>user
You are a precise mathematical assistant. Show all computation steps clearly. Always put your final numerical answer inside \boxed{}.

Solve this linear algebra problem. Show your work and give the final answer.

Find the determinant of the 4×4 matrix A.

A = \begin{bmatrix} -5 & 4 & 4 & -2 \\ -1 & 3 & 2 & -4 \\ -3 & 5 & -5 & 4 \\ -5 & 5 & 4 & -5 \end{bmatrix}

<end_of_turn>
<start_of_turn>model
Let A be the given matrix:
A = \begin{bmatrix} -5 & 4 & 4 & -2 \\ -1 & 3 & 2 & -4 \\ -3 & 5 & -5 & 4 \\ -5 & 5 & 4 & -5 \end{bmatrix}

We can compute the determinant of A using cofactor expansion along the first row:
det(A) = -5 * det(\begin{bmatrix} 3 & 2 & -4 \\ 5 & -5 & 4 \\ 5 & 4 & -5 \end{bmatrix}) - 4 * det(\begin{bmatrix} -1 & 2 & -4 \\ -3 & -5 & 4 \\ -5 & 4 & -5 \end{bmatrix}) + 4 * det(\begin{bmatrix} -1 & 3 & -4 \\ -3 & 5 & 4 \\ -5 & 5 & -5 \end{bmatrix}) - 2 * det(\begin{bmatrix} -1 & 3 & 2 \\ -3 & 5 & -5 \\ -5 & 5 & 4 \end{bmatrix})

Let's compute the determinants of the 3x3 matrices:
det(\begin{bmatrix} 3 & 2 & -4 \\ 5 & -5 & 4 \\ 5 & 4 & -5 \end{bmatrix}) = 3((-5)(-5) - (4)(4)) - 2((5)(-5) - (4)(5)) - 4((5)(4) - (-5)(5))
= 3(25 - 16) - 2(-25 - 20) - 4(20 + 25)
= 3(9) - 2(-45) - 4(45)
= 27 + 90 - 180
= 117 - 180 = -63

det(\begin{bmatrix} -1 & 2 & -4 \\ -3 & -5 & 4 \\ -5 & 4 & -5 \end{bmatrix}) = -1((-5)(-5) - (4)(4)) - 2((-3)(-5) - (4)(-5)) - 4((-3)(4) - (-5)(-5))
= -1(25 - 16) - 2(15 + 20) - 4(-12 - 25)
= -1(9) - 2(35) - 4(-37)
= -9 - 70 + 148
= -79 + 148 = 69

det(\begin{bmatrix} -1 & 3 & -4 \\ -3 & 5 & 4 \\ -5 & 5 & -5 \end{bmatrix}) = -1((5)(-5) - (4)(5)) - 3((-3)(-5) - (4)(-5)) - 4((-3)(5) - (5)(-5))
= -1(-25 - 20) - 3(15 + 20) - 4(-15 + 25)
= -1(-45) - 3(35) - 4(10)
= 45 - 105 - 40
= 45 - 145 = -100

det(\begin{bmatrix} -1 & 3 & 2 \\ -3 & 5 & -5 \\ -5 & 5 & 4 \end{bmatrix}) = -1((5)(4) - (-5)(5)) - 3((-3)(4) - (-5)(-5)) + 2((-3)(5) - (5)(-5))
= -1(20 + 25) - 3(-12 - 25) + 2(-15 + 25)
= -1(45) - 3(-37) + 2(10)
= -45 + 111 + 20
= -45 + 131 = 86

Now, substitute these values back into the expression for det(A):
det(A) = -5(-63) - 4(69) + 4(-100) - 2(86)
= 315 - 276 - 400 - 172
= 315 - (276 + 400 + 172)
= 315 - 848
= -533

Final Answer: The final answer is \boxed{-533}","Let A be the given matrix:
A = \begin{bmatrix} -5 & 4 & 4 & -2 \\ -1 & 3 & 2 & -4 \\ -3 & 5 & -5 & 4 \\ -5 & 5 & 4 & -5 \end{bmatrix}

We can compute the determinant of A using cofactor expansion along the first row:
det(A) = -5 * det(\begin{bmatrix} 3 & 2 & -4 \\ 5 & -5 & 4 \\ 5 & 4 & -5 \end{bmatrix}) - 4 * det(\begin{bmatrix} -1 & 2 & -4 \\ -3 & -5 & 4 \\ -5 & 4 & -5 \end{bmatrix}) + 4 * det(\begin{bmatrix} -1 & 3 & -4 \\ -3 & 5 & 4 \\ -5 & 5 & -5 \end{bmatrix}) - 2 * det(\begin{bmatrix} -1 & 3 & 2 \\ -3 & 5 & -5 \\ -5 & 5 & 4 \end{bmatrix})

Let's compute the determinants of the 3x3 matrices:
det(\begin{bmatrix} 3 & 2 & -4 \\ 5 & -5 & 4 \\ 5 & 4 & -5 \end{bmatrix}) = 3((-5)(-5) - (4)(4)) - 2((5)(-5) - (4)(5)) - 4((5)(4) - (-5)(5))
= 3(25 - 16) - 2(-25 - 20) - 4(20 + 25)
= 3(9) - 2(-45) - 4(45)
= 27 + 90 - 180
= 117 - 180 = -63

det(\begin{bmatrix} -1 & 2 & -4 \\ -3 & -5 & 4 \\ -5 & 4 & -5 \end{bmatrix}) = -1((-5)(-5) - (4)(4)) - 2((-3)(-5) - (4)(-5)) - 4((-3)(4) - (-5)(-5))
= -1(25 - 16) - 2(15 + 20) - 4(-12 - 25)
= -1(9) - 2(35) - 4(-37)
= -9 - 70 + 148
= -79 + 148 = 69

det(\begin{bmatrix} -1 & 3 & -4 \\ -3 & 5 & 4 \\ -5 & 5 & -5 \end{bmatrix}) = -1((5)(-5) - (4)(5)) - 3((-3)(-5) - (4)(-5)) - 4((-3)(5) - (5)(-5))
= -1(-25 - 20) - 3(15 + 20) - 4(-15 + 25)
= -1(-45) - 3(35) - 4(10)
= 45 - 105 - 40
= 45 - 145 = -100

det(\begin{bmatrix} -1 & 3 & 2 \\ -3 & 5 & -5 \\ -5 & 5 & 4 \end{bmatrix}) = -1((5)(4) - (-5)(5)) - 3((-3)(4) - (-5)(-5)) + 2((-3)(5) - (5)(-5))
= -1(20 + 25) - 3(-12 - 25) + 2(-15 + 25)
= -1(45) - 3(-37) + 2(10)
= -45 + 111 + 20
= -45 + 131 = 86

Now, substitute these values back into the expression for det(A):
det(A) = -5(-63) - 4(69) + 4(-100) - 2(86)
= 315 - 276 - 400 - 172
= 315 - (276 + 400 + 172)
= 315 - 848
= -533

Final Answer: The final answer is \boxed{-533}", & 5 & -5 \end{bmatrix}) [-] 2 * det(\begin{bmatrix},419,AGREED_FIRST(min)
NC2_4x4_det_0219,Gemma-3,determinant,4,Alternating_Drift,det,failure,\det(A) = -18,-,+,727,"<start_of_turn>user
You are a precise mathematical assistant. Show all computation steps clearly. Always put your final numerical answer inside \boxed{}.

Solve this linear algebra problem. Show your work and give the final answer.

Find the determinant of the 4×4 matrix A.

A = \begin{bmatrix} -3 & 2 & -4 & -2 \\ -4 & 2 & -1 & -1 \\ 1 & -3 & 5 & 3 \\ -5 & -3 & 4 & 4 \end{bmatrix}

<end_of_turn>
<start_of_turn>model
Let A be the given matrix:
A = \begin{bmatrix} -3 & 2 & -4 & -2 \\ -4 & 2 & -1 & -1 \\ 1 & -3 & 5 & 3 \\ -5 & -3 & 4 & 4 \end{bmatrix}

We can compute the determinant of A using cofactor expansion along the first row:
det(A) = -3 * det(\begin{bmatrix} 2 & -1 & -1 \\ -3 & 5 & 3 \\ -3 & 4 & 4 \end{bmatrix}) - 2 * det(\begin{bmatrix} -4 & -1 & -1 \\ 1 & 5 & 3 \\ -5 & 4 & 4 \end{bmatrix}) - 4 * det(\begin{bmatrix} -4 & 2 & -1 \\ 1 & -3 & 3 \\ -5 & -3 & 4 \end{bmatrix}) - 2 * det(\begin{bmatrix} -4 & 2 & -1 \\ 1 & -3 & 5 \\ -5 & -3 & 4 \end{bmatrix})

Let's compute the determinants of the 3x3 matrices:
det(\begin{bmatrix} 2 & -1 & -1 \\ -3 & 5 & 3 \\ -3 & 4 & 4 \end{bmatrix}) = 2(5*4 - 3*4) - (-1)(-3*4 - 3*(-3)) + (-1)(-3*4 - 5*(-3)) = 2(20-12) + (-12+9) - (-12+15) = 2(8) - 3 - 3 = 16 - 6 = 10
det(\begin{bmatrix} -4 & -1 & -1 \\ 1 & 5 & 3 \\ -5 & 4 & 4 \end{bmatrix}) = -4(5*4 - 3*4) - (-1)(1*4 - 3*(-5)) + (-1)(1*4 - 5*(-5)) = -4(20-12) + (4+15) - (4+25) = -4(8) + 19 - 29 = -32 - 10 = -42
det(\begin{bmatrix} -4 & 2 & -1 \\ 1 & -3 & 3 \\ -5 & -3 & 4 \end{bmatrix}) = -4(-3*4 - 3*(-3)) - 2(1*4 - 3*(-5)) + (-1)(1*(-3) - (-3)*(-5)) = -4(-12+9) - 2(4+15) - (-3-15) = -4(-3) - 2(19) - (-18) = 12 - 38 + 18 = -8
det(\begin{bmatrix} -4 & 2 & -1 \\ 1 & -3 & 5 \\ -5 & -3 & 4 \end{bmatrix}) = -4(-3*4 - 5*(-3)) - 2(1*4 - 5*(-5)) + (-1)(1*(-3) - (-3)*(-5)) = -4(-12+15) - 2(4+25) - (-3-15) = -4(3) - 2(29) - (-18) = -12 - 58 + 18 = -52

Now, substitute these values back into the determinant of A:
det(A) = -3 * (10) - 2 * (-42) - 4 * (-8) - 2 * (-52) = -30 + 84 + 32 + 104 = -30 + 220 = 190

Final Answer: The final answer is $\boxed{190}$","Let A be the given matrix:
A = \begin{bmatrix} -3 & 2 & -4 & -2 \\ -4 & 2 & -1 & -1 \\ 1 & -3 & 5 & 3 \\ -5 & -3 & 4 & 4 \end{bmatrix}

We can compute the determinant of A using cofactor expansion along the first row:
det(A) = -3 * det(\begin{bmatrix} 2 & -1 & -1 \\ -3 & 5 & 3 \\ -3 & 4 & 4 \end{bmatrix}) - 2 * det(\begin{bmatrix} -4 & -1 & -1 \\ 1 & 5 & 3 \\ -5 & 4 & 4 \end{bmatrix}) - 4 * det(\begin{bmatrix} -4 & 2 & -1 \\ 1 & -3 & 3 \\ -5 & -3 & 4 \end{bmatrix}) - 2 * det(\begin{bmatrix} -4 & 2 & -1 \\ 1 & -3 & 5 \\ -5 & -3 & 4 \end{bmatrix})

Let's compute the determinants of the 3x3 matrices:
det(\begin{bmatrix} 2 & -1 & -1 \\ -3 & 5 & 3 \\ -3 & 4 & 4 \end{bmatrix}) = 2(5*4 - 3*4) - (-1)(-3*4 - 3*(-3)) + (-1)(-3*4 - 5*(-3)) = 2(20-12) + (-12+9) - (-12+15) = 2(8) - 3 - 3 = 16 - 6 = 10
det(\begin{bmatrix} -4 & -1 & -1 \\ 1 & 5 & 3 \\ -5 & 4 & 4 \end{bmatrix}) = -4(5*4 - 3*4) - (-1)(1*4 - 3*(-5)) + (-1)(1*4 - 5*(-5)) = -4(20-12) + (4+15) - (4+25) = -4(8) + 19 - 29 = -32 - 10 = -42
det(\begin{bmatrix} -4 & 2 & -1 \\ 1 & -3 & 3 \\ -5 & -3 & 4 \end{bmatrix}) = -4(-3*4 - 3*(-3)) - 2(1*4 - 3*(-5)) + (-1)(1*(-3) - (-3)*(-5)) = -4(-12+9) - 2(4+15) - (-3-15) = -4(-3) - 2(19) - (-18) = 12 - 38 + 18 = -8
det(\begin{bmatrix} -4 & 2 & -1 \\ 1 & -3 & 5 \\ -5 & -3 & 4 \end{bmatrix}) = -4(-3*4 - 5*(-3)) - 2(1*4 - 5*(-5)) + (-1)(1*(-3) - (-3)*(-5)) = -4(-12+15) - 2(4+25) - (-3-15) = -4(3) - 2(29) - (-18) = -12 - 58 + 18 = -52

Now, substitute these values back into the determinant of A:
det(A) = -3 * (10) - 2 * (-42) - 4 * (-8) - 2 * (-52) = -30 + 84 + 32 + 104 = -30 + 220 = 190

Final Answer: The final answer is $\boxed{190}$",3 & 4 & 4 \end{bmatrix}) [-] 2 * det(\begin{bmatrix},420,AGREED_FIRST(min)
NC_4x4_det_324,Gemma-3,determinant,4,Alternating_Drift,det,failure,\det(A) = -700,-,+,823,"<start_of_turn>user
You are a precise mathematical assistant. Show all computation steps clearly. Always put your final numerical answer inside \boxed{}.

Solve this linear algebra problem. Show your work and give the final answer.

Find the determinant of the 4×4 matrix A.

A = \begin{bmatrix} -5 & 3 & -4 & -4 \\ -5 & -4 & -5 & 3 \\ 4 & 3 & 2 & 4 \\ -4 & -3 & -1 & 3 \end{bmatrix}

<end_of_turn>
<start_of_turn>model

Let A be the given matrix:
A = \begin{bmatrix} -5 & 3 & -4 & -4 \\ -5 & -4 & -5 & 3 \\ 4 & 3 & 2 & 4 \\ -4 & -3 & -1 & 3 \end{bmatrix}

We can compute the determinant of A using cofactor expansion. Let's expand along the first row:
det(A) = -5 * det(\begin{bmatrix} -4 & -5 & 3 \\ 3 & 2 & 4 \\ -3 & -1 & 3 \end{bmatrix}) - 3 * det(\begin{bmatrix} -5 & -5 & 3 \\ 4 & 2 & 4 \\ -4 & -1 & 3 \end{bmatrix}) - 4 * det(\begin{bmatrix} -5 & -4 & 3 \\ 4 & 3 & 4 \\ -4 & -3 & 3 \end{bmatrix}) - 4 * det(\begin{bmatrix} -5 & -4 & -5 \\ 4 & 3 & 2 \\ -4 & -3 & -1 \end{bmatrix})

Let's compute the determinants of the 3x3 matrices:
det(\begin{bmatrix} -4 & -5 & 3 \\ 3 & 2 & 4 \\ -3 & -1 & 3 \end{bmatrix}) = -4(2*3 - 4*(-1)) - (-5)(3*3 - 4*(-3)) + 3(3*(-1) - 2*(-3)) = -4(6+4) + 5(9+12) + 3(-3+6) = -4(10) + 5(21) + 3(3) = -40 + 105 + 9 = 74
det(\begin{bmatrix} -5 & -5 & 3 \\ 4 & 2 & 4 \\ -4 & -1 & 3 \end{bmatrix}) = -5(2*3 - 4*(-1)) - (-5)(4*3 - 4*(-4)) + 3(4*(-1) - 2*(-4)) = -5(6+4) + 5(12+16) + 3(-4+8) = -5(10) + 5(28) + 3(4) = -50 + 140 + 12 = 102
det(\begin{bmatrix} -5 & -4 & 3 \\ 4 & 3 & 4 \\ -4 & -3 & 3 \end{bmatrix}) = -5(3*3 - 4*(-3)) - (-4)(4*3 - 4*(-4)) + 3(4*(-3) - 3*(-4)) = -5(9+12) + 4(12+16) + 3(-12+12) = -5(21) + 4(28) + 3(0) = -105 + 112 + 0 = 7
det(\begin{bmatrix} -5 & -4 & -5 \\ 4 & 3 & 2 \\ -4 & -3 & -1 \end{bmatrix}) = -5(3*(-1) - 2*(-3)) - (-4)(4*(-1) - 2*(-4)) + (-5)(4*(-3) - 3*(-4)) = -5(-3+6) + 4(-4+8) - 5(-12+12) = -5(3) + 4(4) - 5(0) = -15 + 16 + 0 = 1

Now, substitute these values back into the expression for det(A):
det(A) = -5 * 74 - 3 * 102 - 4 * 7 - 4 * 1 = -370 - 306 - 28 - 4 = -708

Final Answer: The final answer is $\boxed{-708}$","
Let A be the given matrix:
A = \begin{bmatrix} -5 & 3 & -4 & -4 \\ -5 & -4 & -5 & 3 \\ 4 & 3 & 2 & 4 \\ -4 & -3 & -1 & 3 \end{bmatrix}

We can compute the determinant of A using cofactor expansion. Let's expand along the first row:
det(A) = -5 * det(\begin{bmatrix} -4 & -5 & 3 \\ 3 & 2 & 4 \\ -3 & -1 & 3 \end{bmatrix}) - 3 * det(\begin{bmatrix} -5 & -5 & 3 \\ 4 & 2 & 4 \\ -4 & -1 & 3 \end{bmatrix}) - 4 * det(\begin{bmatrix} -5 & -4 & 3 \\ 4 & 3 & 4 \\ -4 & -3 & 3 \end{bmatrix}) - 4 * det(\begin{bmatrix} -5 & -4 & -5 \\ 4 & 3 & 2 \\ -4 & -3 & -1 \end{bmatrix})

Let's compute the determinants of the 3x3 matrices:
det(\begin{bmatrix} -4 & -5 & 3 \\ 3 & 2 & 4 \\ -3 & -1 & 3 \end{bmatrix}) = -4(2*3 - 4*(-1)) - (-5)(3*3 - 4*(-3)) + 3(3*(-1) - 2*(-3)) = -4(6+4) + 5(9+12) + 3(-3+6) = -4(10) + 5(21) + 3(3) = -40 + 105 + 9 = 74
det(\begin{bmatrix} -5 & -5 & 3 \\ 4 & 2 & 4 \\ -4 & -1 & 3 \end{bmatrix}) = -5(2*3 - 4*(-1)) - (-5)(4*3 - 4*(-4)) + 3(4*(-1) - 2*(-4)) = -5(6+4) + 5(12+16) + 3(-4+8) = -5(10) + 5(28) + 3(4) = -50 + 140 + 12 = 102
det(\begin{bmatrix} -5 & -4 & 3 \\ 4 & 3 & 4 \\ -4 & -3 & 3 \end{bmatrix}) = -5(3*3 - 4*(-3)) - (-4)(4*3 - 4*(-4)) + 3(4*(-3) - 3*(-4)) = -5(9+12) + 4(12+16) + 3(-12+12) = -5(21) + 4(28) + 3(0) = -105 + 112 + 0 = 7
det(\begin{bmatrix} -5 & -4 & -5 \\ 4 & 3 & 2 \\ -4 & -3 & -1 \end{bmatrix}) = -5(3*(-1) - 2*(-3)) - (-4)(4*(-1) - 2*(-4)) + (-5)(4*(-3) - 3*(-4)) = -5(-3+6) + 4(-4+8) - 5(-12+12) = -5(3) + 4(4) - 5(0) = -15 + 16 + 0 = 1

Now, substitute these values back into the expression for det(A):
det(A) = -5 * 74 - 3 * 102 - 4 * 7 - 4 * 1 = -370 - 306 - 28 - 4 = -708

Final Answer: The final answer is $\boxed{-708}$", & -1 & 3 \end{bmatrix}) [-] 4 * det(\begin{bmatrix},420,S1_exact
NC_4x4_det_0839,Gemma-3,determinant,4,Alternating_Drift,det,failure,\det(A) = 923,-,+,2011,"<start_of_turn>user
You are a precise mathematical assistant. Show all computation steps clearly. Always put your final numerical answer inside \boxed{}.

Solve this linear algebra problem. Show your work and give the final answer.

Find the determinant of the 4×4 matrix A.

A = \begin{bmatrix} -3 & -3 & -4 & -4 \\ 3 & 2 & -4 & -2 \\ 1 & -5 & -3 & 5 \\ -2 & 1 & 0 & 3 \end{bmatrix}

<end_of_turn>
<start_of_turn>model
Let A be the given matrix:
$$ A = \begin{bmatrix} -3 & -3 & -4 & -4 \\ 3 & 2 & -4 & -2 \\ 1 & -5 & -3 & 5 \\ -2 & 1 & 0 & 3 \end{bmatrix} $$
We want to find the determinant of A. We can use cofactor expansion along the first row:
$$ \det(A) = -3 \begin{vmatrix} 2 & -4 & -2 \\ -5 & -3 & 5 \\ 1 & 0 & 3 \end{vmatrix} - (-3) \begin{vmatrix} 3 & -4 & -2 \\ 1 & -3 & 5 \\ -2 & 0 & 3 \end{vmatrix} - 4 \begin{vmatrix} 3 & 2 & -2 \\ 1 & -5 & 5 \\ -2 & 1 & 3 \end{vmatrix} - (-4) \begin{vmatrix} 3 & 2 & -4 \\ 1 & -5 & -3 \\ -2 & 1 & 0 \end{vmatrix} $$
First, we compute the 3x3 determinants:
$$ \begin{vmatrix} 2 & -4 & -2 \\ -5 & -3 & 5 \\ 1 & 0 & 3 \end{vmatrix} = 2((-3)(3) - (5)(0)) - (-4)((-5)(3) - (5)(1)) + (-2)((-5)(0) - (-3)(1)) = 2(-9) + 4(-15 - 5) - 2(3) = -18 + 4(-20) - 6 = -18 - 80 - 6 = -104 $$
$$ \begin{vmatrix} 3 & -4 & -2 \\ 1 & -3 & 5 \\ -2 & 0 & 3 \end{vmatrix} = 3((-3)(3) - (5)(0)) - (-4)((1)(3) - (5)(-2)) + (-2)((1)(0) - (-3)(-2)) = 3(-9) + 4(3 + 10) - 2(0 - 6) = -27 + 4(13) - 2(-6) = -27 + 52 + 12 = 37 $$
$$ \begin{vmatrix} 3 & 2 & -2 \\ 1 & -5 & 5 \\ -2 & 1 & 3 \end{vmatrix} = 3((-5)(3) - (5)(1)) - 2((1)(3) - (5)(-2)) + (-2)((1)(1) - (-5)(-2)) = 3(-15 - 5) - 2(3 + 10) - 2(1 - 10) = 3(-20) - 2(13) - 2(-9) = -60 - 26 + 18 = -68 $$
$$ \begin{vmatrix} 3 & 2 & -4 \\ 1 & -5 & -3 \\ -2 & 1 & 0 \end{vmatrix} = 3((-5)(0) - (-3)(1)) - 2((1)(0) - (-3)(-2)) + (-4)((1)(1) - (-5)(-2)) = 3(0 + 3) - 2(0 - 6) - 4(1 - 10) = 3(3) - 2(-6) - 4(-9) = 9 + 12 + 36 = 57 $$
Now, we substitute these values back into the expression for $\det(A)$:
$$ \det(A) = -3(-104) + 3(37) - 4(-68) - 4(57) = 312 + 111 + 272 - 228 = 465 $$
$$ \det(A) = 312 + 111 + 272 - 228 = 467 $$
$$ \det(A) = 312 + 111 + 272 - 228 = 467 $$
$$ \det(A) = -3(-104) + 3(37) - 4(-68) + (-4)(57) = 312 + 111 + 272 - 228 = 467 $$
Let's recompute the determinants:
$$ \begin{vmatrix} 2 & -4 & -2 \\ -5 & -3 & 5 \\ 1 & 0 & 3 \end{vmatrix} = 2(-9 - 0) - (-4)(-15 - 5) + (-2)(0 - (-3)) = -18 + 4(-20) - 2(3) = -18 - 80 - 6 = -104 $$
$$ \begin{vmatrix} 3 & -4 & -2 \\ 1 & -3 & 5 \\ -2 & 0 & 3 \end{vmatrix} = 3(-9 - 0) - (-4)(3 - (-10)) + (-2)(0 - 6) = -27 + 4(13) + 12 = -27 + 52 + 12 = 37 $$
$$ \begin{vmatrix} 3 & 2 & -2 \\ 1 & -5 & 5 \\ -2 & 1 & 3 \end{vmatrix} = 3(-15 - 5) - 2(3 - (-10)) + (-2)(1 - 10) = 3(-20) - 2(13) - 2(-9) = -60 - 26 + 18 = -68 $$
$$ \begin{vmatrix} 3 & 2 & -4 \\ 1 & -5 & -3 \\ -2 & 1 & 0 \end{vmatrix} = 3(0 - (-3)) - 2(0 - 6) + (-4)(1 - 10) = 3(3) - 2(-6) - 4(-9) = 9 + 12 + 36 = 57 $$
$$ \det(A) = -3(-104) + 3(37) - 4(-68) - 4(57) = 312 + 111 + 272 - 228 = 467 $$

Final Answer: The final answer is $\boxed{467}$","Let A be the given matrix:
$$ A = \begin{bmatrix} -3 & -3 & -4 & -4 \\ 3 & 2 & -4 & -2 \\ 1 & -5 & -3 & 5 \\ -2 & 1 & 0 & 3 \end{bmatrix} $$
We want to find the determinant of A. We can use cofactor expansion along the first row:
$$ \det(A) = -3 \begin{vmatrix} 2 & -4 & -2 \\ -5 & -3 & 5 \\ 1 & 0 & 3 \end{vmatrix} - (-3) \begin{vmatrix} 3 & -4 & -2 \\ 1 & -3 & 5 \\ -2 & 0 & 3 \end{vmatrix} - 4 \begin{vmatrix} 3 & 2 & -2 \\ 1 & -5 & 5 \\ -2 & 1 & 3 \end{vmatrix} - (-4) \begin{vmatrix} 3 & 2 & -4 \\ 1 & -5 & -3 \\ -2 & 1 & 0 \end{vmatrix} $$
First, we compute the 3x3 determinants:
$$ \begin{vmatrix} 2 & -4 & -2 \\ -5 & -3 & 5 \\ 1 & 0 & 3 \end{vmatrix} = 2((-3)(3) - (5)(0)) - (-4)((-5)(3) - (5)(1)) + (-2)((-5)(0) - (-3)(1)) = 2(-9) + 4(-15 - 5) - 2(3) = -18 + 4(-20) - 6 = -18 - 80 - 6 = -104 $$
$$ \begin{vmatrix} 3 & -4 & -2 \\ 1 & -3 & 5 \\ -2 & 0 & 3 \end{vmatrix} = 3((-3)(3) - (5)(0)) - (-4)((1)(3) - (5)(-2)) + (-2)((1)(0) - (-3)(-2)) = 3(-9) + 4(3 + 10) - 2(0 - 6) = -27 + 4(13) - 2(-6) = -27 + 52 + 12 = 37 $$
$$ \begin{vmatrix} 3 & 2 & -2 \\ 1 & -5 & 5 \\ -2 & 1 & 3 \end{vmatrix} = 3((-5)(3) - (5)(1)) - 2((1)(3) - (5)(-2)) + (-2)((1)(1) - (-5)(-2)) = 3(-15 - 5) - 2(3 + 10) - 2(1 - 10) = 3(-20) - 2(13) - 2(-9) = -60 - 26 + 18 = -68 $$
$$ \begin{vmatrix} 3 & 2 & -4 \\ 1 & -5 & -3 \\ -2 & 1 & 0 \end{vmatrix} = 3((-5)(0) - (-3)(1)) - 2((1)(0) - (-3)(-2)) + (-4)((1)(1) - (-5)(-2)) = 3(0 + 3) - 2(0 - 6) - 4(1 - 10) = 3(3) - 2(-6) - 4(-9) = 9 + 12 + 36 = 57 $$
Now, we substitute these values back into the expression for $\det(A)$:
$$ \det(A) = -3(-104) + 3(37) - 4(-68) - 4(57) = 312 + 111 + 272 - 228 = 465 $$
$$ \det(A) = 312 + 111 + 272 - 228 = 467 $$
$$ \det(A) = 312 + 111 + 272 - 228 = 467 $$
$$ \det(A) = -3(-104) + 3(37) - 4(-68) + (-4)(57) = 312 + 111 + 272 - 228 = 467 $$
Let's recompute the determinants:
$$ \begin{vmatrix} 2 & -4 & -2 \\ -5 & -3 & 5 \\ 1 & 0 & 3 \end{vmatrix} = 2(-9 - 0) - (-4)(-15 - 5) + (-2)(0 - (-3)) = -18 + 4(-20) - 2(3) = -18 - 80 - 6 = -104 $$
$$ \begin{vmatrix} 3 & -4 & -2 \\ 1 & -3 & 5 \\ -2 & 0 & 3 \end{vmatrix} = 3(-9 - 0) - (-4)(3 - (-10)) + (-2)(0 - 6) = -27 + 4(13) + 12 = -27 + 52 + 12 = 37 $$
$$ \begin{vmatrix} 3 & 2 & -2 \\ 1 & -5 & 5 \\ -2 & 1 & 3 \end{vmatrix} = 3(-15 - 5) - 2(3 - (-10)) + (-2)(1 - 10) = 3(-20) - 2(13) - 2(-9) = -60 - 26 + 18 = -68 $$
$$ \begin{vmatrix} 3 & 2 & -4 \\ 1 & -5 & -3 \\ -2 & 1 & 0 \end{vmatrix} = 3(0 - (-3)) - 2(0 - 6) + (-4)(1 - 10) = 3(3) - 2(-6) - 4(-9) = 9 + 12 + 36 = 57 $$
$$ \det(A) = -3(-104) + 3(37) - 4(-68) - 4(57) = 312 + 111 + 272 - 228 = 467 $$

Final Answer: The final answer is $\boxed{467}$",3(-104) + 3(37) - 4(-68) [-] 4(57) = 312 + 111 + 272,420,S1_exact
NC_4x4_det_1723,Gemma-3,determinant,4,Alternating_Drift,det,failure,\det(A) = -1863,-,+,895,"<start_of_turn>user
You are a precise mathematical assistant. Show all computation steps clearly. Always put your final numerical answer inside \boxed{}.

Solve this linear algebra problem. Show your work and give the final answer.

Find the determinant of the 4×4 matrix A.

A = \begin{bmatrix} -3 & 3 & -4 & -2 \\ 3 & 5 & 4 & 1 \\ -5 & 4 & -3 & 4 \\ 5 & -1 & -3 & 5 \end{bmatrix}

<end_of_turn>
<start_of_turn>model
Let A be the given matrix:
A = \begin{bmatrix} -3 & 3 & -4 & -2 \\ 3 & 5 & 4 & 1 \\ -5 & 4 & -3 & 4 \\ 5 & -1 & -3 & 5 \end{bmatrix}

We can compute the determinant of A using cofactor expansion. Let's expand along the first row:
det(A) = -3 * det(\begin{bmatrix} 5 & 4 & 1 \\ 4 & -3 & 4 \\ -1 & -3 & 5 \end{bmatrix}) - 3 * det(\begin{bmatrix} 3 & 4 & 1 \\ -5 & -3 & 4 \\ 5 & -3 & 5 \end{bmatrix}) - 4 * det(\begin{bmatrix} 3 & 5 & 1 \\ -5 & 4 & 4 \\ 5 & -1 & 5 \end{bmatrix}) - 2 * det(\begin{bmatrix} 3 & 5 & 4 \\ -5 & 4 & -3 \\ 5 & -1 & -3 \end{bmatrix})

Let's compute the determinants of the 3x3 matrices:
det(\begin{bmatrix} 5 & 4 & 1 \\ 4 & -3 & 4 \\ -1 & -3 & 5 \end{bmatrix}) = 5((-3)(5) - (4)(-3)) - 4((4)(5) - (4)(-1)) + 1((4)(-3) - (-3)(-1)) = 5(-15 + 12) - 4(20 + 4) + 1(-12 - 3) = 5(-3) - 4(24) + 1(-15) = -15 - 96 - 15 = -126

det(\begin{bmatrix} 3 & 4 & 1 \\ -5 & -3 & 4 \\ 5 & -3 & 5 \end{bmatrix}) = 3((-3)(5) - (4)(-3)) - 4((-5)(5) - (4)(5)) + 1((-5)(-3) - (-3)(5)) = 3(-15 + 12) - 4(-25 - 20) + 1(15 + 15) = 3(-3) - 4(-45) + 1(30) = -9 + 180 + 30 = 201

det(\begin{bmatrix} 3 & 5 & 1 \\ -5 & 4 & 4 \\ 5 & -1 & 5 \end{bmatrix}) = 3((4)(5) - (4)(-1)) - 5((-5)(5) - (4)(5)) + 1((-5)(-1) - (4)(5)) = 3(20 + 4) - 5(-25 - 20) + 1(5 - 20) = 3(24) - 5(-45) + 1(-15) = 72 + 225 - 15 = 282

det(\begin{bmatrix} 3 & 5 & 4 \\ -5 & 4 & -3 \\ 5 & -1 & -3 \end{bmatrix}) = 3((4)(-3) - (-3)(-1)) - 5((-5)(-3) - (-3)(5)) + 4((-5)(-1) - (4)(5)) = 3(-12 - 3) - 5(15 + 15) + 4(5 - 20) = 3(-15) - 5(30) + 4(-15) = -45 - 150 - 60 = -255

Now, substitute these values back into the expression for det(A):
det(A) = -3 * (-126) - 3 * (201) - 4 * (282) - 2 * (-255) = 378 - 603 - 1128 + 510 = 888 - 1731 = -843

Final Answer: The final answer is \boxed{-843}","Let A be the given matrix:
A = \begin{bmatrix} -3 & 3 & -4 & -2 \\ 3 & 5 & 4 & 1 \\ -5 & 4 & -3 & 4 \\ 5 & -1 & -3 & 5 \end{bmatrix}

We can compute the determinant of A using cofactor expansion. Let's expand along the first row:
det(A) = -3 * det(\begin{bmatrix} 5 & 4 & 1 \\ 4 & -3 & 4 \\ -1 & -3 & 5 \end{bmatrix}) - 3 * det(\begin{bmatrix} 3 & 4 & 1 \\ -5 & -3 & 4 \\ 5 & -3 & 5 \end{bmatrix}) - 4 * det(\begin{bmatrix} 3 & 5 & 1 \\ -5 & 4 & 4 \\ 5 & -1 & 5 \end{bmatrix}) - 2 * det(\begin{bmatrix} 3 & 5 & 4 \\ -5 & 4 & -3 \\ 5 & -1 & -3 \end{bmatrix})

Let's compute the determinants of the 3x3 matrices:
det(\begin{bmatrix} 5 & 4 & 1 \\ 4 & -3 & 4 \\ -1 & -3 & 5 \end{bmatrix}) = 5((-3)(5) - (4)(-3)) - 4((4)(5) - (4)(-1)) + 1((4)(-3) - (-3)(-1)) = 5(-15 + 12) - 4(20 + 4) + 1(-12 - 3) = 5(-3) - 4(24) + 1(-15) = -15 - 96 - 15 = -126

det(\begin{bmatrix} 3 & 4 & 1 \\ -5 & -3 & 4 \\ 5 & -3 & 5 \end{bmatrix}) = 3((-3)(5) - (4)(-3)) - 4((-5)(5) - (4)(5)) + 1((-5)(-3) - (-3)(5)) = 3(-15 + 12) - 4(-25 - 20) + 1(15 + 15) = 3(-3) - 4(-45) + 1(30) = -9 + 180 + 30 = 201

det(\begin{bmatrix} 3 & 5 & 1 \\ -5 & 4 & 4 \\ 5 & -1 & 5 \end{bmatrix}) = 3((4)(5) - (4)(-1)) - 5((-5)(5) - (4)(5)) + 1((-5)(-1) - (4)(5)) = 3(20 + 4) - 5(-25 - 20) + 1(5 - 20) = 3(24) - 5(-45) + 1(-15) = 72 + 225 - 15 = 282

det(\begin{bmatrix} 3 & 5 & 4 \\ -5 & 4 & -3 \\ 5 & -1 & -3 \end{bmatrix}) = 3((4)(-3) - (-3)(-1)) - 5((-5)(-3) - (-3)(5)) + 4((-5)(-1) - (4)(5)) = 3(-12 - 3) - 5(15 + 15) + 4(5 - 20) = 3(-15) - 5(30) + 4(-15) = -45 - 150 - 60 = -255

Now, substitute these values back into the expression for det(A):
det(A) = -3 * (-126) - 3 * (201) - 4 * (282) - 2 * (-255) = 378 - 603 - 1128 + 510 = 888 - 1731 = -843

Final Answer: The final answer is \boxed{-843}", & -1 & 5 \end{bmatrix}) [-] 2 * det(\begin{bmatrix},418,S1_exact
NC_4x4_det_1600,Gemma-3,determinant,4,Alternating_Drift,det,failure,\det(A) = 35,-,+,889,"<start_of_turn>user
You are a precise mathematical assistant. Show all computation steps clearly. Always put your final numerical answer inside \boxed{}.

Solve this linear algebra problem. Show your work and give the final answer.

Find the determinant of the 4×4 matrix A.

A = \begin{bmatrix} -3 & 2 & 4 & -3 \\ -1 & 1 & -2 & 1 \\ -2 & 4 & -1 & -1 \\ 1 & 5 & 1 & -5 \end{bmatrix}

<end_of_turn>
<start_of_turn>model
Let A be the given matrix:
A = \begin{bmatrix} -3 & 2 & 4 & -3 \\ -1 & 1 & -2 & 1 \\ -2 & 4 & -1 & -1 \\ 1 & 5 & 1 & -5 \end{bmatrix}

We can compute the determinant of A using cofactor expansion along the first row:
det(A) = -3 * det(\begin{bmatrix} 1 & -2 & 1 \\ 4 & -1 & -1 \\ 5 & 1 & -5 \end{bmatrix}) - 2 * det(\begin{bmatrix} -1 & -2 & 1 \\ -2 & -1 & -1 \\ 1 & 1 & -5 \end{bmatrix}) + 4 * det(\begin{bmatrix} -1 & 1 & 1 \\ -2 & 4 & -1 \\ 1 & 5 & -5 \end{bmatrix}) - 3 * det(\begin{bmatrix} -1 & 1 & -2 \\ -2 & 4 & -1 \\ 1 & 5 & 1 \end{bmatrix})

Let's compute the determinants of the 3x3 matrices:
det(\begin{bmatrix} 1 & -2 & 1 \\ 4 & -1 & -1 \\ 5 & 1 & -5 \end{bmatrix}) = 1 * ((-1)*(-5) - (-1)*1) - (-2) * (4*(-5) - (-1)*5) + 1 * (4*1 - (-1)*5)
= 1 * (5 + 1) + 2 * (-20 + 5) + 1 * (4 + 5)
= 1 * 6 + 2 * (-15) + 1 * 9
= 6 - 30 + 9 = -15

det(\begin{bmatrix} -1 & -2 & 1 \\ -2 & -1 & -1 \\ 1 & 1 & -5 \end{bmatrix}) = -1 * ((-1)*(-5) - (-1)*1) - (-2) * ((-2)*(-5) - (-1)*1) + 1 * ((-2)*1 - (-1)*1)
= -1 * (5 + 1) + 2 * (10 + 1) + 1 * (-2 + 1)
= -1 * 6 + 2 * 11 + 1 * (-1)
= -6 + 22 - 1 = 15

det(\begin{bmatrix} -1 & 1 & 1 \\ -2 & 4 & -1 \\ 1 & 5 & -5 \end{bmatrix}) = -1 * (4*(-5) - (-1)*5) - 1 * ((-2)*(-5) - (-1)*1) + 1 * ((-2)*5 - 4*1)
= -1 * (-20 + 5) - 1 * (10 + 1) + 1 * (-10 - 4)
= -1 * (-15) - 1 * 11 + 1 * (-14)
= 15 - 11 - 14 = -10

det(\begin{bmatrix} -1 & 1 & -2 \\ -2 & 4 & -1 \\ 1 & 5 & 1 \end{bmatrix}) = -1 * (4*1 - (-1)*5) - 1 * ((-2)*1 - (-1)*1) + (-2) * ((-2)*5 - 4*1)
= -1 * (4 + 5) - 1 * (-2 + 1) - 2 * (-10 - 4)
= -1 * 9 - 1 * (-1) - 2 * (-14)
= -9 + 1 + 28 = 20

Now, substitute these values back into the expression for det(A):
det(A) = -3 * (-15) - 2 * (15) + 4 * (-10) - 3 * (20)
= 45 - 30 - 40 - 60
= 45 - 130 = -85

Final Answer: The final answer is $\boxed{-85}$","Let A be the given matrix:
A = \begin{bmatrix} -3 & 2 & 4 & -3 \\ -1 & 1 & -2 & 1 \\ -2 & 4 & -1 & -1 \\ 1 & 5 & 1 & -5 \end{bmatrix}

We can compute the determinant of A using cofactor expansion along the first row:
det(A) = -3 * det(\begin{bmatrix} 1 & -2 & 1 \\ 4 & -1 & -1 \\ 5 & 1 & -5 \end{bmatrix}) - 2 * det(\begin{bmatrix} -1 & -2 & 1 \\ -2 & -1 & -1 \\ 1 & 1 & -5 \end{bmatrix}) + 4 * det(\begin{bmatrix} -1 & 1 & 1 \\ -2 & 4 & -1 \\ 1 & 5 & -5 \end{bmatrix}) - 3 * det(\begin{bmatrix} -1 & 1 & -2 \\ -2 & 4 & -1 \\ 1 & 5 & 1 \end{bmatrix})

Let's compute the determinants of the 3x3 matrices:
det(\begin{bmatrix} 1 & -2 & 1 \\ 4 & -1 & -1 \\ 5 & 1 & -5 \end{bmatrix}) = 1 * ((-1)*(-5) - (-1)*1) - (-2) * (4*(-5) - (-1)*5) + 1 * (4*1 - (-1)*5)
= 1 * (5 + 1) + 2 * (-20 + 5) + 1 * (4 + 5)
= 1 * 6 + 2 * (-15) + 1 * 9
= 6 - 30 + 9 = -15

det(\begin{bmatrix} -1 & -2 & 1 \\ -2 & -1 & -1 \\ 1 & 1 & -5 \end{bmatrix}) = -1 * ((-1)*(-5) - (-1)*1) - (-2) * ((-2)*(-5) - (-1)*1) + 1 * ((-2)*1 - (-1)*1)
= -1 * (5 + 1) + 2 * (10 + 1) + 1 * (-2 + 1)
= -1 * 6 + 2 * 11 + 1 * (-1)
= -6 + 22 - 1 = 15

det(\begin{bmatrix} -1 & 1 & 1 \\ -2 & 4 & -1 \\ 1 & 5 & -5 \end{bmatrix}) = -1 * (4*(-5) - (-1)*5) - 1 * ((-2)*(-5) - (-1)*1) + 1 * ((-2)*5 - 4*1)
= -1 * (-20 + 5) - 1 * (10 + 1) + 1 * (-10 - 4)
= -1 * (-15) - 1 * 11 + 1 * (-14)
= 15 - 11 - 14 = -10

det(\begin{bmatrix} -1 & 1 & -2 \\ -2 & 4 & -1 \\ 1 & 5 & 1 \end{bmatrix}) = -1 * (4*1 - (-1)*5) - 1 * ((-2)*1 - (-1)*1) + (-2) * ((-2)*5 - 4*1)
= -1 * (4 + 5) - 1 * (-2 + 1) - 2 * (-10 - 4)
= -1 * 9 - 1 * (-1) - 2 * (-14)
= -9 + 1 + 28 = 20

Now, substitute these values back into the expression for det(A):
det(A) = -3 * (-15) - 2 * (15) + 4 * (-10) - 3 * (20)
= 45 - 30 - 40 - 60
= 45 - 130 = -85

Final Answer: The final answer is $\boxed{-85}$", & 5 & -5 \end{bmatrix}) [-] 3 * det(\begin{bmatrix},419,AGREED_FIRST(min)
NC2_4x4_det_1455,Gemma-3,determinant,4,Cofactor_Neglect,det,failure,\det(A) = -376,-,+,2684,"<start_of_turn>user
You are a precise mathematical assistant. Show all computation steps clearly. Always put your final numerical answer inside \boxed{}.

Solve this linear algebra problem. Show your work and give the final answer.

Find the determinant of the 4×4 matrix A.

A = \begin{bmatrix} 4 & -5 & -4 & 0 \\ 5 & -3 & -2 & -5 \\ 3 & -3 & -4 & 3 \\ 2 & -3 & 4 & 2 \end{bmatrix}

<end_of_turn>
<start_of_turn>model

Let A be the given matrix:
$$ A = \begin{bmatrix} 4 & -5 & -4 & 0 \\ 5 & -3 & -2 & -5 \\ 3 & -3 & -4 & 3 \\ 2 & -3 & 4 & 2 \end{bmatrix} $$
We want to find the determinant of A. We can use cofactor expansion along the first row:
$$ \det(A) = 4 \cdot C_{11} + (-5) \cdot C_{12} + (-4) \cdot C_{13} + 0 \cdot C_{14} $$
where $C_{ij}$ is the cofactor of the element in the $i$-th row and $j$-th column.

$C_{11} = (-1)^{1+1} \det \begin{bmatrix} -3 & -2 & -5 \\ -3 & -4 & 3 \\ -3 & 4 & 2 \end{bmatrix} = \det \begin{bmatrix} -3 & -2 & -5 \\ -3 & -4 & 3 \\ -3 & 4 & 2 \end{bmatrix}$
$C_{12} = (-1)^{1+2} \det \begin{bmatrix} 5 & -2 & -5 \\ 3 & -4 & 3 \\ 2 & 4 & 2 \end{bmatrix} = - \det \begin{bmatrix} 5 & -2 & -5 \\ 3 & -4 & 3 \\ 2 & 4 & 2 \end{bmatrix}$
$C_{13} = (-1)^{1+3} \det \begin{bmatrix} 5 & -3 & -5 \\ 3 & -3 & 3 \\ 2 & -3 & 2 \end{bmatrix} = \det \begin{bmatrix} 5 & -3 & -5 \\ 3 & -3 & 3 \\ 2 & -3 & 2 \end{bmatrix}$

Now we compute the determinants of the 3x3 matrices:
$\det \begin{bmatrix} -3 & -2 & -5 \\ -3 & -4 & 3 \\ -3 & 4 & 2 \end{bmatrix} = -3 \det \begin{bmatrix} -4 & 3 \\ 4 & 2 \end{bmatrix} - (-2) \det \begin{bmatrix} -3 & 3 \\ -3 & 2 \end{bmatrix} + (-5) \det \begin{bmatrix} -3 & -4 \\ -3 & 4 \end{bmatrix} = -3((-4)(2) - (3)(4)) + 2((-3)(2) - (3)(-3)) - 5((-3)(4) - (-4)(-3)) = -3(-8 - 12) + 2(-6 + 9) - 5(-12 - 12) = -3(-20) + 2(3) - 5(-24) = 60 + 6 + 120 = 186$

$\det \begin{bmatrix} 5 & -2 & -5 \\ 3 & -4 & 3 \\ 2 & 4 & 2 \end{bmatrix} = 5 \det \begin{bmatrix} -4 & 3 \\ 4 & 2 \end{bmatrix} - (-2) \det \begin{bmatrix} 3 & 3 \\ 2 & 2 \end{bmatrix} + (-5) \det \begin{bmatrix} 3 & -4 \\ 2 & 4 \end{bmatrix} = 5((-4)(2) - (3)(4)) + 2((3)(2) - (3)(2)) - 5((3)(4) - (-4)(2)) = 5(-8 - 12) + 2(6 - 6) - 5(12 + 8) = 5(-20) + 2(0) - 5(20) = -100 + 0 - 100 = -200$

$\det \begin{bmatrix} 5 & -3 & -5 \\ 3 & -3 & 3 \\ 2 & -3 & 2 \end{bmatrix} = 5 \det \begin{bmatrix} -3 & 3 \\ -3 & 2 \end{bmatrix} - (-3) \det \begin{bmatrix} 3 & 3 \\ 2 & 2 \end{bmatrix} + (-5) \det \begin{bmatrix} 3 & -3 \\ 2 & -3 \end{bmatrix} = 5((-3)(2) - (3)(-3)) + 3((3)(2) - (3)(2)) - 5((3)(-3) - (-3)(2)) = 5(-6 + 9) + 3(6 - 6) - 5(-9 + 6) = 5(3) + 3(0) - 5(-3) = 15 + 0 + 15 = 30$

Now we plug these values back into the determinant of A:
$\det(A) = 4(186) + (-5)(-200) + (-4)(30) + 0 = 744 + 1000 - 120 = 1624$

Final Answer: The final answer is $\boxed{1624}$","
Let A be the given matrix:
$$ A = \begin{bmatrix} 4 & -5 & -4 & 0 \\ 5 & -3 & -2 & -5 \\ 3 & -3 & -4 & 3 \\ 2 & -3 & 4 & 2 \end{bmatrix} $$
We want to find the determinant of A. We can use cofactor expansion along the first row:
$$ \det(A) = 4 \cdot C_{11} + (-5) \cdot C_{12} + (-4) \cdot C_{13} + 0 \cdot C_{14} $$
where $C_{ij}$ is the cofactor of the element in the $i$-th row and $j$-th column.

$C_{11} = (-1)^{1+1} \det \begin{bmatrix} -3 & -2 & -5 \\ -3 & -4 & 3 \\ -3 & 4 & 2 \end{bmatrix} = \det \begin{bmatrix} -3 & -2 & -5 \\ -3 & -4 & 3 \\ -3 & 4 & 2 \end{bmatrix}$
$C_{12} = (-1)^{1+2} \det \begin{bmatrix} 5 & -2 & -5 \\ 3 & -4 & 3 \\ 2 & 4 & 2 \end{bmatrix} = - \det \begin{bmatrix} 5 & -2 & -5 \\ 3 & -4 & 3 \\ 2 & 4 & 2 \end{bmatrix}$
$C_{13} = (-1)^{1+3} \det \begin{bmatrix} 5 & -3 & -5 \\ 3 & -3 & 3 \\ 2 & -3 & 2 \end{bmatrix} = \det \begin{bmatrix} 5 & -3 & -5 \\ 3 & -3 & 3 \\ 2 & -3 & 2 \end{bmatrix}$

Now we compute the determinants of the 3x3 matrices:
$\det \begin{bmatrix} -3 & -2 & -5 \\ -3 & -4 & 3 \\ -3 & 4 & 2 \end{bmatrix} = -3 \det \begin{bmatrix} -4 & 3 \\ 4 & 2 \end{bmatrix} - (-2) \det \begin{bmatrix} -3 & 3 \\ -3 & 2 \end{bmatrix} + (-5) \det \begin{bmatrix} -3 & -4 \\ -3 & 4 \end{bmatrix} = -3((-4)(2) - (3)(4)) + 2((-3)(2) - (3)(-3)) - 5((-3)(4) - (-4)(-3)) = -3(-8 - 12) + 2(-6 + 9) - 5(-12 - 12) = -3(-20) + 2(3) - 5(-24) = 60 + 6 + 120 = 186$

$\det \begin{bmatrix} 5 & -2 & -5 \\ 3 & -4 & 3 \\ 2 & 4 & 2 \end{bmatrix} = 5 \det \begin{bmatrix} -4 & 3 \\ 4 & 2 \end{bmatrix} - (-2) \det \begin{bmatrix} 3 & 3 \\ 2 & 2 \end{bmatrix} + (-5) \det \begin{bmatrix} 3 & -4 \\ 2 & 4 \end{bmatrix} = 5((-4)(2) - (3)(4)) + 2((3)(2) - (3)(2)) - 5((3)(4) - (-4)(2)) = 5(-8 - 12) + 2(6 - 6) - 5(12 + 8) = 5(-20) + 2(0) - 5(20) = -100 + 0 - 100 = -200$

$\det \begin{bmatrix} 5 & -3 & -5 \\ 3 & -3 & 3 \\ 2 & -3 & 2 \end{bmatrix} = 5 \det \begin{bmatrix} -3 & 3 \\ -3 & 2 \end{bmatrix} - (-3) \det \begin{bmatrix} 3 & 3 \\ 2 & 2 \end{bmatrix} + (-5) \det \begin{bmatrix} 3 & -3 \\ 2 & -3 \end{bmatrix} = 5((-3)(2) - (3)(-3)) + 3((3)(2) - (3)(2)) - 5((3)(-3) - (-3)(2)) = 5(-6 + 9) + 3(6 - 6) - 5(-9 + 6) = 5(3) + 3(0) - 5(-3) = 15 + 0 + 15 = 30$

Now we plug these values back into the determinant of A:
$\det(A) = 4(186) + (-5)(-200) + (-4)(30) + 0 = 744 + 1000 - 120 = 1624$

Final Answer: The final answer is $\boxed{1624}$",$\det(A) = 4(186) + (-5)([-]200) + (-4)(30) + 0 = 74,419,S1_exact
NC_4x4_det_462,Gemma-3,determinant,4,Cofactor_Neglect,det,failure,\det(A) = 54,-,+,795,"<start_of_turn>user
You are a precise mathematical assistant. Show all computation steps clearly. Always put your final numerical answer inside \boxed{}.

Solve this linear algebra problem. Show your work and give the final answer.

Find the determinant of the 4×4 matrix A.

A = \begin{bmatrix} -2 & 3 & 3 & -2 \\ -5 & -3 & 1 & 0 \\ -4 & -3 & 2 & 0 \\ -5 & -3 & -1 & 2 \end{bmatrix}

<end_of_turn>
<start_of_turn>model
Let A be the given matrix:
$$ A = \begin{bmatrix} -2 & 3 & 3 & -2 \\ -5 & -3 & 1 & 0 \\ -4 & -3 & 2 & 0 \\ -5 & -3 & -1 & 2 \end{bmatrix} $$
We can compute the determinant of A by cofactor expansion along the last column.
$$ \det(A) = (-2)C_{14} + 0C_{24} + 0C_{34} + 2C_{44} $$
where $C_{ij}$ is the cofactor of the element in the $i$-th row and $j$-th column.
$$ \det(A) = -2 \begin{vmatrix} -5 & -3 & 1 \\ -4 & -3 & 2 \\ -5 & -3 & -1 \end{vmatrix} + 2 \begin{vmatrix} -2 & 3 & 3 \\ -5 & -3 & 1 \\ -4 & -3 & 2 \end{vmatrix} $$
First, we compute the 3x3 determinant:
$$ \begin{vmatrix} -5 & -3 & 1 \\ -4 & -3 & 2 \\ -5 & -3 & -1 \end{vmatrix} = -5 \begin{vmatrix} -3 & 2 \\ -3 & -1 \end{vmatrix} - (-3) \begin{vmatrix} -4 & 2 \\ -5 & -1 \end{vmatrix} + 1 \begin{vmatrix} -4 & -3 \\ -5 & -3 \end{vmatrix} $$
$$ = -5((-3)(-1) - (2)(-3)) + 3((-4)(-1) - (2)(-5)) + ((-4)(-3) - (-3)(-5)) $$
$$ = -5(3 + 6) + 3(4 + 10) + (12 - 15) $$
$$ = -5(9) + 3(14) + (-3) $$
$$ = -45 + 42 - 3 = -6 $$
Next, we compute the second 3x3 determinant:
$$ \begin{vmatrix} -2 & 3 & 3 \\ -5 & -3 & 1 \\ -4 & -3 & 2 \end{vmatrix} = -2 \begin{vmatrix} -3 & 1 \\ -3 & 2 \end{vmatrix} - 3 \begin{vmatrix} -5 & 1 \\ -4 & 2 \end{vmatrix} + 3 \begin{vmatrix} -5 & -3 \\ -4 & -3 \end{vmatrix} $$
$$ = -2((-3)(2) - (1)(-3)) - 3((-5)(2) - (1)(-4)) + 3((-5)(-3) - (-3)(-4)) $$
$$ = -2(-6 + 3) - 3(-10 + 4) + 3(15 - 12) $$
$$ = -2(-3) - 3(-6) + 3(3) $$
$$ = 6 + 18 + 9 = 33 $$
Now, we can compute the determinant of A:
$$ \det(A) = -2(-6) + 2(33) = 12 + 66 = 78 $$

Final Answer: The final answer is $\boxed{78}$","Let A be the given matrix:
$$ A = \begin{bmatrix} -2 & 3 & 3 & -2 \\ -5 & -3 & 1 & 0 \\ -4 & -3 & 2 & 0 \\ -5 & -3 & -1 & 2 \end{bmatrix} $$
We can compute the determinant of A by cofactor expansion along the last column.
$$ \det(A) = (-2)C_{14} + 0C_{24} + 0C_{34} + 2C_{44} $$
where $C_{ij}$ is the cofactor of the element in the $i$-th row and $j$-th column.
$$ \det(A) = -2 \begin{vmatrix} -5 & -3 & 1 \\ -4 & -3 & 2 \\ -5 & -3 & -1 \end{vmatrix} + 2 \begin{vmatrix} -2 & 3 & 3 \\ -5 & -3 & 1 \\ -4 & -3 & 2 \end{vmatrix} $$
First, we compute the 3x3 determinant:
$$ \begin{vmatrix} -5 & -3 & 1 \\ -4 & -3 & 2 \\ -5 & -3 & -1 \end{vmatrix} = -5 \begin{vmatrix} -3 & 2 \\ -3 & -1 \end{vmatrix} - (-3) \begin{vmatrix} -4 & 2 \\ -5 & -1 \end{vmatrix} + 1 \begin{vmatrix} -4 & -3 \\ -5 & -3 \end{vmatrix} $$
$$ = -5((-3)(-1) - (2)(-3)) + 3((-4)(-1) - (2)(-5)) + ((-4)(-3) - (-3)(-5)) $$
$$ = -5(3 + 6) + 3(4 + 10) + (12 - 15) $$
$$ = -5(9) + 3(14) + (-3) $$
$$ = -45 + 42 - 3 = -6 $$
Next, we compute the second 3x3 determinant:
$$ \begin{vmatrix} -2 & 3 & 3 \\ -5 & -3 & 1 \\ -4 & -3 & 2 \end{vmatrix} = -2 \begin{vmatrix} -3 & 1 \\ -3 & 2 \end{vmatrix} - 3 \begin{vmatrix} -5 & 1 \\ -4 & 2 \end{vmatrix} + 3 \begin{vmatrix} -5 & -3 \\ -4 & -3 \end{vmatrix} $$
$$ = -2((-3)(2) - (1)(-3)) - 3((-5)(2) - (1)(-4)) + 3((-5)(-3) - (-3)(-4)) $$
$$ = -2(-6 + 3) - 3(-10 + 4) + 3(15 - 12) $$
$$ = -2(-3) - 3(-6) + 3(3) $$
$$ = 6 + 18 + 9 = 33 $$
Now, we can compute the determinant of A:
$$ \det(A) = -2(-6) + 2(33) = 12 + 66 = 78 $$

Final Answer: The final answer is $\boxed{78}$","-th column.
$$ \det(A) = [-]2 \begin{vmatrix} -5 & -",420,S1_exact
NC_4x4_det_1487,Gemma-3,determinant,4,Cofactor_Neglect,det,failure,\det(A) = -117,-,+,1575,"<start_of_turn>user
You are a precise mathematical assistant. Show all computation steps clearly. Always put your final numerical answer inside \boxed{}.

Solve this linear algebra problem. Show your work and give the final answer.

Find the determinant of the 4×4 matrix A.

A = \begin{bmatrix} -2 & -4 & -5 & 5 \\ -4 & -1 & -2 & 1 \\ -2 & -3 & 0 & 2 \\ 3 & -3 & 0 & 5 \end{bmatrix}

<end_of_turn>
<start_of_turn>model
Let A be the given matrix:
$$ A = \begin{bmatrix} -2 & -4 & -5 & 5 \\ -4 & -1 & -2 & 1 \\ -2 & -3 & 0 & 2 \\ 3 & -3 & 0 & 5 \end{bmatrix} $$
We can compute the determinant of A by cofactor expansion along the third column.
$$ \det(A) = (-5)C_{13} + (-2)C_{23} + (0)C_{33} + (0)C_{43} $$
where $C_{ij}$ is the cofactor of the element in the $i$-th row and $j$-th column.
$$ \det(A) = -5 \begin{vmatrix} -4 & -1 & 1 \\ -2 & -3 & 2 \\ 3 & -3 & 5 \end{vmatrix} - 2 \begin{vmatrix} -2 & -4 & 5 \\ -2 & -3 & 2 \\ 3 & -3 & 5 \end{vmatrix} $$
Now we compute the determinants of the 3x3 matrices.
$$ \begin{vmatrix} -4 & -1 & 1 \\ -2 & -3 & 2 \\ 3 & -3 & 5 \end{vmatrix} = -4((-3)(5) - (2)(-3)) - (-1)((-2)(5) - (2)(3)) + 1((-2)(-3) - (-3)(3)) $$
$$ = -4(-15 + 6) + 1(-10 - 6) + 1(6 + 9) = -4(-9) + (-16) + 15 = 36 - 16 + 15 = 35 $$
$$ \begin{vmatrix} -2 & -4 & 5 \\ -2 & -3 & 2 \\ 3 & -3 & 5 \end{vmatrix} = -2((-3)(5) - (2)(-3)) - (-4)((-2)(5) - (2)(3)) + 5((-2)(-3) - (-3)(3)) $$
$$ = -2(-15 + 6) + 4(-10 - 6) + 5(6 + 9) = -2(-9) + 4(-16) + 5(15) = 18 - 64 + 75 = 29 $$
Now we substitute these values back into the expression for $\det(A)$:
$$ \det(A) = -5(35) - 2(29) = -175 - 58 = -233 $$

Final Answer: The final answer is $\boxed{-233}$","Let A be the given matrix:
$$ A = \begin{bmatrix} -2 & -4 & -5 & 5 \\ -4 & -1 & -2 & 1 \\ -2 & -3 & 0 & 2 \\ 3 & -3 & 0 & 5 \end{bmatrix} $$
We can compute the determinant of A by cofactor expansion along the third column.
$$ \det(A) = (-5)C_{13} + (-2)C_{23} + (0)C_{33} + (0)C_{43} $$
where $C_{ij}$ is the cofactor of the element in the $i$-th row and $j$-th column.
$$ \det(A) = -5 \begin{vmatrix} -4 & -1 & 1 \\ -2 & -3 & 2 \\ 3 & -3 & 5 \end{vmatrix} - 2 \begin{vmatrix} -2 & -4 & 5 \\ -2 & -3 & 2 \\ 3 & -3 & 5 \end{vmatrix} $$
Now we compute the determinants of the 3x3 matrices.
$$ \begin{vmatrix} -4 & -1 & 1 \\ -2 & -3 & 2 \\ 3 & -3 & 5 \end{vmatrix} = -4((-3)(5) - (2)(-3)) - (-1)((-2)(5) - (2)(3)) + 1((-2)(-3) - (-3)(3)) $$
$$ = -4(-15 + 6) + 1(-10 - 6) + 1(6 + 9) = -4(-9) + (-16) + 15 = 36 - 16 + 15 = 35 $$
$$ \begin{vmatrix} -2 & -4 & 5 \\ -2 & -3 & 2 \\ 3 & -3 & 5 \end{vmatrix} = -2((-3)(5) - (2)(-3)) - (-4)((-2)(5) - (2)(3)) + 5((-2)(-3) - (-3)(3)) $$
$$ = -2(-15 + 6) + 4(-10 - 6) + 5(6 + 9) = -2(-9) + 4(-16) + 5(15) = 18 - 64 + 75 = 29 $$
Now we substitute these values back into the expression for $\det(A)$:
$$ \det(A) = -5(35) - 2(29) = -175 - 58 = -233 $$

Final Answer: The final answer is $\boxed{-233}$","A)$:
$$ \det(A) = -5(35) [-] 2(29) = -175 - 58 = -23",420,S1_exact
NC_4x4_det_400,Gemma-3,determinant,4,Cofactor_Neglect,det,failure,\det(A) = 112,-,+,806,"<start_of_turn>user
You are a precise mathematical assistant. Show all computation steps clearly. Always put your final numerical answer inside \boxed{}.

Solve this linear algebra problem. Show your work and give the final answer.

Find the determinant of the 4×4 matrix A.

A = \begin{bmatrix} 2 & -4 & -2 & -4 \\ -5 & -1 & -3 & -2 \\ -4 & -4 & 4 & 0 \\ -4 & 3 & -3 & 0 \end{bmatrix}

<end_of_turn>
<start_of_turn>model
Let A be the given matrix:
$$ A = \begin{bmatrix} 2 & -4 & -2 & -4 \\ -5 & -1 & -3 & -2 \\ -4 & -4 & 4 & 0 \\ -4 & 3 & -3 & 0 \end{bmatrix} $$
We can compute the determinant of A by cofactor expansion along the last column.
$$ \det(A) = (-4)C_{14} + (-2)C_{24} + (0)C_{34} + (0)C_{44} $$
where $C_{ij}$ is the cofactor of the element in the $i$-th row and $j$-th column.
$$ \det(A) = -4 \begin{vmatrix} -5 & -1 & -3 \\ -4 & -4 & 4 \\ -4 & 3 & -3 \end{vmatrix} - 2 \begin{vmatrix} 2 & -4 & -2 \\ -4 & -4 & 4 \\ -4 & 3 & -3 \end{vmatrix} $$
Now we compute the two 3x3 determinants.
$$ \begin{vmatrix} -5 & -1 & -3 \\ -4 & -4 & 4 \\ -4 & 3 & -3 \end{vmatrix} = -5 \begin{vmatrix} -4 & 4 \\ 3 & -3 \end{vmatrix} - (-1) \begin{vmatrix} -4 & 4 \\ -4 & -3 \end{vmatrix} + (-3) \begin{vmatrix} -4 & -4 \\ -4 & 3 \end{vmatrix} $$
$$ = -5((-4)(-3) - (4)(3)) + ((-4)(-3) - (4)(-4)) - 3((-4)(3) - (-4)(-4)) $$
$$ = -5(12 - 12) + (12 + 16) - 3(-12 - 16) $$
$$ = -5(0) + 28 - 3(-28) = 0 + 28 + 84 = 112 $$
Next,
$$ \begin{vmatrix} 2 & -4 & -2 \\ -4 & -4 & 4 \\ -4 & 3 & -3 \end{vmatrix} = 2 \begin{vmatrix} -4 & 4 \\ 3 & -3 \end{vmatrix} - (-4) \begin{vmatrix} -4 & 4 \\ -4 & -3 \end{vmatrix} + (-2) \begin{vmatrix} -4 & -4 \\ -4 & 3 \end{vmatrix} $$
$$ = 2((-4)(-3) - (4)(3)) + 4((-4)(-3) - (4)(-4)) - 2((-4)(3) - (-4)(-4)) $$
$$ = 2(12 - 12) + 4(12 + 16) - 2(-12 - 16) $$
$$ = 2(0) + 4(28) - 2(-28) = 0 + 112 + 56 = 168 $$
Now we substitute these values back into the expression for $\det(A)$:
$$ \det(A) = -4(112) - 2(168) = -448 - 336 = -784 $$

Final Answer: The final answer is $\boxed{-784}$","Let A be the given matrix:
$$ A = \begin{bmatrix} 2 & -4 & -2 & -4 \\ -5 & -1 & -3 & -2 \\ -4 & -4 & 4 & 0 \\ -4 & 3 & -3 & 0 \end{bmatrix} $$
We can compute the determinant of A by cofactor expansion along the last column.
$$ \det(A) = (-4)C_{14} + (-2)C_{24} + (0)C_{34} + (0)C_{44} $$
where $C_{ij}$ is the cofactor of the element in the $i$-th row and $j$-th column.
$$ \det(A) = -4 \begin{vmatrix} -5 & -1 & -3 \\ -4 & -4 & 4 \\ -4 & 3 & -3 \end{vmatrix} - 2 \begin{vmatrix} 2 & -4 & -2 \\ -4 & -4 & 4 \\ -4 & 3 & -3 \end{vmatrix} $$
Now we compute the two 3x3 determinants.
$$ \begin{vmatrix} -5 & -1 & -3 \\ -4 & -4 & 4 \\ -4 & 3 & -3 \end{vmatrix} = -5 \begin{vmatrix} -4 & 4 \\ 3 & -3 \end{vmatrix} - (-1) \begin{vmatrix} -4 & 4 \\ -4 & -3 \end{vmatrix} + (-3) \begin{vmatrix} -4 & -4 \\ -4 & 3 \end{vmatrix} $$
$$ = -5((-4)(-3) - (4)(3)) + ((-4)(-3) - (4)(-4)) - 3((-4)(3) - (-4)(-4)) $$
$$ = -5(12 - 12) + (12 + 16) - 3(-12 - 16) $$
$$ = -5(0) + 28 - 3(-28) = 0 + 28 + 84 = 112 $$
Next,
$$ \begin{vmatrix} 2 & -4 & -2 \\ -4 & -4 & 4 \\ -4 & 3 & -3 \end{vmatrix} = 2 \begin{vmatrix} -4 & 4 \\ 3 & -3 \end{vmatrix} - (-4) \begin{vmatrix} -4 & 4 \\ -4 & -3 \end{vmatrix} + (-2) \begin{vmatrix} -4 & -4 \\ -4 & 3 \end{vmatrix} $$
$$ = 2((-4)(-3) - (4)(3)) + 4((-4)(-3) - (4)(-4)) - 2((-4)(3) - (-4)(-4)) $$
$$ = 2(12 - 12) + 4(12 + 16) - 2(-12 - 16) $$
$$ = 2(0) + 4(28) - 2(-28) = 0 + 112 + 56 = 168 $$
Now we substitute these values back into the expression for $\det(A)$:
$$ \det(A) = -4(112) - 2(168) = -448 - 336 = -784 $$

Final Answer: The final answer is $\boxed{-784}$","-th column.
$$ \det(A) = [-]4 \begin{vmatrix} -5 & -",422,S1_exact
NC2_4x4_det_1736,Gemma-3,determinant,4,Cofactor_Neglect,det,failure,\det(A) = 416,-,+,2153,"<start_of_turn>user
You are a precise mathematical assistant. Show all computation steps clearly. Always put your final numerical answer inside \boxed{}.

Solve this linear algebra problem. Show your work and give the final answer.

Find the determinant of the 4×4 matrix A.

A = \begin{bmatrix} 1 & 5 & 0 & 4 \\ 3 & 0 & 0 & 5 \\ -1 & -3 & 3 & 4 \\ 4 & 4 & 2 & 4 \end{bmatrix}

<end_of_turn>
<start_of_turn>model

To find the determinant of the 4x4 matrix A, we can use cofactor expansion. Let's expand along the first row:

A = \begin{bmatrix} 1 & 5 & 0 & 4 \\ 3 & 0 & 0 & 5 \\ -1 & -3 & 3 & 4 \\ 4 & 4 & 2 & 4 \end{bmatrix}

det(A) = 1 * C<sub>11</sub> + 5 * C<sub>12</sub> + 0 * C<sub>13</sub> + 4 * C<sub>14</sub>

where C<sub>ij</sub> is the cofactor of the element in the i-th row and j-th column.

C<sub>11</sub> = (-1)<sup>1+1</sup> * det(\begin{bmatrix} 0 & 0 & 5 \\ -3 & 3 & 4 \\ 4 & 2 & 4 \end{bmatrix})
C<sub>12</sub> = (-1)<sup>1+2</sup> * det(\begin{bmatrix} 3 & 0 & 5 \\ -1 & 3 & 4 \\ 4 & 2 & 4 \end{bmatrix})
C<sub>13</sub> = (-1)<sup>1+3</sup> * det(\begin{bmatrix} 3 & 0 & 5 \\ -1 & -3 & 4 \\ 4 & 4 & 4 \end{bmatrix})
C<sub>14</sub> = (-1)<sup>1+4</sup> * det(\begin{bmatrix} 3 & 0 & 0 \\ -1 & -3 & 3 \\ 4 & 4 & 2 \end{bmatrix})

Now, let's compute the determinants of the 3x3 matrices:

det(\begin{bmatrix} 0 & 0 & 5 \\ -3 & 3 & 4 \\ 4 & 2 & 4 \end{bmatrix}) = 0 * (3*4 - 4*2) - 0 * (-3*4 - 4*4) + 5 * (-3*2 - 3*4) = 0 - 0 + 5 * (-6 - 12) = 5 * (-18) = -90

det(\begin{bmatrix} 3 & 0 & 5 \\ -1 & 3 & 4 \\ 4 & 2 & 4 \end{bmatrix}) = 3 * (3*4 - 4*2) - 0 * (-1*4 - 4*4) + 5 * (-1*2 - 3*4) = 3 * (12 - 8) - 0 + 5 * (-2 - 12) = 3 * 4 + 5 * (-14) = 12 - 70 = -58

det(\begin{bmatrix} 3 & 0 & 5 \\ -1 & -3 & 4 \\ 4 & 4 & 4 \end{bmatrix}) = 3 * (-3*4 - 4*4) - 0 * (-1*4 - 4*4) + 5 * (-1*4 - (-3)*4) = 3 * (-12 - 16) - 0 + 5 * (-4 + 12) = 3 * (-28) + 5 * 8 = -84 + 40 = -44

det(\begin{bmatrix} 3 & 0 & 0 \\ -1 & -3 & 3 \\ 4 & 4 & 2 \end{bmatrix}) = 3 * (-3*2 - 3*4) - 0 * (-1*2 - 3*4) + 0 * (-1*4 - (-3)*4) = 3 * (-6 - 12) - 0 + 0 = 3 * (-18) = -54

Now, substitute the cofactors back into the determinant formula:

det(A) = 1 * (-90) + 5 * (-58) + 0 * (-44) + 4 * (-54) = -90 - 290 + 0 - 216 = -596

Final Answer: The final answer is $\boxed{-596}$","
To find the determinant of the 4x4 matrix A, we can use cofactor expansion. Let's expand along the first row:

A = \begin{bmatrix} 1 & 5 & 0 & 4 \\ 3 & 0 & 0 & 5 \\ -1 & -3 & 3 & 4 \\ 4 & 4 & 2 & 4 \end{bmatrix}

det(A) = 1 * C<sub>11</sub> + 5 * C<sub>12</sub> + 0 * C<sub>13</sub> + 4 * C<sub>14</sub>

where C<sub>ij</sub> is the cofactor of the element in the i-th row and j-th column.

C<sub>11</sub> = (-1)<sup>1+1</sup> * det(\begin{bmatrix} 0 & 0 & 5 \\ -3 & 3 & 4 \\ 4 & 2 & 4 \end{bmatrix})
C<sub>12</sub> = (-1)<sup>1+2</sup> * det(\begin{bmatrix} 3 & 0 & 5 \\ -1 & 3 & 4 \\ 4 & 2 & 4 \end{bmatrix})
C<sub>13</sub> = (-1)<sup>1+3</sup> * det(\begin{bmatrix} 3 & 0 & 5 \\ -1 & -3 & 4 \\ 4 & 4 & 4 \end{bmatrix})
C<sub>14</sub> = (-1)<sup>1+4</sup> * det(\begin{bmatrix} 3 & 0 & 0 \\ -1 & -3 & 3 \\ 4 & 4 & 2 \end{bmatrix})

Now, let's compute the determinants of the 3x3 matrices:

det(\begin{bmatrix} 0 & 0 & 5 \\ -3 & 3 & 4 \\ 4 & 2 & 4 \end{bmatrix}) = 0 * (3*4 - 4*2) - 0 * (-3*4 - 4*4) + 5 * (-3*2 - 3*4) = 0 - 0 + 5 * (-6 - 12) = 5 * (-18) = -90

det(\begin{bmatrix} 3 & 0 & 5 \\ -1 & 3 & 4 \\ 4 & 2 & 4 \end{bmatrix}) = 3 * (3*4 - 4*2) - 0 * (-1*4 - 4*4) + 5 * (-1*2 - 3*4) = 3 * (12 - 8) - 0 + 5 * (-2 - 12) = 3 * 4 + 5 * (-14) = 12 - 70 = -58

det(\begin{bmatrix} 3 & 0 & 5 \\ -1 & -3 & 4 \\ 4 & 4 & 4 \end{bmatrix}) = 3 * (-3*4 - 4*4) - 0 * (-1*4 - 4*4) + 5 * (-1*4 - (-3)*4) = 3 * (-12 - 16) - 0 + 5 * (-4 + 12) = 3 * (-28) + 5 * 8 = -84 + 40 = -44

det(\begin{bmatrix} 3 & 0 & 0 \\ -1 & -3 & 3 \\ 4 & 4 & 2 \end{bmatrix}) = 3 * (-3*2 - 3*4) - 0 * (-1*2 - 3*4) + 0 * (-1*4 - (-3)*4) = 3 * (-6 - 12) - 0 + 0 = 3 * (-18) = -54

Now, substitute the cofactors back into the determinant formula:

det(A) = 1 * (-90) + 5 * (-58) + 0 * (-44) + 4 * (-54) = -90 - 290 + 0 - 216 = -596

Final Answer: The final answer is $\boxed{-596}$",et(A) = 1 * (-90) + 5 * ([-]58) + 0 * (-44) + 4 * (-,413,S1_exact
NC_4x4_det_480,Gemma-3,determinant,4,Cofactor_Neglect,det,failure,\det(A) = 133,-,+,1568,"<start_of_turn>user
You are a precise mathematical assistant. Show all computation steps clearly. Always put your final numerical answer inside \boxed{}.

Solve this linear algebra problem. Show your work and give the final answer.

Find the determinant of the 4×4 matrix A.

A = \begin{bmatrix} -1 & 5 & 0 & 0 \\ 2 & -4 & -1 & -5 \\ 5 & -3 & 1 & -2 \\ 0 & -5 & 1 & 0 \end{bmatrix}

<end_of_turn>
<start_of_turn>model

We will compute the determinant of the matrix A using cofactor expansion along the first row.

A = \begin{bmatrix} -1 & 5 & 0 & 0 \\ 2 & -4 & -1 & -5 \\ 5 & -3 & 1 & -2 \\ 0 & -5 & 1 & 0 \end{bmatrix}

det(A) = (-1) * C_{11} + 5 * C_{12} + 0 * C_{13} + 0 * C_{14}
where C_{ij} is the cofactor of the element in the i-th row and j-th column.

C_{11} = (-1)^{1+1} * det(\begin{bmatrix} -4 & -1 & -5 \\ -3 & 1 & -2 \\ -5 & 1 & 0 \end{bmatrix})
C_{12} = (-1)^{1+2} * det(\begin{bmatrix} 2 & -1 & -5 \\ 5 & 1 & -2 \\ 0 & 1 & 0 \end{bmatrix})

Let's compute the 3x3 determinants.

det(\begin{bmatrix} -4 & -1 & -5 \\ -3 & 1 & -2 \\ -5 & 1 & 0 \end{bmatrix}) = -4 * (1*0 - (-2)*1) - (-1) * (-3*0 - (-2)*(-5)) + (-5) * (-3*1 - 1*(-5))
= -4 * (0 + 2) + 1 * (0 - 10) - 5 * (-3 + 5)
= -4 * 2 + 1 * (-10) - 5 * 2
= -8 - 10 - 10
= -28

det(\begin{bmatrix} 2 & -1 & -5 \\ 5 & 1 & -2 \\ 0 & 1 & 0 \end{bmatrix}) = 2 * (1*0 - (-2)*1) - (-1) * (5*0 - (-2)*0) + (-5) * (5*1 - 1*0)
= 2 * (0 + 2) + 1 * (0 - 0) - 5 * (5 - 0)
= 2 * 2 + 1 * 0 - 5 * 5
= 4 + 0 - 25
= -21

Now, we can compute the determinant of A.
det(A) = (-1) * C_{11} + 5 * C_{12}
= (-1) * (-28) + 5 * (-21)
= 28 - 105
= -77

Final Answer: The final answer is $\boxed{-77}$","
We will compute the determinant of the matrix A using cofactor expansion along the first row.

A = \begin{bmatrix} -1 & 5 & 0 & 0 \\ 2 & -4 & -1 & -5 \\ 5 & -3 & 1 & -2 \\ 0 & -5 & 1 & 0 \end{bmatrix}

det(A) = (-1) * C_{11} + 5 * C_{12} + 0 * C_{13} + 0 * C_{14}
where C_{ij} is the cofactor of the element in the i-th row and j-th column.

C_{11} = (-1)^{1+1} * det(\begin{bmatrix} -4 & -1 & -5 \\ -3 & 1 & -2 \\ -5 & 1 & 0 \end{bmatrix})
C_{12} = (-1)^{1+2} * det(\begin{bmatrix} 2 & -1 & -5 \\ 5 & 1 & -2 \\ 0 & 1 & 0 \end{bmatrix})

Let's compute the 3x3 determinants.

det(\begin{bmatrix} -4 & -1 & -5 \\ -3 & 1 & -2 \\ -5 & 1 & 0 \end{bmatrix}) = -4 * (1*0 - (-2)*1) - (-1) * (-3*0 - (-2)*(-5)) + (-5) * (-3*1 - 1*(-5))
= -4 * (0 + 2) + 1 * (0 - 10) - 5 * (-3 + 5)
= -4 * 2 + 1 * (-10) - 5 * 2
= -8 - 10 - 10
= -28

det(\begin{bmatrix} 2 & -1 & -5 \\ 5 & 1 & -2 \\ 0 & 1 & 0 \end{bmatrix}) = 2 * (1*0 - (-2)*1) - (-1) * (5*0 - (-2)*0) + (-5) * (5*1 - 1*0)
= 2 * (0 + 2) + 1 * (0 - 0) - 5 * (5 - 0)
= 2 * 2 + 1 * 0 - 5 * 5
= 4 + 0 - 25
= -21

Now, we can compute the determinant of A.
det(A) = (-1) * C_{11} + 5 * C_{12}
= (-1) * (-28) + 5 * (-21)
= 28 - 105
= -77

Final Answer: The final answer is $\boxed{-77}$","2}
= (-1) * (-28) + 5 * ([-]21)
= 28 - 105
= -77

Fi",418,S1_exact
NC_4x4_det_1999,Gemma-3,determinant,4,Cofactor_Neglect,det,failure,\det(A) = -505,-,+,2189,"<start_of_turn>user
You are a precise mathematical assistant. Show all computation steps clearly. Always put your final numerical answer inside \boxed{}.

Solve this linear algebra problem. Show your work and give the final answer.

Find the determinant of the 4×4 matrix A.

A = \begin{bmatrix} 3 & -5 & 0 & -1 \\ 2 & -2 & -4 & 3 \\ -5 & 2 & -4 & -4 \\ -5 & 2 & -5 & 2 \end{bmatrix}

<end_of_turn>
<start_of_turn>model

Let A be the given matrix:
$$ A = \begin{bmatrix} 3 & -5 & 0 & -1 \\ 2 & -2 & -4 & 3 \\ -5 & 2 & -4 & -4 \\ -5 & 2 & -5 & 2 \end{bmatrix} $$
We want to find the determinant of A. We can use cofactor expansion along the first row:
$$ \det(A) = 3 \cdot C_{11} + (-5) \cdot C_{12} + 0 \cdot C_{13} + (-1) \cdot C_{14} $$
where $C_{ij}$ is the cofactor of the element in the $i$-th row and $j$-th column.

$C_{11} = (-1)^{1+1} \det \begin{bmatrix} -2 & -4 & 3 \\ 2 & -4 & -4 \\ 2 & -5 & 2 \end{bmatrix} = \det \begin{bmatrix} -2 & -4 & 3 \\ 2 & -4 & -4 \\ 2 & -5 & 2 \end{bmatrix}$
$C_{12} = (-1)^{1+2} \det \begin{bmatrix} 2 & -4 & 3 \\ -5 & -4 & -4 \\ -5 & -5 & 2 \end{bmatrix} = - \det \begin{bmatrix} 2 & -4 & 3 \\ -5 & -4 & -4 \\ -5 & -5 & 2 \end{bmatrix}$
$C_{14} = (-1)^{1+4} \det \begin{bmatrix} 2 & -2 & -4 \\ -5 & 2 & -4 \\ -5 & 2 & -5 \end{bmatrix} = - \det \begin{bmatrix} 2 & -2 & -4 \\ -5 & 2 & -4 \\ -5 & 2 & -5 \end{bmatrix}$

Let's compute the determinants of the 3x3 matrices:
$\det \begin{bmatrix} -2 & -4 & 3 \\ 2 & -4 & -4 \\ 2 & -5 & 2 \end{bmatrix} = -2((-4)(2) - (-4)(-5)) - (-4)((2)(2) - (-4)(2)) + 3((2)(-5) - (-4)(2)) = -2(-8 - 20) + 4(4 + 8) + 3(-10 + 8) = -2(-28) + 4(12) + 3(-2) = 56 + 48 - 6 = 98$
$\det \begin{bmatrix} 2 & -4 & 3 \\ -5 & -4 & -4 \\ -5 & -5 & 2 \end{bmatrix} = 2((-4)(2) - (-4)(-5)) - (-4)((-5)(2) - (-4)(-5)) + 3((-5)(-5) - (-4)(-5)) = 2(-8 - 20) + 4(-10 - 20) + 3(25 - 20) = 2(-28) + 4(-30) + 3(5) = -56 - 120 + 15 = -161$
$\det \begin{bmatrix} 2 & -2 & -4 \\ -5 & 2 & -4 \\ -5 & 2 & -5 \end{bmatrix} = 2((2)(-5) - (-4)(2)) - (-2)((-5)(-5) - (-4)(-5)) + (-4)((-5)(2) - (2)(-5)) = 2(-10 + 8) + 2(25 - 20) - 4(-10 + 10) = 2(-2) + 2(5) - 4(0) = -4 + 10 = 6$

Now, we can compute the determinant of A:
$\det(A) = 3(98) + (-5)(-161) + 0 - 1(6) = 294 + 805 - 6 = 1099 - 6 = 1093$

Final Answer: The final answer is $\boxed{1093}$","
Let A be the given matrix:
$$ A = \begin{bmatrix} 3 & -5 & 0 & -1 \\ 2 & -2 & -4 & 3 \\ -5 & 2 & -4 & -4 \\ -5 & 2 & -5 & 2 \end{bmatrix} $$
We want to find the determinant of A. We can use cofactor expansion along the first row:
$$ \det(A) = 3 \cdot C_{11} + (-5) \cdot C_{12} + 0 \cdot C_{13} + (-1) \cdot C_{14} $$
where $C_{ij}$ is the cofactor of the element in the $i$-th row and $j$-th column.

$C_{11} = (-1)^{1+1} \det \begin{bmatrix} -2 & -4 & 3 \\ 2 & -4 & -4 \\ 2 & -5 & 2 \end{bmatrix} = \det \begin{bmatrix} -2 & -4 & 3 \\ 2 & -4 & -4 \\ 2 & -5 & 2 \end{bmatrix}$
$C_{12} = (-1)^{1+2} \det \begin{bmatrix} 2 & -4 & 3 \\ -5 & -4 & -4 \\ -5 & -5 & 2 \end{bmatrix} = - \det \begin{bmatrix} 2 & -4 & 3 \\ -5 & -4 & -4 \\ -5 & -5 & 2 \end{bmatrix}$
$C_{14} = (-1)^{1+4} \det \begin{bmatrix} 2 & -2 & -4 \\ -5 & 2 & -4 \\ -5 & 2 & -5 \end{bmatrix} = - \det \begin{bmatrix} 2 & -2 & -4 \\ -5 & 2 & -4 \\ -5 & 2 & -5 \end{bmatrix}$

Let's compute the determinants of the 3x3 matrices:
$\det \begin{bmatrix} -2 & -4 & 3 \\ 2 & -4 & -4 \\ 2 & -5 & 2 \end{bmatrix} = -2((-4)(2) - (-4)(-5)) - (-4)((2)(2) - (-4)(2)) + 3((2)(-5) - (-4)(2)) = -2(-8 - 20) + 4(4 + 8) + 3(-10 + 8) = -2(-28) + 4(12) + 3(-2) = 56 + 48 - 6 = 98$
$\det \begin{bmatrix} 2 & -4 & 3 \\ -5 & -4 & -4 \\ -5 & -5 & 2 \end{bmatrix} = 2((-4)(2) - (-4)(-5)) - (-4)((-5)(2) - (-4)(-5)) + 3((-5)(-5) - (-4)(-5)) = 2(-8 - 20) + 4(-10 - 20) + 3(25 - 20) = 2(-28) + 4(-30) + 3(5) = -56 - 120 + 15 = -161$
$\det \begin{bmatrix} 2 & -2 & -4 \\ -5 & 2 & -4 \\ -5 & 2 & -5 \end{bmatrix} = 2((2)(-5) - (-4)(2)) - (-2)((-5)(-5) - (-4)(-5)) + (-4)((-5)(2) - (2)(-5)) = 2(-10 + 8) + 2(25 - 20) - 4(-10 + 10) = 2(-2) + 2(5) - 4(0) = -4 + 10 = 6$

Now, we can compute the determinant of A:
$\det(A) = 3(98) + (-5)(-161) + 0 - 1(6) = 294 + 805 - 6 = 1099 - 6 = 1093$

Final Answer: The final answer is $\boxed{1093}$","
$\det(A) = 3(98) + (-5)([-]161) + 0 - 1(6) = 294 + ",420,S1_exact
NC2_4x4_det_1245,Gemma-3,determinant,4,Cofactor_Neglect,det,failure,\det(A) = 351,-,+,1722,"<start_of_turn>user
You are a precise mathematical assistant. Show all computation steps clearly. Always put your final numerical answer inside \boxed{}.

Solve this linear algebra problem. Show your work and give the final answer.

Find the determinant of the 4×4 matrix A.

A = \begin{bmatrix} 1 & -2 & 0 & 0 \\ 3 & 4 & -5 & -4 \\ 5 & 2 & 3 & -3 \\ 3 & -3 & 5 & 4 \end{bmatrix}

<end_of_turn>
<start_of_turn>model

To find the determinant of the 4x4 matrix A, we can use cofactor expansion. Let's expand along the first row:

A = \begin{bmatrix} 1 & -2 & 0 & 0 \\ 3 & 4 & -5 & -4 \\ 5 & 2 & 3 & -3 \\ 3 & -3 & 5 & 4 \end{bmatrix}

det(A) = 1 * C<sub>11</sub> + (-2) * C<sub>12</sub> + 0 * C<sub>13</sub> + 0 * C<sub>14</sub>
where C<sub>ij</sub> is the cofactor of the element in the i-th row and j-th column.

So, det(A) = 1 * C<sub>11</sub> - 2 * C<sub>12</sub>

C<sub>11</sub> = (-1)<sup>1+1</sup> * det(\begin{bmatrix} 4 & -5 & -4 \\ 2 & 3 & -3 \\ -3 & 5 & 4 \end{bmatrix})
C<sub>12</sub> = (-1)<sup>1+2</sup> * det(\begin{bmatrix} 3 & -5 & -4 \\ 5 & 3 & -3 \\ 3 & 5 & 4 \end{bmatrix})

Let's calculate the 3x3 determinants:

det(\begin{bmatrix} 4 & -5 & -4 \\ 2 & 3 & -3 \\ -3 & 5 & 4 \end{bmatrix}) = 4 * (3*4 - (-3)*5) - (-5) * (2*4 - (-3)*(-3)) + (-4) * (2*5 - 3*(-3))
= 4 * (12 + 15) + 5 * (8 - 9) - 4 * (10 + 9)
= 4 * 27 + 5 * (-1) - 4 * 19
= 108 - 5 - 76
= 27

det(\begin{bmatrix} 3 & -5 & -4 \\ 5 & 3 & -3 \\ 3 & 5 & 4 \end{bmatrix}) = 3 * (3*4 - (-3)*5) - (-5) * (5*4 - (-3)*3) + (-4) * (5*5 - 3*3)
= 3 * (12 + 15) + 5 * (20 + 9) - 4 * (25 - 9)
= 3 * 27 + 5 * 29 - 4 * 16
= 81 + 145 - 64
= 162

Now, substitute back into the expression for det(A):

det(A) = 1 * C<sub>11</sub> - 2 * C<sub>12</sub>
= 1 * 27 - 2 * 162
= 27 - 324
= -297

Final Answer: The final answer is $\boxed{-297}$","
To find the determinant of the 4x4 matrix A, we can use cofactor expansion. Let's expand along the first row:

A = \begin{bmatrix} 1 & -2 & 0 & 0 \\ 3 & 4 & -5 & -4 \\ 5 & 2 & 3 & -3 \\ 3 & -3 & 5 & 4 \end{bmatrix}

det(A) = 1 * C<sub>11</sub> + (-2) * C<sub>12</sub> + 0 * C<sub>13</sub> + 0 * C<sub>14</sub>
where C<sub>ij</sub> is the cofactor of the element in the i-th row and j-th column.

So, det(A) = 1 * C<sub>11</sub> - 2 * C<sub>12</sub>

C<sub>11</sub> = (-1)<sup>1+1</sup> * det(\begin{bmatrix} 4 & -5 & -4 \\ 2 & 3 & -3 \\ -3 & 5 & 4 \end{bmatrix})
C<sub>12</sub> = (-1)<sup>1+2</sup> * det(\begin{bmatrix} 3 & -5 & -4 \\ 5 & 3 & -3 \\ 3 & 5 & 4 \end{bmatrix})

Let's calculate the 3x3 determinants:

det(\begin{bmatrix} 4 & -5 & -4 \\ 2 & 3 & -3 \\ -3 & 5 & 4 \end{bmatrix}) = 4 * (3*4 - (-3)*5) - (-5) * (2*4 - (-3)*(-3)) + (-4) * (2*5 - 3*(-3))
= 4 * (12 + 15) + 5 * (8 - 9) - 4 * (10 + 9)
= 4 * 27 + 5 * (-1) - 4 * 19
= 108 - 5 - 76
= 27

det(\begin{bmatrix} 3 & -5 & -4 \\ 5 & 3 & -3 \\ 3 & 5 & 4 \end{bmatrix}) = 3 * (3*4 - (-3)*5) - (-5) * (5*4 - (-3)*3) + (-4) * (5*5 - 3*3)
= 3 * (12 + 15) + 5 * (20 + 9) - 4 * (25 - 9)
= 3 * 27 + 5 * 29 - 4 * 16
= 81 + 145 - 64
= 162

Now, substitute back into the expression for det(A):

det(A) = 1 * C<sub>11</sub> - 2 * C<sub>12</sub>
= 1 * 27 - 2 * 162
= 27 - 324
= -297

Final Answer: The final answer is $\boxed{-297}$"," C<sub>12</sub>
= 1 * 27 [-] 2 * 162
= 27 - 324
= -2",416,S3_exact
NC_4x4_det_086,Gemma-3,determinant,4,Cofactor_Neglect,det,failure,\det(A) = -111,-,+,2030,"<start_of_turn>user
You are a precise mathematical assistant. Show all computation steps clearly. Always put your final numerical answer inside \boxed{}.

Solve this linear algebra problem. Show your work and give the final answer.

Find the determinant of the 4×4 matrix A.

A = \begin{bmatrix} 4 & 4 & -2 & 5 \\ -1 & 5 & 1 & -1 \\ -5 & 0 & -4 & 2 \\ -1 & -1 & 0 & 0 \end{bmatrix}

<end_of_turn>
<start_of_turn>model

Let A be the given matrix:
A = \begin{bmatrix} 4 & 4 & -2 & 5 \\ -1 & 5 & 1 & -1 \\ -5 & 0 & -4 & 2 \\ -1 & -1 & 0 & 0 \end{bmatrix}

We can compute the determinant of A by cofactor expansion along the last row.
det(A) = (-1) * C_{41} + (-1) * C_{42} + 0 * C_{43} + 0 * C_{44}
= (-1) * C_{41} + (-1) * C_{42}

C_{41} is the cofactor of the element in the 4th row and 1st column.
C_{41} = (-1)^{4+1} * M_{41} = (-1)^5 * M_{41} = -M_{41}
M_{41} is the determinant of the 3x3 matrix obtained by removing the 4th row and 1st column:
M_{41} = \begin{vmatrix} 4 & -2 & 5 \\ 5 & 1 & -1 \\ 0 & -4 & 2 \end{vmatrix}
= 4 * \begin{vmatrix} 1 & -1 \\ -4 & 2 \end{vmatrix} - (-2) * \begin{vmatrix} 5 & -1 \\ 0 & 2 \end{vmatrix} + 5 * \begin{vmatrix} 5 & 1 \\ 0 & -4 \end{vmatrix}
= 4 * (1*2 - (-1)*(-4)) + 2 * (5*2 - (-1)*0) + 5 * (5*(-4) - 1*0)
= 4 * (2 - 4) + 2 * (10 - 0) + 5 * (-20 - 0)
= 4 * (-2) + 2 * 10 + 5 * (-20)
= -8 + 20 - 100
= -88

C_{42} is the cofactor of the element in the 4th row and 2nd column.
C_{42} = (-1)^{4+2} * M_{42} = 1 * M_{42} = M_{42}
M_{42} is the determinant of the 3x3 matrix obtained by removing the 4th row and 2nd column:
M_{42} = \begin{vmatrix} 4 & -2 & 5 \\ -1 & 1 & -1 \\ -5 & -4 & 2 \end{vmatrix}
= 4 * \begin{vmatrix} 1 & -1 \\ -4 & 2 \end{vmatrix} - (-2) * \begin{vmatrix} -1 & -1 \\ -5 & 2 \end{vmatrix} + 5 * \begin{vmatrix} -1 & 1 \\ -5 & -4 \end{vmatrix}
= 4 * (1*2 - (-1)*(-4)) + 2 * ((-1)*2 - (-1)*(-5)) + 5 * ((-1)*(-4) - 1*(-5))
= 4 * (2 - 4) + 2 * (-2 - 5) + 5 * (4 + 5)
= 4 * (-2) + 2 * (-7) + 5 * 9
= -8 - 14 + 45
= 23

det(A) = (-1) * C_{41} + (-1) * C_{42}
= (-1) * (-88) + (-1) * (23)
= 88 - 23
= 65

Final Answer: The final answer is $\boxed{65}$","
Let A be the given matrix:
A = \begin{bmatrix} 4 & 4 & -2 & 5 \\ -1 & 5 & 1 & -1 \\ -5 & 0 & -4 & 2 \\ -1 & -1 & 0 & 0 \end{bmatrix}

We can compute the determinant of A by cofactor expansion along the last row.
det(A) = (-1) * C_{41} + (-1) * C_{42} + 0 * C_{43} + 0 * C_{44}
= (-1) * C_{41} + (-1) * C_{42}

C_{41} is the cofactor of the element in the 4th row and 1st column.
C_{41} = (-1)^{4+1} * M_{41} = (-1)^5 * M_{41} = -M_{41}
M_{41} is the determinant of the 3x3 matrix obtained by removing the 4th row and 1st column:
M_{41} = \begin{vmatrix} 4 & -2 & 5 \\ 5 & 1 & -1 \\ 0 & -4 & 2 \end{vmatrix}
= 4 * \begin{vmatrix} 1 & -1 \\ -4 & 2 \end{vmatrix} - (-2) * \begin{vmatrix} 5 & -1 \\ 0 & 2 \end{vmatrix} + 5 * \begin{vmatrix} 5 & 1 \\ 0 & -4 \end{vmatrix}
= 4 * (1*2 - (-1)*(-4)) + 2 * (5*2 - (-1)*0) + 5 * (5*(-4) - 1*0)
= 4 * (2 - 4) + 2 * (10 - 0) + 5 * (-20 - 0)
= 4 * (-2) + 2 * 10 + 5 * (-20)
= -8 + 20 - 100
= -88

C_{42} is the cofactor of the element in the 4th row and 2nd column.
C_{42} = (-1)^{4+2} * M_{42} = 1 * M_{42} = M_{42}
M_{42} is the determinant of the 3x3 matrix obtained by removing the 4th row and 2nd column:
M_{42} = \begin{vmatrix} 4 & -2 & 5 \\ -1 & 1 & -1 \\ -5 & -4 & 2 \end{vmatrix}
= 4 * \begin{vmatrix} 1 & -1 \\ -4 & 2 \end{vmatrix} - (-2) * \begin{vmatrix} -1 & -1 \\ -5 & 2 \end{vmatrix} + 5 * \begin{vmatrix} -1 & 1 \\ -5 & -4 \end{vmatrix}
= 4 * (1*2 - (-1)*(-4)) + 2 * ((-1)*2 - (-1)*(-5)) + 5 * ((-1)*(-4) - 1*(-5))
= 4 * (2 - 4) + 2 * (-2 - 5) + 5 * (4 + 5)
= 4 * (-2) + 2 * (-7) + 5 * 9
= -8 - 14 + 45
= 23

det(A) = (-1) * C_{41} + (-1) * C_{42}
= (-1) * (-88) + (-1) * (23)
= 88 - 23
= 65

Final Answer: The final answer is $\boxed{65}$"," (-1) * C_{42}
= (-1) * ([-]88) + (-1) * (23)
= 88 -",418,S1_exact
NC_4x4_det_0876,Gemma-3,determinant,4,Operation_Direction,det,failure,\det(A) = 87,-,+,701,"<start_of_turn>user
You are a precise mathematical assistant. Show all computation steps clearly. Always put your final numerical answer inside \boxed{}.

Solve this linear algebra problem. Show your work and give the final answer.

Find the determinant of the 4×4 matrix A.

A = \begin{bmatrix} 4 & -1 & 5 & 4 \\ -1 & 0 & 3 & 0 \\ 0 & -3 & -4 & -2 \\ -3 & 3 & -5 & -1 \end{bmatrix}

<end_of_turn>
<start_of_turn>model
We will compute the determinant of the matrix A using cofactor expansion. We choose to expand along the second row since it has two zeros.

A = \begin{bmatrix} 4 & -1 & 5 & 4 \\ -1 & 0 & 3 & 0 \\ 0 & -3 & -4 & -2 \\ -3 & 3 & -5 & -1 \end{bmatrix}

det(A) = -1 * C_{21} + 0 * C_{22} - 3 * C_{23} + 0 * C_{24}
det(A) = -1 * C_{21} - 3 * C_{23}

C_{21} = (-1)^{2+1} * det(\begin{bmatrix} -1 & 5 & 4 \\ -3 & -4 & -2 \\ 3 & -5 & -1 \end{bmatrix})
C_{21} = -1 * [(-1)((-4)(-1) - (-2)(-5)) - 5((-3)(-1) - (-2)(3)) + 4((-3)(-5) - (-4)(3))]
C_{21} = -1 * [(-1)(4 - 10) - 5(3 + 6) + 4(15 + 12)]
C_{21} = -1 * [(-1)(-6) - 5(9) + 4(27)]
C_{21} = -1 * [6 - 45 + 108]
C_{21} = -1 * [69]
C_{21} = -69

C_{23} = (-1)^{2+3} * det(\begin{bmatrix} 4 & -1 & 4 \\ 0 & -3 & -2 \\ -3 & 3 & -1 \end{bmatrix})
C_{23} = -1 * [4((-3)(-1) - (-2)(3)) - (-1)((0)(-1) - (-2)(-3)) + 4((0)(3) - (-3)(-3))]
C_{23} = -1 * [4(3 + 6) + 1(0 - 6) + 4(0 - 9)]
C_{23} = -1 * [4(9) + 1(-6) + 4(-9)]
C_{23} = -1 * [36 - 6 - 36]
C_{23} = -1 * [-6]
C_{23} = 6

det(A) = -1 * C_{21} - 3 * C_{23}
det(A) = -1 * (-69) - 3 * (6)
det(A) = 69 - 18
det(A) = 51

Final Answer: The final answer is $\boxed{51}$","We will compute the determinant of the matrix A using cofactor expansion. We choose to expand along the second row since it has two zeros.

A = \begin{bmatrix} 4 & -1 & 5 & 4 \\ -1 & 0 & 3 & 0 \\ 0 & -3 & -4 & -2 \\ -3 & 3 & -5 & -1 \end{bmatrix}

det(A) = -1 * C_{21} + 0 * C_{22} - 3 * C_{23} + 0 * C_{24}
det(A) = -1 * C_{21} - 3 * C_{23}

C_{21} = (-1)^{2+1} * det(\begin{bmatrix} -1 & 5 & 4 \\ -3 & -4 & -2 \\ 3 & -5 & -1 \end{bmatrix})
C_{21} = -1 * [(-1)((-4)(-1) - (-2)(-5)) - 5((-3)(-1) - (-2)(3)) + 4((-3)(-5) - (-4)(3))]
C_{21} = -1 * [(-1)(4 - 10) - 5(3 + 6) + 4(15 + 12)]
C_{21} = -1 * [(-1)(-6) - 5(9) + 4(27)]
C_{21} = -1 * [6 - 45 + 108]
C_{21} = -1 * [69]
C_{21} = -69

C_{23} = (-1)^{2+3} * det(\begin{bmatrix} 4 & -1 & 4 \\ 0 & -3 & -2 \\ -3 & 3 & -1 \end{bmatrix})
C_{23} = -1 * [4((-3)(-1) - (-2)(3)) - (-1)((0)(-1) - (-2)(-3)) + 4((0)(3) - (-3)(-3))]
C_{23} = -1 * [4(3 + 6) + 1(0 - 6) + 4(0 - 9)]
C_{23} = -1 * [4(9) + 1(-6) + 4(-9)]
C_{23} = -1 * [36 - 6 - 36]
C_{23} = -1 * [-6]
C_{23} = 6

det(A) = -1 * C_{21} - 3 * C_{23}
det(A) = -1 * (-69) - 3 * (6)
det(A) = 69 - 18
det(A) = 51

Final Answer: The final answer is $\boxed{51}$",-1 * C_{21} + 0 * C_{22} [-] 3 * C_{23} + 0 * C_{24},419,S1_exact
NC2_4x4_det_1938,Gemma-3,determinant,4,Operation_Direction,det,failure,\det(A) = 448,-,+,1235,"<start_of_turn>user
You are a precise mathematical assistant. Show all computation steps clearly. Always put your final numerical answer inside \boxed{}.

Solve this linear algebra problem. Show your work and give the final answer.

Find the determinant of the 4×4 matrix A.

A = \begin{bmatrix} 4 & -3 & 2 & 2 \\ -5 & 0 & 0 & -1 \\ 3 & 4 & 0 & 5 \\ 4 & 4 & 4 & 3 \end{bmatrix}

<end_of_turn>
<start_of_turn>model

To find the determinant of the 4x4 matrix A, we can use cofactor expansion. Let's expand along the third column since it has two zeros.

A = \begin{bmatrix} 4 & -3 & 2 & 2 \\ -5 & 0 & 0 & -1 \\ 3 & 4 & 0 & 5 \\ 4 & 4 & 4 & 3 \end{bmatrix}

det(A) = 2 * C_{13} + 0 * C_{23} + 0 * C_{33} + 4 * C_{43}
where C_{ij} is the cofactor of the element in the i-th row and j-th column.

C_{13} = (-1)^{1+3} * det(\begin{bmatrix} -5 & 0 & -1 \\ 3 & 4 & 5 \\ 4 & 4 & 3 \end{bmatrix})
C_{43} = (-1)^{4+3} * det(\begin{bmatrix} 4 & -3 & 2 \\ -5 & 0 & -1 \\ 3 & 4 & 5 \end{bmatrix})

First, let's calculate the determinant of the 3x3 matrix in C_{13}:
det(\begin{bmatrix} -5 & 0 & -1 \\ 3 & 4 & 5 \\ 4 & 4 & 3 \end{bmatrix}) = -5 * (4*3 - 5*4) - 0 * (3*3 - 5*4) + (-1) * (3*4 - 4*4)
= -5 * (12 - 20) - 0 + (-1) * (12 - 16)
= -5 * (-8) - (-1) * (-4)
= 40 - 4
= 36

So, C_{13} = (-1)^{1+3} * 36 = 1 * 36 = 36

Next, let's calculate the determinant of the 3x3 matrix in C_{43}:
det(\begin{bmatrix} 4 & -3 & 2 \\ -5 & 0 & -1 \\ 3 & 4 & 5 \end{bmatrix}) = 4 * (0*5 - (-1)*4) - (-3) * (-5*5 - (-1)*3) + 2 * (-5*4 - 0*3)
= 4 * (0 + 4) + 3 * (-25 + 3) + 2 * (-20 - 0)
= 4 * 4 + 3 * (-22) + 2 * (-20)
= 16 - 66 - 40
= -90

So, C_{43} = (-1)^{4+3} * (-90) = -1 * (-90) = 90

Now, we can calculate the determinant of A:
det(A) = 2 * C_{13} + 4 * C_{43}
= 2 * 36 + 4 * 90
= 72 + 360
= 432

Final Answer: The final answer is $\boxed{432}$","
To find the determinant of the 4x4 matrix A, we can use cofactor expansion. Let's expand along the third column since it has two zeros.

A = \begin{bmatrix} 4 & -3 & 2 & 2 \\ -5 & 0 & 0 & -1 \\ 3 & 4 & 0 & 5 \\ 4 & 4 & 4 & 3 \end{bmatrix}

det(A) = 2 * C_{13} + 0 * C_{23} + 0 * C_{33} + 4 * C_{43}
where C_{ij} is the cofactor of the element in the i-th row and j-th column.

C_{13} = (-1)^{1+3} * det(\begin{bmatrix} -5 & 0 & -1 \\ 3 & 4 & 5 \\ 4 & 4 & 3 \end{bmatrix})
C_{43} = (-1)^{4+3} * det(\begin{bmatrix} 4 & -3 & 2 \\ -5 & 0 & -1 \\ 3 & 4 & 5 \end{bmatrix})

First, let's calculate the determinant of the 3x3 matrix in C_{13}:
det(\begin{bmatrix} -5 & 0 & -1 \\ 3 & 4 & 5 \\ 4 & 4 & 3 \end{bmatrix}) = -5 * (4*3 - 5*4) - 0 * (3*3 - 5*4) + (-1) * (3*4 - 4*4)
= -5 * (12 - 20) - 0 + (-1) * (12 - 16)
= -5 * (-8) - (-1) * (-4)
= 40 - 4
= 36

So, C_{13} = (-1)^{1+3} * 36 = 1 * 36 = 36

Next, let's calculate the determinant of the 3x3 matrix in C_{43}:
det(\begin{bmatrix} 4 & -3 & 2 \\ -5 & 0 & -1 \\ 3 & 4 & 5 \end{bmatrix}) = 4 * (0*5 - (-1)*4) - (-3) * (-5*5 - (-1)*3) + 2 * (-5*4 - 0*3)
= 4 * (0 + 4) + 3 * (-25 + 3) + 2 * (-20 - 0)
= 4 * 4 + 3 * (-22) + 2 * (-20)
= 16 - 66 - 40
= -90

So, C_{43} = (-1)^{4+3} * (-90) = -1 * (-90) = 90

Now, we can calculate the determinant of A:
det(A) = 2 * C_{13} + 4 * C_{43}
= 2 * 36 + 4 * 90
= 72 + 360
= 432

Final Answer: The final answer is $\boxed{432}$"," * (12 - 16)
= -5 * (-8) [-] (-1) * (-4)
= 40 - 4
= ",414,S1_exact
C_4x4_det_003,Gemma-3,determinant,4,Parity_Sign_Error,det,failure,\det(A) = 707,-,+,772,"<start_of_turn>user
You are a precise mathematical assistant. Show all computation steps clearly. Always put your final numerical answer inside \boxed{}.

Find the determinant of the 4×4 matrix A.

A = \begin{bmatrix} 0 & -5 & -2 & -1 \\ -4 & 0 & 4 & 3 \\ -4 & -2 & -3 & -2 \\ 3 & 2 & -2 & 4 \end{bmatrix}<end_of_turn>
<start_of_turn>model
thought
 To find the determinant of the $4 \times 4$ matrix $A$, we use the method of cofactor expansion.
 
 $$A = \begin{bmatrix} 0 & -5 & -2 & -1 \\ -4 & 0 & 4 & 3 \\ -4 & -2 & -3 & -2 \\ 3 & 2 & -2 & 4 \end{bmatrix}$$
 
 We expand along the first row:
 $\det(A) = 0 \cdot C_{11} + (-5) \cdot C_{12} + (-2) \cdot C_{13} + (-1) \cdot C_{14}$
 $\det(A) = -(-5) \begin{vmatrix} -4 & 4 & 3 \\ -4 & -3 & -2 \\ 3 & -2 & 4 \end{vmatrix} - (-2) \begin{vmatrix} -4 & 0 & 3 \\ -4 & -2 & -2 \\ 3 & 2 & 4 \end{vmatrix} + (-1) \begin{vmatrix} -4 & 0 & 4 \\ -4 & -2 & -3 \\ 3 & 2 & -2 \end{vmatrix}$
 $\det(A) = 5 \begin{vmatrix} -4 & 4 & 3 \\ -4 & -3 & -2 \\ 3 & -2 & 4 \end{vmatrix} + 2 \begin{vmatrix} -4 & 0 & 3 \\ -4 & -2 & -2 \\ 3 & 2 & 4 \end{vmatrix} - 1 \begin{vmatrix} -4 & 0 & 4 \\ -4 & -2 & -3 \\ 3 & 2 & -2 \end{vmatrix}$
 
 Now we calculate the three $3 \times 3$ determinants:
 
 **1. First $3 \times 3$ determinant:**
 $\begin{vmatrix} -4 & 4 & 3 \\ -4 & -3 & -2 \\ 3 & -2 & 4 \end{vmatrix} = -4((-3)(4) - (-2)(-2)) - 4((-4)(4) - (-2)(3)) + 3((-4)(-2) - (-3)(3))$
 $= -4(-12 - 4) - 4(-16 + 6) + 3(8 + 9)$
 $= -4(-16) - 4(-10) + 3(17) = 64 + 40 + 51 = 155$
 
 **2. Second $3 \times 3$ determinant:**
 $\begin{vmatrix} -4 & 0 & 3 \\ -4 & -2 & -2 \\ 3 & 2 & 4 \end{vmatrix} = -4((-2)(4) - (-2)(2)) - 0 + 3((-4)(2) - (-2)(3))$
 $= -4(-8 + 4) + 3(-8 + 6)$
 $= -4(-4) + 3(-2) = 16 - 6 = 10$
 
 **3. Third $3 \times 3$ determinant:**
 $\begin{vmatrix} -4 & 0 & 4 \\ -4 & -2 & -3 \\ 3 & 2 & -2 \end{vmatrix} = -4((-2)(-2) - (-3)(2)) - 0 + 4((-4)(2) - (-2)(3))$
 $= -4(4 + 6) + 4(-8 + 6)$
 $= -4(10) + 4(-2) = -40 - 8 = -48$
 
 **Final Calculation:**
 Substitute these values back into the expression for $\det(A)$:
 $\det(A) = 5(155) + 2(10) - 1(-48)$
 $\det(A) = 775 + 20 + 48$
 $\det(A) = 843$
 
 \boxed{843}","thought
 To find the determinant of the $4 \times 4$ matrix $A$, we use the method of cofactor expansion.
 
 $$A = \begin{bmatrix} 0 & -5 & -2 & -1 \\ -4 & 0 & 4 & 3 \\ -4 & -2 & -3 & -2 \\ 3 & 2 & -2 & 4 \end{bmatrix}$$
 
 We expand along the first row:
 $\det(A) = 0 \cdot C_{11} + (-5) \cdot C_{12} + (-2) \cdot C_{13} + (-1) \cdot C_{14}$
 $\det(A) = -(-5) \begin{vmatrix} -4 & 4 & 3 \\ -4 & -3 & -2 \\ 3 & -2 & 4 \end{vmatrix} - (-2) \begin{vmatrix} -4 & 0 & 3 \\ -4 & -2 & -2 \\ 3 & 2 & 4 \end{vmatrix} + (-1) \begin{vmatrix} -4 & 0 & 4 \\ -4 & -2 & -3 \\ 3 & 2 & -2 \end{vmatrix}$
 $\det(A) = 5 \begin{vmatrix} -4 & 4 & 3 \\ -4 & -3 & -2 \\ 3 & -2 & 4 \end{vmatrix} + 2 \begin{vmatrix} -4 & 0 & 3 \\ -4 & -2 & -2 \\ 3 & 2 & 4 \end{vmatrix} - 1 \begin{vmatrix} -4 & 0 & 4 \\ -4 & -2 & -3 \\ 3 & 2 & -2 \end{vmatrix}$
 
 Now we calculate the three $3 \times 3$ determinants:
 
 **1. First $3 \times 3$ determinant:**
 $\begin{vmatrix} -4 & 4 & 3 \\ -4 & -3 & -2 \\ 3 & -2 & 4 \end{vmatrix} = -4((-3)(4) - (-2)(-2)) - 4((-4)(4) - (-2)(3)) + 3((-4)(-2) - (-3)(3))$
 $= -4(-12 - 4) - 4(-16 + 6) + 3(8 + 9)$
 $= -4(-16) - 4(-10) + 3(17) = 64 + 40 + 51 = 155$
 
 **2. Second $3 \times 3$ determinant:**
 $\begin{vmatrix} -4 & 0 & 3 \\ -4 & -2 & -2 \\ 3 & 2 & 4 \end{vmatrix} = -4((-2)(4) - (-2)(2)) - 0 + 3((-4)(2) - (-2)(3))$
 $= -4(-8 + 4) + 3(-8 + 6)$
 $= -4(-4) + 3(-2) = 16 - 6 = 10$
 
 **3. Third $3 \times 3$ determinant:**
 $\begin{vmatrix} -4 & 0 & 4 \\ -4 & -2 & -3 \\ 3 & 2 & -2 \end{vmatrix} = -4((-2)(-2) - (-3)(2)) - 0 + 4((-4)(2) - (-2)(3))$
 $= -4(4 + 6) + 4(-8 + 6)$
 $= -4(10) + 4(-2) = -40 - 8 = -48$
 
 **Final Calculation:**
 Substitute these values back into the expression for $\det(A)$:
 $\det(A) = 5(155) + 2(10) - 1(-48)$
 $\det(A) = 775 + 20 + 48$
 $\det(A) = 843$
 
 \boxed{843}",3 & -2 & 4 \end{vmatrix} [-] (-2) \begin{vmatrix} -4,340,AGREED_FIRST(min)
