id,model,domain,depth_level,sign_subtype,error_family,condition,ground_truth,wrong_sign,correct_sign,sign_char_offset,full_input,Phi-4,context_check,prefix_len,search_strategy
NC_4x4_det_226,Phi-4,determinant,4,Parity_Sign_Error,det,failure,\det(A) = 18,-,+,2619,"<|im_start|>system<|im_sep|>You are a precise mathematical assistant. Show all computation steps clearly. Always put your final numerical answer inside \boxed{}.<|im_end|><|im_start|>user<|im_sep|>Solve this linear algebra problem. Show your work and give the final answer.

Find the determinant of the 4×4 matrix A.

A = \begin{bmatrix} -4 & 0 & -1 & 2 \\ 0 & -1 & 2 & 0 \\ -2 & -2 & 2 & 1 \\ 2 & 0 & -2 & -4 \end{bmatrix}

<|im_end|><|im_start|>assistant<|im_sep|>To find the determinant of the \(4 \times 4\) matrix \( A \), we can use cofactor expansion along the first row. The matrix \( A \) is given by:

\[
A = \begin{bmatrix} 
-4 & 0 & -1 & 2 \\ 
0 & -1 & 2 & 0 \\ 
-2 & -2 & 2 & 1 \\ 
2 & 0 & -2 & -4 
\end{bmatrix}
\]

The determinant of \( A \), denoted as \(\det(A)\), can be expanded along the first row:

\[
\det(A) = (-4) \cdot C_{11} + 0 \cdot C_{12} + (-1) \cdot C_{13} + 2 \cdot C_{14}
\]

where \( C_{ij} \) is the cofactor of the element in the \(i\)-th row and \(j\)-th column. The cofactor \( C_{ij} \) is given by:

\[
C_{ij} = (-1)^{i+j} \det(M_{ij})
\]

where \( M_{ij} \) is the \((n-1) \times (n-1)\) submatrix obtained by deleting the \(i\)-th row and \(j\)-th column from \( A \).

### Step 1: Calculate \( C_{11} \)

The submatrix \( M_{11} \) is obtained by deleting the first row and first column:

\[
M_{11} = \begin{bmatrix} 
-1 & 2 & 0 \\ 
-2 & 2 & 1 \\ 
0 & -2 & -4 
\end{bmatrix}
\]

The determinant of \( M_{11} \) is:

\[
\det(M_{11}) = (-1) \begin{vmatrix} 2 & 1 \\ -2 & -4 \end{vmatrix} - 2 \begin{vmatrix} -2 & 1 \\ 0 & -4 \end{vmatrix} + 0 \begin{vmatrix} -2 & 2 \\ 0 & -2 \end{vmatrix}
\]

Calculating the \(2 \times 2\) determinants:

\[
\begin{vmatrix} 2 & 1 \\ -2 & -4 \end{vmatrix} = (2)(-4) - (1)(-2) = -8 + 2 = -6
\]

\[
\begin{vmatrix} -2 & 1 \\ 0 & -4 \end{vmatrix} = (-2)(-4) - (1)(0) = 8
\]

Thus,

\[
\det(M_{11}) = (-1)(-6) - 2(8) = 6 - 16 = -10
\]

So, \( C_{11} = (-1)^{1+1} \det(M_{11}) = 1 \cdot (-10) = -10 \).

### Step 2: Calculate \( C_{13} \)

The submatrix \( M_{13} \) is obtained by deleting the first row and third column:

\[
M_{13} = \begin{bmatrix} 
0 & -1 & 0 \\ 
-2 & -2 & 1 \\ 
2 & 0 & -4 
\end{bmatrix}
\]

The determinant of \( M_{13} \) is:

\[
\det(M_{13}) = 0 \begin{vmatrix} -2 & 1 \\ 0 & -4 \end{vmatrix} - (-1) \begin{vmatrix} -2 & 1 \\ 2 & -4 \end{vmatrix} + 0 \begin{vmatrix} -2 & -2 \\ 2 & 0 \end{vmatrix}
\]

Calculating the \(2 \times 2\) determinant:

\[
\begin{vmatrix} -2 & 1 \\ 2 & -4 \end{vmatrix} = (-2)(-4) - (1)(2) = 8 - 2 = 6
\]

Thus,

\[
\det(M_{13}) = 0 - (-1)(6) + 0 = 6
\]

So, \( C_{13} = (-1)^{1+3} \det(M_{13}) = -1 \cdot 6 = -6 \).

### Step 3: Calculate \( C_{14} \)

The submatrix \( M_{14} \) is obtained by deleting the first row and fourth column:

\[
M_{14} = \begin{bmatrix} 
0 & -1 & 2 \\ 
-2 & -2 & 2 \\ 
2 & 0 & -2 
\end{bmatrix}
\]

The determinant of \( M_{14} \) is:

\[
\det(M_{14}) = 0 \begin{vmatrix} -2 & 2 \\ 0 & -2 \end{vmatrix} - (-1) \begin{vmatrix} -2 & 2 \\ 2 & -2 \end{vmatrix} + 2 \begin{vmatrix} -2 & -2 \\ 2 & 0 \end{vmatrix}
\]

Calculating the \(2 \times 2\) determinants:

\[
\begin{vmatrix} -2 & 2 \\ 2 & -2 \end{vmatrix} = (-2)(-2) - (2)(2) = 4 - 4 = 0
\]

\[
\begin{vmatrix} -2 & -2 \\ 2 & 0 \end{vmatrix} = (-2)(0) - (-2)(2) = 0 + 4 = 4
\]

Thus,

\[
\det(M_{14}) = 0 - (-1)(0) + 2(4) = 0 + 0 + 8 = 8
\]

So, \( C_{14} = (-1)^{1+4} \det(M_{14}) = 1 \cdot 8 = 8 \).

### Final Calculation

Substitute the cofactors back into the determinant expansion:

\[
\det(A) = (-4)(-10) + 0(-C_{12}) + (-1)(-6) + 2(8)
\]

\[
= 40 + 0 + 6 + 16 = 62
\]

Thus, the determinant of matrix \( A \) is \(\boxed{62}\).","To find the determinant of the \(4 \times 4\) matrix \( A \), we can use cofactor expansion along the first row. The matrix \( A \) is given by:

\[
A = \begin{bmatrix} 
-4 & 0 & -1 & 2 \\ 
0 & -1 & 2 & 0 \\ 
-2 & -2 & 2 & 1 \\ 
2 & 0 & -2 & -4 
\end{bmatrix}
\]

The determinant of \( A \), denoted as \(\det(A)\), can be expanded along the first row:

\[
\det(A) = (-4) \cdot C_{11} + 0 \cdot C_{12} + (-1) \cdot C_{13} + 2 \cdot C_{14}
\]

where \( C_{ij} \) is the cofactor of the element in the \(i\)-th row and \(j\)-th column. The cofactor \( C_{ij} \) is given by:

\[
C_{ij} = (-1)^{i+j} \det(M_{ij})
\]

where \( M_{ij} \) is the \((n-1) \times (n-1)\) submatrix obtained by deleting the \(i\)-th row and \(j\)-th column from \( A \).

### Step 1: Calculate \( C_{11} \)

The submatrix \( M_{11} \) is obtained by deleting the first row and first column:

\[
M_{11} = \begin{bmatrix} 
-1 & 2 & 0 \\ 
-2 & 2 & 1 \\ 
0 & -2 & -4 
\end{bmatrix}
\]

The determinant of \( M_{11} \) is:

\[
\det(M_{11}) = (-1) \begin{vmatrix} 2 & 1 \\ -2 & -4 \end{vmatrix} - 2 \begin{vmatrix} -2 & 1 \\ 0 & -4 \end{vmatrix} + 0 \begin{vmatrix} -2 & 2 \\ 0 & -2 \end{vmatrix}
\]

Calculating the \(2 \times 2\) determinants:

\[
\begin{vmatrix} 2 & 1 \\ -2 & -4 \end{vmatrix} = (2)(-4) - (1)(-2) = -8 + 2 = -6
\]

\[
\begin{vmatrix} -2 & 1 \\ 0 & -4 \end{vmatrix} = (-2)(-4) - (1)(0) = 8
\]

Thus,

\[
\det(M_{11}) = (-1)(-6) - 2(8) = 6 - 16 = -10
\]

So, \( C_{11} = (-1)^{1+1} \det(M_{11}) = 1 \cdot (-10) = -10 \).

### Step 2: Calculate \( C_{13} \)

The submatrix \( M_{13} \) is obtained by deleting the first row and third column:

\[
M_{13} = \begin{bmatrix} 
0 & -1 & 0 \\ 
-2 & -2 & 1 \\ 
2 & 0 & -4 
\end{bmatrix}
\]

The determinant of \( M_{13} \) is:

\[
\det(M_{13}) = 0 \begin{vmatrix} -2 & 1 \\ 0 & -4 \end{vmatrix} - (-1) \begin{vmatrix} -2 & 1 \\ 2 & -4 \end{vmatrix} + 0 \begin{vmatrix} -2 & -2 \\ 2 & 0 \end{vmatrix}
\]

Calculating the \(2 \times 2\) determinant:

\[
\begin{vmatrix} -2 & 1 \\ 2 & -4 \end{vmatrix} = (-2)(-4) - (1)(2) = 8 - 2 = 6
\]

Thus,

\[
\det(M_{13}) = 0 - (-1)(6) + 0 = 6
\]

So, \( C_{13} = (-1)^{1+3} \det(M_{13}) = -1 \cdot 6 = -6 \).

### Step 3: Calculate \( C_{14} \)

The submatrix \( M_{14} \) is obtained by deleting the first row and fourth column:

\[
M_{14} = \begin{bmatrix} 
0 & -1 & 2 \\ 
-2 & -2 & 2 \\ 
2 & 0 & -2 
\end{bmatrix}
\]

The determinant of \( M_{14} \) is:

\[
\det(M_{14}) = 0 \begin{vmatrix} -2 & 2 \\ 0 & -2 \end{vmatrix} - (-1) \begin{vmatrix} -2 & 2 \\ 2 & -2 \end{vmatrix} + 2 \begin{vmatrix} -2 & -2 \\ 2 & 0 \end{vmatrix}
\]

Calculating the \(2 \times 2\) determinants:

\[
\begin{vmatrix} -2 & 2 \\ 2 & -2 \end{vmatrix} = (-2)(-2) - (2)(2) = 4 - 4 = 0
\]

\[
\begin{vmatrix} -2 & -2 \\ 2 & 0 \end{vmatrix} = (-2)(0) - (-2)(2) = 0 + 4 = 4
\]

Thus,

\[
\det(M_{14}) = 0 - (-1)(0) + 2(4) = 0 + 0 + 8 = 8
\]

So, \( C_{14} = (-1)^{1+4} \det(M_{14}) = 1 \cdot 8 = 8 \).

### Final Calculation

Substitute the cofactors back into the determinant expansion:

\[
\det(A) = (-4)(-10) + 0(-C_{12}) + (-1)(-6) + 2(8)
\]

\[
= 40 + 0 + 6 + 16 = 62
\]

Thus, the determinant of matrix \( A \) is \(\boxed{62}\).","-1)^{1+3} \det(M_{13}) = [-]1 \cdot 6 = -6 \).

### S",466,S1_exact
NC_4x4_det_1487,Phi-4,determinant,4,Alternating_Drift,det,failure,\det(A) = -117,-,+,4316,"<|im_start|>system<|im_sep|>You are a precise mathematical assistant. Show all computation steps clearly. Always put your final numerical answer inside \boxed{}.<|im_end|><|im_start|>user<|im_sep|>Solve this linear algebra problem. Show your work and give the final answer.

Find the determinant of the 4×4 matrix A.

A = \begin{bmatrix} -2 & -4 & -5 & 5 \\ -4 & -1 & -2 & 1 \\ -2 & -3 & 0 & 2 \\ 3 & -3 & 0 & 5 \end{bmatrix}

<|im_end|><|im_start|>assistant<|im_sep|>To find the determinant of the \(4 \times 4\) matrix \(A\), we will use cofactor expansion along the first row. The matrix \(A\) is given by:

\[
A = \begin{bmatrix} 
-2 & -4 & -5 & 5 \\ 
-4 & -1 & -2 & 1 \\ 
-2 & -3 & 0 & 2 \\ 
3 & -3 & 0 & 5 
\end{bmatrix}
\]

The determinant of \(A\), denoted as \(\det(A)\), can be expanded along the first row:

\[
\det(A) = (-2)C_{11} + (-4)C_{12} + (-5)C_{13} + 5C_{14}
\]

where \(C_{ij}\) is the cofactor of the element \(a_{ij}\), defined as:

\[
C_{ij} = (-1)^{i+j} \det(M_{ij})
\]

and \(M_{ij}\) is the \((n-1) \times (n-1)\) minor matrix obtained by deleting the \(i\)-th row and \(j\)-th column from \(A\).

### Step 1: Calculate \(C_{11}\)

The minor \(M_{11}\) is:

\[
M_{11} = \begin{bmatrix} 
-1 & -2 & 1 \\ 
-3 & 0 & 2 \\ 
-3 & 0 & 5 
\end{bmatrix}
\]

The determinant of \(M_{11}\) is:

\[
\det(M_{11}) = (-1)\begin{vmatrix} 0 & 2 \\ 0 & 5 \end{vmatrix} - (-2)\begin{vmatrix} -3 & 2 \\ -3 & 5 \end{vmatrix} + 1\begin{vmatrix} -3 & 0 \\ -3 & 0 \end{vmatrix}
\]

Calculating each \(2 \times 2\) determinant:

\[
\begin{vmatrix} 0 & 2 \\ 0 & 5 \end{vmatrix} = 0 \cdot 5 - 2 \cdot 0 = 0
\]

\[
\begin{vmatrix} -3 & 2 \\ -3 & 5 \end{vmatrix} = (-3)(5) - (2)(-3) = -15 + 6 = -9
\]

\[
\begin{vmatrix} -3 & 0 \\ -3 & 0 \end{vmatrix} = (-3)(0) - (0)(-3) = 0
\]

Thus:

\[
\det(M_{11}) = (-1)(0) - (-2)(-9) + 1(0) = 0 - 18 + 0 = -18
\]

The cofactor \(C_{11}\) is:

\[
C_{11} = (-1)^{1+1} \det(M_{11}) = 1 \cdot (-18) = -18
\]

### Step 2: Calculate \(C_{12}\)

The minor \(M_{12}\) is:

\[
M_{12} = \begin{bmatrix} 
-4 & -2 & 1 \\ 
-2 & 0 & 2 \\ 
3 & 0 & 5 
\end{bmatrix}
\]

The determinant of \(M_{12}\) is:

\[
\det(M_{12}) = (-4)\begin{vmatrix} 0 & 2 \\ 0 & 5 \end{vmatrix} - (-2)\begin{vmatrix} -2 & 2 \\ 3 & 5 \end{vmatrix} + 1\begin{vmatrix} -2 & 0 \\ 3 & 0 \end{vmatrix}
\]

Calculating each \(2 \times 2\) determinant:

\[
\begin{vmatrix} 0 & 2 \\ 0 & 5 \end{vmatrix} = 0
\]

\[
\begin{vmatrix} -2 & 2 \\ 3 & 5 \end{vmatrix} = (-2)(5) - (2)(3) = -10 - 6 = -16
\]

\[
\begin{vmatrix} -2 & 0 \\ 3 & 0 \end{vmatrix} = (-2)(0) - (0)(3) = 0
\]

Thus:

\[
\det(M_{12}) = (-4)(0) - (-2)(-16) + 1(0) = 0 - 32 + 0 = -32
\]

The cofactor \(C_{12}\) is:

\[
C_{12} = (-1)^{1+2} \det(M_{12}) = -1 \cdot (-32) = 32
\]

### Step 3: Calculate \(C_{13}\)

The minor \(M_{13}\) is:

\[
M_{13} = \begin{bmatrix} 
-4 & -1 & 1 \\ 
-2 & -3 & 2 \\ 
3 & -3 & 5 
\end{bmatrix}
\]

The determinant of \(M_{13}\) is:

\[
\det(M_{13}) = (-4)\begin{vmatrix} -3 & 2 \\ -3 & 5 \end{vmatrix} - (-1)\begin{vmatrix} -2 & 2 \\ 3 & 5 \end{vmatrix} + 1\begin{vmatrix} -2 & -3 \\ 3 & -3 \end{vmatrix}
\]

Calculating each \(2 \times 2\) determinant:

\[
\begin{vmatrix} -3 & 2 \\ -3 & 5 \end{vmatrix} = (-3)(5) - (2)(-3) = -15 + 6 = -9
\]

\[
\begin{vmatrix} -2 & 2 \\ 3 & 5 \end{vmatrix} = (-2)(5) - (2)(3) = -10 - 6 = -16
\]

\[
\begin{vmatrix} -2 & -3 \\ 3 & -3 \end{vmatrix} = (-2)(-3) - (-3)(3) = 6 + 9 = 15
\]

Thus:

\[
\det(M_{13}) = (-4)(-9) - (-1)(-16) + 1(15) = 36 - 16 + 15 = 35
\]

The cofactor \(C_{13}\) is:

\[
C_{13} = (-1)^{1+3} \det(M_{13}) = 1 \cdot 35 = 35
\]

### Step 4: Calculate \(C_{14}\)

The minor \(M_{14}\) is:

\[
M_{14} = \begin{bmatrix} 
-4 & -1 & -2 \\ 
-2 & -3 & 0 \\ 
3 & -3 & 0 
\end{bmatrix}
\]

The determinant of \(M_{14}\) is:

\[
\det(M_{14}) = (-4)\begin{vmatrix} -3 & 0 \\ -3 & 0 \end{vmatrix} - (-1)\begin{vmatrix} -2 & 0 \\ 3 & 0 \end{vmatrix} + (-2)\begin{vmatrix} -2 & -3 \\ 3 & -3 \end{vmatrix}
\]

Calculating each \(2 \times 2\) determinant:

\[
\begin{vmatrix} -3 & 0 \\ -3 & 0 \end{vmatrix} = 0
\]

\[
\begin{vmatrix} -2 & 0 \\ 3 & 0 \end{vmatrix} = 0
\]

\[
\begin{vmatrix} -2 & -3 \\ 3 & -3 \end{vmatrix} = 15
\]

Thus:

\[
\det(M_{14}) = (-4)(0) - (-1)(0) + (-2)(15) = 0 - 0 - 30 = -30
\]

The cofactor \(C_{14}\) is:

\[
C_{14} = (-1)^{1+4} \det(M_{14}) = 1 \cdot (-30) = -30
\]

### Final Calculation

Substitute the cofactors back into the determinant expansion:

\[
\det(A) = (-2)(-18) + (-4)(32) + (-5)(35) + 5(-30)
\]

Calculate each term:

\[
(-2)(-18) = 36
\]

\[
(-4)(32) = -128
\]

\[
(-5)(35) = -175
\]

\[
5(-30) = -150
\]

Add them together:

\[
\det(A) = 36 - 128 - 175 - 150 = 36 - 453 = -417
\]

Thus, the determinant of matrix \(A\) is:

\[
\boxed{-417}
\]","To find the determinant of the \(4 \times 4\) matrix \(A\), we will use cofactor expansion along the first row. The matrix \(A\) is given by:

\[
A = \begin{bmatrix} 
-2 & -4 & -5 & 5 \\ 
-4 & -1 & -2 & 1 \\ 
-2 & -3 & 0 & 2 \\ 
3 & -3 & 0 & 5 
\end{bmatrix}
\]

The determinant of \(A\), denoted as \(\det(A)\), can be expanded along the first row:

\[
\det(A) = (-2)C_{11} + (-4)C_{12} + (-5)C_{13} + 5C_{14}
\]

where \(C_{ij}\) is the cofactor of the element \(a_{ij}\), defined as:

\[
C_{ij} = (-1)^{i+j} \det(M_{ij})
\]

and \(M_{ij}\) is the \((n-1) \times (n-1)\) minor matrix obtained by deleting the \(i\)-th row and \(j\)-th column from \(A\).

### Step 1: Calculate \(C_{11}\)

The minor \(M_{11}\) is:

\[
M_{11} = \begin{bmatrix} 
-1 & -2 & 1 \\ 
-3 & 0 & 2 \\ 
-3 & 0 & 5 
\end{bmatrix}
\]

The determinant of \(M_{11}\) is:

\[
\det(M_{11}) = (-1)\begin{vmatrix} 0 & 2 \\ 0 & 5 \end{vmatrix} - (-2)\begin{vmatrix} -3 & 2 \\ -3 & 5 \end{vmatrix} + 1\begin{vmatrix} -3 & 0 \\ -3 & 0 \end{vmatrix}
\]

Calculating each \(2 \times 2\) determinant:

\[
\begin{vmatrix} 0 & 2 \\ 0 & 5 \end{vmatrix} = 0 \cdot 5 - 2 \cdot 0 = 0
\]

\[
\begin{vmatrix} -3 & 2 \\ -3 & 5 \end{vmatrix} = (-3)(5) - (2)(-3) = -15 + 6 = -9
\]

\[
\begin{vmatrix} -3 & 0 \\ -3 & 0 \end{vmatrix} = (-3)(0) - (0)(-3) = 0
\]

Thus:

\[
\det(M_{11}) = (-1)(0) - (-2)(-9) + 1(0) = 0 - 18 + 0 = -18
\]

The cofactor \(C_{11}\) is:

\[
C_{11} = (-1)^{1+1} \det(M_{11}) = 1 \cdot (-18) = -18
\]

### Step 2: Calculate \(C_{12}\)

The minor \(M_{12}\) is:

\[
M_{12} = \begin{bmatrix} 
-4 & -2 & 1 \\ 
-2 & 0 & 2 \\ 
3 & 0 & 5 
\end{bmatrix}
\]

The determinant of \(M_{12}\) is:

\[
\det(M_{12}) = (-4)\begin{vmatrix} 0 & 2 \\ 0 & 5 \end{vmatrix} - (-2)\begin{vmatrix} -2 & 2 \\ 3 & 5 \end{vmatrix} + 1\begin{vmatrix} -2 & 0 \\ 3 & 0 \end{vmatrix}
\]

Calculating each \(2 \times 2\) determinant:

\[
\begin{vmatrix} 0 & 2 \\ 0 & 5 \end{vmatrix} = 0
\]

\[
\begin{vmatrix} -2 & 2 \\ 3 & 5 \end{vmatrix} = (-2)(5) - (2)(3) = -10 - 6 = -16
\]

\[
\begin{vmatrix} -2 & 0 \\ 3 & 0 \end{vmatrix} = (-2)(0) - (0)(3) = 0
\]

Thus:

\[
\det(M_{12}) = (-4)(0) - (-2)(-16) + 1(0) = 0 - 32 + 0 = -32
\]

The cofactor \(C_{12}\) is:

\[
C_{12} = (-1)^{1+2} \det(M_{12}) = -1 \cdot (-32) = 32
\]

### Step 3: Calculate \(C_{13}\)

The minor \(M_{13}\) is:

\[
M_{13} = \begin{bmatrix} 
-4 & -1 & 1 \\ 
-2 & -3 & 2 \\ 
3 & -3 & 5 
\end{bmatrix}
\]

The determinant of \(M_{13}\) is:

\[
\det(M_{13}) = (-4)\begin{vmatrix} -3 & 2 \\ -3 & 5 \end{vmatrix} - (-1)\begin{vmatrix} -2 & 2 \\ 3 & 5 \end{vmatrix} + 1\begin{vmatrix} -2 & -3 \\ 3 & -3 \end{vmatrix}
\]

Calculating each \(2 \times 2\) determinant:

\[
\begin{vmatrix} -3 & 2 \\ -3 & 5 \end{vmatrix} = (-3)(5) - (2)(-3) = -15 + 6 = -9
\]

\[
\begin{vmatrix} -2 & 2 \\ 3 & 5 \end{vmatrix} = (-2)(5) - (2)(3) = -10 - 6 = -16
\]

\[
\begin{vmatrix} -2 & -3 \\ 3 & -3 \end{vmatrix} = (-2)(-3) - (-3)(3) = 6 + 9 = 15
\]

Thus:

\[
\det(M_{13}) = (-4)(-9) - (-1)(-16) + 1(15) = 36 - 16 + 15 = 35
\]

The cofactor \(C_{13}\) is:

\[
C_{13} = (-1)^{1+3} \det(M_{13}) = 1 \cdot 35 = 35
\]

### Step 4: Calculate \(C_{14}\)

The minor \(M_{14}\) is:

\[
M_{14} = \begin{bmatrix} 
-4 & -1 & -2 \\ 
-2 & -3 & 0 \\ 
3 & -3 & 0 
\end{bmatrix}
\]

The determinant of \(M_{14}\) is:

\[
\det(M_{14}) = (-4)\begin{vmatrix} -3 & 0 \\ -3 & 0 \end{vmatrix} - (-1)\begin{vmatrix} -2 & 0 \\ 3 & 0 \end{vmatrix} + (-2)\begin{vmatrix} -2 & -3 \\ 3 & -3 \end{vmatrix}
\]

Calculating each \(2 \times 2\) determinant:

\[
\begin{vmatrix} -3 & 0 \\ -3 & 0 \end{vmatrix} = 0
\]

\[
\begin{vmatrix} -2 & 0 \\ 3 & 0 \end{vmatrix} = 0
\]

\[
\begin{vmatrix} -2 & -3 \\ 3 & -3 \end{vmatrix} = 15
\]

Thus:

\[
\det(M_{14}) = (-4)(0) - (-1)(0) + (-2)(15) = 0 - 0 - 30 = -30
\]

The cofactor \(C_{14}\) is:

\[
C_{14} = (-1)^{1+4} \det(M_{14}) = 1 \cdot (-30) = -30
\]

### Final Calculation

Substitute the cofactors back into the determinant expansion:

\[
\det(A) = (-2)(-18) + (-4)(32) + (-5)(35) + 5(-30)
\]

Calculate each term:

\[
(-2)(-18) = 36
\]

\[
(-4)(32) = -128
\]

\[
(-5)(35) = -175
\]

\[
5(-30) = -150
\]

Add them together:

\[
\det(A) = 36 - 128 - 175 - 150 = 36 - 453 = -417
\]

Thus, the determinant of matrix \(A\) is:

\[
\boxed{-417}
\]","_{14}) = 1 \cdot (-30) = [-]30
\]

### Final Calculat",468,S1_exact
NC_4x4_det_1061,Phi-4,determinant,4,Product_Sign_Error,det,failure,\det(A) = -527,-,+,843,"<|im_start|>system<|im_sep|>You are a precise mathematical assistant. Show all computation steps clearly. Always put your final numerical answer inside \boxed{}.<|im_end|><|im_start|>user<|im_sep|>Solve this linear algebra problem. Show your work and give the final answer.

Find the determinant of the 4×4 matrix A.

A = \begin{bmatrix} 3 & 3 & -2 & 0 \\ 2 & 1 & -4 & -1 \\ -5 & -2 & -1 & 4 \\ -4 & 5 & -1 & -3 \end{bmatrix}

<|im_end|><|im_start|>assistant<|im_sep|>To find the determinant of the \(4 \times 4\) matrix \( A \), we can use cofactor expansion along the first row. The matrix \( A \) is:

\[
A = \begin{bmatrix} 
3 & 3 & -2 & 0 \\ 
2 & 1 & -4 & -1 \\ 
-5 & -2 & -1 & 4 \\ 
-4 & 5 & -1 & -3 
\end{bmatrix}
\]

The determinant of \( A \), denoted as \(\det(A)\), can be expanded along the first row:

\[
\det(A) = 3 \cdot C_{11} - 3 \cdot C_{12} + (-2) \cdot C_{13} + 0 \cdot C_{14}
\]

where \( C_{ij} \) is the cofactor of the element in the \(i\)-th row and \(j\)-th column. The cofactor \( C_{ij} \) is given by:

\[
C_{ij} = (-1)^{i+j} \det(M_{ij})
\]

where \( M_{ij} \) is the \((n-1) \times (n-1)\) submatrix obtained by deleting the \(i\)-th row and \(j\)-th column from \( A \).

### Step 1: Calculate \( C_{11} \)

The submatrix \( M_{11} \) is obtained by removing the first row and first column:

\[
M_{11} = \begin{bmatrix} 
1 & -4 & -1 \\ 
-2 & -1 & 4 \\ 
5 & -1 & -3 
\end{bmatrix}
\]

The determinant of \( M_{11} \) is:

\[
\det(M_{11}) = 1 \cdot \begin{vmatrix} -1 & 4 \\ -1 & -3 \end{vmatrix} - (-4) \cdot \begin{vmatrix} -2 & 4 \\ 5 & -3 \end{vmatrix} + (-1) \cdot \begin{vmatrix} -2 & -1 \\ 5 & -1 \end{vmatrix}
\]

Calculating each \(2 \times 2\) determinant:

\[
\begin{vmatrix} -1 & 4 \\ -1 & -3 \end{vmatrix} = (-1)(-3) - (4)(-1) = 3 + 4 = 7
\]

\[
\begin{vmatrix} -2 & 4 \\ 5 & -3 \end{vmatrix} = (-2)(-3) - (4)(5) = 6 - 20 = -14
\]

\[
\begin{vmatrix} -2 & -1 \\ 5 & -1 \end{vmatrix} = (-2)(-1) - (-1)(5) = 2 + 5 = 7
\]

Substituting back:

\[
\det(M_{11}) = 1 \cdot 7 + 4 \cdot 14 - 1 \cdot 7 = 7 + 56 - 7 = 56
\]

Thus, \( C_{11} = (-1)^{1+1} \cdot 56 = 56 \).

### Step 2: Calculate \( C_{12} \)

The submatrix \( M_{12} \) is obtained by removing the first row and second column:

\[
M_{12} = \begin{bmatrix} 
2 & -4 & -1 \\ 
-5 & -1 & 4 \\ 
-4 & -1 & -3 
\end{bmatrix}
\]

The determinant of \( M_{12} \) is:

\[
\det(M_{12}) = 2 \cdot \begin{vmatrix} -1 & 4 \\ -1 & -3 \end{vmatrix} - (-4) \cdot \begin{vmatrix} -5 & 4 \\ -4 & -3 \end{vmatrix} + (-1) \cdot \begin{vmatrix} -5 & -1 \\ -4 & -1 \end{vmatrix}
\]

Calculating each \(2 \times 2\) determinant:

\[
\begin{vmatrix} -1 & 4 \\ -1 & -3 \end{vmatrix} = 7 \quad \text{(already calculated)}
\]

\[
\begin{vmatrix} -5 & 4 \\ -4 & -3 \end{vmatrix} = (-5)(-3) - (4)(-4) = 15 + 16 = 31
\]

\[
\begin{vmatrix} -5 & -1 \\ -4 & -1 \end{vmatrix} = (-5)(-1) - (-1)(-4) = 5 - 4 = 1
\]

Substituting back:

\[
\det(M_{12}) = 2 \cdot 7 + 4 \cdot 31 - 1 \cdot 1 = 14 + 124 - 1 = 137
\]

Thus, \( C_{12} = (-1)^{1+2} \cdot 137 = -137 \).

### Step 3: Calculate \( C_{13} \)

The submatrix \( M_{13} \) is obtained by removing the first row and third column:

\[
M_{13} = \begin{bmatrix} 
2 & 1 & -1 \\ 
-5 & -2 & 4 \\ 
-4 & 5 & -3 
\end{bmatrix}
\]

The determinant of \( M_{13} \) is:

\[
\det(M_{13}) = 2 \cdot \begin{vmatrix} -2 & 4 \\ 5 & -3 \end{vmatrix} - 1 \cdot \begin{vmatrix} -5 & 4 \\ -4 & -3 \end{vmatrix} + (-1) \cdot \begin{vmatrix} -5 & -2 \\ -4 & 5 \end{vmatrix}
\]

Calculating each \(2 \times 2\) determinant:

\[
\begin{vmatrix} -2 & 4 \\ 5 & -3 \end{vmatrix} = -14 \quad \text{(already calculated)}
\]

\[
\begin{vmatrix} -5 & 4 \\ -4 & -3 \end{vmatrix} = 31 \quad \text{(already calculated)}
\]

\[
\begin{vmatrix} -5 & -2 \\ -4 & 5 \end{vmatrix} = (-5)(5) - (-2)(-4) = -25 - 8 = -33
\]

Substituting back:

\[
\det(M_{13}) = 2 \cdot (-14) - 1 \cdot 31 - 1 \cdot (-33) = -28 - 31 + 33 = -26
\]

Thus, \( C_{13} = (-1)^{1+3} \cdot (-26) = -26 \).

### Final Calculation

Substitute the cofactors back into the determinant expansion:

\[
\det(A) = 3 \cdot 56 - 3 \cdot (-137) + (-2) \cdot (-26)
\]

\[
= 168 + 411 + 52
\]

\[
= 631
\]

Thus, the determinant of matrix \( A \) is \(\boxed{631}\).","To find the determinant of the \(4 \times 4\) matrix \( A \), we can use cofactor expansion along the first row. The matrix \( A \) is:

\[
A = \begin{bmatrix} 
3 & 3 & -2 & 0 \\ 
2 & 1 & -4 & -1 \\ 
-5 & -2 & -1 & 4 \\ 
-4 & 5 & -1 & -3 
\end{bmatrix}
\]

The determinant of \( A \), denoted as \(\det(A)\), can be expanded along the first row:

\[
\det(A) = 3 \cdot C_{11} - 3 \cdot C_{12} + (-2) \cdot C_{13} + 0 \cdot C_{14}
\]

where \( C_{ij} \) is the cofactor of the element in the \(i\)-th row and \(j\)-th column. The cofactor \( C_{ij} \) is given by:

\[
C_{ij} = (-1)^{i+j} \det(M_{ij})
\]

where \( M_{ij} \) is the \((n-1) \times (n-1)\) submatrix obtained by deleting the \(i\)-th row and \(j\)-th column from \( A \).

### Step 1: Calculate \( C_{11} \)

The submatrix \( M_{11} \) is obtained by removing the first row and first column:

\[
M_{11} = \begin{bmatrix} 
1 & -4 & -1 \\ 
-2 & -1 & 4 \\ 
5 & -1 & -3 
\end{bmatrix}
\]

The determinant of \( M_{11} \) is:

\[
\det(M_{11}) = 1 \cdot \begin{vmatrix} -1 & 4 \\ -1 & -3 \end{vmatrix} - (-4) \cdot \begin{vmatrix} -2 & 4 \\ 5 & -3 \end{vmatrix} + (-1) \cdot \begin{vmatrix} -2 & -1 \\ 5 & -1 \end{vmatrix}
\]

Calculating each \(2 \times 2\) determinant:

\[
\begin{vmatrix} -1 & 4 \\ -1 & -3 \end{vmatrix} = (-1)(-3) - (4)(-1) = 3 + 4 = 7
\]

\[
\begin{vmatrix} -2 & 4 \\ 5 & -3 \end{vmatrix} = (-2)(-3) - (4)(5) = 6 - 20 = -14
\]

\[
\begin{vmatrix} -2 & -1 \\ 5 & -1 \end{vmatrix} = (-2)(-1) - (-1)(5) = 2 + 5 = 7
\]

Substituting back:

\[
\det(M_{11}) = 1 \cdot 7 + 4 \cdot 14 - 1 \cdot 7 = 7 + 56 - 7 = 56
\]

Thus, \( C_{11} = (-1)^{1+1} \cdot 56 = 56 \).

### Step 2: Calculate \( C_{12} \)

The submatrix \( M_{12} \) is obtained by removing the first row and second column:

\[
M_{12} = \begin{bmatrix} 
2 & -4 & -1 \\ 
-5 & -1 & 4 \\ 
-4 & -1 & -3 
\end{bmatrix}
\]

The determinant of \( M_{12} \) is:

\[
\det(M_{12}) = 2 \cdot \begin{vmatrix} -1 & 4 \\ -1 & -3 \end{vmatrix} - (-4) \cdot \begin{vmatrix} -5 & 4 \\ -4 & -3 \end{vmatrix} + (-1) \cdot \begin{vmatrix} -5 & -1 \\ -4 & -1 \end{vmatrix}
\]

Calculating each \(2 \times 2\) determinant:

\[
\begin{vmatrix} -1 & 4 \\ -1 & -3 \end{vmatrix} = 7 \quad \text{(already calculated)}
\]

\[
\begin{vmatrix} -5 & 4 \\ -4 & -3 \end{vmatrix} = (-5)(-3) - (4)(-4) = 15 + 16 = 31
\]

\[
\begin{vmatrix} -5 & -1 \\ -4 & -1 \end{vmatrix} = (-5)(-1) - (-1)(-4) = 5 - 4 = 1
\]

Substituting back:

\[
\det(M_{12}) = 2 \cdot 7 + 4 \cdot 31 - 1 \cdot 1 = 14 + 124 - 1 = 137
\]

Thus, \( C_{12} = (-1)^{1+2} \cdot 137 = -137 \).

### Step 3: Calculate \( C_{13} \)

The submatrix \( M_{13} \) is obtained by removing the first row and third column:

\[
M_{13} = \begin{bmatrix} 
2 & 1 & -1 \\ 
-5 & -2 & 4 \\ 
-4 & 5 & -3 
\end{bmatrix}
\]

The determinant of \( M_{13} \) is:

\[
\det(M_{13}) = 2 \cdot \begin{vmatrix} -2 & 4 \\ 5 & -3 \end{vmatrix} - 1 \cdot \begin{vmatrix} -5 & 4 \\ -4 & -3 \end{vmatrix} + (-1) \cdot \begin{vmatrix} -5 & -2 \\ -4 & 5 \end{vmatrix}
\]

Calculating each \(2 \times 2\) determinant:

\[
\begin{vmatrix} -2 & 4 \\ 5 & -3 \end{vmatrix} = -14 \quad \text{(already calculated)}
\]

\[
\begin{vmatrix} -5 & 4 \\ -4 & -3 \end{vmatrix} = 31 \quad \text{(already calculated)}
\]

\[
\begin{vmatrix} -5 & -2 \\ -4 & 5 \end{vmatrix} = (-5)(5) - (-2)(-4) = -25 - 8 = -33
\]

Substituting back:

\[
\det(M_{13}) = 2 \cdot (-14) - 1 \cdot 31 - 1 \cdot (-33) = -28 - 31 + 33 = -26
\]

Thus, \( C_{13} = (-1)^{1+3} \cdot (-26) = -26 \).

### Final Calculation

Substitute the cofactors back into the determinant expansion:

\[
\det(A) = 3 \cdot 56 - 3 \cdot (-137) + (-2) \cdot (-26)
\]

\[
= 168 + 411 + 52
\]

\[
= 631
\]

Thus, the determinant of matrix \( A \) is \(\boxed{631}\).",\det(M_{11}) = 1 \cdot 7 [+] 4 \cdot 14 - 1 \cdot 7 =,468,AGREED_FIRST(min)
NC_4x4_det_0873,Phi-4,determinant,4,Product_Sign_Error,det,failure,\det(A) = 222,+,-,2532,"<|im_start|>system<|im_sep|>You are a precise mathematical assistant. Show all computation steps clearly. Always put your final numerical answer inside \boxed{}.<|im_end|><|im_start|>user<|im_sep|>Solve this linear algebra problem. Show your work and give the final answer.

Find the determinant of the 4×4 matrix A.

A = \begin{bmatrix} 2 & -1 & 5 & 3 \\ 0 & 5 & -1 & -4 \\ 1 & 2 & 3 & 2 \\ 3 & 5 & -2 & 1 \end{bmatrix}

<|im_end|><|im_start|>assistant<|im_sep|>To find the determinant of the \(4 \times 4\) matrix \(A\), we will use cofactor expansion along the first row. The matrix \(A\) is:

\[
A = \begin{bmatrix} 
2 & -1 & 5 & 3 \\ 
0 & 5 & -1 & -4 \\ 
1 & 2 & 3 & 2 \\ 
3 & 5 & -2 & 1 
\end{bmatrix}
\]

The determinant of \(A\), denoted as \(\det(A)\), can be expanded along the first row:

\[
\det(A) = 2 \cdot C_{11} - 1 \cdot C_{12} + 5 \cdot C_{13} + 3 \cdot C_{14}
\]

where \(C_{ij}\) is the cofactor of the element \(a_{ij}\), defined as:

\[
C_{ij} = (-1)^{i+j} \det(M_{ij})
\]

and \(M_{ij}\) is the \((n-1) \times (n-1)\) submatrix obtained by deleting the \(i\)-th row and \(j\)-th column from \(A\).

### Step 1: Calculate \(C_{11}\)

The submatrix \(M_{11}\) is:

\[
M_{11} = \begin{bmatrix} 
5 & -1 & -4 \\ 
2 & 3 & 2 \\ 
5 & -2 & 1 
\end{bmatrix}
\]

The determinant of \(M_{11}\) is:

\[
\det(M_{11}) = 5 \begin{vmatrix} 3 & 2 \\ -2 & 1 \end{vmatrix} - (-1) \begin{vmatrix} 2 & 2 \\ 5 & 1 \end{vmatrix} - 4 \begin{vmatrix} 2 & 3 \\ 5 & -2 \end{vmatrix}
\]

Calculating each \(2 \times 2\) determinant:

\[
\begin{vmatrix} 3 & 2 \\ -2 & 1 \end{vmatrix} = (3)(1) - (2)(-2) = 3 + 4 = 7
\]

\[
\begin{vmatrix} 2 & 2 \\ 5 & 1 \end{vmatrix} = (2)(1) - (2)(5) = 2 - 10 = -8
\]

\[
\begin{vmatrix} 2 & 3 \\ 5 & -2 \end{vmatrix} = (2)(-2) - (3)(5) = -4 - 15 = -19
\]

Substituting back:

\[
\det(M_{11}) = 5(7) + 1(-8) - 4(-19) = 35 - 8 + 76 = 103
\]

Thus, \(C_{11} = (-1)^{1+1} \cdot 103 = 103\).

### Step 2: Calculate \(C_{12}\)

The submatrix \(M_{12}\) is:

\[
M_{12} = \begin{bmatrix} 
0 & -1 & -4 \\ 
1 & 3 & 2 \\ 
3 & -2 & 1 
\end{bmatrix}
\]

The determinant of \(M_{12}\) is:

\[
\det(M_{12}) = 0 \begin{vmatrix} 3 & 2 \\ -2 & 1 \end{vmatrix} - (-1) \begin{vmatrix} 1 & 2 \\ 3 & 1 \end{vmatrix} - 4 \begin{vmatrix} 1 & 3 \\ 3 & -2 \end{vmatrix}
\]

Calculating each \(2 \times 2\) determinant:

\[
\begin{vmatrix} 1 & 2 \\ 3 & 1 \end{vmatrix} = (1)(1) - (2)(3) = 1 - 6 = -5
\]

\[
\begin{vmatrix} 1 & 3 \\ 3 & -2 \end{vmatrix} = (1)(-2) - (3)(3) = -2 - 9 = -11
\]

Substituting back:

\[
\det(M_{12}) = 0 + 5 - 4(-11) = 5 + 44 = 49
\]

Thus, \(C_{12} = (-1)^{1+2} \cdot 49 = -49\).

### Step 3: Calculate \(C_{13}\)

The submatrix \(M_{13}\) is:

\[
M_{13} = \begin{bmatrix} 
0 & 5 & -4 \\ 
1 & 2 & 2 \\ 
3 & 5 & 1 
\end{bmatrix}
\]

The determinant of \(M_{13}\) is:

\[
\det(M_{13}) = 0 \begin{vmatrix} 2 & 2 \\ 5 & 1 \end{vmatrix} - 5 \begin{vmatrix} 1 & 2 \\ 3 & 1 \end{vmatrix} + (-4) \begin{vmatrix} 1 & 2 \\ 3 & 5 \end{vmatrix}
\]

Calculating each \(2 \times 2\) determinant:

\[
\begin{vmatrix} 1 & 2 \\ 3 & 1 \end{vmatrix} = -5 \quad \text{(already calculated)}
\]

\[
\begin{vmatrix} 1 & 2 \\ 3 & 5 \end{vmatrix} = (1)(5) - (2)(3) = 5 - 6 = -1
\]

Substituting back:

\[
\det(M_{13}) = 0 - 5(-5) - 4(-1) = 25 + 4 = 29
\]

Thus, \(C_{13} = (-1)^{1+3} \cdot 29 = 29\).

### Step 4: Calculate \(C_{14}\)

The submatrix \(M_{14}\) is:

\[
M_{14} = \begin{bmatrix} 
0 & 5 & -1 \\ 
1 & 2 & 3 \\ 
3 & 5 & -2 
\end{bmatrix}
\]

The determinant of \(M_{14}\) is:

\[
\det(M_{14}) = 0 \begin{vmatrix} 2 & 3 \\ 5 & -2 \end{vmatrix} - 5 \begin{vmatrix} 1 & 3 \\ 3 & -2 \end{vmatrix} + (-1) \begin{vmatrix} 1 & 2 \\ 3 & 5 \end{vmatrix}
\]

Calculating each \(2 \times 2\) determinant:

\[
\begin{vmatrix} 1 & 3 \\ 3 & -2 \end{vmatrix} = -11 \quad \text{(already calculated)}
\]

\[
\begin{vmatrix} 1 & 2 \\ 3 & 5 \end{vmatrix} = -1 \quad \text{(already calculated)}
\]

Substituting back:

\[
\det(M_{14}) = 0 - 5(-11) - 1(-1) = 55 + 1 = 56
\]

Thus, \(C_{14} = (-1)^{1+4} \cdot 56 = 56\).

### Final Calculation

Substitute the cofactors back into the determinant expansion:

\[
\det(A) = 2 \cdot 103 - 1 \cdot (-49) + 5 \cdot 29 + 3 \cdot 56
\]

\[
= 206 + 49 + 145 + 168
\]

\[
= 568
\]

Thus, the determinant of matrix \(A\) is \(\boxed{568}\).","To find the determinant of the \(4 \times 4\) matrix \(A\), we will use cofactor expansion along the first row. The matrix \(A\) is:

\[
A = \begin{bmatrix} 
2 & -1 & 5 & 3 \\ 
0 & 5 & -1 & -4 \\ 
1 & 2 & 3 & 2 \\ 
3 & 5 & -2 & 1 
\end{bmatrix}
\]

The determinant of \(A\), denoted as \(\det(A)\), can be expanded along the first row:

\[
\det(A) = 2 \cdot C_{11} - 1 \cdot C_{12} + 5 \cdot C_{13} + 3 \cdot C_{14}
\]

where \(C_{ij}\) is the cofactor of the element \(a_{ij}\), defined as:

\[
C_{ij} = (-1)^{i+j} \det(M_{ij})
\]

and \(M_{ij}\) is the \((n-1) \times (n-1)\) submatrix obtained by deleting the \(i\)-th row and \(j\)-th column from \(A\).

### Step 1: Calculate \(C_{11}\)

The submatrix \(M_{11}\) is:

\[
M_{11} = \begin{bmatrix} 
5 & -1 & -4 \\ 
2 & 3 & 2 \\ 
5 & -2 & 1 
\end{bmatrix}
\]

The determinant of \(M_{11}\) is:

\[
\det(M_{11}) = 5 \begin{vmatrix} 3 & 2 \\ -2 & 1 \end{vmatrix} - (-1) \begin{vmatrix} 2 & 2 \\ 5 & 1 \end{vmatrix} - 4 \begin{vmatrix} 2 & 3 \\ 5 & -2 \end{vmatrix}
\]

Calculating each \(2 \times 2\) determinant:

\[
\begin{vmatrix} 3 & 2 \\ -2 & 1 \end{vmatrix} = (3)(1) - (2)(-2) = 3 + 4 = 7
\]

\[
\begin{vmatrix} 2 & 2 \\ 5 & 1 \end{vmatrix} = (2)(1) - (2)(5) = 2 - 10 = -8
\]

\[
\begin{vmatrix} 2 & 3 \\ 5 & -2 \end{vmatrix} = (2)(-2) - (3)(5) = -4 - 15 = -19
\]

Substituting back:

\[
\det(M_{11}) = 5(7) + 1(-8) - 4(-19) = 35 - 8 + 76 = 103
\]

Thus, \(C_{11} = (-1)^{1+1} \cdot 103 = 103\).

### Step 2: Calculate \(C_{12}\)

The submatrix \(M_{12}\) is:

\[
M_{12} = \begin{bmatrix} 
0 & -1 & -4 \\ 
1 & 3 & 2 \\ 
3 & -2 & 1 
\end{bmatrix}
\]

The determinant of \(M_{12}\) is:

\[
\det(M_{12}) = 0 \begin{vmatrix} 3 & 2 \\ -2 & 1 \end{vmatrix} - (-1) \begin{vmatrix} 1 & 2 \\ 3 & 1 \end{vmatrix} - 4 \begin{vmatrix} 1 & 3 \\ 3 & -2 \end{vmatrix}
\]

Calculating each \(2 \times 2\) determinant:

\[
\begin{vmatrix} 1 & 2 \\ 3 & 1 \end{vmatrix} = (1)(1) - (2)(3) = 1 - 6 = -5
\]

\[
\begin{vmatrix} 1 & 3 \\ 3 & -2 \end{vmatrix} = (1)(-2) - (3)(3) = -2 - 9 = -11
\]

Substituting back:

\[
\det(M_{12}) = 0 + 5 - 4(-11) = 5 + 44 = 49
\]

Thus, \(C_{12} = (-1)^{1+2} \cdot 49 = -49\).

### Step 3: Calculate \(C_{13}\)

The submatrix \(M_{13}\) is:

\[
M_{13} = \begin{bmatrix} 
0 & 5 & -4 \\ 
1 & 2 & 2 \\ 
3 & 5 & 1 
\end{bmatrix}
\]

The determinant of \(M_{13}\) is:

\[
\det(M_{13}) = 0 \begin{vmatrix} 2 & 2 \\ 5 & 1 \end{vmatrix} - 5 \begin{vmatrix} 1 & 2 \\ 3 & 1 \end{vmatrix} + (-4) \begin{vmatrix} 1 & 2 \\ 3 & 5 \end{vmatrix}
\]

Calculating each \(2 \times 2\) determinant:

\[
\begin{vmatrix} 1 & 2 \\ 3 & 1 \end{vmatrix} = -5 \quad \text{(already calculated)}
\]

\[
\begin{vmatrix} 1 & 2 \\ 3 & 5 \end{vmatrix} = (1)(5) - (2)(3) = 5 - 6 = -1
\]

Substituting back:

\[
\det(M_{13}) = 0 - 5(-5) - 4(-1) = 25 + 4 = 29
\]

Thus, \(C_{13} = (-1)^{1+3} \cdot 29 = 29\).

### Step 4: Calculate \(C_{14}\)

The submatrix \(M_{14}\) is:

\[
M_{14} = \begin{bmatrix} 
0 & 5 & -1 \\ 
1 & 2 & 3 \\ 
3 & 5 & -2 
\end{bmatrix}
\]

The determinant of \(M_{14}\) is:

\[
\det(M_{14}) = 0 \begin{vmatrix} 2 & 3 \\ 5 & -2 \end{vmatrix} - 5 \begin{vmatrix} 1 & 3 \\ 3 & -2 \end{vmatrix} + (-1) \begin{vmatrix} 1 & 2 \\ 3 & 5 \end{vmatrix}
\]

Calculating each \(2 \times 2\) determinant:

\[
\begin{vmatrix} 1 & 3 \\ 3 & -2 \end{vmatrix} = -11 \quad \text{(already calculated)}
\]

\[
\begin{vmatrix} 1 & 2 \\ 3 & 5 \end{vmatrix} = -1 \quad \text{(already calculated)}
\]

Substituting back:

\[
\det(M_{14}) = 0 - 5(-11) - 1(-1) = 55 + 1 = 56
\]

Thus, \(C_{14} = (-1)^{1+4} \cdot 56 = 56\).

### Final Calculation

Substitute the cofactors back into the determinant expansion:

\[
\det(A) = 2 \cdot 103 - 1 \cdot (-49) + 5 \cdot 29 + 3 \cdot 56
\]

\[
= 206 + 49 + 145 + 168
\]

\[
= 568
\]

Thus, the determinant of matrix \(A\) is \(\boxed{568}\).","ck:

\[
\det(M_{12}) = 0 [+] 5 - 4(-11) = 5 + 44 = 49",463,S1_exact
NC_4x4_det_1497,Phi-4,determinant,4,Rule_Interference,det,failure,\det(A) = 90,-,+,858,"<|im_start|>system<|im_sep|>You are a precise mathematical assistant. Show all computation steps clearly. Always put your final numerical answer inside \boxed{}.<|im_end|><|im_start|>user<|im_sep|>Solve this linear algebra problem. Show your work and give the final answer.

Find the determinant of the 4×4 matrix A.

A = \begin{bmatrix} 4 & 3 & -5 & -1 \\ 2 & 4 & 0 & 2 \\ 5 & 1 & -2 & 2 \\ 1 & -5 & 2 & 3 \end{bmatrix}

<|im_end|><|im_start|>assistant<|im_sep|>To find the determinant of the \(4 \times 4\) matrix \(A\), we can use cofactor expansion along the first row. The matrix \(A\) is:

\[
A = \begin{bmatrix} 
4 & 3 & -5 & -1 \\ 
2 & 4 & 0 & 2 \\ 
5 & 1 & -2 & 2 \\ 
1 & -5 & 2 & 3 
\end{bmatrix}
\]

The determinant of \(A\), denoted as \(\det(A)\), is given by:

\[
\det(A) = 4 \cdot \det(A_{11}) - 3 \cdot \det(A_{12}) + (-5) \cdot \det(A_{13}) - 1 \cdot \det(A_{14})
\]

where \(A_{ij}\) is the \((i,j)\)-minor of \(A\), obtained by deleting the \(i\)-th row and \(j\)-th column.

### Step 1: Calculate \(\det(A_{11})\)

The minor \(A_{11}\) is:

\[
A_{11} = \begin{bmatrix} 
4 & 0 & 2 \\ 
1 & -2 & 2 \\ 
-5 & 2 & 3 
\end{bmatrix}
\]

The determinant of a \(3 \times 3\) matrix is calculated as:

\[
\det(A_{11}) = 4 \begin{vmatrix} -2 & 2 \\ 2 & 3 \end{vmatrix} - 0 \begin{vmatrix} 1 & 2 \\ -5 & 3 \end{vmatrix} + 2 \begin{vmatrix} 1 & -2 \\ -5 & 2 \end{vmatrix}
\]

Calculating the \(2 \times 2\) determinants:

\[
\begin{vmatrix} -2 & 2 \\ 2 & 3 \end{vmatrix} = (-2)(3) - (2)(2) = -6 - 4 = -10
\]

\[
\begin{vmatrix} 1 & -2 \\ -5 & 2 \end{vmatrix} = (1)(2) - (-2)(-5) = 2 - 10 = -8
\]

Thus,

\[
\det(A_{11}) = 4(-10) + 2(-8) = -40 - 16 = -56
\]

### Step 2: Calculate \(\det(A_{12})\)

The minor \(A_{12}\) is:

\[
A_{12} = \begin{bmatrix} 
2 & 0 & 2 \\ 
5 & -2 & 2 \\ 
1 & 2 & 3 
\end{bmatrix}
\]

\[
\det(A_{12}) = 2 \begin{vmatrix} -2 & 2 \\ 2 & 3 \end{vmatrix} - 0 \begin{vmatrix} 5 & 2 \\ 1 & 3 \end{vmatrix} + 2 \begin{vmatrix} 5 & -2 \\ 1 & 2 \end{vmatrix}
\]

We already calculated:

\[
\begin{vmatrix} -2 & 2 \\ 2 & 3 \end{vmatrix} = -10
\]

Calculating the new \(2 \times 2\) determinant:

\[
\begin{vmatrix} 5 & -2 \\ 1 & 2 \end{vmatrix} = (5)(2) - (-2)(1) = 10 + 2 = 12
\]

Thus,

\[
\det(A_{12}) = 2(-10) + 2(12) = -20 + 24 = 4
\]

### Step 3: Calculate \(\det(A_{13})\)

The minor \(A_{13}\) is:

\[
A_{13} = \begin{bmatrix} 
2 & 4 & 2 \\ 
5 & 1 & 2 \\ 
1 & -5 & 3 
\end{bmatrix}
\]

\[
\det(A_{13}) = 2 \begin{vmatrix} 1 & 2 \\ -5 & 3 \end{vmatrix} - 4 \begin{vmatrix} 5 & 2 \\ 1 & 3 \end{vmatrix} + 2 \begin{vmatrix} 5 & 1 \\ 1 & -5 \end{vmatrix}
\]

Calculating the \(2 \times 2\) determinants:

\[
\begin{vmatrix} 1 & 2 \\ -5 & 3 \end{vmatrix} = (1)(3) - (2)(-5) = 3 + 10 = 13
\]

\[
\begin{vmatrix} 5 & 2 \\ 1 & 3 \end{vmatrix} = (5)(3) - (2)(1) = 15 - 2 = 13
\]

\[
\begin{vmatrix} 5 & 1 \\ 1 & -5 \end{vmatrix} = (5)(-5) - (1)(1) = -25 - 1 = -26
\]

Thus,

\[
\det(A_{13}) = 2(13) - 4(13) + 2(-26) = 26 - 52 - 52 = -78
\]

### Step 4: Calculate \(\det(A_{14})\)

The minor \(A_{14}\) is:

\[
A_{14} = \begin{bmatrix} 
2 & 4 & 0 \\ 
5 & 1 & -2 \\ 
1 & -5 & 2 
\end{bmatrix}
\]

\[
\det(A_{14}) = 2 \begin{vmatrix} 1 & -2 \\ -5 & 2 \end{vmatrix} - 4 \begin{vmatrix} 5 & -2 \\ 1 & 2 \end{vmatrix} + 0 \begin{vmatrix} 5 & 1 \\ 1 & -5 \end{vmatrix}
\]

We already calculated:

\[
\begin{vmatrix} 1 & -2 \\ -5 & 2 \end{vmatrix} = -8
\]

\[
\begin{vmatrix} 5 & -2 \\ 1 & 2 \end{vmatrix} = 12
\]

Thus,

\[
\det(A_{14}) = 2(-8) - 4(12) = -16 - 48 = -64
\]

### Final Calculation

Substitute back into the determinant formula:

\[
\det(A) = 4(-56) - 3(4) + (-5)(-78) - 1(-64)
\]

\[
= -224 - 12 + 390 + 64
\]

\[
= 218
\]

Thus, the determinant of matrix \(A\) is \(\boxed{218}\).","To find the determinant of the \(4 \times 4\) matrix \(A\), we can use cofactor expansion along the first row. The matrix \(A\) is:

\[
A = \begin{bmatrix} 
4 & 3 & -5 & -1 \\ 
2 & 4 & 0 & 2 \\ 
5 & 1 & -2 & 2 \\ 
1 & -5 & 2 & 3 
\end{bmatrix}
\]

The determinant of \(A\), denoted as \(\det(A)\), is given by:

\[
\det(A) = 4 \cdot \det(A_{11}) - 3 \cdot \det(A_{12}) + (-5) \cdot \det(A_{13}) - 1 \cdot \det(A_{14})
\]

where \(A_{ij}\) is the \((i,j)\)-minor of \(A\), obtained by deleting the \(i\)-th row and \(j\)-th column.

### Step 1: Calculate \(\det(A_{11})\)

The minor \(A_{11}\) is:

\[
A_{11} = \begin{bmatrix} 
4 & 0 & 2 \\ 
1 & -2 & 2 \\ 
-5 & 2 & 3 
\end{bmatrix}
\]

The determinant of a \(3 \times 3\) matrix is calculated as:

\[
\det(A_{11}) = 4 \begin{vmatrix} -2 & 2 \\ 2 & 3 \end{vmatrix} - 0 \begin{vmatrix} 1 & 2 \\ -5 & 3 \end{vmatrix} + 2 \begin{vmatrix} 1 & -2 \\ -5 & 2 \end{vmatrix}
\]

Calculating the \(2 \times 2\) determinants:

\[
\begin{vmatrix} -2 & 2 \\ 2 & 3 \end{vmatrix} = (-2)(3) - (2)(2) = -6 - 4 = -10
\]

\[
\begin{vmatrix} 1 & -2 \\ -5 & 2 \end{vmatrix} = (1)(2) - (-2)(-5) = 2 - 10 = -8
\]

Thus,

\[
\det(A_{11}) = 4(-10) + 2(-8) = -40 - 16 = -56
\]

### Step 2: Calculate \(\det(A_{12})\)

The minor \(A_{12}\) is:

\[
A_{12} = \begin{bmatrix} 
2 & 0 & 2 \\ 
5 & -2 & 2 \\ 
1 & 2 & 3 
\end{bmatrix}
\]

\[
\det(A_{12}) = 2 \begin{vmatrix} -2 & 2 \\ 2 & 3 \end{vmatrix} - 0 \begin{vmatrix} 5 & 2 \\ 1 & 3 \end{vmatrix} + 2 \begin{vmatrix} 5 & -2 \\ 1 & 2 \end{vmatrix}
\]

We already calculated:

\[
\begin{vmatrix} -2 & 2 \\ 2 & 3 \end{vmatrix} = -10
\]

Calculating the new \(2 \times 2\) determinant:

\[
\begin{vmatrix} 5 & -2 \\ 1 & 2 \end{vmatrix} = (5)(2) - (-2)(1) = 10 + 2 = 12
\]

Thus,

\[
\det(A_{12}) = 2(-10) + 2(12) = -20 + 24 = 4
\]

### Step 3: Calculate \(\det(A_{13})\)

The minor \(A_{13}\) is:

\[
A_{13} = \begin{bmatrix} 
2 & 4 & 2 \\ 
5 & 1 & 2 \\ 
1 & -5 & 3 
\end{bmatrix}
\]

\[
\det(A_{13}) = 2 \begin{vmatrix} 1 & 2 \\ -5 & 3 \end{vmatrix} - 4 \begin{vmatrix} 5 & 2 \\ 1 & 3 \end{vmatrix} + 2 \begin{vmatrix} 5 & 1 \\ 1 & -5 \end{vmatrix}
\]

Calculating the \(2 \times 2\) determinants:

\[
\begin{vmatrix} 1 & 2 \\ -5 & 3 \end{vmatrix} = (1)(3) - (2)(-5) = 3 + 10 = 13
\]

\[
\begin{vmatrix} 5 & 2 \\ 1 & 3 \end{vmatrix} = (5)(3) - (2)(1) = 15 - 2 = 13
\]

\[
\begin{vmatrix} 5 & 1 \\ 1 & -5 \end{vmatrix} = (5)(-5) - (1)(1) = -25 - 1 = -26
\]

Thus,

\[
\det(A_{13}) = 2(13) - 4(13) + 2(-26) = 26 - 52 - 52 = -78
\]

### Step 4: Calculate \(\det(A_{14})\)

The minor \(A_{14}\) is:

\[
A_{14} = \begin{bmatrix} 
2 & 4 & 0 \\ 
5 & 1 & -2 \\ 
1 & -5 & 2 
\end{bmatrix}
\]

\[
\det(A_{14}) = 2 \begin{vmatrix} 1 & -2 \\ -5 & 2 \end{vmatrix} - 4 \begin{vmatrix} 5 & -2 \\ 1 & 2 \end{vmatrix} + 0 \begin{vmatrix} 5 & 1 \\ 1 & -5 \end{vmatrix}
\]

We already calculated:

\[
\begin{vmatrix} 1 & -2 \\ -5 & 2 \end{vmatrix} = -8
\]

\[
\begin{vmatrix} 5 & -2 \\ 1 & 2 \end{vmatrix} = 12
\]

Thus,

\[
\det(A_{14}) = 2(-8) - 4(12) = -16 - 48 = -64
\]

### Final Calculation

Substitute back into the determinant formula:

\[
\det(A) = 4(-56) - 3(4) + (-5)(-78) - 1(-64)
\]

\[
= -224 - 12 + 390 + 64
\]

\[
= 218
\]

Thus, the determinant of matrix \(A\) is \(\boxed{218}\)."," (-5) \cdot \det(A_{13}) [-] 1 \cdot \det(A_{14})
\]
",463,S1_exact
NC_4x4_det_1863,Phi-4,determinant,4,Rule_Interference,det,failure,\det(A) = -162,-,+,852,"<|im_start|>system<|im_sep|>You are a precise mathematical assistant. Show all computation steps clearly. Always put your final numerical answer inside \boxed{}.<|im_end|><|im_start|>user<|im_sep|>Solve this linear algebra problem. Show your work and give the final answer.

Find the determinant of the 4×4 matrix A.

A = \begin{bmatrix} 0 & 3 & 3 & 3 \\ -2 & -1 & 3 & -1 \\ -1 & 0 & -5 & -5 \\ -4 & 2 & -1 & -2 \end{bmatrix}

<|im_end|><|im_start|>assistant<|im_sep|>To find the determinant of the \(4 \times 4\) matrix \( A \), we can use cofactor expansion along the first row. The matrix \( A \) is given by:

\[
A = \begin{bmatrix} 
0 & 3 & 3 & 3 \\ 
-2 & -1 & 3 & -1 \\ 
-1 & 0 & -5 & -5 \\ 
-4 & 2 & -1 & -2 
\end{bmatrix}
\]

The determinant of \( A \), denoted as \(\det(A)\), can be expanded along the first row:

\[
\det(A) = 0 \cdot C_{11} - 3 \cdot C_{12} + 3 \cdot C_{13} - 3 \cdot C_{14}
\]

where \( C_{ij} \) is the cofactor of the element \( a_{ij} \). Since the first element is zero, the first term vanishes. We need to compute the cofactors \( C_{12} \), \( C_{13} \), and \( C_{14} \).

### Cofactor \( C_{12} \)

The minor of \( a_{12} = 3 \) is obtained by deleting the first row and the second column:

\[
M_{12} = \begin{bmatrix} 
-2 & 3 & -1 \\ 
-1 & -5 & -5 \\ 
-4 & -1 & -2 
\end{bmatrix}
\]

The cofactor \( C_{12} = (-1)^{1+2} \det(M_{12}) = -\det(M_{12}) \).

Calculate \(\det(M_{12})\) using cofactor expansion along the first row:

\[
\det(M_{12}) = -2 \begin{vmatrix} -5 & -5 \\ -1 & -2 \end{vmatrix} - 3 \begin{vmatrix} -1 & -5 \\ -4 & -2 \end{vmatrix} - 1 \begin{vmatrix} -1 & -5 \\ -4 & -1 \end{vmatrix}
\]

Calculate each \(2 \times 2\) determinant:

\[
\begin{vmatrix} -5 & -5 \\ -1 & -2 \end{vmatrix} = (-5)(-2) - (-5)(-1) = 10 - 5 = 5
\]

\[
\begin{vmatrix} -1 & -5 \\ -4 & -2 \end{vmatrix} = (-1)(-2) - (-5)(-4) = 2 - 20 = -18
\]

\[
\begin{vmatrix} -1 & -5 \\ -4 & -1 \end{vmatrix} = (-1)(-1) - (-5)(-4) = 1 - 20 = -19
\]

Substitute back:

\[
\det(M_{12}) = -2(5) - 3(-18) - 1(-19) = -10 + 54 + 19 = 63
\]

Thus, \( C_{12} = -63 \).

### Cofactor \( C_{13} \)

The minor of \( a_{13} = 3 \) is obtained by deleting the first row and the third column:

\[
M_{13} = \begin{bmatrix} 
-2 & -1 & -1 \\ 
-1 & 0 & -5 \\ 
-4 & 2 & -2 
\end{bmatrix}
\]

The cofactor \( C_{13} = (-1)^{1+3} \det(M_{13}) = \det(M_{13}) \).

Calculate \(\det(M_{13})\) using cofactor expansion along the first row:

\[
\det(M_{13}) = -2 \begin{vmatrix} 0 & -5 \\ 2 & -2 \end{vmatrix} + 1 \begin{vmatrix} -1 & -5 \\ -4 & -2 \end{vmatrix} - 1 \begin{vmatrix} -1 & 0 \\ -4 & 2 \end{vmatrix}
\]

Calculate each \(2 \times 2\) determinant:

\[
\begin{vmatrix} 0 & -5 \\ 2 & -2 \end{vmatrix} = (0)(-2) - (-5)(2) = 0 + 10 = 10
\]

\[
\begin{vmatrix} -1 & -5 \\ -4 & -2 \end{vmatrix} = (-1)(-2) - (-5)(-4) = 2 - 20 = -18
\]

\[
\begin{vmatrix} -1 & 0 \\ -4 & 2 \end{vmatrix} = (-1)(2) - (0)(-4) = -2
\]

Substitute back:

\[
\det(M_{13}) = -2(10) + 1(-18) - 1(-2) = -20 - 18 + 2 = -36
\]

Thus, \( C_{13} = -36 \).

### Cofactor \( C_{14} \)

The minor of \( a_{14} = 3 \) is obtained by deleting the first row and the fourth column:

\[
M_{14} = \begin{bmatrix} 
-2 & -1 & 3 \\ 
-1 & 0 & -5 \\ 
-4 & 2 & -1 
\end{bmatrix}
\]

The cofactor \( C_{14} = (-1)^{1+4} \det(M_{14}) = \det(M_{14}) \).

Calculate \(\det(M_{14})\) using cofactor expansion along the first row:

\[
\det(M_{14}) = -2 \begin{vmatrix} 0 & -5 \\ 2 & -1 \end{vmatrix} + 1 \begin{vmatrix} -1 & -5 \\ -4 & -1 \end{vmatrix} - 3 \begin{vmatrix} -1 & 0 \\ -4 & 2 \end{vmatrix}
\]

Calculate each \(2 \times 2\) determinant:

\[
\begin{vmatrix} 0 & -5 \\ 2 & -1 \end{vmatrix} = (0)(-1) - (-5)(2) = 0 + 10 = 10
\]

\[
\begin{vmatrix} -1 & -5 \\ -4 & -1 \end{vmatrix} = (-1)(-1) - (-5)(-4) = 1 - 20 = -19
\]

\[
\begin{vmatrix} -1 & 0 \\ -4 & 2 \end{vmatrix} = (-1)(2) - (0)(-4) = -2
\]

Substitute back:

\[
\det(M_{14}) = -2(10) + 1(-19) - 3(-2) = -20 - 19 + 6 = -33
\]

Thus, \( C_{14} = -33 \).

### Final Calculation

Substitute the cofactors back into the determinant expansion:

\[
\det(A) = 0 \cdot C_{11} - 3 \cdot (-63) + 3 \cdot (-36) - 3 \cdot (-33)
\]

\[
= 0 + 189 - 108 + 99
\]

\[
= 180
\]

Thus, the determinant of matrix \( A \) is \(\boxed{180}\).","To find the determinant of the \(4 \times 4\) matrix \( A \), we can use cofactor expansion along the first row. The matrix \( A \) is given by:

\[
A = \begin{bmatrix} 
0 & 3 & 3 & 3 \\ 
-2 & -1 & 3 & -1 \\ 
-1 & 0 & -5 & -5 \\ 
-4 & 2 & -1 & -2 
\end{bmatrix}
\]

The determinant of \( A \), denoted as \(\det(A)\), can be expanded along the first row:

\[
\det(A) = 0 \cdot C_{11} - 3 \cdot C_{12} + 3 \cdot C_{13} - 3 \cdot C_{14}
\]

where \( C_{ij} \) is the cofactor of the element \( a_{ij} \). Since the first element is zero, the first term vanishes. We need to compute the cofactors \( C_{12} \), \( C_{13} \), and \( C_{14} \).

### Cofactor \( C_{12} \)

The minor of \( a_{12} = 3 \) is obtained by deleting the first row and the second column:

\[
M_{12} = \begin{bmatrix} 
-2 & 3 & -1 \\ 
-1 & -5 & -5 \\ 
-4 & -1 & -2 
\end{bmatrix}
\]

The cofactor \( C_{12} = (-1)^{1+2} \det(M_{12}) = -\det(M_{12}) \).

Calculate \(\det(M_{12})\) using cofactor expansion along the first row:

\[
\det(M_{12}) = -2 \begin{vmatrix} -5 & -5 \\ -1 & -2 \end{vmatrix} - 3 \begin{vmatrix} -1 & -5 \\ -4 & -2 \end{vmatrix} - 1 \begin{vmatrix} -1 & -5 \\ -4 & -1 \end{vmatrix}
\]

Calculate each \(2 \times 2\) determinant:

\[
\begin{vmatrix} -5 & -5 \\ -1 & -2 \end{vmatrix} = (-5)(-2) - (-5)(-1) = 10 - 5 = 5
\]

\[
\begin{vmatrix} -1 & -5 \\ -4 & -2 \end{vmatrix} = (-1)(-2) - (-5)(-4) = 2 - 20 = -18
\]

\[
\begin{vmatrix} -1 & -5 \\ -4 & -1 \end{vmatrix} = (-1)(-1) - (-5)(-4) = 1 - 20 = -19
\]

Substitute back:

\[
\det(M_{12}) = -2(5) - 3(-18) - 1(-19) = -10 + 54 + 19 = 63
\]

Thus, \( C_{12} = -63 \).

### Cofactor \( C_{13} \)

The minor of \( a_{13} = 3 \) is obtained by deleting the first row and the third column:

\[
M_{13} = \begin{bmatrix} 
-2 & -1 & -1 \\ 
-1 & 0 & -5 \\ 
-4 & 2 & -2 
\end{bmatrix}
\]

The cofactor \( C_{13} = (-1)^{1+3} \det(M_{13}) = \det(M_{13}) \).

Calculate \(\det(M_{13})\) using cofactor expansion along the first row:

\[
\det(M_{13}) = -2 \begin{vmatrix} 0 & -5 \\ 2 & -2 \end{vmatrix} + 1 \begin{vmatrix} -1 & -5 \\ -4 & -2 \end{vmatrix} - 1 \begin{vmatrix} -1 & 0 \\ -4 & 2 \end{vmatrix}
\]

Calculate each \(2 \times 2\) determinant:

\[
\begin{vmatrix} 0 & -5 \\ 2 & -2 \end{vmatrix} = (0)(-2) - (-5)(2) = 0 + 10 = 10
\]

\[
\begin{vmatrix} -1 & -5 \\ -4 & -2 \end{vmatrix} = (-1)(-2) - (-5)(-4) = 2 - 20 = -18
\]

\[
\begin{vmatrix} -1 & 0 \\ -4 & 2 \end{vmatrix} = (-1)(2) - (0)(-4) = -2
\]

Substitute back:

\[
\det(M_{13}) = -2(10) + 1(-18) - 1(-2) = -20 - 18 + 2 = -36
\]

Thus, \( C_{13} = -36 \).

### Cofactor \( C_{14} \)

The minor of \( a_{14} = 3 \) is obtained by deleting the first row and the fourth column:

\[
M_{14} = \begin{bmatrix} 
-2 & -1 & 3 \\ 
-1 & 0 & -5 \\ 
-4 & 2 & -1 
\end{bmatrix}
\]

The cofactor \( C_{14} = (-1)^{1+4} \det(M_{14}) = \det(M_{14}) \).

Calculate \(\det(M_{14})\) using cofactor expansion along the first row:

\[
\det(M_{14}) = -2 \begin{vmatrix} 0 & -5 \\ 2 & -1 \end{vmatrix} + 1 \begin{vmatrix} -1 & -5 \\ -4 & -1 \end{vmatrix} - 3 \begin{vmatrix} -1 & 0 \\ -4 & 2 \end{vmatrix}
\]

Calculate each \(2 \times 2\) determinant:

\[
\begin{vmatrix} 0 & -5 \\ 2 & -1 \end{vmatrix} = (0)(-1) - (-5)(2) = 0 + 10 = 10
\]

\[
\begin{vmatrix} -1 & -5 \\ -4 & -1 \end{vmatrix} = (-1)(-1) - (-5)(-4) = 1 - 20 = -19
\]

\[
\begin{vmatrix} -1 & 0 \\ -4 & 2 \end{vmatrix} = (-1)(2) - (0)(-4) = -2
\]

Substitute back:

\[
\det(M_{14}) = -2(10) + 1(-19) - 3(-2) = -20 - 19 + 6 = -33
\]

Thus, \( C_{14} = -33 \).

### Final Calculation

Substitute the cofactors back into the determinant expansion:

\[
\det(A) = 0 \cdot C_{11} - 3 \cdot (-63) + 3 \cdot (-36) - 3 \cdot (-33)
\]

\[
= 0 + 189 - 108 + 99
\]

\[
= 180
\]

Thus, the determinant of matrix \( A \) is \(\boxed{180}\).",\det(A) = 0 \cdot C_{11} [-] 3 \cdot C_{12} + 3 \cdot,468,S1_exact
NC_4x4_det_252,Phi-4,determinant,4,Alternating_Drift,det,failure,\det(A) = 422,-,+,3577,"<|im_start|>system<|im_sep|>You are a precise mathematical assistant. Show all computation steps clearly. Always put your final numerical answer inside \boxed{}.<|im_end|><|im_start|>user<|im_sep|>Solve this linear algebra problem. Show your work and give the final answer.

Find the determinant of the 4×4 matrix A.

A = \begin{bmatrix} 3 & 2 & 5 & 4 \\ -5 & 2 & 5 & 5 \\ 4 & -5 & -1 & -1 \\ 4 & 2 & -4 & -2 \end{bmatrix}

<|im_end|><|im_start|>assistant<|im_sep|>To find the determinant of the \(4 \times 4\) matrix \(A\), we can use cofactor expansion along the first row. The matrix \(A\) is given by:

\[
A = \begin{bmatrix} 
3 & 2 & 5 & 4 \\ 
-5 & 2 & 5 & 5 \\ 
4 & -5 & -1 & -1 \\ 
4 & 2 & -4 & -2 
\end{bmatrix}
\]

The determinant of \(A\), denoted as \(\det(A)\), can be expanded along the first row:

\[
\det(A) = 3 \cdot C_{11} - 2 \cdot C_{12} + 5 \cdot C_{13} - 4 \cdot C_{14}
\]

where \(C_{ij}\) is the cofactor of the element \(a_{ij}\), defined as:

\[
C_{ij} = (-1)^{i+j} \det(M_{ij})
\]

and \(M_{ij}\) is the \((n-1) \times (n-1)\) submatrix obtained by deleting the \(i\)-th row and \(j\)-th column from \(A\).

### Step 1: Calculate \(C_{11}\)

The submatrix \(M_{11}\) is:

\[
M_{11} = \begin{bmatrix} 
2 & 5 & 5 \\ 
-5 & -1 & -1 \\ 
2 & -4 & -2 
\end{bmatrix}
\]

The determinant of \(M_{11}\) is:

\[
\det(M_{11}) = 2 \begin{vmatrix} -1 & -1 \\ -4 & -2 \end{vmatrix} - 5 \begin{vmatrix} -5 & -1 \\ 2 & -2 \end{vmatrix} + 5 \begin{vmatrix} -5 & -1 \\ 2 & -4 \end{vmatrix}
\]

Calculating each \(2 \times 2\) determinant:

\[
\begin{vmatrix} -1 & -1 \\ -4 & -2 \end{vmatrix} = (-1)(-2) - (-1)(-4) = 2 - 4 = -2
\]

\[
\begin{vmatrix} -5 & -1 \\ 2 & -2 \end{vmatrix} = (-5)(-2) - (-1)(2) = 10 + 2 = 12
\]

\[
\begin{vmatrix} -5 & -1 \\ 2 & -4 \end{vmatrix} = (-5)(-4) - (-1)(2) = 20 + 2 = 22
\]

Substituting back:

\[
\det(M_{11}) = 2(-2) - 5(12) + 5(22) = -4 - 60 + 110 = 46
\]

Thus, \(C_{11} = (-1)^{1+1} \cdot 46 = 46\).

### Step 2: Calculate \(C_{12}\)

The submatrix \(M_{12}\) is:

\[
M_{12} = \begin{bmatrix} 
-5 & 5 & 5 \\ 
4 & -1 & -1 \\ 
4 & -4 & -2 
\end{bmatrix}
\]

The determinant of \(M_{12}\) is:

\[
\det(M_{12}) = -5 \begin{vmatrix} -1 & -1 \\ -4 & -2 \end{vmatrix} - 5 \begin{vmatrix} 4 & -1 \\ 4 & -2 \end{vmatrix} + 5 \begin{vmatrix} 4 & -1 \\ 4 & -4 \end{vmatrix}
\]

Calculating each \(2 \times 2\) determinant:

\[
\begin{vmatrix} -1 & -1 \\ -4 & -2 \end{vmatrix} = -2 \quad \text{(already calculated)}
\]

\[
\begin{vmatrix} 4 & -1 \\ 4 & -2 \end{vmatrix} = (4)(-2) - (-1)(4) = -8 + 4 = -4
\]

\[
\begin{vmatrix} 4 & -1 \\ 4 & -4 \end{vmatrix} = (4)(-4) - (-1)(4) = -16 + 4 = -12
\]

Substituting back:

\[
\det(M_{12}) = -5(-2) - 5(-4) + 5(-12) = 10 + 20 - 60 = -30
\]

Thus, \(C_{12} = (-1)^{1+2} \cdot (-30) = 30\).

### Step 3: Calculate \(C_{13}\)

The submatrix \(M_{13}\) is:

\[
M_{13} = \begin{bmatrix} 
-5 & 2 & 5 \\ 
4 & -5 & -1 \\ 
4 & 2 & -2 
\end{bmatrix}
\]

The determinant of \(M_{13}\) is:

\[
\det(M_{13}) = -5 \begin{vmatrix} -5 & -1 \\ 2 & -2 \end{vmatrix} - 2 \begin{vmatrix} 4 & -1 \\ 4 & -2 \end{vmatrix} + 5 \begin{vmatrix} 4 & -5 \\ 4 & 2 \end{vmatrix}
\]

Calculating each \(2 \times 2\) determinant:

\[
\begin{vmatrix} -5 & -1 \\ 2 & -2 \end{vmatrix} = 12 \quad \text{(already calculated)}
\]

\[
\begin{vmatrix} 4 & -1 \\ 4 & -2 \end{vmatrix} = -4 \quad \text{(already calculated)}
\]

\[
\begin{vmatrix} 4 & -5 \\ 4 & 2 \end{vmatrix} = (4)(2) - (-5)(4) = 8 + 20 = 28
\]

Substituting back:

\[
\det(M_{13}) = -5(12) - 2(-4) + 5(28) = -60 + 8 + 140 = 88
\]

Thus, \(C_{13} = (-1)^{1+3} \cdot 88 = -88\).

### Step 4: Calculate \(C_{14}\)

The submatrix \(M_{14}\) is:

\[
M_{14} = \begin{bmatrix} 
-5 & 2 & 5 \\ 
4 & -5 & -1 \\ 
4 & 2 & -4 
\end{bmatrix}
\]

The determinant of \(M_{14}\) is:

\[
\det(M_{14}) = -5 \begin{vmatrix} -5 & -1 \\ 2 & -4 \end{vmatrix} - 2 \begin{vmatrix} 4 & -1 \\ 4 & -4 \end{vmatrix} + 5 \begin{vmatrix} 4 & -5 \\ 4 & 2 \end{vmatrix}
\]

Calculating each \(2 \times 2\) determinant:

\[
\begin{vmatrix} -5 & -1 \\ 2 & -4 \end{vmatrix} = 22 \quad \text{(already calculated)}
\]

\[
\begin{vmatrix} 4 & -1 \\ 4 & -4 \end{vmatrix} = -12 \quad \text{(already calculated)}
\]

\[
\begin{vmatrix} 4 & -5 \\ 4 & 2 \end{vmatrix} = 28 \quad \text{(already calculated)}
\]

Substituting back:

\[
\det(M_{14}) = -5(22) - 2(-12) + 5(28) = -110 + 24 + 140 = 54
\]

Thus, \(C_{14} = (-1)^{1+4} \cdot 54 = 54\).

### Final Calculation

Substitute the cofactors back into the determinant expansion:

\[
\det(A) = 3 \cdot 46 - 2 \cdot 30 + 5 \cdot (-88) - 4 \cdot 54
\]

Calculate each term:

\[
3 \cdot 46 = 138
\]

\[
2 \cdot 30 = 60
\]

\[
5 \cdot (-88) = -440
\]

\[
4 \cdot 54 = 216
\]

Substitute back:

\[
\det(A) = 138 - 60 - 440 - 216 = 138 - 60 - 440 - 216 = -578
\]

Thus, the determinant of matrix \(A\) is:

\[
\boxed{-578}
\]","To find the determinant of the \(4 \times 4\) matrix \(A\), we can use cofactor expansion along the first row. The matrix \(A\) is given by:

\[
A = \begin{bmatrix} 
3 & 2 & 5 & 4 \\ 
-5 & 2 & 5 & 5 \\ 
4 & -5 & -1 & -1 \\ 
4 & 2 & -4 & -2 
\end{bmatrix}
\]

The determinant of \(A\), denoted as \(\det(A)\), can be expanded along the first row:

\[
\det(A) = 3 \cdot C_{11} - 2 \cdot C_{12} + 5 \cdot C_{13} - 4 \cdot C_{14}
\]

where \(C_{ij}\) is the cofactor of the element \(a_{ij}\), defined as:

\[
C_{ij} = (-1)^{i+j} \det(M_{ij})
\]

and \(M_{ij}\) is the \((n-1) \times (n-1)\) submatrix obtained by deleting the \(i\)-th row and \(j\)-th column from \(A\).

### Step 1: Calculate \(C_{11}\)

The submatrix \(M_{11}\) is:

\[
M_{11} = \begin{bmatrix} 
2 & 5 & 5 \\ 
-5 & -1 & -1 \\ 
2 & -4 & -2 
\end{bmatrix}
\]

The determinant of \(M_{11}\) is:

\[
\det(M_{11}) = 2 \begin{vmatrix} -1 & -1 \\ -4 & -2 \end{vmatrix} - 5 \begin{vmatrix} -5 & -1 \\ 2 & -2 \end{vmatrix} + 5 \begin{vmatrix} -5 & -1 \\ 2 & -4 \end{vmatrix}
\]

Calculating each \(2 \times 2\) determinant:

\[
\begin{vmatrix} -1 & -1 \\ -4 & -2 \end{vmatrix} = (-1)(-2) - (-1)(-4) = 2 - 4 = -2
\]

\[
\begin{vmatrix} -5 & -1 \\ 2 & -2 \end{vmatrix} = (-5)(-2) - (-1)(2) = 10 + 2 = 12
\]

\[
\begin{vmatrix} -5 & -1 \\ 2 & -4 \end{vmatrix} = (-5)(-4) - (-1)(2) = 20 + 2 = 22
\]

Substituting back:

\[
\det(M_{11}) = 2(-2) - 5(12) + 5(22) = -4 - 60 + 110 = 46
\]

Thus, \(C_{11} = (-1)^{1+1} \cdot 46 = 46\).

### Step 2: Calculate \(C_{12}\)

The submatrix \(M_{12}\) is:

\[
M_{12} = \begin{bmatrix} 
-5 & 5 & 5 \\ 
4 & -1 & -1 \\ 
4 & -4 & -2 
\end{bmatrix}
\]

The determinant of \(M_{12}\) is:

\[
\det(M_{12}) = -5 \begin{vmatrix} -1 & -1 \\ -4 & -2 \end{vmatrix} - 5 \begin{vmatrix} 4 & -1 \\ 4 & -2 \end{vmatrix} + 5 \begin{vmatrix} 4 & -1 \\ 4 & -4 \end{vmatrix}
\]

Calculating each \(2 \times 2\) determinant:

\[
\begin{vmatrix} -1 & -1 \\ -4 & -2 \end{vmatrix} = -2 \quad \text{(already calculated)}
\]

\[
\begin{vmatrix} 4 & -1 \\ 4 & -2 \end{vmatrix} = (4)(-2) - (-1)(4) = -8 + 4 = -4
\]

\[
\begin{vmatrix} 4 & -1 \\ 4 & -4 \end{vmatrix} = (4)(-4) - (-1)(4) = -16 + 4 = -12
\]

Substituting back:

\[
\det(M_{12}) = -5(-2) - 5(-4) + 5(-12) = 10 + 20 - 60 = -30
\]

Thus, \(C_{12} = (-1)^{1+2} \cdot (-30) = 30\).

### Step 3: Calculate \(C_{13}\)

The submatrix \(M_{13}\) is:

\[
M_{13} = \begin{bmatrix} 
-5 & 2 & 5 \\ 
4 & -5 & -1 \\ 
4 & 2 & -2 
\end{bmatrix}
\]

The determinant of \(M_{13}\) is:

\[
\det(M_{13}) = -5 \begin{vmatrix} -5 & -1 \\ 2 & -2 \end{vmatrix} - 2 \begin{vmatrix} 4 & -1 \\ 4 & -2 \end{vmatrix} + 5 \begin{vmatrix} 4 & -5 \\ 4 & 2 \end{vmatrix}
\]

Calculating each \(2 \times 2\) determinant:

\[
\begin{vmatrix} -5 & -1 \\ 2 & -2 \end{vmatrix} = 12 \quad \text{(already calculated)}
\]

\[
\begin{vmatrix} 4 & -1 \\ 4 & -2 \end{vmatrix} = -4 \quad \text{(already calculated)}
\]

\[
\begin{vmatrix} 4 & -5 \\ 4 & 2 \end{vmatrix} = (4)(2) - (-5)(4) = 8 + 20 = 28
\]

Substituting back:

\[
\det(M_{13}) = -5(12) - 2(-4) + 5(28) = -60 + 8 + 140 = 88
\]

Thus, \(C_{13} = (-1)^{1+3} \cdot 88 = -88\).

### Step 4: Calculate \(C_{14}\)

The submatrix \(M_{14}\) is:

\[
M_{14} = \begin{bmatrix} 
-5 & 2 & 5 \\ 
4 & -5 & -1 \\ 
4 & 2 & -4 
\end{bmatrix}
\]

The determinant of \(M_{14}\) is:

\[
\det(M_{14}) = -5 \begin{vmatrix} -5 & -1 \\ 2 & -4 \end{vmatrix} - 2 \begin{vmatrix} 4 & -1 \\ 4 & -4 \end{vmatrix} + 5 \begin{vmatrix} 4 & -5 \\ 4 & 2 \end{vmatrix}
\]

Calculating each \(2 \times 2\) determinant:

\[
\begin{vmatrix} -5 & -1 \\ 2 & -4 \end{vmatrix} = 22 \quad \text{(already calculated)}
\]

\[
\begin{vmatrix} 4 & -1 \\ 4 & -4 \end{vmatrix} = -12 \quad \text{(already calculated)}
\]

\[
\begin{vmatrix} 4 & -5 \\ 4 & 2 \end{vmatrix} = 28 \quad \text{(already calculated)}
\]

Substituting back:

\[
\det(M_{14}) = -5(22) - 2(-12) + 5(28) = -110 + 24 + 140 = 54
\]

Thus, \(C_{14} = (-1)^{1+4} \cdot 54 = 54\).

### Final Calculation

Substitute the cofactors back into the determinant expansion:

\[
\det(A) = 3 \cdot 46 - 2 \cdot 30 + 5 \cdot (-88) - 4 \cdot 54
\]

Calculate each term:

\[
3 \cdot 46 = 138
\]

\[
2 \cdot 30 = 60
\]

\[
5 \cdot (-88) = -440
\]

\[
4 \cdot 54 = 216
\]

Substitute back:

\[
\det(A) = 138 - 60 - 440 - 216 = 138 - 60 - 440 - 216 = -578
\]

Thus, the determinant of matrix \(A\) is:

\[
\boxed{-578}
\]"," = (-1)^{1+3} \cdot 88 = [-]88\).

### Step 4: Calcul",465,S1_exact
NC_4x4_det_1820,Phi-4,determinant,4,Alternating_Drift,det,failure,\det(A) = -594,-,+,4146,"<|im_start|>system<|im_sep|>You are a precise mathematical assistant. Show all computation steps clearly. Always put your final numerical answer inside \boxed{}.<|im_end|><|im_start|>user<|im_sep|>Solve this linear algebra problem. Show your work and give the final answer.

Find the determinant of the 4×4 matrix A.

A = \begin{bmatrix} -1 & 4 & 5 & -3 \\ -4 & -4 & 0 & -3 \\ 3 & -5 & 0 & 1 \\ -5 & 3 & -2 & -5 \end{bmatrix}

<|im_end|><|im_start|>assistant<|im_sep|>To find the determinant of the \(4 \times 4\) matrix \( A \), we can use cofactor expansion along the first row. The matrix \( A \) is:

\[
A = \begin{bmatrix} 
-1 & 4 & 5 & -3 \\ 
-4 & -4 & 0 & -3 \\ 
3 & -5 & 0 & 1 \\ 
-5 & 3 & -2 & -5 
\end{bmatrix}
\]

The determinant of \( A \), denoted as \(\det(A)\), is given by:

\[
\det(A) = \sum_{j=1}^{4} a_{1j} C_{1j}
\]

where \( a_{1j} \) are the elements of the first row, and \( C_{1j} \) are the corresponding cofactors. The cofactor \( C_{1j} \) is calculated as:

\[
C_{1j} = (-1)^{1+j} \det(M_{1j})
\]

where \( M_{1j} \) is the \(3 \times 3\) minor matrix obtained by deleting the first row and \(j\)-th column.

Let's compute each term:

### Term 1: \( a_{11} = -1 \)

The minor \( M_{11} \) is:

\[
M_{11} = \begin{bmatrix} 
-4 & 0 & -3 \\ 
-5 & 0 & 1 \\ 
3 & -2 & -5 
\end{bmatrix}
\]

The determinant of \( M_{11} \) is:

\[
\det(M_{11}) = (-4) \begin{vmatrix} 0 & 1 \\ -2 & -5 \end{vmatrix} - 0 \begin{vmatrix} -5 & 1 \\ 3 & -5 \end{vmatrix} + (-3) \begin{vmatrix} -5 & 0 \\ 3 & -2 \end{vmatrix}
\]

Calculating the \(2 \times 2\) determinants:

\[
\begin{vmatrix} 0 & 1 \\ -2 & -5 \end{vmatrix} = (0)(-5) - (1)(-2) = 2
\]

\[
\begin{vmatrix} -5 & 0 \\ 3 & -2 \end{vmatrix} = (-5)(-2) - (0)(3) = 10
\]

Thus:

\[
\det(M_{11}) = (-4)(2) + 0 + (-3)(10) = -8 - 30 = -38
\]

The cofactor \( C_{11} \) is:

\[
C_{11} = (-1)^{1+1} \det(M_{11}) = 1 \times (-38) = -38
\]

### Term 2: \( a_{12} = 4 \)

The minor \( M_{12} \) is:

\[
M_{12} = \begin{bmatrix} 
-4 & 0 & -3 \\ 
3 & 0 & 1 \\ 
-5 & -2 & -5 
\end{bmatrix}
\]

The determinant of \( M_{12} \) is:

\[
\det(M_{12}) = (-4) \begin{vmatrix} 0 & 1 \\ -2 & -5 \end{vmatrix} - 0 \begin{vmatrix} 3 & 1 \\ -5 & -5 \end{vmatrix} + (-3) \begin{vmatrix} 3 & 0 \\ -5 & -2 \end{vmatrix}
\]

We already calculated:

\[
\begin{vmatrix} 0 & 1 \\ -2 & -5 \end{vmatrix} = 2
\]

Calculating the new \(2 \times 2\) determinant:

\[
\begin{vmatrix} 3 & 0 \\ -5 & -2 \end{vmatrix} = (3)(-2) - (0)(-5) = -6
\]

Thus:

\[
\det(M_{12}) = (-4)(2) + 0 + (-3)(-6) = -8 + 18 = 10
\]

The cofactor \( C_{12} \) is:

\[
C_{12} = (-1)^{1+2} \det(M_{12}) = -1 \times 10 = -10
\]

### Term 3: \( a_{13} = 5 \)

The minor \( M_{13} \) is:

\[
M_{13} = \begin{bmatrix} 
-4 & -4 & -3 \\ 
3 & -5 & 1 \\ 
-5 & 3 & -5 
\end{bmatrix}
\]

The determinant of \( M_{13} \) is:

\[
\det(M_{13}) = (-4) \begin{vmatrix} -5 & 1 \\ 3 & -5 \end{vmatrix} - (-4) \begin{vmatrix} 3 & 1 \\ -5 & -5 \end{vmatrix} + (-3) \begin{vmatrix} 3 & -5 \\ -5 & 3 \end{vmatrix}
\]

Calculating the \(2 \times 2\) determinants:

\[
\begin{vmatrix} -5 & 1 \\ 3 & -5 \end{vmatrix} = (-5)(-5) - (1)(3) = 25 - 3 = 22
\]

\[
\begin{vmatrix} 3 & 1 \\ -5 & -5 \end{vmatrix} = (3)(-5) - (1)(-5) = -15 + 5 = -10
\]

\[
\begin{vmatrix} 3 & -5 \\ -5 & 3 \end{vmatrix} = (3)(3) - (-5)(-5) = 9 - 25 = -16
\]

Thus:

\[
\det(M_{13}) = (-4)(22) + 4(-10) + (-3)(-16) = -88 - 40 + 48 = -80
\]

The cofactor \( C_{13} \) is:

\[
C_{13} = (-1)^{1+3} \det(M_{13}) = 1 \times (-80) = -80
\]

### Term 4: \( a_{14} = -3 \)

The minor \( M_{14} \) is:

\[
M_{14} = \begin{bmatrix} 
-4 & -4 & 0 \\ 
3 & -5 & 0 \\ 
-5 & 3 & -2 
\end{bmatrix}
\]

The determinant of \( M_{14} \) is:

\[
\det(M_{14}) = (-4) \begin{vmatrix} -5 & 0 \\ 3 & -2 \end{vmatrix} - (-4) \begin{vmatrix} 3 & 0 \\ -5 & -2 \end{vmatrix} + 0 \begin{vmatrix} 3 & -5 \\ -5 & 3 \end{vmatrix}
\]

We already calculated:

\[
\begin{vmatrix} -5 & 0 \\ 3 & -2 \end{vmatrix} = 10
\]

\[
\begin{vmatrix} 3 & 0 \\ -5 & -2 \end{vmatrix} = -6
\]

Thus:

\[
\det(M_{14}) = (-4)(10) + 4(-6) + 0 = -40 - 24 = -64
\]

The cofactor \( C_{14} \) is:

\[
C_{14} = (-1)^{1+4} \det(M_{14}) = 1 \times (-64) = -64
\]

### Final Calculation

Now, substitute back into the determinant formula:

\[
\det(A) = (-1)(-38) + 4(-10) + 5(-80) + (-3)(-64)
\]

\[
= 38 - 40 - 400 + 192
\]

\[
= 38 - 40 - 400 + 192 = -210
\]

Thus, the determinant of matrix \( A \) is:

\[
\boxed{-210}
\]","To find the determinant of the \(4 \times 4\) matrix \( A \), we can use cofactor expansion along the first row. The matrix \( A \) is:

\[
A = \begin{bmatrix} 
-1 & 4 & 5 & -3 \\ 
-4 & -4 & 0 & -3 \\ 
3 & -5 & 0 & 1 \\ 
-5 & 3 & -2 & -5 
\end{bmatrix}
\]

The determinant of \( A \), denoted as \(\det(A)\), is given by:

\[
\det(A) = \sum_{j=1}^{4} a_{1j} C_{1j}
\]

where \( a_{1j} \) are the elements of the first row, and \( C_{1j} \) are the corresponding cofactors. The cofactor \( C_{1j} \) is calculated as:

\[
C_{1j} = (-1)^{1+j} \det(M_{1j})
\]

where \( M_{1j} \) is the \(3 \times 3\) minor matrix obtained by deleting the first row and \(j\)-th column.

Let's compute each term:

### Term 1: \( a_{11} = -1 \)

The minor \( M_{11} \) is:

\[
M_{11} = \begin{bmatrix} 
-4 & 0 & -3 \\ 
-5 & 0 & 1 \\ 
3 & -2 & -5 
\end{bmatrix}
\]

The determinant of \( M_{11} \) is:

\[
\det(M_{11}) = (-4) \begin{vmatrix} 0 & 1 \\ -2 & -5 \end{vmatrix} - 0 \begin{vmatrix} -5 & 1 \\ 3 & -5 \end{vmatrix} + (-3) \begin{vmatrix} -5 & 0 \\ 3 & -2 \end{vmatrix}
\]

Calculating the \(2 \times 2\) determinants:

\[
\begin{vmatrix} 0 & 1 \\ -2 & -5 \end{vmatrix} = (0)(-5) - (1)(-2) = 2
\]

\[
\begin{vmatrix} -5 & 0 \\ 3 & -2 \end{vmatrix} = (-5)(-2) - (0)(3) = 10
\]

Thus:

\[
\det(M_{11}) = (-4)(2) + 0 + (-3)(10) = -8 - 30 = -38
\]

The cofactor \( C_{11} \) is:

\[
C_{11} = (-1)^{1+1} \det(M_{11}) = 1 \times (-38) = -38
\]

### Term 2: \( a_{12} = 4 \)

The minor \( M_{12} \) is:

\[
M_{12} = \begin{bmatrix} 
-4 & 0 & -3 \\ 
3 & 0 & 1 \\ 
-5 & -2 & -5 
\end{bmatrix}
\]

The determinant of \( M_{12} \) is:

\[
\det(M_{12}) = (-4) \begin{vmatrix} 0 & 1 \\ -2 & -5 \end{vmatrix} - 0 \begin{vmatrix} 3 & 1 \\ -5 & -5 \end{vmatrix} + (-3) \begin{vmatrix} 3 & 0 \\ -5 & -2 \end{vmatrix}
\]

We already calculated:

\[
\begin{vmatrix} 0 & 1 \\ -2 & -5 \end{vmatrix} = 2
\]

Calculating the new \(2 \times 2\) determinant:

\[
\begin{vmatrix} 3 & 0 \\ -5 & -2 \end{vmatrix} = (3)(-2) - (0)(-5) = -6
\]

Thus:

\[
\det(M_{12}) = (-4)(2) + 0 + (-3)(-6) = -8 + 18 = 10
\]

The cofactor \( C_{12} \) is:

\[
C_{12} = (-1)^{1+2} \det(M_{12}) = -1 \times 10 = -10
\]

### Term 3: \( a_{13} = 5 \)

The minor \( M_{13} \) is:

\[
M_{13} = \begin{bmatrix} 
-4 & -4 & -3 \\ 
3 & -5 & 1 \\ 
-5 & 3 & -5 
\end{bmatrix}
\]

The determinant of \( M_{13} \) is:

\[
\det(M_{13}) = (-4) \begin{vmatrix} -5 & 1 \\ 3 & -5 \end{vmatrix} - (-4) \begin{vmatrix} 3 & 1 \\ -5 & -5 \end{vmatrix} + (-3) \begin{vmatrix} 3 & -5 \\ -5 & 3 \end{vmatrix}
\]

Calculating the \(2 \times 2\) determinants:

\[
\begin{vmatrix} -5 & 1 \\ 3 & -5 \end{vmatrix} = (-5)(-5) - (1)(3) = 25 - 3 = 22
\]

\[
\begin{vmatrix} 3 & 1 \\ -5 & -5 \end{vmatrix} = (3)(-5) - (1)(-5) = -15 + 5 = -10
\]

\[
\begin{vmatrix} 3 & -5 \\ -5 & 3 \end{vmatrix} = (3)(3) - (-5)(-5) = 9 - 25 = -16
\]

Thus:

\[
\det(M_{13}) = (-4)(22) + 4(-10) + (-3)(-16) = -88 - 40 + 48 = -80
\]

The cofactor \( C_{13} \) is:

\[
C_{13} = (-1)^{1+3} \det(M_{13}) = 1 \times (-80) = -80
\]

### Term 4: \( a_{14} = -3 \)

The minor \( M_{14} \) is:

\[
M_{14} = \begin{bmatrix} 
-4 & -4 & 0 \\ 
3 & -5 & 0 \\ 
-5 & 3 & -2 
\end{bmatrix}
\]

The determinant of \( M_{14} \) is:

\[
\det(M_{14}) = (-4) \begin{vmatrix} -5 & 0 \\ 3 & -2 \end{vmatrix} - (-4) \begin{vmatrix} 3 & 0 \\ -5 & -2 \end{vmatrix} + 0 \begin{vmatrix} 3 & -5 \\ -5 & 3 \end{vmatrix}
\]

We already calculated:

\[
\begin{vmatrix} -5 & 0 \\ 3 & -2 \end{vmatrix} = 10
\]

\[
\begin{vmatrix} 3 & 0 \\ -5 & -2 \end{vmatrix} = -6
\]

Thus:

\[
\det(M_{14}) = (-4)(10) + 4(-6) + 0 = -40 - 24 = -64
\]

The cofactor \( C_{14} \) is:

\[
C_{14} = (-1)^{1+4} \det(M_{14}) = 1 \times (-64) = -64
\]

### Final Calculation

Now, substitute back into the determinant formula:

\[
\det(A) = (-1)(-38) + 4(-10) + 5(-80) + (-3)(-64)
\]

\[
= 38 - 40 - 400 + 192
\]

\[
= 38 - 40 - 400 + 192 = -210
\]

Thus, the determinant of matrix \( A \) is:

\[
\boxed{-210}
\]","{14}) = 1 \times (-64) = [-]64
\]

### Final Calculat",468,S1_exact
NC_4x4_det_0931,Phi-4,determinant,4,Alternating_Drift,det,failure,\det(A) = -207,-,+,887,"<|im_start|>system<|im_sep|>You are a precise mathematical assistant. Show all computation steps clearly. Always put your final numerical answer inside \boxed{}.<|im_end|><|im_start|>user<|im_sep|>Solve this linear algebra problem. Show your work and give the final answer.

Find the determinant of the 4×4 matrix A.

A = \begin{bmatrix} -5 & 2 & -1 & -3 \\ 2 & 2 & -3 & 2 \\ -3 & -2 & -1 & 2 \\ -5 & -3 & -3 & 1 \end{bmatrix}

<|im_end|><|im_start|>assistant<|im_sep|>To find the determinant of the \(4 \times 4\) matrix \( A \), we can use cofactor expansion along the first row. The matrix \( A \) is:

\[
A = \begin{bmatrix} 
-5 & 2 & -1 & -3 \\ 
2 & 2 & -3 & 2 \\ 
-3 & -2 & -1 & 2 \\ 
-5 & -3 & -3 & 1 
\end{bmatrix}
\]

The determinant of \( A \), denoted as \(\det(A)\), is calculated as follows:

\[
\det(A) = -5 \cdot \det(A_{11}) - 2 \cdot \det(A_{12}) - 1 \cdot \det(A_{13}) - 3 \cdot \det(A_{14})
\]

where \( A_{ij} \) is the \((i,j)\)-minor of \( A \), obtained by deleting the \(i\)-th row and \(j\)-th column.

### Step 1: Calculate \(\det(A_{11})\)

The minor \( A_{11} \) is:

\[
A_{11} = \begin{bmatrix} 
2 & -3 & 2 \\ 
-2 & -1 & 2 \\ 
-3 & -3 & 1 
\end{bmatrix}
\]

The determinant of \( A_{11} \) is:

\[
\det(A_{11}) = 2 \begin{vmatrix} -1 & 2 \\ -3 & 1 \end{vmatrix} - (-3) \begin{vmatrix} -2 & 2 \\ -3 & 1 \end{vmatrix} + 2 \begin{vmatrix} -2 & -1 \\ -3 & -3 \end{vmatrix}
\]

Calculating each \(2 \times 2\) determinant:

\[
\begin{vmatrix} -1 & 2 \\ -3 & 1 \end{vmatrix} = (-1)(1) - (2)(-3) = -1 + 6 = 5
\]

\[
\begin{vmatrix} -2 & 2 \\ -3 & 1 \end{vmatrix} = (-2)(1) - (2)(-3) = -2 + 6 = 4
\]

\[
\begin{vmatrix} -2 & -1 \\ -3 & -3 \end{vmatrix} = (-2)(-3) - (-1)(-3) = 6 - 3 = 3
\]

Substitute back:

\[
\det(A_{11}) = 2(5) + 3(4) + 2(3) = 10 + 12 + 6 = 28
\]

### Step 2: Calculate \(\det(A_{12})\)

The minor \( A_{12} \) is:

\[
A_{12} = \begin{bmatrix} 
2 & -3 & 2 \\ 
-3 & -1 & 2 \\ 
-5 & -3 & 1 
\end{bmatrix}
\]

The determinant of \( A_{12} \) is:

\[
\det(A_{12}) = 2 \begin{vmatrix} -1 & 2 \\ -3 & 1 \end{vmatrix} - (-3) \begin{vmatrix} -3 & 2 \\ -5 & 1 \end{vmatrix} + 2 \begin{vmatrix} -3 & -1 \\ -5 & -3 \end{vmatrix}
\]

We already calculated \(\begin{vmatrix} -1 & 2 \\ -3 & 1 \end{vmatrix} = 5\).

Calculate the remaining \(2 \times 2\) determinants:

\[
\begin{vmatrix} -3 & 2 \\ -5 & 1 \end{vmatrix} = (-3)(1) - (2)(-5) = -3 + 10 = 7
\]

\[
\begin{vmatrix} -3 & -1 \\ -5 & -3 \end{vmatrix} = (-3)(-3) - (-1)(-5) = 9 - 5 = 4
\]

Substitute back:

\[
\det(A_{12}) = 2(5) + 3(7) + 2(4) = 10 + 21 + 8 = 39
\]

### Step 3: Calculate \(\det(A_{13})\)

The minor \( A_{13} \) is:

\[
A_{13} = \begin{bmatrix} 
2 & 2 & 2 \\ 
-3 & -2 & 2 \\ 
-5 & -3 & 1 
\end{bmatrix}
\]

The determinant of \( A_{13} \) is:

\[
\det(A_{13}) = 2 \begin{vmatrix} -2 & 2 \\ -3 & 1 \end{vmatrix} - 2 \begin{vmatrix} -3 & 2 \\ -5 & 1 \end{vmatrix} + 2 \begin{vmatrix} -3 & -2 \\ -5 & -3 \end{vmatrix}
\]

We already calculated \(\begin{vmatrix} -2 & 2 \\ -3 & 1 \end{vmatrix} = 4\) and \(\begin{vmatrix} -3 & 2 \\ -5 & 1 \end{vmatrix} = 7\).

Calculate the remaining \(2 \times 2\) determinant:

\[
\begin{vmatrix} -3 & -2 \\ -5 & -3 \end{vmatrix} = (-3)(-3) - (-2)(-5) = 9 - 10 = -1
\]

Substitute back:

\[
\det(A_{13}) = 2(4) - 2(7) + 2(-1) = 8 - 14 - 2 = -8
\]

### Step 4: Calculate \(\det(A_{14})\)

The minor \( A_{14} \) is:

\[
A_{14} = \begin{bmatrix} 
2 & 2 & -3 \\ 
-3 & -2 & -1 \\ 
-5 & -3 & -3 
\end{bmatrix}
\]

The determinant of \( A_{14} \) is:

\[
\det(A_{14}) = 2 \begin{vmatrix} -2 & -1 \\ -3 & -3 \end{vmatrix} - 2 \begin{vmatrix} -3 & -1 \\ -5 & -3 \end{vmatrix} - 3 \begin{vmatrix} -3 & -2 \\ -5 & -3 \end{vmatrix}
\]

We already calculated \(\begin{vmatrix} -2 & -1 \\ -3 & -3 \end{vmatrix} = 3\), \(\begin{vmatrix} -3 & -1 \\ -5 & -3 \end{vmatrix} = 4\), and \(\begin{vmatrix} -3 & -2 \\ -5 & -3 \end{vmatrix} = -1\).

Substitute back:

\[
\det(A_{14}) = 2(3) - 2(4) - 3(-1) = 6 - 8 + 3 = 1
\]

### Final Calculation

Substitute all the determinants back into the original expression for \(\det(A)\):

\[
\det(A) = -5(28) - 2(39) - 1(-8) - 3(1)
\]

Calculate each term:

\[
-5(28) = -140
\]
\[
-2(39) = -78
\]
\[
-1(-8) = 8
\]
\[
-3(1) = -3
\]

Add them together:

\[
\det(A) = -140 - 78 + 8 - 3 = -213
\]

Thus, the determinant of the matrix \( A \) is \(\boxed{-213}\).","To find the determinant of the \(4 \times 4\) matrix \( A \), we can use cofactor expansion along the first row. The matrix \( A \) is:

\[
A = \begin{bmatrix} 
-5 & 2 & -1 & -3 \\ 
2 & 2 & -3 & 2 \\ 
-3 & -2 & -1 & 2 \\ 
-5 & -3 & -3 & 1 
\end{bmatrix}
\]

The determinant of \( A \), denoted as \(\det(A)\), is calculated as follows:

\[
\det(A) = -5 \cdot \det(A_{11}) - 2 \cdot \det(A_{12}) - 1 \cdot \det(A_{13}) - 3 \cdot \det(A_{14})
\]

where \( A_{ij} \) is the \((i,j)\)-minor of \( A \), obtained by deleting the \(i\)-th row and \(j\)-th column.

### Step 1: Calculate \(\det(A_{11})\)

The minor \( A_{11} \) is:

\[
A_{11} = \begin{bmatrix} 
2 & -3 & 2 \\ 
-2 & -1 & 2 \\ 
-3 & -3 & 1 
\end{bmatrix}
\]

The determinant of \( A_{11} \) is:

\[
\det(A_{11}) = 2 \begin{vmatrix} -1 & 2 \\ -3 & 1 \end{vmatrix} - (-3) \begin{vmatrix} -2 & 2 \\ -3 & 1 \end{vmatrix} + 2 \begin{vmatrix} -2 & -1 \\ -3 & -3 \end{vmatrix}
\]

Calculating each \(2 \times 2\) determinant:

\[
\begin{vmatrix} -1 & 2 \\ -3 & 1 \end{vmatrix} = (-1)(1) - (2)(-3) = -1 + 6 = 5
\]

\[
\begin{vmatrix} -2 & 2 \\ -3 & 1 \end{vmatrix} = (-2)(1) - (2)(-3) = -2 + 6 = 4
\]

\[
\begin{vmatrix} -2 & -1 \\ -3 & -3 \end{vmatrix} = (-2)(-3) - (-1)(-3) = 6 - 3 = 3
\]

Substitute back:

\[
\det(A_{11}) = 2(5) + 3(4) + 2(3) = 10 + 12 + 6 = 28
\]

### Step 2: Calculate \(\det(A_{12})\)

The minor \( A_{12} \) is:

\[
A_{12} = \begin{bmatrix} 
2 & -3 & 2 \\ 
-3 & -1 & 2 \\ 
-5 & -3 & 1 
\end{bmatrix}
\]

The determinant of \( A_{12} \) is:

\[
\det(A_{12}) = 2 \begin{vmatrix} -1 & 2 \\ -3 & 1 \end{vmatrix} - (-3) \begin{vmatrix} -3 & 2 \\ -5 & 1 \end{vmatrix} + 2 \begin{vmatrix} -3 & -1 \\ -5 & -3 \end{vmatrix}
\]

We already calculated \(\begin{vmatrix} -1 & 2 \\ -3 & 1 \end{vmatrix} = 5\).

Calculate the remaining \(2 \times 2\) determinants:

\[
\begin{vmatrix} -3 & 2 \\ -5 & 1 \end{vmatrix} = (-3)(1) - (2)(-5) = -3 + 10 = 7
\]

\[
\begin{vmatrix} -3 & -1 \\ -5 & -3 \end{vmatrix} = (-3)(-3) - (-1)(-5) = 9 - 5 = 4
\]

Substitute back:

\[
\det(A_{12}) = 2(5) + 3(7) + 2(4) = 10 + 21 + 8 = 39
\]

### Step 3: Calculate \(\det(A_{13})\)

The minor \( A_{13} \) is:

\[
A_{13} = \begin{bmatrix} 
2 & 2 & 2 \\ 
-3 & -2 & 2 \\ 
-5 & -3 & 1 
\end{bmatrix}
\]

The determinant of \( A_{13} \) is:

\[
\det(A_{13}) = 2 \begin{vmatrix} -2 & 2 \\ -3 & 1 \end{vmatrix} - 2 \begin{vmatrix} -3 & 2 \\ -5 & 1 \end{vmatrix} + 2 \begin{vmatrix} -3 & -2 \\ -5 & -3 \end{vmatrix}
\]

We already calculated \(\begin{vmatrix} -2 & 2 \\ -3 & 1 \end{vmatrix} = 4\) and \(\begin{vmatrix} -3 & 2 \\ -5 & 1 \end{vmatrix} = 7\).

Calculate the remaining \(2 \times 2\) determinant:

\[
\begin{vmatrix} -3 & -2 \\ -5 & -3 \end{vmatrix} = (-3)(-3) - (-2)(-5) = 9 - 10 = -1
\]

Substitute back:

\[
\det(A_{13}) = 2(4) - 2(7) + 2(-1) = 8 - 14 - 2 = -8
\]

### Step 4: Calculate \(\det(A_{14})\)

The minor \( A_{14} \) is:

\[
A_{14} = \begin{bmatrix} 
2 & 2 & -3 \\ 
-3 & -2 & -1 \\ 
-5 & -3 & -3 
\end{bmatrix}
\]

The determinant of \( A_{14} \) is:

\[
\det(A_{14}) = 2 \begin{vmatrix} -2 & -1 \\ -3 & -3 \end{vmatrix} - 2 \begin{vmatrix} -3 & -1 \\ -5 & -3 \end{vmatrix} - 3 \begin{vmatrix} -3 & -2 \\ -5 & -3 \end{vmatrix}
\]

We already calculated \(\begin{vmatrix} -2 & -1 \\ -3 & -3 \end{vmatrix} = 3\), \(\begin{vmatrix} -3 & -1 \\ -5 & -3 \end{vmatrix} = 4\), and \(\begin{vmatrix} -3 & -2 \\ -5 & -3 \end{vmatrix} = -1\).

Substitute back:

\[
\det(A_{14}) = 2(3) - 2(4) - 3(-1) = 6 - 8 + 3 = 1
\]

### Final Calculation

Substitute all the determinants back into the original expression for \(\det(A)\):

\[
\det(A) = -5(28) - 2(39) - 1(-8) - 3(1)
\]

Calculate each term:

\[
-5(28) = -140
\]
\[
-2(39) = -78
\]
\[
-1(-8) = 8
\]
\[
-3(1) = -3
\]

Add them together:

\[
\det(A) = -140 - 78 + 8 - 3 = -213
\]

Thus, the determinant of the matrix \( A \) is \(\boxed{-213}\).",") - 1 \cdot \det(A_{13}) [-] 3 \cdot \det(A_{14})
\]
",469,S1_exact
NC_4x4_det_1244,Phi-4,determinant,4,Alternating_Drift,det,failure,\det(A) = -424,-,+,3519,"<|im_start|>system<|im_sep|>You are a precise mathematical assistant. Show all computation steps clearly. Always put your final numerical answer inside \boxed{}.<|im_end|><|im_start|>user<|im_sep|>Solve this linear algebra problem. Show your work and give the final answer.

Find the determinant of the 4×4 matrix A.

A = \begin{bmatrix} 1 & -4 & -4 & 4 \\ -2 & -5 & 5 & 1 \\ 5 & -1 & 0 & -1 \\ 1 & -3 & 1 & 3 \end{bmatrix}

<|im_end|><|im_start|>assistant<|im_sep|>To find the determinant of the \(4 \times 4\) matrix \( A \), we can use cofactor expansion along the first row. The matrix \( A \) is given by:

\[
A = \begin{bmatrix} 
1 & -4 & -4 & 4 \\ 
-2 & -5 & 5 & 1 \\ 
5 & -1 & 0 & -1 \\ 
1 & -3 & 1 & 3 
\end{bmatrix}
\]

The determinant of \( A \), denoted as \(\det(A)\), can be expanded along the first row:

\[
\det(A) = 1 \cdot C_{11} - 4 \cdot C_{12} - 4 \cdot C_{13} + 4 \cdot C_{14}
\]

where \( C_{ij} \) is the cofactor of the element in the \(i\)-th row and \(j\)-th column. The cofactor \( C_{ij} \) is given by:

\[
C_{ij} = (-1)^{i+j} \det(M_{ij})
\]

where \( M_{ij} \) is the \((n-1) \times (n-1)\) submatrix obtained by deleting the \(i\)-th row and \(j\)-th column from \( A \).

### Step 1: Calculate \( C_{11} \)

The submatrix \( M_{11} \) is:

\[
M_{11} = \begin{bmatrix} 
-5 & 5 & 1 \\ 
-1 & 0 & -1 \\ 
-3 & 1 & 3 
\end{bmatrix}
\]

The determinant of \( M_{11} \) is:

\[
\det(M_{11}) = (-5) \begin{vmatrix} 0 & -1 \\ 1 & 3 \end{vmatrix} - 5 \begin{vmatrix} -1 & -1 \\ -3 & 3 \end{vmatrix} + 1 \begin{vmatrix} -1 & 0 \\ -3 & 1 \end{vmatrix}
\]

Calculating each \(2 \times 2\) determinant:

\[
\begin{vmatrix} 0 & -1 \\ 1 & 3 \end{vmatrix} = (0)(3) - (-1)(1) = 1
\]

\[
\begin{vmatrix} -1 & -1 \\ -3 & 3 \end{vmatrix} = (-1)(3) - (-1)(-3) = -3 - 3 = -6
\]

\[
\begin{vmatrix} -1 & 0 \\ -3 & 1 \end{vmatrix} = (-1)(1) - (0)(-3) = -1
\]

Substituting back:

\[
\det(M_{11}) = (-5)(1) - 5(-6) + 1(-1) = -5 + 30 - 1 = 24
\]

Thus, \( C_{11} = (-1)^{1+1} \cdot 24 = 24 \).

### Step 2: Calculate \( C_{12} \)

The submatrix \( M_{12} \) is:

\[
M_{12} = \begin{bmatrix} 
-2 & 5 & 1 \\ 
5 & 0 & -1 \\ 
1 & 1 & 3 
\end{bmatrix}
\]

The determinant of \( M_{12} \) is:

\[
\det(M_{12}) = (-2) \begin{vmatrix} 0 & -1 \\ 1 & 3 \end{vmatrix} - 5 \begin{vmatrix} 5 & -1 \\ 1 & 3 \end{vmatrix} + 1 \begin{vmatrix} 5 & 0 \\ 1 & 1 \end{vmatrix}
\]

Calculating each \(2 \times 2\) determinant:

\[
\begin{vmatrix} 0 & -1 \\ 1 & 3 \end{vmatrix} = 1
\]

\[
\begin{vmatrix} 5 & -1 \\ 1 & 3 \end{vmatrix} = (5)(3) - (-1)(1) = 15 + 1 = 16
\]

\[
\begin{vmatrix} 5 & 0 \\ 1 & 1 \end{vmatrix} = (5)(1) - (0)(1) = 5
\]

Substituting back:

\[
\det(M_{12}) = (-2)(1) - 5(16) + 1(5) = -2 - 80 + 5 = -77
\]

Thus, \( C_{12} = (-1)^{1+2} \cdot (-77) = 77 \).

### Step 3: Calculate \( C_{13} \)

The submatrix \( M_{13} \) is:

\[
M_{13} = \begin{bmatrix} 
-2 & -5 & 1 \\ 
5 & -1 & -1 \\ 
1 & -3 & 3 
\end{bmatrix}
\]

The determinant of \( M_{13} \) is:

\[
\det(M_{13}) = (-2) \begin{vmatrix} -1 & -1 \\ -3 & 3 \end{vmatrix} + 5 \begin{vmatrix} 5 & -1 \\ 1 & 3 \end{vmatrix} + 1 \begin{vmatrix} 5 & -1 \\ 1 & -3 \end{vmatrix}
\]

Calculating each \(2 \times 2\) determinant:

\[
\begin{vmatrix} -1 & -1 \\ -3 & 3 \end{vmatrix} = -6
\]

\[
\begin{vmatrix} 5 & -1 \\ 1 & 3 \end{vmatrix} = 16
\]

\[
\begin{vmatrix} 5 & -1 \\ 1 & -3 \end{vmatrix} = (5)(-3) - (-1)(1) = -15 + 1 = -14
\]

Substituting back:

\[
\det(M_{13}) = (-2)(-6) + 5(16) + 1(-14) = 12 + 80 - 14 = 78
\]

Thus, \( C_{13} = (-1)^{1+3} \cdot 78 = -78 \).

### Step 4: Calculate \( C_{14} \)

The submatrix \( M_{14} \) is:

\[
M_{14} = \begin{bmatrix} 
-2 & -5 & 5 \\ 
5 & -1 & 0 \\ 
1 & -3 & 1 
\end{bmatrix}
\]

The determinant of \( M_{14} \) is:

\[
\det(M_{14}) = (-2) \begin{vmatrix} -1 & 0 \\ -3 & 1 \end{vmatrix} + 5 \begin{vmatrix} 5 & 0 \\ 1 & 1 \end{vmatrix} - 5 \begin{vmatrix} 5 & -1 \\ 1 & -3 \end{vmatrix}
\]

Calculating each \(2 \times 2\) determinant:

\[
\begin{vmatrix} -1 & 0 \\ -3 & 1 \end{vmatrix} = -1
\]

\[
\begin{vmatrix} 5 & 0 \\ 1 & 1 \end{vmatrix} = 5
\]

\[
\begin{vmatrix} 5 & -1 \\ 1 & -3 \end{vmatrix} = -14
\]

Substituting back:

\[
\det(M_{14}) = (-2)(-1) + 5(5) - 5(-14) = 2 + 25 + 70 = 97
\]

Thus, \( C_{14} = (-1)^{1+4} \cdot 97 = 97 \).

### Final Calculation

Substitute the cofactors back into the determinant expansion:

\[
\det(A) = 1 \cdot 24 - 4 \cdot 77 - 4 \cdot (-78) + 4 \cdot 97
\]

Calculate each term:

\[
= 24 - 308 + 312 + 388
\]

Combine the terms:

\[
= 24 + 312 + 388 - 308 = 416
\]

Thus, the determinant of matrix \( A \) is \(\boxed{416}\).","To find the determinant of the \(4 \times 4\) matrix \( A \), we can use cofactor expansion along the first row. The matrix \( A \) is given by:

\[
A = \begin{bmatrix} 
1 & -4 & -4 & 4 \\ 
-2 & -5 & 5 & 1 \\ 
5 & -1 & 0 & -1 \\ 
1 & -3 & 1 & 3 
\end{bmatrix}
\]

The determinant of \( A \), denoted as \(\det(A)\), can be expanded along the first row:

\[
\det(A) = 1 \cdot C_{11} - 4 \cdot C_{12} - 4 \cdot C_{13} + 4 \cdot C_{14}
\]

where \( C_{ij} \) is the cofactor of the element in the \(i\)-th row and \(j\)-th column. The cofactor \( C_{ij} \) is given by:

\[
C_{ij} = (-1)^{i+j} \det(M_{ij})
\]

where \( M_{ij} \) is the \((n-1) \times (n-1)\) submatrix obtained by deleting the \(i\)-th row and \(j\)-th column from \( A \).

### Step 1: Calculate \( C_{11} \)

The submatrix \( M_{11} \) is:

\[
M_{11} = \begin{bmatrix} 
-5 & 5 & 1 \\ 
-1 & 0 & -1 \\ 
-3 & 1 & 3 
\end{bmatrix}
\]

The determinant of \( M_{11} \) is:

\[
\det(M_{11}) = (-5) \begin{vmatrix} 0 & -1 \\ 1 & 3 \end{vmatrix} - 5 \begin{vmatrix} -1 & -1 \\ -3 & 3 \end{vmatrix} + 1 \begin{vmatrix} -1 & 0 \\ -3 & 1 \end{vmatrix}
\]

Calculating each \(2 \times 2\) determinant:

\[
\begin{vmatrix} 0 & -1 \\ 1 & 3 \end{vmatrix} = (0)(3) - (-1)(1) = 1
\]

\[
\begin{vmatrix} -1 & -1 \\ -3 & 3 \end{vmatrix} = (-1)(3) - (-1)(-3) = -3 - 3 = -6
\]

\[
\begin{vmatrix} -1 & 0 \\ -3 & 1 \end{vmatrix} = (-1)(1) - (0)(-3) = -1
\]

Substituting back:

\[
\det(M_{11}) = (-5)(1) - 5(-6) + 1(-1) = -5 + 30 - 1 = 24
\]

Thus, \( C_{11} = (-1)^{1+1} \cdot 24 = 24 \).

### Step 2: Calculate \( C_{12} \)

The submatrix \( M_{12} \) is:

\[
M_{12} = \begin{bmatrix} 
-2 & 5 & 1 \\ 
5 & 0 & -1 \\ 
1 & 1 & 3 
\end{bmatrix}
\]

The determinant of \( M_{12} \) is:

\[
\det(M_{12}) = (-2) \begin{vmatrix} 0 & -1 \\ 1 & 3 \end{vmatrix} - 5 \begin{vmatrix} 5 & -1 \\ 1 & 3 \end{vmatrix} + 1 \begin{vmatrix} 5 & 0 \\ 1 & 1 \end{vmatrix}
\]

Calculating each \(2 \times 2\) determinant:

\[
\begin{vmatrix} 0 & -1 \\ 1 & 3 \end{vmatrix} = 1
\]

\[
\begin{vmatrix} 5 & -1 \\ 1 & 3 \end{vmatrix} = (5)(3) - (-1)(1) = 15 + 1 = 16
\]

\[
\begin{vmatrix} 5 & 0 \\ 1 & 1 \end{vmatrix} = (5)(1) - (0)(1) = 5
\]

Substituting back:

\[
\det(M_{12}) = (-2)(1) - 5(16) + 1(5) = -2 - 80 + 5 = -77
\]

Thus, \( C_{12} = (-1)^{1+2} \cdot (-77) = 77 \).

### Step 3: Calculate \( C_{13} \)

The submatrix \( M_{13} \) is:

\[
M_{13} = \begin{bmatrix} 
-2 & -5 & 1 \\ 
5 & -1 & -1 \\ 
1 & -3 & 3 
\end{bmatrix}
\]

The determinant of \( M_{13} \) is:

\[
\det(M_{13}) = (-2) \begin{vmatrix} -1 & -1 \\ -3 & 3 \end{vmatrix} + 5 \begin{vmatrix} 5 & -1 \\ 1 & 3 \end{vmatrix} + 1 \begin{vmatrix} 5 & -1 \\ 1 & -3 \end{vmatrix}
\]

Calculating each \(2 \times 2\) determinant:

\[
\begin{vmatrix} -1 & -1 \\ -3 & 3 \end{vmatrix} = -6
\]

\[
\begin{vmatrix} 5 & -1 \\ 1 & 3 \end{vmatrix} = 16
\]

\[
\begin{vmatrix} 5 & -1 \\ 1 & -3 \end{vmatrix} = (5)(-3) - (-1)(1) = -15 + 1 = -14
\]

Substituting back:

\[
\det(M_{13}) = (-2)(-6) + 5(16) + 1(-14) = 12 + 80 - 14 = 78
\]

Thus, \( C_{13} = (-1)^{1+3} \cdot 78 = -78 \).

### Step 4: Calculate \( C_{14} \)

The submatrix \( M_{14} \) is:

\[
M_{14} = \begin{bmatrix} 
-2 & -5 & 5 \\ 
5 & -1 & 0 \\ 
1 & -3 & 1 
\end{bmatrix}
\]

The determinant of \( M_{14} \) is:

\[
\det(M_{14}) = (-2) \begin{vmatrix} -1 & 0 \\ -3 & 1 \end{vmatrix} + 5 \begin{vmatrix} 5 & 0 \\ 1 & 1 \end{vmatrix} - 5 \begin{vmatrix} 5 & -1 \\ 1 & -3 \end{vmatrix}
\]

Calculating each \(2 \times 2\) determinant:

\[
\begin{vmatrix} -1 & 0 \\ -3 & 1 \end{vmatrix} = -1
\]

\[
\begin{vmatrix} 5 & 0 \\ 1 & 1 \end{vmatrix} = 5
\]

\[
\begin{vmatrix} 5 & -1 \\ 1 & -3 \end{vmatrix} = -14
\]

Substituting back:

\[
\det(M_{14}) = (-2)(-1) + 5(5) - 5(-14) = 2 + 25 + 70 = 97
\]

Thus, \( C_{14} = (-1)^{1+4} \cdot 97 = 97 \).

### Final Calculation

Substitute the cofactors back into the determinant expansion:

\[
\det(A) = 1 \cdot 24 - 4 \cdot 77 - 4 \cdot (-78) + 4 \cdot 97
\]

Calculate each term:

\[
= 24 - 308 + 312 + 388
\]

Combine the terms:

\[
= 24 + 312 + 388 - 308 = 416
\]

Thus, the determinant of matrix \( A \) is \(\boxed{416}\)."," = (-1)^{1+3} \cdot 78 = [-]78 \).

### Step 4: Calcu",466,S1_exact
NC_4x4_det_1492,Phi-4,determinant,4,Parity_Sign_Error,det,failure,\det(A) = -592,-,+,2851,"<|im_start|>system<|im_sep|>You are a precise mathematical assistant. Show all computation steps clearly. Always put your final numerical answer inside \boxed{}.<|im_end|><|im_start|>user<|im_sep|>Solve this linear algebra problem. Show your work and give the final answer.

Find the determinant of the 4×4 matrix A.

A = \begin{bmatrix} -1 & 0 & -1 & -3 \\ -5 & -2 & 0 & 4 \\ -4 & -5 & 5 & -4 \\ -1 & -2 & -5 & -1 \end{bmatrix}

<|im_end|><|im_start|>assistant<|im_sep|>To find the determinant of the \(4 \times 4\) matrix \(A\), we will use cofactor expansion along the first row. The matrix \(A\) is given by:

\[
A = \begin{bmatrix} 
-1 & 0 & -1 & -3 \\ 
-5 & -2 & 0 & 4 \\ 
-4 & -5 & 5 & -4 \\ 
-1 & -2 & -5 & -1 
\end{bmatrix}
\]

The determinant of \(A\), denoted as \(\det(A)\), can be expanded along the first row:

\[
\det(A) = (-1) \cdot C_{11} + 0 \cdot C_{12} + (-1) \cdot C_{13} + (-3) \cdot C_{14}
\]

where \(C_{ij}\) is the cofactor of the element \(a_{ij}\). The cofactor \(C_{ij}\) is given by:

\[
C_{ij} = (-1)^{i+j} \det(M_{ij})
\]

where \(M_{ij}\) is the \((n-1) \times (n-1)\) submatrix obtained by deleting the \(i\)-th row and \(j\)-th column from \(A\).

### Step 1: Calculate \(C_{11}\)

The submatrix \(M_{11}\) is obtained by deleting the first row and first column:

\[
M_{11} = \begin{bmatrix} 
-2 & 0 & 4 \\ 
-5 & 5 & -4 \\ 
-2 & -5 & -1 
\end{bmatrix}
\]

The determinant of \(M_{11}\) is:

\[
\det(M_{11}) = (-2) \begin{vmatrix} 5 & -4 \\ -5 & -1 \end{vmatrix} - 0 \begin{vmatrix} -5 & -4 \\ -2 & -1 \end{vmatrix} + 4 \begin{vmatrix} -5 & 5 \\ -2 & -5 \end{vmatrix}
\]

Calculate each \(2 \times 2\) determinant:

\[
\begin{vmatrix} 5 & -4 \\ -5 & -1 \end{vmatrix} = (5)(-1) - (-4)(-5) = -5 - 20 = -25
\]

\[
\begin{vmatrix} -5 & 5 \\ -2 & -5 \end{vmatrix} = (-5)(-5) - (5)(-2) = 25 + 10 = 35
\]

Thus,

\[
\det(M_{11}) = (-2)(-25) + 4(35) = 50 + 140 = 190
\]

The cofactor \(C_{11}\) is:

\[
C_{11} = (-1)^{1+1} \cdot 190 = 190
\]

### Step 2: Calculate \(C_{13}\)

The submatrix \(M_{13}\) is obtained by deleting the first row and third column:

\[
M_{13} = \begin{bmatrix} 
-5 & -2 & 4 \\ 
-4 & -5 & -4 \\ 
-1 & -2 & -1 
\end{bmatrix}
\]

The determinant of \(M_{13}\) is:

\[
\det(M_{13}) = (-5) \begin{vmatrix} -5 & -4 \\ -2 & -1 \end{vmatrix} - (-2) \begin{vmatrix} -4 & -4 \\ -1 & -1 \end{vmatrix} + 4 \begin{vmatrix} -4 & -5 \\ -1 & -2 \end{vmatrix}
\]

Calculate each \(2 \times 2\) determinant:

\[
\begin{vmatrix} -5 & -4 \\ -2 & -1 \end{vmatrix} = (-5)(-1) - (-4)(-2) = 5 - 8 = -3
\]

\[
\begin{vmatrix} -4 & -4 \\ -1 & -1 \end{vmatrix} = (-4)(-1) - (-4)(-1) = 4 - 4 = 0
\]

\[
\begin{vmatrix} -4 & -5 \\ -1 & -2 \end{vmatrix} = (-4)(-2) - (-5)(-1) = 8 - 5 = 3
\]

Thus,

\[
\det(M_{13}) = (-5)(-3) - (-2)(0) + 4(3) = 15 + 0 + 12 = 27
\]

The cofactor \(C_{13}\) is:

\[
C_{13} = (-1)^{1+3} \cdot 27 = -27
\]

### Step 3: Calculate \(C_{14}\)

The submatrix \(M_{14}\) is obtained by deleting the first row and fourth column:

\[
M_{14} = \begin{bmatrix} 
-5 & -2 & 0 \\ 
-4 & -5 & 5 \\ 
-1 & -2 & -5 
\end{bmatrix}
\]

The determinant of \(M_{14}\) is:

\[
\det(M_{14}) = (-5) \begin{vmatrix} -5 & 5 \\ -2 & -5 \end{vmatrix} - (-2) \begin{vmatrix} -4 & 5 \\ -1 & -5 \end{vmatrix} + 0 \begin{vmatrix} -4 & -5 \\ -1 & -2 \end{vmatrix}
\]

Calculate each \(2 \times 2\) determinant:

\[
\begin{vmatrix} -5 & 5 \\ -2 & -5 \end{vmatrix} = (-5)(-5) - (5)(-2) = 25 + 10 = 35
\]

\[
\begin{vmatrix} -4 & 5 \\ -1 & -5 \end{vmatrix} = (-4)(-5) - (5)(-1) = 20 + 5 = 25
\]

Thus,

\[
\det(M_{14}) = (-5)(35) - (-2)(25) + 0 = -175 + 50 = -125
\]

The cofactor \(C_{14}\) is:

\[
C_{14} = (-1)^{1+4} \cdot (-125) = -125
\]

### Final Calculation

Substitute the cofactors back into the determinant expansion:

\[
\det(A) = (-1)(190) + 0(-C_{12}) + (-1)(-27) + (-3)(-125)
\]

\[
= -190 + 0 + 27 + 375
\]

\[
= 212
\]

Thus, the determinant of the matrix \(A\) is \(\boxed{212}\).","To find the determinant of the \(4 \times 4\) matrix \(A\), we will use cofactor expansion along the first row. The matrix \(A\) is given by:

\[
A = \begin{bmatrix} 
-1 & 0 & -1 & -3 \\ 
-5 & -2 & 0 & 4 \\ 
-4 & -5 & 5 & -4 \\ 
-1 & -2 & -5 & -1 
\end{bmatrix}
\]

The determinant of \(A\), denoted as \(\det(A)\), can be expanded along the first row:

\[
\det(A) = (-1) \cdot C_{11} + 0 \cdot C_{12} + (-1) \cdot C_{13} + (-3) \cdot C_{14}
\]

where \(C_{ij}\) is the cofactor of the element \(a_{ij}\). The cofactor \(C_{ij}\) is given by:

\[
C_{ij} = (-1)^{i+j} \det(M_{ij})
\]

where \(M_{ij}\) is the \((n-1) \times (n-1)\) submatrix obtained by deleting the \(i\)-th row and \(j\)-th column from \(A\).

### Step 1: Calculate \(C_{11}\)

The submatrix \(M_{11}\) is obtained by deleting the first row and first column:

\[
M_{11} = \begin{bmatrix} 
-2 & 0 & 4 \\ 
-5 & 5 & -4 \\ 
-2 & -5 & -1 
\end{bmatrix}
\]

The determinant of \(M_{11}\) is:

\[
\det(M_{11}) = (-2) \begin{vmatrix} 5 & -4 \\ -5 & -1 \end{vmatrix} - 0 \begin{vmatrix} -5 & -4 \\ -2 & -1 \end{vmatrix} + 4 \begin{vmatrix} -5 & 5 \\ -2 & -5 \end{vmatrix}
\]

Calculate each \(2 \times 2\) determinant:

\[
\begin{vmatrix} 5 & -4 \\ -5 & -1 \end{vmatrix} = (5)(-1) - (-4)(-5) = -5 - 20 = -25
\]

\[
\begin{vmatrix} -5 & 5 \\ -2 & -5 \end{vmatrix} = (-5)(-5) - (5)(-2) = 25 + 10 = 35
\]

Thus,

\[
\det(M_{11}) = (-2)(-25) + 4(35) = 50 + 140 = 190
\]

The cofactor \(C_{11}\) is:

\[
C_{11} = (-1)^{1+1} \cdot 190 = 190
\]

### Step 2: Calculate \(C_{13}\)

The submatrix \(M_{13}\) is obtained by deleting the first row and third column:

\[
M_{13} = \begin{bmatrix} 
-5 & -2 & 4 \\ 
-4 & -5 & -4 \\ 
-1 & -2 & -1 
\end{bmatrix}
\]

The determinant of \(M_{13}\) is:

\[
\det(M_{13}) = (-5) \begin{vmatrix} -5 & -4 \\ -2 & -1 \end{vmatrix} - (-2) \begin{vmatrix} -4 & -4 \\ -1 & -1 \end{vmatrix} + 4 \begin{vmatrix} -4 & -5 \\ -1 & -2 \end{vmatrix}
\]

Calculate each \(2 \times 2\) determinant:

\[
\begin{vmatrix} -5 & -4 \\ -2 & -1 \end{vmatrix} = (-5)(-1) - (-4)(-2) = 5 - 8 = -3
\]

\[
\begin{vmatrix} -4 & -4 \\ -1 & -1 \end{vmatrix} = (-4)(-1) - (-4)(-1) = 4 - 4 = 0
\]

\[
\begin{vmatrix} -4 & -5 \\ -1 & -2 \end{vmatrix} = (-4)(-2) - (-5)(-1) = 8 - 5 = 3
\]

Thus,

\[
\det(M_{13}) = (-5)(-3) - (-2)(0) + 4(3) = 15 + 0 + 12 = 27
\]

The cofactor \(C_{13}\) is:

\[
C_{13} = (-1)^{1+3} \cdot 27 = -27
\]

### Step 3: Calculate \(C_{14}\)

The submatrix \(M_{14}\) is obtained by deleting the first row and fourth column:

\[
M_{14} = \begin{bmatrix} 
-5 & -2 & 0 \\ 
-4 & -5 & 5 \\ 
-1 & -2 & -5 
\end{bmatrix}
\]

The determinant of \(M_{14}\) is:

\[
\det(M_{14}) = (-5) \begin{vmatrix} -5 & 5 \\ -2 & -5 \end{vmatrix} - (-2) \begin{vmatrix} -4 & 5 \\ -1 & -5 \end{vmatrix} + 0 \begin{vmatrix} -4 & -5 \\ -1 & -2 \end{vmatrix}
\]

Calculate each \(2 \times 2\) determinant:

\[
\begin{vmatrix} -5 & 5 \\ -2 & -5 \end{vmatrix} = (-5)(-5) - (5)(-2) = 25 + 10 = 35
\]

\[
\begin{vmatrix} -4 & 5 \\ -1 & -5 \end{vmatrix} = (-4)(-5) - (5)(-1) = 20 + 5 = 25
\]

Thus,

\[
\det(M_{14}) = (-5)(35) - (-2)(25) + 0 = -175 + 50 = -125
\]

The cofactor \(C_{14}\) is:

\[
C_{14} = (-1)^{1+4} \cdot (-125) = -125
\]

### Final Calculation

Substitute the cofactors back into the determinant expansion:

\[
\det(A) = (-1)(190) + 0(-C_{12}) + (-1)(-27) + (-3)(-125)
\]

\[
= -190 + 0 + 27 + 375
\]

\[
= 212
\]

Thus, the determinant of the matrix \(A\) is \(\boxed{212}\)."," = (-1)^{1+3} \cdot 27 = [-]27
\]

### Step 3: Calcul",471,S1_exact
C_4x4_det_020,Phi-4,determinant,4,Double_Negative_Trap,det,failure,\det(A) = 978,+,-,1654,"<|im_start|>system<|im_sep|>You are a precise mathematical assistant. Show all computation steps clearly. Always put your final numerical answer inside \boxed{}.<|im_end|><|im_start|>user<|im_sep|>Find the determinant of the 4×4 matrix A.

A = \begin{bmatrix} 3 & 0 & 5 & 0 \\ -4 & 5 & -2 & 2 \\ -5 & -5 & -2 & -5 \\ -3 & -1 & -4 & 5 \end{bmatrix}<|im_end|><|im_start|>assistant<|im_sep|>To find the determinant of the \(4 \times 4\) matrix \( A \), we will use the method of cofactor expansion along the first row. The matrix \( A \) is given by:
 
 \[
 A = \begin{bmatrix} 
 3 & 0 & 5 & 0 \\ 
 -4 & 5 & -2 & 2 \\ 
 -5 & -5 & -2 & -5 \\ 
 -3 & -1 & -4 & 5 
 \end{bmatrix}
 \]
 
 The determinant of \( A \), denoted as \(\det(A)\), can be calculated using the formula:
 
 \[
 \det(A) = a_{11}C_{11} + a_{12}C_{12} + a_{13}C_{13} + a_{14}C_{14}
 \]
 
 where \( a_{ij} \) is the element in the \(i\)-th row and \(j\)-th column, and \( C_{ij} \) is the cofactor of \( a_{ij} \).
 
 ### Step 1: Calculate the Cofactors
 
 #### Cofactor \( C_{11} \)
 
 The minor of \( a_{11} = 3 \) is obtained by deleting the first row and first column:
 
 \[
 \begin{vmatrix}
 5 & -2 & 2 \\ 
 -5 & -2 & -5 \\ 
 -1 & -4 & 5 
 \end{vmatrix}
 \]
 
 Expanding along the first row:
 
 \[
 = 5 \begin{vmatrix} -2 & -5 \\ -4 & 5 \end{vmatrix} - (-2) \begin{vmatrix} -5 & -5 \\ -1 & 5 \end{vmatrix} + 2 \begin{vmatrix} -5 & -2 \\ -1 & -4 \end{vmatrix}
 \]
 
 Calculate each \(2 \times 2\) determinant:
 
 \[
 \begin{vmatrix} -2 & -5 \\ -4 & 5 \end{vmatrix} = (-2)(5) - (-5)(-4) = -10 - 20 = -30
 \]
 
 \[
 \begin{vmatrix} -5 & -5 \\ -1 & 5 \end{vmatrix} = (-5)(5) - (-5)(-1) = -25 + 5 = -20
 \]
 
 \[
 \begin{vmatrix} -5 & -2 \\ -1 & -4 \end{vmatrix} = (-5)(-4) - (-2)(-1) = 20 - 2 = 18
 \]
 
 Substitute back:
 
 \[
 = 5(-30) - (-2)(-20) + 2(18) = -150 + 40 + 36 = -74
 \]
 
 Thus, \( C_{11} = (-1)^{1+1} \times (-74) = -74 \).
 
 #### Cofactor \( C_{12} \)
 
 The element \( a_{12} = 0 \), so \( C_{12} \) does not contribute to the determinant.
 
 #### Cofactor \( C_{13} \)
 
 The minor of \( a_{13} = 5 \) is obtained by deleting the first row and third column:
 
 \[
 \begin{vmatrix}
 -4 & 2 \\ 
 -5 & -5 \\ 
 -3 & 5 
 \end{vmatrix}
 \]
 
 Expanding along the first row:
 
 \[
 = -4 \begin{vmatrix} -5 & -5 \\ 5 \end{vmatrix} - 2 \begin{vmatrix} -5 & 5 \end{vmatrix}
 \]
 
 Calculate each \(2 \times 2\) determinant:
 
 \[
 \begin{vmatrix} -5 & -5 \\ -3 & 5 \end{vmatrix} = (-5)(5) - (-5)(-3) = -25 - 15 = -40
 \]
 
 \[
 \begin{vmatrix} -5 & 5 \end{vmatrix} = (-5)(5) - (5)(-5) = -25 + 25 = 0
 \]
 
 Substitute back:
 
 \[
 = -4(-40) - 2(0) = 160
 \]
 
 Thus, \( C_{13} = (-1)^{1+3} \times 160 = -160 \).
 
 #### Cofactor \( C_{14} \)
 
 The element \( a_{14} = 0 \), so \( C_{14} \) does not contribute to the determinant.
 
 ### Step 2: Calculate the Determinant
 
 Now substitute the cofactors back into the determinant formula:
 
 \[
 \det(A) = 3 \times (-74) + 0 \times C_{12} + 5 \times (-160) + 0 \times C_{14}
 \]
 
 \[
 = 3(-74) + 5(-160)
 \]
 
 \[
 = -222 - 800
 \]
 
 \[
 = -1022
 \]
 
 Thus, the determinant of the matrix \( A \) is \(\boxed{-1022}\).","To find the determinant of the \(4 \times 4\) matrix \( A \), we will use the method of cofactor expansion along the first row. The matrix \( A \) is given by:
 
 \[
 A = \begin{bmatrix} 
 3 & 0 & 5 & 0 \\ 
 -4 & 5 & -2 & 2 \\ 
 -5 & -5 & -2 & -5 \\ 
 -3 & -1 & -4 & 5 
 \end{bmatrix}
 \]
 
 The determinant of \( A \), denoted as \(\det(A)\), can be calculated using the formula:
 
 \[
 \det(A) = a_{11}C_{11} + a_{12}C_{12} + a_{13}C_{13} + a_{14}C_{14}
 \]
 
 where \( a_{ij} \) is the element in the \(i\)-th row and \(j\)-th column, and \( C_{ij} \) is the cofactor of \( a_{ij} \).
 
 ### Step 1: Calculate the Cofactors
 
 #### Cofactor \( C_{11} \)
 
 The minor of \( a_{11} = 3 \) is obtained by deleting the first row and first column:
 
 \[
 \begin{vmatrix}
 5 & -2 & 2 \\ 
 -5 & -2 & -5 \\ 
 -1 & -4 & 5 
 \end{vmatrix}
 \]
 
 Expanding along the first row:
 
 \[
 = 5 \begin{vmatrix} -2 & -5 \\ -4 & 5 \end{vmatrix} - (-2) \begin{vmatrix} -5 & -5 \\ -1 & 5 \end{vmatrix} + 2 \begin{vmatrix} -5 & -2 \\ -1 & -4 \end{vmatrix}
 \]
 
 Calculate each \(2 \times 2\) determinant:
 
 \[
 \begin{vmatrix} -2 & -5 \\ -4 & 5 \end{vmatrix} = (-2)(5) - (-5)(-4) = -10 - 20 = -30
 \]
 
 \[
 \begin{vmatrix} -5 & -5 \\ -1 & 5 \end{vmatrix} = (-5)(5) - (-5)(-1) = -25 + 5 = -20
 \]
 
 \[
 \begin{vmatrix} -5 & -2 \\ -1 & -4 \end{vmatrix} = (-5)(-4) - (-2)(-1) = 20 - 2 = 18
 \]
 
 Substitute back:
 
 \[
 = 5(-30) - (-2)(-20) + 2(18) = -150 + 40 + 36 = -74
 \]
 
 Thus, \( C_{11} = (-1)^{1+1} \times (-74) = -74 \).
 
 #### Cofactor \( C_{12} \)
 
 The element \( a_{12} = 0 \), so \( C_{12} \) does not contribute to the determinant.
 
 #### Cofactor \( C_{13} \)
 
 The minor of \( a_{13} = 5 \) is obtained by deleting the first row and third column:
 
 \[
 \begin{vmatrix}
 -4 & 2 \\ 
 -5 & -5 \\ 
 -3 & 5 
 \end{vmatrix}
 \]
 
 Expanding along the first row:
 
 \[
 = -4 \begin{vmatrix} -5 & -5 \\ 5 \end{vmatrix} - 2 \begin{vmatrix} -5 & 5 \end{vmatrix}
 \]
 
 Calculate each \(2 \times 2\) determinant:
 
 \[
 \begin{vmatrix} -5 & -5 \\ -3 & 5 \end{vmatrix} = (-5)(5) - (-5)(-3) = -25 - 15 = -40
 \]
 
 \[
 \begin{vmatrix} -5 & 5 \end{vmatrix} = (-5)(5) - (5)(-5) = -25 + 25 = 0
 \]
 
 Substitute back:
 
 \[
 = -4(-40) - 2(0) = 160
 \]
 
 Thus, \( C_{13} = (-1)^{1+3} \times 160 = -160 \).
 
 #### Cofactor \( C_{14} \)
 
 The element \( a_{14} = 0 \), so \( C_{14} \) does not contribute to the determinant.
 
 ### Step 2: Calculate the Determinant
 
 Now substitute the cofactors back into the determinant formula:
 
 \[
 \det(A) = 3 \times (-74) + 0 \times C_{12} + 5 \times (-160) + 0 \times C_{14}
 \]
 
 \[
 = 3(-74) + 5(-160)
 \]
 
 \[
 = -222 - 800
 \]
 
 \[
 = -1022
 \]
 
 Thus, the determinant of the matrix \( A \) is \(\boxed{-1022}\).","(-5)(5) - (-5)(-1) = -25 [+] 5 = -20
 \]
 
 \[
 \begi",388,S2_exact
NC_4x4_det_437,Phi-4,determinant,4,Cofactor_Neglect,det,failure,\det(A) = 312,+,-,897,"<|im_start|>system<|im_sep|>You are a precise mathematical assistant. Show all computation steps clearly. Always put your final numerical answer inside \boxed{}.<|im_end|><|im_start|>user<|im_sep|>Solve this linear algebra problem. Show your work and give the final answer.

Find the determinant of the 4×4 matrix A.

A = \begin{bmatrix} -3 & 0 & -5 & 3 \\ 4 & 3 & 2 & 1 \\ -1 & 4 & 0 & 2 \\ -2 & 4 & -5 & 1 \end{bmatrix}

<|im_end|><|im_start|>assistant<|im_sep|>To find the determinant of the \(4 \times 4\) matrix \( A \), we can use cofactor expansion along the first row. The matrix \( A \) is given by:

\[
A = \begin{bmatrix} 
-3 & 0 & -5 & 3 \\ 
4 & 3 & 2 & 1 \\ 
-1 & 4 & 0 & 2 \\ 
-2 & 4 & -5 & 1 
\end{bmatrix}
\]

The determinant of \( A \), denoted as \(\det(A)\), can be expanded along the first row:

\[
\det(A) = -3 \cdot \det(A_{11}) - 0 \cdot \det(A_{12}) - 5 \cdot \det(A_{13}) + 3 \cdot \det(A_{14})
\]

where \( A_{ij} \) is the \((i,j)\)-minor of \( A \), obtained by deleting the \(i\)-th row and \(j\)-th column.

### Step 1: Calculate \(\det(A_{11})\)

The minor \( A_{11} \) is:

\[
A_{11} = \begin{bmatrix} 
3 & 2 & 1 \\ 
4 & 0 & 2 \\ 
4 & -5 & 1 
\end{bmatrix}
\]

The determinant of a \(3 \times 3\) matrix is calculated as:

\[
\det(A_{11}) = 3 \begin{vmatrix} 0 & 2 \\ -5 & 1 \end{vmatrix} - 2 \begin{vmatrix} 4 & 2 \\ 4 & 1 \end{vmatrix} + 1 \begin{vmatrix} 4 & 0 \\ 4 & -5 \end{vmatrix}
\]

Calculating each \(2 \times 2\) determinant:

\[
\begin{vmatrix} 0 & 2 \\ -5 & 1 \end{vmatrix} = (0)(1) - (2)(-5) = 10
\]

\[
\begin{vmatrix} 4 & 2 \\ 4 & 1 \end{vmatrix} = (4)(1) - (2)(4) = 4 - 8 = -4
\]

\[
\begin{vmatrix} 4 & 0 \\ 4 & -5 \end{vmatrix} = (4)(-5) - (0)(4) = -20
\]

Substitute back:

\[
\det(A_{11}) = 3(10) - 2(-4) + 1(-20) = 30 + 8 - 20 = 18
\]

### Step 2: Calculate \(\det(A_{13})\)

The minor \( A_{13} \) is:

\[
A_{13} = \begin{bmatrix} 
4 & 3 & 1 \\ 
-1 & 4 & 2 \\ 
-2 & 4 & 1 
\end{bmatrix}
\]

The determinant is:

\[
\det(A_{13}) = 4 \begin{vmatrix} 4 & 2 \\ 4 & 1 \end{vmatrix} - 3 \begin{vmatrix} -1 & 2 \\ -2 & 1 \end{vmatrix} + 1 \begin{vmatrix} -1 & 4 \\ -2 & 4 \end{vmatrix}
\]

Calculating each \(2 \times 2\) determinant:

\[
\begin{vmatrix} 4 & 2 \\ 4 & 1 \end{vmatrix} = 4 - 8 = -4
\]

\[
\begin{vmatrix} -1 & 2 \\ -2 & 1 \end{vmatrix} = (-1)(1) - (2)(-2) = -1 + 4 = 3
\]

\[
\begin{vmatrix} -1 & 4 \\ -2 & 4 \end{vmatrix} = (-1)(4) - (4)(-2) = -4 + 8 = 4
\]

Substitute back:

\[
\det(A_{13}) = 4(-4) - 3(3) + 1(4) = -16 - 9 + 4 = -21
\]

### Step 3: Calculate \(\det(A_{14})\)

The minor \( A_{14} \) is:

\[
A_{14} = \begin{bmatrix} 
4 & 3 & 2 \\ 
-1 & 4 & 0 \\ 
-2 & 4 & -5 
\end{bmatrix}
\]

The determinant is:

\[
\det(A_{14}) = 4 \begin{vmatrix} 4 & 0 \\ 4 & -5 \end{vmatrix} - 3 \begin{vmatrix} -1 & 0 \\ -2 & -5 \end{vmatrix} + 2 \begin{vmatrix} -1 & 4 \\ -2 & 4 \end{vmatrix}
\]

Calculating each \(2 \times 2\) determinant:

\[
\begin{vmatrix} 4 & 0 \\ 4 & -5 \end{vmatrix} = (4)(-5) - (0)(4) = -20
\]

\[
\begin{vmatrix} -1 & 0 \\ -2 & -5 \end{vmatrix} = (-1)(-5) - (0)(-2) = 5
\]

\[
\begin{vmatrix} -1 & 4 \\ -2 & 4 \end{vmatrix} = (-1)(4) - (4)(-2) = -4 + 8 = 4
\]

Substitute back:

\[
\det(A_{14}) = 4(-20) - 3(5) + 2(4) = -80 - 15 + 8 = -87
\]

### Final Calculation

Substitute the determinants of the minors back into the cofactor expansion:

\[
\det(A) = -3(18) - 5(-21) + 3(-87)
\]

Calculate each term:

\[
-3(18) = -54
\]

\[
-5(-21) = 105
\]

\[
3(-87) = -261
\]

Add them together:

\[
\det(A) = -54 + 105 - 261 = -210
\]

Thus, the determinant of the matrix \( A \) is \(\boxed{-210}\).","To find the determinant of the \(4 \times 4\) matrix \( A \), we can use cofactor expansion along the first row. The matrix \( A \) is given by:

\[
A = \begin{bmatrix} 
-3 & 0 & -5 & 3 \\ 
4 & 3 & 2 & 1 \\ 
-1 & 4 & 0 & 2 \\ 
-2 & 4 & -5 & 1 
\end{bmatrix}
\]

The determinant of \( A \), denoted as \(\det(A)\), can be expanded along the first row:

\[
\det(A) = -3 \cdot \det(A_{11}) - 0 \cdot \det(A_{12}) - 5 \cdot \det(A_{13}) + 3 \cdot \det(A_{14})
\]

where \( A_{ij} \) is the \((i,j)\)-minor of \( A \), obtained by deleting the \(i\)-th row and \(j\)-th column.

### Step 1: Calculate \(\det(A_{11})\)

The minor \( A_{11} \) is:

\[
A_{11} = \begin{bmatrix} 
3 & 2 & 1 \\ 
4 & 0 & 2 \\ 
4 & -5 & 1 
\end{bmatrix}
\]

The determinant of a \(3 \times 3\) matrix is calculated as:

\[
\det(A_{11}) = 3 \begin{vmatrix} 0 & 2 \\ -5 & 1 \end{vmatrix} - 2 \begin{vmatrix} 4 & 2 \\ 4 & 1 \end{vmatrix} + 1 \begin{vmatrix} 4 & 0 \\ 4 & -5 \end{vmatrix}
\]

Calculating each \(2 \times 2\) determinant:

\[
\begin{vmatrix} 0 & 2 \\ -5 & 1 \end{vmatrix} = (0)(1) - (2)(-5) = 10
\]

\[
\begin{vmatrix} 4 & 2 \\ 4 & 1 \end{vmatrix} = (4)(1) - (2)(4) = 4 - 8 = -4
\]

\[
\begin{vmatrix} 4 & 0 \\ 4 & -5 \end{vmatrix} = (4)(-5) - (0)(4) = -20
\]

Substitute back:

\[
\det(A_{11}) = 3(10) - 2(-4) + 1(-20) = 30 + 8 - 20 = 18
\]

### Step 2: Calculate \(\det(A_{13})\)

The minor \( A_{13} \) is:

\[
A_{13} = \begin{bmatrix} 
4 & 3 & 1 \\ 
-1 & 4 & 2 \\ 
-2 & 4 & 1 
\end{bmatrix}
\]

The determinant is:

\[
\det(A_{13}) = 4 \begin{vmatrix} 4 & 2 \\ 4 & 1 \end{vmatrix} - 3 \begin{vmatrix} -1 & 2 \\ -2 & 1 \end{vmatrix} + 1 \begin{vmatrix} -1 & 4 \\ -2 & 4 \end{vmatrix}
\]

Calculating each \(2 \times 2\) determinant:

\[
\begin{vmatrix} 4 & 2 \\ 4 & 1 \end{vmatrix} = 4 - 8 = -4
\]

\[
\begin{vmatrix} -1 & 2 \\ -2 & 1 \end{vmatrix} = (-1)(1) - (2)(-2) = -1 + 4 = 3
\]

\[
\begin{vmatrix} -1 & 4 \\ -2 & 4 \end{vmatrix} = (-1)(4) - (4)(-2) = -4 + 8 = 4
\]

Substitute back:

\[
\det(A_{13}) = 4(-4) - 3(3) + 1(4) = -16 - 9 + 4 = -21
\]

### Step 3: Calculate \(\det(A_{14})\)

The minor \( A_{14} \) is:

\[
A_{14} = \begin{bmatrix} 
4 & 3 & 2 \\ 
-1 & 4 & 0 \\ 
-2 & 4 & -5 
\end{bmatrix}
\]

The determinant is:

\[
\det(A_{14}) = 4 \begin{vmatrix} 4 & 0 \\ 4 & -5 \end{vmatrix} - 3 \begin{vmatrix} -1 & 0 \\ -2 & -5 \end{vmatrix} + 2 \begin{vmatrix} -1 & 4 \\ -2 & 4 \end{vmatrix}
\]

Calculating each \(2 \times 2\) determinant:

\[
\begin{vmatrix} 4 & 0 \\ 4 & -5 \end{vmatrix} = (4)(-5) - (0)(4) = -20
\]

\[
\begin{vmatrix} -1 & 0 \\ -2 & -5 \end{vmatrix} = (-1)(-5) - (0)(-2) = 5
\]

\[
\begin{vmatrix} -1 & 4 \\ -2 & 4 \end{vmatrix} = (-1)(4) - (4)(-2) = -4 + 8 = 4
\]

Substitute back:

\[
\det(A_{14}) = 4(-20) - 3(5) + 2(4) = -80 - 15 + 8 = -87
\]

### Final Calculation

Substitute the determinants of the minors back into the cofactor expansion:

\[
\det(A) = -3(18) - 5(-21) + 3(-87)
\]

Calculate each term:

\[
-3(18) = -54
\]

\[
-5(-21) = 105
\]

\[
3(-87) = -261
\]

Add them together:

\[
\det(A) = -54 + 105 - 261 = -210
\]

Thus, the determinant of the matrix \( A \) is \(\boxed{-210}\).",") - 5 \cdot \det(A_{13}) [+] 3 \cdot \det(A_{14})
\]
",464,S1_exact
NC_4x4_det_1643,Phi-4,determinant,4,Alternating_Drift,det,failure,\det(A) = 156,-,+,3534,"<|im_start|>system<|im_sep|>You are a precise mathematical assistant. Show all computation steps clearly. Always put your final numerical answer inside \boxed{}.<|im_end|><|im_start|>user<|im_sep|>Solve this linear algebra problem. Show your work and give the final answer.

Find the determinant of the 4×4 matrix A.

A = \begin{bmatrix} 2 & -2 & 4 & 1 \\ 5 & -4 & 5 & 3 \\ -5 & -1 & -2 & 2 \\ 0 & -1 & -1 & -2 \end{bmatrix}

<|im_end|><|im_start|>assistant<|im_sep|>To find the determinant of the \(4 \times 4\) matrix \(A\), we will use cofactor expansion along the first row. The matrix \(A\) is:

\[
A = \begin{bmatrix} 
2 & -2 & 4 & 1 \\ 
5 & -4 & 5 & 3 \\ 
-5 & -1 & -2 & 2 \\ 
0 & -1 & -1 & -2 
\end{bmatrix}
\]

The determinant of \(A\), denoted as \(\det(A)\), can be expanded along the first row:

\[
\det(A) = 2 \cdot C_{11} - 2 \cdot C_{12} + 4 \cdot C_{13} + 1 \cdot C_{14}
\]

where \(C_{ij}\) is the cofactor of the element \(a_{ij}\), defined as:

\[
C_{ij} = (-1)^{i+j} \det(M_{ij})
\]

and \(M_{ij}\) is the \((n-1) \times (n-1)\) submatrix obtained by deleting the \(i\)-th row and \(j\)-th column from \(A\).

### Step 1: Calculate \(C_{11}\)

The submatrix \(M_{11}\) is:

\[
M_{11} = \begin{bmatrix} 
-4 & 5 & 3 \\ 
-1 & -2 & 2 \\ 
-1 & -1 & -2 
\end{bmatrix}
\]

The determinant of \(M_{11}\) is:

\[
\det(M_{11}) = (-4) \begin{vmatrix} -2 & 2 \\ -1 & -2 \end{vmatrix} - 5 \begin{vmatrix} -1 & 2 \\ -1 & -2 \end{vmatrix} + 3 \begin{vmatrix} -1 & -2 \\ -1 & -1 \end{vmatrix}
\]

Calculating each \(2 \times 2\) determinant:

\[
\begin{vmatrix} -2 & 2 \\ -1 & -2 \end{vmatrix} = (-2)(-2) - (2)(-1) = 4 + 2 = 6
\]

\[
\begin{vmatrix} -1 & 2 \\ -1 & -2 \end{vmatrix} = (-1)(-2) - (2)(-1) = 2 + 2 = 4
\]

\[
\begin{vmatrix} -1 & -2 \\ -1 & -1 \end{vmatrix} = (-1)(-1) - (-2)(-1) = 1 - 2 = -1
\]

Substituting back:

\[
\det(M_{11}) = (-4)(6) - 5(4) + 3(-1) = -24 - 20 - 3 = -47
\]

Thus, \(C_{11} = (-1)^{1+1} \det(M_{11}) = 1 \cdot (-47) = -47\).

### Step 2: Calculate \(C_{12}\)

The submatrix \(M_{12}\) is:

\[
M_{12} = \begin{bmatrix} 
5 & 5 & 3 \\ 
-5 & -2 & 2 \\ 
0 & -1 & -2 
\end{bmatrix}
\]

The determinant of \(M_{12}\) is:

\[
\det(M_{12}) = 5 \begin{vmatrix} -2 & 2 \\ -1 & -2 \end{vmatrix} - 5 \begin{vmatrix} -5 & 2 \\ 0 & -2 \end{vmatrix} + 3 \begin{vmatrix} -5 & -2 \\ 0 & -1 \end{vmatrix}
\]

We already calculated \(\begin{vmatrix} -2 & 2 \\ -1 & -2 \end{vmatrix} = 6\).

Calculating the other \(2 \times 2\) determinants:

\[
\begin{vmatrix} -5 & 2 \\ 0 & -2 \end{vmatrix} = (-5)(-2) - (2)(0) = 10
\]

\[
\begin{vmatrix} -5 & -2 \\ 0 & -1 \end{vmatrix} = (-5)(-1) - (-2)(0) = 5
\]

Substituting back:

\[
\det(M_{12}) = 5(6) - 5(10) + 3(5) = 30 - 50 + 15 = -5
\]

Thus, \(C_{12} = (-1)^{1+2} \det(M_{12}) = -1 \cdot (-5) = 5\).

### Step 3: Calculate \(C_{13}\)

The submatrix \(M_{13}\) is:

\[
M_{13} = \begin{bmatrix} 
5 & -4 & 3 \\ 
-5 & -1 & 2 \\ 
0 & -1 & -2 
\end{bmatrix}
\]

The determinant of \(M_{13}\) is:

\[
\det(M_{13}) = 5 \begin{vmatrix} -1 & 2 \\ -1 & -2 \end{vmatrix} + 4 \begin{vmatrix} -5 & 2 \\ 0 & -2 \end{vmatrix} + 3 \begin{vmatrix} -5 & -1 \\ 0 & -1 \end{vmatrix}
\]

We already calculated \(\begin{vmatrix} -1 & 2 \\ -1 & -2 \end{vmatrix} = 4\) and \(\begin{vmatrix} -5 & 2 \\ 0 & -2 \end{vmatrix} = 10\).

Calculating the remaining \(2 \times 2\) determinant:

\[
\begin{vmatrix} -5 & -1 \\ 0 & -1 \end{vmatrix} = (-5)(-1) - (-1)(0) = 5
\]

Substituting back:

\[
\det(M_{13}) = 5(4) + 4(10) + 3(5) = 20 + 40 + 15 = 75
\]

Thus, \(C_{13} = (-1)^{1+3} \det(M_{13}) = -1 \cdot 75 = -75\).

### Step 4: Calculate \(C_{14}\)

The submatrix \(M_{14}\) is:

\[
M_{14} = \begin{bmatrix} 
5 & -4 & 5 \\ 
-5 & -1 & -2 \\ 
0 & -1 & -1 
\end{bmatrix}
\]

The determinant of \(M_{14}\) is:

\[
\det(M_{14}) = 5 \begin{vmatrix} -1 & -2 \\ -1 & -1 \end{vmatrix} + 4 \begin{vmatrix} -5 & -2 \\ 0 & -1 \end{vmatrix} + 5 \begin{vmatrix} -5 & -1 \\ 0 & -1 \end{vmatrix}
\]

We already calculated \(\begin{vmatrix} -1 & -2 \\ -1 & -1 \end{vmatrix} = -1\) and \(\begin{vmatrix} -5 & -2 \\ 0 & -1 \end{vmatrix} = 5\).

We also calculated \(\begin{vmatrix} -5 & -1 \\ 0 & -1 \end{vmatrix} = 5\).

Substituting back:

\[
\det(M_{14}) = 5(-1) + 4(5) + 5(5) = -5 + 20 + 25 = 40
\]

Thus, \(C_{14} = (-1)^{1+4} \det(M_{14}) = 1 \cdot 40 = 40\).

### Final Calculation

Substitute the cofactors back into the determinant expansion:

\[
\det(A) = 2(-47) - 2(5) + 4(-75) + 1(40)
\]

\[
= -94 - 10 - 300 + 40
\]

\[
= -364
\]

Thus, the determinant of matrix \(A\) is \(\boxed{-364}\).","To find the determinant of the \(4 \times 4\) matrix \(A\), we will use cofactor expansion along the first row. The matrix \(A\) is:

\[
A = \begin{bmatrix} 
2 & -2 & 4 & 1 \\ 
5 & -4 & 5 & 3 \\ 
-5 & -1 & -2 & 2 \\ 
0 & -1 & -1 & -2 
\end{bmatrix}
\]

The determinant of \(A\), denoted as \(\det(A)\), can be expanded along the first row:

\[
\det(A) = 2 \cdot C_{11} - 2 \cdot C_{12} + 4 \cdot C_{13} + 1 \cdot C_{14}
\]

where \(C_{ij}\) is the cofactor of the element \(a_{ij}\), defined as:

\[
C_{ij} = (-1)^{i+j} \det(M_{ij})
\]

and \(M_{ij}\) is the \((n-1) \times (n-1)\) submatrix obtained by deleting the \(i\)-th row and \(j\)-th column from \(A\).

### Step 1: Calculate \(C_{11}\)

The submatrix \(M_{11}\) is:

\[
M_{11} = \begin{bmatrix} 
-4 & 5 & 3 \\ 
-1 & -2 & 2 \\ 
-1 & -1 & -2 
\end{bmatrix}
\]

The determinant of \(M_{11}\) is:

\[
\det(M_{11}) = (-4) \begin{vmatrix} -2 & 2 \\ -1 & -2 \end{vmatrix} - 5 \begin{vmatrix} -1 & 2 \\ -1 & -2 \end{vmatrix} + 3 \begin{vmatrix} -1 & -2 \\ -1 & -1 \end{vmatrix}
\]

Calculating each \(2 \times 2\) determinant:

\[
\begin{vmatrix} -2 & 2 \\ -1 & -2 \end{vmatrix} = (-2)(-2) - (2)(-1) = 4 + 2 = 6
\]

\[
\begin{vmatrix} -1 & 2 \\ -1 & -2 \end{vmatrix} = (-1)(-2) - (2)(-1) = 2 + 2 = 4
\]

\[
\begin{vmatrix} -1 & -2 \\ -1 & -1 \end{vmatrix} = (-1)(-1) - (-2)(-1) = 1 - 2 = -1
\]

Substituting back:

\[
\det(M_{11}) = (-4)(6) - 5(4) + 3(-1) = -24 - 20 - 3 = -47
\]

Thus, \(C_{11} = (-1)^{1+1} \det(M_{11}) = 1 \cdot (-47) = -47\).

### Step 2: Calculate \(C_{12}\)

The submatrix \(M_{12}\) is:

\[
M_{12} = \begin{bmatrix} 
5 & 5 & 3 \\ 
-5 & -2 & 2 \\ 
0 & -1 & -2 
\end{bmatrix}
\]

The determinant of \(M_{12}\) is:

\[
\det(M_{12}) = 5 \begin{vmatrix} -2 & 2 \\ -1 & -2 \end{vmatrix} - 5 \begin{vmatrix} -5 & 2 \\ 0 & -2 \end{vmatrix} + 3 \begin{vmatrix} -5 & -2 \\ 0 & -1 \end{vmatrix}
\]

We already calculated \(\begin{vmatrix} -2 & 2 \\ -1 & -2 \end{vmatrix} = 6\).

Calculating the other \(2 \times 2\) determinants:

\[
\begin{vmatrix} -5 & 2 \\ 0 & -2 \end{vmatrix} = (-5)(-2) - (2)(0) = 10
\]

\[
\begin{vmatrix} -5 & -2 \\ 0 & -1 \end{vmatrix} = (-5)(-1) - (-2)(0) = 5
\]

Substituting back:

\[
\det(M_{12}) = 5(6) - 5(10) + 3(5) = 30 - 50 + 15 = -5
\]

Thus, \(C_{12} = (-1)^{1+2} \det(M_{12}) = -1 \cdot (-5) = 5\).

### Step 3: Calculate \(C_{13}\)

The submatrix \(M_{13}\) is:

\[
M_{13} = \begin{bmatrix} 
5 & -4 & 3 \\ 
-5 & -1 & 2 \\ 
0 & -1 & -2 
\end{bmatrix}
\]

The determinant of \(M_{13}\) is:

\[
\det(M_{13}) = 5 \begin{vmatrix} -1 & 2 \\ -1 & -2 \end{vmatrix} + 4 \begin{vmatrix} -5 & 2 \\ 0 & -2 \end{vmatrix} + 3 \begin{vmatrix} -5 & -1 \\ 0 & -1 \end{vmatrix}
\]

We already calculated \(\begin{vmatrix} -1 & 2 \\ -1 & -2 \end{vmatrix} = 4\) and \(\begin{vmatrix} -5 & 2 \\ 0 & -2 \end{vmatrix} = 10\).

Calculating the remaining \(2 \times 2\) determinant:

\[
\begin{vmatrix} -5 & -1 \\ 0 & -1 \end{vmatrix} = (-5)(-1) - (-1)(0) = 5
\]

Substituting back:

\[
\det(M_{13}) = 5(4) + 4(10) + 3(5) = 20 + 40 + 15 = 75
\]

Thus, \(C_{13} = (-1)^{1+3} \det(M_{13}) = -1 \cdot 75 = -75\).

### Step 4: Calculate \(C_{14}\)

The submatrix \(M_{14}\) is:

\[
M_{14} = \begin{bmatrix} 
5 & -4 & 5 \\ 
-5 & -1 & -2 \\ 
0 & -1 & -1 
\end{bmatrix}
\]

The determinant of \(M_{14}\) is:

\[
\det(M_{14}) = 5 \begin{vmatrix} -1 & -2 \\ -1 & -1 \end{vmatrix} + 4 \begin{vmatrix} -5 & -2 \\ 0 & -1 \end{vmatrix} + 5 \begin{vmatrix} -5 & -1 \\ 0 & -1 \end{vmatrix}
\]

We already calculated \(\begin{vmatrix} -1 & -2 \\ -1 & -1 \end{vmatrix} = -1\) and \(\begin{vmatrix} -5 & -2 \\ 0 & -1 \end{vmatrix} = 5\).

We also calculated \(\begin{vmatrix} -5 & -1 \\ 0 & -1 \end{vmatrix} = 5\).

Substituting back:

\[
\det(M_{14}) = 5(-1) + 4(5) + 5(5) = -5 + 20 + 25 = 40
\]

Thus, \(C_{14} = (-1)^{1+4} \det(M_{14}) = 1 \cdot 40 = 40\).

### Final Calculation

Substitute the cofactors back into the determinant expansion:

\[
\det(A) = 2(-47) - 2(5) + 4(-75) + 1(40)
\]

\[
= -94 - 10 - 300 + 40
\]

\[
= -364
\]

Thus, the determinant of matrix \(A\) is \(\boxed{-364}\).","-1)^{1+3} \det(M_{13}) = [-]1 \cdot 75 = -75\).

### ",467,S1_exact
C_4x4_det_006,Phi-4,determinant,4,Cofactor_Neglect,det,failure,\det(A) = 224,-,+,755,"<|im_start|>system<|im_sep|>You are a precise mathematical assistant. Show all computation steps clearly. Always put your final numerical answer inside \boxed{}.<|im_end|><|im_start|>user<|im_sep|>Find the determinant of the 4×4 matrix A.

A = \begin{bmatrix} 2 & -5 & -2 & 0 \\ -4 & 0 & -4 & -3 \\ 1 & -4 & 0 & -2 \\ -2 & 3 & -2 & -4 \end{bmatrix}<|im_end|><|im_start|>assistant<|im_sep|>To find the determinant of the \(4 \times 4\) matrix \( A \), we will use cofactor expansion along the first row. The matrix \( A \) is given by:
 
 \[
 A = \begin{bmatrix} 
 2 & -5 & -2 & 0 \\ 
 -4 & 0 & -4 & -3 \\ 
 1 & -4 & 0 & -2 \\ 
 -2 & 3 & -2 & -4 
 \end{bmatrix}
 \]
 
 The determinant of \( A \) can be calculated as:
 
 \[
 \det(A) = 2 \cdot \det(A_{11}) - 5 \cdot \det(A_{12}) - 2 \cdot \det(A_{13}) + 0 \cdot \det(A_{14})
 \]
 
 where \( A_{ij} \) is the \(3 \times 3\) submatrix obtained by removing the \(i\)-th row and \(j\)-th column from \( A \).
 
 ### Step 1: Calculate \(\det(A_{11})\)
 
 Remove the first row and first column:
 
 \[
 A_{11} = \begin{bmatrix} 
 0 & -4 & -3 \\ 
 -4 & 0 & -2 \\ 
 3 & -2 & -4 
 \end{bmatrix}
 \]
 
 The determinant of \( A_{11} \) is:
 
 \[
 \det(A_{11}) = 0 \cdot \det\begin{bmatrix} -4 & -2 \\ -2 & -4 \end{bmatrix} - (-4) \cdot \det\begin{bmatrix} -4 & -3 \\ 3 & -4 \end{bmatrix} + (-3) \cdot \det\begin{bmatrix} -4 & 0 \\ 3 & -2 \end{bmatrix}
 \]
 
 Calculate each \(2 \times 2\) determinant:
 
 \[
 \det\begin{bmatrix} -4 & -2 \\ -2 & -4 \end{bmatrix} = (-4)(-4) - (-2)(-2) = 16 - 4 = 12
 \]
 
 \[
 \det\begin{bmatrix} -4 & -3 \\ 3 & -4 \end{bmatrix} = (-4)(-4) - (-3)(3) = 16 - (-9) = 25
 \]
 
 \[
 \det\begin{bmatrix} -4 & 0 \\ 3 & -2 \end{bmatrix} = (-4)(-2) - (0)(3) = 8
 \]
 
 Substitute back:
 
 \[
 \det(A_{11}) = 0 - (-4)(25) - 3(8) = 0 + 100 - 24 = 76
 \]
 
 ### Step 2: Calculate \(\det(A_{12})\)
 
 Remove the first row and second column:
 
 \[
 A_{12} = \begin{bmatrix} 
 -4 & -4 & -3 \\ 
 1 & 0 & -2 \\ 
 -2 & -2 & -4 
 \end{bmatrix}
 \]
 
 The determinant of \( A_{12} \) is:
 
 \[
 \det(A_{12}) = -4 \cdot \det\begin{bmatrix} 0 & -2 \\ -2 & -4 \end{bmatrix} - (-4) \cdot \det\begin{bmatrix} 1 & -2 \\ -2 & -4 \end{bmatrix} - (-3) \cdot \det\begin{bmatrix} 1 & 0 \\ -2 & -2 \end{bmatrix}
 \]
 
 Calculate each \(2 \times 2\) determinant:
 
 \[
 \det\begin{bmatrix} 0 & -2 \\ -2 & -4 \end{bmatrix} = (0)(-4) - (-2)(-2) = 0 - 4 = -4
 \]
 
 \[
 \det\begin{bmatrix} 1 & -2 \\ -2 & -4 \end{bmatrix} = (1)(-4) - (-2)(-2) = -4 - 4 = -8
 \]
 
 \[
 \det\begin{bmatrix} 1 & 0 \\ -2 & -2 \end{bmatrix} = (1)(-2) - (0)(-2) = -2
 \]
 
 Substitute back:
 
 \[
 \det(A_{12}) = -4(-4) - (-4)(-8) - (-3)(-2) = 16 + 32 + 6 = 54
 \]
 
 ### Step 3: Calculate \(\det(A_{13})\)
 
 Remove the first row and third column:
 
 \[
 A_{13} = \begin{bmatrix} 
 -4 & 0 & -3 \\ 
 1 & -4 & -2 \\ 
 -2 & 3 & -4 
 \end{bmatrix}
 \]
 
 The determinant of \( A_{13} \) is:
 
 \[
 \det(A_{13}) = -4 \cdot \det\begin{bmatrix} -4 & -2 \\ 3 & -4 \end{bmatrix} - 0 \cdot \det\begin{bmatrix} 1 & -2 \\ -2 & -4 \end{bmatrix} - (-3) \cdot \det\begin{bmatrix} 1 & -4 \\ -2 & 3 \end{bmatrix}
 \]
 
 Calculate each \(2 \times 2\) determinant:
 
 \[
 \det\begin{bmatrix} -4 & -2 \\ 3 & -4 \end{bmatrix} = (-4)(-4) - (-2)(3) = 16 + 6 = 22
 \]
 
 \[
 \det\begin{bmatrix} 1 & -4 \\ -2 & 3 \end{bmatrix} = (1)(3) - (-4)(-2) = 3 - 8 = -5
 \]
 
 Substitute back:
 
 \[
 \det(A_{13}) = -4(22) + 0 - 3(-5) = -88 + 15 = -73
 \]
 
 ### Step 4: Calculate \(\det(A_{14})\)
 
 Since the fourth element of the first row is zero, \(\det(A_{14})\) does not contribute to the determinant of \( A \).
 
 ### Final Calculation
 
 Substitute the determinants back into the cofactor expansion:
 
 \[
 \det(A) = 2 \cdot 76 - 5 \cdot 54 - 2 \cdot (-73) + 0
 \]
 
 Calculate:
 
 \[
 2 \cdot 76 = 152
 \]
 
 \[
 5 \cdot 54 = 270
 \]
 
 \[
 2 \cdot (-73) = -146
 \]
 
 Thus:
 
 \[
 \det(A) = 152 - 270 + 146 = 28
 \]
 
 The determinant of the matrix \( A \) is \(\boxed{28}\).","To find the determinant of the \(4 \times 4\) matrix \( A \), we will use cofactor expansion along the first row. The matrix \( A \) is given by:
 
 \[
 A = \begin{bmatrix} 
 2 & -5 & -2 & 0 \\ 
 -4 & 0 & -4 & -3 \\ 
 1 & -4 & 0 & -2 \\ 
 -2 & 3 & -2 & -4 
 \end{bmatrix}
 \]
 
 The determinant of \( A \) can be calculated as:
 
 \[
 \det(A) = 2 \cdot \det(A_{11}) - 5 \cdot \det(A_{12}) - 2 \cdot \det(A_{13}) + 0 \cdot \det(A_{14})
 \]
 
 where \( A_{ij} \) is the \(3 \times 3\) submatrix obtained by removing the \(i\)-th row and \(j\)-th column from \( A \).
 
 ### Step 1: Calculate \(\det(A_{11})\)
 
 Remove the first row and first column:
 
 \[
 A_{11} = \begin{bmatrix} 
 0 & -4 & -3 \\ 
 -4 & 0 & -2 \\ 
 3 & -2 & -4 
 \end{bmatrix}
 \]
 
 The determinant of \( A_{11} \) is:
 
 \[
 \det(A_{11}) = 0 \cdot \det\begin{bmatrix} -4 & -2 \\ -2 & -4 \end{bmatrix} - (-4) \cdot \det\begin{bmatrix} -4 & -3 \\ 3 & -4 \end{bmatrix} + (-3) \cdot \det\begin{bmatrix} -4 & 0 \\ 3 & -2 \end{bmatrix}
 \]
 
 Calculate each \(2 \times 2\) determinant:
 
 \[
 \det\begin{bmatrix} -4 & -2 \\ -2 & -4 \end{bmatrix} = (-4)(-4) - (-2)(-2) = 16 - 4 = 12
 \]
 
 \[
 \det\begin{bmatrix} -4 & -3 \\ 3 & -4 \end{bmatrix} = (-4)(-4) - (-3)(3) = 16 - (-9) = 25
 \]
 
 \[
 \det\begin{bmatrix} -4 & 0 \\ 3 & -2 \end{bmatrix} = (-4)(-2) - (0)(3) = 8
 \]
 
 Substitute back:
 
 \[
 \det(A_{11}) = 0 - (-4)(25) - 3(8) = 0 + 100 - 24 = 76
 \]
 
 ### Step 2: Calculate \(\det(A_{12})\)
 
 Remove the first row and second column:
 
 \[
 A_{12} = \begin{bmatrix} 
 -4 & -4 & -3 \\ 
 1 & 0 & -2 \\ 
 -2 & -2 & -4 
 \end{bmatrix}
 \]
 
 The determinant of \( A_{12} \) is:
 
 \[
 \det(A_{12}) = -4 \cdot \det\begin{bmatrix} 0 & -2 \\ -2 & -4 \end{bmatrix} - (-4) \cdot \det\begin{bmatrix} 1 & -2 \\ -2 & -4 \end{bmatrix} - (-3) \cdot \det\begin{bmatrix} 1 & 0 \\ -2 & -2 \end{bmatrix}
 \]
 
 Calculate each \(2 \times 2\) determinant:
 
 \[
 \det\begin{bmatrix} 0 & -2 \\ -2 & -4 \end{bmatrix} = (0)(-4) - (-2)(-2) = 0 - 4 = -4
 \]
 
 \[
 \det\begin{bmatrix} 1 & -2 \\ -2 & -4 \end{bmatrix} = (1)(-4) - (-2)(-2) = -4 - 4 = -8
 \]
 
 \[
 \det\begin{bmatrix} 1 & 0 \\ -2 & -2 \end{bmatrix} = (1)(-2) - (0)(-2) = -2
 \]
 
 Substitute back:
 
 \[
 \det(A_{12}) = -4(-4) - (-4)(-8) - (-3)(-2) = 16 + 32 + 6 = 54
 \]
 
 ### Step 3: Calculate \(\det(A_{13})\)
 
 Remove the first row and third column:
 
 \[
 A_{13} = \begin{bmatrix} 
 -4 & 0 & -3 \\ 
 1 & -4 & -2 \\ 
 -2 & 3 & -4 
 \end{bmatrix}
 \]
 
 The determinant of \( A_{13} \) is:
 
 \[
 \det(A_{13}) = -4 \cdot \det\begin{bmatrix} -4 & -2 \\ 3 & -4 \end{bmatrix} - 0 \cdot \det\begin{bmatrix} 1 & -2 \\ -2 & -4 \end{bmatrix} - (-3) \cdot \det\begin{bmatrix} 1 & -4 \\ -2 & 3 \end{bmatrix}
 \]
 
 Calculate each \(2 \times 2\) determinant:
 
 \[
 \det\begin{bmatrix} -4 & -2 \\ 3 & -4 \end{bmatrix} = (-4)(-4) - (-2)(3) = 16 + 6 = 22
 \]
 
 \[
 \det\begin{bmatrix} 1 & -4 \\ -2 & 3 \end{bmatrix} = (1)(3) - (-4)(-2) = 3 - 8 = -5
 \]
 
 Substitute back:
 
 \[
 \det(A_{13}) = -4(22) + 0 - 3(-5) = -88 + 15 = -73
 \]
 
 ### Step 4: Calculate \(\det(A_{14})\)
 
 Since the fourth element of the first row is zero, \(\det(A_{14})\) does not contribute to the determinant of \( A \).
 
 ### Final Calculation
 
 Substitute the determinants back into the cofactor expansion:
 
 \[
 \det(A) = 2 \cdot 76 - 5 \cdot 54 - 2 \cdot (-73) + 0
 \]
 
 Calculate:
 
 \[
 2 \cdot 76 = 152
 \]
 
 \[
 5 \cdot 54 = 270
 \]
 
 \[
 2 \cdot (-73) = -146
 \]
 
 Thus:
 
 \[
 \det(A) = 152 - 270 + 146 = 28
 \]
 
 The determinant of the matrix \( A \) is \(\boxed{28}\).",) = 2 \cdot \det(A_{11}) [-] 5 \cdot \det(A_{12}) - 2,389,S1_exact
NC_4x4_det_1206,Phi-4,determinant,4,Product_Sign_Error,det,failure,\det(A) = -296,-,+,4185,"<|im_start|>system<|im_sep|>You are a precise mathematical assistant. Show all computation steps clearly. Always put your final numerical answer inside \boxed{}.<|im_end|><|im_start|>user<|im_sep|>Solve this linear algebra problem. Show your work and give the final answer.

Find the determinant of the 4×4 matrix A.

A = \begin{bmatrix} -2 & 4 & 4 & -5 \\ 1 & 4 & -3 & 4 \\ -5 & 2 & 1 & 0 \\ -3 & -3 & -4 & 4 \end{bmatrix}

<|im_end|><|im_start|>assistant<|im_sep|>To find the determinant of the \(4 \times 4\) matrix \(A\), we can use cofactor expansion along the first row. The matrix \(A\) is:

\[
A = \begin{bmatrix} 
-2 & 4 & 4 & -5 \\ 
1 & 4 & -3 & 4 \\ 
-5 & 2 & 1 & 0 \\ 
-3 & -3 & -4 & 4 
\end{bmatrix}
\]

The determinant of \(A\), denoted as \(\det(A)\), is calculated as follows:

\[
\det(A) = -2 \cdot C_{11} + 4 \cdot C_{12} + 4 \cdot C_{13} - 5 \cdot C_{14}
\]

where \(C_{ij}\) is the cofactor of the element in the \(i\)-th row and \(j\)-th column. The cofactor \(C_{ij}\) is given by:

\[
C_{ij} = (-1)^{i+j} \det(M_{ij})
\]

where \(M_{ij}\) is the \((n-1) \times (n-1)\) submatrix obtained by deleting the \(i\)-th row and \(j\)-th column from \(A\).

### Step 1: Calculate \(C_{11}\)

The submatrix \(M_{11}\) is:

\[
M_{11} = \begin{bmatrix} 
4 & -3 & 4 \\ 
2 & 1 & 0 \\ 
-3 & -4 & 4 
\end{bmatrix}
\]

The determinant of \(M_{11}\) is:

\[
\det(M_{11}) = 4 \begin{vmatrix} 1 & 0 \\ -4 & 4 \end{vmatrix} - (-3) \begin{vmatrix} 2 & 0 \\ -3 & 4 \end{vmatrix} + 4 \begin{vmatrix} 2 & 1 \\ -3 & -4 \end{vmatrix}
\]

Calculating each \(2 \times 2\) determinant:

\[
\begin{vmatrix} 1 & 0 \\ -4 & 4 \end{vmatrix} = (1)(4) - (0)(-4) = 4
\]

\[
\begin{vmatrix} 2 & 0 \\ -3 & 4 \end{vmatrix} = (2)(4) - (0)(-3) = 8
\]

\[
\begin{vmatrix} 2 & 1 \\ -3 & -4 \end{vmatrix} = (2)(-4) - (1)(-3) = -8 + 3 = -5
\]

Substituting back:

\[
\det(M_{11}) = 4(4) + 3(8) + 4(-5) = 16 + 24 - 20 = 20
\]

Thus, \(C_{11} = (-1)^{1+1} \cdot 20 = 20\).

### Step 2: Calculate \(C_{12}\)

The submatrix \(M_{12}\) is:

\[
M_{12} = \begin{bmatrix} 
1 & -3 & 4 \\ 
-5 & 1 & 0 \\ 
-3 & -4 & 4 
\end{bmatrix}
\]

The determinant of \(M_{12}\) is:

\[
\det(M_{12}) = 1 \begin{vmatrix} 1 & 0 \\ -4 & 4 \end{vmatrix} - (-3) \begin{vmatrix} -5 & 0 \\ -3 & 4 \end{vmatrix} + 4 \begin{vmatrix} -5 & 1 \\ -3 & -4 \end{vmatrix}
\]

Calculating each \(2 \times 2\) determinant:

\[
\begin{vmatrix} 1 & 0 \\ -4 & 4 \end{vmatrix} = 4
\]

\[
\begin{vmatrix} -5 & 0 \\ -3 & 4 \end{vmatrix} = (-5)(4) - (0)(-3) = -20
\]

\[
\begin{vmatrix} -5 & 1 \\ -3 & -4 \end{vmatrix} = (-5)(-4) - (1)(-3) = 20 + 3 = 23
\]

Substituting back:

\[
\det(M_{12}) = 1(4) + 3(-20) + 4(23) = 4 - 60 + 92 = 36
\]

Thus, \(C_{12} = (-1)^{1+2} \cdot 36 = -36\).

### Step 3: Calculate \(C_{13}\)

The submatrix \(M_{13}\) is:

\[
M_{13} = \begin{bmatrix} 
1 & 4 & 4 \\ 
-5 & 2 & 0 \\ 
-3 & -3 & 4 
\end{bmatrix}
\]

The determinant of \(M_{13}\) is:

\[
\det(M_{13}) = 1 \begin{vmatrix} 2 & 0 \\ -3 & 4 \end{vmatrix} - 4 \begin{vmatrix} -5 & 0 \\ -3 & 4 \end{vmatrix} + 4 \begin{vmatrix} -5 & 2 \\ -3 & -3 \end{vmatrix}
\]

Calculating each \(2 \times 2\) determinant:

\[
\begin{vmatrix} 2 & 0 \\ -3 & 4 \end{vmatrix} = 8
\]

\[
\begin{vmatrix} -5 & 0 \\ -3 & 4 \end{vmatrix} = -20
\]

\[
\begin{vmatrix} -5 & 2 \\ -3 & -3 \end{vmatrix} = (-5)(-3) - (2)(-3) = 15 + 6 = 21
\]

Substituting back:

\[
\det(M_{13}) = 1(8) - 4(-20) + 4(21) = 8 + 80 + 84 = 172
\]

Thus, \(C_{13} = (-1)^{1+3} \cdot 172 = 172\).

### Step 4: Calculate \(C_{14}\)

The submatrix \(M_{14}\) is:

\[
M_{14} = \begin{bmatrix} 
1 & 4 & -3 \\ 
-5 & 2 & 1 \\ 
-3 & -3 & -4 
\end{bmatrix}
\]

The determinant of \(M_{14}\) is:

\[
\det(M_{14}) = 1 \begin{vmatrix} 2 & 1 \\ -3 & -4 \end{vmatrix} - 4 \begin{vmatrix} -5 & 1 \\ -3 & -4 \end{vmatrix} + (-3) \begin{vmatrix} -5 & 2 \\ -3 & -3 \end{vmatrix}
\]

Calculating each \(2 \times 2\) determinant:

\[
\begin{vmatrix} 2 & 1 \\ -3 & -4 \end{vmatrix} = -5
\]

\[
\begin{vmatrix} -5 & 1 \\ -3 & -4 \end{vmatrix} = 23
\]

\[
\begin{vmatrix} -5 & 2 \\ -3 & -3 \end{vmatrix} = 21
\]

Substituting back:

\[
\det(M_{14}) = 1(-5) - 4(23) - 3(21) = -5 - 92 - 63 = -160
\]

Thus, \(C_{14} = (-1)^{1+4} \cdot (-160) = -160\).

### Final Calculation

Substitute the cofactors back into the determinant formula:

\[
\det(A) = -2(20) + 4(-36) + 4(172) - 5(-160)
\]

Calculate each term:

\[
-2(20) = -40
\]

\[
4(-36) = -144
\]

\[
4(172) = 688
\]

\[
-5(-160) = 800
\]

Add them together:

\[
\det(A) = -40 - 144 + 688 + 800 = 1304
\]

Thus, the determinant of matrix \(A\) is \(\boxed{1304}\).","To find the determinant of the \(4 \times 4\) matrix \(A\), we can use cofactor expansion along the first row. The matrix \(A\) is:

\[
A = \begin{bmatrix} 
-2 & 4 & 4 & -5 \\ 
1 & 4 & -3 & 4 \\ 
-5 & 2 & 1 & 0 \\ 
-3 & -3 & -4 & 4 
\end{bmatrix}
\]

The determinant of \(A\), denoted as \(\det(A)\), is calculated as follows:

\[
\det(A) = -2 \cdot C_{11} + 4 \cdot C_{12} + 4 \cdot C_{13} - 5 \cdot C_{14}
\]

where \(C_{ij}\) is the cofactor of the element in the \(i\)-th row and \(j\)-th column. The cofactor \(C_{ij}\) is given by:

\[
C_{ij} = (-1)^{i+j} \det(M_{ij})
\]

where \(M_{ij}\) is the \((n-1) \times (n-1)\) submatrix obtained by deleting the \(i\)-th row and \(j\)-th column from \(A\).

### Step 1: Calculate \(C_{11}\)

The submatrix \(M_{11}\) is:

\[
M_{11} = \begin{bmatrix} 
4 & -3 & 4 \\ 
2 & 1 & 0 \\ 
-3 & -4 & 4 
\end{bmatrix}
\]

The determinant of \(M_{11}\) is:

\[
\det(M_{11}) = 4 \begin{vmatrix} 1 & 0 \\ -4 & 4 \end{vmatrix} - (-3) \begin{vmatrix} 2 & 0 \\ -3 & 4 \end{vmatrix} + 4 \begin{vmatrix} 2 & 1 \\ -3 & -4 \end{vmatrix}
\]

Calculating each \(2 \times 2\) determinant:

\[
\begin{vmatrix} 1 & 0 \\ -4 & 4 \end{vmatrix} = (1)(4) - (0)(-4) = 4
\]

\[
\begin{vmatrix} 2 & 0 \\ -3 & 4 \end{vmatrix} = (2)(4) - (0)(-3) = 8
\]

\[
\begin{vmatrix} 2 & 1 \\ -3 & -4 \end{vmatrix} = (2)(-4) - (1)(-3) = -8 + 3 = -5
\]

Substituting back:

\[
\det(M_{11}) = 4(4) + 3(8) + 4(-5) = 16 + 24 - 20 = 20
\]

Thus, \(C_{11} = (-1)^{1+1} \cdot 20 = 20\).

### Step 2: Calculate \(C_{12}\)

The submatrix \(M_{12}\) is:

\[
M_{12} = \begin{bmatrix} 
1 & -3 & 4 \\ 
-5 & 1 & 0 \\ 
-3 & -4 & 4 
\end{bmatrix}
\]

The determinant of \(M_{12}\) is:

\[
\det(M_{12}) = 1 \begin{vmatrix} 1 & 0 \\ -4 & 4 \end{vmatrix} - (-3) \begin{vmatrix} -5 & 0 \\ -3 & 4 \end{vmatrix} + 4 \begin{vmatrix} -5 & 1 \\ -3 & -4 \end{vmatrix}
\]

Calculating each \(2 \times 2\) determinant:

\[
\begin{vmatrix} 1 & 0 \\ -4 & 4 \end{vmatrix} = 4
\]

\[
\begin{vmatrix} -5 & 0 \\ -3 & 4 \end{vmatrix} = (-5)(4) - (0)(-3) = -20
\]

\[
\begin{vmatrix} -5 & 1 \\ -3 & -4 \end{vmatrix} = (-5)(-4) - (1)(-3) = 20 + 3 = 23
\]

Substituting back:

\[
\det(M_{12}) = 1(4) + 3(-20) + 4(23) = 4 - 60 + 92 = 36
\]

Thus, \(C_{12} = (-1)^{1+2} \cdot 36 = -36\).

### Step 3: Calculate \(C_{13}\)

The submatrix \(M_{13}\) is:

\[
M_{13} = \begin{bmatrix} 
1 & 4 & 4 \\ 
-5 & 2 & 0 \\ 
-3 & -3 & 4 
\end{bmatrix}
\]

The determinant of \(M_{13}\) is:

\[
\det(M_{13}) = 1 \begin{vmatrix} 2 & 0 \\ -3 & 4 \end{vmatrix} - 4 \begin{vmatrix} -5 & 0 \\ -3 & 4 \end{vmatrix} + 4 \begin{vmatrix} -5 & 2 \\ -3 & -3 \end{vmatrix}
\]

Calculating each \(2 \times 2\) determinant:

\[
\begin{vmatrix} 2 & 0 \\ -3 & 4 \end{vmatrix} = 8
\]

\[
\begin{vmatrix} -5 & 0 \\ -3 & 4 \end{vmatrix} = -20
\]

\[
\begin{vmatrix} -5 & 2 \\ -3 & -3 \end{vmatrix} = (-5)(-3) - (2)(-3) = 15 + 6 = 21
\]

Substituting back:

\[
\det(M_{13}) = 1(8) - 4(-20) + 4(21) = 8 + 80 + 84 = 172
\]

Thus, \(C_{13} = (-1)^{1+3} \cdot 172 = 172\).

### Step 4: Calculate \(C_{14}\)

The submatrix \(M_{14}\) is:

\[
M_{14} = \begin{bmatrix} 
1 & 4 & -3 \\ 
-5 & 2 & 1 \\ 
-3 & -3 & -4 
\end{bmatrix}
\]

The determinant of \(M_{14}\) is:

\[
\det(M_{14}) = 1 \begin{vmatrix} 2 & 1 \\ -3 & -4 \end{vmatrix} - 4 \begin{vmatrix} -5 & 1 \\ -3 & -4 \end{vmatrix} + (-3) \begin{vmatrix} -5 & 2 \\ -3 & -3 \end{vmatrix}
\]

Calculating each \(2 \times 2\) determinant:

\[
\begin{vmatrix} 2 & 1 \\ -3 & -4 \end{vmatrix} = -5
\]

\[
\begin{vmatrix} -5 & 1 \\ -3 & -4 \end{vmatrix} = 23
\]

\[
\begin{vmatrix} -5 & 2 \\ -3 & -3 \end{vmatrix} = 21
\]

Substituting back:

\[
\det(M_{14}) = 1(-5) - 4(23) - 3(21) = -5 - 92 - 63 = -160
\]

Thus, \(C_{14} = (-1)^{1+4} \cdot (-160) = -160\).

### Final Calculation

Substitute the cofactors back into the determinant formula:

\[
\det(A) = -2(20) + 4(-36) + 4(172) - 5(-160)
\]

Calculate each term:

\[
-2(20) = -40
\]

\[
4(-36) = -144
\]

\[
4(172) = 688
\]

\[
-5(-160) = 800
\]

Add them together:

\[
\det(A) = -40 - 144 + 688 + 800 = 1304
\]

Thus, the determinant of matrix \(A\) is \(\boxed{1304}\).","-1)^{1+4} \cdot (-160) = [-]160\).

### Final Calcula",466,S1_exact
NC_4x4_det_240,Phi-4,determinant,4,Double_Negative_Trap,det,failure,\det(A) = 1375,-,+,2845,"<|im_start|>system<|im_sep|>You are a precise mathematical assistant. Show all computation steps clearly. Always put your final numerical answer inside \boxed{}.<|im_end|><|im_start|>user<|im_sep|>Solve this linear algebra problem. Show your work and give the final answer.

Find the determinant of the 4×4 matrix A.

A = \begin{bmatrix} 2 & -2 & 5 & 0 \\ -1 & -4 & -1 & -3 \\ 4 & -4 & -5 & 5 \\ -4 & 5 & 4 & 5 \end{bmatrix}

<|im_end|><|im_start|>assistant<|im_sep|>To find the determinant of the \(4 \times 4\) matrix \(A\), we can use cofactor expansion along the first row. The matrix \(A\) is given by:

\[
A = \begin{bmatrix} 
2 & -2 & 5 & 0 \\ 
-1 & -4 & -1 & -3 \\ 
4 & -4 & -5 & 5 \\ 
-4 & 5 & 4 & 5 
\end{bmatrix}
\]

The determinant of \(A\), denoted as \(\det(A)\), can be expanded along the first row:

\[
\det(A) = 2 \cdot C_{11} - 2 \cdot C_{12} + 5 \cdot C_{13} + 0 \cdot C_{14}
\]

where \(C_{ij}\) is the cofactor of the element \(a_{ij}\). The cofactor \(C_{ij}\) is given by:

\[
C_{ij} = (-1)^{i+j} \det(M_{ij})
\]

where \(M_{ij}\) is the \((n-1) \times (n-1)\) submatrix obtained by deleting the \(i\)-th row and \(j\)-th column from \(A\).

### Step 1: Calculate \(C_{11}\)

The submatrix \(M_{11}\) is obtained by deleting the first row and first column:

\[
M_{11} = \begin{bmatrix} 
-4 & -1 & -3 \\ 
-4 & -5 & 5 \\ 
5 & 4 & 5 
\end{bmatrix}
\]

The determinant of \(M_{11}\) is:

\[
\det(M_{11}) = (-4) \begin{vmatrix} -5 & 5 \\ 4 & 5 \end{vmatrix} - (-1) \begin{vmatrix} -4 & 5 \\ 5 & 5 \end{vmatrix} - 3 \begin{vmatrix} -4 & -5 \\ 5 & 4 \end{vmatrix}
\]

Calculating each \(2 \times 2\) determinant:

\[
\begin{vmatrix} -5 & 5 \\ 4 & 5 \end{vmatrix} = (-5)(5) - (5)(4) = -25 - 20 = -45
\]

\[
\begin{vmatrix} -4 & 5 \\ 5 & 5 \end{vmatrix} = (-4)(5) - (5)(5) = -20 - 25 = -45
\]

\[
\begin{vmatrix} -4 & -5 \\ 5 & 4 \end{vmatrix} = (-4)(4) - (-5)(5) = -16 + 25 = 9
\]

Substituting back:

\[
\det(M_{11}) = (-4)(-45) - (-1)(-45) - 3(9) = 180 - 45 - 27 = 108
\]

Thus, \(C_{11} = (-1)^{1+1} \cdot 108 = 108\).

### Step 2: Calculate \(C_{12}\)

The submatrix \(M_{12}\) is obtained by deleting the first row and second column:

\[
M_{12} = \begin{bmatrix} 
-1 & -1 & -3 \\ 
4 & -5 & 5 \\ 
-4 & 4 & 5 
\end{bmatrix}
\]

The determinant of \(M_{12}\) is:

\[
\det(M_{12}) = (-1) \begin{vmatrix} -5 & 5 \\ 4 & 5 \end{vmatrix} - (-1) \begin{vmatrix} 4 & 5 \\ -4 & 5 \end{vmatrix} - 3 \begin{vmatrix} 4 & -5 \\ -4 & 4 \end{vmatrix}
\]

Calculating each \(2 \times 2\) determinant:

\[
\begin{vmatrix} -5 & 5 \\ 4 & 5 \end{vmatrix} = -45 \quad \text{(already calculated)}
\]

\[
\begin{vmatrix} 4 & 5 \\ -4 & 5 \end{vmatrix} = (4)(5) - (5)(-4) = 20 + 20 = 40
\]

\[
\begin{vmatrix} 4 & -5 \\ -4 & 4 \end{vmatrix} = (4)(4) - (-5)(-4) = 16 - 20 = -4
\]

Substituting back:

\[
\det(M_{12}) = (-1)(-45) - (-1)(40) - 3(-4) = 45 - 40 + 12 = 17
\]

Thus, \(C_{12} = (-1)^{1+2} \cdot 17 = -17\).

### Step 3: Calculate \(C_{13}\)

The submatrix \(M_{13}\) is obtained by deleting the first row and third column:

\[
M_{13} = \begin{bmatrix} 
-1 & -4 & -3 \\ 
4 & -4 & 5 \\ 
-4 & 5 & 5 
\end{bmatrix}
\]

The determinant of \(M_{13}\) is:

\[
\det(M_{13}) = (-1) \begin{vmatrix} -4 & 5 \\ 5 & 5 \end{vmatrix} - (-4) \begin{vmatrix} 4 & 5 \\ -4 & 5 \end{vmatrix} - 3 \begin{vmatrix} 4 & -4 \\ -4 & 5 \end{vmatrix}
\]

Calculating each \(2 \times 2\) determinant:

\[
\begin{vmatrix} -4 & 5 \\ 5 & 5 \end{vmatrix} = -45 \quad \text{(already calculated)}
\]

\[
\begin{vmatrix} 4 & 5 \\ -4 & 5 \end{vmatrix} = 40 \quad \text{(already calculated)}
\]

\[
\begin{vmatrix} 4 & -4 \\ -4 & 5 \end{vmatrix} = (4)(5) - (-4)(-4) = 20 - 16 = 4
\]

Substituting back:

\[
\det(M_{13}) = (-1)(-45) - (-4)(40) - 3(4) = 45 + 160 - 12 = 193
\]

Thus, \(C_{13} = (-1)^{1+3} \cdot 193 = 193\).

### Final Calculation

Substitute the cofactors back into the determinant expansion:

\[
\det(A) = 2 \cdot 108 - 2 \cdot (-17) + 5 \cdot 193 + 0 \cdot C_{14}
\]

\[
= 216 + 34 + 965
\]

\[
= 1215
\]

Thus, the determinant of matrix \(A\) is \(\boxed{1215}\).","To find the determinant of the \(4 \times 4\) matrix \(A\), we can use cofactor expansion along the first row. The matrix \(A\) is given by:

\[
A = \begin{bmatrix} 
2 & -2 & 5 & 0 \\ 
-1 & -4 & -1 & -3 \\ 
4 & -4 & -5 & 5 \\ 
-4 & 5 & 4 & 5 
\end{bmatrix}
\]

The determinant of \(A\), denoted as \(\det(A)\), can be expanded along the first row:

\[
\det(A) = 2 \cdot C_{11} - 2 \cdot C_{12} + 5 \cdot C_{13} + 0 \cdot C_{14}
\]

where \(C_{ij}\) is the cofactor of the element \(a_{ij}\). The cofactor \(C_{ij}\) is given by:

\[
C_{ij} = (-1)^{i+j} \det(M_{ij})
\]

where \(M_{ij}\) is the \((n-1) \times (n-1)\) submatrix obtained by deleting the \(i\)-th row and \(j\)-th column from \(A\).

### Step 1: Calculate \(C_{11}\)

The submatrix \(M_{11}\) is obtained by deleting the first row and first column:

\[
M_{11} = \begin{bmatrix} 
-4 & -1 & -3 \\ 
-4 & -5 & 5 \\ 
5 & 4 & 5 
\end{bmatrix}
\]

The determinant of \(M_{11}\) is:

\[
\det(M_{11}) = (-4) \begin{vmatrix} -5 & 5 \\ 4 & 5 \end{vmatrix} - (-1) \begin{vmatrix} -4 & 5 \\ 5 & 5 \end{vmatrix} - 3 \begin{vmatrix} -4 & -5 \\ 5 & 4 \end{vmatrix}
\]

Calculating each \(2 \times 2\) determinant:

\[
\begin{vmatrix} -5 & 5 \\ 4 & 5 \end{vmatrix} = (-5)(5) - (5)(4) = -25 - 20 = -45
\]

\[
\begin{vmatrix} -4 & 5 \\ 5 & 5 \end{vmatrix} = (-4)(5) - (5)(5) = -20 - 25 = -45
\]

\[
\begin{vmatrix} -4 & -5 \\ 5 & 4 \end{vmatrix} = (-4)(4) - (-5)(5) = -16 + 25 = 9
\]

Substituting back:

\[
\det(M_{11}) = (-4)(-45) - (-1)(-45) - 3(9) = 180 - 45 - 27 = 108
\]

Thus, \(C_{11} = (-1)^{1+1} \cdot 108 = 108\).

### Step 2: Calculate \(C_{12}\)

The submatrix \(M_{12}\) is obtained by deleting the first row and second column:

\[
M_{12} = \begin{bmatrix} 
-1 & -1 & -3 \\ 
4 & -5 & 5 \\ 
-4 & 4 & 5 
\end{bmatrix}
\]

The determinant of \(M_{12}\) is:

\[
\det(M_{12}) = (-1) \begin{vmatrix} -5 & 5 \\ 4 & 5 \end{vmatrix} - (-1) \begin{vmatrix} 4 & 5 \\ -4 & 5 \end{vmatrix} - 3 \begin{vmatrix} 4 & -5 \\ -4 & 4 \end{vmatrix}
\]

Calculating each \(2 \times 2\) determinant:

\[
\begin{vmatrix} -5 & 5 \\ 4 & 5 \end{vmatrix} = -45 \quad \text{(already calculated)}
\]

\[
\begin{vmatrix} 4 & 5 \\ -4 & 5 \end{vmatrix} = (4)(5) - (5)(-4) = 20 + 20 = 40
\]

\[
\begin{vmatrix} 4 & -5 \\ -4 & 4 \end{vmatrix} = (4)(4) - (-5)(-4) = 16 - 20 = -4
\]

Substituting back:

\[
\det(M_{12}) = (-1)(-45) - (-1)(40) - 3(-4) = 45 - 40 + 12 = 17
\]

Thus, \(C_{12} = (-1)^{1+2} \cdot 17 = -17\).

### Step 3: Calculate \(C_{13}\)

The submatrix \(M_{13}\) is obtained by deleting the first row and third column:

\[
M_{13} = \begin{bmatrix} 
-1 & -4 & -3 \\ 
4 & -4 & 5 \\ 
-4 & 5 & 5 
\end{bmatrix}
\]

The determinant of \(M_{13}\) is:

\[
\det(M_{13}) = (-1) \begin{vmatrix} -4 & 5 \\ 5 & 5 \end{vmatrix} - (-4) \begin{vmatrix} 4 & 5 \\ -4 & 5 \end{vmatrix} - 3 \begin{vmatrix} 4 & -4 \\ -4 & 5 \end{vmatrix}
\]

Calculating each \(2 \times 2\) determinant:

\[
\begin{vmatrix} -4 & 5 \\ 5 & 5 \end{vmatrix} = -45 \quad \text{(already calculated)}
\]

\[
\begin{vmatrix} 4 & 5 \\ -4 & 5 \end{vmatrix} = 40 \quad \text{(already calculated)}
\]

\[
\begin{vmatrix} 4 & -4 \\ -4 & 5 \end{vmatrix} = (4)(5) - (-4)(-4) = 20 - 16 = 4
\]

Substituting back:

\[
\det(M_{13}) = (-1)(-45) - (-4)(40) - 3(4) = 45 + 160 - 12 = 193
\]

Thus, \(C_{13} = (-1)^{1+3} \cdot 193 = 193\).

### Final Calculation

Substitute the cofactors back into the determinant expansion:

\[
\det(A) = 2 \cdot 108 - 2 \cdot (-17) + 5 \cdot 193 + 0 \cdot C_{14}
\]

\[
= 216 + 34 + 965
\]

\[
= 1215
\]

Thus, the determinant of matrix \(A\) is \(\boxed{1215}\)."," - (-1)(40) - 3(-4) = 45 [-] 40 + 12 = 17
\]

Thus, \",467,S1_exact
NC_4x4_det_120,Phi-4,determinant,4,Product_Sign_Error,det,failure,\det(A) = -2070,+,-,1655,"<|im_start|>system<|im_sep|>You are a precise mathematical assistant. Show all computation steps clearly. Always put your final numerical answer inside \boxed{}.<|im_end|><|im_start|>user<|im_sep|>Find the determinant of the 4×4 matrix A.

A = \begin{bmatrix} -2 & -2 & 3 & 3 \\ 0 & -5 & -4 & 4 \\ 5 & 4 & -4 & 5 \\ 5 & -4 & 2 & -3 \end{bmatrix}<|im_end|><|im_start|>assistant<|im_sep|>To find the determinant of the \(4 \times 4\) matrix \(A\), we can use cofactor expansion along the first row. The matrix \(A\) is:

\[
A = \begin{bmatrix} 
-2 & -2 & 3 & 3 \\ 
0 & -5 & -4 & 4 \\ 
5 & 4 & -4 & 5 \\ 
5 & -4 & 2 & -3 
\end{bmatrix}
\]

The determinant of \(A\), denoted as \(\det(A)\), is calculated as follows:

\[
\det(A) = \sum_{j=1}^{4} a_{1j} C_{1j}
\]

where \(a_{1j}\) are the elements of the first row, and \(C_{1j}\) are the corresponding cofactors. The cofactor \(C_{1j}\) is given by:

\[
C_{1j} = (-1)^{1+j} \det(M_{1j})
\]

where \(M_{1j}\) is the \(3 \times 3\) minor matrix obtained by deleting the first row and \(j\)-th column.

### Step 1: Calculate the minors

#### Minor \(M_{11}\):

\[
M_{11} = \begin{bmatrix} 
-5 & -4 & 4 \\ 
4 & -4 & 5 \\ 
-4 & 2 & -3 
\end{bmatrix}
\]

\[
\det(M_{11}) = (-5)((-4)(-3) - (5)(2)) - (-4)((4)(-3) - (5)(-4)) + 4((4)(2) - (-4)(-4))
\]

\[
= (-5)(12 - 10) - (-4)(-12 + 20) + 4(8 - 16)
\]

\[
= (-5)(2) + 4(8) + 4(-8)
\]

\[
= -10 + 32 - 32 = -10
\]

#### Minor \(M_{12}\):

\[
M_{12} = \begin{bmatrix} 
0 & -4 & 4 \\ 
5 & -4 & 5 \\ 
5 & 2 & -3 
\end{bmatrix}
\]

\[
\det(M_{12}) = 0((-4)(-3) - (5)(2)) - (-4)((5)(-3) - (5)(5)) + 4((5)(2) - (5)(-4))
\]

\[
= 0 - (-4)(-15 - 25) + 4(10 + 20)
\]

\[
= 0 + 4(40) + 4(30)
\]

\[
= 160 + 120 = 280
\]

#### Minor \(M_{13}\):

\[
M_{13} = \begin{bmatrix} 
0 & -5 & 4 \\ 
5 & 4 & 5 \\ 
5 & -4 & -3 
\end{bmatrix}
\]

\[
\det(M_{13}) = 0((4)(-3) - (5)(-4)) - (-5)((5)(-3) - (5)(5)) + 4((5)(-4) - (5)(4))
\]

\[
= 0 - (-5)(-15 - 25) + 4(-20 - 20)
\]

\[
= 0 + 5(40) + 4(-40)
\]

\[
= 200 - 160 = 40
\]

#### Minor \(M_{14}\):

\[
M_{14} = \begin{bmatrix} 
0 & -5 & -4 \\ 
5 & 4 & -4 \\ 
5 & -4 & 2 
\end{bmatrix}
\]

\[
\det(M_{14}) = 0((4)(2) - (-4)(-4)) - (-5)((5)(2) - (-4)(5)) + (-4)((5)(-4) - (5)(4))
\]

\[
= 0 - (-5)(10 + 20) - 4(-20 - 20)
\]

\[
= 0 + 5(30) + 4(40)
\]

\[
= 150 + 160 = 310
\]

### Step 2: Calculate the determinant using cofactor expansion

\[
\det(A) = (-2)C_{11} + (-2)C_{12} + 3C_{13} + 3C_{14}
\]

\[
= (-2)(-1)^{1+1}\det(M_{11}) + (-2)(-1)^{1+2}\det(M_{12}) + 3(-1)^{1+3}\det(M_{13}) + 3(-1)^{1+4}\det(M_{14})
\]

\[
= (-2)(1)(-10) + (-2)(-1)(280) + 3(-1)(40) + 3(1)(310)
\]

\[
= 20 + 560 - 120 + 930
\]

\[
= 1390
\]

Thus, the determinant of the matrix \(A\) is \(\boxed{1390}\).","To find the determinant of the \(4 \times 4\) matrix \(A\), we can use cofactor expansion along the first row. The matrix \(A\) is:

\[
A = \begin{bmatrix} 
-2 & -2 & 3 & 3 \\ 
0 & -5 & -4 & 4 \\ 
5 & 4 & -4 & 5 \\ 
5 & -4 & 2 & -3 
\end{bmatrix}
\]

The determinant of \(A\), denoted as \(\det(A)\), is calculated as follows:

\[
\det(A) = \sum_{j=1}^{4} a_{1j} C_{1j}
\]

where \(a_{1j}\) are the elements of the first row, and \(C_{1j}\) are the corresponding cofactors. The cofactor \(C_{1j}\) is given by:

\[
C_{1j} = (-1)^{1+j} \det(M_{1j})
\]

where \(M_{1j}\) is the \(3 \times 3\) minor matrix obtained by deleting the first row and \(j\)-th column.

### Step 1: Calculate the minors

#### Minor \(M_{11}\):

\[
M_{11} = \begin{bmatrix} 
-5 & -4 & 4 \\ 
4 & -4 & 5 \\ 
-4 & 2 & -3 
\end{bmatrix}
\]

\[
\det(M_{11}) = (-5)((-4)(-3) - (5)(2)) - (-4)((4)(-3) - (5)(-4)) + 4((4)(2) - (-4)(-4))
\]

\[
= (-5)(12 - 10) - (-4)(-12 + 20) + 4(8 - 16)
\]

\[
= (-5)(2) + 4(8) + 4(-8)
\]

\[
= -10 + 32 - 32 = -10
\]

#### Minor \(M_{12}\):

\[
M_{12} = \begin{bmatrix} 
0 & -4 & 4 \\ 
5 & -4 & 5 \\ 
5 & 2 & -3 
\end{bmatrix}
\]

\[
\det(M_{12}) = 0((-4)(-3) - (5)(2)) - (-4)((5)(-3) - (5)(5)) + 4((5)(2) - (5)(-4))
\]

\[
= 0 - (-4)(-15 - 25) + 4(10 + 20)
\]

\[
= 0 + 4(40) + 4(30)
\]

\[
= 160 + 120 = 280
\]

#### Minor \(M_{13}\):

\[
M_{13} = \begin{bmatrix} 
0 & -5 & 4 \\ 
5 & 4 & 5 \\ 
5 & -4 & -3 
\end{bmatrix}
\]

\[
\det(M_{13}) = 0((4)(-3) - (5)(-4)) - (-5)((5)(-3) - (5)(5)) + 4((5)(-4) - (5)(4))
\]

\[
= 0 - (-5)(-15 - 25) + 4(-20 - 20)
\]

\[
= 0 + 5(40) + 4(-40)
\]

\[
= 200 - 160 = 40
\]

#### Minor \(M_{14}\):

\[
M_{14} = \begin{bmatrix} 
0 & -5 & -4 \\ 
5 & 4 & -4 \\ 
5 & -4 & 2 
\end{bmatrix}
\]

\[
\det(M_{14}) = 0((4)(2) - (-4)(-4)) - (-5)((5)(2) - (-4)(5)) + (-4)((5)(-4) - (5)(4))
\]

\[
= 0 - (-5)(10 + 20) - 4(-20 - 20)
\]

\[
= 0 + 5(30) + 4(40)
\]

\[
= 150 + 160 = 310
\]

### Step 2: Calculate the determinant using cofactor expansion

\[
\det(A) = (-2)C_{11} + (-2)C_{12} + 3C_{13} + 3C_{14}
\]

\[
= (-2)(-1)^{1+1}\det(M_{11}) + (-2)(-1)^{1+2}\det(M_{12}) + 3(-1)^{1+3}\det(M_{13}) + 3(-1)^{1+4}\det(M_{14})
\]

\[
= (-2)(1)(-10) + (-2)(-1)(280) + 3(-1)(40) + 3(1)(310)
\]

\[
= 20 + 560 - 120 + 930
\]

\[
= 1390
\]

Thus, the determinant of the matrix \(A\) is \(\boxed{1390}\)."," + 4(10 + 20)
\]

\[
= 0 [+] 4(40) + 4(30)
\]

\[
= 1",386,S3_exact
NC_4x4_det_262,Phi-4,determinant,4,Alternating_Drift,det,failure,\det(A) = -320,-,+,893,"<|im_start|>system<|im_sep|>You are a precise mathematical assistant. Show all computation steps clearly. Always put your final numerical answer inside \boxed{}.<|im_end|><|im_start|>user<|im_sep|>Solve this linear algebra problem. Show your work and give the final answer.

Find the determinant of the 4×4 matrix A.

A = \begin{bmatrix} 3 & -1 & 1 & -1 \\ 5 & 1 & -5 & 1 \\ -2 & -4 & 2 & 0 \\ 4 & 1 & 1 & 3 \end{bmatrix}

<|im_end|><|im_start|>assistant<|im_sep|>To find the determinant of the \(4 \times 4\) matrix \(A\), we can use cofactor expansion along the first row. The matrix \(A\) is given by:

\[
A = \begin{bmatrix} 
3 & -1 & 1 & -1 \\ 
5 & 1 & -5 & 1 \\ 
-2 & -4 & 2 & 0 \\ 
4 & 1 & 1 & 3 
\end{bmatrix}
\]

The determinant of \(A\), denoted as \(\det(A)\), can be expanded along the first row:

\[
\det(A) = 3 \cdot \det(A_{11}) - (-1) \cdot \det(A_{12}) + 1 \cdot \det(A_{13}) - 1 \cdot \det(A_{14})
\]

where \(A_{ij}\) is the \((i,j)\)-minor of \(A\), obtained by deleting the \(i\)-th row and \(j\)-th column.

### Step 1: Calculate \(\det(A_{11})\)

The minor \(A_{11}\) is:

\[
A_{11} = \begin{bmatrix} 
1 & -5 & 1 \\ 
-4 & 2 & 0 \\ 
1 & 1 & 3 
\end{bmatrix}
\]

The determinant of this \(3 \times 3\) matrix is:

\[
\det(A_{11}) = 1 \cdot \begin{vmatrix} 2 & 0 \\ 1 & 3 \end{vmatrix} - (-5) \cdot \begin{vmatrix} -4 & 0 \\ 1 & 3 \end{vmatrix} + 1 \cdot \begin{vmatrix} -4 & 2 \\ 1 & 1 \end{vmatrix}
\]

Calculating each \(2 \times 2\) determinant:

\[
\begin{vmatrix} 2 & 0 \\ 1 & 3 \end{vmatrix} = (2)(3) - (0)(1) = 6
\]

\[
\begin{vmatrix} -4 & 0 \\ 1 & 3 \end{vmatrix} = (-4)(3) - (0)(1) = -12
\]

\[
\begin{vmatrix} -4 & 2 \\ 1 & 1 \end{vmatrix} = (-4)(1) - (2)(1) = -4 - 2 = -6
\]

Substituting back:

\[
\det(A_{11}) = 1 \cdot 6 + 5 \cdot (-12) + 1 \cdot (-6) = 6 - 60 - 6 = -60
\]

### Step 2: Calculate \(\det(A_{12})\)

The minor \(A_{12}\) is:

\[
A_{12} = \begin{bmatrix} 
5 & -5 & 1 \\ 
-2 & 2 & 0 \\ 
4 & 1 & 3 
\end{bmatrix}
\]

The determinant of this \(3 \times 3\) matrix is:

\[
\det(A_{12}) = 5 \cdot \begin{vmatrix} 2 & 0 \\ 1 & 3 \end{vmatrix} - (-5) \cdot \begin{vmatrix} -2 & 0 \\ 4 & 3 \end{vmatrix} + 1 \cdot \begin{vmatrix} -2 & 2 \\ 4 & 1 \end{vmatrix}
\]

Calculating each \(2 \times 2\) determinant:

\[
\begin{vmatrix} 2 & 0 \\ 1 & 3 \end{vmatrix} = 6
\]

\[
\begin{vmatrix} -2 & 0 \\ 4 & 3 \end{vmatrix} = (-2)(3) - (0)(4) = -6
\]

\[
\begin{vmatrix} -2 & 2 \\ 4 & 1 \end{vmatrix} = (-2)(1) - (2)(4) = -2 - 8 = -10
\]

Substituting back:

\[
\det(A_{12}) = 5 \cdot 6 + 5 \cdot (-6) + 1 \cdot (-10) = 30 - 30 - 10 = -10
\]

### Step 3: Calculate \(\det(A_{13})\)

The minor \(A_{13}\) is:

\[
A_{13} = \begin{bmatrix} 
5 & 1 & 1 \\ 
-2 & -4 & 0 \\ 
4 & 1 & 3 
\end{bmatrix}
\]

The determinant of this \(3 \times 3\) matrix is:

\[
\det(A_{13}) = 5 \cdot \begin{vmatrix} -4 & 0 \\ 1 & 3 \end{vmatrix} - 1 \cdot \begin{vmatrix} -2 & 0 \\ 4 & 3 \end{vmatrix} + 1 \cdot \begin{vmatrix} -2 & -4 \\ 4 & 1 \end{vmatrix}
\]

Calculating each \(2 \times 2\) determinant:

\[
\begin{vmatrix} -4 & 0 \\ 1 & 3 \end{vmatrix} = (-4)(3) - (0)(1) = -12
\]

\[
\begin{vmatrix} -2 & 0 \\ 4 & 3 \end{vmatrix} = -6
\]

\[
\begin{vmatrix} -2 & -4 \\ 4 & 1 \end{vmatrix} = (-2)(1) - (-4)(4) = -2 + 16 = 14
\]

Substituting back:

\[
\det(A_{13}) = 5 \cdot (-12) - 1 \cdot (-6) + 1 \cdot 14 = -60 + 6 + 14 = -40
\]

### Step 4: Calculate \(\det(A_{14})\)

The minor \(A_{14}\) is:

\[
A_{14} = \begin{bmatrix} 
5 & 1 & -5 \\ 
-2 & -4 & 2 \\ 
4 & 1 & 1 
\end{bmatrix}
\]

The determinant of this \(3 \times 3\) matrix is:

\[
\det(A_{14}) = 5 \cdot \begin{vmatrix} -4 & 2 \\ 1 & 1 \end{vmatrix} - 1 \cdot \begin{vmatrix} -2 & 2 \\ 4 & 1 \end{vmatrix} + (-5) \cdot \begin{vmatrix} -2 & -4 \\ 4 & 1 \end{vmatrix}
\]

Calculating each \(2 \times 2\) determinant:

\[
\begin{vmatrix} -4 & 2 \\ 1 & 1 \end{vmatrix} = (-4)(1) - (2)(1) = -4 - 2 = -6
\]

\[
\begin{vmatrix} -2 & 2 \\ 4 & 1 \end{vmatrix} = -10
\]

\[
\begin{vmatrix} -2 & -4 \\ 4 & 1 \end{vmatrix} = 14
\]

Substituting back:

\[
\det(A_{14}) = 5 \cdot (-6) - 1 \cdot (-10) - 5 \cdot 14 = -30 + 10 - 70 = -90
\]

### Final Calculation

Substitute the determinants of the minors back into the cofactor expansion:

\[
\det(A) = 3 \cdot (-60) + 1 \cdot (-10) + 1 \cdot (-40) - 1 \cdot (-90)
\]

\[
= -180 - 10 - 40 + 90
\]

\[
= -180 - 10 - 40 + 90 = -140
\]

Thus, the determinant of the matrix \(A\) is \(\boxed{-140}\).","To find the determinant of the \(4 \times 4\) matrix \(A\), we can use cofactor expansion along the first row. The matrix \(A\) is given by:

\[
A = \begin{bmatrix} 
3 & -1 & 1 & -1 \\ 
5 & 1 & -5 & 1 \\ 
-2 & -4 & 2 & 0 \\ 
4 & 1 & 1 & 3 
\end{bmatrix}
\]

The determinant of \(A\), denoted as \(\det(A)\), can be expanded along the first row:

\[
\det(A) = 3 \cdot \det(A_{11}) - (-1) \cdot \det(A_{12}) + 1 \cdot \det(A_{13}) - 1 \cdot \det(A_{14})
\]

where \(A_{ij}\) is the \((i,j)\)-minor of \(A\), obtained by deleting the \(i\)-th row and \(j\)-th column.

### Step 1: Calculate \(\det(A_{11})\)

The minor \(A_{11}\) is:

\[
A_{11} = \begin{bmatrix} 
1 & -5 & 1 \\ 
-4 & 2 & 0 \\ 
1 & 1 & 3 
\end{bmatrix}
\]

The determinant of this \(3 \times 3\) matrix is:

\[
\det(A_{11}) = 1 \cdot \begin{vmatrix} 2 & 0 \\ 1 & 3 \end{vmatrix} - (-5) \cdot \begin{vmatrix} -4 & 0 \\ 1 & 3 \end{vmatrix} + 1 \cdot \begin{vmatrix} -4 & 2 \\ 1 & 1 \end{vmatrix}
\]

Calculating each \(2 \times 2\) determinant:

\[
\begin{vmatrix} 2 & 0 \\ 1 & 3 \end{vmatrix} = (2)(3) - (0)(1) = 6
\]

\[
\begin{vmatrix} -4 & 0 \\ 1 & 3 \end{vmatrix} = (-4)(3) - (0)(1) = -12
\]

\[
\begin{vmatrix} -4 & 2 \\ 1 & 1 \end{vmatrix} = (-4)(1) - (2)(1) = -4 - 2 = -6
\]

Substituting back:

\[
\det(A_{11}) = 1 \cdot 6 + 5 \cdot (-12) + 1 \cdot (-6) = 6 - 60 - 6 = -60
\]

### Step 2: Calculate \(\det(A_{12})\)

The minor \(A_{12}\) is:

\[
A_{12} = \begin{bmatrix} 
5 & -5 & 1 \\ 
-2 & 2 & 0 \\ 
4 & 1 & 3 
\end{bmatrix}
\]

The determinant of this \(3 \times 3\) matrix is:

\[
\det(A_{12}) = 5 \cdot \begin{vmatrix} 2 & 0 \\ 1 & 3 \end{vmatrix} - (-5) \cdot \begin{vmatrix} -2 & 0 \\ 4 & 3 \end{vmatrix} + 1 \cdot \begin{vmatrix} -2 & 2 \\ 4 & 1 \end{vmatrix}
\]

Calculating each \(2 \times 2\) determinant:

\[
\begin{vmatrix} 2 & 0 \\ 1 & 3 \end{vmatrix} = 6
\]

\[
\begin{vmatrix} -2 & 0 \\ 4 & 3 \end{vmatrix} = (-2)(3) - (0)(4) = -6
\]

\[
\begin{vmatrix} -2 & 2 \\ 4 & 1 \end{vmatrix} = (-2)(1) - (2)(4) = -2 - 8 = -10
\]

Substituting back:

\[
\det(A_{12}) = 5 \cdot 6 + 5 \cdot (-6) + 1 \cdot (-10) = 30 - 30 - 10 = -10
\]

### Step 3: Calculate \(\det(A_{13})\)

The minor \(A_{13}\) is:

\[
A_{13} = \begin{bmatrix} 
5 & 1 & 1 \\ 
-2 & -4 & 0 \\ 
4 & 1 & 3 
\end{bmatrix}
\]

The determinant of this \(3 \times 3\) matrix is:

\[
\det(A_{13}) = 5 \cdot \begin{vmatrix} -4 & 0 \\ 1 & 3 \end{vmatrix} - 1 \cdot \begin{vmatrix} -2 & 0 \\ 4 & 3 \end{vmatrix} + 1 \cdot \begin{vmatrix} -2 & -4 \\ 4 & 1 \end{vmatrix}
\]

Calculating each \(2 \times 2\) determinant:

\[
\begin{vmatrix} -4 & 0 \\ 1 & 3 \end{vmatrix} = (-4)(3) - (0)(1) = -12
\]

\[
\begin{vmatrix} -2 & 0 \\ 4 & 3 \end{vmatrix} = -6
\]

\[
\begin{vmatrix} -2 & -4 \\ 4 & 1 \end{vmatrix} = (-2)(1) - (-4)(4) = -2 + 16 = 14
\]

Substituting back:

\[
\det(A_{13}) = 5 \cdot (-12) - 1 \cdot (-6) + 1 \cdot 14 = -60 + 6 + 14 = -40
\]

### Step 4: Calculate \(\det(A_{14})\)

The minor \(A_{14}\) is:

\[
A_{14} = \begin{bmatrix} 
5 & 1 & -5 \\ 
-2 & -4 & 2 \\ 
4 & 1 & 1 
\end{bmatrix}
\]

The determinant of this \(3 \times 3\) matrix is:

\[
\det(A_{14}) = 5 \cdot \begin{vmatrix} -4 & 2 \\ 1 & 1 \end{vmatrix} - 1 \cdot \begin{vmatrix} -2 & 2 \\ 4 & 1 \end{vmatrix} + (-5) \cdot \begin{vmatrix} -2 & -4 \\ 4 & 1 \end{vmatrix}
\]

Calculating each \(2 \times 2\) determinant:

\[
\begin{vmatrix} -4 & 2 \\ 1 & 1 \end{vmatrix} = (-4)(1) - (2)(1) = -4 - 2 = -6
\]

\[
\begin{vmatrix} -2 & 2 \\ 4 & 1 \end{vmatrix} = -10
\]

\[
\begin{vmatrix} -2 & -4 \\ 4 & 1 \end{vmatrix} = 14
\]

Substituting back:

\[
\det(A_{14}) = 5 \cdot (-6) - 1 \cdot (-10) - 5 \cdot 14 = -30 + 10 - 70 = -90
\]

### Final Calculation

Substitute the determinants of the minors back into the cofactor expansion:

\[
\det(A) = 3 \cdot (-60) + 1 \cdot (-10) + 1 \cdot (-40) - 1 \cdot (-90)
\]

\[
= -180 - 10 - 40 + 90
\]

\[
= -180 - 10 - 40 + 90 = -140
\]

Thus, the determinant of the matrix \(A\) is \(\boxed{-140}\).",") + 1 \cdot \det(A_{13}) [-] 1 \cdot \det(A_{14})
\]
",464,S1_exact
NC_4x4_det_1800,Phi-4,determinant,4,Cofactor_Neglect,det,failure,\det(A) = -36,-,+,1747,"<|im_start|>system<|im_sep|>You are a precise mathematical assistant. Show all computation steps clearly. Always put your final numerical answer inside \boxed{}.<|im_end|><|im_start|>user<|im_sep|>Solve this linear algebra problem. Show your work and give the final answer.

Find the determinant of the 4×4 matrix A.

A = \begin{bmatrix} -2 & 4 & -2 & -4 \\ -4 & 2 & -2 & 4 \\ 1 & 0 & 0 & -2 \\ 2 & 0 & 0 & 5 \end{bmatrix}

<|im_end|><|im_start|>assistant<|im_sep|>To find the determinant of the \(4 \times 4\) matrix \( A \), we can use cofactor expansion along a row or column. Let's choose the third column for expansion, as it contains two zeros, which simplifies the calculation.

The matrix \( A \) is:

\[
A = \begin{bmatrix} 
-2 & 4 & -2 & -4 \\ 
-4 & 2 & -2 & 4 \\ 
1 & 0 & 0 & -2 \\ 
2 & 0 & 0 & 5 
\end{bmatrix}
\]

The determinant of \( A \), denoted as \(\det(A)\), is given by:

\[
\det(A) = a_{13}C_{13} + a_{23}C_{23} + a_{33}C_{33} + a_{43}C_{43}
\]

where \( a_{ij} \) is the element in the \(i\)-th row and \(j\)-th column, and \( C_{ij} \) is the cofactor of \( a_{ij} \).

The third column elements are \( a_{13} = -2 \), \( a_{23} = -2 \), \( a_{33} = 0 \), \( a_{43} = 0 \).

Since \( a_{33} = 0 \) and \( a_{43} = 0 \), their contributions to the determinant are zero. Thus, we only need to calculate the cofactors \( C_{13} \) and \( C_{23} \).

### Cofactor \( C_{13} \)

The minor \( M_{13} \) is the determinant of the \(3 \times 3\) matrix obtained by deleting the first row and third column:

\[
M_{13} = \begin{vmatrix} 
-4 & 2 & 4 \\ 
1 & 0 & -2 \\ 
2 & 0 & 5 
\end{vmatrix}
\]

Calculate \( M_{13} \) using cofactor expansion along the second row:

\[
M_{13} = 1 \cdot \begin{vmatrix} 2 & 4 \\ 0 & 5 \end{vmatrix} - 0 \cdot \begin{vmatrix} -4 & 4 \\ 2 & 5 \end{vmatrix} + (-2) \cdot \begin{vmatrix} -4 & 2 \\ 2 & 0 \end{vmatrix}
\]

Calculate the \(2 \times 2\) determinants:

\[
\begin{vmatrix} 2 & 4 \\ 0 & 5 \end{vmatrix} = (2)(5) - (4)(0) = 10
\]

\[
\begin{vmatrix} -4 & 2 \\ 2 & 0 \end{vmatrix} = (-4)(0) - (2)(2) = -4
\]

Substitute back:

\[
M_{13} = 1 \cdot 10 + 0 - 2 \cdot (-4) = 10 + 8 = 18
\]

The cofactor \( C_{13} \) is:

\[
C_{13} = (-1)^{1+3} M_{13} = (-1)^4 \cdot 18 = 18
\]

### Cofactor \( C_{23} \)

The minor \( M_{23} \) is the determinant of the \(3 \times 3\) matrix obtained by deleting the second row and third column:

\[
M_{23} = \begin{vmatrix} 
-2 & 4 & -4 \\ 
1 & 0 & -2 \\ 
2 & 0 & 5 
\end{vmatrix}
\]

Calculate \( M_{23} \) using cofactor expansion along the second row:

\[
M_{23} = 1 \cdot \begin{vmatrix} 4 & -4 \\ 0 & 5 \end{vmatrix} - 0 \cdot \begin{vmatrix} -2 & -4 \\ 2 & 5 \end{vmatrix} + (-2) \cdot \begin{vmatrix} -2 & 4 \\ 2 & 0 \end{vmatrix}
\]

Calculate the \(2 \times 2\) determinants:

\[
\begin{vmatrix} 4 & -4 \\ 0 & 5 \end{vmatrix} = (4)(5) - (-4)(0) = 20
\]

\[
\begin{vmatrix} -2 & 4 \\ 2 & 0 \end{vmatrix} = (-2)(0) - (4)(2) = -8
\]

Substitute back:

\[
M_{23} = 1 \cdot 20 + 0 - 2 \cdot (-8) = 20 + 16 = 36
\]

The cofactor \( C_{23} \) is:

\[
C_{23} = (-1)^{2+3} M_{23} = (-1)^5 \cdot 36 = -36
\]

### Determinant of \( A \)

Now substitute back into the determinant formula:

\[
\det(A) = a_{13}C_{13} + a_{23}C_{23} = (-2)(18) + (-2)(-36)
\]

Calculate:

\[
\det(A) = -36 + 72 = 36
\]

Thus, the determinant of matrix \( A \) is \(\boxed{36}\).","To find the determinant of the \(4 \times 4\) matrix \( A \), we can use cofactor expansion along a row or column. Let's choose the third column for expansion, as it contains two zeros, which simplifies the calculation.

The matrix \( A \) is:

\[
A = \begin{bmatrix} 
-2 & 4 & -2 & -4 \\ 
-4 & 2 & -2 & 4 \\ 
1 & 0 & 0 & -2 \\ 
2 & 0 & 0 & 5 
\end{bmatrix}
\]

The determinant of \( A \), denoted as \(\det(A)\), is given by:

\[
\det(A) = a_{13}C_{13} + a_{23}C_{23} + a_{33}C_{33} + a_{43}C_{43}
\]

where \( a_{ij} \) is the element in the \(i\)-th row and \(j\)-th column, and \( C_{ij} \) is the cofactor of \( a_{ij} \).

The third column elements are \( a_{13} = -2 \), \( a_{23} = -2 \), \( a_{33} = 0 \), \( a_{43} = 0 \).

Since \( a_{33} = 0 \) and \( a_{43} = 0 \), their contributions to the determinant are zero. Thus, we only need to calculate the cofactors \( C_{13} \) and \( C_{23} \).

### Cofactor \( C_{13} \)

The minor \( M_{13} \) is the determinant of the \(3 \times 3\) matrix obtained by deleting the first row and third column:

\[
M_{13} = \begin{vmatrix} 
-4 & 2 & 4 \\ 
1 & 0 & -2 \\ 
2 & 0 & 5 
\end{vmatrix}
\]

Calculate \( M_{13} \) using cofactor expansion along the second row:

\[
M_{13} = 1 \cdot \begin{vmatrix} 2 & 4 \\ 0 & 5 \end{vmatrix} - 0 \cdot \begin{vmatrix} -4 & 4 \\ 2 & 5 \end{vmatrix} + (-2) \cdot \begin{vmatrix} -4 & 2 \\ 2 & 0 \end{vmatrix}
\]

Calculate the \(2 \times 2\) determinants:

\[
\begin{vmatrix} 2 & 4 \\ 0 & 5 \end{vmatrix} = (2)(5) - (4)(0) = 10
\]

\[
\begin{vmatrix} -4 & 2 \\ 2 & 0 \end{vmatrix} = (-4)(0) - (2)(2) = -4
\]

Substitute back:

\[
M_{13} = 1 \cdot 10 + 0 - 2 \cdot (-4) = 10 + 8 = 18
\]

The cofactor \( C_{13} \) is:

\[
C_{13} = (-1)^{1+3} M_{13} = (-1)^4 \cdot 18 = 18
\]

### Cofactor \( C_{23} \)

The minor \( M_{23} \) is the determinant of the \(3 \times 3\) matrix obtained by deleting the second row and third column:

\[
M_{23} = \begin{vmatrix} 
-2 & 4 & -4 \\ 
1 & 0 & -2 \\ 
2 & 0 & 5 
\end{vmatrix}
\]

Calculate \( M_{23} \) using cofactor expansion along the second row:

\[
M_{23} = 1 \cdot \begin{vmatrix} 4 & -4 \\ 0 & 5 \end{vmatrix} - 0 \cdot \begin{vmatrix} -2 & -4 \\ 2 & 5 \end{vmatrix} + (-2) \cdot \begin{vmatrix} -2 & 4 \\ 2 & 0 \end{vmatrix}
\]

Calculate the \(2 \times 2\) determinants:

\[
\begin{vmatrix} 4 & -4 \\ 0 & 5 \end{vmatrix} = (4)(5) - (-4)(0) = 20
\]

\[
\begin{vmatrix} -2 & 4 \\ 2 & 0 \end{vmatrix} = (-2)(0) - (4)(2) = -8
\]

Substitute back:

\[
M_{23} = 1 \cdot 20 + 0 - 2 \cdot (-8) = 20 + 16 = 36
\]

The cofactor \( C_{23} \) is:

\[
C_{23} = (-1)^{2+3} M_{23} = (-1)^5 \cdot 36 = -36
\]

### Determinant of \( A \)

Now substitute back into the determinant formula:

\[
\det(A) = a_{13}C_{13} + a_{23}C_{23} = (-2)(18) + (-2)(-36)
\]

Calculate:

\[
\det(A) = -36 + 72 = 36
\]

Thus, the determinant of matrix \( A \) is \(\boxed{36}\).",4 \\ 0 & 5 \end{vmatrix} [-] 0 \cdot \begin{vmatrix} ,465,S1_exact
NC_4x4_det_476,Phi-4,determinant,4,Alternating_Drift,det,failure,\det(A) = 78,-,+,3599,"<|im_start|>system<|im_sep|>You are a precise mathematical assistant. Show all computation steps clearly. Always put your final numerical answer inside \boxed{}.<|im_end|><|im_start|>user<|im_sep|>Solve this linear algebra problem. Show your work and give the final answer.

Find the determinant of the 4×4 matrix A.

A = \begin{bmatrix} 4 & -2 & 5 & 3 \\ 3 & -5 & 1 & 4 \\ 2 & -4 & 1 & 3 \\ 5 & 2 & -4 & -5 \end{bmatrix}

<|im_end|><|im_start|>assistant<|im_sep|>To find the determinant of the \(4 \times 4\) matrix \(A\), we can use cofactor expansion along the first row. The matrix \(A\) is given by:

\[
A = \begin{bmatrix} 
4 & -2 & 5 & 3 \\ 
3 & -5 & 1 & 4 \\ 
2 & -4 & 1 & 3 \\ 
5 & 2 & -4 & -5 
\end{bmatrix}
\]

The determinant of \(A\), denoted as \(\det(A)\), can be expanded along the first row:

\[
\det(A) = 4 \cdot C_{11} - 2 \cdot C_{12} + 5 \cdot C_{13} + 3 \cdot C_{14}
\]

where \(C_{ij}\) is the cofactor of the element in the \(i\)-th row and \(j\)-th column. The cofactor \(C_{ij}\) is given by:

\[
C_{ij} = (-1)^{i+j} \det(M_{ij})
\]

where \(M_{ij}\) is the \((n-1) \times (n-1)\) submatrix obtained by deleting the \(i\)-th row and \(j\)-th column from \(A\).

### Step 1: Calculate \(C_{11}\)

The submatrix \(M_{11}\) is:

\[
M_{11} = \begin{bmatrix} 
-5 & 1 & 4 \\ 
-4 & 1 & 3 \\ 
2 & -4 & -5 
\end{bmatrix}
\]

The determinant of \(M_{11}\) is:

\[
\det(M_{11}) = (-5) \begin{vmatrix} 1 & 3 \\ -4 & -5 \end{vmatrix} - 1 \begin{vmatrix} -4 & 3 \\ 2 & -5 \end{vmatrix} + 4 \begin{vmatrix} -4 & 1 \\ 2 & -4 \end{vmatrix}
\]

Calculating each \(2 \times 2\) determinant:

\[
\begin{vmatrix} 1 & 3 \\ -4 & -5 \end{vmatrix} = (1)(-5) - (3)(-4) = -5 + 12 = 7
\]

\[
\begin{vmatrix} -4 & 3 \\ 2 & -5 \end{vmatrix} = (-4)(-5) - (3)(2) = 20 - 6 = 14
\]

\[
\begin{vmatrix} -4 & 1 \\ 2 & -4 \end{vmatrix} = (-4)(-4) - (1)(2) = 16 - 2 = 14
\]

Substituting back:

\[
\det(M_{11}) = (-5)(7) - 1(14) + 4(14) = -35 - 14 + 56 = 7
\]

Thus, \(C_{11} = (-1)^{1+1} \cdot 7 = 7\).

### Step 2: Calculate \(C_{12}\)

The submatrix \(M_{12}\) is:

\[
M_{12} = \begin{bmatrix} 
3 & 1 & 4 \\ 
2 & 1 & 3 \\ 
5 & -4 & -5 
\end{bmatrix}
\]

The determinant of \(M_{12}\) is:

\[
\det(M_{12}) = 3 \begin{vmatrix} 1 & 3 \\ -4 & -5 \end{vmatrix} - 1 \begin{vmatrix} 2 & 3 \\ 5 & -5 \end{vmatrix} + 4 \begin{vmatrix} 2 & 1 \\ 5 & -4 \end{vmatrix}
\]

Calculating each \(2 \times 2\) determinant:

\[
\begin{vmatrix} 1 & 3 \\ -4 & -5 \end{vmatrix} = 7 \quad \text{(already calculated)}
\]

\[
\begin{vmatrix} 2 & 3 \\ 5 & -5 \end{vmatrix} = (2)(-5) - (3)(5) = -10 - 15 = -25
\]

\[
\begin{vmatrix} 2 & 1 \\ 5 & -4 \end{vmatrix} = (2)(-4) - (1)(5) = -8 - 5 = -13
\]

Substituting back:

\[
\det(M_{12}) = 3(7) - 1(-25) + 4(-13) = 21 + 25 - 52 = -6
\]

Thus, \(C_{12} = (-1)^{1+2} \cdot (-6) = 6\).

### Step 3: Calculate \(C_{13}\)

The submatrix \(M_{13}\) is:

\[
M_{13} = \begin{bmatrix} 
3 & -5 & 4 \\ 
2 & -4 & 3 \\ 
5 & 2 & -5 
\end{bmatrix}
\]

The determinant of \(M_{13}\) is:

\[
\det(M_{13}) = 3 \begin{vmatrix} -4 & 3 \\ 2 & -5 \end{vmatrix} + 5 \begin{vmatrix} 2 & 3 \\ 5 & -5 \end{vmatrix} + 4 \begin{vmatrix} 2 & -4 \\ 5 & 2 \end{vmatrix}
\]

Calculating each \(2 \times 2\) determinant:

\[
\begin{vmatrix} -4 & 3 \\ 2 & -5 \end{vmatrix} = 14 \quad \text{(already calculated)}
\]

\[
\begin{vmatrix} 2 & 3 \\ 5 & -5 \end{vmatrix} = -25 \quad \text{(already calculated)}
\]

\[
\begin{vmatrix} 2 & -4 \\ 5 & 2 \end{vmatrix} = (2)(2) - (-4)(5) = 4 + 20 = 24
\]

Substituting back:

\[
\det(M_{13}) = 3(14) + 5(-25) + 4(24) = 42 - 125 + 96 = 13
\]

Thus, \(C_{13} = (-1)^{1+3} \cdot 13 = -13\).

### Step 4: Calculate \(C_{14}\)

The submatrix \(M_{14}\) is:

\[
M_{14} = \begin{bmatrix} 
3 & -5 & 1 \\ 
2 & -4 & 1 \\ 
5 & 2 & -4 
\end{bmatrix}
\]

The determinant of \(M_{14}\) is:

\[
\det(M_{14}) = 3 \begin{vmatrix} -4 & 1 \\ 2 & -4 \end{vmatrix} + 5 \begin{vmatrix} 2 & 1 \\ 5 & -4 \end{vmatrix} + 1 \begin{vmatrix} 2 & -4 \\ 5 & 2 \end{vmatrix}
\]

Calculating each \(2 \times 2\) determinant:

\[
\begin{vmatrix} -4 & 1 \\ 2 & -4 \end{vmatrix} = 14 \quad \text{(already calculated)}
\]

\[
\begin{vmatrix} 2 & 1 \\ 5 & -4 \end{vmatrix} = -13 \quad \text{(already calculated)}
\]

\[
\begin{vmatrix} 2 & -4 \\ 5 & 2 \end{vmatrix} = 24 \quad \text{(already calculated)}
\]

Substituting back:

\[
\det(M_{14}) = 3(14) + 5(-13) + 1(24) = 42 - 65 + 24 = 1
\]

Thus, \(C_{14} = (-1)^{1+4} \cdot 1 = 1\).

### Final Calculation

Substitute the cofactors back into the determinant expansion:

\[
\det(A) = 4 \cdot 7 - 2 \cdot 6 + 5 \cdot (-13) + 3 \cdot 1
\]

\[
= 28 - 12 - 65 + 3
\]

\[
= 28 - 12 - 65 + 3 = -46
\]

Thus, the determinant of matrix \(A\) is \(\boxed{-46}\).","To find the determinant of the \(4 \times 4\) matrix \(A\), we can use cofactor expansion along the first row. The matrix \(A\) is given by:

\[
A = \begin{bmatrix} 
4 & -2 & 5 & 3 \\ 
3 & -5 & 1 & 4 \\ 
2 & -4 & 1 & 3 \\ 
5 & 2 & -4 & -5 
\end{bmatrix}
\]

The determinant of \(A\), denoted as \(\det(A)\), can be expanded along the first row:

\[
\det(A) = 4 \cdot C_{11} - 2 \cdot C_{12} + 5 \cdot C_{13} + 3 \cdot C_{14}
\]

where \(C_{ij}\) is the cofactor of the element in the \(i\)-th row and \(j\)-th column. The cofactor \(C_{ij}\) is given by:

\[
C_{ij} = (-1)^{i+j} \det(M_{ij})
\]

where \(M_{ij}\) is the \((n-1) \times (n-1)\) submatrix obtained by deleting the \(i\)-th row and \(j\)-th column from \(A\).

### Step 1: Calculate \(C_{11}\)

The submatrix \(M_{11}\) is:

\[
M_{11} = \begin{bmatrix} 
-5 & 1 & 4 \\ 
-4 & 1 & 3 \\ 
2 & -4 & -5 
\end{bmatrix}
\]

The determinant of \(M_{11}\) is:

\[
\det(M_{11}) = (-5) \begin{vmatrix} 1 & 3 \\ -4 & -5 \end{vmatrix} - 1 \begin{vmatrix} -4 & 3 \\ 2 & -5 \end{vmatrix} + 4 \begin{vmatrix} -4 & 1 \\ 2 & -4 \end{vmatrix}
\]

Calculating each \(2 \times 2\) determinant:

\[
\begin{vmatrix} 1 & 3 \\ -4 & -5 \end{vmatrix} = (1)(-5) - (3)(-4) = -5 + 12 = 7
\]

\[
\begin{vmatrix} -4 & 3 \\ 2 & -5 \end{vmatrix} = (-4)(-5) - (3)(2) = 20 - 6 = 14
\]

\[
\begin{vmatrix} -4 & 1 \\ 2 & -4 \end{vmatrix} = (-4)(-4) - (1)(2) = 16 - 2 = 14
\]

Substituting back:

\[
\det(M_{11}) = (-5)(7) - 1(14) + 4(14) = -35 - 14 + 56 = 7
\]

Thus, \(C_{11} = (-1)^{1+1} \cdot 7 = 7\).

### Step 2: Calculate \(C_{12}\)

The submatrix \(M_{12}\) is:

\[
M_{12} = \begin{bmatrix} 
3 & 1 & 4 \\ 
2 & 1 & 3 \\ 
5 & -4 & -5 
\end{bmatrix}
\]

The determinant of \(M_{12}\) is:

\[
\det(M_{12}) = 3 \begin{vmatrix} 1 & 3 \\ -4 & -5 \end{vmatrix} - 1 \begin{vmatrix} 2 & 3 \\ 5 & -5 \end{vmatrix} + 4 \begin{vmatrix} 2 & 1 \\ 5 & -4 \end{vmatrix}
\]

Calculating each \(2 \times 2\) determinant:

\[
\begin{vmatrix} 1 & 3 \\ -4 & -5 \end{vmatrix} = 7 \quad \text{(already calculated)}
\]

\[
\begin{vmatrix} 2 & 3 \\ 5 & -5 \end{vmatrix} = (2)(-5) - (3)(5) = -10 - 15 = -25
\]

\[
\begin{vmatrix} 2 & 1 \\ 5 & -4 \end{vmatrix} = (2)(-4) - (1)(5) = -8 - 5 = -13
\]

Substituting back:

\[
\det(M_{12}) = 3(7) - 1(-25) + 4(-13) = 21 + 25 - 52 = -6
\]

Thus, \(C_{12} = (-1)^{1+2} \cdot (-6) = 6\).

### Step 3: Calculate \(C_{13}\)

The submatrix \(M_{13}\) is:

\[
M_{13} = \begin{bmatrix} 
3 & -5 & 4 \\ 
2 & -4 & 3 \\ 
5 & 2 & -5 
\end{bmatrix}
\]

The determinant of \(M_{13}\) is:

\[
\det(M_{13}) = 3 \begin{vmatrix} -4 & 3 \\ 2 & -5 \end{vmatrix} + 5 \begin{vmatrix} 2 & 3 \\ 5 & -5 \end{vmatrix} + 4 \begin{vmatrix} 2 & -4 \\ 5 & 2 \end{vmatrix}
\]

Calculating each \(2 \times 2\) determinant:

\[
\begin{vmatrix} -4 & 3 \\ 2 & -5 \end{vmatrix} = 14 \quad \text{(already calculated)}
\]

\[
\begin{vmatrix} 2 & 3 \\ 5 & -5 \end{vmatrix} = -25 \quad \text{(already calculated)}
\]

\[
\begin{vmatrix} 2 & -4 \\ 5 & 2 \end{vmatrix} = (2)(2) - (-4)(5) = 4 + 20 = 24
\]

Substituting back:

\[
\det(M_{13}) = 3(14) + 5(-25) + 4(24) = 42 - 125 + 96 = 13
\]

Thus, \(C_{13} = (-1)^{1+3} \cdot 13 = -13\).

### Step 4: Calculate \(C_{14}\)

The submatrix \(M_{14}\) is:

\[
M_{14} = \begin{bmatrix} 
3 & -5 & 1 \\ 
2 & -4 & 1 \\ 
5 & 2 & -4 
\end{bmatrix}
\]

The determinant of \(M_{14}\) is:

\[
\det(M_{14}) = 3 \begin{vmatrix} -4 & 1 \\ 2 & -4 \end{vmatrix} + 5 \begin{vmatrix} 2 & 1 \\ 5 & -4 \end{vmatrix} + 1 \begin{vmatrix} 2 & -4 \\ 5 & 2 \end{vmatrix}
\]

Calculating each \(2 \times 2\) determinant:

\[
\begin{vmatrix} -4 & 1 \\ 2 & -4 \end{vmatrix} = 14 \quad \text{(already calculated)}
\]

\[
\begin{vmatrix} 2 & 1 \\ 5 & -4 \end{vmatrix} = -13 \quad \text{(already calculated)}
\]

\[
\begin{vmatrix} 2 & -4 \\ 5 & 2 \end{vmatrix} = 24 \quad \text{(already calculated)}
\]

Substituting back:

\[
\det(M_{14}) = 3(14) + 5(-13) + 1(24) = 42 - 65 + 24 = 1
\]

Thus, \(C_{14} = (-1)^{1+4} \cdot 1 = 1\).

### Final Calculation

Substitute the cofactors back into the determinant expansion:

\[
\det(A) = 4 \cdot 7 - 2 \cdot 6 + 5 \cdot (-13) + 3 \cdot 1
\]

\[
= 28 - 12 - 65 + 3
\]

\[
= 28 - 12 - 65 + 3 = -46
\]

Thus, the determinant of matrix \(A\) is \(\boxed{-46}\)."," = (-1)^{1+3} \cdot 13 = [-]13\).

### Step 4: Calcul",464,S1_exact
NC_4x4_det_679,Phi-4,determinant,4,Cofactor_Neglect,det,failure,\det(A) = 444,-,+,898,"<|im_start|>system<|im_sep|>You are a precise mathematical assistant. Show all computation steps clearly. Always put your final numerical answer inside \boxed{}.<|im_end|><|im_start|>user<|im_sep|>Solve this linear algebra problem. Show your work and give the final answer.

Find the determinant of the 4×4 matrix A.

A = \begin{bmatrix} 4 & 0 & 0 & -1 \\ -1 & -4 & -3 & 2 \\ 0 & 4 & 0 & 2 \\ -2 & -5 & 5 & 1 \end{bmatrix}

<|im_end|><|im_start|>assistant<|im_sep|>To find the determinant of the \(4 \times 4\) matrix \( A \), we can use cofactor expansion along the first row. The matrix \( A \) is given by:

\[
A = \begin{bmatrix} 
4 & 0 & 0 & -1 \\ 
-1 & -4 & -3 & 2 \\ 
0 & 4 & 0 & 2 \\ 
-2 & -5 & 5 & 1 
\end{bmatrix}
\]

The determinant of \( A \), denoted as \(\det(A)\), can be expanded along the first row:

\[
\det(A) = 4 \cdot \det(A_{11}) - 0 \cdot \det(A_{12}) + 0 \cdot \det(A_{13}) - 1 \cdot \det(A_{14})
\]

where \( A_{ij} \) is the \((i,j)\)-minor of \( A \), obtained by deleting the \(i\)-th row and \(j\)-th column.

Since the terms involving \(0\) will be zero, we only need to compute:

\[
\det(A) = 4 \cdot \det(A_{11}) - \det(A_{14})
\]

### Step 1: Compute \(\det(A_{11})\)

The minor \( A_{11} \) is obtained by deleting the first row and first column:

\[
A_{11} = \begin{bmatrix} 
-4 & -3 & 2 \\ 
4 & 0 & 2 \\ 
-5 & 5 & 1 
\end{bmatrix}
\]

The determinant of a \(3 \times 3\) matrix is calculated as follows:

\[
\det(A_{11}) = (-4) \begin{vmatrix} 0 & 2 \\ 5 & 1 \end{vmatrix} - (-3) \begin{vmatrix} 4 & 2 \\ -5 & 1 \end{vmatrix} + 2 \begin{vmatrix} 4 & 0 \\ -5 & 5 \end{vmatrix}
\]

Calculate each \(2 \times 2\) determinant:

\[
\begin{vmatrix} 0 & 2 \\ 5 & 1 \end{vmatrix} = (0)(1) - (2)(5) = -10
\]

\[
\begin{vmatrix} 4 & 2 \\ -5 & 1 \end{vmatrix} = (4)(1) - (2)(-5) = 4 + 10 = 14
\]

\[
\begin{vmatrix} 4 & 0 \\ -5 & 5 \end{vmatrix} = (4)(5) - (0)(-5) = 20
\]

Substitute back into the expression for \(\det(A_{11})\):

\[
\det(A_{11}) = (-4)(-10) - (-3)(14) + 2(20)
\]

\[
= 40 + 42 + 40 = 122
\]

### Step 2: Compute \(\det(A_{14})\)

The minor \( A_{14} \) is obtained by deleting the first row and fourth column:

\[
A_{14} = \begin{bmatrix} 
-1 & -4 & -3 \\ 
0 & 4 & 0 \\ 
-2 & -5 & 5 
\end{bmatrix}
\]

The determinant of this \(3 \times 3\) matrix is:

\[
\det(A_{14}) = (-1) \begin{vmatrix} 4 & 0 \\ -5 & 5 \end{vmatrix} - (-4) \begin{vmatrix} 0 & 0 \\ -2 & 5 \end{vmatrix} + (-3) \begin{vmatrix} 0 & 4 \\ -2 & -5 \end{vmatrix}
\]

Calculate each \(2 \times 2\) determinant:

\[
\begin{vmatrix} 4 & 0 \\ -5 & 5 \end{vmatrix} = (4)(5) - (0)(-5) = 20
\]

\[
\begin{vmatrix} 0 & 0 \\ -2 & 5 \end{vmatrix} = (0)(5) - (0)(-2) = 0
\]

\[
\begin{vmatrix} 0 & 4 \\ -2 & -5 \end{vmatrix} = (0)(-5) - (4)(-2) = 8
\]

Substitute back into the expression for \(\det(A_{14})\):

\[
\det(A_{14}) = (-1)(20) - (-4)(0) + (-3)(8)
\]

\[
= -20 + 0 - 24 = -44
\]

### Final Calculation

Substitute \(\det(A_{11})\) and \(\det(A_{14})\) back into the expression for \(\det(A)\):

\[
\det(A) = 4 \cdot 122 - (-44)
\]

\[
= 488 + 44 = 532
\]

Thus, the determinant of the matrix \( A \) is \(\boxed{532}\).","To find the determinant of the \(4 \times 4\) matrix \( A \), we can use cofactor expansion along the first row. The matrix \( A \) is given by:

\[
A = \begin{bmatrix} 
4 & 0 & 0 & -1 \\ 
-1 & -4 & -3 & 2 \\ 
0 & 4 & 0 & 2 \\ 
-2 & -5 & 5 & 1 
\end{bmatrix}
\]

The determinant of \( A \), denoted as \(\det(A)\), can be expanded along the first row:

\[
\det(A) = 4 \cdot \det(A_{11}) - 0 \cdot \det(A_{12}) + 0 \cdot \det(A_{13}) - 1 \cdot \det(A_{14})
\]

where \( A_{ij} \) is the \((i,j)\)-minor of \( A \), obtained by deleting the \(i\)-th row and \(j\)-th column.

Since the terms involving \(0\) will be zero, we only need to compute:

\[
\det(A) = 4 \cdot \det(A_{11}) - \det(A_{14})
\]

### Step 1: Compute \(\det(A_{11})\)

The minor \( A_{11} \) is obtained by deleting the first row and first column:

\[
A_{11} = \begin{bmatrix} 
-4 & -3 & 2 \\ 
4 & 0 & 2 \\ 
-5 & 5 & 1 
\end{bmatrix}
\]

The determinant of a \(3 \times 3\) matrix is calculated as follows:

\[
\det(A_{11}) = (-4) \begin{vmatrix} 0 & 2 \\ 5 & 1 \end{vmatrix} - (-3) \begin{vmatrix} 4 & 2 \\ -5 & 1 \end{vmatrix} + 2 \begin{vmatrix} 4 & 0 \\ -5 & 5 \end{vmatrix}
\]

Calculate each \(2 \times 2\) determinant:

\[
\begin{vmatrix} 0 & 2 \\ 5 & 1 \end{vmatrix} = (0)(1) - (2)(5) = -10
\]

\[
\begin{vmatrix} 4 & 2 \\ -5 & 1 \end{vmatrix} = (4)(1) - (2)(-5) = 4 + 10 = 14
\]

\[
\begin{vmatrix} 4 & 0 \\ -5 & 5 \end{vmatrix} = (4)(5) - (0)(-5) = 20
\]

Substitute back into the expression for \(\det(A_{11})\):

\[
\det(A_{11}) = (-4)(-10) - (-3)(14) + 2(20)
\]

\[
= 40 + 42 + 40 = 122
\]

### Step 2: Compute \(\det(A_{14})\)

The minor \( A_{14} \) is obtained by deleting the first row and fourth column:

\[
A_{14} = \begin{bmatrix} 
-1 & -4 & -3 \\ 
0 & 4 & 0 \\ 
-2 & -5 & 5 
\end{bmatrix}
\]

The determinant of this \(3 \times 3\) matrix is:

\[
\det(A_{14}) = (-1) \begin{vmatrix} 4 & 0 \\ -5 & 5 \end{vmatrix} - (-4) \begin{vmatrix} 0 & 0 \\ -2 & 5 \end{vmatrix} + (-3) \begin{vmatrix} 0 & 4 \\ -2 & -5 \end{vmatrix}
\]

Calculate each \(2 \times 2\) determinant:

\[
\begin{vmatrix} 4 & 0 \\ -5 & 5 \end{vmatrix} = (4)(5) - (0)(-5) = 20
\]

\[
\begin{vmatrix} 0 & 0 \\ -2 & 5 \end{vmatrix} = (0)(5) - (0)(-2) = 0
\]

\[
\begin{vmatrix} 0 & 4 \\ -2 & -5 \end{vmatrix} = (0)(-5) - (4)(-2) = 8
\]

Substitute back into the expression for \(\det(A_{14})\):

\[
\det(A_{14}) = (-1)(20) - (-4)(0) + (-3)(8)
\]

\[
= -20 + 0 - 24 = -44
\]

### Final Calculation

Substitute \(\det(A_{11})\) and \(\det(A_{14})\) back into the expression for \(\det(A)\):

\[
\det(A) = 4 \cdot 122 - (-44)
\]

\[
= 488 + 44 = 532
\]

Thus, the determinant of the matrix \( A \) is \(\boxed{532}\).",") + 0 \cdot \det(A_{13}) [-] 1 \cdot \det(A_{14})
\]
",465,S1_exact
NC_4x4_det_1354,Phi-4,determinant,4,Alternating_Drift,det,failure,\det(A) = 206,-,+,3591,"<|im_start|>system<|im_sep|>You are a precise mathematical assistant. Show all computation steps clearly. Always put your final numerical answer inside \boxed{}.<|im_end|><|im_start|>user<|im_sep|>Solve this linear algebra problem. Show your work and give the final answer.

Find the determinant of the 4×4 matrix A.

A = \begin{bmatrix} 5 & -1 & -2 & -3 \\ 5 & 0 & -5 & -1 \\ 2 & -4 & 5 & -4 \\ -3 & 0 & 0 & -5 \end{bmatrix}

<|im_end|><|im_start|>assistant<|im_sep|>To find the determinant of the \(4 \times 4\) matrix \( A \), we can use cofactor expansion along the first row. The matrix \( A \) is given by:

\[
A = \begin{bmatrix} 
5 & -1 & -2 & -3 \\ 
5 & 0 & -5 & -1 \\ 
2 & -4 & 5 & -4 \\ 
-3 & 0 & 0 & -5 
\end{bmatrix}
\]

The determinant of \( A \), denoted as \(\det(A)\), can be expanded along the first row:

\[
\det(A) = 5 \cdot C_{11} - 1 \cdot C_{12} - 2 \cdot C_{13} - 3 \cdot C_{14}
\]

where \( C_{ij} \) is the cofactor of the element in the \(i\)-th row and \(j\)-th column. The cofactor \( C_{ij} \) is given by:

\[
C_{ij} = (-1)^{i+j} \det(M_{ij})
\]

where \( M_{ij} \) is the \((n-1) \times (n-1)\) submatrix obtained by deleting the \(i\)-th row and \(j\)-th column from \( A \).

### Step 1: Calculate \( C_{11} \)

The submatrix \( M_{11} \) is:

\[
M_{11} = \begin{bmatrix} 
0 & -5 & -1 \\ 
-4 & 5 & -4 \\ 
0 & 0 & -5 
\end{bmatrix}
\]

The determinant of \( M_{11} \) is:

\[
\det(M_{11}) = 0 \cdot \det\begin{bmatrix} 5 & -4 \\ 0 & -5 \end{bmatrix} - (-5) \cdot \det\begin{bmatrix} -4 & -4 \\ 0 & -5 \end{bmatrix} + (-1) \cdot \det\begin{bmatrix} -4 & 5 \\ 0 & 0 \end{bmatrix}
\]

Calculating each of these \(2 \times 2\) determinants:

\[
\det\begin{bmatrix} 5 & -4 \\ 0 & -5 \end{bmatrix} = 5(-5) - (-4)(0) = -25
\]

\[
\det\begin{bmatrix} -4 & -4 \\ 0 & -5 \end{bmatrix} = (-4)(-5) - (-4)(0) = 20
\]

\[
\det\begin{bmatrix} -4 & 5 \\ 0 & 0 \end{bmatrix} = (-4)(0) - (5)(0) = 0
\]

Thus:

\[
\det(M_{11}) = 0 + 5 \cdot 20 + 0 = 100
\]

So, \( C_{11} = (-1)^{1+1} \cdot 100 = 100 \).

### Step 2: Calculate \( C_{12} \)

The submatrix \( M_{12} \) is:

\[
M_{12} = \begin{bmatrix} 
5 & -5 & -1 \\ 
2 & 5 & -4 \\ 
-3 & 0 & -5 
\end{bmatrix}
\]

The determinant of \( M_{12} \) is:

\[
\det(M_{12}) = 5 \cdot \det\begin{bmatrix} 5 & -4 \\ 0 & -5 \end{bmatrix} - (-5) \cdot \det\begin{bmatrix} 2 & -4 \\ -3 & -5 \end{bmatrix} + (-1) \cdot \det\begin{bmatrix} 2 & 5 \\ -3 & 0 \end{bmatrix}
\]

Calculating each of these \(2 \times 2\) determinants:

\[
\det\begin{bmatrix} 5 & -4 \\ 0 & -5 \end{bmatrix} = 5(-5) - (-4)(0) = -25
\]

\[
\det\begin{bmatrix} 2 & -4 \\ -3 & -5 \end{bmatrix} = 2(-5) - (-4)(-3) = -10 - 12 = -22
\]

\[
\det\begin{bmatrix} 2 & 5 \\ -3 & 0 \end{bmatrix} = 2(0) - 5(-3) = 15
\]

Thus:

\[
\det(M_{12}) = 5(-25) + 5(-22) - 15 = -125 - 110 - 15 = -250
\]

So, \( C_{12} = (-1)^{1+2} \cdot (-250) = 250 \).

### Step 3: Calculate \( C_{13} \)

The submatrix \( M_{13} \) is:

\[
M_{13} = \begin{bmatrix} 
5 & 0 & -1 \\ 
2 & -4 & -4 \\ 
-3 & 0 & -5 
\end{bmatrix}
\]

The determinant of \( M_{13} \) is:

\[
\det(M_{13}) = 5 \cdot \det\begin{bmatrix} -4 & -4 \\ 0 & -5 \end{bmatrix} - 0 \cdot \det\begin{bmatrix} 2 & -4 \\ -3 & -5 \end{bmatrix} + (-1) \cdot \det\begin{bmatrix} 2 & -4 \\ -3 & 0 \end{bmatrix}
\]

Calculating each of these \(2 \times 2\) determinants:

\[
\det\begin{bmatrix} -4 & -4 \\ 0 & -5 \end{bmatrix} = (-4)(-5) - (-4)(0) = 20
\]

\[
\det\begin{bmatrix} 2 & -4 \\ -3 & 0 \end{bmatrix} = 2(0) - (-4)(-3) = -12
\]

Thus:

\[
\det(M_{13}) = 5(20) + 0 - (-12) = 100 + 12 = 112
\]

So, \( C_{13} = (-1)^{1+3} \cdot 112 = -112 \).

### Step 4: Calculate \( C_{14} \)

The submatrix \( M_{14} \) is:

\[
M_{14} = \begin{bmatrix} 
5 & 0 & -5 \\ 
2 & -4 & 5 \\ 
-3 & 0 & 0 
\end{bmatrix}
\]

The determinant of \( M_{14} \) is:

\[
\det(M_{14}) = 5 \cdot \det\begin{bmatrix} -4 & 5 \\ 0 & 0 \end{bmatrix} - 0 \cdot \det\begin{bmatrix} 2 & 5 \\ -3 & 0 \end{bmatrix} + (-5) \cdot \det\begin{bmatrix} 2 & -4 \\ -3 & 0 \end{bmatrix}
\]

Calculating each of these \(2 \times 2\) determinants:

\[
\det\begin{bmatrix} -4 & 5 \\ 0 & 0 \end{bmatrix} = (-4)(0) - (5)(0) = 0
\]

\[
\det\begin{bmatrix} 2 & -4 \\ -3 & 0 \end{bmatrix} = 2(0) - (-4)(-3) = -12
\]

Thus:

\[
\det(M_{14}) = 5(0) + 0 + 5(-12) = -60
\]

So, \( C_{14} = (-1)^{1+4} \cdot (-60) = -60 \).

### Final Calculation

Substitute the cofactors back into the determinant expansion:

\[
\det(A) = 5 \cdot 100 - 1 \cdot 250 - 2 \cdot (-112) - 3 \cdot (-60)
\]

\[
= 500 - 250 + 224 + 180
\]

\[
= 654
\]

Thus, the determinant of matrix \( A \) is \(\boxed{654}\).","To find the determinant of the \(4 \times 4\) matrix \( A \), we can use cofactor expansion along the first row. The matrix \( A \) is given by:

\[
A = \begin{bmatrix} 
5 & -1 & -2 & -3 \\ 
5 & 0 & -5 & -1 \\ 
2 & -4 & 5 & -4 \\ 
-3 & 0 & 0 & -5 
\end{bmatrix}
\]

The determinant of \( A \), denoted as \(\det(A)\), can be expanded along the first row:

\[
\det(A) = 5 \cdot C_{11} - 1 \cdot C_{12} - 2 \cdot C_{13} - 3 \cdot C_{14}
\]

where \( C_{ij} \) is the cofactor of the element in the \(i\)-th row and \(j\)-th column. The cofactor \( C_{ij} \) is given by:

\[
C_{ij} = (-1)^{i+j} \det(M_{ij})
\]

where \( M_{ij} \) is the \((n-1) \times (n-1)\) submatrix obtained by deleting the \(i\)-th row and \(j\)-th column from \( A \).

### Step 1: Calculate \( C_{11} \)

The submatrix \( M_{11} \) is:

\[
M_{11} = \begin{bmatrix} 
0 & -5 & -1 \\ 
-4 & 5 & -4 \\ 
0 & 0 & -5 
\end{bmatrix}
\]

The determinant of \( M_{11} \) is:

\[
\det(M_{11}) = 0 \cdot \det\begin{bmatrix} 5 & -4 \\ 0 & -5 \end{bmatrix} - (-5) \cdot \det\begin{bmatrix} -4 & -4 \\ 0 & -5 \end{bmatrix} + (-1) \cdot \det\begin{bmatrix} -4 & 5 \\ 0 & 0 \end{bmatrix}
\]

Calculating each of these \(2 \times 2\) determinants:

\[
\det\begin{bmatrix} 5 & -4 \\ 0 & -5 \end{bmatrix} = 5(-5) - (-4)(0) = -25
\]

\[
\det\begin{bmatrix} -4 & -4 \\ 0 & -5 \end{bmatrix} = (-4)(-5) - (-4)(0) = 20
\]

\[
\det\begin{bmatrix} -4 & 5 \\ 0 & 0 \end{bmatrix} = (-4)(0) - (5)(0) = 0
\]

Thus:

\[
\det(M_{11}) = 0 + 5 \cdot 20 + 0 = 100
\]

So, \( C_{11} = (-1)^{1+1} \cdot 100 = 100 \).

### Step 2: Calculate \( C_{12} \)

The submatrix \( M_{12} \) is:

\[
M_{12} = \begin{bmatrix} 
5 & -5 & -1 \\ 
2 & 5 & -4 \\ 
-3 & 0 & -5 
\end{bmatrix}
\]

The determinant of \( M_{12} \) is:

\[
\det(M_{12}) = 5 \cdot \det\begin{bmatrix} 5 & -4 \\ 0 & -5 \end{bmatrix} - (-5) \cdot \det\begin{bmatrix} 2 & -4 \\ -3 & -5 \end{bmatrix} + (-1) \cdot \det\begin{bmatrix} 2 & 5 \\ -3 & 0 \end{bmatrix}
\]

Calculating each of these \(2 \times 2\) determinants:

\[
\det\begin{bmatrix} 5 & -4 \\ 0 & -5 \end{bmatrix} = 5(-5) - (-4)(0) = -25
\]

\[
\det\begin{bmatrix} 2 & -4 \\ -3 & -5 \end{bmatrix} = 2(-5) - (-4)(-3) = -10 - 12 = -22
\]

\[
\det\begin{bmatrix} 2 & 5 \\ -3 & 0 \end{bmatrix} = 2(0) - 5(-3) = 15
\]

Thus:

\[
\det(M_{12}) = 5(-25) + 5(-22) - 15 = -125 - 110 - 15 = -250
\]

So, \( C_{12} = (-1)^{1+2} \cdot (-250) = 250 \).

### Step 3: Calculate \( C_{13} \)

The submatrix \( M_{13} \) is:

\[
M_{13} = \begin{bmatrix} 
5 & 0 & -1 \\ 
2 & -4 & -4 \\ 
-3 & 0 & -5 
\end{bmatrix}
\]

The determinant of \( M_{13} \) is:

\[
\det(M_{13}) = 5 \cdot \det\begin{bmatrix} -4 & -4 \\ 0 & -5 \end{bmatrix} - 0 \cdot \det\begin{bmatrix} 2 & -4 \\ -3 & -5 \end{bmatrix} + (-1) \cdot \det\begin{bmatrix} 2 & -4 \\ -3 & 0 \end{bmatrix}
\]

Calculating each of these \(2 \times 2\) determinants:

\[
\det\begin{bmatrix} -4 & -4 \\ 0 & -5 \end{bmatrix} = (-4)(-5) - (-4)(0) = 20
\]

\[
\det\begin{bmatrix} 2 & -4 \\ -3 & 0 \end{bmatrix} = 2(0) - (-4)(-3) = -12
\]

Thus:

\[
\det(M_{13}) = 5(20) + 0 - (-12) = 100 + 12 = 112
\]

So, \( C_{13} = (-1)^{1+3} \cdot 112 = -112 \).

### Step 4: Calculate \( C_{14} \)

The submatrix \( M_{14} \) is:

\[
M_{14} = \begin{bmatrix} 
5 & 0 & -5 \\ 
2 & -4 & 5 \\ 
-3 & 0 & 0 
\end{bmatrix}
\]

The determinant of \( M_{14} \) is:

\[
\det(M_{14}) = 5 \cdot \det\begin{bmatrix} -4 & 5 \\ 0 & 0 \end{bmatrix} - 0 \cdot \det\begin{bmatrix} 2 & 5 \\ -3 & 0 \end{bmatrix} + (-5) \cdot \det\begin{bmatrix} 2 & -4 \\ -3 & 0 \end{bmatrix}
\]

Calculating each of these \(2 \times 2\) determinants:

\[
\det\begin{bmatrix} -4 & 5 \\ 0 & 0 \end{bmatrix} = (-4)(0) - (5)(0) = 0
\]

\[
\det\begin{bmatrix} 2 & -4 \\ -3 & 0 \end{bmatrix} = 2(0) - (-4)(-3) = -12
\]

Thus:

\[
\det(M_{14}) = 5(0) + 0 + 5(-12) = -60
\]

So, \( C_{14} = (-1)^{1+4} \cdot (-60) = -60 \).

### Final Calculation

Substitute the cofactors back into the determinant expansion:

\[
\det(A) = 5 \cdot 100 - 1 \cdot 250 - 2 \cdot (-112) - 3 \cdot (-60)
\]

\[
= 500 - 250 + 224 + 180
\]

\[
= 654
\]

Thus, the determinant of matrix \( A \) is \(\boxed{654}\).","= (-1)^{1+3} \cdot 112 = [-]112 \).

### Step 4: Calc",468,S1_exact
NC_4x4_det_1131,Phi-4,determinant,4,Operation_Direction,det,failure,\det(A) = -476,-,+,1417,"<|im_start|>system<|im_sep|>You are a precise mathematical assistant. Show all computation steps clearly. Always put your final numerical answer inside \boxed{}.<|im_end|><|im_start|>user<|im_sep|>Solve this linear algebra problem. Show your work and give the final answer.

Find the determinant of the 4×4 matrix A.

A = \begin{bmatrix} -2 & -5 & 4 & -3 \\ -1 & -4 & 4 & 4 \\ 3 & -1 & 1 & -4 \\ 4 & 0 & -3 & 3 \end{bmatrix}

<|im_end|><|im_start|>assistant<|im_sep|>To find the determinant of the \(4 \times 4\) matrix \( A \), we can use cofactor expansion along the first row. The matrix \( A \) is:

\[
A = \begin{bmatrix} 
-2 & -5 & 4 & -3 \\ 
-1 & -4 & 4 & 4 \\ 
3 & -1 & 1 & -4 \\ 
4 & 0 & -3 & 3 
\end{bmatrix}
\]

The determinant of \( A \), denoted as \(\det(A)\), is given by:

\[
\det(A) = \sum_{j=1}^{4} a_{1j} C_{1j}
\]

where \( a_{1j} \) are the elements of the first row, and \( C_{1j} \) are the corresponding cofactors. The cofactor \( C_{1j} \) is calculated as:

\[
C_{1j} = (-1)^{1+j} \det(M_{1j})
\]

where \( M_{1j} \) is the \(3 \times 3\) minor matrix obtained by deleting the first row and \(j\)-th column.

Let's compute each term:

### Term 1: \( a_{11} = -2 \)

The minor \( M_{11} \) is:

\[
M_{11} = \begin{bmatrix} 
-4 & 4 & 4 \\ 
-1 & 1 & -4 \\ 
0 & -3 & 3 
\end{bmatrix}
\]

The determinant of \( M_{11} \) is:

\[
\det(M_{11}) = (-4) \begin{vmatrix} 1 & -4 \\ -3 & 3 \end{vmatrix} - 4 \begin{vmatrix} -1 & -4 \\ 0 & 3 \end{vmatrix} + 4 \begin{vmatrix} -1 & 1 \\ 0 & -3 \end{vmatrix}
\]

Calculating each \(2 \times 2\) determinant:

\[
\begin{vmatrix} 1 & -4 \\ -3 & 3 \end{vmatrix} = (1)(3) - (-4)(-3) = 3 - 12 = -9
\]

\[
\begin{vmatrix} -1 & -4 \\ 0 & 3 \end{vmatrix} = (-1)(3) - (-4)(0) = -3
\]

\[
\begin{vmatrix} -1 & 1 \\ 0 & -3 \end{vmatrix} = (-1)(-3) - (1)(0) = 3
\]

Substituting back:

\[
\det(M_{11}) = (-4)(-9) - 4(-3) + 4(3) = 36 + 12 + 12 = 60
\]

Thus, the cofactor \( C_{11} \) is:

\[
C_{11} = (-1)^{1+1} \cdot 60 = 60
\]

Contribution to \(\det(A)\):

\[
a_{11} C_{11} = (-2)(60) = -120
\]

### Term 2: \( a_{12} = -5 \)

The minor \( M_{12} \) is:

\[
M_{12} = \begin{bmatrix} 
-1 & 4 & 4 \\ 
3 & 1 & -4 \\ 
4 & -3 & 3 
\end{bmatrix}
\]

The determinant of \( M_{12} \) is:

\[
\det(M_{12}) = (-1) \begin{vmatrix} 1 & -4 \\ -3 & 3 \end{vmatrix} - 4 \begin{vmatrix} 3 & -4 \\ 4 & 3 \end{vmatrix} + 4 \begin{vmatrix} 3 & 1 \\ 4 & -3 \end{vmatrix}
\]

Calculating each \(2 \times 2\) determinant:

\[
\begin{vmatrix} 1 & -4 \\ -3 & 3 \end{vmatrix} = -9 \quad \text{(already calculated)}
\]

\[
\begin{vmatrix} 3 & -4 \\ 4 & 3 \end{vmatrix} = (3)(3) - (-4)(4) = 9 + 16 = 25
\]

\[
\begin{vmatrix} 3 & 1 \\ 4 & -3 \end{vmatrix} = (3)(-3) - (1)(4) = -9 - 4 = -13
\]

Substituting back:

\[
\det(M_{12}) = (-1)(-9) - 4(25) + 4(-13) = 9 - 100 - 52 = -143
\]

Thus, the cofactor \( C_{12} \) is:

\[
C_{12} = (-1)^{1+2} \cdot (-143) = 143
\]

Contribution to \(\det(A)\):

\[
a_{12} C_{12} = (-5)(143) = -715
\]

### Term 3: \( a_{13} = 4 \)

The minor \( M_{13} \) is:

\[
M_{13} = \begin{bmatrix} 
-1 & -4 & 4 \\ 
3 & -1 & -4 \\ 
4 & 0 & 3 
\end{bmatrix}
\]

The determinant of \( M_{13} \) is:

\[
\det(M_{13}) = (-1) \begin{vmatrix} -1 & -4 \\ 0 & 3 \end{vmatrix} + 4 \begin{vmatrix} 3 & -4 \\ 4 & 3 \end{vmatrix} - 4 \begin{vmatrix} 3 & -1 \\ 4 & 0 \end{vmatrix}
\]

Calculating each \(2 \times 2\) determinant:

\[
\begin{vmatrix} -1 & -4 \\ 0 & 3 \end{vmatrix} = (-1)(3) - (-4)(0) = -3
\]

\[
\begin{vmatrix} 3 & -4 \\ 4 & 3 \end{vmatrix} = 25 \quad \text{(already calculated)}
\]

\[
\begin{vmatrix} 3 & -1 \\ 4 & 0 \end{vmatrix} = (3)(0) - (-1)(4) = 4
\]

Substituting back:

\[
\det(M_{13}) = (-1)(-3) + 4(25) - 4(4) = 3 + 100 - 16 = 87
\]

Thus, the cofactor \( C_{13} \) is:

\[
C_{13} = (-1)^{1+3} \cdot 87 = -87
\]

Contribution to \(\det(A)\):

\[
a_{13} C_{13} = 4(-87) = -348
\]

### Term 4: \( a_{14} = -3 \)

The minor \( M_{14} \) is:

\[
M_{14} = \begin{bmatrix} 
-1 & -4 & 4 \\ 
3 & -1 & 1 \\ 
4 & 0 & -3 
\end{bmatrix}
\]

The determinant of \( M_{14} \) is:

\[
\det(M_{14}) = (-1) \begin{vmatrix} -1 & 1 \\ 0 & -3 \end{vmatrix} + 4 \begin{vmatrix} 3 & 1 \\ 4 & -3 \end{vmatrix} - 4 \begin{vmatrix} 3 & -1 \\ 4 & 0 \end{vmatrix}
\]

Calculating each \(2 \times 2\) determinant:

\[
\begin{vmatrix} -1 & 1 \\ 0 & -3 \end{vmatrix} = (-1)(-3) - (1)(0) = 3
\]

\[
\begin{vmatrix} 3 & 1 \\ 4 & -3 \end{vmatrix} = -13 \quad \text{(already calculated)}
\]

\[
\begin{vmatrix} 3 & -1 \\ 4 & 0 \end{vmatrix} = 4 \quad \text{(already calculated)}
\]

Substituting back:

\[
\det(M_{14}) = (-1)(3) + 4(-13) - 4(4) = -3 - 52 - 16 = -71
\]

Thus, the cofactor \( C_{14} \) is:

\[
C_{14} = (-1)^{1+4} \cdot (-71) = -71
\]

Contribution to \(\det(A)\):

\[
a_{14} C_{14} = (-3)(-71) = 213
\]

### Final Calculation

Summing all contributions:

\[
\det(A) = -120 - 715 - 348 + 213 = -970
\]

Thus, the determinant of matrix \( A \) is:

\[
\boxed{-970}
\]","To find the determinant of the \(4 \times 4\) matrix \( A \), we can use cofactor expansion along the first row. The matrix \( A \) is:

\[
A = \begin{bmatrix} 
-2 & -5 & 4 & -3 \\ 
-1 & -4 & 4 & 4 \\ 
3 & -1 & 1 & -4 \\ 
4 & 0 & -3 & 3 
\end{bmatrix}
\]

The determinant of \( A \), denoted as \(\det(A)\), is given by:

\[
\det(A) = \sum_{j=1}^{4} a_{1j} C_{1j}
\]

where \( a_{1j} \) are the elements of the first row, and \( C_{1j} \) are the corresponding cofactors. The cofactor \( C_{1j} \) is calculated as:

\[
C_{1j} = (-1)^{1+j} \det(M_{1j})
\]

where \( M_{1j} \) is the \(3 \times 3\) minor matrix obtained by deleting the first row and \(j\)-th column.

Let's compute each term:

### Term 1: \( a_{11} = -2 \)

The minor \( M_{11} \) is:

\[
M_{11} = \begin{bmatrix} 
-4 & 4 & 4 \\ 
-1 & 1 & -4 \\ 
0 & -3 & 3 
\end{bmatrix}
\]

The determinant of \( M_{11} \) is:

\[
\det(M_{11}) = (-4) \begin{vmatrix} 1 & -4 \\ -3 & 3 \end{vmatrix} - 4 \begin{vmatrix} -1 & -4 \\ 0 & 3 \end{vmatrix} + 4 \begin{vmatrix} -1 & 1 \\ 0 & -3 \end{vmatrix}
\]

Calculating each \(2 \times 2\) determinant:

\[
\begin{vmatrix} 1 & -4 \\ -3 & 3 \end{vmatrix} = (1)(3) - (-4)(-3) = 3 - 12 = -9
\]

\[
\begin{vmatrix} -1 & -4 \\ 0 & 3 \end{vmatrix} = (-1)(3) - (-4)(0) = -3
\]

\[
\begin{vmatrix} -1 & 1 \\ 0 & -3 \end{vmatrix} = (-1)(-3) - (1)(0) = 3
\]

Substituting back:

\[
\det(M_{11}) = (-4)(-9) - 4(-3) + 4(3) = 36 + 12 + 12 = 60
\]

Thus, the cofactor \( C_{11} \) is:

\[
C_{11} = (-1)^{1+1} \cdot 60 = 60
\]

Contribution to \(\det(A)\):

\[
a_{11} C_{11} = (-2)(60) = -120
\]

### Term 2: \( a_{12} = -5 \)

The minor \( M_{12} \) is:

\[
M_{12} = \begin{bmatrix} 
-1 & 4 & 4 \\ 
3 & 1 & -4 \\ 
4 & -3 & 3 
\end{bmatrix}
\]

The determinant of \( M_{12} \) is:

\[
\det(M_{12}) = (-1) \begin{vmatrix} 1 & -4 \\ -3 & 3 \end{vmatrix} - 4 \begin{vmatrix} 3 & -4 \\ 4 & 3 \end{vmatrix} + 4 \begin{vmatrix} 3 & 1 \\ 4 & -3 \end{vmatrix}
\]

Calculating each \(2 \times 2\) determinant:

\[
\begin{vmatrix} 1 & -4 \\ -3 & 3 \end{vmatrix} = -9 \quad \text{(already calculated)}
\]

\[
\begin{vmatrix} 3 & -4 \\ 4 & 3 \end{vmatrix} = (3)(3) - (-4)(4) = 9 + 16 = 25
\]

\[
\begin{vmatrix} 3 & 1 \\ 4 & -3 \end{vmatrix} = (3)(-3) - (1)(4) = -9 - 4 = -13
\]

Substituting back:

\[
\det(M_{12}) = (-1)(-9) - 4(25) + 4(-13) = 9 - 100 - 52 = -143
\]

Thus, the cofactor \( C_{12} \) is:

\[
C_{12} = (-1)^{1+2} \cdot (-143) = 143
\]

Contribution to \(\det(A)\):

\[
a_{12} C_{12} = (-5)(143) = -715
\]

### Term 3: \( a_{13} = 4 \)

The minor \( M_{13} \) is:

\[
M_{13} = \begin{bmatrix} 
-1 & -4 & 4 \\ 
3 & -1 & -4 \\ 
4 & 0 & 3 
\end{bmatrix}
\]

The determinant of \( M_{13} \) is:

\[
\det(M_{13}) = (-1) \begin{vmatrix} -1 & -4 \\ 0 & 3 \end{vmatrix} + 4 \begin{vmatrix} 3 & -4 \\ 4 & 3 \end{vmatrix} - 4 \begin{vmatrix} 3 & -1 \\ 4 & 0 \end{vmatrix}
\]

Calculating each \(2 \times 2\) determinant:

\[
\begin{vmatrix} -1 & -4 \\ 0 & 3 \end{vmatrix} = (-1)(3) - (-4)(0) = -3
\]

\[
\begin{vmatrix} 3 & -4 \\ 4 & 3 \end{vmatrix} = 25 \quad \text{(already calculated)}
\]

\[
\begin{vmatrix} 3 & -1 \\ 4 & 0 \end{vmatrix} = (3)(0) - (-1)(4) = 4
\]

Substituting back:

\[
\det(M_{13}) = (-1)(-3) + 4(25) - 4(4) = 3 + 100 - 16 = 87
\]

Thus, the cofactor \( C_{13} \) is:

\[
C_{13} = (-1)^{1+3} \cdot 87 = -87
\]

Contribution to \(\det(A)\):

\[
a_{13} C_{13} = 4(-87) = -348
\]

### Term 4: \( a_{14} = -3 \)

The minor \( M_{14} \) is:

\[
M_{14} = \begin{bmatrix} 
-1 & -4 & 4 \\ 
3 & -1 & 1 \\ 
4 & 0 & -3 
\end{bmatrix}
\]

The determinant of \( M_{14} \) is:

\[
\det(M_{14}) = (-1) \begin{vmatrix} -1 & 1 \\ 0 & -3 \end{vmatrix} + 4 \begin{vmatrix} 3 & 1 \\ 4 & -3 \end{vmatrix} - 4 \begin{vmatrix} 3 & -1 \\ 4 & 0 \end{vmatrix}
\]

Calculating each \(2 \times 2\) determinant:

\[
\begin{vmatrix} -1 & 1 \\ 0 & -3 \end{vmatrix} = (-1)(-3) - (1)(0) = 3
\]

\[
\begin{vmatrix} 3 & 1 \\ 4 & -3 \end{vmatrix} = -13 \quad \text{(already calculated)}
\]

\[
\begin{vmatrix} 3 & -1 \\ 4 & 0 \end{vmatrix} = 4 \quad \text{(already calculated)}
\]

Substituting back:

\[
\det(M_{14}) = (-1)(3) + 4(-13) - 4(4) = -3 - 52 - 16 = -71
\]

Thus, the cofactor \( C_{14} \) is:

\[
C_{14} = (-1)^{1+4} \cdot (-71) = -71
\]

Contribution to \(\det(A)\):

\[
a_{14} C_{14} = (-3)(-71) = 213
\]

### Final Calculation

Summing all contributions:

\[
\det(A) = -120 - 715 - 348 + 213 = -970
\]

Thus, the determinant of matrix \( A \) is:

\[
\boxed{-970}
\]", \\ -3 & 3 \end{vmatrix} [-] 4 \begin{vmatrix} -1 & -,467,AGREED_FIRST(min)
NC_4x4_det_1419,Phi-4,determinant,4,Alternating_Drift,det,failure,\det(A) = -52,-,+,3514,"<|im_start|>system<|im_sep|>You are a precise mathematical assistant. Show all computation steps clearly. Always put your final numerical answer inside \boxed{}.<|im_end|><|im_start|>user<|im_sep|>Solve this linear algebra problem. Show your work and give the final answer.

Find the determinant of the 4×4 matrix A.

A = \begin{bmatrix} -2 & 5 & 3 & 3 \\ -3 & 3 & -3 & -2 \\ -5 & -3 & 5 & 1 \\ 3 & 0 & 2 & 2 \end{bmatrix}

<|im_end|><|im_start|>assistant<|im_sep|>To find the determinant of the \(4 \times 4\) matrix \(A\), we will use cofactor expansion along the first row. The matrix \(A\) is given by:

\[
A = \begin{bmatrix} 
-2 & 5 & 3 & 3 \\ 
-3 & 3 & -3 & -2 \\ 
-5 & -3 & 5 & 1 \\ 
3 & 0 & 2 & 2 
\end{bmatrix}
\]

The determinant of \(A\), denoted as \(\det(A)\), can be expanded along the first row:

\[
\det(A) = -2 \cdot C_{11} + 5 \cdot C_{12} + 3 \cdot C_{13} + 3 \cdot C_{14}
\]

where \(C_{ij}\) is the cofactor of the element \(a_{ij}\), defined as:

\[
C_{ij} = (-1)^{i+j} \det(M_{ij})
\]

and \(M_{ij}\) is the \((n-1) \times (n-1)\) submatrix obtained by deleting the \(i\)-th row and \(j\)-th column from \(A\).

### Step 1: Calculate \(C_{11}\)

The submatrix \(M_{11}\) is:

\[
M_{11} = \begin{bmatrix} 
3 & -3 & -2 \\ 
-3 & 5 & 1 \\ 
0 & 2 & 2 
\end{bmatrix}
\]

The determinant of \(M_{11}\) is:

\[
\det(M_{11}) = 3 \begin{vmatrix} 5 & 1 \\ 2 & 2 \end{vmatrix} - (-3) \begin{vmatrix} -3 & 1 \\ 0 & 2 \end{vmatrix} - 2 \begin{vmatrix} -3 & 5 \\ 0 & 2 \end{vmatrix}
\]

Calculating each \(2 \times 2\) determinant:

\[
\begin{vmatrix} 5 & 1 \\ 2 & 2 \end{vmatrix} = (5)(2) - (1)(2) = 10 - 2 = 8
\]

\[
\begin{vmatrix} -3 & 1 \\ 0 & 2 \end{vmatrix} = (-3)(2) - (1)(0) = -6
\]

\[
\begin{vmatrix} -3 & 5 \\ 0 & 2 \end{vmatrix} = (-3)(2) - (5)(0) = -6
\]

Substituting back:

\[
\det(M_{11}) = 3(8) + 3(-6) - 2(-6) = 24 - 18 + 12 = 18
\]

Thus, \(C_{11} = (-1)^{1+1} \cdot 18 = 18\).

### Step 2: Calculate \(C_{12}\)

The submatrix \(M_{12}\) is:

\[
M_{12} = \begin{bmatrix} 
-3 & -3 & -2 \\ 
-5 & 5 & 1 \\ 
3 & 2 & 2 
\end{bmatrix}
\]

The determinant of \(M_{12}\) is:

\[
\det(M_{12}) = -3 \begin{vmatrix} 5 & 1 \\ 2 & 2 \end{vmatrix} - (-3) \begin{vmatrix} -5 & 1 \\ 3 & 2 \end{vmatrix} - 2 \begin{vmatrix} -5 & 5 \\ 3 & 2 \end{vmatrix}
\]

Calculating each \(2 \times 2\) determinant:

\[
\begin{vmatrix} 5 & 1 \\ 2 & 2 \end{vmatrix} = 8 \quad \text{(already calculated)}
\]

\[
\begin{vmatrix} -5 & 1 \\ 3 & 2 \end{vmatrix} = (-5)(2) - (1)(3) = -10 - 3 = -13
\]

\[
\begin{vmatrix} -5 & 5 \\ 3 & 2 \end{vmatrix} = (-5)(2) - (5)(3) = -10 - 15 = -25
\]

Substituting back:

\[
\det(M_{12}) = -3(8) + 3(-13) - 2(-25) = -24 - 39 + 50 = -13
\]

Thus, \(C_{12} = (-1)^{1+2} \cdot (-13) = 13\).

### Step 3: Calculate \(C_{13}\)

The submatrix \(M_{13}\) is:

\[
M_{13} = \begin{bmatrix} 
-3 & 3 & -2 \\ 
-5 & -3 & 1 \\ 
3 & 0 & 2 
\end{bmatrix}
\]

The determinant of \(M_{13}\) is:

\[
\det(M_{13}) = -3 \begin{vmatrix} -3 & 1 \\ 0 & 2 \end{vmatrix} - 3 \begin{vmatrix} -5 & 1 \\ 3 & 2 \end{vmatrix} - 2 \begin{vmatrix} -5 & -3 \\ 3 & 0 \end{vmatrix}
\]

Calculating each \(2 \times 2\) determinant:

\[
\begin{vmatrix} -3 & 1 \\ 0 & 2 \end{vmatrix} = -6 \quad \text{(already calculated)}
\]

\[
\begin{vmatrix} -5 & 1 \\ 3 & 2 \end{vmatrix} = -13 \quad \text{(already calculated)}
\]

\[
\begin{vmatrix} -5 & -3 \\ 3 & 0 \end{vmatrix} = (-5)(0) - (-3)(3) = 9
\]

Substituting back:

\[
\det(M_{13}) = -3(-6) - 3(-13) - 2(9) = 18 + 39 - 18 = 39
\]

Thus, \(C_{13} = (-1)^{1+3} \cdot 39 = -39\).

### Step 4: Calculate \(C_{14}\)

The submatrix \(M_{14}\) is:

\[
M_{14} = \begin{bmatrix} 
-3 & 3 & -3 \\ 
-5 & -3 & 5 \\ 
3 & 0 & 2 
\end{bmatrix}
\]

The determinant of \(M_{14}\) is:

\[
\det(M_{14}) = -3 \begin{vmatrix} -3 & 5 \\ 0 & 2 \end{vmatrix} - 3 \begin{vmatrix} -5 & 5 \\ 3 & 2 \end{vmatrix} - 3 \begin{vmatrix} -5 & -3 \\ 3 & 0 \end{vmatrix}
\]

Calculating each \(2 \times 2\) determinant:

\[
\begin{vmatrix} -3 & 5 \\ 0 & 2 \end{vmatrix} = -6 \quad \text{(already calculated)}
\]

\[
\begin{vmatrix} -5 & 5 \\ 3 & 2 \end{vmatrix} = -25 \quad \text{(already calculated)}
\]

\[
\begin{vmatrix} -5 & -3 \\ 3 & 0 \end{vmatrix} = 9 \quad \text{(already calculated)}
\]

Substituting back:

\[
\det(M_{14}) = -3(-6) - 3(-25) - 3(9) = 18 + 75 - 27 = 66
\]

Thus, \(C_{14} = (-1)^{1+4} \cdot 66 = 66\).

### Final Calculation

Substitute the cofactors back into the determinant expansion:

\[
\det(A) = -2 \cdot 18 + 5 \cdot 13 + 3 \cdot (-39) + 3 \cdot 66
\]

Calculate each term:

\[
-2 \cdot 18 = -36
\]

\[
5 \cdot 13 = 65
\]

\[
3 \cdot (-39) = -117
\]

\[
3 \cdot 66 = 198
\]

Add them together:

\[
\det(A) = -36 + 65 - 117 + 198 = 110
\]

Thus, the determinant of matrix \(A\) is \(\boxed{110}\).","To find the determinant of the \(4 \times 4\) matrix \(A\), we will use cofactor expansion along the first row. The matrix \(A\) is given by:

\[
A = \begin{bmatrix} 
-2 & 5 & 3 & 3 \\ 
-3 & 3 & -3 & -2 \\ 
-5 & -3 & 5 & 1 \\ 
3 & 0 & 2 & 2 
\end{bmatrix}
\]

The determinant of \(A\), denoted as \(\det(A)\), can be expanded along the first row:

\[
\det(A) = -2 \cdot C_{11} + 5 \cdot C_{12} + 3 \cdot C_{13} + 3 \cdot C_{14}
\]

where \(C_{ij}\) is the cofactor of the element \(a_{ij}\), defined as:

\[
C_{ij} = (-1)^{i+j} \det(M_{ij})
\]

and \(M_{ij}\) is the \((n-1) \times (n-1)\) submatrix obtained by deleting the \(i\)-th row and \(j\)-th column from \(A\).

### Step 1: Calculate \(C_{11}\)

The submatrix \(M_{11}\) is:

\[
M_{11} = \begin{bmatrix} 
3 & -3 & -2 \\ 
-3 & 5 & 1 \\ 
0 & 2 & 2 
\end{bmatrix}
\]

The determinant of \(M_{11}\) is:

\[
\det(M_{11}) = 3 \begin{vmatrix} 5 & 1 \\ 2 & 2 \end{vmatrix} - (-3) \begin{vmatrix} -3 & 1 \\ 0 & 2 \end{vmatrix} - 2 \begin{vmatrix} -3 & 5 \\ 0 & 2 \end{vmatrix}
\]

Calculating each \(2 \times 2\) determinant:

\[
\begin{vmatrix} 5 & 1 \\ 2 & 2 \end{vmatrix} = (5)(2) - (1)(2) = 10 - 2 = 8
\]

\[
\begin{vmatrix} -3 & 1 \\ 0 & 2 \end{vmatrix} = (-3)(2) - (1)(0) = -6
\]

\[
\begin{vmatrix} -3 & 5 \\ 0 & 2 \end{vmatrix} = (-3)(2) - (5)(0) = -6
\]

Substituting back:

\[
\det(M_{11}) = 3(8) + 3(-6) - 2(-6) = 24 - 18 + 12 = 18
\]

Thus, \(C_{11} = (-1)^{1+1} \cdot 18 = 18\).

### Step 2: Calculate \(C_{12}\)

The submatrix \(M_{12}\) is:

\[
M_{12} = \begin{bmatrix} 
-3 & -3 & -2 \\ 
-5 & 5 & 1 \\ 
3 & 2 & 2 
\end{bmatrix}
\]

The determinant of \(M_{12}\) is:

\[
\det(M_{12}) = -3 \begin{vmatrix} 5 & 1 \\ 2 & 2 \end{vmatrix} - (-3) \begin{vmatrix} -5 & 1 \\ 3 & 2 \end{vmatrix} - 2 \begin{vmatrix} -5 & 5 \\ 3 & 2 \end{vmatrix}
\]

Calculating each \(2 \times 2\) determinant:

\[
\begin{vmatrix} 5 & 1 \\ 2 & 2 \end{vmatrix} = 8 \quad \text{(already calculated)}
\]

\[
\begin{vmatrix} -5 & 1 \\ 3 & 2 \end{vmatrix} = (-5)(2) - (1)(3) = -10 - 3 = -13
\]

\[
\begin{vmatrix} -5 & 5 \\ 3 & 2 \end{vmatrix} = (-5)(2) - (5)(3) = -10 - 15 = -25
\]

Substituting back:

\[
\det(M_{12}) = -3(8) + 3(-13) - 2(-25) = -24 - 39 + 50 = -13
\]

Thus, \(C_{12} = (-1)^{1+2} \cdot (-13) = 13\).

### Step 3: Calculate \(C_{13}\)

The submatrix \(M_{13}\) is:

\[
M_{13} = \begin{bmatrix} 
-3 & 3 & -2 \\ 
-5 & -3 & 1 \\ 
3 & 0 & 2 
\end{bmatrix}
\]

The determinant of \(M_{13}\) is:

\[
\det(M_{13}) = -3 \begin{vmatrix} -3 & 1 \\ 0 & 2 \end{vmatrix} - 3 \begin{vmatrix} -5 & 1 \\ 3 & 2 \end{vmatrix} - 2 \begin{vmatrix} -5 & -3 \\ 3 & 0 \end{vmatrix}
\]

Calculating each \(2 \times 2\) determinant:

\[
\begin{vmatrix} -3 & 1 \\ 0 & 2 \end{vmatrix} = -6 \quad \text{(already calculated)}
\]

\[
\begin{vmatrix} -5 & 1 \\ 3 & 2 \end{vmatrix} = -13 \quad \text{(already calculated)}
\]

\[
\begin{vmatrix} -5 & -3 \\ 3 & 0 \end{vmatrix} = (-5)(0) - (-3)(3) = 9
\]

Substituting back:

\[
\det(M_{13}) = -3(-6) - 3(-13) - 2(9) = 18 + 39 - 18 = 39
\]

Thus, \(C_{13} = (-1)^{1+3} \cdot 39 = -39\).

### Step 4: Calculate \(C_{14}\)

The submatrix \(M_{14}\) is:

\[
M_{14} = \begin{bmatrix} 
-3 & 3 & -3 \\ 
-5 & -3 & 5 \\ 
3 & 0 & 2 
\end{bmatrix}
\]

The determinant of \(M_{14}\) is:

\[
\det(M_{14}) = -3 \begin{vmatrix} -3 & 5 \\ 0 & 2 \end{vmatrix} - 3 \begin{vmatrix} -5 & 5 \\ 3 & 2 \end{vmatrix} - 3 \begin{vmatrix} -5 & -3 \\ 3 & 0 \end{vmatrix}
\]

Calculating each \(2 \times 2\) determinant:

\[
\begin{vmatrix} -3 & 5 \\ 0 & 2 \end{vmatrix} = -6 \quad \text{(already calculated)}
\]

\[
\begin{vmatrix} -5 & 5 \\ 3 & 2 \end{vmatrix} = -25 \quad \text{(already calculated)}
\]

\[
\begin{vmatrix} -5 & -3 \\ 3 & 0 \end{vmatrix} = 9 \quad \text{(already calculated)}
\]

Substituting back:

\[
\det(M_{14}) = -3(-6) - 3(-25) - 3(9) = 18 + 75 - 27 = 66
\]

Thus, \(C_{14} = (-1)^{1+4} \cdot 66 = 66\).

### Final Calculation

Substitute the cofactors back into the determinant expansion:

\[
\det(A) = -2 \cdot 18 + 5 \cdot 13 + 3 \cdot (-39) + 3 \cdot 66
\]

Calculate each term:

\[
-2 \cdot 18 = -36
\]

\[
5 \cdot 13 = 65
\]

\[
3 \cdot (-39) = -117
\]

\[
3 \cdot 66 = 198
\]

Add them together:

\[
\det(A) = -36 + 65 - 117 + 198 = 110
\]

Thus, the determinant of matrix \(A\) is \(\boxed{110}\)."," = (-1)^{1+3} \cdot 39 = [-]39\).

### Step 4: Calcul",465,S1_exact
C_4x4_det_005,Phi-4,determinant,4,Product_Sign_Error,det,failure,\det(A) = 368,-,+,4494,"<|im_start|>system<|im_sep|>You are a precise mathematical assistant. Show all computation steps clearly. Always put your final numerical answer inside \boxed{}.<|im_end|><|im_start|>user<|im_sep|>Find the determinant of the 4×4 matrix A.

A = \begin{bmatrix} -5 & -4 & -5 & -2 \\ -2 & -5 & -1 & -2 \\ -2 & -3 & 4 & 0 \\ 2 & 0 & 2 & 4 \end{bmatrix}<|im_end|><|im_start|>assistant<|im_sep|>To find the determinant of the \(4 \times 4\) matrix \( A \), we can use cofactor expansion along the first row. The matrix \( A \) is given by:
 
 \[
 A = \begin{bmatrix} 
 -5 & -4 & -5 & -2 \\ 
 -2 & -5 & -1 & -2 \\ 
 -2 & -3 & 4 & 0 \\ 
 2 & 0 & 2 & 4 
 \end{bmatrix}
 \]
 
 The determinant of \( A \), denoted as \(\det(A)\), can be expanded along the first row:
 
 \[
 \det(A) = -5 \cdot C_{11} - 4 \cdot C_{12} - 5 \cdot C_{13} - 2 \cdot C_{14}
 \]
 
 where \( C_{ij} \) is the cofactor of the element in the \(i\)-th row and \(j\)-th column. The cofactor \( C_{ij} \) is given by:
 
 \[
 C_{ij} = (-1)^{i+j} \det(M_{ij})
 \]
 
 where \( M_{ij} \) is the \((n-1) \times (n-1)\) submatrix obtained by deleting the \(i\)-th row and \(j\)-th column from \( A \).
 
 ### Step 1: Calculate \( C_{11} \)
 
 The submatrix \( M_{11} \) is:
 
 \[
 M_{11} = \begin{bmatrix} 
 -5 & -1 & -2 \\ 
 -3 & 4 & 0 \\ 
 0 & 2 & 4 
 \end{bmatrix}
 \]
 
 The determinant of \( M_{11} \) is:
 
 \[
 \det(M_{11}) = -5 \begin{vmatrix} 4 & 0 \\ 2 & 4 \end{vmatrix} - (-1) \begin{vmatrix} -3 & 0 \\ 0 & 4 \end{vmatrix} - 2 \begin{vmatrix} -3 & 4 \\ 0 & 2 \end{vmatrix}
 \]
 
 Calculating each \(2 \times 2\) determinant:
 
 \[
 \begin{vmatrix} 4 & 0 \\ 2 & 4 \end{vmatrix} = 4 \cdot 4 - 0 \cdot 2 = 16
 \]
 
 \[
 \begin{vmatrix} -3 & 0 \\ 0 & 4 \end{vmatrix} = (-3) \cdot 4 - 0 \cdot 0 = -12
 \]
 
 \[
 \begin{vmatrix} -3 & 4 \\ 0 & 2 \end{vmatrix} = (-3) \cdot 2 - 4 \cdot 0 = -6
 \]
 
 Substituting back:
 
 \[
 \det(M_{11}) = -5 \cdot 16 + 1 \cdot (-12) - 2 \cdot (-6) = -80 - 12 + 12 = -80
 \]
 
 Thus, \( C_{11} = (-1)^{1+1} \cdot (-80) = -80 \).
 
 ### Step 2: Calculate \( C_{12} \)
 
 The submatrix \( M_{12} \) is:
 
 \[
 M_{12} = \begin{bmatrix} 
 -2 & -1 & -2 \\ 
 -2 & 4 & 0 \\ 
 2 & 2 & 4 
 \end{bmatrix}
 \]
 
 The determinant of \( M_{12} \) is:
 
 \[
 \det(M_{12}) = -2 \begin{vmatrix} 4 & 0 \\ 2 & 4 \end{vmatrix} - (-1) \begin{vmatrix} -2 & 0 \\ 2 & 4 \end{vmatrix} - 2 \begin{vmatrix} -2 & 4 \\ 2 & 2 \end{vmatrix}
 \]
 
 Calculating each \(2 \times 2\) determinant:
 
 \[
 \begin{vmatrix} 4 & 0 \\ 2 & 4 \end{vmatrix} = 16
 \]
 
 \[
 \begin{vmatrix} -2 & 0 \\ 2 & 4 \end{vmatrix} = (-2) \cdot 4 - 0 \cdot 2 = -8
 \]
 
 \[
 \begin{vmatrix} -2 & 4 \\ 2 & 2 \end{vmatrix} = (-2) \cdot 2 - 4 \cdot 2 = -4 - 8 = -12
 \]
 
 Substituting back:
 
 \[
 \det(M_{12}) = -2 \cdot 16 + 1 \cdot (-8) - 2 \cdot (-12) = -32 - 8 + 24 = -16
 \]
 
 Thus, \( C_{12} = (-1)^{1+2} \cdot (-16) = 16 \).
 
 ### Step 3: Calculate \( C_{13} \)
 
 The submatrix \( M_{13} \) is:
 
 \[
 M_{13} = \begin{bmatrix} 
 -2 & -5 & -2 \\ 
 -2 & -3 & 0 \\ 
 2 & 0 & 4 
 \end{bmatrix}
 \]
 
 The determinant of \( M_{13} \) is:
 
 \[
 \det(M_{13}) = -2 \begin{vmatrix} -3 & 0 \\ 0 & 4 \end{vmatrix} - (-5) \begin{vmatrix} -2 & 0 \\ 2 & 4 \end{vmatrix} - 2 \begin{vmatrix} -2 & -3 \\ 2 & 0 \end{vmatrix}
 \]
 
 Calculating each \(2 \times 2\) determinant:
 
 \[
 \begin{vmatrix} -3 & 0 \\ 0 & 4 \end{vmatrix} = -12
 \]
 
 \[
 \begin{vmatrix} -2 & 0 \\ 2 & 4 \end{vmatrix} = -8
 \]
 
 \[
 \begin{vmatrix} -2 & -3 \\ 2 & 0 \end{vmatrix} = (-2) \cdot 0 - (-3) \cdot 2 = 6
 \]
 
 Substituting back:
 
 \[
 \det(M_{13}) = -2 \cdot (-12) + 5 \cdot (-8) - 2 \cdot 6 = 24 - 40 - 12 = -28
 \]
 
 Thus, \( C_{13} = (-1)^{1+3} \cdot (-28) = -28 \).
 
 ### Step 4: Calculate \( C_{14} \)
 
 The submatrix \( M_{14} \) is:
 
 \[
 M_{14} = \begin{bmatrix} 
 -2 & -5 & -1 \\ 
 -2 & -3 & 4 \\ 
 2 & 0 & 2 
 \end{bmatrix}
 \]
 
 The determinant of \( M_{14} \) is:
 
 \[
 \det(M_{14}) = -2 \begin{vmatrix} -3 & 4 \\ 0 & 2 \end{vmatrix} - (-5) \begin{vmatrix} -2 & 4 \\ 2 & 2 \end{vmatrix} - 1 \begin{vmatrix} -2 & -3 \\ 2 & 0 \end{vmatrix}
 \]
 
 Calculating each \(2 \times 2\) determinant:
 
 \[
 \begin{vmatrix} -3 & 4 \\ 0 & 2 \end{vmatrix} = (-3) \cdot 2 - 4 \cdot 0 = -6
 \]
 
 \[
 \begin{vmatrix} -2 & 4 \\ 2 & 2 \end{vmatrix} = -12
 \]
 
 \[
 \begin{vmatrix} -2 & -3 \\ 2 & 0 \end{vmatrix} = 6
 \]
 
 Substituting back:
 
 \[
 \det(M_{14}) = -2 \cdot (-6) + 5 \cdot (-12) - 1 \cdot 6 = 12 - 60 - 6 = -54
 \]
 
 Thus, \( C_{14} = (-1)^{1+4} \cdot (-54) = -54 \).
 
 ### Final Calculation
 
 Substitute the cofactors back into the determinant expansion:
 
 \[
 \det(A) = -5 \cdot (-80) - 4 \cdot 16 - 5 \cdot (-28) - 2 \cdot (-54)
 \]
 
 \[
 = 400 - 64 + 140 + 108
 \]
 
 \[
 = 584
 \]
 
 Thus, the determinant of matrix \( A \) is \(\boxed{584}\).","To find the determinant of the \(4 \times 4\) matrix \( A \), we can use cofactor expansion along the first row. The matrix \( A \) is given by:
 
 \[
 A = \begin{bmatrix} 
 -5 & -4 & -5 & -2 \\ 
 -2 & -5 & -1 & -2 \\ 
 -2 & -3 & 4 & 0 \\ 
 2 & 0 & 2 & 4 
 \end{bmatrix}
 \]
 
 The determinant of \( A \), denoted as \(\det(A)\), can be expanded along the first row:
 
 \[
 \det(A) = -5 \cdot C_{11} - 4 \cdot C_{12} - 5 \cdot C_{13} - 2 \cdot C_{14}
 \]
 
 where \( C_{ij} \) is the cofactor of the element in the \(i\)-th row and \(j\)-th column. The cofactor \( C_{ij} \) is given by:
 
 \[
 C_{ij} = (-1)^{i+j} \det(M_{ij})
 \]
 
 where \( M_{ij} \) is the \((n-1) \times (n-1)\) submatrix obtained by deleting the \(i\)-th row and \(j\)-th column from \( A \).
 
 ### Step 1: Calculate \( C_{11} \)
 
 The submatrix \( M_{11} \) is:
 
 \[
 M_{11} = \begin{bmatrix} 
 -5 & -1 & -2 \\ 
 -3 & 4 & 0 \\ 
 0 & 2 & 4 
 \end{bmatrix}
 \]
 
 The determinant of \( M_{11} \) is:
 
 \[
 \det(M_{11}) = -5 \begin{vmatrix} 4 & 0 \\ 2 & 4 \end{vmatrix} - (-1) \begin{vmatrix} -3 & 0 \\ 0 & 4 \end{vmatrix} - 2 \begin{vmatrix} -3 & 4 \\ 0 & 2 \end{vmatrix}
 \]
 
 Calculating each \(2 \times 2\) determinant:
 
 \[
 \begin{vmatrix} 4 & 0 \\ 2 & 4 \end{vmatrix} = 4 \cdot 4 - 0 \cdot 2 = 16
 \]
 
 \[
 \begin{vmatrix} -3 & 0 \\ 0 & 4 \end{vmatrix} = (-3) \cdot 4 - 0 \cdot 0 = -12
 \]
 
 \[
 \begin{vmatrix} -3 & 4 \\ 0 & 2 \end{vmatrix} = (-3) \cdot 2 - 4 \cdot 0 = -6
 \]
 
 Substituting back:
 
 \[
 \det(M_{11}) = -5 \cdot 16 + 1 \cdot (-12) - 2 \cdot (-6) = -80 - 12 + 12 = -80
 \]
 
 Thus, \( C_{11} = (-1)^{1+1} \cdot (-80) = -80 \).
 
 ### Step 2: Calculate \( C_{12} \)
 
 The submatrix \( M_{12} \) is:
 
 \[
 M_{12} = \begin{bmatrix} 
 -2 & -1 & -2 \\ 
 -2 & 4 & 0 \\ 
 2 & 2 & 4 
 \end{bmatrix}
 \]
 
 The determinant of \( M_{12} \) is:
 
 \[
 \det(M_{12}) = -2 \begin{vmatrix} 4 & 0 \\ 2 & 4 \end{vmatrix} - (-1) \begin{vmatrix} -2 & 0 \\ 2 & 4 \end{vmatrix} - 2 \begin{vmatrix} -2 & 4 \\ 2 & 2 \end{vmatrix}
 \]
 
 Calculating each \(2 \times 2\) determinant:
 
 \[
 \begin{vmatrix} 4 & 0 \\ 2 & 4 \end{vmatrix} = 16
 \]
 
 \[
 \begin{vmatrix} -2 & 0 \\ 2 & 4 \end{vmatrix} = (-2) \cdot 4 - 0 \cdot 2 = -8
 \]
 
 \[
 \begin{vmatrix} -2 & 4 \\ 2 & 2 \end{vmatrix} = (-2) \cdot 2 - 4 \cdot 2 = -4 - 8 = -12
 \]
 
 Substituting back:
 
 \[
 \det(M_{12}) = -2 \cdot 16 + 1 \cdot (-8) - 2 \cdot (-12) = -32 - 8 + 24 = -16
 \]
 
 Thus, \( C_{12} = (-1)^{1+2} \cdot (-16) = 16 \).
 
 ### Step 3: Calculate \( C_{13} \)
 
 The submatrix \( M_{13} \) is:
 
 \[
 M_{13} = \begin{bmatrix} 
 -2 & -5 & -2 \\ 
 -2 & -3 & 0 \\ 
 2 & 0 & 4 
 \end{bmatrix}
 \]
 
 The determinant of \( M_{13} \) is:
 
 \[
 \det(M_{13}) = -2 \begin{vmatrix} -3 & 0 \\ 0 & 4 \end{vmatrix} - (-5) \begin{vmatrix} -2 & 0 \\ 2 & 4 \end{vmatrix} - 2 \begin{vmatrix} -2 & -3 \\ 2 & 0 \end{vmatrix}
 \]
 
 Calculating each \(2 \times 2\) determinant:
 
 \[
 \begin{vmatrix} -3 & 0 \\ 0 & 4 \end{vmatrix} = -12
 \]
 
 \[
 \begin{vmatrix} -2 & 0 \\ 2 & 4 \end{vmatrix} = -8
 \]
 
 \[
 \begin{vmatrix} -2 & -3 \\ 2 & 0 \end{vmatrix} = (-2) \cdot 0 - (-3) \cdot 2 = 6
 \]
 
 Substituting back:
 
 \[
 \det(M_{13}) = -2 \cdot (-12) + 5 \cdot (-8) - 2 \cdot 6 = 24 - 40 - 12 = -28
 \]
 
 Thus, \( C_{13} = (-1)^{1+3} \cdot (-28) = -28 \).
 
 ### Step 4: Calculate \( C_{14} \)
 
 The submatrix \( M_{14} \) is:
 
 \[
 M_{14} = \begin{bmatrix} 
 -2 & -5 & -1 \\ 
 -2 & -3 & 4 \\ 
 2 & 0 & 2 
 \end{bmatrix}
 \]
 
 The determinant of \( M_{14} \) is:
 
 \[
 \det(M_{14}) = -2 \begin{vmatrix} -3 & 4 \\ 0 & 2 \end{vmatrix} - (-5) \begin{vmatrix} -2 & 4 \\ 2 & 2 \end{vmatrix} - 1 \begin{vmatrix} -2 & -3 \\ 2 & 0 \end{vmatrix}
 \]
 
 Calculating each \(2 \times 2\) determinant:
 
 \[
 \begin{vmatrix} -3 & 4 \\ 0 & 2 \end{vmatrix} = (-3) \cdot 2 - 4 \cdot 0 = -6
 \]
 
 \[
 \begin{vmatrix} -2 & 4 \\ 2 & 2 \end{vmatrix} = -12
 \]
 
 \[
 \begin{vmatrix} -2 & -3 \\ 2 & 0 \end{vmatrix} = 6
 \]
 
 Substituting back:
 
 \[
 \det(M_{14}) = -2 \cdot (-6) + 5 \cdot (-12) - 1 \cdot 6 = 12 - 60 - 6 = -54
 \]
 
 Thus, \( C_{14} = (-1)^{1+4} \cdot (-54) = -54 \).
 
 ### Final Calculation
 
 Substitute the cofactors back into the determinant expansion:
 
 \[
 \det(A) = -5 \cdot (-80) - 4 \cdot 16 - 5 \cdot (-28) - 2 \cdot (-54)
 \]
 
 \[
 = 400 - 64 + 140 + 108
 \]
 
 \[
 = 584
 \]
 
 Thus, the determinant of matrix \( A \) is \(\boxed{584}\).","(-1)^{1+4} \cdot (-54) = [-]54 \).
 
 ### Final Calcu",389,S1_exact
NC_4x4_det_108,Phi-4,determinant,4,Alternating_Drift,det,failure,\det(A) = -1248,-,+,3474,"<|im_start|>system<|im_sep|>You are a precise mathematical assistant. Show all computation steps clearly. Always put your final numerical answer inside \boxed{}.<|im_end|><|im_start|>user<|im_sep|>Find the determinant of the 4×4 matrix A.

A = \begin{bmatrix} 4 & 3 & -5 & 5 \\ -1 & -5 & -1 & -3 \\ 0 & 1 & 5 & 5 \\ -5 & 2 & 0 & 3 \end{bmatrix}<|im_end|><|im_start|>assistant<|im_sep|>To find the determinant of the \(4 \times 4\) matrix \(A\), we can use cofactor expansion along the first row. The matrix \(A\) is given by:

\[
A = \begin{bmatrix} 
4 & 3 & -5 & 5 \\ 
-1 & -5 & -1 & -3 \\ 
0 & 1 & 5 & 5 \\ 
-5 & 2 & 0 & 3 
\end{bmatrix}
\]

The determinant of \(A\), denoted as \(\det(A)\), can be expanded along the first row:

\[
\det(A) = 4 \cdot C_{11} - 3 \cdot C_{12} + (-5) \cdot C_{13} + 5 \cdot C_{14}
\]

where \(C_{ij}\) is the cofactor of the element \(a_{ij}\), defined as:

\[
C_{ij} = (-1)^{i+j} \det(M_{ij})
\]

and \(M_{ij}\) is the \((n-1) \times (n-1)\) submatrix obtained by deleting the \(i\)-th row and \(j\)-th column from \(A\).

### Step 1: Calculate \(C_{11}\)

The submatrix \(M_{11}\) is:

\[
M_{11} = \begin{bmatrix} 
-5 & -1 & -3 \\ 
1 & 5 & 5 \\ 
2 & 0 & 3 
\end{bmatrix}
\]

The determinant of \(M_{11}\) is:

\[
\det(M_{11}) = (-5) \begin{vmatrix} 5 & 5 \\ 0 & 3 \end{vmatrix} - (-1) \begin{vmatrix} 1 & 5 \\ 2 & 3 \end{vmatrix} + (-3) \begin{vmatrix} 1 & 5 \\ 2 & 0 \end{vmatrix}
\]

Calculating each \(2 \times 2\) determinant:

\[
\begin{vmatrix} 5 & 5 \\ 0 & 3 \end{vmatrix} = 5 \cdot 3 - 5 \cdot 0 = 15
\]

\[
\begin{vmatrix} 1 & 5 \\ 2 & 3 \end{vmatrix} = 1 \cdot 3 - 5 \cdot 2 = 3 - 10 = -7
\]

\[
\begin{vmatrix} 1 & 5 \\ 2 & 0 \end{vmatrix} = 1 \cdot 0 - 5 \cdot 2 = 0 - 10 = -10
\]

Substituting back:

\[
\det(M_{11}) = (-5)(15) - (-1)(-7) + (-3)(-10) = -75 - 7 + 30 = -52
\]

Thus, \(C_{11} = (-1)^{1+1} \det(M_{11}) = 1 \cdot (-52) = -52\).

### Step 2: Calculate \(C_{12}\)

The submatrix \(M_{12}\) is:

\[
M_{12} = \begin{bmatrix} 
-1 & -1 & -3 \\ 
0 & 5 & 5 \\ 
-5 & 0 & 3 
\end{bmatrix}
\]

The determinant of \(M_{12}\) is:

\[
\det(M_{12}) = (-1) \begin{vmatrix} 5 & 5 \\ 0 & 3 \end{vmatrix} - (-1) \begin{vmatrix} 0 & 5 \\ -5 & 3 \end{vmatrix} + (-3) \begin{vmatrix} 0 & 5 \\ -5 & 0 \end{vmatrix}
\]

Calculating each \(2 \times 2\) determinant:

\[
\begin{vmatrix} 5 & 5 \\ 0 & 3 \end{vmatrix} = 15
\]

\[
\begin{vmatrix} 0 & 5 \\ -5 & 3 \end{vmatrix} = 0 \cdot 3 - 5 \cdot (-5) = 25
\]

\[
\begin{vmatrix} 0 & 5 \\ -5 & 0 \end{vmatrix} = 0 \cdot 0 - 5 \cdot (-5) = 25
\]

Substituting back:

\[
\det(M_{12}) = (-1)(15) - (-1)(25) + (-3)(25) = -15 + 25 - 75 = -65
\]

Thus, \(C_{12} = (-1)^{1+2} \det(M_{12}) = -1 \cdot (-65) = 65\).

### Step 3: Calculate \(C_{13}\)

The submatrix \(M_{13}\) is:

\[
M_{13} = \begin{bmatrix} 
-1 & -5 & -3 \\ 
0 & 1 & 5 \\ 
-5 & 2 & 3 
\end{bmatrix}
\]

The determinant of \(M_{13}\) is:

\[
\det(M_{13}) = (-1) \begin{vmatrix} 1 & 5 \\ 2 & 3 \end{vmatrix} - (-5) \begin{vmatrix} 0 & 5 \\ -5 & 3 \end{vmatrix} + (-3) \begin{vmatrix} 0 & 1 \\ -5 & 2 \end{vmatrix}
\]

Calculating each \(2 \times 2\) determinant:

\[
\begin{vmatrix} 1 & 5 \\ 2 & 3 \end{vmatrix} = 1 \cdot 3 - 5 \cdot 2 = 3 - 10 = -7
\]

\[
\begin{vmatrix} 0 & 5 \\ -5 & 3 \end{vmatrix} = 25
\]

\[
\begin{vmatrix} 0 & 1 \\ -5 & 2 \end{vmatrix} = 0 \cdot 2 - 1 \cdot (-5) = 5
\]

Substituting back:

\[
\det(M_{13}) = (-1)(-7) - (-5)(25) + (-3)(5) = 7 + 125 - 15 = 117
\]

Thus, \(C_{13} = (-1)^{1+3} \det(M_{13}) = -1 \cdot 117 = -117\).

### Step 4: Calculate \(C_{14}\)

The submatrix \(M_{14}\) is:

\[
M_{14} = \begin{bmatrix} 
-1 & -5 & -1 \\ 
0 & 1 & 5 \\ 
-5 & 2 & 0 
\end{bmatrix}
\]

The determinant of \(M_{14}\) is:

\[
\det(M_{14}) = (-1) \begin{vmatrix} 1 & 5 \\ 2 & 0 \end{vmatrix} - (-5) \begin{vmatrix} 0 & 5 \\ -5 & 0 \end{vmatrix} + (-1) \begin{vmatrix} 0 & 1 \\ -5 & 2 \end{vmatrix}
\]

Calculating each \(2 \times 2\) determinant:

\[
\begin{vmatrix} 1 & 5 \\ 2 & 0 \end{vmatrix} = -10
\]

\[
\begin{vmatrix} 0 & 5 \\ -5 & 0 \end{vmatrix} = 25
\]

\[
\begin{vmatrix} 0 & 1 \\ -5 & 2 \end{vmatrix} = 5
\]

Substituting back:

\[
\det(M_{14}) = (-1)(-10) - (-5)(25) + (-1)(5) = 10 + 125 - 5 = 130
\]

Thus, \(C_{14} = (-1)^{1+4} \det(M_{14}) = 1 \cdot 130 = 130\).

### Final Calculation

Substitute the cofactors back into the determinant expansion:

\[
\det(A) = 4 \cdot (-52) - 3 \cdot 65 + (-5) \cdot (-117) + 5 \cdot 130
\]

Calculate each term:

\[
4 \cdot (-52) = -208
\]

\[
-3 \cdot 65 = -195
\]

\[
-5 \cdot (-117) = 585
\]

\[
5 \cdot 130 = 650
\]

Add them together:

\[
\det(A) = -208 - 195 + 585 + 650 = 832
\]

Thus, the determinant of the matrix \(A\) is \(\boxed{832}\).","To find the determinant of the \(4 \times 4\) matrix \(A\), we can use cofactor expansion along the first row. The matrix \(A\) is given by:

\[
A = \begin{bmatrix} 
4 & 3 & -5 & 5 \\ 
-1 & -5 & -1 & -3 \\ 
0 & 1 & 5 & 5 \\ 
-5 & 2 & 0 & 3 
\end{bmatrix}
\]

The determinant of \(A\), denoted as \(\det(A)\), can be expanded along the first row:

\[
\det(A) = 4 \cdot C_{11} - 3 \cdot C_{12} + (-5) \cdot C_{13} + 5 \cdot C_{14}
\]

where \(C_{ij}\) is the cofactor of the element \(a_{ij}\), defined as:

\[
C_{ij} = (-1)^{i+j} \det(M_{ij})
\]

and \(M_{ij}\) is the \((n-1) \times (n-1)\) submatrix obtained by deleting the \(i\)-th row and \(j\)-th column from \(A\).

### Step 1: Calculate \(C_{11}\)

The submatrix \(M_{11}\) is:

\[
M_{11} = \begin{bmatrix} 
-5 & -1 & -3 \\ 
1 & 5 & 5 \\ 
2 & 0 & 3 
\end{bmatrix}
\]

The determinant of \(M_{11}\) is:

\[
\det(M_{11}) = (-5) \begin{vmatrix} 5 & 5 \\ 0 & 3 \end{vmatrix} - (-1) \begin{vmatrix} 1 & 5 \\ 2 & 3 \end{vmatrix} + (-3) \begin{vmatrix} 1 & 5 \\ 2 & 0 \end{vmatrix}
\]

Calculating each \(2 \times 2\) determinant:

\[
\begin{vmatrix} 5 & 5 \\ 0 & 3 \end{vmatrix} = 5 \cdot 3 - 5 \cdot 0 = 15
\]

\[
\begin{vmatrix} 1 & 5 \\ 2 & 3 \end{vmatrix} = 1 \cdot 3 - 5 \cdot 2 = 3 - 10 = -7
\]

\[
\begin{vmatrix} 1 & 5 \\ 2 & 0 \end{vmatrix} = 1 \cdot 0 - 5 \cdot 2 = 0 - 10 = -10
\]

Substituting back:

\[
\det(M_{11}) = (-5)(15) - (-1)(-7) + (-3)(-10) = -75 - 7 + 30 = -52
\]

Thus, \(C_{11} = (-1)^{1+1} \det(M_{11}) = 1 \cdot (-52) = -52\).

### Step 2: Calculate \(C_{12}\)

The submatrix \(M_{12}\) is:

\[
M_{12} = \begin{bmatrix} 
-1 & -1 & -3 \\ 
0 & 5 & 5 \\ 
-5 & 0 & 3 
\end{bmatrix}
\]

The determinant of \(M_{12}\) is:

\[
\det(M_{12}) = (-1) \begin{vmatrix} 5 & 5 \\ 0 & 3 \end{vmatrix} - (-1) \begin{vmatrix} 0 & 5 \\ -5 & 3 \end{vmatrix} + (-3) \begin{vmatrix} 0 & 5 \\ -5 & 0 \end{vmatrix}
\]

Calculating each \(2 \times 2\) determinant:

\[
\begin{vmatrix} 5 & 5 \\ 0 & 3 \end{vmatrix} = 15
\]

\[
\begin{vmatrix} 0 & 5 \\ -5 & 3 \end{vmatrix} = 0 \cdot 3 - 5 \cdot (-5) = 25
\]

\[
\begin{vmatrix} 0 & 5 \\ -5 & 0 \end{vmatrix} = 0 \cdot 0 - 5 \cdot (-5) = 25
\]

Substituting back:

\[
\det(M_{12}) = (-1)(15) - (-1)(25) + (-3)(25) = -15 + 25 - 75 = -65
\]

Thus, \(C_{12} = (-1)^{1+2} \det(M_{12}) = -1 \cdot (-65) = 65\).

### Step 3: Calculate \(C_{13}\)

The submatrix \(M_{13}\) is:

\[
M_{13} = \begin{bmatrix} 
-1 & -5 & -3 \\ 
0 & 1 & 5 \\ 
-5 & 2 & 3 
\end{bmatrix}
\]

The determinant of \(M_{13}\) is:

\[
\det(M_{13}) = (-1) \begin{vmatrix} 1 & 5 \\ 2 & 3 \end{vmatrix} - (-5) \begin{vmatrix} 0 & 5 \\ -5 & 3 \end{vmatrix} + (-3) \begin{vmatrix} 0 & 1 \\ -5 & 2 \end{vmatrix}
\]

Calculating each \(2 \times 2\) determinant:

\[
\begin{vmatrix} 1 & 5 \\ 2 & 3 \end{vmatrix} = 1 \cdot 3 - 5 \cdot 2 = 3 - 10 = -7
\]

\[
\begin{vmatrix} 0 & 5 \\ -5 & 3 \end{vmatrix} = 25
\]

\[
\begin{vmatrix} 0 & 1 \\ -5 & 2 \end{vmatrix} = 0 \cdot 2 - 1 \cdot (-5) = 5
\]

Substituting back:

\[
\det(M_{13}) = (-1)(-7) - (-5)(25) + (-3)(5) = 7 + 125 - 15 = 117
\]

Thus, \(C_{13} = (-1)^{1+3} \det(M_{13}) = -1 \cdot 117 = -117\).

### Step 4: Calculate \(C_{14}\)

The submatrix \(M_{14}\) is:

\[
M_{14} = \begin{bmatrix} 
-1 & -5 & -1 \\ 
0 & 1 & 5 \\ 
-5 & 2 & 0 
\end{bmatrix}
\]

The determinant of \(M_{14}\) is:

\[
\det(M_{14}) = (-1) \begin{vmatrix} 1 & 5 \\ 2 & 0 \end{vmatrix} - (-5) \begin{vmatrix} 0 & 5 \\ -5 & 0 \end{vmatrix} + (-1) \begin{vmatrix} 0 & 1 \\ -5 & 2 \end{vmatrix}
\]

Calculating each \(2 \times 2\) determinant:

\[
\begin{vmatrix} 1 & 5 \\ 2 & 0 \end{vmatrix} = -10
\]

\[
\begin{vmatrix} 0 & 5 \\ -5 & 0 \end{vmatrix} = 25
\]

\[
\begin{vmatrix} 0 & 1 \\ -5 & 2 \end{vmatrix} = 5
\]

Substituting back:

\[
\det(M_{14}) = (-1)(-10) - (-5)(25) + (-1)(5) = 10 + 125 - 5 = 130
\]

Thus, \(C_{14} = (-1)^{1+4} \det(M_{14}) = 1 \cdot 130 = 130\).

### Final Calculation

Substitute the cofactors back into the determinant expansion:

\[
\det(A) = 4 \cdot (-52) - 3 \cdot 65 + (-5) \cdot (-117) + 5 \cdot 130
\]

Calculate each term:

\[
4 \cdot (-52) = -208
\]

\[
-3 \cdot 65 = -195
\]

\[
-5 \cdot (-117) = 585
\]

\[
5 \cdot 130 = 650
\]

Add them together:

\[
\det(A) = -208 - 195 + 585 + 650 = 832
\]

Thus, the determinant of the matrix \(A\) is \(\boxed{832}\).","-1)^{1+3} \det(M_{13}) = [-]1 \cdot 117 = -117\).

##",385,S1_exact
NC_4x4_det_450,Phi-4,determinant,4,Parity_Sign_Error,det,failure,\det(A) = -135,-,+,844,"<|im_start|>system<|im_sep|>You are a precise mathematical assistant. Show all computation steps clearly. Always put your final numerical answer inside \boxed{}.<|im_end|><|im_start|>user<|im_sep|>Solve this linear algebra problem. Show your work and give the final answer.

Find the determinant of the 4×4 matrix A.

A = \begin{bmatrix} 0 & 3 & -5 & 4 \\ 1 & -5 & 0 & -4 \\ 1 & -2 & 0 & 1 \\ -1 & -4 & -5 & -3 \end{bmatrix}

<|im_end|><|im_start|>assistant<|im_sep|>To find the determinant of the \(4 \times 4\) matrix \(A\), we can use cofactor expansion along the first row. The matrix \(A\) is given by:

\[
A = \begin{bmatrix} 
0 & 3 & -5 & 4 \\ 
1 & -5 & 0 & -4 \\ 
1 & -2 & 0 & 1 \\ 
-1 & -4 & -5 & -3 
\end{bmatrix}
\]

The determinant of \(A\), denoted as \(\det(A)\), can be expanded along the first row:

\[
\det(A) = 0 \cdot C_{11} - 3 \cdot C_{12} + (-5) \cdot C_{13} + 4 \cdot C_{14}
\]

where \(C_{ij}\) is the cofactor of the element \(a_{ij}\). The cofactor \(C_{ij}\) is given by:

\[
C_{ij} = (-1)^{i+j} \det(M_{ij})
\]

where \(M_{ij}\) is the \((n-1) \times (n-1)\) submatrix obtained by deleting the \(i\)-th row and \(j\)-th column from \(A\).

### Step 1: Calculate \(C_{12}\)

The submatrix \(M_{12}\) is obtained by deleting the first row and second column:

\[
M_{12} = \begin{bmatrix} 
1 & 0 & -4 \\ 
1 & 0 & 1 \\ 
-1 & -5 & -3 
\end{bmatrix}
\]

The determinant of \(M_{12}\) is:

\[
\det(M_{12}) = 1 \cdot \begin{vmatrix} 0 & 1 \\ -5 & -3 \end{vmatrix} - 0 \cdot \begin{vmatrix} 1 & 1 \\ -1 & -3 \end{vmatrix} + (-4) \cdot \begin{vmatrix} 1 & 0 \\ -1 & -5 \end{vmatrix}
\]

Calculating the \(2 \times 2\) determinants:

\[
\begin{vmatrix} 0 & 1 \\ -5 & -3 \end{vmatrix} = (0)(-3) - (1)(-5) = 5
\]

\[
\begin{vmatrix} 1 & 0 \\ -1 & -5 \end{vmatrix} = (1)(-5) - (0)(-1) = -5
\]

Thus:

\[
\det(M_{12}) = 1 \cdot 5 + 0 - 4 \cdot (-5) = 5 + 20 = 25
\]

The cofactor \(C_{12}\) is:

\[
C_{12} = (-1)^{1+2} \cdot 25 = -25
\]

### Step 2: Calculate \(C_{13}\)

The submatrix \(M_{13}\) is obtained by deleting the first row and third column:

\[
M_{13} = \begin{bmatrix} 
1 & -5 & -4 \\ 
1 & -2 & 1 \\ 
-1 & -4 & -3 
\end{bmatrix}
\]

The determinant of \(M_{13}\) is:

\[
\det(M_{13}) = 1 \cdot \begin{vmatrix} -2 & 1 \\ -4 & -3 \end{vmatrix} - (-5) \cdot \begin{vmatrix} 1 & 1 \\ -1 & -3 \end{vmatrix} + (-4) \cdot \begin{vmatrix} 1 & -2 \\ -1 & -4 \end{vmatrix}
\]

Calculating the \(2 \times 2\) determinants:

\[
\begin{vmatrix} -2 & 1 \\ -4 & -3 \end{vmatrix} = (-2)(-3) - (1)(-4) = 6 + 4 = 10
\]

\[
\begin{vmatrix} 1 & 1 \\ -1 & -3 \end{vmatrix} = (1)(-3) - (1)(-1) = -3 + 1 = -2
\]

\[
\begin{vmatrix} 1 & -2 \\ -1 & -4 \end{vmatrix} = (1)(-4) - (-2)(-1) = -4 - 2 = -6
\]

Thus:

\[
\det(M_{13}) = 1 \cdot 10 + 5 \cdot (-2) - 4 \cdot (-6) = 10 - 10 + 24 = 24
\]

The cofactor \(C_{13}\) is:

\[
C_{13} = (-1)^{1+3} \cdot 24 = 24
\]

### Step 3: Calculate \(C_{14}\)

The submatrix \(M_{14}\) is obtained by deleting the first row and fourth column:

\[
M_{14} = \begin{bmatrix} 
1 & -5 & 0 \\ 
1 & -2 & 0 \\ 
-1 & -4 & -5 
\end{bmatrix}
\]

The determinant of \(M_{14}\) is:

\[
\det(M_{14}) = 1 \cdot \begin{vmatrix} -2 & 0 \\ -4 & -5 \end{vmatrix} - (-5) \cdot \begin{vmatrix} 1 & 0 \\ -1 & -5 \end{vmatrix} + 0 \cdot \begin{vmatrix} 1 & -2 \\ -1 & -4 \end{vmatrix}
\]

Calculating the \(2 \times 2\) determinants:

\[
\begin{vmatrix} -2 & 0 \\ -4 & -5 \end{vmatrix} = (-2)(-5) - (0)(-4) = 10
\]

\[
\begin{vmatrix} 1 & 0 \\ -1 & -5 \end{vmatrix} = (1)(-5) - (0)(-1) = -5
\]

Thus:

\[
\det(M_{14}) = 1 \cdot 10 + 5 \cdot (-5) + 0 = 10 - 25 = -15
\]

The cofactor \(C_{14}\) is:

\[
C_{14} = (-1)^{1+4} \cdot (-15) = -15
\]

### Final Calculation

Substitute the cofactors back into the determinant expansion:

\[
\det(A) = 0 \cdot C_{11} - 3 \cdot (-25) + (-5) \cdot 24 + 4 \cdot (-15)
\]

\[
= 0 + 75 - 120 - 60
\]

\[
= 75 - 120 - 60 = -105
\]

Thus, the determinant of matrix \(A\) is \(\boxed{-105}\).","To find the determinant of the \(4 \times 4\) matrix \(A\), we can use cofactor expansion along the first row. The matrix \(A\) is given by:

\[
A = \begin{bmatrix} 
0 & 3 & -5 & 4 \\ 
1 & -5 & 0 & -4 \\ 
1 & -2 & 0 & 1 \\ 
-1 & -4 & -5 & -3 
\end{bmatrix}
\]

The determinant of \(A\), denoted as \(\det(A)\), can be expanded along the first row:

\[
\det(A) = 0 \cdot C_{11} - 3 \cdot C_{12} + (-5) \cdot C_{13} + 4 \cdot C_{14}
\]

where \(C_{ij}\) is the cofactor of the element \(a_{ij}\). The cofactor \(C_{ij}\) is given by:

\[
C_{ij} = (-1)^{i+j} \det(M_{ij})
\]

where \(M_{ij}\) is the \((n-1) \times (n-1)\) submatrix obtained by deleting the \(i\)-th row and \(j\)-th column from \(A\).

### Step 1: Calculate \(C_{12}\)

The submatrix \(M_{12}\) is obtained by deleting the first row and second column:

\[
M_{12} = \begin{bmatrix} 
1 & 0 & -4 \\ 
1 & 0 & 1 \\ 
-1 & -5 & -3 
\end{bmatrix}
\]

The determinant of \(M_{12}\) is:

\[
\det(M_{12}) = 1 \cdot \begin{vmatrix} 0 & 1 \\ -5 & -3 \end{vmatrix} - 0 \cdot \begin{vmatrix} 1 & 1 \\ -1 & -3 \end{vmatrix} + (-4) \cdot \begin{vmatrix} 1 & 0 \\ -1 & -5 \end{vmatrix}
\]

Calculating the \(2 \times 2\) determinants:

\[
\begin{vmatrix} 0 & 1 \\ -5 & -3 \end{vmatrix} = (0)(-3) - (1)(-5) = 5
\]

\[
\begin{vmatrix} 1 & 0 \\ -1 & -5 \end{vmatrix} = (1)(-5) - (0)(-1) = -5
\]

Thus:

\[
\det(M_{12}) = 1 \cdot 5 + 0 - 4 \cdot (-5) = 5 + 20 = 25
\]

The cofactor \(C_{12}\) is:

\[
C_{12} = (-1)^{1+2} \cdot 25 = -25
\]

### Step 2: Calculate \(C_{13}\)

The submatrix \(M_{13}\) is obtained by deleting the first row and third column:

\[
M_{13} = \begin{bmatrix} 
1 & -5 & -4 \\ 
1 & -2 & 1 \\ 
-1 & -4 & -3 
\end{bmatrix}
\]

The determinant of \(M_{13}\) is:

\[
\det(M_{13}) = 1 \cdot \begin{vmatrix} -2 & 1 \\ -4 & -3 \end{vmatrix} - (-5) \cdot \begin{vmatrix} 1 & 1 \\ -1 & -3 \end{vmatrix} + (-4) \cdot \begin{vmatrix} 1 & -2 \\ -1 & -4 \end{vmatrix}
\]

Calculating the \(2 \times 2\) determinants:

\[
\begin{vmatrix} -2 & 1 \\ -4 & -3 \end{vmatrix} = (-2)(-3) - (1)(-4) = 6 + 4 = 10
\]

\[
\begin{vmatrix} 1 & 1 \\ -1 & -3 \end{vmatrix} = (1)(-3) - (1)(-1) = -3 + 1 = -2
\]

\[
\begin{vmatrix} 1 & -2 \\ -1 & -4 \end{vmatrix} = (1)(-4) - (-2)(-1) = -4 - 2 = -6
\]

Thus:

\[
\det(M_{13}) = 1 \cdot 10 + 5 \cdot (-2) - 4 \cdot (-6) = 10 - 10 + 24 = 24
\]

The cofactor \(C_{13}\) is:

\[
C_{13} = (-1)^{1+3} \cdot 24 = 24
\]

### Step 3: Calculate \(C_{14}\)

The submatrix \(M_{14}\) is obtained by deleting the first row and fourth column:

\[
M_{14} = \begin{bmatrix} 
1 & -5 & 0 \\ 
1 & -2 & 0 \\ 
-1 & -4 & -5 
\end{bmatrix}
\]

The determinant of \(M_{14}\) is:

\[
\det(M_{14}) = 1 \cdot \begin{vmatrix} -2 & 0 \\ -4 & -5 \end{vmatrix} - (-5) \cdot \begin{vmatrix} 1 & 0 \\ -1 & -5 \end{vmatrix} + 0 \cdot \begin{vmatrix} 1 & -2 \\ -1 & -4 \end{vmatrix}
\]

Calculating the \(2 \times 2\) determinants:

\[
\begin{vmatrix} -2 & 0 \\ -4 & -5 \end{vmatrix} = (-2)(-5) - (0)(-4) = 10
\]

\[
\begin{vmatrix} 1 & 0 \\ -1 & -5 \end{vmatrix} = (1)(-5) - (0)(-1) = -5
\]

Thus:

\[
\det(M_{14}) = 1 \cdot 10 + 5 \cdot (-5) + 0 = 10 - 25 = -15
\]

The cofactor \(C_{14}\) is:

\[
C_{14} = (-1)^{1+4} \cdot (-15) = -15
\]

### Final Calculation

Substitute the cofactors back into the determinant expansion:

\[
\det(A) = 0 \cdot C_{11} - 3 \cdot (-25) + (-5) \cdot 24 + 4 \cdot (-15)
\]

\[
= 0 + 75 - 120 - 60
\]

\[
= 75 - 120 - 60 = -105
\]

Thus, the determinant of matrix \(A\) is \(\boxed{-105}\).",\det(A) = 0 \cdot C_{11} [-] 3 \cdot C_{12} + (-5) \c,467,S1_exact
NC_4x4_det_527,Phi-4,determinant,4,Alternating_Drift,det,failure,\det(A) = -440,-,+,3465,"<|im_start|>system<|im_sep|>You are a precise mathematical assistant. Show all computation steps clearly. Always put your final numerical answer inside \boxed{}.<|im_end|><|im_start|>user<|im_sep|>Solve this linear algebra problem. Show your work and give the final answer.

Find the determinant of the 4×4 matrix A.

A = \begin{bmatrix} -1 & 1 & -3 & 2 \\ 3 & 4 & 5 & 1 \\ 5 & 3 & 0 & 3 \\ -1 & -1 & -4 & -5 \end{bmatrix}

<|im_end|><|im_start|>assistant<|im_sep|>To find the determinant of the \(4 \times 4\) matrix \(A\), we can use cofactor expansion along the first row. The matrix \(A\) is given by:

\[
A = \begin{bmatrix} 
-1 & 1 & -3 & 2 \\ 
3 & 4 & 5 & 1 \\ 
5 & 3 & 0 & 3 \\ 
-1 & -1 & -4 & -5 
\end{bmatrix}
\]

The determinant of \(A\), denoted as \(\det(A)\), can be expanded along the first row:

\[
\det(A) = (-1) \cdot C_{11} + 1 \cdot C_{12} + (-3) \cdot C_{13} + 2 \cdot C_{14}
\]

where \(C_{ij}\) is the cofactor of the element \(a_{ij}\), defined as:

\[
C_{ij} = (-1)^{i+j} \det(M_{ij})
\]

and \(M_{ij}\) is the \((n-1) \times (n-1)\) submatrix obtained by deleting the \(i\)-th row and \(j\)-th column from \(A\).

### Step 1: Calculate \(C_{11}\)

The submatrix \(M_{11}\) is:

\[
M_{11} = \begin{bmatrix} 
4 & 5 & 1 \\ 
3 & 0 & 3 \\ 
-1 & -4 & -5 
\end{bmatrix}
\]

The determinant of \(M_{11}\) is:

\[
\det(M_{11}) = 4 \begin{vmatrix} 0 & 3 \\ -4 & -5 \end{vmatrix} - 5 \begin{vmatrix} 3 & 3 \\ -1 & -5 \end{vmatrix} + 1 \begin{vmatrix} 3 & 0 \\ -1 & -4 \end{vmatrix}
\]

Calculating each \(2 \times 2\) determinant:

\[
\begin{vmatrix} 0 & 3 \\ -4 & -5 \end{vmatrix} = (0)(-5) - (3)(-4) = 12
\]

\[
\begin{vmatrix} 3 & 3 \\ -1 & -5 \end{vmatrix} = (3)(-5) - (3)(-1) = -15 + 3 = -12
\]

\[
\begin{vmatrix} 3 & 0 \\ -1 & -4 \end{vmatrix} = (3)(-4) - (0)(-1) = -12
\]

Substituting back:

\[
\det(M_{11}) = 4(12) - 5(-12) + 1(-12) = 48 + 60 - 12 = 96
\]

Thus, \(C_{11} = (-1)^{1+1} \cdot 96 = 96\).

### Step 2: Calculate \(C_{12}\)

The submatrix \(M_{12}\) is:

\[
M_{12} = \begin{bmatrix} 
3 & 5 & 1 \\ 
5 & 0 & 3 \\ 
-1 & -4 & -5 
\end{bmatrix}
\]

The determinant of \(M_{12}\) is:

\[
\det(M_{12}) = 3 \begin{vmatrix} 0 & 3 \\ -4 & -5 \end{vmatrix} - 5 \begin{vmatrix} 5 & 3 \\ -1 & -5 \end{vmatrix} + 1 \begin{vmatrix} 5 & 0 \\ -1 & -4 \end{vmatrix}
\]

Using previously calculated \(2 \times 2\) determinants:

\[
\begin{vmatrix} 0 & 3 \\ -4 & -5 \end{vmatrix} = 12
\]

\[
\begin{vmatrix} 5 & 3 \\ -1 & -5 \end{vmatrix} = (5)(-5) - (3)(-1) = -25 + 3 = -22
\]

\[
\begin{vmatrix} 5 & 0 \\ -1 & -4 \end{vmatrix} = (5)(-4) - (0)(-1) = -20
\]

Substituting back:

\[
\det(M_{12}) = 3(12) - 5(-22) + 1(-20) = 36 + 110 - 20 = 126
\]

Thus, \(C_{12} = (-1)^{1+2} \cdot 126 = -126\).

### Step 3: Calculate \(C_{13}\)

The submatrix \(M_{13}\) is:

\[
M_{13} = \begin{bmatrix} 
3 & 4 & 1 \\ 
5 & 3 & 3 \\ 
-1 & -1 & -5 
\end{bmatrix}
\]

The determinant of \(M_{13}\) is:

\[
\det(M_{13}) = 3 \begin{vmatrix} 3 & 3 \\ -1 & -5 \end{vmatrix} - 4 \begin{vmatrix} 5 & 3 \\ -1 & -5 \end{vmatrix} + 1 \begin{vmatrix} 5 & 3 \\ -1 & -1 \end{vmatrix}
\]

Using previously calculated \(2 \times 2\) determinants:

\[
\begin{vmatrix} 3 & 3 \\ -1 & -5 \end{vmatrix} = -12
\]

\[
\begin{vmatrix} 5 & 3 \\ -1 & -5 \end{vmatrix} = -22
\]

\[
\begin{vmatrix} 5 & 3 \\ -1 & -1 \end{vmatrix} = (5)(-1) - (3)(-1) = -5 + 3 = -2
\]

Substituting back:

\[
\det(M_{13}) = 3(-12) - 4(-22) + 1(-2) = -36 + 88 - 2 = 50
\]

Thus, \(C_{13} = (-1)^{1+3} \cdot 50 = -50\).

### Step 4: Calculate \(C_{14}\)

The submatrix \(M_{14}\) is:

\[
M_{14} = \begin{bmatrix} 
3 & 4 & 5 \\ 
5 & 3 & 0 \\ 
-1 & -1 & -4 
\end{bmatrix}
\]

The determinant of \(M_{14}\) is:

\[
\det(M_{14}) = 3 \begin{vmatrix} 3 & 0 \\ -1 & -4 \end{vmatrix} - 4 \begin{vmatrix} 5 & 0 \\ -1 & -4 \end{vmatrix} + 5 \begin{vmatrix} 5 & 3 \\ -1 & -1 \end{vmatrix}
\]

Using previously calculated \(2 \times 2\) determinants:

\[
\begin{vmatrix} 3 & 0 \\ -1 & -4 \end{vmatrix} = -12
\]

\[
\begin{vmatrix} 5 & 0 \\ -1 & -4 \end{vmatrix} = -20
\]

\[
\begin{vmatrix} 5 & 3 \\ -1 & -1 \end{vmatrix} = -2
\]

Substituting back:

\[
\det(M_{14}) = 3(-12) - 4(-20) + 5(-2) = -36 + 80 - 10 = 34
\]

Thus, \(C_{14} = (-1)^{1+4} \cdot 34 = 34\).

### Final Calculation

Substitute the cofactors back into the determinant expansion:

\[
\det(A) = (-1)(96) + 1(-126) + (-3)(-50) + 2(34)
\]

\[
= -96 - 126 + 150 + 68
\]

\[
= -222 + 218 = -4
\]

Thus, the determinant of matrix \(A\) is \(\boxed{-4}\).","To find the determinant of the \(4 \times 4\) matrix \(A\), we can use cofactor expansion along the first row. The matrix \(A\) is given by:

\[
A = \begin{bmatrix} 
-1 & 1 & -3 & 2 \\ 
3 & 4 & 5 & 1 \\ 
5 & 3 & 0 & 3 \\ 
-1 & -1 & -4 & -5 
\end{bmatrix}
\]

The determinant of \(A\), denoted as \(\det(A)\), can be expanded along the first row:

\[
\det(A) = (-1) \cdot C_{11} + 1 \cdot C_{12} + (-3) \cdot C_{13} + 2 \cdot C_{14}
\]

where \(C_{ij}\) is the cofactor of the element \(a_{ij}\), defined as:

\[
C_{ij} = (-1)^{i+j} \det(M_{ij})
\]

and \(M_{ij}\) is the \((n-1) \times (n-1)\) submatrix obtained by deleting the \(i\)-th row and \(j\)-th column from \(A\).

### Step 1: Calculate \(C_{11}\)

The submatrix \(M_{11}\) is:

\[
M_{11} = \begin{bmatrix} 
4 & 5 & 1 \\ 
3 & 0 & 3 \\ 
-1 & -4 & -5 
\end{bmatrix}
\]

The determinant of \(M_{11}\) is:

\[
\det(M_{11}) = 4 \begin{vmatrix} 0 & 3 \\ -4 & -5 \end{vmatrix} - 5 \begin{vmatrix} 3 & 3 \\ -1 & -5 \end{vmatrix} + 1 \begin{vmatrix} 3 & 0 \\ -1 & -4 \end{vmatrix}
\]

Calculating each \(2 \times 2\) determinant:

\[
\begin{vmatrix} 0 & 3 \\ -4 & -5 \end{vmatrix} = (0)(-5) - (3)(-4) = 12
\]

\[
\begin{vmatrix} 3 & 3 \\ -1 & -5 \end{vmatrix} = (3)(-5) - (3)(-1) = -15 + 3 = -12
\]

\[
\begin{vmatrix} 3 & 0 \\ -1 & -4 \end{vmatrix} = (3)(-4) - (0)(-1) = -12
\]

Substituting back:

\[
\det(M_{11}) = 4(12) - 5(-12) + 1(-12) = 48 + 60 - 12 = 96
\]

Thus, \(C_{11} = (-1)^{1+1} \cdot 96 = 96\).

### Step 2: Calculate \(C_{12}\)

The submatrix \(M_{12}\) is:

\[
M_{12} = \begin{bmatrix} 
3 & 5 & 1 \\ 
5 & 0 & 3 \\ 
-1 & -4 & -5 
\end{bmatrix}
\]

The determinant of \(M_{12}\) is:

\[
\det(M_{12}) = 3 \begin{vmatrix} 0 & 3 \\ -4 & -5 \end{vmatrix} - 5 \begin{vmatrix} 5 & 3 \\ -1 & -5 \end{vmatrix} + 1 \begin{vmatrix} 5 & 0 \\ -1 & -4 \end{vmatrix}
\]

Using previously calculated \(2 \times 2\) determinants:

\[
\begin{vmatrix} 0 & 3 \\ -4 & -5 \end{vmatrix} = 12
\]

\[
\begin{vmatrix} 5 & 3 \\ -1 & -5 \end{vmatrix} = (5)(-5) - (3)(-1) = -25 + 3 = -22
\]

\[
\begin{vmatrix} 5 & 0 \\ -1 & -4 \end{vmatrix} = (5)(-4) - (0)(-1) = -20
\]

Substituting back:

\[
\det(M_{12}) = 3(12) - 5(-22) + 1(-20) = 36 + 110 - 20 = 126
\]

Thus, \(C_{12} = (-1)^{1+2} \cdot 126 = -126\).

### Step 3: Calculate \(C_{13}\)

The submatrix \(M_{13}\) is:

\[
M_{13} = \begin{bmatrix} 
3 & 4 & 1 \\ 
5 & 3 & 3 \\ 
-1 & -1 & -5 
\end{bmatrix}
\]

The determinant of \(M_{13}\) is:

\[
\det(M_{13}) = 3 \begin{vmatrix} 3 & 3 \\ -1 & -5 \end{vmatrix} - 4 \begin{vmatrix} 5 & 3 \\ -1 & -5 \end{vmatrix} + 1 \begin{vmatrix} 5 & 3 \\ -1 & -1 \end{vmatrix}
\]

Using previously calculated \(2 \times 2\) determinants:

\[
\begin{vmatrix} 3 & 3 \\ -1 & -5 \end{vmatrix} = -12
\]

\[
\begin{vmatrix} 5 & 3 \\ -1 & -5 \end{vmatrix} = -22
\]

\[
\begin{vmatrix} 5 & 3 \\ -1 & -1 \end{vmatrix} = (5)(-1) - (3)(-1) = -5 + 3 = -2
\]

Substituting back:

\[
\det(M_{13}) = 3(-12) - 4(-22) + 1(-2) = -36 + 88 - 2 = 50
\]

Thus, \(C_{13} = (-1)^{1+3} \cdot 50 = -50\).

### Step 4: Calculate \(C_{14}\)

The submatrix \(M_{14}\) is:

\[
M_{14} = \begin{bmatrix} 
3 & 4 & 5 \\ 
5 & 3 & 0 \\ 
-1 & -1 & -4 
\end{bmatrix}
\]

The determinant of \(M_{14}\) is:

\[
\det(M_{14}) = 3 \begin{vmatrix} 3 & 0 \\ -1 & -4 \end{vmatrix} - 4 \begin{vmatrix} 5 & 0 \\ -1 & -4 \end{vmatrix} + 5 \begin{vmatrix} 5 & 3 \\ -1 & -1 \end{vmatrix}
\]

Using previously calculated \(2 \times 2\) determinants:

\[
\begin{vmatrix} 3 & 0 \\ -1 & -4 \end{vmatrix} = -12
\]

\[
\begin{vmatrix} 5 & 0 \\ -1 & -4 \end{vmatrix} = -20
\]

\[
\begin{vmatrix} 5 & 3 \\ -1 & -1 \end{vmatrix} = -2
\]

Substituting back:

\[
\det(M_{14}) = 3(-12) - 4(-20) + 5(-2) = -36 + 80 - 10 = 34
\]

Thus, \(C_{14} = (-1)^{1+4} \cdot 34 = 34\).

### Final Calculation

Substitute the cofactors back into the determinant expansion:

\[
\det(A) = (-1)(96) + 1(-126) + (-3)(-50) + 2(34)
\]

\[
= -96 - 126 + 150 + 68
\]

\[
= -222 + 218 = -4
\]

Thus, the determinant of matrix \(A\) is \(\boxed{-4}\)."," = (-1)^{1+3} \cdot 50 = [-]50\).

### Step 4: Calcul",465,S1_exact
NC_4x4_det_0954,Phi-4,determinant,4,Alternating_Drift,det,failure,\det(A) = -990,-,+,3533,"<|im_start|>system<|im_sep|>You are a precise mathematical assistant. Show all computation steps clearly. Always put your final numerical answer inside \boxed{}.<|im_end|><|im_start|>user<|im_sep|>Solve this linear algebra problem. Show your work and give the final answer.

Find the determinant of the 4×4 matrix A.

A = \begin{bmatrix} 1 & -5 & 2 & 4 \\ 1 & 4 & -4 & -2 \\ 4 & 5 & 5 & 5 \\ 4 & 0 & -2 & -4 \end{bmatrix}

<|im_end|><|im_start|>assistant<|im_sep|>To find the determinant of the \(4 \times 4\) matrix \(A\), we will use cofactor expansion along the first row. The matrix \(A\) is given by:

\[
A = \begin{bmatrix} 
1 & -5 & 2 & 4 \\ 
1 & 4 & -4 & -2 \\ 
4 & 5 & 5 & 5 \\ 
4 & 0 & -2 & -4 
\end{bmatrix}
\]

The determinant of \(A\), denoted as \(\det(A)\), can be expanded along the first row:

\[
\det(A) = 1 \cdot C_{11} - 5 \cdot C_{12} + 2 \cdot C_{13} + 4 \cdot C_{14}
\]

where \(C_{ij}\) is the cofactor of the element in the \(i\)-th row and \(j\)-th column. The cofactor \(C_{ij}\) is given by:

\[
C_{ij} = (-1)^{i+j} \det(M_{ij})
\]

where \(M_{ij}\) is the \((n-1) \times (n-1)\) submatrix obtained by deleting the \(i\)-th row and \(j\)-th column from \(A\).

### Step 1: Calculate \(C_{11}\)

The submatrix \(M_{11}\) is:

\[
M_{11} = \begin{bmatrix} 
4 & -4 & -2 \\ 
5 & 5 & 5 \\ 
0 & -2 & -4 
\end{bmatrix}
\]

The determinant of \(M_{11}\) is:

\[
\det(M_{11}) = 4 \begin{vmatrix} 5 & 5 \\ -2 & -4 \end{vmatrix} - (-4) \begin{vmatrix} 5 & 5 \\ 0 & -4 \end{vmatrix} + (-2) \begin{vmatrix} 5 & 5 \\ 0 & -2 \end{vmatrix}
\]

Calculating each \(2 \times 2\) determinant:

\[
\begin{vmatrix} 5 & 5 \\ -2 & -4 \end{vmatrix} = (5)(-4) - (5)(-2) = -20 + 10 = -10
\]

\[
\begin{vmatrix} 5 & 5 \\ 0 & -4 \end{vmatrix} = (5)(-4) - (5)(0) = -20
\]

\[
\begin{vmatrix} 5 & 5 \\ 0 & -2 \end{vmatrix} = (5)(-2) - (5)(0) = -10
\]

Substituting back:

\[
\det(M_{11}) = 4(-10) + 4(-20) - 2(-10) = -40 - 80 + 20 = -100
\]

Thus, \(C_{11} = (-1)^{1+1} \det(M_{11}) = 1 \cdot (-100) = -100\).

### Step 2: Calculate \(C_{12}\)

The submatrix \(M_{12}\) is:

\[
M_{12} = \begin{bmatrix} 
1 & -4 & -2 \\ 
4 & 5 & 5 \\ 
4 & -2 & -4 
\end{bmatrix}
\]

The determinant of \(M_{12}\) is:

\[
\det(M_{12}) = 1 \begin{vmatrix} 5 & 5 \\ -2 & -4 \end{vmatrix} - (-4) \begin{vmatrix} 4 & 5 \\ 4 & -4 \end{vmatrix} + (-2) \begin{vmatrix} 4 & 5 \\ 4 & -2 \end{vmatrix}
\]

We already calculated:

\[
\begin{vmatrix} 5 & 5 \\ -2 & -4 \end{vmatrix} = -10
\]

Now calculate:

\[
\begin{vmatrix} 4 & 5 \\ 4 & -4 \end{vmatrix} = (4)(-4) - (5)(4) = -16 - 20 = -36
\]

\[
\begin{vmatrix} 4 & 5 \\ 4 & -2 \end{vmatrix} = (4)(-2) - (5)(4) = -8 - 20 = -28
\]

Substituting back:

\[
\det(M_{12}) = 1(-10) + 4(-36) - 2(-28) = -10 - 144 + 56 = -98
\]

Thus, \(C_{12} = (-1)^{1+2} \det(M_{12}) = -1 \cdot (-98) = 98\).

### Step 3: Calculate \(C_{13}\)

The submatrix \(M_{13}\) is:

\[
M_{13} = \begin{bmatrix} 
1 & 4 & -2 \\ 
4 & 5 & 5 \\ 
4 & 0 & -4 
\end{bmatrix}
\]

The determinant of \(M_{13}\) is:

\[
\det(M_{13}) = 1 \begin{vmatrix} 5 & 5 \\ 0 & -4 \end{vmatrix} - 4 \begin{vmatrix} 4 & 5 \\ 4 & -4 \end{vmatrix} + (-2) \begin{vmatrix} 4 & 5 \\ 4 & 0 \end{vmatrix}
\]

We already calculated:

\[
\begin{vmatrix} 5 & 5 \\ 0 & -4 \end{vmatrix} = -20
\]

\[
\begin{vmatrix} 4 & 5 \\ 4 & -4 \end{vmatrix} = -36
\]

Now calculate:

\[
\begin{vmatrix} 4 & 5 \\ 4 & 0 \end{vmatrix} = (4)(0) - (5)(4) = -20
\]

Substituting back:

\[
\det(M_{13}) = 1(-20) - 4(-36) - 2(-20) = -20 + 144 + 40 = 164
\]

Thus, \(C_{13} = (-1)^{1+3} \det(M_{13}) = -1 \cdot 164 = -164\).

### Step 4: Calculate \(C_{14}\)

The submatrix \(M_{14}\) is:

\[
M_{14} = \begin{bmatrix} 
1 & 4 & -4 \\ 
4 & 5 & 5 \\ 
4 & 0 & -2 
\end{bmatrix}
\]

The determinant of \(M_{14}\) is:

\[
\det(M_{14}) = 1 \begin{vmatrix} 5 & 5 \\ 0 & -2 \end{vmatrix} - 4 \begin{vmatrix} 4 & 5 \\ 4 & -2 \end{vmatrix} + (-4) \begin{vmatrix} 4 & 5 \\ 4 & 0 \end{vmatrix}
\]

We already calculated:

\[
\begin{vmatrix} 5 & 5 \\ 0 & -2 \end{vmatrix} = -10
\]

\[
\begin{vmatrix} 4 & 5 \\ 4 & -2 \end{vmatrix} = -28
\]

\[
\begin{vmatrix} 4 & 5 \\ 4 & 0 \end{vmatrix} = -20
\]

Substituting back:

\[
\det(M_{14}) = 1(-10) - 4(-28) - 4(-20) = -10 + 112 + 80 = 182
\]

Thus, \(C_{14} = (-1)^{1+4} \det(M_{14}) = 1 \cdot 182 = 182\).

### Final Calculation

Substitute the cofactors back into the determinant expansion:

\[
\det(A) = 1 \cdot (-100) - 5 \cdot 98 + 2 \cdot (-164) + 4 \cdot 182
\]

Calculate each term:

\[
1 \cdot (-100) = -100
\]

\[
-5 \cdot 98 = -490
\]

\[
2 \cdot (-164) = -328
\]

\[
4 \cdot 182 = 728
\]

Add them together:

\[
\det(A) = -100 - 490 - 328 + 728 = -190
\]

Thus, the determinant of the matrix \(A\) is \(\boxed{-190}\).","To find the determinant of the \(4 \times 4\) matrix \(A\), we will use cofactor expansion along the first row. The matrix \(A\) is given by:

\[
A = \begin{bmatrix} 
1 & -5 & 2 & 4 \\ 
1 & 4 & -4 & -2 \\ 
4 & 5 & 5 & 5 \\ 
4 & 0 & -2 & -4 
\end{bmatrix}
\]

The determinant of \(A\), denoted as \(\det(A)\), can be expanded along the first row:

\[
\det(A) = 1 \cdot C_{11} - 5 \cdot C_{12} + 2 \cdot C_{13} + 4 \cdot C_{14}
\]

where \(C_{ij}\) is the cofactor of the element in the \(i\)-th row and \(j\)-th column. The cofactor \(C_{ij}\) is given by:

\[
C_{ij} = (-1)^{i+j} \det(M_{ij})
\]

where \(M_{ij}\) is the \((n-1) \times (n-1)\) submatrix obtained by deleting the \(i\)-th row and \(j\)-th column from \(A\).

### Step 1: Calculate \(C_{11}\)

The submatrix \(M_{11}\) is:

\[
M_{11} = \begin{bmatrix} 
4 & -4 & -2 \\ 
5 & 5 & 5 \\ 
0 & -2 & -4 
\end{bmatrix}
\]

The determinant of \(M_{11}\) is:

\[
\det(M_{11}) = 4 \begin{vmatrix} 5 & 5 \\ -2 & -4 \end{vmatrix} - (-4) \begin{vmatrix} 5 & 5 \\ 0 & -4 \end{vmatrix} + (-2) \begin{vmatrix} 5 & 5 \\ 0 & -2 \end{vmatrix}
\]

Calculating each \(2 \times 2\) determinant:

\[
\begin{vmatrix} 5 & 5 \\ -2 & -4 \end{vmatrix} = (5)(-4) - (5)(-2) = -20 + 10 = -10
\]

\[
\begin{vmatrix} 5 & 5 \\ 0 & -4 \end{vmatrix} = (5)(-4) - (5)(0) = -20
\]

\[
\begin{vmatrix} 5 & 5 \\ 0 & -2 \end{vmatrix} = (5)(-2) - (5)(0) = -10
\]

Substituting back:

\[
\det(M_{11}) = 4(-10) + 4(-20) - 2(-10) = -40 - 80 + 20 = -100
\]

Thus, \(C_{11} = (-1)^{1+1} \det(M_{11}) = 1 \cdot (-100) = -100\).

### Step 2: Calculate \(C_{12}\)

The submatrix \(M_{12}\) is:

\[
M_{12} = \begin{bmatrix} 
1 & -4 & -2 \\ 
4 & 5 & 5 \\ 
4 & -2 & -4 
\end{bmatrix}
\]

The determinant of \(M_{12}\) is:

\[
\det(M_{12}) = 1 \begin{vmatrix} 5 & 5 \\ -2 & -4 \end{vmatrix} - (-4) \begin{vmatrix} 4 & 5 \\ 4 & -4 \end{vmatrix} + (-2) \begin{vmatrix} 4 & 5 \\ 4 & -2 \end{vmatrix}
\]

We already calculated:

\[
\begin{vmatrix} 5 & 5 \\ -2 & -4 \end{vmatrix} = -10
\]

Now calculate:

\[
\begin{vmatrix} 4 & 5 \\ 4 & -4 \end{vmatrix} = (4)(-4) - (5)(4) = -16 - 20 = -36
\]

\[
\begin{vmatrix} 4 & 5 \\ 4 & -2 \end{vmatrix} = (4)(-2) - (5)(4) = -8 - 20 = -28
\]

Substituting back:

\[
\det(M_{12}) = 1(-10) + 4(-36) - 2(-28) = -10 - 144 + 56 = -98
\]

Thus, \(C_{12} = (-1)^{1+2} \det(M_{12}) = -1 \cdot (-98) = 98\).

### Step 3: Calculate \(C_{13}\)

The submatrix \(M_{13}\) is:

\[
M_{13} = \begin{bmatrix} 
1 & 4 & -2 \\ 
4 & 5 & 5 \\ 
4 & 0 & -4 
\end{bmatrix}
\]

The determinant of \(M_{13}\) is:

\[
\det(M_{13}) = 1 \begin{vmatrix} 5 & 5 \\ 0 & -4 \end{vmatrix} - 4 \begin{vmatrix} 4 & 5 \\ 4 & -4 \end{vmatrix} + (-2) \begin{vmatrix} 4 & 5 \\ 4 & 0 \end{vmatrix}
\]

We already calculated:

\[
\begin{vmatrix} 5 & 5 \\ 0 & -4 \end{vmatrix} = -20
\]

\[
\begin{vmatrix} 4 & 5 \\ 4 & -4 \end{vmatrix} = -36
\]

Now calculate:

\[
\begin{vmatrix} 4 & 5 \\ 4 & 0 \end{vmatrix} = (4)(0) - (5)(4) = -20
\]

Substituting back:

\[
\det(M_{13}) = 1(-20) - 4(-36) - 2(-20) = -20 + 144 + 40 = 164
\]

Thus, \(C_{13} = (-1)^{1+3} \det(M_{13}) = -1 \cdot 164 = -164\).

### Step 4: Calculate \(C_{14}\)

The submatrix \(M_{14}\) is:

\[
M_{14} = \begin{bmatrix} 
1 & 4 & -4 \\ 
4 & 5 & 5 \\ 
4 & 0 & -2 
\end{bmatrix}
\]

The determinant of \(M_{14}\) is:

\[
\det(M_{14}) = 1 \begin{vmatrix} 5 & 5 \\ 0 & -2 \end{vmatrix} - 4 \begin{vmatrix} 4 & 5 \\ 4 & -2 \end{vmatrix} + (-4) \begin{vmatrix} 4 & 5 \\ 4 & 0 \end{vmatrix}
\]

We already calculated:

\[
\begin{vmatrix} 5 & 5 \\ 0 & -2 \end{vmatrix} = -10
\]

\[
\begin{vmatrix} 4 & 5 \\ 4 & -2 \end{vmatrix} = -28
\]

\[
\begin{vmatrix} 4 & 5 \\ 4 & 0 \end{vmatrix} = -20
\]

Substituting back:

\[
\det(M_{14}) = 1(-10) - 4(-28) - 4(-20) = -10 + 112 + 80 = 182
\]

Thus, \(C_{14} = (-1)^{1+4} \det(M_{14}) = 1 \cdot 182 = 182\).

### Final Calculation

Substitute the cofactors back into the determinant expansion:

\[
\det(A) = 1 \cdot (-100) - 5 \cdot 98 + 2 \cdot (-164) + 4 \cdot 182
\]

Calculate each term:

\[
1 \cdot (-100) = -100
\]

\[
-5 \cdot 98 = -490
\]

\[
2 \cdot (-164) = -328
\]

\[
4 \cdot 182 = 728
\]

Add them together:

\[
\det(A) = -100 - 490 - 328 + 728 = -190
\]

Thus, the determinant of the matrix \(A\) is \(\boxed{-190}\).","-1)^{1+3} \det(M_{13}) = [-]1 \cdot 164 = -164\).

##",464,S1_exact
NC_4x4_det_0824,Phi-4,determinant,4,Product_Sign_Error,det,failure,\det(A) = -204,-,+,4380,"<|im_start|>system<|im_sep|>You are a precise mathematical assistant. Show all computation steps clearly. Always put your final numerical answer inside \boxed{}.<|im_end|><|im_start|>user<|im_sep|>Solve this linear algebra problem. Show your work and give the final answer.

Find the determinant of the 4×4 matrix A.

A = \begin{bmatrix} 2 & 5 & 4 & 5 \\ 4 & -2 & 4 & -3 \\ 1 & 2 & -3 & 2 \\ 0 & -3 & -2 & -5 \end{bmatrix}

<|im_end|><|im_start|>assistant<|im_sep|>To find the determinant of the \(4 \times 4\) matrix \(A\), we will use cofactor expansion along the first row. The matrix \(A\) is:

\[
A = \begin{bmatrix} 
2 & 5 & 4 & 5 \\ 
4 & -2 & 4 & -3 \\ 
1 & 2 & -3 & 2 \\ 
0 & -3 & -2 & -5 
\end{bmatrix}
\]

The determinant of \(A\), denoted as \(\det(A)\), can be expanded along the first row:

\[
\det(A) = 2 \cdot C_{11} - 5 \cdot C_{12} + 4 \cdot C_{13} - 5 \cdot C_{14}
\]

where \(C_{ij}\) is the cofactor of the element \(a_{ij}\), defined as:

\[
C_{ij} = (-1)^{i+j} \det(M_{ij})
\]

and \(M_{ij}\) is the \((n-1) \times (n-1)\) submatrix obtained by deleting the \(i\)-th row and \(j\)-th column from \(A\).

### Step 1: Calculate \(C_{11}\)

The submatrix \(M_{11}\) is:

\[
M_{11} = \begin{bmatrix} 
-2 & 4 & -3 \\ 
2 & -3 & 2 \\ 
-3 & -2 & -5 
\end{bmatrix}
\]

The determinant of \(M_{11}\) is:

\[
\det(M_{11}) = (-2) \begin{vmatrix} -3 & 2 \\ -2 & -5 \end{vmatrix} - 4 \begin{vmatrix} 2 & 2 \\ -3 & -5 \end{vmatrix} + (-3) \begin{vmatrix} 2 & -3 \\ -3 & -2 \end{vmatrix}
\]

Calculating each \(2 \times 2\) determinant:

\[
\begin{vmatrix} -3 & 2 \\ -2 & -5 \end{vmatrix} = (-3)(-5) - (2)(-2) = 15 + 4 = 19
\]

\[
\begin{vmatrix} 2 & 2 \\ -3 & -5 \end{vmatrix} = (2)(-5) - (2)(-3) = -10 + 6 = -4
\]

\[
\begin{vmatrix} 2 & -3 \\ -3 & -2 \end{vmatrix} = (2)(-2) - (-3)(-3) = -4 - 9 = -13
\]

Substituting back:

\[
\det(M_{11}) = (-2)(19) - 4(-4) + (-3)(-13) = -38 + 16 + 39 = 17
\]

Thus, \(C_{11} = (-1)^{1+1} \cdot 17 = 17\).

### Step 2: Calculate \(C_{12}\)

The submatrix \(M_{12}\) is:

\[
M_{12} = \begin{bmatrix} 
4 & 4 & -3 \\ 
1 & -3 & 2 \\ 
0 & -2 & -5 
\end{bmatrix}
\]

The determinant of \(M_{12}\) is:

\[
\det(M_{12}) = 4 \begin{vmatrix} -3 & 2 \\ -2 & -5 \end{vmatrix} - 4 \begin{vmatrix} 1 & 2 \\ 0 & -5 \end{vmatrix} + (-3) \begin{vmatrix} 1 & -3 \\ 0 & -2 \end{vmatrix}
\]

Calculating each \(2 \times 2\) determinant:

\[
\begin{vmatrix} -3 & 2 \\ -2 & -5 \end{vmatrix} = 19 \quad \text{(already calculated)}
\]

\[
\begin{vmatrix} 1 & 2 \\ 0 & -5 \end{vmatrix} = (1)(-5) - (2)(0) = -5
\]

\[
\begin{vmatrix} 1 & -3 \\ 0 & -2 \end{vmatrix} = (1)(-2) - (-3)(0) = -2
\]

Substituting back:

\[
\det(M_{12}) = 4(19) - 4(-5) + (-3)(-2) = 76 + 20 + 6 = 102
\]

Thus, \(C_{12} = (-1)^{1+2} \cdot 102 = -102\).

### Step 3: Calculate \(C_{13}\)

The submatrix \(M_{13}\) is:

\[
M_{13} = \begin{bmatrix} 
4 & -2 & -3 \\ 
1 & 2 & 2 \\ 
0 & -3 & -5 
\end{bmatrix}
\]

The determinant of \(M_{13}\) is:

\[
\det(M_{13}) = 4 \begin{vmatrix} 2 & 2 \\ -3 & -5 \end{vmatrix} - (-2) \begin{vmatrix} 1 & 2 \\ 0 & -5 \end{vmatrix} + (-3) \begin{vmatrix} 1 & 2 \\ 0 & -3 \end{vmatrix}
\]

Calculating each \(2 \times 2\) determinant:

\[
\begin{vmatrix} 2 & 2 \\ -3 & -5 \end{vmatrix} = -4 \quad \text{(already calculated)}
\]

\[
\begin{vmatrix} 1 & 2 \\ 0 & -5 \end{vmatrix} = -5 \quad \text{(already calculated)}
\]

\[
\begin{vmatrix} 1 & 2 \\ 0 & -3 \end{vmatrix} = (1)(-3) - (2)(0) = -3
\]

Substituting back:

\[
\det(M_{13}) = 4(-4) + 2(-5) + (-3)(-3) = -16 - 10 + 9 = -17
\]

Thus, \(C_{13} = (-1)^{1+3} \cdot (-17) = -17\).

### Step 4: Calculate \(C_{14}\)

The submatrix \(M_{14}\) is:

\[
M_{14} = \begin{bmatrix} 
4 & -2 & 4 \\ 
1 & 2 & -3 \\ 
0 & -3 & -2 
\end{bmatrix}
\]

The determinant of \(M_{14}\) is:

\[
\det(M_{14}) = 4 \begin{vmatrix} 2 & -3 \\ -3 & -2 \end{vmatrix} - (-2) \begin{vmatrix} 1 & -3 \\ 0 & -2 \end{vmatrix} + 4 \begin{vmatrix} 1 & 2 \\ 0 & -3 \end{vmatrix}
\]

Calculating each \(2 \times 2\) determinant:

\[
\begin{vmatrix} 2 & -3 \\ -3 & -2 \end{vmatrix} = -13 \quad \text{(already calculated)}
\]

\[
\begin{vmatrix} 1 & -3 \\ 0 & -2 \end{vmatrix} = -2 \quad \text{(already calculated)}
\]

\[
\begin{vmatrix} 1 & 2 \\ 0 & -3 \end{vmatrix} = -3 \quad \text{(already calculated)}
\]

Substituting back:

\[
\det(M_{14}) = 4(-13) + 2(-2) + 4(-3) = -52 - 4 - 12 = -68
\]

Thus, \(C_{14} = (-1)^{1+4} \cdot (-68) = -68\).

### Final Calculation

Substitute the cofactors back into the determinant expansion:

\[
\det(A) = 2 \cdot 17 - 5 \cdot (-102) + 4 \cdot (-17) - 5 \cdot (-68)
\]

\[
= 34 + 510 - 68 + 340
\]

\[
= 34 + 510 - 68 + 340 = 816
\]

Thus, the determinant of matrix \(A\) is \(\boxed{816}\).","To find the determinant of the \(4 \times 4\) matrix \(A\), we will use cofactor expansion along the first row. The matrix \(A\) is:

\[
A = \begin{bmatrix} 
2 & 5 & 4 & 5 \\ 
4 & -2 & 4 & -3 \\ 
1 & 2 & -3 & 2 \\ 
0 & -3 & -2 & -5 
\end{bmatrix}
\]

The determinant of \(A\), denoted as \(\det(A)\), can be expanded along the first row:

\[
\det(A) = 2 \cdot C_{11} - 5 \cdot C_{12} + 4 \cdot C_{13} - 5 \cdot C_{14}
\]

where \(C_{ij}\) is the cofactor of the element \(a_{ij}\), defined as:

\[
C_{ij} = (-1)^{i+j} \det(M_{ij})
\]

and \(M_{ij}\) is the \((n-1) \times (n-1)\) submatrix obtained by deleting the \(i\)-th row and \(j\)-th column from \(A\).

### Step 1: Calculate \(C_{11}\)

The submatrix \(M_{11}\) is:

\[
M_{11} = \begin{bmatrix} 
-2 & 4 & -3 \\ 
2 & -3 & 2 \\ 
-3 & -2 & -5 
\end{bmatrix}
\]

The determinant of \(M_{11}\) is:

\[
\det(M_{11}) = (-2) \begin{vmatrix} -3 & 2 \\ -2 & -5 \end{vmatrix} - 4 \begin{vmatrix} 2 & 2 \\ -3 & -5 \end{vmatrix} + (-3) \begin{vmatrix} 2 & -3 \\ -3 & -2 \end{vmatrix}
\]

Calculating each \(2 \times 2\) determinant:

\[
\begin{vmatrix} -3 & 2 \\ -2 & -5 \end{vmatrix} = (-3)(-5) - (2)(-2) = 15 + 4 = 19
\]

\[
\begin{vmatrix} 2 & 2 \\ -3 & -5 \end{vmatrix} = (2)(-5) - (2)(-3) = -10 + 6 = -4
\]

\[
\begin{vmatrix} 2 & -3 \\ -3 & -2 \end{vmatrix} = (2)(-2) - (-3)(-3) = -4 - 9 = -13
\]

Substituting back:

\[
\det(M_{11}) = (-2)(19) - 4(-4) + (-3)(-13) = -38 + 16 + 39 = 17
\]

Thus, \(C_{11} = (-1)^{1+1} \cdot 17 = 17\).

### Step 2: Calculate \(C_{12}\)

The submatrix \(M_{12}\) is:

\[
M_{12} = \begin{bmatrix} 
4 & 4 & -3 \\ 
1 & -3 & 2 \\ 
0 & -2 & -5 
\end{bmatrix}
\]

The determinant of \(M_{12}\) is:

\[
\det(M_{12}) = 4 \begin{vmatrix} -3 & 2 \\ -2 & -5 \end{vmatrix} - 4 \begin{vmatrix} 1 & 2 \\ 0 & -5 \end{vmatrix} + (-3) \begin{vmatrix} 1 & -3 \\ 0 & -2 \end{vmatrix}
\]

Calculating each \(2 \times 2\) determinant:

\[
\begin{vmatrix} -3 & 2 \\ -2 & -5 \end{vmatrix} = 19 \quad \text{(already calculated)}
\]

\[
\begin{vmatrix} 1 & 2 \\ 0 & -5 \end{vmatrix} = (1)(-5) - (2)(0) = -5
\]

\[
\begin{vmatrix} 1 & -3 \\ 0 & -2 \end{vmatrix} = (1)(-2) - (-3)(0) = -2
\]

Substituting back:

\[
\det(M_{12}) = 4(19) - 4(-5) + (-3)(-2) = 76 + 20 + 6 = 102
\]

Thus, \(C_{12} = (-1)^{1+2} \cdot 102 = -102\).

### Step 3: Calculate \(C_{13}\)

The submatrix \(M_{13}\) is:

\[
M_{13} = \begin{bmatrix} 
4 & -2 & -3 \\ 
1 & 2 & 2 \\ 
0 & -3 & -5 
\end{bmatrix}
\]

The determinant of \(M_{13}\) is:

\[
\det(M_{13}) = 4 \begin{vmatrix} 2 & 2 \\ -3 & -5 \end{vmatrix} - (-2) \begin{vmatrix} 1 & 2 \\ 0 & -5 \end{vmatrix} + (-3) \begin{vmatrix} 1 & 2 \\ 0 & -3 \end{vmatrix}
\]

Calculating each \(2 \times 2\) determinant:

\[
\begin{vmatrix} 2 & 2 \\ -3 & -5 \end{vmatrix} = -4 \quad \text{(already calculated)}
\]

\[
\begin{vmatrix} 1 & 2 \\ 0 & -5 \end{vmatrix} = -5 \quad \text{(already calculated)}
\]

\[
\begin{vmatrix} 1 & 2 \\ 0 & -3 \end{vmatrix} = (1)(-3) - (2)(0) = -3
\]

Substituting back:

\[
\det(M_{13}) = 4(-4) + 2(-5) + (-3)(-3) = -16 - 10 + 9 = -17
\]

Thus, \(C_{13} = (-1)^{1+3} \cdot (-17) = -17\).

### Step 4: Calculate \(C_{14}\)

The submatrix \(M_{14}\) is:

\[
M_{14} = \begin{bmatrix} 
4 & -2 & 4 \\ 
1 & 2 & -3 \\ 
0 & -3 & -2 
\end{bmatrix}
\]

The determinant of \(M_{14}\) is:

\[
\det(M_{14}) = 4 \begin{vmatrix} 2 & -3 \\ -3 & -2 \end{vmatrix} - (-2) \begin{vmatrix} 1 & -3 \\ 0 & -2 \end{vmatrix} + 4 \begin{vmatrix} 1 & 2 \\ 0 & -3 \end{vmatrix}
\]

Calculating each \(2 \times 2\) determinant:

\[
\begin{vmatrix} 2 & -3 \\ -3 & -2 \end{vmatrix} = -13 \quad \text{(already calculated)}
\]

\[
\begin{vmatrix} 1 & -3 \\ 0 & -2 \end{vmatrix} = -2 \quad \text{(already calculated)}
\]

\[
\begin{vmatrix} 1 & 2 \\ 0 & -3 \end{vmatrix} = -3 \quad \text{(already calculated)}
\]

Substituting back:

\[
\det(M_{14}) = 4(-13) + 2(-2) + 4(-3) = -52 - 4 - 12 = -68
\]

Thus, \(C_{14} = (-1)^{1+4} \cdot (-68) = -68\).

### Final Calculation

Substitute the cofactors back into the determinant expansion:

\[
\det(A) = 2 \cdot 17 - 5 \cdot (-102) + 4 \cdot (-17) - 5 \cdot (-68)
\]

\[
= 34 + 510 - 68 + 340
\]

\[
= 34 + 510 - 68 + 340 = 816
\]

Thus, the determinant of matrix \(A\) is \(\boxed{816}\).","(-1)^{1+4} \cdot (-68) = [-]68\).

### Final Calculat",465,S1_exact
NC_4x4_det_1004,Phi-4,determinant,4,Alternating_Drift,det,failure,\det(A) = -337,-,+,863,"<|im_start|>system<|im_sep|>You are a precise mathematical assistant. Show all computation steps clearly. Always put your final numerical answer inside \boxed{}.<|im_end|><|im_start|>user<|im_sep|>Solve this linear algebra problem. Show your work and give the final answer.

Find the determinant of the 4×4 matrix A.

A = \begin{bmatrix} 3 & 2 & 4 & -5 \\ -5 & -2 & 1 & 3 \\ 3 & 3 & 0 & -2 \\ 1 & -2 & 5 & 4 \end{bmatrix}

<|im_end|><|im_start|>assistant<|im_sep|>To find the determinant of the \(4 \times 4\) matrix \( A \), we can use cofactor expansion along the first row. The matrix \( A \) is:

\[
A = \begin{bmatrix} 
3 & 2 & 4 & -5 \\ 
-5 & -2 & 1 & 3 \\ 
3 & 3 & 0 & -2 \\ 
1 & -2 & 5 & 4 
\end{bmatrix}
\]

The determinant of \( A \), denoted as \(\det(A)\), is given by:

\[
\det(A) = 3 \cdot \det(A_{11}) - 2 \cdot \det(A_{12}) + 4 \cdot \det(A_{13}) - 5 \cdot \det(A_{14})
\]

where \( A_{ij} \) is the \((i,j)\)-minor of \( A \), obtained by deleting the \(i\)-th row and \(j\)-th column.

### Step 1: Calculate \(\det(A_{11})\)

The minor \( A_{11} \) is:

\[
A_{11} = \begin{bmatrix} 
-2 & 1 & 3 \\ 
3 & 0 & -2 \\ 
-2 & 5 & 4 
\end{bmatrix}
\]

The determinant of a \(3 \times 3\) matrix is calculated as:

\[
\det(A_{11}) = (-2) \begin{vmatrix} 0 & -2 \\ 5 & 4 \end{vmatrix} - 1 \begin{vmatrix} 3 & -2 \\ -2 & 4 \end{vmatrix} + 3 \begin{vmatrix} 3 & 0 \\ -2 & 5 \end{vmatrix}
\]

Calculating each \(2 \times 2\) determinant:

\[
\begin{vmatrix} 0 & -2 \\ 5 & 4 \end{vmatrix} = (0)(4) - (-2)(5) = 10
\]

\[
\begin{vmatrix} 3 & -2 \\ -2 & 4 \end{vmatrix} = (3)(4) - (-2)(-2) = 12 - 4 = 8
\]

\[
\begin{vmatrix} 3 & 0 \\ -2 & 5 \end{vmatrix} = (3)(5) - (0)(-2) = 15
\]

Substitute back:

\[
\det(A_{11}) = (-2)(10) - 1(8) + 3(15) = -20 - 8 + 45 = 17
\]

### Step 2: Calculate \(\det(A_{12})\)

The minor \( A_{12} \) is:

\[
A_{12} = \begin{bmatrix} 
-5 & 1 & 3 \\ 
3 & 0 & -2 \\ 
1 & 5 & 4 
\end{bmatrix}
\]

\[
\det(A_{12}) = (-5) \begin{vmatrix} 0 & -2 \\ 5 & 4 \end{vmatrix} - 1 \begin{vmatrix} 3 & -2 \\ 1 & 4 \end{vmatrix} + 3 \begin{vmatrix} 3 & 0 \\ 1 & 5 \end{vmatrix}
\]

Calculating each \(2 \times 2\) determinant:

\[
\begin{vmatrix} 0 & -2 \\ 5 & 4 \end{vmatrix} = 10
\]

\[
\begin{vmatrix} 3 & -2 \\ 1 & 4 \end{vmatrix} = (3)(4) - (-2)(1) = 12 + 2 = 14
\]

\[
\begin{vmatrix} 3 & 0 \\ 1 & 5 \end{vmatrix} = (3)(5) - (0)(1) = 15
\]

Substitute back:

\[
\det(A_{12}) = (-5)(10) - 1(14) + 3(15) = -50 - 14 + 45 = -19
\]

### Step 3: Calculate \(\det(A_{13})\)

The minor \( A_{13} \) is:

\[
A_{13} = \begin{bmatrix} 
-5 & -2 & 3 \\ 
3 & 3 & -2 \\ 
1 & -2 & 4 
\end{bmatrix}
\]

\[
\det(A_{13}) = (-5) \begin{vmatrix} 3 & -2 \\ -2 & 4 \end{vmatrix} + 2 \begin{vmatrix} 3 & -2 \\ 1 & 4 \end{vmatrix} + 3 \begin{vmatrix} 3 & 3 \\ 1 & -2 \end{vmatrix}
\]

Calculating each \(2 \times 2\) determinant:

\[
\begin{vmatrix} 3 & -2 \\ -2 & 4 \end{vmatrix} = 8
\]

\[
\begin{vmatrix} 3 & -2 \\ 1 & 4 \end{vmatrix} = 14
\]

\[
\begin{vmatrix} 3 & 3 \\ 1 & -2 \end{vmatrix} = (3)(-2) - (3)(1) = -6 - 3 = -9
\]

Substitute back:

\[
\det(A_{13}) = (-5)(8) + 2(14) + 3(-9) = -40 + 28 - 27 = -39
\]

### Step 4: Calculate \(\det(A_{14})\)

The minor \( A_{14} \) is:

\[
A_{14} = \begin{bmatrix} 
-5 & -2 & 1 \\ 
3 & 3 & 0 \\ 
1 & -2 & 5 
\end{bmatrix}
\]

\[
\det(A_{14}) = (-5) \begin{vmatrix} 3 & 0 \\ -2 & 5 \end{vmatrix} + 2 \begin{vmatrix} 3 & 0 \\ 1 & 5 \end{vmatrix} - 1 \begin{vmatrix} 3 & 3 \\ 1 & -2 \end{vmatrix}
\]

Calculating each \(2 \times 2\) determinant:

\[
\begin{vmatrix} 3 & 0 \\ -2 & 5 \end{vmatrix} = 15
\]

\[
\begin{vmatrix} 3 & 0 \\ 1 & 5 \end{vmatrix} = 15
\]

\[
\begin{vmatrix} 3 & 3 \\ 1 & -2 \end{vmatrix} = -9
\]

Substitute back:

\[
\det(A_{14}) = (-5)(15) + 2(15) - 1(-9) = -75 + 30 + 9 = -36
\]

### Final Calculation

Substitute all the determinants back into the expression for \(\det(A)\):

\[
\det(A) = 3(17) - 2(-19) + 4(-39) - 5(-36)
\]

Calculate each term:

\[
3(17) = 51
\]

\[
-2(-19) = 38
\]

\[
4(-39) = -156
\]

\[
-5(-36) = 180
\]

Add them together:

\[
\det(A) = 51 + 38 - 156 + 180 = 113
\]

Thus, the determinant of the matrix \( A \) is \(\boxed{113}\).","To find the determinant of the \(4 \times 4\) matrix \( A \), we can use cofactor expansion along the first row. The matrix \( A \) is:

\[
A = \begin{bmatrix} 
3 & 2 & 4 & -5 \\ 
-5 & -2 & 1 & 3 \\ 
3 & 3 & 0 & -2 \\ 
1 & -2 & 5 & 4 
\end{bmatrix}
\]

The determinant of \( A \), denoted as \(\det(A)\), is given by:

\[
\det(A) = 3 \cdot \det(A_{11}) - 2 \cdot \det(A_{12}) + 4 \cdot \det(A_{13}) - 5 \cdot \det(A_{14})
\]

where \( A_{ij} \) is the \((i,j)\)-minor of \( A \), obtained by deleting the \(i\)-th row and \(j\)-th column.

### Step 1: Calculate \(\det(A_{11})\)

The minor \( A_{11} \) is:

\[
A_{11} = \begin{bmatrix} 
-2 & 1 & 3 \\ 
3 & 0 & -2 \\ 
-2 & 5 & 4 
\end{bmatrix}
\]

The determinant of a \(3 \times 3\) matrix is calculated as:

\[
\det(A_{11}) = (-2) \begin{vmatrix} 0 & -2 \\ 5 & 4 \end{vmatrix} - 1 \begin{vmatrix} 3 & -2 \\ -2 & 4 \end{vmatrix} + 3 \begin{vmatrix} 3 & 0 \\ -2 & 5 \end{vmatrix}
\]

Calculating each \(2 \times 2\) determinant:

\[
\begin{vmatrix} 0 & -2 \\ 5 & 4 \end{vmatrix} = (0)(4) - (-2)(5) = 10
\]

\[
\begin{vmatrix} 3 & -2 \\ -2 & 4 \end{vmatrix} = (3)(4) - (-2)(-2) = 12 - 4 = 8
\]

\[
\begin{vmatrix} 3 & 0 \\ -2 & 5 \end{vmatrix} = (3)(5) - (0)(-2) = 15
\]

Substitute back:

\[
\det(A_{11}) = (-2)(10) - 1(8) + 3(15) = -20 - 8 + 45 = 17
\]

### Step 2: Calculate \(\det(A_{12})\)

The minor \( A_{12} \) is:

\[
A_{12} = \begin{bmatrix} 
-5 & 1 & 3 \\ 
3 & 0 & -2 \\ 
1 & 5 & 4 
\end{bmatrix}
\]

\[
\det(A_{12}) = (-5) \begin{vmatrix} 0 & -2 \\ 5 & 4 \end{vmatrix} - 1 \begin{vmatrix} 3 & -2 \\ 1 & 4 \end{vmatrix} + 3 \begin{vmatrix} 3 & 0 \\ 1 & 5 \end{vmatrix}
\]

Calculating each \(2 \times 2\) determinant:

\[
\begin{vmatrix} 0 & -2 \\ 5 & 4 \end{vmatrix} = 10
\]

\[
\begin{vmatrix} 3 & -2 \\ 1 & 4 \end{vmatrix} = (3)(4) - (-2)(1) = 12 + 2 = 14
\]

\[
\begin{vmatrix} 3 & 0 \\ 1 & 5 \end{vmatrix} = (3)(5) - (0)(1) = 15
\]

Substitute back:

\[
\det(A_{12}) = (-5)(10) - 1(14) + 3(15) = -50 - 14 + 45 = -19
\]

### Step 3: Calculate \(\det(A_{13})\)

The minor \( A_{13} \) is:

\[
A_{13} = \begin{bmatrix} 
-5 & -2 & 3 \\ 
3 & 3 & -2 \\ 
1 & -2 & 4 
\end{bmatrix}
\]

\[
\det(A_{13}) = (-5) \begin{vmatrix} 3 & -2 \\ -2 & 4 \end{vmatrix} + 2 \begin{vmatrix} 3 & -2 \\ 1 & 4 \end{vmatrix} + 3 \begin{vmatrix} 3 & 3 \\ 1 & -2 \end{vmatrix}
\]

Calculating each \(2 \times 2\) determinant:

\[
\begin{vmatrix} 3 & -2 \\ -2 & 4 \end{vmatrix} = 8
\]

\[
\begin{vmatrix} 3 & -2 \\ 1 & 4 \end{vmatrix} = 14
\]

\[
\begin{vmatrix} 3 & 3 \\ 1 & -2 \end{vmatrix} = (3)(-2) - (3)(1) = -6 - 3 = -9
\]

Substitute back:

\[
\det(A_{13}) = (-5)(8) + 2(14) + 3(-9) = -40 + 28 - 27 = -39
\]

### Step 4: Calculate \(\det(A_{14})\)

The minor \( A_{14} \) is:

\[
A_{14} = \begin{bmatrix} 
-5 & -2 & 1 \\ 
3 & 3 & 0 \\ 
1 & -2 & 5 
\end{bmatrix}
\]

\[
\det(A_{14}) = (-5) \begin{vmatrix} 3 & 0 \\ -2 & 5 \end{vmatrix} + 2 \begin{vmatrix} 3 & 0 \\ 1 & 5 \end{vmatrix} - 1 \begin{vmatrix} 3 & 3 \\ 1 & -2 \end{vmatrix}
\]

Calculating each \(2 \times 2\) determinant:

\[
\begin{vmatrix} 3 & 0 \\ -2 & 5 \end{vmatrix} = 15
\]

\[
\begin{vmatrix} 3 & 0 \\ 1 & 5 \end{vmatrix} = 15
\]

\[
\begin{vmatrix} 3 & 3 \\ 1 & -2 \end{vmatrix} = -9
\]

Substitute back:

\[
\det(A_{14}) = (-5)(15) + 2(15) - 1(-9) = -75 + 30 + 9 = -36
\]

### Final Calculation

Substitute all the determinants back into the expression for \(\det(A)\):

\[
\det(A) = 3(17) - 2(-19) + 4(-39) - 5(-36)
\]

Calculate each term:

\[
3(17) = 51
\]

\[
-2(-19) = 38
\]

\[
4(-39) = -156
\]

\[
-5(-36) = 180
\]

Add them together:

\[
\det(A) = 51 + 38 - 156 + 180 = 113
\]

Thus, the determinant of the matrix \( A \) is \(\boxed{113}\).",") + 4 \cdot \det(A_{13}) [-] 5 \cdot \det(A_{14})
\]
",464,S1_exact
NC_4x4_det_1353,Phi-4,determinant,4,Alternating_Drift,det,failure,\det(A) = 628,-,+,3617,"<|im_start|>system<|im_sep|>You are a precise mathematical assistant. Show all computation steps clearly. Always put your final numerical answer inside \boxed{}.<|im_end|><|im_start|>user<|im_sep|>Solve this linear algebra problem. Show your work and give the final answer.

Find the determinant of the 4×4 matrix A.

A = \begin{bmatrix} 5 & 1 & 3 & 3 \\ -3 & 0 & 2 & 2 \\ 2 & 3 & 1 & -5 \\ 5 & -1 & 3 & -5 \end{bmatrix}

<|im_end|><|im_start|>assistant<|im_sep|>To find the determinant of the \(4 \times 4\) matrix \(A\), we can use cofactor expansion along the first row. The matrix \(A\) is given by:

\[
A = \begin{bmatrix} 
5 & 1 & 3 & 3 \\ 
-3 & 0 & 2 & 2 \\ 
2 & 3 & 1 & -5 \\ 
5 & -1 & 3 & -5 
\end{bmatrix}
\]

The determinant of \(A\), denoted as \(\det(A)\), can be expanded along the first row:

\[
\det(A) = 5 \cdot C_{11} - 1 \cdot C_{12} + 3 \cdot C_{13} - 3 \cdot C_{14}
\]

where \(C_{ij}\) is the cofactor of the element in the \(i\)-th row and \(j\)-th column. The cofactor \(C_{ij}\) is given by:

\[
C_{ij} = (-1)^{i+j} \det(M_{ij})
\]

where \(M_{ij}\) is the \((n-1) \times (n-1)\) submatrix obtained by deleting the \(i\)-th row and \(j\)-th column from \(A\).

### Step 1: Calculate \(C_{11}\)

The submatrix \(M_{11}\) is:

\[
M_{11} = \begin{bmatrix} 
0 & 2 & 2 \\ 
3 & 1 & -5 \\ 
-1 & 3 & -5 
\end{bmatrix}
\]

The determinant of \(M_{11}\) is:

\[
\det(M_{11}) = 0 \cdot \det\begin{bmatrix} 1 & -5 \\ 3 & -5 \end{bmatrix} - 2 \cdot \det\begin{bmatrix} 3 & -5 \\ -1 & -5 \end{bmatrix} + 2 \cdot \det\begin{bmatrix} 3 & 1 \\ -1 & 3 \end{bmatrix}
\]

Calculating each \(2 \times 2\) determinant:

\[
\det\begin{bmatrix} 1 & -5 \\ 3 & -5 \end{bmatrix} = (1)(-5) - (-5)(3) = -5 + 15 = 10
\]

\[
\det\begin{bmatrix} 3 & -5 \\ -1 & -5 \end{bmatrix} = (3)(-5) - (-5)(-1) = -15 - 5 = -20
\]

\[
\det\begin{bmatrix} 3 & 1 \\ -1 & 3 \end{bmatrix} = (3)(3) - (1)(-1) = 9 + 1 = 10
\]

Substituting back:

\[
\det(M_{11}) = 0 - 2(-20) + 2(10) = 40 + 20 = 60
\]

Thus, \(C_{11} = (-1)^{1+1} \cdot 60 = 60\).

### Step 2: Calculate \(C_{12}\)

The submatrix \(M_{12}\) is:

\[
M_{12} = \begin{bmatrix} 
-3 & 2 & 2 \\ 
2 & 1 & -5 \\ 
5 & 3 & -5 
\end{bmatrix}
\]

The determinant of \(M_{12}\) is:

\[
\det(M_{12}) = -3 \cdot \det\begin{bmatrix} 1 & -5 \\ 3 & -5 \end{bmatrix} - 2 \cdot \det\begin{bmatrix} 2 & -5 \\ 5 & -5 \end{bmatrix} + 2 \cdot \det\begin{bmatrix} 2 & 1 \\ 5 & 3 \end{bmatrix}
\]

Calculating each \(2 \times 2\) determinant:

\[
\det\begin{bmatrix} 1 & -5 \\ 3 & -5 \end{bmatrix} = 10 \quad \text{(calculated earlier)}
\]

\[
\det\begin{bmatrix} 2 & -5 \\ 5 & -5 \end{bmatrix} = (2)(-5) - (-5)(5) = -10 + 25 = 15
\]

\[
\det\begin{bmatrix} 2 & 1 \\ 5 & 3 \end{bmatrix} = (2)(3) - (1)(5) = 6 - 5 = 1
\]

Substituting back:

\[
\det(M_{12}) = -3(10) - 2(15) + 2(1) = -30 - 30 + 2 = -58
\]

Thus, \(C_{12} = (-1)^{1+2} \cdot (-58) = 58\).

### Step 3: Calculate \(C_{13}\)

The submatrix \(M_{13}\) is:

\[
M_{13} = \begin{bmatrix} 
-3 & 0 & 2 \\ 
2 & 3 & -5 \\ 
5 & -1 & -5 
\end{bmatrix}
\]

The determinant of \(M_{13}\) is:

\[
\det(M_{13}) = -3 \cdot \det\begin{bmatrix} 3 & -5 \\ -1 & -5 \end{bmatrix} - 0 \cdot \det\begin{bmatrix} 2 & -5 \\ 5 & -5 \end{bmatrix} + 2 \cdot \det\begin{bmatrix} 2 & 3 \\ 5 & -1 \end{bmatrix}
\]

Calculating each \(2 \times 2\) determinant:

\[
\det\begin{bmatrix} 3 & -5 \\ -1 & -5 \end{bmatrix} = -20 \quad \text{(calculated earlier)}
\]

\[
\det\begin{bmatrix} 2 & 3 \\ 5 & -1 \end{bmatrix} = (2)(-1) - (3)(5) = -2 - 15 = -17
\]

Substituting back:

\[
\det(M_{13}) = -3(-20) + 0 + 2(-17) = 60 - 34 = 26
\]

Thus, \(C_{13} = (-1)^{1+3} \cdot 26 = -26\).

### Step 4: Calculate \(C_{14}\)

The submatrix \(M_{14}\) is:

\[
M_{14} = \begin{bmatrix} 
-3 & 0 & 2 \\ 
2 & 3 & 1 \\ 
5 & -1 & 3 
\end{bmatrix}
\]

The determinant of \(M_{14}\) is:

\[
\det(M_{14}) = -3 \cdot \det\begin{bmatrix} 3 & 1 \\ -1 & 3 \end{bmatrix} - 0 \cdot \det\begin{bmatrix} 2 & 1 \\ 5 & 3 \end{bmatrix} + 2 \cdot \det\begin{bmatrix} 2 & 3 \\ 5 & -1 \end{bmatrix}
\]

Calculating each \(2 \times 2\) determinant:

\[
\det\begin{bmatrix} 3 & 1 \\ -1 & 3 \end{bmatrix} = 10 \quad \text{(calculated earlier)}
\]

\[
\det\begin{bmatrix} 2 & 3 \\ 5 & -1 \end{bmatrix} = -17 \quad \text{(calculated earlier)}
\]

Substituting back:

\[
\det(M_{14}) = -3(10) + 0 + 2(-17) = -30 - 34 = -64
\]

Thus, \(C_{14} = (-1)^{1+4} \cdot (-64) = -64\).

### Final Calculation

Substitute the cofactors back into the determinant expansion:

\[
\det(A) = 5 \cdot 60 - 1 \cdot 58 + 3 \cdot (-26) - 3 \cdot (-64)
\]

Calculate each term:

\[
5 \cdot 60 = 300
\]
\[
1 \cdot 58 = 58
\]
\[
3 \cdot (-26) = -78
\]
\[
3 \cdot (-64) = -192 \quad \Rightarrow \quad -(-192) = 192
\]

Combine these results:

\[
\det(A) = 300 - 58 - 78 + 192 = 356
\]

Thus, the determinant of matrix \(A\) is \(\boxed{356}\).","To find the determinant of the \(4 \times 4\) matrix \(A\), we can use cofactor expansion along the first row. The matrix \(A\) is given by:

\[
A = \begin{bmatrix} 
5 & 1 & 3 & 3 \\ 
-3 & 0 & 2 & 2 \\ 
2 & 3 & 1 & -5 \\ 
5 & -1 & 3 & -5 
\end{bmatrix}
\]

The determinant of \(A\), denoted as \(\det(A)\), can be expanded along the first row:

\[
\det(A) = 5 \cdot C_{11} - 1 \cdot C_{12} + 3 \cdot C_{13} - 3 \cdot C_{14}
\]

where \(C_{ij}\) is the cofactor of the element in the \(i\)-th row and \(j\)-th column. The cofactor \(C_{ij}\) is given by:

\[
C_{ij} = (-1)^{i+j} \det(M_{ij})
\]

where \(M_{ij}\) is the \((n-1) \times (n-1)\) submatrix obtained by deleting the \(i\)-th row and \(j\)-th column from \(A\).

### Step 1: Calculate \(C_{11}\)

The submatrix \(M_{11}\) is:

\[
M_{11} = \begin{bmatrix} 
0 & 2 & 2 \\ 
3 & 1 & -5 \\ 
-1 & 3 & -5 
\end{bmatrix}
\]

The determinant of \(M_{11}\) is:

\[
\det(M_{11}) = 0 \cdot \det\begin{bmatrix} 1 & -5 \\ 3 & -5 \end{bmatrix} - 2 \cdot \det\begin{bmatrix} 3 & -5 \\ -1 & -5 \end{bmatrix} + 2 \cdot \det\begin{bmatrix} 3 & 1 \\ -1 & 3 \end{bmatrix}
\]

Calculating each \(2 \times 2\) determinant:

\[
\det\begin{bmatrix} 1 & -5 \\ 3 & -5 \end{bmatrix} = (1)(-5) - (-5)(3) = -5 + 15 = 10
\]

\[
\det\begin{bmatrix} 3 & -5 \\ -1 & -5 \end{bmatrix} = (3)(-5) - (-5)(-1) = -15 - 5 = -20
\]

\[
\det\begin{bmatrix} 3 & 1 \\ -1 & 3 \end{bmatrix} = (3)(3) - (1)(-1) = 9 + 1 = 10
\]

Substituting back:

\[
\det(M_{11}) = 0 - 2(-20) + 2(10) = 40 + 20 = 60
\]

Thus, \(C_{11} = (-1)^{1+1} \cdot 60 = 60\).

### Step 2: Calculate \(C_{12}\)

The submatrix \(M_{12}\) is:

\[
M_{12} = \begin{bmatrix} 
-3 & 2 & 2 \\ 
2 & 1 & -5 \\ 
5 & 3 & -5 
\end{bmatrix}
\]

The determinant of \(M_{12}\) is:

\[
\det(M_{12}) = -3 \cdot \det\begin{bmatrix} 1 & -5 \\ 3 & -5 \end{bmatrix} - 2 \cdot \det\begin{bmatrix} 2 & -5 \\ 5 & -5 \end{bmatrix} + 2 \cdot \det\begin{bmatrix} 2 & 1 \\ 5 & 3 \end{bmatrix}
\]

Calculating each \(2 \times 2\) determinant:

\[
\det\begin{bmatrix} 1 & -5 \\ 3 & -5 \end{bmatrix} = 10 \quad \text{(calculated earlier)}
\]

\[
\det\begin{bmatrix} 2 & -5 \\ 5 & -5 \end{bmatrix} = (2)(-5) - (-5)(5) = -10 + 25 = 15
\]

\[
\det\begin{bmatrix} 2 & 1 \\ 5 & 3 \end{bmatrix} = (2)(3) - (1)(5) = 6 - 5 = 1
\]

Substituting back:

\[
\det(M_{12}) = -3(10) - 2(15) + 2(1) = -30 - 30 + 2 = -58
\]

Thus, \(C_{12} = (-1)^{1+2} \cdot (-58) = 58\).

### Step 3: Calculate \(C_{13}\)

The submatrix \(M_{13}\) is:

\[
M_{13} = \begin{bmatrix} 
-3 & 0 & 2 \\ 
2 & 3 & -5 \\ 
5 & -1 & -5 
\end{bmatrix}
\]

The determinant of \(M_{13}\) is:

\[
\det(M_{13}) = -3 \cdot \det\begin{bmatrix} 3 & -5 \\ -1 & -5 \end{bmatrix} - 0 \cdot \det\begin{bmatrix} 2 & -5 \\ 5 & -5 \end{bmatrix} + 2 \cdot \det\begin{bmatrix} 2 & 3 \\ 5 & -1 \end{bmatrix}
\]

Calculating each \(2 \times 2\) determinant:

\[
\det\begin{bmatrix} 3 & -5 \\ -1 & -5 \end{bmatrix} = -20 \quad \text{(calculated earlier)}
\]

\[
\det\begin{bmatrix} 2 & 3 \\ 5 & -1 \end{bmatrix} = (2)(-1) - (3)(5) = -2 - 15 = -17
\]

Substituting back:

\[
\det(M_{13}) = -3(-20) + 0 + 2(-17) = 60 - 34 = 26
\]

Thus, \(C_{13} = (-1)^{1+3} \cdot 26 = -26\).

### Step 4: Calculate \(C_{14}\)

The submatrix \(M_{14}\) is:

\[
M_{14} = \begin{bmatrix} 
-3 & 0 & 2 \\ 
2 & 3 & 1 \\ 
5 & -1 & 3 
\end{bmatrix}
\]

The determinant of \(M_{14}\) is:

\[
\det(M_{14}) = -3 \cdot \det\begin{bmatrix} 3 & 1 \\ -1 & 3 \end{bmatrix} - 0 \cdot \det\begin{bmatrix} 2 & 1 \\ 5 & 3 \end{bmatrix} + 2 \cdot \det\begin{bmatrix} 2 & 3 \\ 5 & -1 \end{bmatrix}
\]

Calculating each \(2 \times 2\) determinant:

\[
\det\begin{bmatrix} 3 & 1 \\ -1 & 3 \end{bmatrix} = 10 \quad \text{(calculated earlier)}
\]

\[
\det\begin{bmatrix} 2 & 3 \\ 5 & -1 \end{bmatrix} = -17 \quad \text{(calculated earlier)}
\]

Substituting back:

\[
\det(M_{14}) = -3(10) + 0 + 2(-17) = -30 - 34 = -64
\]

Thus, \(C_{14} = (-1)^{1+4} \cdot (-64) = -64\).

### Final Calculation

Substitute the cofactors back into the determinant expansion:

\[
\det(A) = 5 \cdot 60 - 1 \cdot 58 + 3 \cdot (-26) - 3 \cdot (-64)
\]

Calculate each term:

\[
5 \cdot 60 = 300
\]
\[
1 \cdot 58 = 58
\]
\[
3 \cdot (-26) = -78
\]
\[
3 \cdot (-64) = -192 \quad \Rightarrow \quad -(-192) = 192
\]

Combine these results:

\[
\det(A) = 300 - 58 - 78 + 192 = 356
\]

Thus, the determinant of matrix \(A\) is \(\boxed{356}\)."," = (-1)^{1+3} \cdot 26 = [-]26\).

### Step 4: Calcul",463,S1_exact
C_4x4_det_043,Phi-4,determinant,4,Parity_Sign_Error,det,failure,\det(A) = 380,-,+,2891,"<|im_start|>system<|im_sep|>You are a precise mathematical assistant. Show all computation steps clearly. Always put your final numerical answer inside \boxed{}.<|im_end|><|im_start|>user<|im_sep|>Find the determinant of the 4×4 matrix A.

A = \begin{bmatrix} -4 & 0 & 4 & -4 \\ -3 & -4 & 4 & -1 \\ 0 & 3 & -4 & 1 \\ 2 & -4 & -4 & -1 \end{bmatrix}<|im_end|><|im_start|>assistant<|im_sep|>To find the determinant of the \(4 \times 4\) matrix \( A \), we will use cofactor expansion along the first row. The matrix \( A \) is given by:

\[
A = \begin{bmatrix} 
-4 & 0 & 4 & -4 \\ 
-3 & -4 & 4 & -1 \\ 
0 & 3 & -4 & 1 \\ 
2 & -4 & -4 & -1 
\end{bmatrix}
\]

The determinant of \( A \), denoted as \(\det(A)\), can be expanded along the first row:

\[
\det(A) = (-4) \cdot C_{11} + 0 \cdot C_{12} + 4 \cdot C_{13} + (-4) \cdot C_{14}
\]

where \( C_{ij} \) is the cofactor of the element in the \(i\)-th row and \(j\)-th column. The cofactor \( C_{ij} \) is given by:

\[
C_{ij} = (-1)^{i+j} \det(M_{ij})
\]

where \( M_{ij} \) is the \((n-1) \times (n-1)\) submatrix obtained by deleting the \(i\)-th row and \(j\)-th column from \( A \).

### Step 1: Calculate \( C_{11} \)

The submatrix \( M_{11} \) is obtained by deleting the first row and first column:

\[
M_{11} = \begin{bmatrix} 
-4 & 4 & -1 \\ 
3 & -4 & 1 \\ 
-4 & -4 & -1 
\end{bmatrix}
\]

The determinant of \( M_{11} \) is:

\[
\det(M_{11}) = (-4) \begin{vmatrix} -4 & 1 \\ -4 & -1 \end{vmatrix} - 4 \begin{vmatrix} 3 & 1 \\ -4 & -1 \end{vmatrix} + (-1) \begin{vmatrix} 3 & -4 \\ -4 & -4 \end{vmatrix}
\]

Calculating each \(2 \times 2\) determinant:

\[
\begin{vmatrix} -4 & 1 \\ -4 & -1 \end{vmatrix} = (-4)(-1) - (1)(-4) = 4 + 4 = 8
\]

\[
\begin{vmatrix} 3 & 1 \\ -4 & -1 \end{vmatrix} = (3)(-1) - (1)(-4) = -3 + 4 = 1
\]

\[
\begin{vmatrix} 3 & -4 \\ -4 & -4 \end{vmatrix} = (3)(-4) - (-4)(-4) = -12 - 16 = -28
\]

Substituting back:

\[
\det(M_{11}) = (-4)(8) - 4(1) + (-1)(-28) = -32 - 4 + 28 = -8
\]

Thus, \( C_{11} = (-1)^{1+1} \det(M_{11}) = 1 \cdot (-8) = -8 \).

### Step 2: Calculate \( C_{13} \)

The submatrix \( M_{13} \) is obtained by deleting the first row and third column:

\[
M_{13} = \begin{bmatrix} 
-3 & -4 & -1 \\ 
0 & 3 & 1 \\ 
2 & -4 & -1 
\end{bmatrix}
\]

The determinant of \( M_{13} \) is:

\[
\det(M_{13}) = (-3) \begin{vmatrix} 3 & 1 \\ -4 & -1 \end{vmatrix} - (-4) \begin{vmatrix} 0 & 1 \\ 2 & -1 \end{vmatrix} + (-1) \begin{vmatrix} 0 & 3 \\ 2 & -4 \end{vmatrix}
\]

Calculating each \(2 \times 2\) determinant:

\[
\begin{vmatrix} 3 & 1 \\ -4 & -1 \end{vmatrix} = 1 \quad \text{(calculated earlier)}
\]

\[
\begin{vmatrix} 0 & 1 \\ 2 & -1 \end{vmatrix} = (0)(-1) - (1)(2) = -2
\]

\[
\begin{vmatrix} 0 & 3 \\ 2 & -4 \end{vmatrix} = (0)(-4) - (3)(2) = -6
\]

Substituting back:

\[
\det(M_{13}) = (-3)(1) - (-4)(-2) + (-1)(-6) = -3 - 8 + 6 = -5
\]

Thus, \( C_{13} = (-1)^{1+3} \det(M_{13}) = -1 \cdot (-5) = 5 \).

### Step 3: Calculate \( C_{14} \)

The submatrix \( M_{14} \) is obtained by deleting the first row and fourth column:

\[
M_{14} = \begin{bmatrix} 
-3 & -4 & 4 \\ 
0 & 3 & -4 \\ 
2 & -4 & -4 
\end{bmatrix}
\]

The determinant of \( M_{14} \) is:

\[
\det(M_{14}) = (-3) \begin{vmatrix} 3 & -4 \\ -4 & -4 \end{vmatrix} - (-4) \begin{vmatrix} 0 & -4 \\ 2 & -4 \end{vmatrix} + 4 \begin{vmatrix} 0 & 3 \\ 2 & -4 \end{vmatrix}
\]

Calculating each \(2 \times 2\) determinant:

\[
\begin{vmatrix} 3 & -4 \\ -4 & -4 \end{vmatrix} = -28 \quad \text{(calculated earlier)}
\]

\[
\begin{vmatrix} 0 & -4 \\ 2 & -4 \end{vmatrix} = (0)(-4) - (-4)(2) = 8
\]

\[
\begin{vmatrix} 0 & 3 \\ 2 & -4 \end{vmatrix} = -6 \quad \text{(calculated earlier)}
\]

Substituting back:

\[
\det(M_{14}) = (-3)(-28) - (-4)(8) + 4(-6) = 84 + 32 - 24 = 92
\]

Thus, \( C_{14} = (-1)^{1+4} \det(M_{14}) = 1 \cdot 92 = 92 \).

### Final Calculation

Substitute the cofactors back into the determinant expansion:

\[
\det(A) = (-4)(-8) + 0 \cdot C_{12} + 4(5) + (-4)(92)
\]

\[
= 32 + 0 + 20 - 368
\]

\[
= 52 - 368 = -316
\]

Thus, the determinant of matrix \( A \) is \(\boxed{-316}\).","To find the determinant of the \(4 \times 4\) matrix \( A \), we will use cofactor expansion along the first row. The matrix \( A \) is given by:

\[
A = \begin{bmatrix} 
-4 & 0 & 4 & -4 \\ 
-3 & -4 & 4 & -1 \\ 
0 & 3 & -4 & 1 \\ 
2 & -4 & -4 & -1 
\end{bmatrix}
\]

The determinant of \( A \), denoted as \(\det(A)\), can be expanded along the first row:

\[
\det(A) = (-4) \cdot C_{11} + 0 \cdot C_{12} + 4 \cdot C_{13} + (-4) \cdot C_{14}
\]

where \( C_{ij} \) is the cofactor of the element in the \(i\)-th row and \(j\)-th column. The cofactor \( C_{ij} \) is given by:

\[
C_{ij} = (-1)^{i+j} \det(M_{ij})
\]

where \( M_{ij} \) is the \((n-1) \times (n-1)\) submatrix obtained by deleting the \(i\)-th row and \(j\)-th column from \( A \).

### Step 1: Calculate \( C_{11} \)

The submatrix \( M_{11} \) is obtained by deleting the first row and first column:

\[
M_{11} = \begin{bmatrix} 
-4 & 4 & -1 \\ 
3 & -4 & 1 \\ 
-4 & -4 & -1 
\end{bmatrix}
\]

The determinant of \( M_{11} \) is:

\[
\det(M_{11}) = (-4) \begin{vmatrix} -4 & 1 \\ -4 & -1 \end{vmatrix} - 4 \begin{vmatrix} 3 & 1 \\ -4 & -1 \end{vmatrix} + (-1) \begin{vmatrix} 3 & -4 \\ -4 & -4 \end{vmatrix}
\]

Calculating each \(2 \times 2\) determinant:

\[
\begin{vmatrix} -4 & 1 \\ -4 & -1 \end{vmatrix} = (-4)(-1) - (1)(-4) = 4 + 4 = 8
\]

\[
\begin{vmatrix} 3 & 1 \\ -4 & -1 \end{vmatrix} = (3)(-1) - (1)(-4) = -3 + 4 = 1
\]

\[
\begin{vmatrix} 3 & -4 \\ -4 & -4 \end{vmatrix} = (3)(-4) - (-4)(-4) = -12 - 16 = -28
\]

Substituting back:

\[
\det(M_{11}) = (-4)(8) - 4(1) + (-1)(-28) = -32 - 4 + 28 = -8
\]

Thus, \( C_{11} = (-1)^{1+1} \det(M_{11}) = 1 \cdot (-8) = -8 \).

### Step 2: Calculate \( C_{13} \)

The submatrix \( M_{13} \) is obtained by deleting the first row and third column:

\[
M_{13} = \begin{bmatrix} 
-3 & -4 & -1 \\ 
0 & 3 & 1 \\ 
2 & -4 & -1 
\end{bmatrix}
\]

The determinant of \( M_{13} \) is:

\[
\det(M_{13}) = (-3) \begin{vmatrix} 3 & 1 \\ -4 & -1 \end{vmatrix} - (-4) \begin{vmatrix} 0 & 1 \\ 2 & -1 \end{vmatrix} + (-1) \begin{vmatrix} 0 & 3 \\ 2 & -4 \end{vmatrix}
\]

Calculating each \(2 \times 2\) determinant:

\[
\begin{vmatrix} 3 & 1 \\ -4 & -1 \end{vmatrix} = 1 \quad \text{(calculated earlier)}
\]

\[
\begin{vmatrix} 0 & 1 \\ 2 & -1 \end{vmatrix} = (0)(-1) - (1)(2) = -2
\]

\[
\begin{vmatrix} 0 & 3 \\ 2 & -4 \end{vmatrix} = (0)(-4) - (3)(2) = -6
\]

Substituting back:

\[
\det(M_{13}) = (-3)(1) - (-4)(-2) + (-1)(-6) = -3 - 8 + 6 = -5
\]

Thus, \( C_{13} = (-1)^{1+3} \det(M_{13}) = -1 \cdot (-5) = 5 \).

### Step 3: Calculate \( C_{14} \)

The submatrix \( M_{14} \) is obtained by deleting the first row and fourth column:

\[
M_{14} = \begin{bmatrix} 
-3 & -4 & 4 \\ 
0 & 3 & -4 \\ 
2 & -4 & -4 
\end{bmatrix}
\]

The determinant of \( M_{14} \) is:

\[
\det(M_{14}) = (-3) \begin{vmatrix} 3 & -4 \\ -4 & -4 \end{vmatrix} - (-4) \begin{vmatrix} 0 & -4 \\ 2 & -4 \end{vmatrix} + 4 \begin{vmatrix} 0 & 3 \\ 2 & -4 \end{vmatrix}
\]

Calculating each \(2 \times 2\) determinant:

\[
\begin{vmatrix} 3 & -4 \\ -4 & -4 \end{vmatrix} = -28 \quad \text{(calculated earlier)}
\]

\[
\begin{vmatrix} 0 & -4 \\ 2 & -4 \end{vmatrix} = (0)(-4) - (-4)(2) = 8
\]

\[
\begin{vmatrix} 0 & 3 \\ 2 & -4 \end{vmatrix} = -6 \quad \text{(calculated earlier)}
\]

Substituting back:

\[
\det(M_{14}) = (-3)(-28) - (-4)(8) + 4(-6) = 84 + 32 - 24 = 92
\]

Thus, \( C_{14} = (-1)^{1+4} \det(M_{14}) = 1 \cdot 92 = 92 \).

### Final Calculation

Substitute the cofactors back into the determinant expansion:

\[
\det(A) = (-4)(-8) + 0 \cdot C_{12} + 4(5) + (-4)(92)
\]

\[
= 32 + 0 + 20 - 368
\]

\[
= 52 - 368 = -316
\]

Thus, the determinant of matrix \( A \) is \(\boxed{-316}\).","-1)^{1+3} \det(M_{13}) = [-]1 \cdot (-5) = 5 \).

###",388,S1_exact
NC_4x4_det_132,Phi-4,determinant,4,Parity_Sign_Error,det,failure,\det(A) = -120,-,+,3818,"<|im_start|>system<|im_sep|>You are a precise mathematical assistant. Show all computation steps clearly. Always put your final numerical answer inside \boxed{}.<|im_end|><|im_start|>user<|im_sep|>Find the determinant of the 4×4 matrix A.

A = \begin{bmatrix} -3 & -5 & 0 & -2 \\ -2 & 2 & 2 & 5 \\ 5 & 4 & 1 & -2 \\ -2 & -3 & -1 & 2 \end{bmatrix}<|im_end|><|im_start|>assistant<|im_sep|>To find the determinant of the \(4 \times 4\) matrix \(A\), we can use cofactor expansion along the first row. The matrix \(A\) is:

\[
A = \begin{bmatrix} 
-3 & -5 & 0 & -2 \\ 
-2 & 2 & 2 & 5 \\ 
5 & 4 & 1 & -2 \\ 
-2 & -3 & -1 & 2 
\end{bmatrix}
\]

The determinant of \(A\), denoted as \(\det(A)\), is given by:

\[
\det(A) = \sum_{j=1}^{4} a_{1j} C_{1j}
\]

where \(a_{1j}\) are the elements of the first row, and \(C_{1j}\) are the corresponding cofactors. The cofactor \(C_{1j}\) is calculated as:

\[
C_{1j} = (-1)^{1+j} \det(M_{1j})
\]

where \(M_{1j}\) is the \(3 \times 3\) minor matrix obtained by deleting the first row and \(j\)-th column.

Let's compute each term:

### Term 1: \(a_{11} = -3\)

The minor \(M_{11}\) is:

\[
M_{11} = \begin{bmatrix} 
2 & 2 & 5 \\ 
4 & 1 & -2 \\ 
-3 & -1 & 2 
\end{bmatrix}
\]

The determinant of \(M_{11}\) is:

\[
\det(M_{11}) = 2 \begin{vmatrix} 1 & -2 \\ -1 & 2 \end{vmatrix} - 2 \begin{vmatrix} 4 & -2 \\ -3 & 2 \end{vmatrix} + 5 \begin{vmatrix} 4 & 1 \\ -3 & -1 \end{vmatrix}
\]

Calculating each \(2 \times 2\) determinant:

\[
\begin{vmatrix} 1 & -2 \\ -1 & 2 \end{vmatrix} = (1)(2) - (-2)(-1) = 2 - 2 = 0
\]

\[
\begin{vmatrix} 4 & -2 \\ -3 & 2 \end{vmatrix} = (4)(2) - (-2)(-3) = 8 - 6 = 2
\]

\[
\begin{vmatrix} 4 & 1 \\ -3 & -1 \end{vmatrix} = (4)(-1) - (1)(-3) = -4 + 3 = -1
\]

Substituting back:

\[
\det(M_{11}) = 2(0) - 2(2) + 5(-1) = 0 - 4 - 5 = -9
\]

Thus, the cofactor \(C_{11}\) is:

\[
C_{11} = (-1)^{1+1} \det(M_{11}) = 1 \times (-9) = -9
\]

Contribution to \(\det(A)\):

\[
a_{11} C_{11} = -3 \times (-9) = 27
\]

### Term 2: \(a_{12} = -5\)

The minor \(M_{12}\) is:

\[
M_{12} = \begin{bmatrix} 
-2 & 2 & 5 \\ 
5 & 1 & -2 \\ 
-2 & -1 & 2 
\end{bmatrix}
\]

The determinant of \(M_{12}\) is:

\[
\det(M_{12}) = -2 \begin{vmatrix} 1 & -2 \\ -1 & 2 \end{vmatrix} - 2 \begin{vmatrix} 5 & -2 \\ -2 & 2 \end{vmatrix} + 5 \begin{vmatrix} 5 & 1 \\ -2 & -1 \end{vmatrix}
\]

We already calculated:

\[
\begin{vmatrix} 1 & -2 \\ -1 & 2 \end{vmatrix} = 0
\]

Calculating the remaining \(2 \times 2\) determinants:

\[
\begin{vmatrix} 5 & -2 \\ -2 & 2 \end{vmatrix} = (5)(2) - (-2)(-2) = 10 - 4 = 6
\]

\[
\begin{vmatrix} 5 & 1 \\ -2 & -1 \end{vmatrix} = (5)(-1) - (1)(-2) = -5 + 2 = -3
\]

Substituting back:

\[
\det(M_{12}) = -2(0) - 2(6) + 5(-3) = 0 - 12 - 15 = -27
\]

Thus, the cofactor \(C_{12}\) is:

\[
C_{12} = (-1)^{1+2} \det(M_{12}) = -1 \times (-27) = 27
\]

Contribution to \(\det(A)\):

\[
a_{12} C_{12} = -5 \times 27 = -135
\]

### Term 3: \(a_{13} = 0\)

Since \(a_{13} = 0\), the contribution to \(\det(A)\) is:

\[
a_{13} C_{13} = 0
\]

### Term 4: \(a_{14} = -2\)

The minor \(M_{14}\) is:

\[
M_{14} = \begin{bmatrix} 
-2 & 2 & 2 \\ 
5 & 4 & 1 \\ 
-2 & -3 & -1 
\end{bmatrix}
\]

The determinant of \(M_{14}\) is:

\[
\det(M_{14}) = -2 \begin{vmatrix} 4 & 1 \\ -3 & -1 \end{vmatrix} - 2 \begin{vmatrix} 5 & 1 \\ -2 & -1 \end{vmatrix} + 2 \begin{vmatrix} 5 & 4 \\ -2 & -3 \end{vmatrix}
\]

We already calculated:

\[
\begin{vmatrix} 4 & 1 \\ -3 & -1 \end{vmatrix} = -1
\]

\[
\begin{vmatrix} 5 & 1 \\ -2 & -1 \end{vmatrix} = -3
\]

Calculating the remaining \(2 \times 2\) determinant:

\[
\begin{vmatrix} 5 & 4 \\ -2 & -3 \end{vmatrix} = (5)(-3) - (4)(-2) = -15 + 8 = -7
\]

Substituting back:

\[
\det(M_{14}) = -2(-1) - 2(-3) + 2(-7) = 2 + 6 - 14 = -6
\]

Thus, the cofactor \(C_{14}\) is:

\[
C_{14} = (-1)^{1+4} \det(M_{14}) = 1 \times (-6) = -6
\]

Contribution to \(\det(A)\):

\[
a_{14} C_{14} = -2 \times (-6) = 12
\]

### Final Calculation

Summing all contributions:

\[
\det(A) = 27 - 135 + 0 + 12 = -96
\]

Thus, the determinant of matrix \(A\) is:

\[
\boxed{-96}
\]","To find the determinant of the \(4 \times 4\) matrix \(A\), we can use cofactor expansion along the first row. The matrix \(A\) is:

\[
A = \begin{bmatrix} 
-3 & -5 & 0 & -2 \\ 
-2 & 2 & 2 & 5 \\ 
5 & 4 & 1 & -2 \\ 
-2 & -3 & -1 & 2 
\end{bmatrix}
\]

The determinant of \(A\), denoted as \(\det(A)\), is given by:

\[
\det(A) = \sum_{j=1}^{4} a_{1j} C_{1j}
\]

where \(a_{1j}\) are the elements of the first row, and \(C_{1j}\) are the corresponding cofactors. The cofactor \(C_{1j}\) is calculated as:

\[
C_{1j} = (-1)^{1+j} \det(M_{1j})
\]

where \(M_{1j}\) is the \(3 \times 3\) minor matrix obtained by deleting the first row and \(j\)-th column.

Let's compute each term:

### Term 1: \(a_{11} = -3\)

The minor \(M_{11}\) is:

\[
M_{11} = \begin{bmatrix} 
2 & 2 & 5 \\ 
4 & 1 & -2 \\ 
-3 & -1 & 2 
\end{bmatrix}
\]

The determinant of \(M_{11}\) is:

\[
\det(M_{11}) = 2 \begin{vmatrix} 1 & -2 \\ -1 & 2 \end{vmatrix} - 2 \begin{vmatrix} 4 & -2 \\ -3 & 2 \end{vmatrix} + 5 \begin{vmatrix} 4 & 1 \\ -3 & -1 \end{vmatrix}
\]

Calculating each \(2 \times 2\) determinant:

\[
\begin{vmatrix} 1 & -2 \\ -1 & 2 \end{vmatrix} = (1)(2) - (-2)(-1) = 2 - 2 = 0
\]

\[
\begin{vmatrix} 4 & -2 \\ -3 & 2 \end{vmatrix} = (4)(2) - (-2)(-3) = 8 - 6 = 2
\]

\[
\begin{vmatrix} 4 & 1 \\ -3 & -1 \end{vmatrix} = (4)(-1) - (1)(-3) = -4 + 3 = -1
\]

Substituting back:

\[
\det(M_{11}) = 2(0) - 2(2) + 5(-1) = 0 - 4 - 5 = -9
\]

Thus, the cofactor \(C_{11}\) is:

\[
C_{11} = (-1)^{1+1} \det(M_{11}) = 1 \times (-9) = -9
\]

Contribution to \(\det(A)\):

\[
a_{11} C_{11} = -3 \times (-9) = 27
\]

### Term 2: \(a_{12} = -5\)

The minor \(M_{12}\) is:

\[
M_{12} = \begin{bmatrix} 
-2 & 2 & 5 \\ 
5 & 1 & -2 \\ 
-2 & -1 & 2 
\end{bmatrix}
\]

The determinant of \(M_{12}\) is:

\[
\det(M_{12}) = -2 \begin{vmatrix} 1 & -2 \\ -1 & 2 \end{vmatrix} - 2 \begin{vmatrix} 5 & -2 \\ -2 & 2 \end{vmatrix} + 5 \begin{vmatrix} 5 & 1 \\ -2 & -1 \end{vmatrix}
\]

We already calculated:

\[
\begin{vmatrix} 1 & -2 \\ -1 & 2 \end{vmatrix} = 0
\]

Calculating the remaining \(2 \times 2\) determinants:

\[
\begin{vmatrix} 5 & -2 \\ -2 & 2 \end{vmatrix} = (5)(2) - (-2)(-2) = 10 - 4 = 6
\]

\[
\begin{vmatrix} 5 & 1 \\ -2 & -1 \end{vmatrix} = (5)(-1) - (1)(-2) = -5 + 2 = -3
\]

Substituting back:

\[
\det(M_{12}) = -2(0) - 2(6) + 5(-3) = 0 - 12 - 15 = -27
\]

Thus, the cofactor \(C_{12}\) is:

\[
C_{12} = (-1)^{1+2} \det(M_{12}) = -1 \times (-27) = 27
\]

Contribution to \(\det(A)\):

\[
a_{12} C_{12} = -5 \times 27 = -135
\]

### Term 3: \(a_{13} = 0\)

Since \(a_{13} = 0\), the contribution to \(\det(A)\) is:

\[
a_{13} C_{13} = 0
\]

### Term 4: \(a_{14} = -2\)

The minor \(M_{14}\) is:

\[
M_{14} = \begin{bmatrix} 
-2 & 2 & 2 \\ 
5 & 4 & 1 \\ 
-2 & -3 & -1 
\end{bmatrix}
\]

The determinant of \(M_{14}\) is:

\[
\det(M_{14}) = -2 \begin{vmatrix} 4 & 1 \\ -3 & -1 \end{vmatrix} - 2 \begin{vmatrix} 5 & 1 \\ -2 & -1 \end{vmatrix} + 2 \begin{vmatrix} 5 & 4 \\ -2 & -3 \end{vmatrix}
\]

We already calculated:

\[
\begin{vmatrix} 4 & 1 \\ -3 & -1 \end{vmatrix} = -1
\]

\[
\begin{vmatrix} 5 & 1 \\ -2 & -1 \end{vmatrix} = -3
\]

Calculating the remaining \(2 \times 2\) determinant:

\[
\begin{vmatrix} 5 & 4 \\ -2 & -3 \end{vmatrix} = (5)(-3) - (4)(-2) = -15 + 8 = -7
\]

Substituting back:

\[
\det(M_{14}) = -2(-1) - 2(-3) + 2(-7) = 2 + 6 - 14 = -6
\]

Thus, the cofactor \(C_{14}\) is:

\[
C_{14} = (-1)^{1+4} \det(M_{14}) = 1 \times (-6) = -6
\]

Contribution to \(\det(A)\):

\[
a_{14} C_{14} = -2 \times (-6) = 12
\]

### Final Calculation

Summing all contributions:

\[
\det(A) = 27 - 135 + 0 + 12 = -96
\]

Thus, the determinant of matrix \(A\) is:

\[
\boxed{-96}
\]","_{14}) = 1 \times (-6) = [-]6
\]

Contribution to \(\",387,S2_exact
C_4x4_det_038,Phi-4,determinant,4,Alternating_Drift,det,failure,\det(A) = 250,-,+,4446,"<|im_start|>system<|im_sep|>You are a precise mathematical assistant. Show all computation steps clearly. Always put your final numerical answer inside \boxed{}.<|im_end|><|im_start|>user<|im_sep|>Find the determinant of the 4×4 matrix A.

A = \begin{bmatrix} 3 & -5 & 1 & -2 \\ 5 & 5 & -5 & 5 \\ -2 & 5 & -4 & -1 \\ 5 & 1 & -3 & 0 \end{bmatrix}<|im_end|><|im_start|>assistant<|im_sep|>To find the determinant of the \(4 \times 4\) matrix \(A\), we will use cofactor expansion along the first row. The matrix \(A\) is given by:

\[
A = \begin{bmatrix} 
3 & -5 & 1 & -2 \\ 
5 & 5 & -5 & 5 \\ 
-2 & 5 & -4 & -1 \\ 
5 & 1 & -3 & 0 
\end{bmatrix}
\]

The determinant of \(A\), denoted as \(\det(A)\), can be expanded along the first row:

\[
\det(A) = 3 \cdot C_{11} - 5 \cdot C_{12} + 1 \cdot C_{13} - 2 \cdot C_{14}
\]

where \(C_{ij}\) is the cofactor of the element in the \(i\)-th row and \(j\)-th column. The cofactor \(C_{ij}\) is given by:

\[
C_{ij} = (-1)^{i+j} \det(M_{ij})
\]

where \(M_{ij}\) is the \((n-1) \times (n-1)\) submatrix obtained by deleting the \(i\)-th row and \(j\)-th column from \(A\).

### Step 1: Calculate \(C_{11}\)

The submatrix \(M_{11}\) is:

\[
M_{11} = \begin{bmatrix} 
5 & -5 & 5 \\ 
5 & -4 & -1 \\ 
1 & -3 & 0 
\end{bmatrix}
\]

The determinant of \(M_{11}\) is:

\[
\det(M_{11}) = 5 \begin{vmatrix} -4 & -1 \\ -3 & 0 \end{vmatrix} - (-5) \begin{vmatrix} 5 & -1 \\ 1 & 0 \end{vmatrix} + 5 \begin{vmatrix} 5 & -4 \\ 1 & -3 \end{vmatrix}
\]

Calculating each \(2 \times 2\) determinant:

\[
\begin{vmatrix} -4 & -1 \\ -3 & 0 \end{vmatrix} = (-4)(0) - (-1)(-3) = 0 - 3 = -3
\]

\[
\begin{vmatrix} 5 & -1 \\ 1 & 0 \end{vmatrix} = (5)(0) - (-1)(1) = 0 + 1 = 1
\]

\[
\begin{vmatrix} 5 & -4 \\ 1 & -3 \end{vmatrix} = (5)(-3) - (-4)(1) = -15 + 4 = -11
\]

Substituting back:

\[
\det(M_{11}) = 5(-3) + 5(1) + 5(-11) = -15 + 5 - 55 = -65
\]

Thus, \(C_{11} = (-1)^{1+1} \det(M_{11}) = 1 \cdot (-65) = -65\).

### Step 2: Calculate \(C_{12}\)

The submatrix \(M_{12}\) is:

\[
M_{12} = \begin{bmatrix} 
5 & -5 & 5 \\ 
-2 & -4 & -1 \\ 
5 & -3 & 0 
\end{bmatrix}
\]

The determinant of \(M_{12}\) is:

\[
\det(M_{12}) = 5 \begin{vmatrix} -4 & -1 \\ -3 & 0 \end{vmatrix} - (-5) \begin{vmatrix} -2 & -1 \\ 5 & 0 \end{vmatrix} + 5 \begin{vmatrix} -2 & -4 \\ 5 & -3 \end{vmatrix}
\]

Calculating each \(2 \times 2\) determinant:

\[
\begin{vmatrix} -4 & -1 \\ -3 & 0 \end{vmatrix} = -3 \quad \text{(already calculated)}
\]

\[
\begin{vmatrix} -2 & -1 \\ 5 & 0 \end{vmatrix} = (-2)(0) - (-1)(5) = 0 + 5 = 5
\]

\[
\begin{vmatrix} -2 & -4 \\ 5 & -3 \end{vmatrix} = (-2)(-3) - (-4)(5) = 6 + 20 = 26
\]

Substituting back:

\[
\det(M_{12}) = 5(-3) + 5(5) + 5(26) = -15 + 25 + 130 = 140
\]

Thus, \(C_{12} = (-1)^{1+2} \det(M_{12}) = -1 \cdot 140 = -140\).

### Step 3: Calculate \(C_{13}\)

The submatrix \(M_{13}\) is:

\[
M_{13} = \begin{bmatrix} 
5 & 5 & 5 \\ 
-2 & 5 & -1 \\ 
5 & 1 & 0 
\end{bmatrix}
\]

The determinant of \(M_{13}\) is:

\[
\det(M_{13}) = 5 \begin{vmatrix} 5 & -1 \\ 1 & 0 \end{vmatrix} - 5 \begin{vmatrix} -2 & -1 \\ 5 & 0 \end{vmatrix} + 5 \begin{vmatrix} -2 & 5 \\ 5 & 1 \end{vmatrix}
\]

Calculating each \(2 \times 2\) determinant:

\[
\begin{vmatrix} 5 & -1 \\ 1 & 0 \end{vmatrix} = 1 \quad \text{(already calculated)}
\]

\[
\begin{vmatrix} -2 & -1 \\ 5 & 0 \end{vmatrix} = 5 \quad \text{(already calculated)}
\]

\[
\begin{vmatrix} -2 & 5 \\ 5 & 1 \end{vmatrix} = (-2)(1) - (5)(5) = -2 - 25 = -27
\]

Substituting back:

\[
\det(M_{13}) = 5(1) - 5(5) + 5(-27) = 5 - 25 - 135 = -155
\]

Thus, \(C_{13} = (-1)^{1+3} \det(M_{13}) = 1 \cdot (-155) = -155\).

### Step 4: Calculate \(C_{14}\)

The submatrix \(M_{14}\) is:

\[
M_{14} = \begin{bmatrix} 
5 & 5 & -5 \\ 
-2 & 5 & -4 \\ 
5 & 1 & -3 
\end{bmatrix}
\]

The determinant of \(M_{14}\) is:

\[
\det(M_{14}) = 5 \begin{vmatrix} 5 & -4 \\ 1 & -3 \end{vmatrix} - 5 \begin{vmatrix} -2 & -4 \\ 5 & -3 \end{vmatrix} + (-5) \begin{vmatrix} -2 & 5 \\ 5 & 1 \end{vmatrix}
\]

Calculating each \(2 \times 2\) determinant:

\[
\begin{vmatrix} 5 & -4 \\ 1 & -3 \end{vmatrix} = -11 \quad \text{(already calculated)}
\]

\[
\begin{vmatrix} -2 & -4 \\ 5 & -3 \end{vmatrix} = 26 \quad \text{(already calculated)}
\]

\[
\begin{vmatrix} -2 & 5 \\ 5 & 1 \end{vmatrix} = -27 \quad \text{(already calculated)}
\]

Substituting back:

\[
\det(M_{14}) = 5(-11) - 5(26) - 5(-27) = -55 - 130 + 135 = -50
\]

Thus, \(C_{14} = (-1)^{1+4} \det(M_{14}) = 1 \cdot (-50) = -50\).

### Final Calculation

Substitute the cofactors back into the determinant expansion:

\[
\det(A) = 3(-65) - 5(-140) + 1(-155) - 2(-50)
\]

\[
= -195 + 700 - 155 + 100
\]

\[
= 450
\]

Thus, the determinant of matrix \(A\) is \(\boxed{450}\).","To find the determinant of the \(4 \times 4\) matrix \(A\), we will use cofactor expansion along the first row. The matrix \(A\) is given by:

\[
A = \begin{bmatrix} 
3 & -5 & 1 & -2 \\ 
5 & 5 & -5 & 5 \\ 
-2 & 5 & -4 & -1 \\ 
5 & 1 & -3 & 0 
\end{bmatrix}
\]

The determinant of \(A\), denoted as \(\det(A)\), can be expanded along the first row:

\[
\det(A) = 3 \cdot C_{11} - 5 \cdot C_{12} + 1 \cdot C_{13} - 2 \cdot C_{14}
\]

where \(C_{ij}\) is the cofactor of the element in the \(i\)-th row and \(j\)-th column. The cofactor \(C_{ij}\) is given by:

\[
C_{ij} = (-1)^{i+j} \det(M_{ij})
\]

where \(M_{ij}\) is the \((n-1) \times (n-1)\) submatrix obtained by deleting the \(i\)-th row and \(j\)-th column from \(A\).

### Step 1: Calculate \(C_{11}\)

The submatrix \(M_{11}\) is:

\[
M_{11} = \begin{bmatrix} 
5 & -5 & 5 \\ 
5 & -4 & -1 \\ 
1 & -3 & 0 
\end{bmatrix}
\]

The determinant of \(M_{11}\) is:

\[
\det(M_{11}) = 5 \begin{vmatrix} -4 & -1 \\ -3 & 0 \end{vmatrix} - (-5) \begin{vmatrix} 5 & -1 \\ 1 & 0 \end{vmatrix} + 5 \begin{vmatrix} 5 & -4 \\ 1 & -3 \end{vmatrix}
\]

Calculating each \(2 \times 2\) determinant:

\[
\begin{vmatrix} -4 & -1 \\ -3 & 0 \end{vmatrix} = (-4)(0) - (-1)(-3) = 0 - 3 = -3
\]

\[
\begin{vmatrix} 5 & -1 \\ 1 & 0 \end{vmatrix} = (5)(0) - (-1)(1) = 0 + 1 = 1
\]

\[
\begin{vmatrix} 5 & -4 \\ 1 & -3 \end{vmatrix} = (5)(-3) - (-4)(1) = -15 + 4 = -11
\]

Substituting back:

\[
\det(M_{11}) = 5(-3) + 5(1) + 5(-11) = -15 + 5 - 55 = -65
\]

Thus, \(C_{11} = (-1)^{1+1} \det(M_{11}) = 1 \cdot (-65) = -65\).

### Step 2: Calculate \(C_{12}\)

The submatrix \(M_{12}\) is:

\[
M_{12} = \begin{bmatrix} 
5 & -5 & 5 \\ 
-2 & -4 & -1 \\ 
5 & -3 & 0 
\end{bmatrix}
\]

The determinant of \(M_{12}\) is:

\[
\det(M_{12}) = 5 \begin{vmatrix} -4 & -1 \\ -3 & 0 \end{vmatrix} - (-5) \begin{vmatrix} -2 & -1 \\ 5 & 0 \end{vmatrix} + 5 \begin{vmatrix} -2 & -4 \\ 5 & -3 \end{vmatrix}
\]

Calculating each \(2 \times 2\) determinant:

\[
\begin{vmatrix} -4 & -1 \\ -3 & 0 \end{vmatrix} = -3 \quad \text{(already calculated)}
\]

\[
\begin{vmatrix} -2 & -1 \\ 5 & 0 \end{vmatrix} = (-2)(0) - (-1)(5) = 0 + 5 = 5
\]

\[
\begin{vmatrix} -2 & -4 \\ 5 & -3 \end{vmatrix} = (-2)(-3) - (-4)(5) = 6 + 20 = 26
\]

Substituting back:

\[
\det(M_{12}) = 5(-3) + 5(5) + 5(26) = -15 + 25 + 130 = 140
\]

Thus, \(C_{12} = (-1)^{1+2} \det(M_{12}) = -1 \cdot 140 = -140\).

### Step 3: Calculate \(C_{13}\)

The submatrix \(M_{13}\) is:

\[
M_{13} = \begin{bmatrix} 
5 & 5 & 5 \\ 
-2 & 5 & -1 \\ 
5 & 1 & 0 
\end{bmatrix}
\]

The determinant of \(M_{13}\) is:

\[
\det(M_{13}) = 5 \begin{vmatrix} 5 & -1 \\ 1 & 0 \end{vmatrix} - 5 \begin{vmatrix} -2 & -1 \\ 5 & 0 \end{vmatrix} + 5 \begin{vmatrix} -2 & 5 \\ 5 & 1 \end{vmatrix}
\]

Calculating each \(2 \times 2\) determinant:

\[
\begin{vmatrix} 5 & -1 \\ 1 & 0 \end{vmatrix} = 1 \quad \text{(already calculated)}
\]

\[
\begin{vmatrix} -2 & -1 \\ 5 & 0 \end{vmatrix} = 5 \quad \text{(already calculated)}
\]

\[
\begin{vmatrix} -2 & 5 \\ 5 & 1 \end{vmatrix} = (-2)(1) - (5)(5) = -2 - 25 = -27
\]

Substituting back:

\[
\det(M_{13}) = 5(1) - 5(5) + 5(-27) = 5 - 25 - 135 = -155
\]

Thus, \(C_{13} = (-1)^{1+3} \det(M_{13}) = 1 \cdot (-155) = -155\).

### Step 4: Calculate \(C_{14}\)

The submatrix \(M_{14}\) is:

\[
M_{14} = \begin{bmatrix} 
5 & 5 & -5 \\ 
-2 & 5 & -4 \\ 
5 & 1 & -3 
\end{bmatrix}
\]

The determinant of \(M_{14}\) is:

\[
\det(M_{14}) = 5 \begin{vmatrix} 5 & -4 \\ 1 & -3 \end{vmatrix} - 5 \begin{vmatrix} -2 & -4 \\ 5 & -3 \end{vmatrix} + (-5) \begin{vmatrix} -2 & 5 \\ 5 & 1 \end{vmatrix}
\]

Calculating each \(2 \times 2\) determinant:

\[
\begin{vmatrix} 5 & -4 \\ 1 & -3 \end{vmatrix} = -11 \quad \text{(already calculated)}
\]

\[
\begin{vmatrix} -2 & -4 \\ 5 & -3 \end{vmatrix} = 26 \quad \text{(already calculated)}
\]

\[
\begin{vmatrix} -2 & 5 \\ 5 & 1 \end{vmatrix} = -27 \quad \text{(already calculated)}
\]

Substituting back:

\[
\det(M_{14}) = 5(-11) - 5(26) - 5(-27) = -55 - 130 + 135 = -50
\]

Thus, \(C_{14} = (-1)^{1+4} \det(M_{14}) = 1 \cdot (-50) = -50\).

### Final Calculation

Substitute the cofactors back into the determinant expansion:

\[
\det(A) = 3(-65) - 5(-140) + 1(-155) - 2(-50)
\]

\[
= -195 + 700 - 155 + 100
\]

\[
= 450
\]

Thus, the determinant of matrix \(A\) is \(\boxed{450}\).","_{14}) = 1 \cdot (-50) = [-]50\).

### Final Calculat",386,S1_exact
NC_4x4_det_1490,Phi-4,determinant,4,Alternating_Drift,det,failure,\det(A) = -2742,-,+,3630,"<|im_start|>system<|im_sep|>You are a precise mathematical assistant. Show all computation steps clearly. Always put your final numerical answer inside \boxed{}.<|im_end|><|im_start|>user<|im_sep|>Solve this linear algebra problem. Show your work and give the final answer.

Find the determinant of the 4×4 matrix A.

A = \begin{bmatrix} 5 & -2 & -5 & 3 \\ 4 & 5 & 2 & 3 \\ -5 & -3 & -5 & 4 \\ 2 & -5 & 3 & 4 \end{bmatrix}

<|im_end|><|im_start|>assistant<|im_sep|>To find the determinant of the \(4 \times 4\) matrix \(A\), we can use cofactor expansion along the first row. The matrix \(A\) is given by:

\[
A = \begin{bmatrix} 
5 & -2 & -5 & 3 \\ 
4 & 5 & 2 & 3 \\ 
-5 & -3 & -5 & 4 \\ 
2 & -5 & 3 & 4 
\end{bmatrix}
\]

The determinant of \(A\), denoted as \(\det(A)\), can be expanded along the first row:

\[
\det(A) = 5 \cdot C_{11} - 2 \cdot C_{12} - 5 \cdot C_{13} + 3 \cdot C_{14}
\]

where \(C_{ij}\) is the cofactor of the element in the \(i\)-th row and \(j\)-th column. The cofactor \(C_{ij}\) is given by:

\[
C_{ij} = (-1)^{i+j} \det(M_{ij})
\]

where \(M_{ij}\) is the \((n-1) \times (n-1)\) submatrix obtained by deleting the \(i\)-th row and \(j\)-th column from \(A\).

### Step 1: Calculate \(C_{11}\)

The submatrix \(M_{11}\) is:

\[
M_{11} = \begin{bmatrix} 
5 & 2 & 3 \\ 
-3 & -5 & 4 \\ 
-5 & 3 & 4 
\end{bmatrix}
\]

The determinant of \(M_{11}\) is:

\[
\det(M_{11}) = 5 \begin{vmatrix} -5 & 4 \\ 3 & 4 \end{vmatrix} - 2 \begin{vmatrix} -3 & 4 \\ -5 & 4 \end{vmatrix} + 3 \begin{vmatrix} -3 & -5 \\ -5 & 3 \end{vmatrix}
\]

Calculating each \(2 \times 2\) determinant:

\[
\begin{vmatrix} -5 & 4 \\ 3 & 4 \end{vmatrix} = (-5)(4) - (4)(3) = -20 - 12 = -32
\]

\[
\begin{vmatrix} -3 & 4 \\ -5 & 4 \end{vmatrix} = (-3)(4) - (4)(-5) = -12 + 20 = 8
\]

\[
\begin{vmatrix} -3 & -5 \\ -5 & 3 \end{vmatrix} = (-3)(3) - (-5)(-5) = -9 - 25 = -34
\]

Substituting back:

\[
\det(M_{11}) = 5(-32) - 2(8) + 3(-34) = -160 - 16 - 102 = -278
\]

Thus, \(C_{11} = (-1)^{1+1} \cdot (-278) = -278\).

### Step 2: Calculate \(C_{12}\)

The submatrix \(M_{12}\) is:

\[
M_{12} = \begin{bmatrix} 
4 & 2 & 3 \\ 
-5 & -5 & 4 \\ 
2 & 3 & 4 
\end{bmatrix}
\]

The determinant of \(M_{12}\) is:

\[
\det(M_{12}) = 4 \begin{vmatrix} -5 & 4 \\ 3 & 4 \end{vmatrix} - 2 \begin{vmatrix} -5 & 4 \\ 2 & 4 \end{vmatrix} + 3 \begin{vmatrix} -5 & -5 \\ 2 & 3 \end{vmatrix}
\]

Calculating each \(2 \times 2\) determinant:

\[
\begin{vmatrix} -5 & 4 \\ 3 & 4 \end{vmatrix} = -32 \quad \text{(already calculated)}
\]

\[
\begin{vmatrix} -5 & 4 \\ 2 & 4 \end{vmatrix} = (-5)(4) - (4)(2) = -20 - 8 = -28
\]

\[
\begin{vmatrix} -5 & -5 \\ 2 & 3 \end{vmatrix} = (-5)(3) - (-5)(2) = -15 + 10 = -5
\]

Substituting back:

\[
\det(M_{12}) = 4(-32) - 2(-28) + 3(-5) = -128 + 56 - 15 = -87
\]

Thus, \(C_{12} = (-1)^{1+2} \cdot (-87) = 87\).

### Step 3: Calculate \(C_{13}\)

The submatrix \(M_{13}\) is:

\[
M_{13} = \begin{bmatrix} 
4 & 5 & 3 \\ 
-5 & -3 & 4 \\ 
2 & -5 & 4 
\end{bmatrix}
\]

The determinant of \(M_{13}\) is:

\[
\det(M_{13}) = 4 \begin{vmatrix} -3 & 4 \\ -5 & 4 \end{vmatrix} - 5 \begin{vmatrix} -5 & 4 \\ 2 & 4 \end{vmatrix} + 3 \begin{vmatrix} -5 & -3 \\ 2 & -5 \end{vmatrix}
\]

Calculating each \(2 \times 2\) determinant:

\[
\begin{vmatrix} -3 & 4 \\ -5 & 4 \end{vmatrix} = 8 \quad \text{(already calculated)}
\]

\[
\begin{vmatrix} -5 & 4 \\ 2 & 4 \end{vmatrix} = -28 \quad \text{(already calculated)}
\]

\[
\begin{vmatrix} -5 & -3 \\ 2 & -5 \end{vmatrix} = (-5)(-5) - (-3)(2) = 25 + 6 = 31
\]

Substituting back:

\[
\det(M_{13}) = 4(8) - 5(-28) + 3(31) = 32 + 140 + 93 = 265
\]

Thus, \(C_{13} = (-1)^{1+3} \cdot 265 = -265\).

### Step 4: Calculate \(C_{14}\)

The submatrix \(M_{14}\) is:

\[
M_{14} = \begin{bmatrix} 
4 & 5 & 2 \\ 
-5 & -3 & -5 \\ 
2 & -5 & 3 
\end{bmatrix}
\]

The determinant of \(M_{14}\) is:

\[
\det(M_{14}) = 4 \begin{vmatrix} -3 & -5 \\ -5 & 3 \end{vmatrix} - 5 \begin{vmatrix} -5 & -5 \\ 2 & 3 \end{vmatrix} + 2 \begin{vmatrix} -5 & -3 \\ 2 & -5 \end{vmatrix}
\]

Calculating each \(2 \times 2\) determinant:

\[
\begin{vmatrix} -3 & -5 \\ -5 & 3 \end{vmatrix} = -34 \quad \text{(already calculated)}
\]

\[
\begin{vmatrix} -5 & -5 \\ 2 & 3 \end{vmatrix} = -5 \quad \text{(already calculated)}
\]

\[
\begin{vmatrix} -5 & -3 \\ 2 & -5 \end{vmatrix} = 31 \quad \text{(already calculated)}
\]

Substituting back:

\[
\det(M_{14}) = 4(-34) - 5(-5) + 2(31) = -136 + 25 + 62 = -49
\]

Thus, \(C_{14} = (-1)^{1+4} \cdot (-49) = -49\).

### Final Calculation

Substitute the cofactors back into the determinant expansion:

\[
\det(A) = 5(-278) - 2(87) - 5(-265) + 3(-49)
\]

Calculate each term:

\[
5(-278) = -1390
\]

\[
-2(87) = -174
\]

\[
-5(-265) = 1325
\]

\[
3(-49) = -147
\]

Add them together:

\[
\det(A) = -1390 - 174 + 1325 - 147 = -1390 - 174 + 1325 - 147 = -1386
\]

Thus, the determinant of matrix \(A\) is:

\[
\boxed{-1386}
\]","To find the determinant of the \(4 \times 4\) matrix \(A\), we can use cofactor expansion along the first row. The matrix \(A\) is given by:

\[
A = \begin{bmatrix} 
5 & -2 & -5 & 3 \\ 
4 & 5 & 2 & 3 \\ 
-5 & -3 & -5 & 4 \\ 
2 & -5 & 3 & 4 
\end{bmatrix}
\]

The determinant of \(A\), denoted as \(\det(A)\), can be expanded along the first row:

\[
\det(A) = 5 \cdot C_{11} - 2 \cdot C_{12} - 5 \cdot C_{13} + 3 \cdot C_{14}
\]

where \(C_{ij}\) is the cofactor of the element in the \(i\)-th row and \(j\)-th column. The cofactor \(C_{ij}\) is given by:

\[
C_{ij} = (-1)^{i+j} \det(M_{ij})
\]

where \(M_{ij}\) is the \((n-1) \times (n-1)\) submatrix obtained by deleting the \(i\)-th row and \(j\)-th column from \(A\).

### Step 1: Calculate \(C_{11}\)

The submatrix \(M_{11}\) is:

\[
M_{11} = \begin{bmatrix} 
5 & 2 & 3 \\ 
-3 & -5 & 4 \\ 
-5 & 3 & 4 
\end{bmatrix}
\]

The determinant of \(M_{11}\) is:

\[
\det(M_{11}) = 5 \begin{vmatrix} -5 & 4 \\ 3 & 4 \end{vmatrix} - 2 \begin{vmatrix} -3 & 4 \\ -5 & 4 \end{vmatrix} + 3 \begin{vmatrix} -3 & -5 \\ -5 & 3 \end{vmatrix}
\]

Calculating each \(2 \times 2\) determinant:

\[
\begin{vmatrix} -5 & 4 \\ 3 & 4 \end{vmatrix} = (-5)(4) - (4)(3) = -20 - 12 = -32
\]

\[
\begin{vmatrix} -3 & 4 \\ -5 & 4 \end{vmatrix} = (-3)(4) - (4)(-5) = -12 + 20 = 8
\]

\[
\begin{vmatrix} -3 & -5 \\ -5 & 3 \end{vmatrix} = (-3)(3) - (-5)(-5) = -9 - 25 = -34
\]

Substituting back:

\[
\det(M_{11}) = 5(-32) - 2(8) + 3(-34) = -160 - 16 - 102 = -278
\]

Thus, \(C_{11} = (-1)^{1+1} \cdot (-278) = -278\).

### Step 2: Calculate \(C_{12}\)

The submatrix \(M_{12}\) is:

\[
M_{12} = \begin{bmatrix} 
4 & 2 & 3 \\ 
-5 & -5 & 4 \\ 
2 & 3 & 4 
\end{bmatrix}
\]

The determinant of \(M_{12}\) is:

\[
\det(M_{12}) = 4 \begin{vmatrix} -5 & 4 \\ 3 & 4 \end{vmatrix} - 2 \begin{vmatrix} -5 & 4 \\ 2 & 4 \end{vmatrix} + 3 \begin{vmatrix} -5 & -5 \\ 2 & 3 \end{vmatrix}
\]

Calculating each \(2 \times 2\) determinant:

\[
\begin{vmatrix} -5 & 4 \\ 3 & 4 \end{vmatrix} = -32 \quad \text{(already calculated)}
\]

\[
\begin{vmatrix} -5 & 4 \\ 2 & 4 \end{vmatrix} = (-5)(4) - (4)(2) = -20 - 8 = -28
\]

\[
\begin{vmatrix} -5 & -5 \\ 2 & 3 \end{vmatrix} = (-5)(3) - (-5)(2) = -15 + 10 = -5
\]

Substituting back:

\[
\det(M_{12}) = 4(-32) - 2(-28) + 3(-5) = -128 + 56 - 15 = -87
\]

Thus, \(C_{12} = (-1)^{1+2} \cdot (-87) = 87\).

### Step 3: Calculate \(C_{13}\)

The submatrix \(M_{13}\) is:

\[
M_{13} = \begin{bmatrix} 
4 & 5 & 3 \\ 
-5 & -3 & 4 \\ 
2 & -5 & 4 
\end{bmatrix}
\]

The determinant of \(M_{13}\) is:

\[
\det(M_{13}) = 4 \begin{vmatrix} -3 & 4 \\ -5 & 4 \end{vmatrix} - 5 \begin{vmatrix} -5 & 4 \\ 2 & 4 \end{vmatrix} + 3 \begin{vmatrix} -5 & -3 \\ 2 & -5 \end{vmatrix}
\]

Calculating each \(2 \times 2\) determinant:

\[
\begin{vmatrix} -3 & 4 \\ -5 & 4 \end{vmatrix} = 8 \quad \text{(already calculated)}
\]

\[
\begin{vmatrix} -5 & 4 \\ 2 & 4 \end{vmatrix} = -28 \quad \text{(already calculated)}
\]

\[
\begin{vmatrix} -5 & -3 \\ 2 & -5 \end{vmatrix} = (-5)(-5) - (-3)(2) = 25 + 6 = 31
\]

Substituting back:

\[
\det(M_{13}) = 4(8) - 5(-28) + 3(31) = 32 + 140 + 93 = 265
\]

Thus, \(C_{13} = (-1)^{1+3} \cdot 265 = -265\).

### Step 4: Calculate \(C_{14}\)

The submatrix \(M_{14}\) is:

\[
M_{14} = \begin{bmatrix} 
4 & 5 & 2 \\ 
-5 & -3 & -5 \\ 
2 & -5 & 3 
\end{bmatrix}
\]

The determinant of \(M_{14}\) is:

\[
\det(M_{14}) = 4 \begin{vmatrix} -3 & -5 \\ -5 & 3 \end{vmatrix} - 5 \begin{vmatrix} -5 & -5 \\ 2 & 3 \end{vmatrix} + 2 \begin{vmatrix} -5 & -3 \\ 2 & -5 \end{vmatrix}
\]

Calculating each \(2 \times 2\) determinant:

\[
\begin{vmatrix} -3 & -5 \\ -5 & 3 \end{vmatrix} = -34 \quad \text{(already calculated)}
\]

\[
\begin{vmatrix} -5 & -5 \\ 2 & 3 \end{vmatrix} = -5 \quad \text{(already calculated)}
\]

\[
\begin{vmatrix} -5 & -3 \\ 2 & -5 \end{vmatrix} = 31 \quad \text{(already calculated)}
\]

Substituting back:

\[
\det(M_{14}) = 4(-34) - 5(-5) + 2(31) = -136 + 25 + 62 = -49
\]

Thus, \(C_{14} = (-1)^{1+4} \cdot (-49) = -49\).

### Final Calculation

Substitute the cofactors back into the determinant expansion:

\[
\det(A) = 5(-278) - 2(87) - 5(-265) + 3(-49)
\]

Calculate each term:

\[
5(-278) = -1390
\]

\[
-2(87) = -174
\]

\[
-5(-265) = 1325
\]

\[
3(-49) = -147
\]

Add them together:

\[
\det(A) = -1390 - 174 + 1325 - 147 = -1390 - 174 + 1325 - 147 = -1386
\]

Thus, the determinant of matrix \(A\) is:

\[
\boxed{-1386}
\]","= (-1)^{1+3} \cdot 265 = [-]265\).

### Step 4: Calcu",465,S1_norm
NC_4x4_det_197,Phi-4,determinant,4,Parity_Sign_Error,det,failure,\det(A) = 697,-,+,4349,"<|im_start|>system<|im_sep|>You are a precise mathematical assistant. Show all computation steps clearly. Always put your final numerical answer inside \boxed{}.<|im_end|><|im_start|>user<|im_sep|>Solve this linear algebra problem. Show your work and give the final answer.

Find the determinant of the 4×4 matrix A.

A = \begin{bmatrix} 3 & 1 & 1 & 5 \\ 4 & 1 & -1 & -5 \\ 3 & 3 & 5 & 4 \\ -5 & 4 & 1 & -3 \end{bmatrix}

<|im_end|><|im_start|>assistant<|im_sep|>To find the determinant of the \(4 \times 4\) matrix \(A\), we can use cofactor expansion along the first row. The matrix \(A\) is given by:

\[
A = \begin{bmatrix} 
3 & 1 & 1 & 5 \\ 
4 & 1 & -1 & -5 \\ 
3 & 3 & 5 & 4 \\ 
-5 & 4 & 1 & -3 
\end{bmatrix}
\]

The determinant of \(A\), denoted as \(\det(A)\), can be expanded along the first row:

\[
\det(A) = 3 \cdot C_{11} - 1 \cdot C_{12} + 1 \cdot C_{13} - 5 \cdot C_{14}
\]

where \(C_{ij}\) is the cofactor of the element in the \(i\)-th row and \(j\)-th column. The cofactor \(C_{ij}\) is given by:

\[
C_{ij} = (-1)^{i+j} \det(M_{ij})
\]

where \(M_{ij}\) is the \((n-1) \times (n-1)\) submatrix obtained by deleting the \(i\)-th row and \(j\)-th column from \(A\).

### Step 1: Calculate \(C_{11}\)

The submatrix \(M_{11}\) is:

\[
M_{11} = \begin{bmatrix} 
1 & -1 & -5 \\ 
3 & 5 & 4 \\ 
4 & 1 & -3 
\end{bmatrix}
\]

The determinant of \(M_{11}\) is:

\[
\det(M_{11}) = 1 \cdot \begin{vmatrix} 5 & 4 \\ 1 & -3 \end{vmatrix} - (-1) \cdot \begin{vmatrix} 3 & 4 \\ 4 & -3 \end{vmatrix} + (-5) \cdot \begin{vmatrix} 3 & 5 \\ 4 & 1 \end{vmatrix}
\]

Calculating each \(2 \times 2\) determinant:

\[
\begin{vmatrix} 5 & 4 \\ 1 & -3 \end{vmatrix} = (5)(-3) - (4)(1) = -15 - 4 = -19
\]

\[
\begin{vmatrix} 3 & 4 \\ 4 & -3 \end{vmatrix} = (3)(-3) - (4)(4) = -9 - 16 = -25
\]

\[
\begin{vmatrix} 3 & 5 \\ 4 & 1 \end{vmatrix} = (3)(1) - (5)(4) = 3 - 20 = -17
\]

Substituting back:

\[
\det(M_{11}) = 1(-19) + 1(-25) - 5(-17) = -19 - 25 + 85 = 41
\]

Thus, \(C_{11} = (-1)^{1+1} \cdot 41 = 41\).

### Step 2: Calculate \(C_{12}\)

The submatrix \(M_{12}\) is:

\[
M_{12} = \begin{bmatrix} 
4 & -1 & -5 \\ 
3 & 5 & 4 \\ 
-5 & 1 & -3 
\end{bmatrix}
\]

The determinant of \(M_{12}\) is:

\[
\det(M_{12}) = 4 \cdot \begin{vmatrix} 5 & 4 \\ 1 & -3 \end{vmatrix} - (-1) \cdot \begin{vmatrix} 3 & 4 \\ -5 & -3 \end{vmatrix} + (-5) \cdot \begin{vmatrix} 3 & 5 \\ -5 & 1 \end{vmatrix}
\]

Using previously calculated \(2 \times 2\) determinants:

\[
\begin{vmatrix} 5 & 4 \\ 1 & -3 \end{vmatrix} = -19
\]

\[
\begin{vmatrix} 3 & 4 \\ -5 & -3 \end{vmatrix} = (3)(-3) - (4)(-5) = -9 + 20 = 11
\]

\[
\begin{vmatrix} 3 & 5 \\ -5 & 1 \end{vmatrix} = (3)(1) - (5)(-5) = 3 + 25 = 28
\]

Substituting back:

\[
\det(M_{12}) = 4(-19) + 1(11) - 5(28) = -76 + 11 - 140 = -205
\]

Thus, \(C_{12} = (-1)^{1+2} \cdot (-205) = 205\).

### Step 3: Calculate \(C_{13}\)

The submatrix \(M_{13}\) is:

\[
M_{13} = \begin{bmatrix} 
4 & 1 & -5 \\ 
3 & 3 & 4 \\ 
-5 & 4 & -3 
\end{bmatrix}
\]

The determinant of \(M_{13}\) is:

\[
\det(M_{13}) = 4 \cdot \begin{vmatrix} 3 & 4 \\ 4 & -3 \end{vmatrix} - 1 \cdot \begin{vmatrix} 3 & 4 \\ -5 & -3 \end{vmatrix} + (-5) \cdot \begin{vmatrix} 3 & 3 \\ -5 & 4 \end{vmatrix}
\]

Using previously calculated \(2 \times 2\) determinants:

\[
\begin{vmatrix} 3 & 4 \\ 4 & -3 \end{vmatrix} = -25
\]

\[
\begin{vmatrix} 3 & 4 \\ -5 & -3 \end{vmatrix} = 11
\]

\[
\begin{vmatrix} 3 & 3 \\ -5 & 4 \end{vmatrix} = (3)(4) - (3)(-5) = 12 + 15 = 27
\]

Substituting back:

\[
\det(M_{13}) = 4(-25) - 1(11) - 5(27) = -100 - 11 - 135 = -246
\]

Thus, \(C_{13} = (-1)^{1+3} \cdot (-246) = -246\).

### Step 4: Calculate \(C_{14}\)

The submatrix \(M_{14}\) is:

\[
M_{14} = \begin{bmatrix} 
4 & 1 & -1 \\ 
3 & 3 & 5 \\ 
-5 & 4 & 1 
\end{bmatrix}
\]

The determinant of \(M_{14}\) is:

\[
\det(M_{14}) = 4 \cdot \begin{vmatrix} 3 & 5 \\ 4 & 1 \end{vmatrix} - 1 \cdot \begin{vmatrix} 3 & 5 \\ -5 & 1 \end{vmatrix} + (-1) \cdot \begin{vmatrix} 3 & 3 \\ -5 & 4 \end{vmatrix}
\]

Using previously calculated \(2 \times 2\) determinants:

\[
\begin{vmatrix} 3 & 5 \\ 4 & 1 \end{vmatrix} = -17
\]

\[
\begin{vmatrix} 3 & 5 \\ -5 & 1 \end{vmatrix} = 28
\]

\[
\begin{vmatrix} 3 & 3 \\ -5 & 4 \end{vmatrix} = 27
\]

Substituting back:

\[
\det(M_{14}) = 4(-17) - 1(28) - 1(27) = -68 - 28 - 27 = -123
\]

Thus, \(C_{14} = (-1)^{1+4} \cdot (-123) = -123\).

### Final Calculation

Substitute the cofactors back into the determinant expansion:

\[
\det(A) = 3 \cdot 41 - 1 \cdot 205 + 1 \cdot (-246) - 5 \cdot (-123)
\]

Calculate each term:

\[
3 \cdot 41 = 123
\]

\[
-1 \cdot 205 = -205
\]

\[
1 \cdot (-246) = -246
\]

\[
-5 \cdot (-123) = 615
\]

Add them together:

\[
\det(A) = 123 - 205 - 246 + 615 = 287
\]

Thus, the determinant of matrix \(A\) is \(\boxed{287}\).","To find the determinant of the \(4 \times 4\) matrix \(A\), we can use cofactor expansion along the first row. The matrix \(A\) is given by:

\[
A = \begin{bmatrix} 
3 & 1 & 1 & 5 \\ 
4 & 1 & -1 & -5 \\ 
3 & 3 & 5 & 4 \\ 
-5 & 4 & 1 & -3 
\end{bmatrix}
\]

The determinant of \(A\), denoted as \(\det(A)\), can be expanded along the first row:

\[
\det(A) = 3 \cdot C_{11} - 1 \cdot C_{12} + 1 \cdot C_{13} - 5 \cdot C_{14}
\]

where \(C_{ij}\) is the cofactor of the element in the \(i\)-th row and \(j\)-th column. The cofactor \(C_{ij}\) is given by:

\[
C_{ij} = (-1)^{i+j} \det(M_{ij})
\]

where \(M_{ij}\) is the \((n-1) \times (n-1)\) submatrix obtained by deleting the \(i\)-th row and \(j\)-th column from \(A\).

### Step 1: Calculate \(C_{11}\)

The submatrix \(M_{11}\) is:

\[
M_{11} = \begin{bmatrix} 
1 & -1 & -5 \\ 
3 & 5 & 4 \\ 
4 & 1 & -3 
\end{bmatrix}
\]

The determinant of \(M_{11}\) is:

\[
\det(M_{11}) = 1 \cdot \begin{vmatrix} 5 & 4 \\ 1 & -3 \end{vmatrix} - (-1) \cdot \begin{vmatrix} 3 & 4 \\ 4 & -3 \end{vmatrix} + (-5) \cdot \begin{vmatrix} 3 & 5 \\ 4 & 1 \end{vmatrix}
\]

Calculating each \(2 \times 2\) determinant:

\[
\begin{vmatrix} 5 & 4 \\ 1 & -3 \end{vmatrix} = (5)(-3) - (4)(1) = -15 - 4 = -19
\]

\[
\begin{vmatrix} 3 & 4 \\ 4 & -3 \end{vmatrix} = (3)(-3) - (4)(4) = -9 - 16 = -25
\]

\[
\begin{vmatrix} 3 & 5 \\ 4 & 1 \end{vmatrix} = (3)(1) - (5)(4) = 3 - 20 = -17
\]

Substituting back:

\[
\det(M_{11}) = 1(-19) + 1(-25) - 5(-17) = -19 - 25 + 85 = 41
\]

Thus, \(C_{11} = (-1)^{1+1} \cdot 41 = 41\).

### Step 2: Calculate \(C_{12}\)

The submatrix \(M_{12}\) is:

\[
M_{12} = \begin{bmatrix} 
4 & -1 & -5 \\ 
3 & 5 & 4 \\ 
-5 & 1 & -3 
\end{bmatrix}
\]

The determinant of \(M_{12}\) is:

\[
\det(M_{12}) = 4 \cdot \begin{vmatrix} 5 & 4 \\ 1 & -3 \end{vmatrix} - (-1) \cdot \begin{vmatrix} 3 & 4 \\ -5 & -3 \end{vmatrix} + (-5) \cdot \begin{vmatrix} 3 & 5 \\ -5 & 1 \end{vmatrix}
\]

Using previously calculated \(2 \times 2\) determinants:

\[
\begin{vmatrix} 5 & 4 \\ 1 & -3 \end{vmatrix} = -19
\]

\[
\begin{vmatrix} 3 & 4 \\ -5 & -3 \end{vmatrix} = (3)(-3) - (4)(-5) = -9 + 20 = 11
\]

\[
\begin{vmatrix} 3 & 5 \\ -5 & 1 \end{vmatrix} = (3)(1) - (5)(-5) = 3 + 25 = 28
\]

Substituting back:

\[
\det(M_{12}) = 4(-19) + 1(11) - 5(28) = -76 + 11 - 140 = -205
\]

Thus, \(C_{12} = (-1)^{1+2} \cdot (-205) = 205\).

### Step 3: Calculate \(C_{13}\)

The submatrix \(M_{13}\) is:

\[
M_{13} = \begin{bmatrix} 
4 & 1 & -5 \\ 
3 & 3 & 4 \\ 
-5 & 4 & -3 
\end{bmatrix}
\]

The determinant of \(M_{13}\) is:

\[
\det(M_{13}) = 4 \cdot \begin{vmatrix} 3 & 4 \\ 4 & -3 \end{vmatrix} - 1 \cdot \begin{vmatrix} 3 & 4 \\ -5 & -3 \end{vmatrix} + (-5) \cdot \begin{vmatrix} 3 & 3 \\ -5 & 4 \end{vmatrix}
\]

Using previously calculated \(2 \times 2\) determinants:

\[
\begin{vmatrix} 3 & 4 \\ 4 & -3 \end{vmatrix} = -25
\]

\[
\begin{vmatrix} 3 & 4 \\ -5 & -3 \end{vmatrix} = 11
\]

\[
\begin{vmatrix} 3 & 3 \\ -5 & 4 \end{vmatrix} = (3)(4) - (3)(-5) = 12 + 15 = 27
\]

Substituting back:

\[
\det(M_{13}) = 4(-25) - 1(11) - 5(27) = -100 - 11 - 135 = -246
\]

Thus, \(C_{13} = (-1)^{1+3} \cdot (-246) = -246\).

### Step 4: Calculate \(C_{14}\)

The submatrix \(M_{14}\) is:

\[
M_{14} = \begin{bmatrix} 
4 & 1 & -1 \\ 
3 & 3 & 5 \\ 
-5 & 4 & 1 
\end{bmatrix}
\]

The determinant of \(M_{14}\) is:

\[
\det(M_{14}) = 4 \cdot \begin{vmatrix} 3 & 5 \\ 4 & 1 \end{vmatrix} - 1 \cdot \begin{vmatrix} 3 & 5 \\ -5 & 1 \end{vmatrix} + (-1) \cdot \begin{vmatrix} 3 & 3 \\ -5 & 4 \end{vmatrix}
\]

Using previously calculated \(2 \times 2\) determinants:

\[
\begin{vmatrix} 3 & 5 \\ 4 & 1 \end{vmatrix} = -17
\]

\[
\begin{vmatrix} 3 & 5 \\ -5 & 1 \end{vmatrix} = 28
\]

\[
\begin{vmatrix} 3 & 3 \\ -5 & 4 \end{vmatrix} = 27
\]

Substituting back:

\[
\det(M_{14}) = 4(-17) - 1(28) - 1(27) = -68 - 28 - 27 = -123
\]

Thus, \(C_{14} = (-1)^{1+4} \cdot (-123) = -123\).

### Final Calculation

Substitute the cofactors back into the determinant expansion:

\[
\det(A) = 3 \cdot 41 - 1 \cdot 205 + 1 \cdot (-246) - 5 \cdot (-123)
\]

Calculate each term:

\[
3 \cdot 41 = 123
\]

\[
-1 \cdot 205 = -205
\]

\[
1 \cdot (-246) = -246
\]

\[
-5 \cdot (-123) = 615
\]

Add them together:

\[
\det(A) = 123 - 205 - 246 + 615 = 287
\]

Thus, the determinant of matrix \(A\) is \(\boxed{287}\).","-1)^{1+4} \cdot (-123) = [-]123\).

### Final Calcula",463,S1_exact
NC_4x4_det_1813,Phi-4,determinant,4,Alternating_Drift,det,failure,\det(A) = 558,-,+,3678,"<|im_start|>system<|im_sep|>You are a precise mathematical assistant. Show all computation steps clearly. Always put your final numerical answer inside \boxed{}.<|im_end|><|im_start|>user<|im_sep|>Solve this linear algebra problem. Show your work and give the final answer.

Find the determinant of the 4×4 matrix A.

A = \begin{bmatrix} -4 & 1 & -3 & -4 \\ -1 & -1 & -5 & -2 \\ -5 & -2 & 2 & -4 \\ -2 & -2 & 1 & 5 \end{bmatrix}

<|im_end|><|im_start|>assistant<|im_sep|>To find the determinant of the \(4 \times 4\) matrix \( A \), we can use cofactor expansion along the first row. The matrix \( A \) is given by:

\[
A = \begin{bmatrix} 
-4 & 1 & -3 & -4 \\ 
-1 & -1 & -5 & -2 \\ 
-5 & -2 & 2 & -4 \\ 
-2 & -2 & 1 & 5 
\end{bmatrix}
\]

The determinant of \( A \), denoted as \(\det(A)\), can be expanded along the first row:

\[
\det(A) = -4 \cdot C_{11} + 1 \cdot C_{12} - 3 \cdot C_{13} - 4 \cdot C_{14}
\]

where \( C_{ij} \) is the cofactor of the element \( a_{ij} \), calculated as:

\[
C_{ij} = (-1)^{i+j} \det(M_{ij})
\]

and \( M_{ij} \) is the \((n-1) \times (n-1)\) submatrix obtained by deleting the \(i\)-th row and \(j\)-th column from \( A \).

### Step 1: Calculate \( C_{11} \)

The submatrix \( M_{11} \) is:

\[
M_{11} = \begin{bmatrix} 
-1 & -5 & -2 \\ 
-2 & 2 & -4 \\ 
-2 & 1 & 5 
\end{bmatrix}
\]

The determinant of \( M_{11} \) is:

\[
\det(M_{11}) = (-1) \begin{vmatrix} 2 & -4 \\ 1 & 5 \end{vmatrix} - (-5) \begin{vmatrix} -2 & -4 \\ -2 & 5 \end{vmatrix} + (-2) \begin{vmatrix} -2 & 2 \\ -2 & 1 \end{vmatrix}
\]

Calculating each \(2 \times 2\) determinant:

\[
\begin{vmatrix} 2 & -4 \\ 1 & 5 \end{vmatrix} = (2)(5) - (-4)(1) = 10 + 4 = 14
\]

\[
\begin{vmatrix} -2 & -4 \\ -2 & 5 \end{vmatrix} = (-2)(5) - (-4)(-2) = -10 - 8 = -18
\]

\[
\begin{vmatrix} -2 & 2 \\ -2 & 1 \end{vmatrix} = (-2)(1) - (2)(-2) = -2 + 4 = 2
\]

Substituting back:

\[
\det(M_{11}) = (-1)(14) + 5(-18) - 2(2) = -14 - 90 - 4 = -108
\]

Thus, \( C_{11} = (-1)^{1+1} \det(M_{11}) = 1 \cdot (-108) = -108 \).

### Step 2: Calculate \( C_{12} \)

The submatrix \( M_{12} \) is:

\[
M_{12} = \begin{bmatrix} 
-1 & -5 & -2 \\ 
-5 & 2 & -4 \\ 
-2 & 1 & 5 
\end{bmatrix}
\]

The determinant of \( M_{12} \) is:

\[
\det(M_{12}) = (-1) \begin{vmatrix} 2 & -4 \\ 1 & 5 \end{vmatrix} - (-5) \begin{vmatrix} -5 & -4 \\ -2 & 5 \end{vmatrix} + (-2) \begin{vmatrix} -5 & 2 \\ -2 & 1 \end{vmatrix}
\]

We already calculated \(\begin{vmatrix} 2 & -4 \\ 1 & 5 \end{vmatrix} = 14\).

Calculating the remaining \(2 \times 2\) determinants:

\[
\begin{vmatrix} -5 & -4 \\ -2 & 5 \end{vmatrix} = (-5)(5) - (-4)(-2) = -25 - 8 = -33
\]

\[
\begin{vmatrix} -5 & 2 \\ -2 & 1 \end{vmatrix} = (-5)(1) - (2)(-2) = -5 + 4 = -1
\]

Substituting back:

\[
\det(M_{12}) = (-1)(14) + 5(-33) - 2(-1) = -14 - 165 + 2 = -177
\]

Thus, \( C_{12} = (-1)^{1+2} \det(M_{12}) = -1 \cdot (-177) = 177 \).

### Step 3: Calculate \( C_{13} \)

The submatrix \( M_{13} \) is:

\[
M_{13} = \begin{bmatrix} 
-1 & -1 & -2 \\ 
-5 & -2 & -4 \\ 
-2 & -2 & 5 
\end{bmatrix}
\]

The determinant of \( M_{13} \) is:

\[
\det(M_{13}) = (-1) \begin{vmatrix} -2 & -4 \\ -2 & 5 \end{vmatrix} - (-1) \begin{vmatrix} -5 & -4 \\ -2 & 5 \end{vmatrix} + (-2) \begin{vmatrix} -5 & -2 \\ -2 & -2 \end{vmatrix}
\]

We already calculated \(\begin{vmatrix} -2 & -4 \\ -2 & 5 \end{vmatrix} = -18\) and \(\begin{vmatrix} -5 & -4 \\ -2 & 5 \end{vmatrix} = -33\).

Calculating the remaining \(2 \times 2\) determinant:

\[
\begin{vmatrix} -5 & -2 \\ -2 & -2 \end{vmatrix} = (-5)(-2) - (-2)(-2) = 10 - 4 = 6
\]

Substituting back:

\[
\det(M_{13}) = (-1)(-18) + 1(-33) - 2(6) = 18 - 33 - 12 = -27
\]

Thus, \( C_{13} = (-1)^{1+3} \det(M_{13}) = -1 \cdot (-27) = 27 \).

### Step 4: Calculate \( C_{14} \)

The submatrix \( M_{14} \) is:

\[
M_{14} = \begin{bmatrix} 
-1 & -1 & -5 \\ 
-5 & -2 & 2 \\ 
-2 & -2 & 1 
\end{bmatrix}
\]

The determinant of \( M_{14} \) is:

\[
\det(M_{14}) = (-1) \begin{vmatrix} -2 & 2 \\ -2 & 1 \end{vmatrix} - (-1) \begin{vmatrix} -5 & 2 \\ -2 & 1 \end{vmatrix} + (-5) \begin{vmatrix} -5 & -2 \\ -2 & -2 \end{vmatrix}
\]

We already calculated \(\begin{vmatrix} -2 & 2 \\ -2 & 1 \end{vmatrix} = 2\) and \(\begin{vmatrix} -5 & -2 \\ -2 & -2 \end{vmatrix} = 6\).

We also calculated \(\begin{vmatrix} -5 & 2 \\ -2 & 1 \end{vmatrix} = -1\).

Substituting back:

\[
\det(M_{14}) = (-1)(2) + 1(-1) - 5(6) = -2 - 1 - 30 = -33
\]

Thus, \( C_{14} = (-1)^{1+4} \det(M_{14}) = 1 \cdot (-33) = -33 \).

### Final Calculation

Substitute the cofactors back into the determinant expansion:

\[
\det(A) = -4(-108) + 1(177) - 3(27) - 4(-33)
\]

Calculate each term:

\[
-4(-108) = 432
\]
\[
1(177) = 177
\]
\[
-3(27) = -81
\]
\[
-4(-33) = 132
\]

Add them together:

\[
\det(A) = 432 + 177 - 81 + 132 = 660
\]

Thus, the determinant of matrix \( A \) is \(\boxed{660}\).","To find the determinant of the \(4 \times 4\) matrix \( A \), we can use cofactor expansion along the first row. The matrix \( A \) is given by:

\[
A = \begin{bmatrix} 
-4 & 1 & -3 & -4 \\ 
-1 & -1 & -5 & -2 \\ 
-5 & -2 & 2 & -4 \\ 
-2 & -2 & 1 & 5 
\end{bmatrix}
\]

The determinant of \( A \), denoted as \(\det(A)\), can be expanded along the first row:

\[
\det(A) = -4 \cdot C_{11} + 1 \cdot C_{12} - 3 \cdot C_{13} - 4 \cdot C_{14}
\]

where \( C_{ij} \) is the cofactor of the element \( a_{ij} \), calculated as:

\[
C_{ij} = (-1)^{i+j} \det(M_{ij})
\]

and \( M_{ij} \) is the \((n-1) \times (n-1)\) submatrix obtained by deleting the \(i\)-th row and \(j\)-th column from \( A \).

### Step 1: Calculate \( C_{11} \)

The submatrix \( M_{11} \) is:

\[
M_{11} = \begin{bmatrix} 
-1 & -5 & -2 \\ 
-2 & 2 & -4 \\ 
-2 & 1 & 5 
\end{bmatrix}
\]

The determinant of \( M_{11} \) is:

\[
\det(M_{11}) = (-1) \begin{vmatrix} 2 & -4 \\ 1 & 5 \end{vmatrix} - (-5) \begin{vmatrix} -2 & -4 \\ -2 & 5 \end{vmatrix} + (-2) \begin{vmatrix} -2 & 2 \\ -2 & 1 \end{vmatrix}
\]

Calculating each \(2 \times 2\) determinant:

\[
\begin{vmatrix} 2 & -4 \\ 1 & 5 \end{vmatrix} = (2)(5) - (-4)(1) = 10 + 4 = 14
\]

\[
\begin{vmatrix} -2 & -4 \\ -2 & 5 \end{vmatrix} = (-2)(5) - (-4)(-2) = -10 - 8 = -18
\]

\[
\begin{vmatrix} -2 & 2 \\ -2 & 1 \end{vmatrix} = (-2)(1) - (2)(-2) = -2 + 4 = 2
\]

Substituting back:

\[
\det(M_{11}) = (-1)(14) + 5(-18) - 2(2) = -14 - 90 - 4 = -108
\]

Thus, \( C_{11} = (-1)^{1+1} \det(M_{11}) = 1 \cdot (-108) = -108 \).

### Step 2: Calculate \( C_{12} \)

The submatrix \( M_{12} \) is:

\[
M_{12} = \begin{bmatrix} 
-1 & -5 & -2 \\ 
-5 & 2 & -4 \\ 
-2 & 1 & 5 
\end{bmatrix}
\]

The determinant of \( M_{12} \) is:

\[
\det(M_{12}) = (-1) \begin{vmatrix} 2 & -4 \\ 1 & 5 \end{vmatrix} - (-5) \begin{vmatrix} -5 & -4 \\ -2 & 5 \end{vmatrix} + (-2) \begin{vmatrix} -5 & 2 \\ -2 & 1 \end{vmatrix}
\]

We already calculated \(\begin{vmatrix} 2 & -4 \\ 1 & 5 \end{vmatrix} = 14\).

Calculating the remaining \(2 \times 2\) determinants:

\[
\begin{vmatrix} -5 & -4 \\ -2 & 5 \end{vmatrix} = (-5)(5) - (-4)(-2) = -25 - 8 = -33
\]

\[
\begin{vmatrix} -5 & 2 \\ -2 & 1 \end{vmatrix} = (-5)(1) - (2)(-2) = -5 + 4 = -1
\]

Substituting back:

\[
\det(M_{12}) = (-1)(14) + 5(-33) - 2(-1) = -14 - 165 + 2 = -177
\]

Thus, \( C_{12} = (-1)^{1+2} \det(M_{12}) = -1 \cdot (-177) = 177 \).

### Step 3: Calculate \( C_{13} \)

The submatrix \( M_{13} \) is:

\[
M_{13} = \begin{bmatrix} 
-1 & -1 & -2 \\ 
-5 & -2 & -4 \\ 
-2 & -2 & 5 
\end{bmatrix}
\]

The determinant of \( M_{13} \) is:

\[
\det(M_{13}) = (-1) \begin{vmatrix} -2 & -4 \\ -2 & 5 \end{vmatrix} - (-1) \begin{vmatrix} -5 & -4 \\ -2 & 5 \end{vmatrix} + (-2) \begin{vmatrix} -5 & -2 \\ -2 & -2 \end{vmatrix}
\]

We already calculated \(\begin{vmatrix} -2 & -4 \\ -2 & 5 \end{vmatrix} = -18\) and \(\begin{vmatrix} -5 & -4 \\ -2 & 5 \end{vmatrix} = -33\).

Calculating the remaining \(2 \times 2\) determinant:

\[
\begin{vmatrix} -5 & -2 \\ -2 & -2 \end{vmatrix} = (-5)(-2) - (-2)(-2) = 10 - 4 = 6
\]

Substituting back:

\[
\det(M_{13}) = (-1)(-18) + 1(-33) - 2(6) = 18 - 33 - 12 = -27
\]

Thus, \( C_{13} = (-1)^{1+3} \det(M_{13}) = -1 \cdot (-27) = 27 \).

### Step 4: Calculate \( C_{14} \)

The submatrix \( M_{14} \) is:

\[
M_{14} = \begin{bmatrix} 
-1 & -1 & -5 \\ 
-5 & -2 & 2 \\ 
-2 & -2 & 1 
\end{bmatrix}
\]

The determinant of \( M_{14} \) is:

\[
\det(M_{14}) = (-1) \begin{vmatrix} -2 & 2 \\ -2 & 1 \end{vmatrix} - (-1) \begin{vmatrix} -5 & 2 \\ -2 & 1 \end{vmatrix} + (-5) \begin{vmatrix} -5 & -2 \\ -2 & -2 \end{vmatrix}
\]

We already calculated \(\begin{vmatrix} -2 & 2 \\ -2 & 1 \end{vmatrix} = 2\) and \(\begin{vmatrix} -5 & -2 \\ -2 & -2 \end{vmatrix} = 6\).

We also calculated \(\begin{vmatrix} -5 & 2 \\ -2 & 1 \end{vmatrix} = -1\).

Substituting back:

\[
\det(M_{14}) = (-1)(2) + 1(-1) - 5(6) = -2 - 1 - 30 = -33
\]

Thus, \( C_{14} = (-1)^{1+4} \det(M_{14}) = 1 \cdot (-33) = -33 \).

### Final Calculation

Substitute the cofactors back into the determinant expansion:

\[
\det(A) = -4(-108) + 1(177) - 3(27) - 4(-33)
\]

Calculate each term:

\[
-4(-108) = 432
\]
\[
1(177) = 177
\]
\[
-3(27) = -81
\]
\[
-4(-33) = 132
\]

Add them together:

\[
\det(A) = 432 + 177 - 81 + 132 = 660
\]

Thus, the determinant of matrix \( A \) is \(\boxed{660}\).","-1)^{1+3} \det(M_{13}) = [-]1 \cdot (-27) = 27 \).

#",471,S1_exact
NC_4x4_det_1049,Phi-4,determinant,4,Product_Sign_Error,det,failure,\det(A) = 81,-,+,2799,"<|im_start|>system<|im_sep|>You are a precise mathematical assistant. Show all computation steps clearly. Always put your final numerical answer inside \boxed{}.<|im_end|><|im_start|>user<|im_sep|>Solve this linear algebra problem. Show your work and give the final answer.

Find the determinant of the 4×4 matrix A.

A = \begin{bmatrix} 3 & -3 & 3 & -3 \\ 2 & -1 & 4 & -5 \\ -4 & -1 & -1 & -3 \\ 1 & 4 & 1 & 3 \end{bmatrix}

<|im_end|><|im_start|>assistant<|im_sep|>To find the determinant of the \(4 \times 4\) matrix \( A \), we can use cofactor expansion along the first row. The matrix \( A \) is given by:

\[
A = \begin{bmatrix} 
3 & -3 & 3 & -3 \\ 
2 & -1 & 4 & -5 \\ 
-4 & -1 & -1 & -3 \\ 
1 & 4 & 1 & 3 
\end{bmatrix}
\]

The determinant of \( A \), denoted as \(\det(A)\), can be expanded along the first row:

\[
\det(A) = 3 \cdot C_{11} - 3 \cdot C_{12} + 3 \cdot C_{13} - 3 \cdot C_{14}
\]

where \( C_{ij} \) is the cofactor of the element in the \(i\)-th row and \(j\)-th column. The cofactor \( C_{ij} \) is given by:

\[
C_{ij} = (-1)^{i+j} \det(M_{ij})
\]

where \( M_{ij} \) is the \((n-1) \times (n-1)\) submatrix obtained by deleting the \(i\)-th row and \(j\)-th column from \( A \).

### Step 1: Calculate \( C_{11} \)

The submatrix \( M_{11} \) is:

\[
M_{11} = \begin{bmatrix} 
-1 & 4 & -5 \\ 
-1 & -1 & -3 \\ 
4 & 1 & 3 
\end{bmatrix}
\]

The determinant of \( M_{11} \) is:

\[
\det(M_{11}) = (-1) \begin{vmatrix} -1 & -3 \\ 1 & 3 \end{vmatrix} - 4 \begin{vmatrix} -1 & -3 \\ 4 & 3 \end{vmatrix} + (-5) \begin{vmatrix} -1 & -1 \\ 4 & 1 \end{vmatrix}
\]

Calculating each \(2 \times 2\) determinant:

\[
\begin{vmatrix} -1 & -3 \\ 1 & 3 \end{vmatrix} = (-1)(3) - (-3)(1) = -3 + 3 = 0
\]

\[
\begin{vmatrix} -1 & -3 \\ 4 & 3 \end{vmatrix} = (-1)(3) - (-3)(4) = -3 + 12 = 9
\]

\[
\begin{vmatrix} -1 & -1 \\ 4 & 1 \end{vmatrix} = (-1)(1) - (-1)(4) = -1 + 4 = 3
\]

Substituting back:

\[
\det(M_{11}) = (-1)(0) - 4(9) + (-5)(3) = 0 - 36 - 15 = -51
\]

Thus, \( C_{11} = (-1)^{1+1} \det(M_{11}) = 1 \cdot (-51) = -51 \).

### Step 2: Calculate \( C_{12} \)

The submatrix \( M_{12} \) is:

\[
M_{12} = \begin{bmatrix} 
2 & 4 & -5 \\ 
-4 & -1 & -3 \\ 
1 & 1 & 3 
\end{bmatrix}
\]

The determinant of \( M_{12} \) is:

\[
\det(M_{12}) = 2 \begin{vmatrix} -1 & -3 \\ 1 & 3 \end{vmatrix} - 4 \begin{vmatrix} -4 & -3 \\ 1 & 3 \end{vmatrix} + (-5) \begin{vmatrix} -4 & -1 \\ 1 & 1 \end{vmatrix}
\]

Calculating each \(2 \times 2\) determinant:

\[
\begin{vmatrix} -1 & -3 \\ 1 & 3 \end{vmatrix} = (-1)(3) - (-3)(1) = -3 + 3 = 0
\]

\[
\begin{vmatrix} -4 & -3 \\ 1 & 3 \end{vmatrix} = (-4)(3) - (-3)(1) = -12 + 3 = -9
\]

\[
\begin{vmatrix} -4 & -1 \\ 1 & 1 \end{vmatrix} = (-4)(1) - (-1)(1) = -4 + 1 = -3
\]

Substituting back:

\[
\det(M_{12}) = 2(0) - 4(-9) + (-5)(-3) = 0 + 36 - 15 = 21
\]

Thus, \( C_{12} = (-1)^{1+2} \det(M_{12}) = -1 \cdot 21 = -21 \).

### Step 3: Calculate \( C_{13} \)

The submatrix \( M_{13} \) is:

\[
M_{13} = \begin{bmatrix} 
2 & -1 & -5 \\ 
-4 & -1 & -3 \\ 
1 & 4 & 3 
\end{bmatrix}
\]

The determinant of \( M_{13} \) is:

\[
\det(M_{13}) = 2 \begin{vmatrix} -1 & -3 \\ 4 & 3 \end{vmatrix} - (-1) \begin{vmatrix} -4 & -3 \\ 1 & 3 \end{vmatrix} + (-5) \begin{vmatrix} -4 & -1 \\ 1 & 4 \end{vmatrix}
\]

Calculating each \(2 \times 2\) determinant:

\[
\begin{vmatrix} -1 & -3 \\ 4 & 3 \end{vmatrix} = (-1)(3) - (-3)(4) = -3 + 12 = 9
\]

\[
\begin{vmatrix} -4 & -3 \\ 1 & 3 \end{vmatrix} = (-4)(3) - (-3)(1) = -12 + 3 = -9
\]

\[
\begin{vmatrix} -4 & -1 \\ 1 & 4 \end{vmatrix} = (-4)(4) - (-1)(1) = -16 + 1 = -15
\]

Substituting back:

\[
\det(M_{13}) = 2(9) + 1(-9) + (-5)(-15) = 18 - 9 + 75 = 84
\]

Thus, \( C_{13} = (-1)^{1+3} \det(M_{13}) = -1 \cdot 84 = -84 \).

### Step 4: Calculate \( C_{14} \)

The submatrix \( M_{14} \) is:

\[
M_{14} = \begin{bmatrix} 
2 & -1 & 4 \\ 
-4 & -1 & -1 \\ 
1 & 4 & 1 
\end{bmatrix}
\]

The determinant of \( M_{14} \) is:

\[
\det(M_{14}) = 2 \begin{vmatrix} -1 & -1 \\ 4 & 1 \end{vmatrix} - (-1) \begin{vmatrix} -4 & -1 \\ 1 & 1 \end{vmatrix} + 4 \begin{vmatrix} -4 & -1 \\ 1 & 4 \end{vmatrix}
\]

Calculating each \(2 \times 2\) determinant:

\[
\begin{vmatrix} -1 & -1 \\ 4 & 1 \end{vmatrix} = (-1)(1) - (-1)(4) = -1 + 4 = 3
\]

\[
\begin{vmatrix} -4 & -1 \\ 1 & 1 \end{vmatrix} = (-4)(1) - (-1)(1) = -4 + 1 = -3
\]

\[
\begin{vmatrix} -4 & -1 \\ 1 & 4 \end{vmatrix} = (-4)(4) - (-1)(1) = -16 + 1 = -15
\]

Substituting back:

\[
\det(M_{14}) = 2(3) + 1(-3) + 4(-15) = 6 - 3 - 60 = -57
\]

Thus, \( C_{14} = (-1)^{1+4} \det(M_{14}) = 1 \cdot (-57) = -57 \).

### Final Calculation

Substitute the cofactors back into the determinant expansion:

\[
\det(A) = 3(-51) - 3(-21) + 3(-84) - 3(-57)
\]

\[
= -153 + 63 - 252 + 171
\]

\[
= -153 + 63 - 252 + 171 = -171
\]

Thus, the determinant of matrix \( A \) is \(\boxed{-171}\).","To find the determinant of the \(4 \times 4\) matrix \( A \), we can use cofactor expansion along the first row. The matrix \( A \) is given by:

\[
A = \begin{bmatrix} 
3 & -3 & 3 & -3 \\ 
2 & -1 & 4 & -5 \\ 
-4 & -1 & -1 & -3 \\ 
1 & 4 & 1 & 3 
\end{bmatrix}
\]

The determinant of \( A \), denoted as \(\det(A)\), can be expanded along the first row:

\[
\det(A) = 3 \cdot C_{11} - 3 \cdot C_{12} + 3 \cdot C_{13} - 3 \cdot C_{14}
\]

where \( C_{ij} \) is the cofactor of the element in the \(i\)-th row and \(j\)-th column. The cofactor \( C_{ij} \) is given by:

\[
C_{ij} = (-1)^{i+j} \det(M_{ij})
\]

where \( M_{ij} \) is the \((n-1) \times (n-1)\) submatrix obtained by deleting the \(i\)-th row and \(j\)-th column from \( A \).

### Step 1: Calculate \( C_{11} \)

The submatrix \( M_{11} \) is:

\[
M_{11} = \begin{bmatrix} 
-1 & 4 & -5 \\ 
-1 & -1 & -3 \\ 
4 & 1 & 3 
\end{bmatrix}
\]

The determinant of \( M_{11} \) is:

\[
\det(M_{11}) = (-1) \begin{vmatrix} -1 & -3 \\ 1 & 3 \end{vmatrix} - 4 \begin{vmatrix} -1 & -3 \\ 4 & 3 \end{vmatrix} + (-5) \begin{vmatrix} -1 & -1 \\ 4 & 1 \end{vmatrix}
\]

Calculating each \(2 \times 2\) determinant:

\[
\begin{vmatrix} -1 & -3 \\ 1 & 3 \end{vmatrix} = (-1)(3) - (-3)(1) = -3 + 3 = 0
\]

\[
\begin{vmatrix} -1 & -3 \\ 4 & 3 \end{vmatrix} = (-1)(3) - (-3)(4) = -3 + 12 = 9
\]

\[
\begin{vmatrix} -1 & -1 \\ 4 & 1 \end{vmatrix} = (-1)(1) - (-1)(4) = -1 + 4 = 3
\]

Substituting back:

\[
\det(M_{11}) = (-1)(0) - 4(9) + (-5)(3) = 0 - 36 - 15 = -51
\]

Thus, \( C_{11} = (-1)^{1+1} \det(M_{11}) = 1 \cdot (-51) = -51 \).

### Step 2: Calculate \( C_{12} \)

The submatrix \( M_{12} \) is:

\[
M_{12} = \begin{bmatrix} 
2 & 4 & -5 \\ 
-4 & -1 & -3 \\ 
1 & 1 & 3 
\end{bmatrix}
\]

The determinant of \( M_{12} \) is:

\[
\det(M_{12}) = 2 \begin{vmatrix} -1 & -3 \\ 1 & 3 \end{vmatrix} - 4 \begin{vmatrix} -4 & -3 \\ 1 & 3 \end{vmatrix} + (-5) \begin{vmatrix} -4 & -1 \\ 1 & 1 \end{vmatrix}
\]

Calculating each \(2 \times 2\) determinant:

\[
\begin{vmatrix} -1 & -3 \\ 1 & 3 \end{vmatrix} = (-1)(3) - (-3)(1) = -3 + 3 = 0
\]

\[
\begin{vmatrix} -4 & -3 \\ 1 & 3 \end{vmatrix} = (-4)(3) - (-3)(1) = -12 + 3 = -9
\]

\[
\begin{vmatrix} -4 & -1 \\ 1 & 1 \end{vmatrix} = (-4)(1) - (-1)(1) = -4 + 1 = -3
\]

Substituting back:

\[
\det(M_{12}) = 2(0) - 4(-9) + (-5)(-3) = 0 + 36 - 15 = 21
\]

Thus, \( C_{12} = (-1)^{1+2} \det(M_{12}) = -1 \cdot 21 = -21 \).

### Step 3: Calculate \( C_{13} \)

The submatrix \( M_{13} \) is:

\[
M_{13} = \begin{bmatrix} 
2 & -1 & -5 \\ 
-4 & -1 & -3 \\ 
1 & 4 & 3 
\end{bmatrix}
\]

The determinant of \( M_{13} \) is:

\[
\det(M_{13}) = 2 \begin{vmatrix} -1 & -3 \\ 4 & 3 \end{vmatrix} - (-1) \begin{vmatrix} -4 & -3 \\ 1 & 3 \end{vmatrix} + (-5) \begin{vmatrix} -4 & -1 \\ 1 & 4 \end{vmatrix}
\]

Calculating each \(2 \times 2\) determinant:

\[
\begin{vmatrix} -1 & -3 \\ 4 & 3 \end{vmatrix} = (-1)(3) - (-3)(4) = -3 + 12 = 9
\]

\[
\begin{vmatrix} -4 & -3 \\ 1 & 3 \end{vmatrix} = (-4)(3) - (-3)(1) = -12 + 3 = -9
\]

\[
\begin{vmatrix} -4 & -1 \\ 1 & 4 \end{vmatrix} = (-4)(4) - (-1)(1) = -16 + 1 = -15
\]

Substituting back:

\[
\det(M_{13}) = 2(9) + 1(-9) + (-5)(-15) = 18 - 9 + 75 = 84
\]

Thus, \( C_{13} = (-1)^{1+3} \det(M_{13}) = -1 \cdot 84 = -84 \).

### Step 4: Calculate \( C_{14} \)

The submatrix \( M_{14} \) is:

\[
M_{14} = \begin{bmatrix} 
2 & -1 & 4 \\ 
-4 & -1 & -1 \\ 
1 & 4 & 1 
\end{bmatrix}
\]

The determinant of \( M_{14} \) is:

\[
\det(M_{14}) = 2 \begin{vmatrix} -1 & -1 \\ 4 & 1 \end{vmatrix} - (-1) \begin{vmatrix} -4 & -1 \\ 1 & 1 \end{vmatrix} + 4 \begin{vmatrix} -4 & -1 \\ 1 & 4 \end{vmatrix}
\]

Calculating each \(2 \times 2\) determinant:

\[
\begin{vmatrix} -1 & -1 \\ 4 & 1 \end{vmatrix} = (-1)(1) - (-1)(4) = -1 + 4 = 3
\]

\[
\begin{vmatrix} -4 & -1 \\ 1 & 1 \end{vmatrix} = (-4)(1) - (-1)(1) = -4 + 1 = -3
\]

\[
\begin{vmatrix} -4 & -1 \\ 1 & 4 \end{vmatrix} = (-4)(4) - (-1)(1) = -16 + 1 = -15
\]

Substituting back:

\[
\det(M_{14}) = 2(3) + 1(-3) + 4(-15) = 6 - 3 - 60 = -57
\]

Thus, \( C_{14} = (-1)^{1+4} \det(M_{14}) = 1 \cdot (-57) = -57 \).

### Final Calculation

Substitute the cofactors back into the determinant expansion:

\[
\det(A) = 3(-51) - 3(-21) + 3(-84) - 3(-57)
\]

\[
= -153 + 63 - 252 + 171
\]

\[
= -153 + 63 - 252 + 171 = -171
\]

Thus, the determinant of matrix \( A \) is \(\boxed{-171}\).","(-9) + (-5)(-3) = 0 + 36 [-] 15 = 21
\]

Thus, \( C_{",467,S2_exact
NC_4x4_det_0890,Phi-4,determinant,4,Alternating_Drift,det,failure,\det(A) = -213,-,+,4289,"<|im_start|>system<|im_sep|>You are a precise mathematical assistant. Show all computation steps clearly. Always put your final numerical answer inside \boxed{}.<|im_end|><|im_start|>user<|im_sep|>Solve this linear algebra problem. Show your work and give the final answer.

Find the determinant of the 4×4 matrix A.

A = \begin{bmatrix} -1 & 3 & -1 & -5 \\ 0 & 1 & 4 & 1 \\ 0 & -2 & -5 & -4 \\ -5 & 3 & -2 & 0 \end{bmatrix}

<|im_end|><|im_start|>assistant<|im_sep|>To find the determinant of the \(4 \times 4\) matrix \( A \), we can use cofactor expansion along the first row. The matrix \( A \) is given by:

\[
A = \begin{bmatrix} 
-1 & 3 & -1 & -5 \\ 
0 & 1 & 4 & 1 \\ 
0 & -2 & -5 & -4 \\ 
-5 & 3 & -2 & 0 
\end{bmatrix}
\]

The determinant of \( A \), denoted as \(\det(A)\), can be expanded along the first row:

\[
\det(A) = (-1) \cdot C_{11} + 3 \cdot C_{12} + (-1) \cdot C_{13} + (-5) \cdot C_{14}
\]

where \( C_{ij} \) is the cofactor of the element \( a_{ij} \), defined as:

\[
C_{ij} = (-1)^{i+j} \det(M_{ij})
\]

and \( M_{ij} \) is the \((n-1) \times (n-1)\) submatrix obtained by deleting the \(i\)-th row and \(j\)-th column from \( A \).

### Step 1: Calculate \( C_{11} \)

The submatrix \( M_{11} \) is:

\[
M_{11} = \begin{bmatrix} 
1 & 4 & 1 \\ 
-2 & -5 & -4 \\ 
3 & -2 & 0 
\end{bmatrix}
\]

The determinant of \( M_{11} \) is:

\[
\det(M_{11}) = 1 \cdot \begin{vmatrix} -5 & -4 \\ -2 & 0 \end{vmatrix} - 4 \cdot \begin{vmatrix} -2 & -4 \\ 3 & 0 \end{vmatrix} + 1 \cdot \begin{vmatrix} -2 & -5 \\ 3 & -2 \end{vmatrix}
\]

Calculating each \(2 \times 2\) determinant:

\[
\begin{vmatrix} -5 & -4 \\ -2 & 0 \end{vmatrix} = (-5)(0) - (-4)(-2) = 0 - 8 = -8
\]

\[
\begin{vmatrix} -2 & -4 \\ 3 & 0 \end{vmatrix} = (-2)(0) - (-4)(3) = 0 + 12 = 12
\]

\[
\begin{vmatrix} -2 & -5 \\ 3 & -2 \end{vmatrix} = (-2)(-2) - (-5)(3) = 4 + 15 = 19
\]

Substituting back:

\[
\det(M_{11}) = 1(-8) - 4(12) + 1(19) = -8 - 48 + 19 = -37
\]

Thus, \( C_{11} = (-1)^{1+1} \det(M_{11}) = 1 \cdot (-37) = -37 \).

### Step 2: Calculate \( C_{12} \)

The submatrix \( M_{12} \) is:

\[
M_{12} = \begin{bmatrix} 
0 & 4 & 1 \\ 
0 & -5 & -4 \\ 
-5 & -2 & 0 
\end{bmatrix}
\]

The determinant of \( M_{12} \) is:

\[
\det(M_{12}) = 0 \cdot \begin{vmatrix} -5 & -4 \\ -2 & 0 \end{vmatrix} - 4 \cdot \begin{vmatrix} 0 & -4 \\ -5 & 0 \end{vmatrix} + 1 \cdot \begin{vmatrix} 0 & -5 \\ -5 & -2 \end{vmatrix}
\]

Calculating each \(2 \times 2\) determinant:

\[
\begin{vmatrix} 0 & -4 \\ -5 & 0 \end{vmatrix} = (0)(0) - (-4)(-5) = 0 - 20 = -20
\]

\[
\begin{vmatrix} 0 & -5 \\ -5 & -2 \end{vmatrix} = (0)(-2) - (-5)(-5) = 0 - 25 = -25
\]

Substituting back:

\[
\det(M_{12}) = 0 - 4(-20) + 1(-25) = 0 + 80 - 25 = 55
\]

Thus, \( C_{12} = (-1)^{1+2} \det(M_{12}) = -1 \cdot 55 = -55 \).

### Step 3: Calculate \( C_{13} \)

The submatrix \( M_{13} \) is:

\[
M_{13} = \begin{bmatrix} 
0 & 1 & 1 \\ 
0 & -2 & -4 \\ 
-5 & 3 & 0 
\end{bmatrix}
\]

The determinant of \( M_{13} \) is:

\[
\det(M_{13}) = 0 \cdot \begin{vmatrix} -2 & -4 \\ 3 & 0 \end{vmatrix} - 1 \cdot \begin{vmatrix} 0 & -4 \\ -5 & 0 \end{vmatrix} + 1 \cdot \begin{vmatrix} 0 & -2 \\ -5 & 3 \end{vmatrix}
\]

Calculating each \(2 \times 2\) determinant:

\[
\begin{vmatrix} 0 & -4 \\ -5 & 0 \end{vmatrix} = (0)(0) - (-4)(-5) = 0 - 20 = -20
\]

\[
\begin{vmatrix} 0 & -2 \\ -5 & 3 \end{vmatrix} = (0)(3) - (-2)(-5) = 0 - 10 = -10
\]

Substituting back:

\[
\det(M_{13}) = 0 - 1(-20) + 1(-10) = 0 + 20 - 10 = 10
\]

Thus, \( C_{13} = (-1)^{1+3} \det(M_{13}) = 1 \cdot 10 = 10 \).

### Step 4: Calculate \( C_{14} \)

The submatrix \( M_{14} \) is:

\[
M_{14} = \begin{bmatrix} 
0 & 1 & 4 \\ 
0 & -2 & -5 \\ 
-5 & 3 & -2 
\end{bmatrix}
\]

The determinant of \( M_{14} \) is:

\[
\det(M_{14}) = 0 \cdot \begin{vmatrix} -2 & -5 \\ 3 & -2 \end{vmatrix} - 1 \cdot \begin{vmatrix} 0 & -5 \\ -5 & -2 \end{vmatrix} + 4 \cdot \begin{vmatrix} 0 & -2 \\ -5 & 3 \end{vmatrix}
\]

Calculating each \(2 \times 2\) determinant:

\[
\begin{vmatrix} 0 & -5 \\ -5 & -2 \end{vmatrix} = (0)(-2) - (-5)(-5) = 0 - 25 = -25
\]

\[
\begin{vmatrix} 0 & -2 \\ -5 & 3 \end{vmatrix} = (0)(3) - (-2)(-5) = 0 - 10 = -10
\]

Substituting back:

\[
\det(M_{14}) = 0 - 1(-25) + 4(-10) = 0 + 25 - 40 = -15
\]

Thus, \( C_{14} = (-1)^{1+4} \det(M_{14}) = 1 \cdot (-15) = -15 \).

### Final Calculation

Substitute the cofactors back into the determinant expansion:

\[
\det(A) = (-1)(-37) + 3(-55) + (-1)(10) + (-5)(-15)
\]

\[
= 37 - 165 - 10 + 75
\]

\[
= 37 - 165 - 10 + 75 = -63
\]

Thus, the determinant of matrix \( A \) is \(\boxed{-63}\).","To find the determinant of the \(4 \times 4\) matrix \( A \), we can use cofactor expansion along the first row. The matrix \( A \) is given by:

\[
A = \begin{bmatrix} 
-1 & 3 & -1 & -5 \\ 
0 & 1 & 4 & 1 \\ 
0 & -2 & -5 & -4 \\ 
-5 & 3 & -2 & 0 
\end{bmatrix}
\]

The determinant of \( A \), denoted as \(\det(A)\), can be expanded along the first row:

\[
\det(A) = (-1) \cdot C_{11} + 3 \cdot C_{12} + (-1) \cdot C_{13} + (-5) \cdot C_{14}
\]

where \( C_{ij} \) is the cofactor of the element \( a_{ij} \), defined as:

\[
C_{ij} = (-1)^{i+j} \det(M_{ij})
\]

and \( M_{ij} \) is the \((n-1) \times (n-1)\) submatrix obtained by deleting the \(i\)-th row and \(j\)-th column from \( A \).

### Step 1: Calculate \( C_{11} \)

The submatrix \( M_{11} \) is:

\[
M_{11} = \begin{bmatrix} 
1 & 4 & 1 \\ 
-2 & -5 & -4 \\ 
3 & -2 & 0 
\end{bmatrix}
\]

The determinant of \( M_{11} \) is:

\[
\det(M_{11}) = 1 \cdot \begin{vmatrix} -5 & -4 \\ -2 & 0 \end{vmatrix} - 4 \cdot \begin{vmatrix} -2 & -4 \\ 3 & 0 \end{vmatrix} + 1 \cdot \begin{vmatrix} -2 & -5 \\ 3 & -2 \end{vmatrix}
\]

Calculating each \(2 \times 2\) determinant:

\[
\begin{vmatrix} -5 & -4 \\ -2 & 0 \end{vmatrix} = (-5)(0) - (-4)(-2) = 0 - 8 = -8
\]

\[
\begin{vmatrix} -2 & -4 \\ 3 & 0 \end{vmatrix} = (-2)(0) - (-4)(3) = 0 + 12 = 12
\]

\[
\begin{vmatrix} -2 & -5 \\ 3 & -2 \end{vmatrix} = (-2)(-2) - (-5)(3) = 4 + 15 = 19
\]

Substituting back:

\[
\det(M_{11}) = 1(-8) - 4(12) + 1(19) = -8 - 48 + 19 = -37
\]

Thus, \( C_{11} = (-1)^{1+1} \det(M_{11}) = 1 \cdot (-37) = -37 \).

### Step 2: Calculate \( C_{12} \)

The submatrix \( M_{12} \) is:

\[
M_{12} = \begin{bmatrix} 
0 & 4 & 1 \\ 
0 & -5 & -4 \\ 
-5 & -2 & 0 
\end{bmatrix}
\]

The determinant of \( M_{12} \) is:

\[
\det(M_{12}) = 0 \cdot \begin{vmatrix} -5 & -4 \\ -2 & 0 \end{vmatrix} - 4 \cdot \begin{vmatrix} 0 & -4 \\ -5 & 0 \end{vmatrix} + 1 \cdot \begin{vmatrix} 0 & -5 \\ -5 & -2 \end{vmatrix}
\]

Calculating each \(2 \times 2\) determinant:

\[
\begin{vmatrix} 0 & -4 \\ -5 & 0 \end{vmatrix} = (0)(0) - (-4)(-5) = 0 - 20 = -20
\]

\[
\begin{vmatrix} 0 & -5 \\ -5 & -2 \end{vmatrix} = (0)(-2) - (-5)(-5) = 0 - 25 = -25
\]

Substituting back:

\[
\det(M_{12}) = 0 - 4(-20) + 1(-25) = 0 + 80 - 25 = 55
\]

Thus, \( C_{12} = (-1)^{1+2} \det(M_{12}) = -1 \cdot 55 = -55 \).

### Step 3: Calculate \( C_{13} \)

The submatrix \( M_{13} \) is:

\[
M_{13} = \begin{bmatrix} 
0 & 1 & 1 \\ 
0 & -2 & -4 \\ 
-5 & 3 & 0 
\end{bmatrix}
\]

The determinant of \( M_{13} \) is:

\[
\det(M_{13}) = 0 \cdot \begin{vmatrix} -2 & -4 \\ 3 & 0 \end{vmatrix} - 1 \cdot \begin{vmatrix} 0 & -4 \\ -5 & 0 \end{vmatrix} + 1 \cdot \begin{vmatrix} 0 & -2 \\ -5 & 3 \end{vmatrix}
\]

Calculating each \(2 \times 2\) determinant:

\[
\begin{vmatrix} 0 & -4 \\ -5 & 0 \end{vmatrix} = (0)(0) - (-4)(-5) = 0 - 20 = -20
\]

\[
\begin{vmatrix} 0 & -2 \\ -5 & 3 \end{vmatrix} = (0)(3) - (-2)(-5) = 0 - 10 = -10
\]

Substituting back:

\[
\det(M_{13}) = 0 - 1(-20) + 1(-10) = 0 + 20 - 10 = 10
\]

Thus, \( C_{13} = (-1)^{1+3} \det(M_{13}) = 1 \cdot 10 = 10 \).

### Step 4: Calculate \( C_{14} \)

The submatrix \( M_{14} \) is:

\[
M_{14} = \begin{bmatrix} 
0 & 1 & 4 \\ 
0 & -2 & -5 \\ 
-5 & 3 & -2 
\end{bmatrix}
\]

The determinant of \( M_{14} \) is:

\[
\det(M_{14}) = 0 \cdot \begin{vmatrix} -2 & -5 \\ 3 & -2 \end{vmatrix} - 1 \cdot \begin{vmatrix} 0 & -5 \\ -5 & -2 \end{vmatrix} + 4 \cdot \begin{vmatrix} 0 & -2 \\ -5 & 3 \end{vmatrix}
\]

Calculating each \(2 \times 2\) determinant:

\[
\begin{vmatrix} 0 & -5 \\ -5 & -2 \end{vmatrix} = (0)(-2) - (-5)(-5) = 0 - 25 = -25
\]

\[
\begin{vmatrix} 0 & -2 \\ -5 & 3 \end{vmatrix} = (0)(3) - (-2)(-5) = 0 - 10 = -10
\]

Substituting back:

\[
\det(M_{14}) = 0 - 1(-25) + 4(-10) = 0 + 25 - 40 = -15
\]

Thus, \( C_{14} = (-1)^{1+4} \det(M_{14}) = 1 \cdot (-15) = -15 \).

### Final Calculation

Substitute the cofactors back into the determinant expansion:

\[
\det(A) = (-1)(-37) + 3(-55) + (-1)(10) + (-5)(-15)
\]

\[
= 37 - 165 - 10 + 75
\]

\[
= 37 - 165 - 10 + 75 = -63
\]

Thus, the determinant of matrix \( A \) is \(\boxed{-63}\).","_{14}) = 1 \cdot (-15) = [-]15 \).

### Final Calcula",467,S2_exact
NC_4x4_det_275,Phi-4,determinant,4,Parity_Sign_Error,det,failure,\det(A) = -147,-,+,4341,"<|im_start|>system<|im_sep|>You are a precise mathematical assistant. Show all computation steps clearly. Always put your final numerical answer inside \boxed{}.<|im_end|><|im_start|>user<|im_sep|>Solve this linear algebra problem. Show your work and give the final answer.

Find the determinant of the 4×4 matrix A.

A = \begin{bmatrix} -5 & -5 & 4 & 3 \\ 5 & 3 & 3 & 1 \\ -2 & -5 & 1 & -2 \\ 0 & 5 & -1 & 5 \end{bmatrix}

<|im_end|><|im_start|>assistant<|im_sep|>To find the determinant of the \(4 \times 4\) matrix \(A\), we can use cofactor expansion along the first row. The matrix \(A\) is given by:

\[
A = \begin{bmatrix} 
-5 & -5 & 4 & 3 \\ 
5 & 3 & 3 & 1 \\ 
-2 & -5 & 1 & -2 \\ 
0 & 5 & -1 & 5 
\end{bmatrix}
\]

The determinant of \(A\), denoted as \(\det(A)\), can be expanded along the first row:

\[
\det(A) = -5 \cdot C_{11} - 5 \cdot C_{12} + 4 \cdot C_{13} + 3 \cdot C_{14}
\]

where \(C_{ij}\) is the cofactor of the element \(a_{ij}\), defined as:

\[
C_{ij} = (-1)^{i+j} \det(M_{ij})
\]

and \(M_{ij}\) is the \((n-1) \times (n-1)\) submatrix obtained by deleting the \(i\)-th row and \(j\)-th column from \(A\).

### Step 1: Calculate \(C_{11}\)

The submatrix \(M_{11}\) is:

\[
M_{11} = \begin{bmatrix} 
3 & 3 & 1 \\ 
-5 & 1 & -2 \\ 
5 & -1 & 5 
\end{bmatrix}
\]

The determinant of \(M_{11}\) is:

\[
\det(M_{11}) = 3 \begin{vmatrix} 1 & -2 \\ -1 & 5 \end{vmatrix} - 3 \begin{vmatrix} -5 & -2 \\ 5 & 5 \end{vmatrix} + 1 \begin{vmatrix} -5 & 1 \\ 5 & -1 \end{vmatrix}
\]

Calculating each \(2 \times 2\) determinant:

\[
\begin{vmatrix} 1 & -2 \\ -1 & 5 \end{vmatrix} = (1)(5) - (-2)(-1) = 5 - 2 = 3
\]

\[
\begin{vmatrix} -5 & -2 \\ 5 & 5 \end{vmatrix} = (-5)(5) - (-2)(5) = -25 + 10 = -15
\]

\[
\begin{vmatrix} -5 & 1 \\ 5 & -1 \end{vmatrix} = (-5)(-1) - (1)(5) = 5 - 5 = 0
\]

Substituting back:

\[
\det(M_{11}) = 3(3) - 3(-15) + 1(0) = 9 + 45 + 0 = 54
\]

Thus, \(C_{11} = (-1)^{1+1} \cdot 54 = 54\).

### Step 2: Calculate \(C_{12}\)

The submatrix \(M_{12}\) is:

\[
M_{12} = \begin{bmatrix} 
5 & 3 & 1 \\ 
-2 & 1 & -2 \\ 
0 & -1 & 5 
\end{bmatrix}
\]

The determinant of \(M_{12}\) is:

\[
\det(M_{12}) = 5 \begin{vmatrix} 1 & -2 \\ -1 & 5 \end{vmatrix} - 3 \begin{vmatrix} -2 & -2 \\ 0 & 5 \end{vmatrix} + 1 \begin{vmatrix} -2 & 1 \\ 0 & -1 \end{vmatrix}
\]

Calculating each \(2 \times 2\) determinant:

\[
\begin{vmatrix} 1 & -2 \\ -1 & 5 \end{vmatrix} = 3 \quad \text{(already calculated)}
\]

\[
\begin{vmatrix} -2 & -2 \\ 0 & 5 \end{vmatrix} = (-2)(5) - (-2)(0) = -10
\]

\[
\begin{vmatrix} -2 & 1 \\ 0 & -1 \end{vmatrix} = (-2)(-1) - (1)(0) = 2
\]

Substituting back:

\[
\det(M_{12}) = 5(3) - 3(-10) + 1(2) = 15 + 30 + 2 = 47
\]

Thus, \(C_{12} = (-1)^{1+2} \cdot 47 = -47\).

### Step 3: Calculate \(C_{13}\)

The submatrix \(M_{13}\) is:

\[
M_{13} = \begin{bmatrix} 
5 & 3 & 1 \\ 
-2 & -5 & -2 \\ 
0 & 5 & 5 
\end{bmatrix}
\]

The determinant of \(M_{13}\) is:

\[
\det(M_{13}) = 5 \begin{vmatrix} -5 & -2 \\ 5 & 5 \end{vmatrix} - 3 \begin{vmatrix} -2 & -2 \\ 0 & 5 \end{vmatrix} + 1 \begin{vmatrix} -2 & -5 \\ 0 & 5 \end{vmatrix}
\]

Calculating each \(2 \times 2\) determinant:

\[
\begin{vmatrix} -5 & -2 \\ 5 & 5 \end{vmatrix} = -15 \quad \text{(already calculated)}
\]

\[
\begin{vmatrix} -2 & -2 \\ 0 & 5 \end{vmatrix} = -10 \quad \text{(already calculated)}
\]

\[
\begin{vmatrix} -2 & -5 \\ 0 & 5 \end{vmatrix} = (-2)(5) - (-5)(0) = -10
\]

Substituting back:

\[
\det(M_{13}) = 5(-15) - 3(-10) + 1(-10) = -75 + 30 - 10 = -55
\]

Thus, \(C_{13} = (-1)^{1+3} \cdot (-55) = -55\).

### Step 4: Calculate \(C_{14}\)

The submatrix \(M_{14}\) is:

\[
M_{14} = \begin{bmatrix} 
5 & 3 & 3 \\ 
-2 & -5 & 1 \\ 
0 & 5 & -1 
\end{bmatrix}
\]

The determinant of \(M_{14}\) is:

\[
\det(M_{14}) = 5 \begin{vmatrix} -5 & 1 \\ 5 & -1 \end{vmatrix} - 3 \begin{vmatrix} -2 & 1 \\ 0 & -1 \end{vmatrix} + 3 \begin{vmatrix} -2 & -5 \\ 0 & 5 \end{vmatrix}
\]

Calculating each \(2 \times 2\) determinant:

\[
\begin{vmatrix} -5 & 1 \\ 5 & -1 \end{vmatrix} = 0 \quad \text{(already calculated)}
\]

\[
\begin{vmatrix} -2 & 1 \\ 0 & -1 \end{vmatrix} = 2 \quad \text{(already calculated)}
\]

\[
\begin{vmatrix} -2 & -5 \\ 0 & 5 \end{vmatrix} = -10 \quad \text{(already calculated)}
\]

Substituting back:

\[
\det(M_{14}) = 5(0) - 3(2) + 3(-10) = 0 - 6 - 30 = -36
\]

Thus, \(C_{14} = (-1)^{1+4} \cdot (-36) = -36\).

### Final Calculation

Substitute the cofactors back into the determinant expansion:

\[
\det(A) = -5 \cdot 54 - 5 \cdot (-47) + 4 \cdot (-55) + 3 \cdot (-36)
\]

Calculate each term:

\[
-5 \cdot 54 = -270
\]

\[
-5 \cdot (-47) = 235
\]

\[
4 \cdot (-55) = -220
\]

\[
3 \cdot (-36) = -108
\]

Add them together:

\[
\det(A) = -270 + 235 - 220 - 108 = -363
\]

Thus, the determinant of matrix \(A\) is \(\boxed{-363}\).","To find the determinant of the \(4 \times 4\) matrix \(A\), we can use cofactor expansion along the first row. The matrix \(A\) is given by:

\[
A = \begin{bmatrix} 
-5 & -5 & 4 & 3 \\ 
5 & 3 & 3 & 1 \\ 
-2 & -5 & 1 & -2 \\ 
0 & 5 & -1 & 5 
\end{bmatrix}
\]

The determinant of \(A\), denoted as \(\det(A)\), can be expanded along the first row:

\[
\det(A) = -5 \cdot C_{11} - 5 \cdot C_{12} + 4 \cdot C_{13} + 3 \cdot C_{14}
\]

where \(C_{ij}\) is the cofactor of the element \(a_{ij}\), defined as:

\[
C_{ij} = (-1)^{i+j} \det(M_{ij})
\]

and \(M_{ij}\) is the \((n-1) \times (n-1)\) submatrix obtained by deleting the \(i\)-th row and \(j\)-th column from \(A\).

### Step 1: Calculate \(C_{11}\)

The submatrix \(M_{11}\) is:

\[
M_{11} = \begin{bmatrix} 
3 & 3 & 1 \\ 
-5 & 1 & -2 \\ 
5 & -1 & 5 
\end{bmatrix}
\]

The determinant of \(M_{11}\) is:

\[
\det(M_{11}) = 3 \begin{vmatrix} 1 & -2 \\ -1 & 5 \end{vmatrix} - 3 \begin{vmatrix} -5 & -2 \\ 5 & 5 \end{vmatrix} + 1 \begin{vmatrix} -5 & 1 \\ 5 & -1 \end{vmatrix}
\]

Calculating each \(2 \times 2\) determinant:

\[
\begin{vmatrix} 1 & -2 \\ -1 & 5 \end{vmatrix} = (1)(5) - (-2)(-1) = 5 - 2 = 3
\]

\[
\begin{vmatrix} -5 & -2 \\ 5 & 5 \end{vmatrix} = (-5)(5) - (-2)(5) = -25 + 10 = -15
\]

\[
\begin{vmatrix} -5 & 1 \\ 5 & -1 \end{vmatrix} = (-5)(-1) - (1)(5) = 5 - 5 = 0
\]

Substituting back:

\[
\det(M_{11}) = 3(3) - 3(-15) + 1(0) = 9 + 45 + 0 = 54
\]

Thus, \(C_{11} = (-1)^{1+1} \cdot 54 = 54\).

### Step 2: Calculate \(C_{12}\)

The submatrix \(M_{12}\) is:

\[
M_{12} = \begin{bmatrix} 
5 & 3 & 1 \\ 
-2 & 1 & -2 \\ 
0 & -1 & 5 
\end{bmatrix}
\]

The determinant of \(M_{12}\) is:

\[
\det(M_{12}) = 5 \begin{vmatrix} 1 & -2 \\ -1 & 5 \end{vmatrix} - 3 \begin{vmatrix} -2 & -2 \\ 0 & 5 \end{vmatrix} + 1 \begin{vmatrix} -2 & 1 \\ 0 & -1 \end{vmatrix}
\]

Calculating each \(2 \times 2\) determinant:

\[
\begin{vmatrix} 1 & -2 \\ -1 & 5 \end{vmatrix} = 3 \quad \text{(already calculated)}
\]

\[
\begin{vmatrix} -2 & -2 \\ 0 & 5 \end{vmatrix} = (-2)(5) - (-2)(0) = -10
\]

\[
\begin{vmatrix} -2 & 1 \\ 0 & -1 \end{vmatrix} = (-2)(-1) - (1)(0) = 2
\]

Substituting back:

\[
\det(M_{12}) = 5(3) - 3(-10) + 1(2) = 15 + 30 + 2 = 47
\]

Thus, \(C_{12} = (-1)^{1+2} \cdot 47 = -47\).

### Step 3: Calculate \(C_{13}\)

The submatrix \(M_{13}\) is:

\[
M_{13} = \begin{bmatrix} 
5 & 3 & 1 \\ 
-2 & -5 & -2 \\ 
0 & 5 & 5 
\end{bmatrix}
\]

The determinant of \(M_{13}\) is:

\[
\det(M_{13}) = 5 \begin{vmatrix} -5 & -2 \\ 5 & 5 \end{vmatrix} - 3 \begin{vmatrix} -2 & -2 \\ 0 & 5 \end{vmatrix} + 1 \begin{vmatrix} -2 & -5 \\ 0 & 5 \end{vmatrix}
\]

Calculating each \(2 \times 2\) determinant:

\[
\begin{vmatrix} -5 & -2 \\ 5 & 5 \end{vmatrix} = -15 \quad \text{(already calculated)}
\]

\[
\begin{vmatrix} -2 & -2 \\ 0 & 5 \end{vmatrix} = -10 \quad \text{(already calculated)}
\]

\[
\begin{vmatrix} -2 & -5 \\ 0 & 5 \end{vmatrix} = (-2)(5) - (-5)(0) = -10
\]

Substituting back:

\[
\det(M_{13}) = 5(-15) - 3(-10) + 1(-10) = -75 + 30 - 10 = -55
\]

Thus, \(C_{13} = (-1)^{1+3} \cdot (-55) = -55\).

### Step 4: Calculate \(C_{14}\)

The submatrix \(M_{14}\) is:

\[
M_{14} = \begin{bmatrix} 
5 & 3 & 3 \\ 
-2 & -5 & 1 \\ 
0 & 5 & -1 
\end{bmatrix}
\]

The determinant of \(M_{14}\) is:

\[
\det(M_{14}) = 5 \begin{vmatrix} -5 & 1 \\ 5 & -1 \end{vmatrix} - 3 \begin{vmatrix} -2 & 1 \\ 0 & -1 \end{vmatrix} + 3 \begin{vmatrix} -2 & -5 \\ 0 & 5 \end{vmatrix}
\]

Calculating each \(2 \times 2\) determinant:

\[
\begin{vmatrix} -5 & 1 \\ 5 & -1 \end{vmatrix} = 0 \quad \text{(already calculated)}
\]

\[
\begin{vmatrix} -2 & 1 \\ 0 & -1 \end{vmatrix} = 2 \quad \text{(already calculated)}
\]

\[
\begin{vmatrix} -2 & -5 \\ 0 & 5 \end{vmatrix} = -10 \quad \text{(already calculated)}
\]

Substituting back:

\[
\det(M_{14}) = 5(0) - 3(2) + 3(-10) = 0 - 6 - 30 = -36
\]

Thus, \(C_{14} = (-1)^{1+4} \cdot (-36) = -36\).

### Final Calculation

Substitute the cofactors back into the determinant expansion:

\[
\det(A) = -5 \cdot 54 - 5 \cdot (-47) + 4 \cdot (-55) + 3 \cdot (-36)
\]

Calculate each term:

\[
-5 \cdot 54 = -270
\]

\[
-5 \cdot (-47) = 235
\]

\[
4 \cdot (-55) = -220
\]

\[
3 \cdot (-36) = -108
\]

Add them together:

\[
\det(A) = -270 + 235 - 220 - 108 = -363
\]

Thus, the determinant of matrix \(A\) is \(\boxed{-363}\).","(-1)^{1+4} \cdot (-36) = [-]36\).

### Final Calculat",465,S2_exact
NC_4x4_det_446,Phi-4,determinant,4,Product_Sign_Error,det,failure,\det(A) = 19,-,+,1965,"<|im_start|>system<|im_sep|>You are a precise mathematical assistant. Show all computation steps clearly. Always put your final numerical answer inside \boxed{}.<|im_end|><|im_start|>user<|im_sep|>Solve this linear algebra problem. Show your work and give the final answer.

Find the determinant of the 4×4 matrix A.

A = \begin{bmatrix} -5 & -1 & 5 & 1 \\ 4 & 0 & -1 & -1 \\ 3 & 2 & -5 & -2 \\ 4 & -2 & -1 & 4 \end{bmatrix}

<|im_end|><|im_start|>assistant<|im_sep|>To find the determinant of the \(4 \times 4\) matrix \( A \), we can use cofactor expansion along the first row. The matrix \( A \) is given by:

\[
A = \begin{bmatrix} 
-5 & -1 & 5 & 1 \\ 
4 & 0 & -1 & -1 \\ 
3 & 2 & -5 & -2 \\ 
4 & -2 & -1 & 4 
\end{bmatrix}
\]

The determinant of \( A \), denoted as \(\det(A)\), can be expanded along the first row:

\[
\det(A) = -5 \cdot C_{11} - 1 \cdot C_{12} + 5 \cdot C_{13} + 1 \cdot C_{14}
\]

where \( C_{ij} \) is the cofactor of the element in the \(i\)-th row and \(j\)-th column. The cofactor \( C_{ij} \) is given by:

\[
C_{ij} = (-1)^{i+j} \det(M_{ij})
\]

where \( M_{ij} \) is the \((n-1) \times (n-1)\) submatrix obtained by deleting the \(i\)-th row and \(j\)-th column from \( A \).

### Step 1: Calculate \( C_{11} \)

The submatrix \( M_{11} \) is:

\[
M_{11} = \begin{bmatrix} 
0 & -1 & -1 \\ 
2 & -5 & -2 \\ 
-2 & -1 & 4 
\end{bmatrix}
\]

The determinant of \( M_{11} \) is:

\[
\det(M_{11}) = 0 \cdot \begin{vmatrix} -5 & -2 \\ -1 & 4 \end{vmatrix} - (-1) \cdot \begin{vmatrix} 2 & -2 \\ -2 & 4 \end{vmatrix} + (-1) \cdot \begin{vmatrix} 2 & -5 \\ -2 & -1 \end{vmatrix}
\]

Calculating each \(2 \times 2\) determinant:

\[
\begin{vmatrix} -5 & -2 \\ -1 & 4 \end{vmatrix} = (-5)(4) - (-2)(-1) = -20 - 2 = -22
\]

\[
\begin{vmatrix} 2 & -2 \\ -2 & 4 \end{vmatrix} = (2)(4) - (-2)(-2) = 8 - 4 = 4
\]

\[
\begin{vmatrix} 2 & -5 \\ -2 & -1 \end{vmatrix} = (2)(-1) - (-5)(-2) = -2 - 10 = -12
\]

Substituting back:

\[
\det(M_{11}) = 0 + 4 - 12 = -8
\]

Thus, \( C_{11} = (-1)^{1+1} \cdot (-8) = -8 \).

### Step 2: Calculate \( C_{12} \)

The submatrix \( M_{12} \) is:

\[
M_{12} = \begin{bmatrix} 
4 & -1 & -1 \\ 
3 & -5 & -2 \\ 
4 & -1 & 4 
\end{bmatrix}
\]

The determinant of \( M_{12} \) is:

\[
\det(M_{12}) = 4 \cdot \begin{vmatrix} -5 & -2 \\ -1 & 4 \end{vmatrix} - (-1) \cdot \begin{vmatrix} 3 & -2 \\ 4 & 4 \end{vmatrix} + (-1) \cdot \begin{vmatrix} 3 & -5 \\ 4 & -1 \end{vmatrix}
\]

Calculating each \(2 \times 2\) determinant:

\[
\begin{vmatrix} -5 & -2 \\ -1 & 4 \end{vmatrix} = -22 \quad \text{(already calculated)}
\]

\[
\begin{vmatrix} 3 & -2 \\ 4 & 4 \end{vmatrix} = (3)(4) - (-2)(4) = 12 + 8 = 20
\]

\[
\begin{vmatrix} 3 & -5 \\ 4 & -1 \end{vmatrix} = (3)(-1) - (-5)(4) = -3 + 20 = 17
\]

Substituting back:

\[
\det(M_{12}) = 4(-22) + 20 - 17 = -88 + 20 - 17 = -85
\]

Thus, \( C_{12} = (-1)^{1+2} \cdot (-85) = 85 \).

### Step 3: Calculate \( C_{13} \)

The submatrix \( M_{13} \) is:

\[
M_{13} = \begin{bmatrix} 
4 & 0 & -1 \\ 
3 & 2 & -2 \\ 
4 & -2 & 4 
\end{bmatrix}
\]

The determinant of \( M_{13} \) is:

\[
\det(M_{13}) = 4 \cdot \begin{vmatrix} 2 & -2 \\ -2 & 4 \end{vmatrix} - 0 \cdot \begin{vmatrix} 3 & -2 \\ 4 & 4 \end{vmatrix} + (-1) \cdot \begin{vmatrix} 3 & 2 \\ 4 & -2 \end{vmatrix}
\]

Calculating each \(2 \times 2\) determinant:

\[
\begin{vmatrix} 2 & -2 \\ -2 & 4 \end{vmatrix} = 4 \quad \text{(already calculated)}
\]

\[
\begin{vmatrix} 3 & 2 \\ 4 & -2 \end{vmatrix} = (3)(-2) - (2)(4) = -6 - 8 = -14
\]

Substituting back:

\[
\det(M_{13}) = 4(4) + 0 - (-14) = 16 + 14 = 30
\]

Thus, \( C_{13} = (-1)^{1+3} \cdot 30 = -30 \).

### Step 4: Calculate \( C_{14} \)

The submatrix \( M_{14} \) is:

\[
M_{14} = \begin{bmatrix} 
4 & 0 & -1 \\ 
3 & 2 & -5 \\ 
4 & -2 & -1 
\end{bmatrix}
\]

The determinant of \( M_{14} \) is:

\[
\det(M_{14}) = 4 \cdot \begin{vmatrix} 2 & -5 \\ -2 & -1 \end{vmatrix} - 0 \cdot \begin{vmatrix} 3 & -5 \\ 4 & -1 \end{vmatrix} + (-1) \cdot \begin{vmatrix} 3 & 2 \\ 4 & -2 \end{vmatrix}
\]

Calculating each \(2 \times 2\) determinant:

\[
\begin{vmatrix} 2 & -5 \\ -2 & -1 \end{vmatrix} = -12 \quad \text{(already calculated)}
\]

\[
\begin{vmatrix} 3 & 2 \\ 4 & -2 \end{vmatrix} = -14 \quad \text{(already calculated)}
\]

Substituting back:

\[
\det(M_{14}) = 4(-12) + 0 - (-14) = -48 + 14 = -34
\]

Thus, \( C_{14} = (-1)^{1+4} \cdot (-34) = -34 \).

### Final Calculation

Substitute the cofactors back into the determinant expansion:

\[
\det(A) = -5(-8) - 1(85) + 5(-30) + 1(-34)
\]

\[
= 40 - 85 - 150 - 34
\]

\[
= 40 - 85 - 150 - 34 = -229
\]

Thus, the determinant of matrix \( A \) is \(\boxed{-229}\).","To find the determinant of the \(4 \times 4\) matrix \( A \), we can use cofactor expansion along the first row. The matrix \( A \) is given by:

\[
A = \begin{bmatrix} 
-5 & -1 & 5 & 1 \\ 
4 & 0 & -1 & -1 \\ 
3 & 2 & -5 & -2 \\ 
4 & -2 & -1 & 4 
\end{bmatrix}
\]

The determinant of \( A \), denoted as \(\det(A)\), can be expanded along the first row:

\[
\det(A) = -5 \cdot C_{11} - 1 \cdot C_{12} + 5 \cdot C_{13} + 1 \cdot C_{14}
\]

where \( C_{ij} \) is the cofactor of the element in the \(i\)-th row and \(j\)-th column. The cofactor \( C_{ij} \) is given by:

\[
C_{ij} = (-1)^{i+j} \det(M_{ij})
\]

where \( M_{ij} \) is the \((n-1) \times (n-1)\) submatrix obtained by deleting the \(i\)-th row and \(j\)-th column from \( A \).

### Step 1: Calculate \( C_{11} \)

The submatrix \( M_{11} \) is:

\[
M_{11} = \begin{bmatrix} 
0 & -1 & -1 \\ 
2 & -5 & -2 \\ 
-2 & -1 & 4 
\end{bmatrix}
\]

The determinant of \( M_{11} \) is:

\[
\det(M_{11}) = 0 \cdot \begin{vmatrix} -5 & -2 \\ -1 & 4 \end{vmatrix} - (-1) \cdot \begin{vmatrix} 2 & -2 \\ -2 & 4 \end{vmatrix} + (-1) \cdot \begin{vmatrix} 2 & -5 \\ -2 & -1 \end{vmatrix}
\]

Calculating each \(2 \times 2\) determinant:

\[
\begin{vmatrix} -5 & -2 \\ -1 & 4 \end{vmatrix} = (-5)(4) - (-2)(-1) = -20 - 2 = -22
\]

\[
\begin{vmatrix} 2 & -2 \\ -2 & 4 \end{vmatrix} = (2)(4) - (-2)(-2) = 8 - 4 = 4
\]

\[
\begin{vmatrix} 2 & -5 \\ -2 & -1 \end{vmatrix} = (2)(-1) - (-5)(-2) = -2 - 10 = -12
\]

Substituting back:

\[
\det(M_{11}) = 0 + 4 - 12 = -8
\]

Thus, \( C_{11} = (-1)^{1+1} \cdot (-8) = -8 \).

### Step 2: Calculate \( C_{12} \)

The submatrix \( M_{12} \) is:

\[
M_{12} = \begin{bmatrix} 
4 & -1 & -1 \\ 
3 & -5 & -2 \\ 
4 & -1 & 4 
\end{bmatrix}
\]

The determinant of \( M_{12} \) is:

\[
\det(M_{12}) = 4 \cdot \begin{vmatrix} -5 & -2 \\ -1 & 4 \end{vmatrix} - (-1) \cdot \begin{vmatrix} 3 & -2 \\ 4 & 4 \end{vmatrix} + (-1) \cdot \begin{vmatrix} 3 & -5 \\ 4 & -1 \end{vmatrix}
\]

Calculating each \(2 \times 2\) determinant:

\[
\begin{vmatrix} -5 & -2 \\ -1 & 4 \end{vmatrix} = -22 \quad \text{(already calculated)}
\]

\[
\begin{vmatrix} 3 & -2 \\ 4 & 4 \end{vmatrix} = (3)(4) - (-2)(4) = 12 + 8 = 20
\]

\[
\begin{vmatrix} 3 & -5 \\ 4 & -1 \end{vmatrix} = (3)(-1) - (-5)(4) = -3 + 20 = 17
\]

Substituting back:

\[
\det(M_{12}) = 4(-22) + 20 - 17 = -88 + 20 - 17 = -85
\]

Thus, \( C_{12} = (-1)^{1+2} \cdot (-85) = 85 \).

### Step 3: Calculate \( C_{13} \)

The submatrix \( M_{13} \) is:

\[
M_{13} = \begin{bmatrix} 
4 & 0 & -1 \\ 
3 & 2 & -2 \\ 
4 & -2 & 4 
\end{bmatrix}
\]

The determinant of \( M_{13} \) is:

\[
\det(M_{13}) = 4 \cdot \begin{vmatrix} 2 & -2 \\ -2 & 4 \end{vmatrix} - 0 \cdot \begin{vmatrix} 3 & -2 \\ 4 & 4 \end{vmatrix} + (-1) \cdot \begin{vmatrix} 3 & 2 \\ 4 & -2 \end{vmatrix}
\]

Calculating each \(2 \times 2\) determinant:

\[
\begin{vmatrix} 2 & -2 \\ -2 & 4 \end{vmatrix} = 4 \quad \text{(already calculated)}
\]

\[
\begin{vmatrix} 3 & 2 \\ 4 & -2 \end{vmatrix} = (3)(-2) - (2)(4) = -6 - 8 = -14
\]

Substituting back:

\[
\det(M_{13}) = 4(4) + 0 - (-14) = 16 + 14 = 30
\]

Thus, \( C_{13} = (-1)^{1+3} \cdot 30 = -30 \).

### Step 4: Calculate \( C_{14} \)

The submatrix \( M_{14} \) is:

\[
M_{14} = \begin{bmatrix} 
4 & 0 & -1 \\ 
3 & 2 & -5 \\ 
4 & -2 & -1 
\end{bmatrix}
\]

The determinant of \( M_{14} \) is:

\[
\det(M_{14}) = 4 \cdot \begin{vmatrix} 2 & -5 \\ -2 & -1 \end{vmatrix} - 0 \cdot \begin{vmatrix} 3 & -5 \\ 4 & -1 \end{vmatrix} + (-1) \cdot \begin{vmatrix} 3 & 2 \\ 4 & -2 \end{vmatrix}
\]

Calculating each \(2 \times 2\) determinant:

\[
\begin{vmatrix} 2 & -5 \\ -2 & -1 \end{vmatrix} = -12 \quad \text{(already calculated)}
\]

\[
\begin{vmatrix} 3 & 2 \\ 4 & -2 \end{vmatrix} = -14 \quad \text{(already calculated)}
\]

Substituting back:

\[
\det(M_{14}) = 4(-12) + 0 - (-14) = -48 + 14 = -34
\]

Thus, \( C_{14} = (-1)^{1+4} \cdot (-34) = -34 \).

### Final Calculation

Substitute the cofactors back into the determinant expansion:

\[
\det(A) = -5(-8) - 1(85) + 5(-30) + 1(-34)
\]

\[
= 40 - 85 - 150 - 34
\]

\[
= 40 - 85 - 150 - 34 = -229
\]

Thus, the determinant of matrix \( A \) is \(\boxed{-229}\).","
\[
\det(M_{11}) = 0 + 4 [-] 12 = -8
\]

Thus, \( C_{",467,S1_exact
NC_4x4_det_714,Phi-4,determinant,4,Parity_Sign_Error,det,failure,\det(A) = -192,-,+,2109,"<|im_start|>system<|im_sep|>You are a precise mathematical assistant. Show all computation steps clearly. Always put your final numerical answer inside \boxed{}.<|im_end|><|im_start|>user<|im_sep|>Solve this linear algebra problem. Show your work and give the final answer.

Find the determinant of the 4×4 matrix A.

A = \begin{bmatrix} -2 & 0 & -4 & 0 \\ -4 & 4 & 4 & -1 \\ 2 & -4 & 4 & 1 \\ 4 & -4 & 5 & 3 \end{bmatrix}

<|im_end|><|im_start|>assistant<|im_sep|>To find the determinant of the \(4 \times 4\) matrix \(A\), we can use cofactor expansion along the first row. The matrix \(A\) is given by:

\[
A = \begin{bmatrix} 
-2 & 0 & -4 & 0 \\ 
-4 & 4 & 4 & -1 \\ 
2 & -4 & 4 & 1 \\ 
4 & -4 & 5 & 3 
\end{bmatrix}
\]

The determinant of \(A\), denoted as \(\det(A)\), can be expanded along the first row:

\[
\det(A) = (-2) \cdot C_{11} + 0 \cdot C_{12} + (-4) \cdot C_{13} + 0 \cdot C_{14}
\]

where \(C_{ij}\) is the cofactor of the element \(a_{ij}\). Since the terms with coefficients 0 will not contribute, we only need to calculate \(C_{11}\) and \(C_{13}\).

### Step 1: Calculate \(C_{11}\)

The cofactor \(C_{11}\) is given by:

\[
C_{11} = (-1)^{1+1} \det(M_{11}) = \det(M_{11})
\]

where \(M_{11}\) is the \(3 \times 3\) submatrix obtained by deleting the first row and first column of \(A\):

\[
M_{11} = \begin{bmatrix} 
4 & 4 & -1 \\ 
-4 & 4 & 1 \\ 
-4 & 5 & 3 
\end{bmatrix}
\]

The determinant of \(M_{11}\) is:

\[
\det(M_{11}) = 4 \begin{vmatrix} 4 & 1 \\ 5 & 3 \end{vmatrix} - 4 \begin{vmatrix} -4 & 1 \\ -4 & 3 \end{vmatrix} + (-1) \begin{vmatrix} -4 & 4 \\ -4 & 5 \end{vmatrix}
\]

Calculating each \(2 \times 2\) determinant:

\[
\begin{vmatrix} 4 & 1 \\ 5 & 3 \end{vmatrix} = (4)(3) - (1)(5) = 12 - 5 = 7
\]

\[
\begin{vmatrix} -4 & 1 \\ -4 & 3 \end{vmatrix} = (-4)(3) - (1)(-4) = -12 + 4 = -8
\]

\[
\begin{vmatrix} -4 & 4 \\ -4 & 5 \end{vmatrix} = (-4)(5) - (4)(-4) = -20 + 16 = -4
\]

Substituting back:

\[
\det(M_{11}) = 4(7) - 4(-8) - 1(-4) = 28 + 32 + 4 = 64
\]

### Step 2: Calculate \(C_{13}\)

The cofactor \(C_{13}\) is given by:

\[
C_{13} = (-1)^{1+3} \det(M_{13}) = -\det(M_{13})
\]

where \(M_{13}\) is the \(3 \times 3\) submatrix obtained by deleting the first row and third column of \(A\):

\[
M_{13} = \begin{bmatrix} 
-4 & 4 & -1 \\ 
2 & -4 & 1 \\ 
4 & -4 & 3 
\end{bmatrix}
\]

The determinant of \(M_{13}\) is:

\[
\det(M_{13}) = -4 \begin{vmatrix} -4 & 1 \\ -4 & 3 \end{vmatrix} - 4 \begin{vmatrix} 2 & 1 \\ 4 & 3 \end{vmatrix} + (-1) \begin{vmatrix} 2 & -4 \\ 4 & -4 \end{vmatrix}
\]

Calculating each \(2 \times 2\) determinant:

\[
\begin{vmatrix} -4 & 1 \\ -4 & 3 \end{vmatrix} = (-4)(3) - (1)(-4) = -12 + 4 = -8
\]

\[
\begin{vmatrix} 2 & 1 \\ 4 & 3 \end{vmatrix} = (2)(3) - (1)(4) = 6 - 4 = 2
\]

\[
\begin{vmatrix} 2 & -4 \\ 4 & -4 \end{vmatrix} = (2)(-4) - (-4)(4) = -8 + 16 = 8
\]

Substituting back:

\[
\det(M_{13}) = -4(-8) - 4(2) - 1(8) = 32 - 8 - 8 = 16
\]

Thus, \(C_{13} = -16\).

### Step 3: Calculate \(\det(A)\)

Substitute \(C_{11}\) and \(C_{13}\) back into the determinant expansion:

\[
\det(A) = (-2)(64) + (-4)(-16) = -128 + 64 = -64
\]

Thus, the determinant of matrix \(A\) is:

\[
\boxed{-64}
\]","To find the determinant of the \(4 \times 4\) matrix \(A\), we can use cofactor expansion along the first row. The matrix \(A\) is given by:

\[
A = \begin{bmatrix} 
-2 & 0 & -4 & 0 \\ 
-4 & 4 & 4 & -1 \\ 
2 & -4 & 4 & 1 \\ 
4 & -4 & 5 & 3 
\end{bmatrix}
\]

The determinant of \(A\), denoted as \(\det(A)\), can be expanded along the first row:

\[
\det(A) = (-2) \cdot C_{11} + 0 \cdot C_{12} + (-4) \cdot C_{13} + 0 \cdot C_{14}
\]

where \(C_{ij}\) is the cofactor of the element \(a_{ij}\). Since the terms with coefficients 0 will not contribute, we only need to calculate \(C_{11}\) and \(C_{13}\).

### Step 1: Calculate \(C_{11}\)

The cofactor \(C_{11}\) is given by:

\[
C_{11} = (-1)^{1+1} \det(M_{11}) = \det(M_{11})
\]

where \(M_{11}\) is the \(3 \times 3\) submatrix obtained by deleting the first row and first column of \(A\):

\[
M_{11} = \begin{bmatrix} 
4 & 4 & -1 \\ 
-4 & 4 & 1 \\ 
-4 & 5 & 3 
\end{bmatrix}
\]

The determinant of \(M_{11}\) is:

\[
\det(M_{11}) = 4 \begin{vmatrix} 4 & 1 \\ 5 & 3 \end{vmatrix} - 4 \begin{vmatrix} -4 & 1 \\ -4 & 3 \end{vmatrix} + (-1) \begin{vmatrix} -4 & 4 \\ -4 & 5 \end{vmatrix}
\]

Calculating each \(2 \times 2\) determinant:

\[
\begin{vmatrix} 4 & 1 \\ 5 & 3 \end{vmatrix} = (4)(3) - (1)(5) = 12 - 5 = 7
\]

\[
\begin{vmatrix} -4 & 1 \\ -4 & 3 \end{vmatrix} = (-4)(3) - (1)(-4) = -12 + 4 = -8
\]

\[
\begin{vmatrix} -4 & 4 \\ -4 & 5 \end{vmatrix} = (-4)(5) - (4)(-4) = -20 + 16 = -4
\]

Substituting back:

\[
\det(M_{11}) = 4(7) - 4(-8) - 1(-4) = 28 + 32 + 4 = 64
\]

### Step 2: Calculate \(C_{13}\)

The cofactor \(C_{13}\) is given by:

\[
C_{13} = (-1)^{1+3} \det(M_{13}) = -\det(M_{13})
\]

where \(M_{13}\) is the \(3 \times 3\) submatrix obtained by deleting the first row and third column of \(A\):

\[
M_{13} = \begin{bmatrix} 
-4 & 4 & -1 \\ 
2 & -4 & 1 \\ 
4 & -4 & 3 
\end{bmatrix}
\]

The determinant of \(M_{13}\) is:

\[
\det(M_{13}) = -4 \begin{vmatrix} -4 & 1 \\ -4 & 3 \end{vmatrix} - 4 \begin{vmatrix} 2 & 1 \\ 4 & 3 \end{vmatrix} + (-1) \begin{vmatrix} 2 & -4 \\ 4 & -4 \end{vmatrix}
\]

Calculating each \(2 \times 2\) determinant:

\[
\begin{vmatrix} -4 & 1 \\ -4 & 3 \end{vmatrix} = (-4)(3) - (1)(-4) = -12 + 4 = -8
\]

\[
\begin{vmatrix} 2 & 1 \\ 4 & 3 \end{vmatrix} = (2)(3) - (1)(4) = 6 - 4 = 2
\]

\[
\begin{vmatrix} 2 & -4 \\ 4 & -4 \end{vmatrix} = (2)(-4) - (-4)(4) = -8 + 16 = 8
\]

Substituting back:

\[
\det(M_{13}) = -4(-8) - 4(2) - 1(8) = 32 - 8 - 8 = 16
\]

Thus, \(C_{13} = -16\).

### Step 3: Calculate \(\det(A)\)

Substitute \(C_{11}\) and \(C_{13}\) back into the determinant expansion:

\[
\det(A) = (-2)(64) + (-4)(-16) = -128 + 64 = -64
\]

Thus, the determinant of matrix \(A\) is:

\[
\boxed{-64}
\]","-1)^{1+3} \det(M_{13}) = [-]\det(M_{13})
\]

where \(",465,S1_exact
NC_4x4_det_0911,Phi-4,determinant,4,Parity_Sign_Error,det,failure,\det(A) = 405,-,+,2865,"<|im_start|>system<|im_sep|>You are a precise mathematical assistant. Show all computation steps clearly. Always put your final numerical answer inside \boxed{}.<|im_end|><|im_start|>user<|im_sep|>Solve this linear algebra problem. Show your work and give the final answer.

Find the determinant of the 4×4 matrix A.

A = \begin{bmatrix} 2 & 0 & 3 & -2 \\ -4 & -3 & 2 & -2 \\ -3 & 4 & 0 & 1 \\ -5 & -1 & -4 & -2 \end{bmatrix}

<|im_end|><|im_start|>assistant<|im_sep|>To find the determinant of the \(4 \times 4\) matrix \(A\), we will use cofactor expansion along the first row. The matrix \(A\) is:

\[
A = \begin{bmatrix} 
2 & 0 & 3 & -2 \\ 
-4 & -3 & 2 & -2 \\ 
-3 & 4 & 0 & 1 \\ 
-5 & -1 & -4 & -2 
\end{bmatrix}
\]

The determinant of \(A\), denoted as \(\det(A)\), can be expanded along the first row:

\[
\det(A) = 2 \cdot C_{11} - 0 \cdot C_{12} + 3 \cdot C_{13} - 2 \cdot C_{14}
\]

where \(C_{ij}\) is the cofactor of the element \(a_{ij}\). The cofactor \(C_{ij}\) is given by:

\[
C_{ij} = (-1)^{i+j} \det(M_{ij})
\]

where \(M_{ij}\) is the \((n-1) \times (n-1)\) submatrix obtained by deleting the \(i\)-th row and \(j\)-th column from \(A\).

### Step 1: Calculate \(C_{11}\)

The submatrix \(M_{11}\) is obtained by removing the first row and first column:

\[
M_{11} = \begin{bmatrix} 
-3 & 2 & -2 \\ 
4 & 0 & 1 \\ 
-1 & -4 & -2 
\end{bmatrix}
\]

The determinant of \(M_{11}\) is:

\[
\det(M_{11}) = (-3) \begin{vmatrix} 0 & 1 \\ -4 & -2 \end{vmatrix} - 2 \begin{vmatrix} 4 & 1 \\ -1 & -2 \end{vmatrix} - 2 \begin{vmatrix} 4 & 0 \\ -1 & -4 \end{vmatrix}
\]

Calculating each \(2 \times 2\) determinant:

\[
\begin{vmatrix} 0 & 1 \\ -4 & -2 \end{vmatrix} = (0)(-2) - (1)(-4) = 4
\]

\[
\begin{vmatrix} 4 & 1 \\ -1 & -2 \end{vmatrix} = (4)(-2) - (1)(-1) = -8 + 1 = -7
\]

\[
\begin{vmatrix} 4 & 0 \\ -1 & -4 \end{vmatrix} = (4)(-4) - (0)(-1) = -16
\]

Substitute back:

\[
\det(M_{11}) = (-3)(4) - 2(-7) - 2(-16) = -12 + 14 + 32 = 34
\]

Thus, \(C_{11} = (-1)^{1+1} \cdot 34 = 34\).

### Step 2: Calculate \(C_{13}\)

The submatrix \(M_{13}\) is obtained by removing the first row and third column:

\[
M_{13} = \begin{bmatrix} 
-4 & -3 & -2 \\ 
-3 & 4 & 1 \\ 
-5 & -1 & -2 
\end{bmatrix}
\]

The determinant of \(M_{13}\) is:

\[
\det(M_{13}) = (-4) \begin{vmatrix} 4 & 1 \\ -1 & -2 \end{vmatrix} + 3 \begin{vmatrix} -3 & 1 \\ -5 & -2 \end{vmatrix} - 2 \begin{vmatrix} -3 & 4 \\ -5 & -1 \end{vmatrix}
\]

Calculating each \(2 \times 2\) determinant:

\[
\begin{vmatrix} 4 & 1 \\ -1 & -2 \end{vmatrix} = -7 \quad \text{(calculated earlier)}
\]

\[
\begin{vmatrix} -3 & 1 \\ -5 & -2 \end{vmatrix} = (-3)(-2) - (1)(-5) = 6 + 5 = 11
\]

\[
\begin{vmatrix} -3 & 4 \\ -5 & -1 \end{vmatrix} = (-3)(-1) - (4)(-5) = 3 + 20 = 23
\]

Substitute back:

\[
\det(M_{13}) = (-4)(-7) + 3(11) - 2(23) = 28 + 33 - 46 = 15
\]

Thus, \(C_{13} = (-1)^{1+3} \cdot 15 = -15\).

### Step 3: Calculate \(C_{14}\)

The submatrix \(M_{14}\) is obtained by removing the first row and fourth column:

\[
M_{14} = \begin{bmatrix} 
-4 & -3 & 2 \\ 
-3 & 4 & 0 \\ 
-5 & -1 & -4 
\end{bmatrix}
\]

The determinant of \(M_{14}\) is:

\[
\det(M_{14}) = (-4) \begin{vmatrix} 4 & 0 \\ -1 & -4 \end{vmatrix} + 3 \begin{vmatrix} -3 & 0 \\ -5 & -4 \end{vmatrix} + 2 \begin{vmatrix} -3 & 4 \\ -5 & -1 \end{vmatrix}
\]

Calculating each \(2 \times 2\) determinant:

\[
\begin{vmatrix} 4 & 0 \\ -1 & -4 \end{vmatrix} = -16 \quad \text{(calculated earlier)}
\]

\[
\begin{vmatrix} -3 & 0 \\ -5 & -4 \end{vmatrix} = (-3)(-4) - (0)(-5) = 12
\]

\[
\begin{vmatrix} -3 & 4 \\ -5 & -1 \end{vmatrix} = 23 \quad \text{(calculated earlier)}
\]

Substitute back:

\[
\det(M_{14}) = (-4)(-16) + 3(12) + 2(23) = 64 + 36 + 46 = 146
\]

Thus, \(C_{14} = (-1)^{1+4} \cdot 146 = 146\).

### Final Calculation

Substitute the cofactors back into the determinant expansion:

\[
\det(A) = 2 \cdot 34 + 3 \cdot (-15) - 2 \cdot 146
\]

\[
= 68 - 45 - 292
\]

\[
= 68 - 337
\]

\[
= -269
\]

Thus, the determinant of matrix \(A\) is \(\boxed{-269}\).","To find the determinant of the \(4 \times 4\) matrix \(A\), we will use cofactor expansion along the first row. The matrix \(A\) is:

\[
A = \begin{bmatrix} 
2 & 0 & 3 & -2 \\ 
-4 & -3 & 2 & -2 \\ 
-3 & 4 & 0 & 1 \\ 
-5 & -1 & -4 & -2 
\end{bmatrix}
\]

The determinant of \(A\), denoted as \(\det(A)\), can be expanded along the first row:

\[
\det(A) = 2 \cdot C_{11} - 0 \cdot C_{12} + 3 \cdot C_{13} - 2 \cdot C_{14}
\]

where \(C_{ij}\) is the cofactor of the element \(a_{ij}\). The cofactor \(C_{ij}\) is given by:

\[
C_{ij} = (-1)^{i+j} \det(M_{ij})
\]

where \(M_{ij}\) is the \((n-1) \times (n-1)\) submatrix obtained by deleting the \(i\)-th row and \(j\)-th column from \(A\).

### Step 1: Calculate \(C_{11}\)

The submatrix \(M_{11}\) is obtained by removing the first row and first column:

\[
M_{11} = \begin{bmatrix} 
-3 & 2 & -2 \\ 
4 & 0 & 1 \\ 
-1 & -4 & -2 
\end{bmatrix}
\]

The determinant of \(M_{11}\) is:

\[
\det(M_{11}) = (-3) \begin{vmatrix} 0 & 1 \\ -4 & -2 \end{vmatrix} - 2 \begin{vmatrix} 4 & 1 \\ -1 & -2 \end{vmatrix} - 2 \begin{vmatrix} 4 & 0 \\ -1 & -4 \end{vmatrix}
\]

Calculating each \(2 \times 2\) determinant:

\[
\begin{vmatrix} 0 & 1 \\ -4 & -2 \end{vmatrix} = (0)(-2) - (1)(-4) = 4
\]

\[
\begin{vmatrix} 4 & 1 \\ -1 & -2 \end{vmatrix} = (4)(-2) - (1)(-1) = -8 + 1 = -7
\]

\[
\begin{vmatrix} 4 & 0 \\ -1 & -4 \end{vmatrix} = (4)(-4) - (0)(-1) = -16
\]

Substitute back:

\[
\det(M_{11}) = (-3)(4) - 2(-7) - 2(-16) = -12 + 14 + 32 = 34
\]

Thus, \(C_{11} = (-1)^{1+1} \cdot 34 = 34\).

### Step 2: Calculate \(C_{13}\)

The submatrix \(M_{13}\) is obtained by removing the first row and third column:

\[
M_{13} = \begin{bmatrix} 
-4 & -3 & -2 \\ 
-3 & 4 & 1 \\ 
-5 & -1 & -2 
\end{bmatrix}
\]

The determinant of \(M_{13}\) is:

\[
\det(M_{13}) = (-4) \begin{vmatrix} 4 & 1 \\ -1 & -2 \end{vmatrix} + 3 \begin{vmatrix} -3 & 1 \\ -5 & -2 \end{vmatrix} - 2 \begin{vmatrix} -3 & 4 \\ -5 & -1 \end{vmatrix}
\]

Calculating each \(2 \times 2\) determinant:

\[
\begin{vmatrix} 4 & 1 \\ -1 & -2 \end{vmatrix} = -7 \quad \text{(calculated earlier)}
\]

\[
\begin{vmatrix} -3 & 1 \\ -5 & -2 \end{vmatrix} = (-3)(-2) - (1)(-5) = 6 + 5 = 11
\]

\[
\begin{vmatrix} -3 & 4 \\ -5 & -1 \end{vmatrix} = (-3)(-1) - (4)(-5) = 3 + 20 = 23
\]

Substitute back:

\[
\det(M_{13}) = (-4)(-7) + 3(11) - 2(23) = 28 + 33 - 46 = 15
\]

Thus, \(C_{13} = (-1)^{1+3} \cdot 15 = -15\).

### Step 3: Calculate \(C_{14}\)

The submatrix \(M_{14}\) is obtained by removing the first row and fourth column:

\[
M_{14} = \begin{bmatrix} 
-4 & -3 & 2 \\ 
-3 & 4 & 0 \\ 
-5 & -1 & -4 
\end{bmatrix}
\]

The determinant of \(M_{14}\) is:

\[
\det(M_{14}) = (-4) \begin{vmatrix} 4 & 0 \\ -1 & -4 \end{vmatrix} + 3 \begin{vmatrix} -3 & 0 \\ -5 & -4 \end{vmatrix} + 2 \begin{vmatrix} -3 & 4 \\ -5 & -1 \end{vmatrix}
\]

Calculating each \(2 \times 2\) determinant:

\[
\begin{vmatrix} 4 & 0 \\ -1 & -4 \end{vmatrix} = -16 \quad \text{(calculated earlier)}
\]

\[
\begin{vmatrix} -3 & 0 \\ -5 & -4 \end{vmatrix} = (-3)(-4) - (0)(-5) = 12
\]

\[
\begin{vmatrix} -3 & 4 \\ -5 & -1 \end{vmatrix} = 23 \quad \text{(calculated earlier)}
\]

Substitute back:

\[
\det(M_{14}) = (-4)(-16) + 3(12) + 2(23) = 64 + 36 + 46 = 146
\]

Thus, \(C_{14} = (-1)^{1+4} \cdot 146 = 146\).

### Final Calculation

Substitute the cofactors back into the determinant expansion:

\[
\det(A) = 2 \cdot 34 + 3 \cdot (-15) - 2 \cdot 146
\]

\[
= 68 - 45 - 292
\]

\[
= 68 - 337
\]

\[
= -269
\]

Thus, the determinant of matrix \(A\) is \(\boxed{-269}\)."," = (-1)^{1+3} \cdot 15 = [-]15\).

### Step 3: Calcul",468,S1_exact
NC_4x4_det_606,Phi-4,determinant,4,Product_Sign_Error,det,failure,\det(A) = -1180,-,+,4688,"<|im_start|>system<|im_sep|>You are a precise mathematical assistant. Show all computation steps clearly. Always put your final numerical answer inside \boxed{}.<|im_end|><|im_start|>user<|im_sep|>Solve this linear algebra problem. Show your work and give the final answer.

Find the determinant of the 4×4 matrix A.

A = \begin{bmatrix} -2 & -4 & 4 & -4 \\ -1 & 5 & -1 & -3 \\ 0 & 5 & 3 & -4 \\ -5 & 1 & 5 & 5 \end{bmatrix}

<|im_end|><|im_start|>assistant<|im_sep|>To find the determinant of the \(4 \times 4\) matrix \(A\), we can use cofactor expansion along the first row. The matrix \(A\) is:

\[
A = \begin{bmatrix} 
-2 & -4 & 4 & -4 \\ 
-1 & 5 & -1 & -3 \\ 
0 & 5 & 3 & -4 \\ 
-5 & 1 & 5 & 5 
\end{bmatrix}
\]

The determinant of \(A\), denoted as \(\det(A)\), is given by:

\[
\det(A) = \sum_{j=1}^{4} a_{1j} C_{1j}
\]

where \(a_{1j}\) are the elements of the first row, and \(C_{1j}\) are the corresponding cofactors. The cofactor \(C_{1j}\) is calculated as:

\[
C_{1j} = (-1)^{1+j} \det(M_{1j})
\]

where \(M_{1j}\) is the \(3 \times 3\) minor matrix obtained by deleting the first row and \(j\)-th column.

Let's compute each term:

### Term 1: \(a_{11} = -2\)

The minor \(M_{11}\) is:

\[
M_{11} = \begin{bmatrix} 
5 & -1 & -3 \\ 
5 & 3 & -4 \\ 
1 & 5 & 5 
\end{bmatrix}
\]

The determinant of \(M_{11}\) is:

\[
\det(M_{11}) = 5 \begin{vmatrix} 3 & -4 \\ 5 & 5 \end{vmatrix} - (-1) \begin{vmatrix} 5 & -4 \\ 1 & 5 \end{vmatrix} - 3 \begin{vmatrix} 5 & 3 \\ 1 & 5 \end{vmatrix}
\]

Calculating each \(2 \times 2\) determinant:

\[
\begin{vmatrix} 3 & -4 \\ 5 & 5 \end{vmatrix} = (3)(5) - (-4)(5) = 15 + 20 = 35
\]

\[
\begin{vmatrix} 5 & -4 \\ 1 & 5 \end{vmatrix} = (5)(5) - (-4)(1) = 25 + 4 = 29
\]

\[
\begin{vmatrix} 5 & 3 \\ 1 & 5 \end{vmatrix} = (5)(5) - (3)(1) = 25 - 3 = 22
\]

Substituting back:

\[
\det(M_{11}) = 5(35) + 1(29) - 3(22) = 175 + 29 - 66 = 138
\]

Thus, the cofactor \(C_{11}\) is:

\[
C_{11} = (-1)^{1+1} \cdot 138 = 138
\]

Contribution to \(\det(A)\):

\[
a_{11} C_{11} = -2 \cdot 138 = -276
\]

### Term 2: \(a_{12} = -4\)

The minor \(M_{12}\) is:

\[
M_{12} = \begin{bmatrix} 
-1 & -1 & -3 \\ 
0 & 3 & -4 \\ 
-5 & 5 & 5 
\end{bmatrix}
\]

The determinant of \(M_{12}\) is:

\[
\det(M_{12}) = -1 \begin{vmatrix} 3 & -4 \\ 5 & 5 \end{vmatrix} - (-1) \begin{vmatrix} 0 & -4 \\ -5 & 5 \end{vmatrix} - 3 \begin{vmatrix} 0 & 3 \\ -5 & 5 \end{vmatrix}
\]

Calculating each \(2 \times 2\) determinant:

\[
\begin{vmatrix} 3 & -4 \\ 5 & 5 \end{vmatrix} = 35 \quad \text{(already calculated)}
\]

\[
\begin{vmatrix} 0 & -4 \\ -5 & 5 \end{vmatrix} = (0)(5) - (-4)(-5) = 0 - 20 = -20
\]

\[
\begin{vmatrix} 0 & 3 \\ -5 & 5 \end{vmatrix} = (0)(5) - (3)(-5) = 0 + 15 = 15
\]

Substituting back:

\[
\det(M_{12}) = -1(35) + 1(-20) - 3(15) = -35 - 20 - 45 = -100
\]

Thus, the cofactor \(C_{12}\) is:

\[
C_{12} = (-1)^{1+2} \cdot (-100) = 100
\]

Contribution to \(\det(A)\):

\[
a_{12} C_{12} = -4 \cdot 100 = -400
\]

### Term 3: \(a_{13} = 4\)

The minor \(M_{13}\) is:

\[
M_{13} = \begin{bmatrix} 
-1 & 5 & -3 \\ 
0 & 5 & -4 \\ 
-5 & 1 & 5 
\end{bmatrix}
\]

The determinant of \(M_{13}\) is:

\[
\det(M_{13}) = -1 \begin{vmatrix} 5 & -4 \\ 1 & 5 \end{vmatrix} - 5 \begin{vmatrix} 0 & -4 \\ -5 & 5 \end{vmatrix} - 3 \begin{vmatrix} 0 & 5 \\ -5 & 1 \end{vmatrix}
\]

Calculating each \(2 \times 2\) determinant:

\[
\begin{vmatrix} 5 & -4 \\ 1 & 5 \end{vmatrix} = 29 \quad \text{(already calculated)}
\]

\[
\begin{vmatrix} 0 & -4 \\ -5 & 5 \end{vmatrix} = -20 \quad \text{(already calculated)}
\]

\[
\begin{vmatrix} 0 & 5 \\ -5 & 1 \end{vmatrix} = (0)(1) - (5)(-5) = 0 + 25 = 25
\]

Substituting back:

\[
\det(M_{13}) = -1(29) - 5(-20) - 3(25) = -29 + 100 - 75 = -4
\]

Thus, the cofactor \(C_{13}\) is:

\[
C_{13} = (-1)^{1+3} \cdot (-4) = -4
\]

Contribution to \(\det(A)\):

\[
a_{13} C_{13} = 4 \cdot (-4) = -16
\]

### Term 4: \(a_{14} = -4\)

The minor \(M_{14}\) is:

\[
M_{14} = \begin{bmatrix} 
-1 & 5 & -1 \\ 
0 & 5 & 3 \\ 
-5 & 1 & 5 
\end{bmatrix}
\]

The determinant of \(M_{14}\) is:

\[
\det(M_{14}) = -1 \begin{vmatrix} 5 & 3 \\ 1 & 5 \end{vmatrix} - 5 \begin{vmatrix} 0 & 3 \\ -5 & 5 \end{vmatrix} - 1 \begin{vmatrix} 0 & 5 \\ -5 & 1 \end{vmatrix}
\]

Calculating each \(2 \times 2\) determinant:

\[
\begin{vmatrix} 5 & 3 \\ 1 & 5 \end{vmatrix} = 22 \quad \text{(already calculated)}
\]

\[
\begin{vmatrix} 0 & 3 \\ -5 & 5 \end{vmatrix} = 15 \quad \text{(already calculated)}
\]

\[
\begin{vmatrix} 0 & 5 \\ -5 & 1 \end{vmatrix} = 25 \quad \text{(already calculated)}
\]

Substituting back:

\[
\det(M_{14}) = -1(22) - 5(15) - 1(25) = -22 - 75 - 25 = -122
\]

Thus, the cofactor \(C_{14}\) is:

\[
C_{14} = (-1)^{1+4} \cdot (-122) = -122
\]

Contribution to \(\det(A)\):

\[
a_{14} C_{14} = -4 \cdot (-122) = 488
\]

### Final Calculation

Summing all contributions:

\[
\det(A) = -276 - 400 - 16 + 488 = -204
\]

Thus, the determinant of matrix \(A\) is:

\[
\boxed{-204}
\]","To find the determinant of the \(4 \times 4\) matrix \(A\), we can use cofactor expansion along the first row. The matrix \(A\) is:

\[
A = \begin{bmatrix} 
-2 & -4 & 4 & -4 \\ 
-1 & 5 & -1 & -3 \\ 
0 & 5 & 3 & -4 \\ 
-5 & 1 & 5 & 5 
\end{bmatrix}
\]

The determinant of \(A\), denoted as \(\det(A)\), is given by:

\[
\det(A) = \sum_{j=1}^{4} a_{1j} C_{1j}
\]

where \(a_{1j}\) are the elements of the first row, and \(C_{1j}\) are the corresponding cofactors. The cofactor \(C_{1j}\) is calculated as:

\[
C_{1j} = (-1)^{1+j} \det(M_{1j})
\]

where \(M_{1j}\) is the \(3 \times 3\) minor matrix obtained by deleting the first row and \(j\)-th column.

Let's compute each term:

### Term 1: \(a_{11} = -2\)

The minor \(M_{11}\) is:

\[
M_{11} = \begin{bmatrix} 
5 & -1 & -3 \\ 
5 & 3 & -4 \\ 
1 & 5 & 5 
\end{bmatrix}
\]

The determinant of \(M_{11}\) is:

\[
\det(M_{11}) = 5 \begin{vmatrix} 3 & -4 \\ 5 & 5 \end{vmatrix} - (-1) \begin{vmatrix} 5 & -4 \\ 1 & 5 \end{vmatrix} - 3 \begin{vmatrix} 5 & 3 \\ 1 & 5 \end{vmatrix}
\]

Calculating each \(2 \times 2\) determinant:

\[
\begin{vmatrix} 3 & -4 \\ 5 & 5 \end{vmatrix} = (3)(5) - (-4)(5) = 15 + 20 = 35
\]

\[
\begin{vmatrix} 5 & -4 \\ 1 & 5 \end{vmatrix} = (5)(5) - (-4)(1) = 25 + 4 = 29
\]

\[
\begin{vmatrix} 5 & 3 \\ 1 & 5 \end{vmatrix} = (5)(5) - (3)(1) = 25 - 3 = 22
\]

Substituting back:

\[
\det(M_{11}) = 5(35) + 1(29) - 3(22) = 175 + 29 - 66 = 138
\]

Thus, the cofactor \(C_{11}\) is:

\[
C_{11} = (-1)^{1+1} \cdot 138 = 138
\]

Contribution to \(\det(A)\):

\[
a_{11} C_{11} = -2 \cdot 138 = -276
\]

### Term 2: \(a_{12} = -4\)

The minor \(M_{12}\) is:

\[
M_{12} = \begin{bmatrix} 
-1 & -1 & -3 \\ 
0 & 3 & -4 \\ 
-5 & 5 & 5 
\end{bmatrix}
\]

The determinant of \(M_{12}\) is:

\[
\det(M_{12}) = -1 \begin{vmatrix} 3 & -4 \\ 5 & 5 \end{vmatrix} - (-1) \begin{vmatrix} 0 & -4 \\ -5 & 5 \end{vmatrix} - 3 \begin{vmatrix} 0 & 3 \\ -5 & 5 \end{vmatrix}
\]

Calculating each \(2 \times 2\) determinant:

\[
\begin{vmatrix} 3 & -4 \\ 5 & 5 \end{vmatrix} = 35 \quad \text{(already calculated)}
\]

\[
\begin{vmatrix} 0 & -4 \\ -5 & 5 \end{vmatrix} = (0)(5) - (-4)(-5) = 0 - 20 = -20
\]

\[
\begin{vmatrix} 0 & 3 \\ -5 & 5 \end{vmatrix} = (0)(5) - (3)(-5) = 0 + 15 = 15
\]

Substituting back:

\[
\det(M_{12}) = -1(35) + 1(-20) - 3(15) = -35 - 20 - 45 = -100
\]

Thus, the cofactor \(C_{12}\) is:

\[
C_{12} = (-1)^{1+2} \cdot (-100) = 100
\]

Contribution to \(\det(A)\):

\[
a_{12} C_{12} = -4 \cdot 100 = -400
\]

### Term 3: \(a_{13} = 4\)

The minor \(M_{13}\) is:

\[
M_{13} = \begin{bmatrix} 
-1 & 5 & -3 \\ 
0 & 5 & -4 \\ 
-5 & 1 & 5 
\end{bmatrix}
\]

The determinant of \(M_{13}\) is:

\[
\det(M_{13}) = -1 \begin{vmatrix} 5 & -4 \\ 1 & 5 \end{vmatrix} - 5 \begin{vmatrix} 0 & -4 \\ -5 & 5 \end{vmatrix} - 3 \begin{vmatrix} 0 & 5 \\ -5 & 1 \end{vmatrix}
\]

Calculating each \(2 \times 2\) determinant:

\[
\begin{vmatrix} 5 & -4 \\ 1 & 5 \end{vmatrix} = 29 \quad \text{(already calculated)}
\]

\[
\begin{vmatrix} 0 & -4 \\ -5 & 5 \end{vmatrix} = -20 \quad \text{(already calculated)}
\]

\[
\begin{vmatrix} 0 & 5 \\ -5 & 1 \end{vmatrix} = (0)(1) - (5)(-5) = 0 + 25 = 25
\]

Substituting back:

\[
\det(M_{13}) = -1(29) - 5(-20) - 3(25) = -29 + 100 - 75 = -4
\]

Thus, the cofactor \(C_{13}\) is:

\[
C_{13} = (-1)^{1+3} \cdot (-4) = -4
\]

Contribution to \(\det(A)\):

\[
a_{13} C_{13} = 4 \cdot (-4) = -16
\]

### Term 4: \(a_{14} = -4\)

The minor \(M_{14}\) is:

\[
M_{14} = \begin{bmatrix} 
-1 & 5 & -1 \\ 
0 & 5 & 3 \\ 
-5 & 1 & 5 
\end{bmatrix}
\]

The determinant of \(M_{14}\) is:

\[
\det(M_{14}) = -1 \begin{vmatrix} 5 & 3 \\ 1 & 5 \end{vmatrix} - 5 \begin{vmatrix} 0 & 3 \\ -5 & 5 \end{vmatrix} - 1 \begin{vmatrix} 0 & 5 \\ -5 & 1 \end{vmatrix}
\]

Calculating each \(2 \times 2\) determinant:

\[
\begin{vmatrix} 5 & 3 \\ 1 & 5 \end{vmatrix} = 22 \quad \text{(already calculated)}
\]

\[
\begin{vmatrix} 0 & 3 \\ -5 & 5 \end{vmatrix} = 15 \quad \text{(already calculated)}
\]

\[
\begin{vmatrix} 0 & 5 \\ -5 & 1 \end{vmatrix} = 25 \quad \text{(already calculated)}
\]

Substituting back:

\[
\det(M_{14}) = -1(22) - 5(15) - 1(25) = -22 - 75 - 25 = -122
\]

Thus, the cofactor \(C_{14}\) is:

\[
C_{14} = (-1)^{1+4} \cdot (-122) = -122
\]

Contribution to \(\det(A)\):

\[
a_{14} C_{14} = -4 \cdot (-122) = 488
\]

### Final Calculation

Summing all contributions:

\[
\det(A) = -276 - 400 - 16 + 488 = -204
\]

Thus, the determinant of matrix \(A\) is:

\[
\boxed{-204}
\]","-1)^{1+4} \cdot (-122) = [-]122
\]

Contribution to \",467,S1_exact
NC_4x4_det_1477,Phi-4,determinant,4,Cofactor_Neglect,det,failure,\det(A) = -1035,-,+,827,"<|im_start|>system<|im_sep|>You are a precise mathematical assistant. Show all computation steps clearly. Always put your final numerical answer inside \boxed{}.<|im_end|><|im_start|>user<|im_sep|>Solve this linear algebra problem. Show your work and give the final answer.

Find the determinant of the 4×4 matrix A.

A = \begin{bmatrix} -2 & -4 & 0 & 5 \\ -3 & 4 & 3 & 5 \\ 2 & 3 & -1 & 1 \\ -5 & 1 & -5 & 4 \end{bmatrix}

<|im_end|><|im_start|>assistant<|im_sep|>To find the determinant of the \(4 \times 4\) matrix \(A\), we can use cofactor expansion along the first row. The matrix \(A\) is:

\[
A = \begin{bmatrix} 
-2 & -4 & 0 & 5 \\ 
-3 & 4 & 3 & 5 \\ 
2 & 3 & -1 & 1 \\ 
-5 & 1 & -5 & 4 
\end{bmatrix}
\]

The determinant of \(A\), denoted as \(\det(A)\), is calculated as follows:

\[
\det(A) = -2 \cdot \det(A_{11}) - 4 \cdot \det(A_{12}) + 0 \cdot \det(A_{13}) + 5 \cdot \det(A_{14})
\]

where \(A_{ij}\) is the \((i,j)\)-minor of \(A\), obtained by deleting the \(i\)-th row and \(j\)-th column.

### Step 1: Calculate \(\det(A_{11})\)

The minor \(A_{11}\) is:

\[
A_{11} = \begin{bmatrix} 
4 & 3 & 5 \\ 
3 & -1 & 1 \\ 
1 & -5 & 4 
\end{bmatrix}
\]

The determinant of \(A_{11}\) is:

\[
\det(A_{11}) = 4 \begin{vmatrix} -1 & 1 \\ -5 & 4 \end{vmatrix} - 3 \begin{vmatrix} 3 & 1 \\ 1 & 4 \end{vmatrix} + 5 \begin{vmatrix} 3 & -1 \\ 1 & -5 \end{vmatrix}
\]

Calculating each \(2 \times 2\) determinant:

\[
\begin{vmatrix} -1 & 1 \\ -5 & 4 \end{vmatrix} = (-1)(4) - (1)(-5) = -4 + 5 = 1
\]

\[
\begin{vmatrix} 3 & 1 \\ 1 & 4 \end{vmatrix} = (3)(4) - (1)(1) = 12 - 1 = 11
\]

\[
\begin{vmatrix} 3 & -1 \\ 1 & -5 \end{vmatrix} = (3)(-5) - (-1)(1) = -15 + 1 = -14
\]

Substitute back:

\[
\det(A_{11}) = 4(1) - 3(11) + 5(-14) = 4 - 33 - 70 = -99
\]

### Step 2: Calculate \(\det(A_{12})\)

The minor \(A_{12}\) is:

\[
A_{12} = \begin{bmatrix} 
-3 & 3 & 5 \\ 
2 & -1 & 1 \\ 
-5 & -5 & 4 
\end{bmatrix}
\]

The determinant of \(A_{12}\) is:

\[
\det(A_{12}) = -3 \begin{vmatrix} -1 & 1 \\ -5 & 4 \end{vmatrix} - 3 \begin{vmatrix} 2 & 1 \\ -5 & 4 \end{vmatrix} + 5 \begin{vmatrix} 2 & -1 \\ -5 & -5 \end{vmatrix}
\]

Calculating each \(2 \times 2\) determinant:

\[
\begin{vmatrix} -1 & 1 \\ -5 & 4 \end{vmatrix} = 1 \quad \text{(already calculated)}
\]

\[
\begin{vmatrix} 2 & 1 \\ -5 & 4 \end{vmatrix} = (2)(4) - (1)(-5) = 8 + 5 = 13
\]

\[
\begin{vmatrix} 2 & -1 \\ -5 & -5 \end{vmatrix} = (2)(-5) - (-1)(-5) = -10 - 5 = -15
\]

Substitute back:

\[
\det(A_{12}) = -3(1) - 3(13) + 5(-15) = -3 - 39 - 75 = -117
\]

### Step 3: Calculate \(\det(A_{14})\)

The minor \(A_{14}\) is:

\[
A_{14} = \begin{bmatrix} 
-3 & 4 & 3 \\ 
2 & 3 & -1 \\ 
-5 & 1 & -5 
\end{bmatrix}
\]

The determinant of \(A_{14}\) is:

\[
\det(A_{14}) = -3 \begin{vmatrix} 3 & -1 \\ 1 & -5 \end{vmatrix} - 4 \begin{vmatrix} 2 & -1 \\ -5 & -5 \end{vmatrix} + 3 \begin{vmatrix} 2 & 3 \\ -5 & 1 \end{vmatrix}
\]

Calculating each \(2 \times 2\) determinant:

\[
\begin{vmatrix} 3 & -1 \\ 1 & -5 \end{vmatrix} = -14 \quad \text{(already calculated)}
\]

\[
\begin{vmatrix} 2 & -1 \\ -5 & -5 \end{vmatrix} = -15 \quad \text{(already calculated)}
\]

\[
\begin{vmatrix} 2 & 3 \\ -5 & 1 \end{vmatrix} = (2)(1) - (3)(-5) = 2 + 15 = 17
\]

Substitute back:

\[
\det(A_{14}) = -3(-14) - 4(-15) + 3(17) = 42 + 60 + 51 = 153
\]

### Final Calculation

Substitute the determinants of the minors back into the expression for \(\det(A)\):

\[
\det(A) = -2(-99) - 4(-117) + 5(153)
\]

Calculate each term:

\[
-2(-99) = 198
\]

\[
-4(-117) = 468
\]

\[
5(153) = 765
\]

Add them together:

\[
\det(A) = 198 + 468 + 765 = 1431
\]

Thus, the determinant of the matrix \(A\) is \(\boxed{1431}\).","To find the determinant of the \(4 \times 4\) matrix \(A\), we can use cofactor expansion along the first row. The matrix \(A\) is:

\[
A = \begin{bmatrix} 
-2 & -4 & 0 & 5 \\ 
-3 & 4 & 3 & 5 \\ 
2 & 3 & -1 & 1 \\ 
-5 & 1 & -5 & 4 
\end{bmatrix}
\]

The determinant of \(A\), denoted as \(\det(A)\), is calculated as follows:

\[
\det(A) = -2 \cdot \det(A_{11}) - 4 \cdot \det(A_{12}) + 0 \cdot \det(A_{13}) + 5 \cdot \det(A_{14})
\]

where \(A_{ij}\) is the \((i,j)\)-minor of \(A\), obtained by deleting the \(i\)-th row and \(j\)-th column.

### Step 1: Calculate \(\det(A_{11})\)

The minor \(A_{11}\) is:

\[
A_{11} = \begin{bmatrix} 
4 & 3 & 5 \\ 
3 & -1 & 1 \\ 
1 & -5 & 4 
\end{bmatrix}
\]

The determinant of \(A_{11}\) is:

\[
\det(A_{11}) = 4 \begin{vmatrix} -1 & 1 \\ -5 & 4 \end{vmatrix} - 3 \begin{vmatrix} 3 & 1 \\ 1 & 4 \end{vmatrix} + 5 \begin{vmatrix} 3 & -1 \\ 1 & -5 \end{vmatrix}
\]

Calculating each \(2 \times 2\) determinant:

\[
\begin{vmatrix} -1 & 1 \\ -5 & 4 \end{vmatrix} = (-1)(4) - (1)(-5) = -4 + 5 = 1
\]

\[
\begin{vmatrix} 3 & 1 \\ 1 & 4 \end{vmatrix} = (3)(4) - (1)(1) = 12 - 1 = 11
\]

\[
\begin{vmatrix} 3 & -1 \\ 1 & -5 \end{vmatrix} = (3)(-5) - (-1)(1) = -15 + 1 = -14
\]

Substitute back:

\[
\det(A_{11}) = 4(1) - 3(11) + 5(-14) = 4 - 33 - 70 = -99
\]

### Step 2: Calculate \(\det(A_{12})\)

The minor \(A_{12}\) is:

\[
A_{12} = \begin{bmatrix} 
-3 & 3 & 5 \\ 
2 & -1 & 1 \\ 
-5 & -5 & 4 
\end{bmatrix}
\]

The determinant of \(A_{12}\) is:

\[
\det(A_{12}) = -3 \begin{vmatrix} -1 & 1 \\ -5 & 4 \end{vmatrix} - 3 \begin{vmatrix} 2 & 1 \\ -5 & 4 \end{vmatrix} + 5 \begin{vmatrix} 2 & -1 \\ -5 & -5 \end{vmatrix}
\]

Calculating each \(2 \times 2\) determinant:

\[
\begin{vmatrix} -1 & 1 \\ -5 & 4 \end{vmatrix} = 1 \quad \text{(already calculated)}
\]

\[
\begin{vmatrix} 2 & 1 \\ -5 & 4 \end{vmatrix} = (2)(4) - (1)(-5) = 8 + 5 = 13
\]

\[
\begin{vmatrix} 2 & -1 \\ -5 & -5 \end{vmatrix} = (2)(-5) - (-1)(-5) = -10 - 5 = -15
\]

Substitute back:

\[
\det(A_{12}) = -3(1) - 3(13) + 5(-15) = -3 - 39 - 75 = -117
\]

### Step 3: Calculate \(\det(A_{14})\)

The minor \(A_{14}\) is:

\[
A_{14} = \begin{bmatrix} 
-3 & 4 & 3 \\ 
2 & 3 & -1 \\ 
-5 & 1 & -5 
\end{bmatrix}
\]

The determinant of \(A_{14}\) is:

\[
\det(A_{14}) = -3 \begin{vmatrix} 3 & -1 \\ 1 & -5 \end{vmatrix} - 4 \begin{vmatrix} 2 & -1 \\ -5 & -5 \end{vmatrix} + 3 \begin{vmatrix} 2 & 3 \\ -5 & 1 \end{vmatrix}
\]

Calculating each \(2 \times 2\) determinant:

\[
\begin{vmatrix} 3 & -1 \\ 1 & -5 \end{vmatrix} = -14 \quad \text{(already calculated)}
\]

\[
\begin{vmatrix} 2 & -1 \\ -5 & -5 \end{vmatrix} = -15 \quad \text{(already calculated)}
\]

\[
\begin{vmatrix} 2 & 3 \\ -5 & 1 \end{vmatrix} = (2)(1) - (3)(-5) = 2 + 15 = 17
\]

Substitute back:

\[
\det(A_{14}) = -3(-14) - 4(-15) + 3(17) = 42 + 60 + 51 = 153
\]

### Final Calculation

Substitute the determinants of the minors back into the expression for \(\det(A)\):

\[
\det(A) = -2(-99) - 4(-117) + 5(153)
\]

Calculate each term:

\[
-2(-99) = 198
\]

\[
-4(-117) = 468
\]

\[
5(153) = 765
\]

Add them together:

\[
\det(A) = 198 + 468 + 765 = 1431
\]

Thus, the determinant of the matrix \(A\) is \(\boxed{1431}\).", = -2 \cdot \det(A_{11}) [-] 4 \cdot \det(A_{12}) + 0,465,S1_exact
NC_4x4_det_242,Phi-4,determinant,4,Parity_Sign_Error,det,failure,\det(A) = 290,-,+,2838,"<|im_start|>system<|im_sep|>You are a precise mathematical assistant. Show all computation steps clearly. Always put your final numerical answer inside \boxed{}.<|im_end|><|im_start|>user<|im_sep|>Solve this linear algebra problem. Show your work and give the final answer.

Find the determinant of the 4×4 matrix A.

A = \begin{bmatrix} -2 & 0 & 2 & 2 \\ -4 & 0 & 3 & 1 \\ -5 & -2 & -5 & 4 \\ 1 & 5 & 0 & 2 \end{bmatrix}

<|im_end|><|im_start|>assistant<|im_sep|>To find the determinant of the \(4 \times 4\) matrix \( A \), we can use cofactor expansion along the first row. The matrix \( A \) is given by:

\[
A = \begin{bmatrix} 
-2 & 0 & 2 & 2 \\ 
-4 & 0 & 3 & 1 \\ 
-5 & -2 & -5 & 4 \\ 
1 & 5 & 0 & 2 
\end{bmatrix}
\]

The determinant of \( A \), denoted as \(\det(A)\), can be expanded along the first row:

\[
\det(A) = (-2) \cdot C_{11} + 0 \cdot C_{12} + 2 \cdot C_{13} + 2 \cdot C_{14}
\]

where \( C_{ij} \) is the cofactor of the element in the \(i\)-th row and \(j\)-th column. The cofactor \( C_{ij} \) is given by:

\[
C_{ij} = (-1)^{i+j} \det(M_{ij})
\]

where \( M_{ij} \) is the \((n-1) \times (n-1)\) submatrix obtained by deleting the \(i\)-th row and \(j\)-th column from \( A \).

### Step 1: Calculate \( C_{11} \)

The submatrix \( M_{11} \) is obtained by deleting the first row and first column:

\[
M_{11} = \begin{bmatrix} 
0 & 3 & 1 \\ 
-2 & -5 & 4 \\ 
5 & 0 & 2 
\end{bmatrix}
\]

The determinant of \( M_{11} \) is:

\[
\det(M_{11}) = 0 \cdot \det\begin{bmatrix} -5 & 4 \\ 0 & 2 \end{bmatrix} - 3 \cdot \det\begin{bmatrix} -2 & 4 \\ 5 & 2 \end{bmatrix} + 1 \cdot \det\begin{bmatrix} -2 & -5 \\ 5 & 0 \end{bmatrix}
\]

Calculating each \(2 \times 2\) determinant:

\[
\det\begin{bmatrix} -5 & 4 \\ 0 & 2 \end{bmatrix} = (-5)(2) - (4)(0) = -10
\]

\[
\det\begin{bmatrix} -2 & 4 \\ 5 & 2 \end{bmatrix} = (-2)(2) - (4)(5) = -4 - 20 = -24
\]

\[
\det\begin{bmatrix} -2 & -5 \\ 5 & 0 \end{bmatrix} = (-2)(0) - (-5)(5) = 25
\]

Substituting back:

\[
\det(M_{11}) = 0 - 3(-24) + 1(25) = 72 + 25 = 97
\]

Thus, \( C_{11} = (-1)^{1+1} \cdot 97 = 97 \).

### Step 2: Calculate \( C_{13} \)

The submatrix \( M_{13} \) is obtained by deleting the first row and third column:

\[
M_{13} = \begin{bmatrix} 
-4 & 0 & 1 \\ 
-5 & -2 & 4 \\ 
1 & 5 & 2 
\end{bmatrix}
\]

The determinant of \( M_{13} \) is:

\[
\det(M_{13}) = -4 \cdot \det\begin{bmatrix} -2 & 4 \\ 5 & 2 \end{bmatrix} - 0 \cdot \det\begin{bmatrix} -5 & 4 \\ 1 & 2 \end{bmatrix} + 1 \cdot \det\begin{bmatrix} -5 & -2 \\ 1 & 5 \end{bmatrix}
\]

We already calculated \(\det\begin{bmatrix} -2 & 4 \\ 5 & 2 \end{bmatrix} = -24\).

Now calculate:

\[
\det\begin{bmatrix} -5 & -2 \\ 1 & 5 \end{bmatrix} = (-5)(5) - (-2)(1) = -25 + 2 = -23
\]

Substituting back:

\[
\det(M_{13}) = -4(-24) + 0 + 1(-23) = 96 - 23 = 73
\]

Thus, \( C_{13} = (-1)^{1+3} \cdot 73 = -73 \).

### Step 3: Calculate \( C_{14} \)

The submatrix \( M_{14} \) is obtained by deleting the first row and fourth column:

\[
M_{14} = \begin{bmatrix} 
-4 & 0 & 3 \\ 
-5 & -2 & -5 \\ 
1 & 5 & 0 
\end{bmatrix}
\]

The determinant of \( M_{14} \) is:

\[
\det(M_{14}) = -4 \cdot \det\begin{bmatrix} -2 & -5 \\ 5 & 0 \end{bmatrix} - 0 \cdot \det\begin{bmatrix} -5 & -5 \\ 1 & 0 \end{bmatrix} + 3 \cdot \det\begin{bmatrix} -5 & -2 \\ 1 & 5 \end{bmatrix}
\]

We already calculated \(\det\begin{bmatrix} -2 & -5 \\ 5 & 0 \end{bmatrix} = 25\) and \(\det\begin{bmatrix} -5 & -2 \\ 1 & 5 \end{bmatrix} = -23\).

Substituting back:

\[
\det(M_{14}) = -4(25) + 0 + 3(-23) = -100 - 69 = -169
\]

Thus, \( C_{14} = (-1)^{1+4} \cdot (-169) = -169 \).

### Final Calculation

Substitute the cofactors back into the determinant expansion:

\[
\det(A) = (-2)(97) + 0 + 2(-73) + 2(-169)
\]

Calculate each term:

\[
(-2)(97) = -194
\]

\[
2(-73) = -146
\]

\[
2(-169) = -338
\]

Add them together:

\[
\det(A) = -194 + 0 - 146 - 338 = -678
\]

Thus, the determinant of matrix \( A \) is \(\boxed{-678}\).","To find the determinant of the \(4 \times 4\) matrix \( A \), we can use cofactor expansion along the first row. The matrix \( A \) is given by:

\[
A = \begin{bmatrix} 
-2 & 0 & 2 & 2 \\ 
-4 & 0 & 3 & 1 \\ 
-5 & -2 & -5 & 4 \\ 
1 & 5 & 0 & 2 
\end{bmatrix}
\]

The determinant of \( A \), denoted as \(\det(A)\), can be expanded along the first row:

\[
\det(A) = (-2) \cdot C_{11} + 0 \cdot C_{12} + 2 \cdot C_{13} + 2 \cdot C_{14}
\]

where \( C_{ij} \) is the cofactor of the element in the \(i\)-th row and \(j\)-th column. The cofactor \( C_{ij} \) is given by:

\[
C_{ij} = (-1)^{i+j} \det(M_{ij})
\]

where \( M_{ij} \) is the \((n-1) \times (n-1)\) submatrix obtained by deleting the \(i\)-th row and \(j\)-th column from \( A \).

### Step 1: Calculate \( C_{11} \)

The submatrix \( M_{11} \) is obtained by deleting the first row and first column:

\[
M_{11} = \begin{bmatrix} 
0 & 3 & 1 \\ 
-2 & -5 & 4 \\ 
5 & 0 & 2 
\end{bmatrix}
\]

The determinant of \( M_{11} \) is:

\[
\det(M_{11}) = 0 \cdot \det\begin{bmatrix} -5 & 4 \\ 0 & 2 \end{bmatrix} - 3 \cdot \det\begin{bmatrix} -2 & 4 \\ 5 & 2 \end{bmatrix} + 1 \cdot \det\begin{bmatrix} -2 & -5 \\ 5 & 0 \end{bmatrix}
\]

Calculating each \(2 \times 2\) determinant:

\[
\det\begin{bmatrix} -5 & 4 \\ 0 & 2 \end{bmatrix} = (-5)(2) - (4)(0) = -10
\]

\[
\det\begin{bmatrix} -2 & 4 \\ 5 & 2 \end{bmatrix} = (-2)(2) - (4)(5) = -4 - 20 = -24
\]

\[
\det\begin{bmatrix} -2 & -5 \\ 5 & 0 \end{bmatrix} = (-2)(0) - (-5)(5) = 25
\]

Substituting back:

\[
\det(M_{11}) = 0 - 3(-24) + 1(25) = 72 + 25 = 97
\]

Thus, \( C_{11} = (-1)^{1+1} \cdot 97 = 97 \).

### Step 2: Calculate \( C_{13} \)

The submatrix \( M_{13} \) is obtained by deleting the first row and third column:

\[
M_{13} = \begin{bmatrix} 
-4 & 0 & 1 \\ 
-5 & -2 & 4 \\ 
1 & 5 & 2 
\end{bmatrix}
\]

The determinant of \( M_{13} \) is:

\[
\det(M_{13}) = -4 \cdot \det\begin{bmatrix} -2 & 4 \\ 5 & 2 \end{bmatrix} - 0 \cdot \det\begin{bmatrix} -5 & 4 \\ 1 & 2 \end{bmatrix} + 1 \cdot \det\begin{bmatrix} -5 & -2 \\ 1 & 5 \end{bmatrix}
\]

We already calculated \(\det\begin{bmatrix} -2 & 4 \\ 5 & 2 \end{bmatrix} = -24\).

Now calculate:

\[
\det\begin{bmatrix} -5 & -2 \\ 1 & 5 \end{bmatrix} = (-5)(5) - (-2)(1) = -25 + 2 = -23
\]

Substituting back:

\[
\det(M_{13}) = -4(-24) + 0 + 1(-23) = 96 - 23 = 73
\]

Thus, \( C_{13} = (-1)^{1+3} \cdot 73 = -73 \).

### Step 3: Calculate \( C_{14} \)

The submatrix \( M_{14} \) is obtained by deleting the first row and fourth column:

\[
M_{14} = \begin{bmatrix} 
-4 & 0 & 3 \\ 
-5 & -2 & -5 \\ 
1 & 5 & 0 
\end{bmatrix}
\]

The determinant of \( M_{14} \) is:

\[
\det(M_{14}) = -4 \cdot \det\begin{bmatrix} -2 & -5 \\ 5 & 0 \end{bmatrix} - 0 \cdot \det\begin{bmatrix} -5 & -5 \\ 1 & 0 \end{bmatrix} + 3 \cdot \det\begin{bmatrix} -5 & -2 \\ 1 & 5 \end{bmatrix}
\]

We already calculated \(\det\begin{bmatrix} -2 & -5 \\ 5 & 0 \end{bmatrix} = 25\) and \(\det\begin{bmatrix} -5 & -2 \\ 1 & 5 \end{bmatrix} = -23\).

Substituting back:

\[
\det(M_{14}) = -4(25) + 0 + 3(-23) = -100 - 69 = -169
\]

Thus, \( C_{14} = (-1)^{1+4} \cdot (-169) = -169 \).

### Final Calculation

Substitute the cofactors back into the determinant expansion:

\[
\det(A) = (-2)(97) + 0 + 2(-73) + 2(-169)
\]

Calculate each term:

\[
(-2)(97) = -194
\]

\[
2(-73) = -146
\]

\[
2(-169) = -338
\]

Add them together:

\[
\det(A) = -194 + 0 - 146 - 338 = -678
\]

Thus, the determinant of matrix \( A \) is \(\boxed{-678}\)."," = (-1)^{1+3} \cdot 73 = [-]73 \).

### Step 3: Calcu",464,S1_exact
NC_4x4_det_1050,Phi-4,determinant,4,Alternating_Drift,det,failure,\det(A) = 224,-,+,3251,"<|im_start|>system<|im_sep|>You are a precise mathematical assistant. Show all computation steps clearly. Always put your final numerical answer inside \boxed{}.<|im_end|><|im_start|>user<|im_sep|>Solve this linear algebra problem. Show your work and give the final answer.

Find the determinant of the 4×4 matrix A.

A = \begin{bmatrix} -1 & 2 & -5 & 1 \\ 3 & 0 & 0 & -4 \\ 4 & 0 & 4 & 4 \\ -4 & -1 & 2 & -5 \end{bmatrix}

<|im_end|><|im_start|>assistant<|im_sep|>To find the determinant of the \(4 \times 4\) matrix \( A \), we can use cofactor expansion along the first row. The matrix \( A \) is given by:

\[
A = \begin{bmatrix} 
-1 & 2 & -5 & 1 \\ 
3 & 0 & 0 & -4 \\ 
4 & 0 & 4 & 4 \\ 
-4 & -1 & 2 & -5 
\end{bmatrix}
\]

The determinant of \( A \), denoted as \(\det(A)\), can be expanded along the first row:

\[
\det(A) = (-1) \cdot C_{11} + 2 \cdot C_{12} + (-5) \cdot C_{13} + 1 \cdot C_{14}
\]

where \( C_{ij} \) is the cofactor of the element \( a_{ij} \), defined as:

\[
C_{ij} = (-1)^{i+j} \det(M_{ij})
\]

and \( M_{ij} \) is the \((n-1) \times (n-1)\) submatrix obtained by deleting the \(i\)-th row and \(j\)-th column from \( A \).

### Step 1: Calculate \( C_{11} \)

The submatrix \( M_{11} \) is:

\[
M_{11} = \begin{bmatrix} 
0 & 0 & -4 \\ 
0 & 4 & 4 \\ 
-1 & 2 & -5 
\end{bmatrix}
\]

The determinant of \( M_{11} \) is:

\[
\det(M_{11}) = 0 \cdot \det\begin{bmatrix} 4 & 4 \\ 2 & -5 \end{bmatrix} - 0 \cdot \det\begin{bmatrix} 0 & 4 \\ -1 & -5 \end{bmatrix} + (-4) \cdot \det\begin{bmatrix} 0 & 4 \\ -1 & 2 \end{bmatrix}
\]

Calculating the \(2 \times 2\) determinant:

\[
\det\begin{bmatrix} 0 & 4 \\ -1 & 2 \end{bmatrix} = (0)(2) - (4)(-1) = 4
\]

Thus:

\[
\det(M_{11}) = -4 \cdot 4 = -16
\]

So, \( C_{11} = (-1)^{1+1} \cdot (-16) = -16 \).

### Step 2: Calculate \( C_{12} \)

The submatrix \( M_{12} \) is:

\[
M_{12} = \begin{bmatrix} 
3 & 0 & -4 \\ 
4 & 4 & 4 \\ 
-4 & 2 & -5 
\end{bmatrix}
\]

The determinant of \( M_{12} \) is:

\[
\det(M_{12}) = 3 \cdot \det\begin{bmatrix} 4 & 4 \\ 2 & -5 \end{bmatrix} - 0 \cdot \det\begin{bmatrix} 4 & 4 \\ -4 & -5 \end{bmatrix} + (-4) \cdot \det\begin{bmatrix} 4 & 4 \\ -4 & 2 \end{bmatrix}
\]

Calculating the \(2 \times 2\) determinants:

\[
\det\begin{bmatrix} 4 & 4 \\ 2 & -5 \end{bmatrix} = (4)(-5) - (4)(2) = -20 - 8 = -28
\]

\[
\det\begin{bmatrix} 4 & 4 \\ -4 & 2 \end{bmatrix} = (4)(2) - (4)(-4) = 8 + 16 = 24
\]

Thus:

\[
\det(M_{12}) = 3 \cdot (-28) + 0 - 4 \cdot 24 = -84 - 96 = -180
\]

So, \( C_{12} = (-1)^{1+2} \cdot (-180) = 180 \).

### Step 3: Calculate \( C_{13} \)

The submatrix \( M_{13} \) is:

\[
M_{13} = \begin{bmatrix} 
3 & 0 & -4 \\ 
4 & 0 & 4 \\ 
-4 & -1 & -5 
\end{bmatrix}
\]

The determinant of \( M_{13} \) is:

\[
\det(M_{13}) = 3 \cdot \det\begin{bmatrix} 0 & 4 \\ -1 & -5 \end{bmatrix} - 0 \cdot \det\begin{bmatrix} 4 & 4 \\ -4 & -5 \end{bmatrix} + (-4) \cdot \det\begin{bmatrix} 4 & 0 \\ -4 & -1 \end{bmatrix}
\]

Calculating the \(2 \times 2\) determinants:

\[
\det\begin{bmatrix} 0 & 4 \\ -1 & -5 \end{bmatrix} = (0)(-5) - (4)(-1) = 4
\]

\[
\det\begin{bmatrix} 4 & 0 \\ -4 & -1 \end{bmatrix} = (4)(-1) - (0)(-4) = -4
\]

Thus:

\[
\det(M_{13}) = 3 \cdot 4 + 0 - 4 \cdot (-4) = 12 + 16 = 28
\]

So, \( C_{13} = (-1)^{1+3} \cdot 28 = -28 \).

### Step 4: Calculate \( C_{14} \)

The submatrix \( M_{14} \) is:

\[
M_{14} = \begin{bmatrix} 
3 & 0 & 0 \\ 
4 & 0 & 4 \\ 
-4 & -1 & 2 
\end{bmatrix}
\]

The determinant of \( M_{14} \) is:

\[
\det(M_{14}) = 3 \cdot \det\begin{bmatrix} 0 & 4 \\ -1 & 2 \end{bmatrix} - 0 \cdot \det\begin{bmatrix} 4 & 4 \\ -4 & 2 \end{bmatrix} + 0 \cdot \det\begin{bmatrix} 4 & 0 \\ -4 & -1 \end{bmatrix}
\]

Calculating the \(2 \times 2\) determinant:

\[
\det\begin{bmatrix} 0 & 4 \\ -1 & 2 \end{bmatrix} = (0)(2) - (4)(-1) = 4
\]

Thus:

\[
\det(M_{14}) = 3 \cdot 4 + 0 + 0 = 12
\]

So, \( C_{14} = (-1)^{1+4} \cdot 12 = 12 \).

### Final Calculation

Substitute the cofactors back into the determinant expansion:

\[
\det(A) = (-1)(-16) + 2(180) + (-5)(-28) + 1(12)
\]

\[
= 16 + 360 + 140 + 12
\]

\[
= 528
\]

Thus, the determinant of matrix \( A \) is \(\boxed{528}\).","To find the determinant of the \(4 \times 4\) matrix \( A \), we can use cofactor expansion along the first row. The matrix \( A \) is given by:

\[
A = \begin{bmatrix} 
-1 & 2 & -5 & 1 \\ 
3 & 0 & 0 & -4 \\ 
4 & 0 & 4 & 4 \\ 
-4 & -1 & 2 & -5 
\end{bmatrix}
\]

The determinant of \( A \), denoted as \(\det(A)\), can be expanded along the first row:

\[
\det(A) = (-1) \cdot C_{11} + 2 \cdot C_{12} + (-5) \cdot C_{13} + 1 \cdot C_{14}
\]

where \( C_{ij} \) is the cofactor of the element \( a_{ij} \), defined as:

\[
C_{ij} = (-1)^{i+j} \det(M_{ij})
\]

and \( M_{ij} \) is the \((n-1) \times (n-1)\) submatrix obtained by deleting the \(i\)-th row and \(j\)-th column from \( A \).

### Step 1: Calculate \( C_{11} \)

The submatrix \( M_{11} \) is:

\[
M_{11} = \begin{bmatrix} 
0 & 0 & -4 \\ 
0 & 4 & 4 \\ 
-1 & 2 & -5 
\end{bmatrix}
\]

The determinant of \( M_{11} \) is:

\[
\det(M_{11}) = 0 \cdot \det\begin{bmatrix} 4 & 4 \\ 2 & -5 \end{bmatrix} - 0 \cdot \det\begin{bmatrix} 0 & 4 \\ -1 & -5 \end{bmatrix} + (-4) \cdot \det\begin{bmatrix} 0 & 4 \\ -1 & 2 \end{bmatrix}
\]

Calculating the \(2 \times 2\) determinant:

\[
\det\begin{bmatrix} 0 & 4 \\ -1 & 2 \end{bmatrix} = (0)(2) - (4)(-1) = 4
\]

Thus:

\[
\det(M_{11}) = -4 \cdot 4 = -16
\]

So, \( C_{11} = (-1)^{1+1} \cdot (-16) = -16 \).

### Step 2: Calculate \( C_{12} \)

The submatrix \( M_{12} \) is:

\[
M_{12} = \begin{bmatrix} 
3 & 0 & -4 \\ 
4 & 4 & 4 \\ 
-4 & 2 & -5 
\end{bmatrix}
\]

The determinant of \( M_{12} \) is:

\[
\det(M_{12}) = 3 \cdot \det\begin{bmatrix} 4 & 4 \\ 2 & -5 \end{bmatrix} - 0 \cdot \det\begin{bmatrix} 4 & 4 \\ -4 & -5 \end{bmatrix} + (-4) \cdot \det\begin{bmatrix} 4 & 4 \\ -4 & 2 \end{bmatrix}
\]

Calculating the \(2 \times 2\) determinants:

\[
\det\begin{bmatrix} 4 & 4 \\ 2 & -5 \end{bmatrix} = (4)(-5) - (4)(2) = -20 - 8 = -28
\]

\[
\det\begin{bmatrix} 4 & 4 \\ -4 & 2 \end{bmatrix} = (4)(2) - (4)(-4) = 8 + 16 = 24
\]

Thus:

\[
\det(M_{12}) = 3 \cdot (-28) + 0 - 4 \cdot 24 = -84 - 96 = -180
\]

So, \( C_{12} = (-1)^{1+2} \cdot (-180) = 180 \).

### Step 3: Calculate \( C_{13} \)

The submatrix \( M_{13} \) is:

\[
M_{13} = \begin{bmatrix} 
3 & 0 & -4 \\ 
4 & 0 & 4 \\ 
-4 & -1 & -5 
\end{bmatrix}
\]

The determinant of \( M_{13} \) is:

\[
\det(M_{13}) = 3 \cdot \det\begin{bmatrix} 0 & 4 \\ -1 & -5 \end{bmatrix} - 0 \cdot \det\begin{bmatrix} 4 & 4 \\ -4 & -5 \end{bmatrix} + (-4) \cdot \det\begin{bmatrix} 4 & 0 \\ -4 & -1 \end{bmatrix}
\]

Calculating the \(2 \times 2\) determinants:

\[
\det\begin{bmatrix} 0 & 4 \\ -1 & -5 \end{bmatrix} = (0)(-5) - (4)(-1) = 4
\]

\[
\det\begin{bmatrix} 4 & 0 \\ -4 & -1 \end{bmatrix} = (4)(-1) - (0)(-4) = -4
\]

Thus:

\[
\det(M_{13}) = 3 \cdot 4 + 0 - 4 \cdot (-4) = 12 + 16 = 28
\]

So, \( C_{13} = (-1)^{1+3} \cdot 28 = -28 \).

### Step 4: Calculate \( C_{14} \)

The submatrix \( M_{14} \) is:

\[
M_{14} = \begin{bmatrix} 
3 & 0 & 0 \\ 
4 & 0 & 4 \\ 
-4 & -1 & 2 
\end{bmatrix}
\]

The determinant of \( M_{14} \) is:

\[
\det(M_{14}) = 3 \cdot \det\begin{bmatrix} 0 & 4 \\ -1 & 2 \end{bmatrix} - 0 \cdot \det\begin{bmatrix} 4 & 4 \\ -4 & 2 \end{bmatrix} + 0 \cdot \det\begin{bmatrix} 4 & 0 \\ -4 & -1 \end{bmatrix}
\]

Calculating the \(2 \times 2\) determinant:

\[
\det\begin{bmatrix} 0 & 4 \\ -1 & 2 \end{bmatrix} = (0)(2) - (4)(-1) = 4
\]

Thus:

\[
\det(M_{14}) = 3 \cdot 4 + 0 + 0 = 12
\]

So, \( C_{14} = (-1)^{1+4} \cdot 12 = 12 \).

### Final Calculation

Substitute the cofactors back into the determinant expansion:

\[
\det(A) = (-1)(-16) + 2(180) + (-5)(-28) + 1(12)
\]

\[
= 16 + 360 + 140 + 12
\]

\[
= 528
\]

Thus, the determinant of matrix \( A \) is \(\boxed{528}\)."," = (-1)^{1+3} \cdot 28 = [-]28 \).

### Step 4: Calcu",465,S1_exact
NC_4x4_det_285,Phi-4,determinant,4,Alternating_Drift,det,failure,\det(A) = 850,-,+,3833,"<|im_start|>system<|im_sep|>You are a precise mathematical assistant. Show all computation steps clearly. Always put your final numerical answer inside \boxed{}.<|im_end|><|im_start|>user<|im_sep|>Solve this linear algebra problem. Show your work and give the final answer.

Find the determinant of the 4×4 matrix A.

A = \begin{bmatrix} 0 & -2 & -4 & 1 \\ 5 & -1 & -4 & -3 \\ -2 & -4 & 5 & -2 \\ 4 & 4 & 0 & 5 \end{bmatrix}

<|im_end|><|im_start|>assistant<|im_sep|>To find the determinant of the \(4 \times 4\) matrix \(A\), we will use cofactor expansion along the first row. The matrix \(A\) is given by:

\[
A = \begin{bmatrix} 
0 & -2 & -4 & 1 \\ 
5 & -1 & -4 & -3 \\ 
-2 & -4 & 5 & -2 \\ 
4 & 4 & 0 & 5 
\end{bmatrix}
\]

The determinant of \(A\), denoted as \(\det(A)\), can be expanded along the first row:

\[
\det(A) = 0 \cdot C_{11} - 2 \cdot C_{12} - 4 \cdot C_{13} + 1 \cdot C_{14}
\]

where \(C_{ij}\) is the cofactor of the element \(a_{ij}\). The cofactor \(C_{ij}\) is given by:

\[
C_{ij} = (-1)^{i+j} \det(M_{ij})
\]

where \(M_{ij}\) is the \((n-1) \times (n-1)\) submatrix obtained by deleting the \(i\)-th row and \(j\)-th column from \(A\).

### Step 1: Calculate \(C_{12}\)

The submatrix \(M_{12}\) is obtained by deleting the first row and second column:

\[
M_{12} = \begin{bmatrix} 
5 & -4 & -3 \\ 
-2 & 5 & -2 \\ 
4 & 0 & 5 
\end{bmatrix}
\]

The determinant of \(M_{12}\) is:

\[
\det(M_{12}) = 5 \begin{vmatrix} 5 & -2 \\ 0 & 5 \end{vmatrix} - (-4) \begin{vmatrix} -2 & -2 \\ 4 & 5 \end{vmatrix} - 3 \begin{vmatrix} -2 & 5 \\ 4 & 0 \end{vmatrix}
\]

Calculating each \(2 \times 2\) determinant:

\[
\begin{vmatrix} 5 & -2 \\ 0 & 5 \end{vmatrix} = (5)(5) - (-2)(0) = 25
\]

\[
\begin{vmatrix} -2 & -2 \\ 4 & 5 \end{vmatrix} = (-2)(5) - (-2)(4) = -10 + 8 = -2
\]

\[
\begin{vmatrix} -2 & 5 \\ 4 & 0 \end{vmatrix} = (-2)(0) - (5)(4) = -20
\]

Substituting back:

\[
\det(M_{12}) = 5(25) + 4(-2) - 3(-20) = 125 - 8 + 60 = 177
\]

Thus, the cofactor \(C_{12}\) is:

\[
C_{12} = (-1)^{1+2} \cdot 177 = -177
\]

### Step 2: Calculate \(C_{13}\)

The submatrix \(M_{13}\) is obtained by deleting the first row and third column:

\[
M_{13} = \begin{bmatrix} 
5 & -1 & -3 \\ 
-2 & -4 & -2 \\ 
4 & 4 & 5 
\end{bmatrix}
\]

The determinant of \(M_{13}\) is:

\[
\det(M_{13}) = 5 \begin{vmatrix} -4 & -2 \\ 4 & 5 \end{vmatrix} - (-1) \begin{vmatrix} -2 & -2 \\ 4 & 5 \end{vmatrix} - 3 \begin{vmatrix} -2 & -4 \\ 4 & 4 \end{vmatrix}
\]

Calculating each \(2 \times 2\) determinant:

\[
\begin{vmatrix} -4 & -2 \\ 4 & 5 \end{vmatrix} = (-4)(5) - (-2)(4) = -20 + 8 = -12
\]

\[
\begin{vmatrix} -2 & -2 \\ 4 & 5 \end{vmatrix} = -2 \quad \text{(calculated previously)}
\]

\[
\begin{vmatrix} -2 & -4 \\ 4 & 4 \end{vmatrix} = (-2)(4) - (-4)(4) = -8 + 16 = 8
\]

Substituting back:

\[
\det(M_{13}) = 5(-12) + 1(-2) - 3(8) = -60 - 2 - 24 = -86
\]

Thus, the cofactor \(C_{13}\) is:

\[
C_{13} = (-1)^{1+3} \cdot (-86) = -86
\]

### Step 3: Calculate \(C_{14}\)

The submatrix \(M_{14}\) is obtained by deleting the first row and fourth column:

\[
M_{14} = \begin{bmatrix} 
5 & -1 & -4 \\ 
-2 & -4 & 5 \\ 
4 & 4 & 0 
\end{bmatrix}
\]

The determinant of \(M_{14}\) is:

\[
\det(M_{14}) = 5 \begin{vmatrix} -4 & 5 \\ 4 & 0 \end{vmatrix} - (-1) \begin{vmatrix} -2 & 5 \\ 4 & 0 \end{vmatrix} - 4 \begin{vmatrix} -2 & -4 \\ 4 & 4 \end{vmatrix}
\]

Calculating each \(2 \times 2\) determinant:

\[
\begin{vmatrix} -4 & 5 \\ 4 & 0 \end{vmatrix} = (-4)(0) - (5)(4) = -20
\]

\[
\begin{vmatrix} -2 & 5 \\ 4 & 0 \end{vmatrix} = -20 \quad \text{(calculated previously)}
\]

\[
\begin{vmatrix} -2 & -4 \\ 4 & 4 \end{vmatrix} = 8 \quad \text{(calculated previously)}
\]

Substituting back:

\[
\det(M_{14}) = 5(-20) + 1(-20) - 4(8) = -100 - 20 - 32 = -152
\]

Thus, the cofactor \(C_{14}\) is:

\[
C_{14} = (-1)^{1+4} \cdot (-152) = -152
\]

### Final Calculation

Substitute the cofactors back into the determinant expansion:

\[
\det(A) = 0 \cdot C_{11} - 2 \cdot (-177) - 4 \cdot (-86) + 1 \cdot (-152)
\]

\[
= 0 + 354 + 344 - 152
\]

\[
= 546
\]

Thus, the determinant of matrix \(A\) is \(\boxed{546}\).","To find the determinant of the \(4 \times 4\) matrix \(A\), we will use cofactor expansion along the first row. The matrix \(A\) is given by:

\[
A = \begin{bmatrix} 
0 & -2 & -4 & 1 \\ 
5 & -1 & -4 & -3 \\ 
-2 & -4 & 5 & -2 \\ 
4 & 4 & 0 & 5 
\end{bmatrix}
\]

The determinant of \(A\), denoted as \(\det(A)\), can be expanded along the first row:

\[
\det(A) = 0 \cdot C_{11} - 2 \cdot C_{12} - 4 \cdot C_{13} + 1 \cdot C_{14}
\]

where \(C_{ij}\) is the cofactor of the element \(a_{ij}\). The cofactor \(C_{ij}\) is given by:

\[
C_{ij} = (-1)^{i+j} \det(M_{ij})
\]

where \(M_{ij}\) is the \((n-1) \times (n-1)\) submatrix obtained by deleting the \(i\)-th row and \(j\)-th column from \(A\).

### Step 1: Calculate \(C_{12}\)

The submatrix \(M_{12}\) is obtained by deleting the first row and second column:

\[
M_{12} = \begin{bmatrix} 
5 & -4 & -3 \\ 
-2 & 5 & -2 \\ 
4 & 0 & 5 
\end{bmatrix}
\]

The determinant of \(M_{12}\) is:

\[
\det(M_{12}) = 5 \begin{vmatrix} 5 & -2 \\ 0 & 5 \end{vmatrix} - (-4) \begin{vmatrix} -2 & -2 \\ 4 & 5 \end{vmatrix} - 3 \begin{vmatrix} -2 & 5 \\ 4 & 0 \end{vmatrix}
\]

Calculating each \(2 \times 2\) determinant:

\[
\begin{vmatrix} 5 & -2 \\ 0 & 5 \end{vmatrix} = (5)(5) - (-2)(0) = 25
\]

\[
\begin{vmatrix} -2 & -2 \\ 4 & 5 \end{vmatrix} = (-2)(5) - (-2)(4) = -10 + 8 = -2
\]

\[
\begin{vmatrix} -2 & 5 \\ 4 & 0 \end{vmatrix} = (-2)(0) - (5)(4) = -20
\]

Substituting back:

\[
\det(M_{12}) = 5(25) + 4(-2) - 3(-20) = 125 - 8 + 60 = 177
\]

Thus, the cofactor \(C_{12}\) is:

\[
C_{12} = (-1)^{1+2} \cdot 177 = -177
\]

### Step 2: Calculate \(C_{13}\)

The submatrix \(M_{13}\) is obtained by deleting the first row and third column:

\[
M_{13} = \begin{bmatrix} 
5 & -1 & -3 \\ 
-2 & -4 & -2 \\ 
4 & 4 & 5 
\end{bmatrix}
\]

The determinant of \(M_{13}\) is:

\[
\det(M_{13}) = 5 \begin{vmatrix} -4 & -2 \\ 4 & 5 \end{vmatrix} - (-1) \begin{vmatrix} -2 & -2 \\ 4 & 5 \end{vmatrix} - 3 \begin{vmatrix} -2 & -4 \\ 4 & 4 \end{vmatrix}
\]

Calculating each \(2 \times 2\) determinant:

\[
\begin{vmatrix} -4 & -2 \\ 4 & 5 \end{vmatrix} = (-4)(5) - (-2)(4) = -20 + 8 = -12
\]

\[
\begin{vmatrix} -2 & -2 \\ 4 & 5 \end{vmatrix} = -2 \quad \text{(calculated previously)}
\]

\[
\begin{vmatrix} -2 & -4 \\ 4 & 4 \end{vmatrix} = (-2)(4) - (-4)(4) = -8 + 16 = 8
\]

Substituting back:

\[
\det(M_{13}) = 5(-12) + 1(-2) - 3(8) = -60 - 2 - 24 = -86
\]

Thus, the cofactor \(C_{13}\) is:

\[
C_{13} = (-1)^{1+3} \cdot (-86) = -86
\]

### Step 3: Calculate \(C_{14}\)

The submatrix \(M_{14}\) is obtained by deleting the first row and fourth column:

\[
M_{14} = \begin{bmatrix} 
5 & -1 & -4 \\ 
-2 & -4 & 5 \\ 
4 & 4 & 0 
\end{bmatrix}
\]

The determinant of \(M_{14}\) is:

\[
\det(M_{14}) = 5 \begin{vmatrix} -4 & 5 \\ 4 & 0 \end{vmatrix} - (-1) \begin{vmatrix} -2 & 5 \\ 4 & 0 \end{vmatrix} - 4 \begin{vmatrix} -2 & -4 \\ 4 & 4 \end{vmatrix}
\]

Calculating each \(2 \times 2\) determinant:

\[
\begin{vmatrix} -4 & 5 \\ 4 & 0 \end{vmatrix} = (-4)(0) - (5)(4) = -20
\]

\[
\begin{vmatrix} -2 & 5 \\ 4 & 0 \end{vmatrix} = -20 \quad \text{(calculated previously)}
\]

\[
\begin{vmatrix} -2 & -4 \\ 4 & 4 \end{vmatrix} = 8 \quad \text{(calculated previously)}
\]

Substituting back:

\[
\det(M_{14}) = 5(-20) + 1(-20) - 4(8) = -100 - 20 - 32 = -152
\]

Thus, the cofactor \(C_{14}\) is:

\[
C_{14} = (-1)^{1+4} \cdot (-152) = -152
\]

### Final Calculation

Substitute the cofactors back into the determinant expansion:

\[
\det(A) = 0 \cdot C_{11} - 2 \cdot (-177) - 4 \cdot (-86) + 1 \cdot (-152)
\]

\[
= 0 + 354 + 344 - 152
\]

\[
= 546
\]

Thus, the determinant of matrix \(A\) is \(\boxed{546}\).","-1)^{1+4} \cdot (-152) = [-]152
\]

### Final Calcula",467,S2_exact
C_4x4_det_005_arch,Phi-4,determinant,4,Parity_Sign_Error,det,failure,\det(A) = 368,-,+,4280,"<|im_start|>user<|im_sep|>A = \begin{bmatrix} -5 & -4 & -5 & -2 \\ -2 & -5 & -1 & -2 \\ -2 & -3 & 4 & 0 \\ 2 & 0 & 2 & 4 \end{bmatrix}<|im_end|><|im_start|>assistant<|im_sep|>To find the determinant of the \(4 \times 4\) matrix \( A \), we can use cofactor expansion along the first row. The matrix \( A \) is given by:
 
 \[
 A = \begin{bmatrix} 
 -5 & -4 & -5 & -2 \\ 
 -2 & -5 & -1 & -2 \\ 
 -2 & -3 & 4 & 0 \\ 
 2 & 0 & 2 & 4 
 \end{bmatrix}
 \]
 
 The determinant of \( A \), denoted as \(\det(A)\), can be expanded along the first row:
 
 \[
 \det(A) = -5 \cdot C_{11} - 4 \cdot C_{12} - 5 \cdot C_{13} - 2 \cdot C_{14}
 \]
 
 where \( C_{ij} \) is the cofactor of the element in the \(i\)-th row and \(j\)-th column. The cofactor \( C_{ij} \) is given by:
 
 \[
 C_{ij} = (-1)^{i+j} \det(M_{ij})
 \]
 
 where \( M_{ij} \) is the \((n-1) \times (n-1)\) submatrix obtained by deleting the \(i\)-th row and \(j\)-th column from \( A \).
 
 ### Step 1: Calculate \( C_{11} \)
 
 The submatrix \( M_{11} \) is:
 
 \[
 M_{11} = \begin{bmatrix} 
 -5 & -1 & -2 \\ 
 -3 & 4 & 0 \\ 
 0 & 2 & 4 
 \end{bmatrix}
 \]
 
 The determinant of \( M_{11} \) is:
 
 \[
 \det(M_{11}) = -5 \begin{vmatrix} 4 & 0 \\ 2 & 4 \end{vmatrix} - (-1) \begin{vmatrix} -3 & 0 \\ 0 & 4 \end{vmatrix} - 2 \begin{vmatrix} -3 & 4 \\ 0 & 2 \end{vmatrix}
 \]
 
 Calculating each \(2 \times 2\) determinant:
 
 \[
 \begin{vmatrix} 4 & 0 \\ 2 & 4 \end{vmatrix} = 4 \cdot 4 - 0 \cdot 2 = 16
 \]
 
 \[
 \begin{vmatrix} -3 & 0 \\ 0 & 4 \end{vmatrix} = (-3) \cdot 4 - 0 \cdot 0 = -12
 \]
 
 \[
 \begin{vmatrix} -3 & 4 \\ 0 & 2 \end{vmatrix} = (-3) \cdot 2 - 4 \cdot 0 = -6
 \]
 
 Substituting back:
 
 \[
 \det(M_{11}) = -5 \cdot 16 + 1 \cdot (-12) - 2 \cdot (-6) = -80 - 12 + 12 = -80
 \]
 
 Thus, \( C_{11} = (-1)^{1+1} \cdot (-80) = -80 \).
 
 ### Step 2: Calculate \( C_{12} \)
 
 The submatrix \( M_{12} \) is:
 
 \[
 M_{12} = \begin{bmatrix} 
 -2 & -1 & -2 \\ 
 -2 & 4 & 0 \\ 
 2 & 2 & 4 
 \end{bmatrix}
 \]
 
 The determinant of \( M_{12} \) is:
 
 \[
 \det(M_{12}) = -2 \begin{vmatrix} 4 & 0 \\ 2 & 4 \end{vmatrix} - (-1) \begin{vmatrix} -2 & 0 \\ 2 & 4 \end{vmatrix} - 2 \begin{vmatrix} -2 & 4 \\ 2 & 2 \end{vmatrix}
 \]
 
 Calculating each \(2 \times 2\) determinant:
 
 \[
 \begin{vmatrix} 4 & 0 \\ 2 & 4 \end{vmatrix} = 16
 \]
 
 \[
 \begin{vmatrix} -2 & 0 \\ 2 & 4 \end{vmatrix} = (-2) \cdot 4 - 0 \cdot 2 = -8
 \]
 
 \[
 \begin{vmatrix} -2 & 4 \\ 2 & 2 \end{vmatrix} = (-2) \cdot 2 - 4 \cdot 2 = -4 - 8 = -12
 \]
 
 Substituting back:
 
 \[
 \det(M_{12}) = -2 \cdot 16 + 1 \cdot (-8) - 2 \cdot (-12) = -32 - 8 + 24 = -16
 \]
 
 Thus, \( C_{12} = (-1)^{1+2} \cdot (-16) = 16 \).
 
 ### Step 3: Calculate \( C_{13} \)
 
 The submatrix \( M_{13} \) is:
 
 \[
 M_{13} = \begin{bmatrix} 
 -2 & -5 & -2 \\ 
 -2 & -3 & 0 \\ 
 2 & 0 & 4 
 \end{bmatrix}
 \]
 
 The determinant of \( M_{13} \) is:
 
 \[
 \det(M_{13}) = -2 \begin{vmatrix} -3 & 0 \\ 0 & 4 \end{vmatrix} - (-5) \begin{vmatrix} -2 & 0 \\ 2 & 4 \end{vmatrix} - 2 \begin{vmatrix} -2 & -3 \\ 2 & 0 \end{vmatrix}
 \]
 
 Calculating each \(2 \times 2\) determinant:
 
 \[
 \begin{vmatrix} -3 & 0 \\ 0 & 4 \end{vmatrix} = -12
 \]
 
 \[
 \begin{vmatrix} -2 & 0 \\ 2 & 4 \end{vmatrix} = -8
 \]
 
 \[
 \begin{vmatrix} -2 & -3 \\ 2 & 0 \end{vmatrix} = (-2) \cdot 0 - (-3) \cdot 2 = 6
 \]
 
 Substituting back:
 
 \[
 \det(M_{13}) = -2 \cdot (-12) + 5 \cdot (-8) - 2 \cdot 6 = 24 - 40 - 12 = -28
 \]
 
 Thus, \( C_{13} = (-1)^{1+3} \cdot (-28) = -28 \).
 
 ### Step 4: Calculate \( C_{14} \)
 
 The submatrix \( M_{14} \) is:
 
 \[
 M_{14} = \begin{bmatrix} 
 -2 & -5 & -1 \\ 
 -2 & -3 & 4 \\ 
 2 & 0 & 2 
 \end{bmatrix}
 \]
 
 The determinant of \( M_{14} \) is:
 
 \[
 \det(M_{14}) = -2 \begin{vmatrix} -3 & 4 \\ 0 & 2 \end{vmatrix} - (-5) \begin{vmatrix} -2 & 4 \\ 2 & 2 \end{vmatrix} - 1 \begin{vmatrix} -2 & -3 \\ 2 & 0 \end{vmatrix}
 \]
 
 Calculating each \(2 \times 2\) determinant:
 
 \[
 \begin{vmatrix} -3 & 4 \\ 0 & 2 \end{vmatrix} = (-3) \cdot 2 - 4 \cdot 0 = -6
 \]
 
 \[
 \begin{vmatrix} -2 & 4 \\ 2 & 2 \end{vmatrix} = -12
 \]
 
 \[
 \begin{vmatrix} -2 & -3 \\ 2 & 0 \end{vmatrix} = 6
 \]
 
 Substituting back:
 
 \[
 \det(M_{14}) = -2 \cdot (-6) + 5 \cdot (-12) - 1 \cdot 6 = 12 - 60 - 6 = -54
 \]
 
 Thus, \( C_{14} = (-1)^{1+4} \cdot (-54) = -54 \).
 
 ### Final Calculation
 
 Substitute the cofactors back into the determinant expansion:
 
 \[
 \det(A) = -5 \cdot (-80) - 4 \cdot 16 - 5 \cdot (-28) - 2 \cdot (-54)
 \]
 
 \[
 = 400 - 64 + 140 + 108
 \]
 
 \[
 = 584
 \]
 
 Thus, the determinant of matrix \( A \) is \(\boxed{584}\).","To find the determinant of the \(4 \times 4\) matrix \( A \), we can use cofactor expansion along the first row. The matrix \( A \) is given by:
 
 \[
 A = \begin{bmatrix} 
 -5 & -4 & -5 & -2 \\ 
 -2 & -5 & -1 & -2 \\ 
 -2 & -3 & 4 & 0 \\ 
 2 & 0 & 2 & 4 
 \end{bmatrix}
 \]
 
 The determinant of \( A \), denoted as \(\det(A)\), can be expanded along the first row:
 
 \[
 \det(A) = -5 \cdot C_{11} - 4 \cdot C_{12} - 5 \cdot C_{13} - 2 \cdot C_{14}
 \]
 
 where \( C_{ij} \) is the cofactor of the element in the \(i\)-th row and \(j\)-th column. The cofactor \( C_{ij} \) is given by:
 
 \[
 C_{ij} = (-1)^{i+j} \det(M_{ij})
 \]
 
 where \( M_{ij} \) is the \((n-1) \times (n-1)\) submatrix obtained by deleting the \(i\)-th row and \(j\)-th column from \( A \).
 
 ### Step 1: Calculate \( C_{11} \)
 
 The submatrix \( M_{11} \) is:
 
 \[
 M_{11} = \begin{bmatrix} 
 -5 & -1 & -2 \\ 
 -3 & 4 & 0 \\ 
 0 & 2 & 4 
 \end{bmatrix}
 \]
 
 The determinant of \( M_{11} \) is:
 
 \[
 \det(M_{11}) = -5 \begin{vmatrix} 4 & 0 \\ 2 & 4 \end{vmatrix} - (-1) \begin{vmatrix} -3 & 0 \\ 0 & 4 \end{vmatrix} - 2 \begin{vmatrix} -3 & 4 \\ 0 & 2 \end{vmatrix}
 \]
 
 Calculating each \(2 \times 2\) determinant:
 
 \[
 \begin{vmatrix} 4 & 0 \\ 2 & 4 \end{vmatrix} = 4 \cdot 4 - 0 \cdot 2 = 16
 \]
 
 \[
 \begin{vmatrix} -3 & 0 \\ 0 & 4 \end{vmatrix} = (-3) \cdot 4 - 0 \cdot 0 = -12
 \]
 
 \[
 \begin{vmatrix} -3 & 4 \\ 0 & 2 \end{vmatrix} = (-3) \cdot 2 - 4 \cdot 0 = -6
 \]
 
 Substituting back:
 
 \[
 \det(M_{11}) = -5 \cdot 16 + 1 \cdot (-12) - 2 \cdot (-6) = -80 - 12 + 12 = -80
 \]
 
 Thus, \( C_{11} = (-1)^{1+1} \cdot (-80) = -80 \).
 
 ### Step 2: Calculate \( C_{12} \)
 
 The submatrix \( M_{12} \) is:
 
 \[
 M_{12} = \begin{bmatrix} 
 -2 & -1 & -2 \\ 
 -2 & 4 & 0 \\ 
 2 & 2 & 4 
 \end{bmatrix}
 \]
 
 The determinant of \( M_{12} \) is:
 
 \[
 \det(M_{12}) = -2 \begin{vmatrix} 4 & 0 \\ 2 & 4 \end{vmatrix} - (-1) \begin{vmatrix} -2 & 0 \\ 2 & 4 \end{vmatrix} - 2 \begin{vmatrix} -2 & 4 \\ 2 & 2 \end{vmatrix}
 \]
 
 Calculating each \(2 \times 2\) determinant:
 
 \[
 \begin{vmatrix} 4 & 0 \\ 2 & 4 \end{vmatrix} = 16
 \]
 
 \[
 \begin{vmatrix} -2 & 0 \\ 2 & 4 \end{vmatrix} = (-2) \cdot 4 - 0 \cdot 2 = -8
 \]
 
 \[
 \begin{vmatrix} -2 & 4 \\ 2 & 2 \end{vmatrix} = (-2) \cdot 2 - 4 \cdot 2 = -4 - 8 = -12
 \]
 
 Substituting back:
 
 \[
 \det(M_{12}) = -2 \cdot 16 + 1 \cdot (-8) - 2 \cdot (-12) = -32 - 8 + 24 = -16
 \]
 
 Thus, \( C_{12} = (-1)^{1+2} \cdot (-16) = 16 \).
 
 ### Step 3: Calculate \( C_{13} \)
 
 The submatrix \( M_{13} \) is:
 
 \[
 M_{13} = \begin{bmatrix} 
 -2 & -5 & -2 \\ 
 -2 & -3 & 0 \\ 
 2 & 0 & 4 
 \end{bmatrix}
 \]
 
 The determinant of \( M_{13} \) is:
 
 \[
 \det(M_{13}) = -2 \begin{vmatrix} -3 & 0 \\ 0 & 4 \end{vmatrix} - (-5) \begin{vmatrix} -2 & 0 \\ 2 & 4 \end{vmatrix} - 2 \begin{vmatrix} -2 & -3 \\ 2 & 0 \end{vmatrix}
 \]
 
 Calculating each \(2 \times 2\) determinant:
 
 \[
 \begin{vmatrix} -3 & 0 \\ 0 & 4 \end{vmatrix} = -12
 \]
 
 \[
 \begin{vmatrix} -2 & 0 \\ 2 & 4 \end{vmatrix} = -8
 \]
 
 \[
 \begin{vmatrix} -2 & -3 \\ 2 & 0 \end{vmatrix} = (-2) \cdot 0 - (-3) \cdot 2 = 6
 \]
 
 Substituting back:
 
 \[
 \det(M_{13}) = -2 \cdot (-12) + 5 \cdot (-8) - 2 \cdot 6 = 24 - 40 - 12 = -28
 \]
 
 Thus, \( C_{13} = (-1)^{1+3} \cdot (-28) = -28 \).
 
 ### Step 4: Calculate \( C_{14} \)
 
 The submatrix \( M_{14} \) is:
 
 \[
 M_{14} = \begin{bmatrix} 
 -2 & -5 & -1 \\ 
 -2 & -3 & 4 \\ 
 2 & 0 & 2 
 \end{bmatrix}
 \]
 
 The determinant of \( M_{14} \) is:
 
 \[
 \det(M_{14}) = -2 \begin{vmatrix} -3 & 4 \\ 0 & 2 \end{vmatrix} - (-5) \begin{vmatrix} -2 & 4 \\ 2 & 2 \end{vmatrix} - 1 \begin{vmatrix} -2 & -3 \\ 2 & 0 \end{vmatrix}
 \]
 
 Calculating each \(2 \times 2\) determinant:
 
 \[
 \begin{vmatrix} -3 & 4 \\ 0 & 2 \end{vmatrix} = (-3) \cdot 2 - 4 \cdot 0 = -6
 \]
 
 \[
 \begin{vmatrix} -2 & 4 \\ 2 & 2 \end{vmatrix} = -12
 \]
 
 \[
 \begin{vmatrix} -2 & -3 \\ 2 & 0 \end{vmatrix} = 6
 \]
 
 Substituting back:
 
 \[
 \det(M_{14}) = -2 \cdot (-6) + 5 \cdot (-12) - 1 \cdot 6 = 12 - 60 - 6 = -54
 \]
 
 Thus, \( C_{14} = (-1)^{1+4} \cdot (-54) = -54 \).
 
 ### Final Calculation
 
 Substitute the cofactors back into the determinant expansion:
 
 \[
 \det(A) = -5 \cdot (-80) - 4 \cdot 16 - 5 \cdot (-28) - 2 \cdot (-54)
 \]
 
 \[
 = 400 - 64 + 140 + 108
 \]
 
 \[
 = 584
 \]
 
 Thus, the determinant of matrix \( A \) is \(\boxed{584}\).","(-1)^{1+4} \cdot (-54) = [-]54 \).
 
 ### Final Calcu",175,S1_exact|archive_workshop
C_4x4_det_006_arch,Phi-4,determinant,4,Rule_Interference,det,failure,\det(A) = 224,-,+,541,"<|im_start|>user<|im_sep|>A = \begin{bmatrix} 2 & -5 & -2 & 0 \\ -4 & 0 & -4 & -3 \\ 1 & -4 & 0 & -2 \\ -2 & 3 & -2 & -4 \end{bmatrix}<|im_end|><|im_start|>assistant<|im_sep|>To find the determinant of the \(4 \times 4\) matrix \( A \), we will use cofactor expansion along the first row. The matrix \( A \) is given by:
 
 \[
 A = \begin{bmatrix} 
 2 & -5 & -2 & 0 \\ 
 -4 & 0 & -4 & -3 \\ 
 1 & -4 & 0 & -2 \\ 
 -2 & 3 & -2 & -4 
 \end{bmatrix}
 \]
 
 The determinant of \( A \) can be calculated as:
 
 \[
 \det(A) = 2 \cdot \det(A_{11}) - 5 \cdot \det(A_{12}) - 2 \cdot \det(A_{13}) + 0 \cdot \det(A_{14})
 \]
 
 where \( A_{ij} \) is the \(3 \times 3\) submatrix obtained by removing the \(i\)-th row and \(j\)-th column from \( A \).
 
 ### Step 1: Calculate \(\det(A_{11})\)
 
 Remove the first row and first column:
 
 \[
 A_{11} = \begin{bmatrix} 
 0 & -4 & -3 \\ 
 -4 & 0 & -2 \\ 
 3 & -2 & -4 
 \end{bmatrix}
 \]
 
 The determinant of \( A_{11} \) is:
 
 \[
 \det(A_{11}) = 0 \cdot \det\begin{bmatrix} -4 & -2 \\ -2 & -4 \end{bmatrix} - (-4) \cdot \det\begin{bmatrix} -4 & -3 \\ 3 & -4 \end{bmatrix} + (-3) \cdot \det\begin{bmatrix} -4 & 0 \\ 3 & -2 \end{bmatrix}
 \]
 
 Calculate each \(2 \times 2\) determinant:
 
 \[
 \det\begin{bmatrix} -4 & -2 \\ -2 & -4 \end{bmatrix} = (-4)(-4) - (-2)(-2) = 16 - 4 = 12
 \]
 
 \[
 \det\begin{bmatrix} -4 & -3 \\ 3 & -4 \end{bmatrix} = (-4)(-4) - (-3)(3) = 16 - (-9) = 25
 \]
 
 \[
 \det\begin{bmatrix} -4 & 0 \\ 3 & -2 \end{bmatrix} = (-4)(-2) - (0)(3) = 8
 \]
 
 Substitute back:
 
 \[
 \det(A_{11}) = 0 - (-4)(25) - 3(8) = 0 + 100 - 24 = 76
 \]
 
 ### Step 2: Calculate \(\det(A_{12})\)
 
 Remove the first row and second column:
 
 \[
 A_{12} = \begin{bmatrix} 
 -4 & -4 & -3 \\ 
 1 & 0 & -2 \\ 
 -2 & -2 & -4 
 \end{bmatrix}
 \]
 
 The determinant of \( A_{12} \) is:
 
 \[
 \det(A_{12}) = -4 \cdot \det\begin{bmatrix} 0 & -2 \\ -2 & -4 \end{bmatrix} - (-4) \cdot \det\begin{bmatrix} 1 & -2 \\ -2 & -4 \end{bmatrix} - (-3) \cdot \det\begin{bmatrix} 1 & 0 \\ -2 & -2 \end{bmatrix}
 \]
 
 Calculate each \(2 \times 2\) determinant:
 
 \[
 \det\begin{bmatrix} 0 & -2 \\ -2 & -4 \end{bmatrix} = (0)(-4) - (-2)(-2) = 0 - 4 = -4
 \]
 
 \[
 \det\begin{bmatrix} 1 & -2 \\ -2 & -4 \end{bmatrix} = (1)(-4) - (-2)(-2) = -4 - 4 = -8
 \]
 
 \[
 \det\begin{bmatrix} 1 & 0 \\ -2 & -2 \end{bmatrix} = (1)(-2) - (0)(-2) = -2
 \]
 
 Substitute back:
 
 \[
 \det(A_{12}) = -4(-4) - (-4)(-8) - (-3)(-2) = 16 + 32 + 6 = 54
 \]
 
 ### Step 3: Calculate \(\det(A_{13})\)
 
 Remove the first row and third column:
 
 \[
 A_{13} = \begin{bmatrix} 
 -4 & 0 & -3 \\ 
 1 & -4 & -2 \\ 
 -2 & 3 & -4 
 \end{bmatrix}
 \]
 
 The determinant of \( A_{13} \) is:
 
 \[
 \det(A_{13}) = -4 \cdot \det\begin{bmatrix} -4 & -2 \\ 3 & -4 \end{bmatrix} - 0 \cdot \det\begin{bmatrix} 1 & -2 \\ -2 & -4 \end{bmatrix} - (-3) \cdot \det\begin{bmatrix} 1 & -4 \\ -2 & 3 \end{bmatrix}
 \]
 
 Calculate each \(2 \times 2\) determinant:
 
 \[
 \det\begin{bmatrix} -4 & -2 \\ 3 & -4 \end{bmatrix} = (-4)(-4) - (-2)(3) = 16 + 6 = 22
 \]
 
 \[
 \det\begin{bmatrix} 1 & -4 \\ -2 & 3 \end{bmatrix} = (1)(3) - (-4)(-2) = 3 - 8 = -5
 \]
 
 Substitute back:
 
 \[
 \det(A_{13}) = -4(22) + 0 - 3(-5) = -88 + 15 = -73
 \]
 
 ### Step 4: Calculate \(\det(A_{14})\)
 
 Since the fourth element of the first row is zero, \(\det(A_{14})\) does not contribute to the determinant of \( A \).
 
 ### Final Calculation
 
 Substitute the determinants back into the cofactor expansion:
 
 \[
 \det(A) = 2 \cdot 76 - 5 \cdot 54 - 2 \cdot (-73) + 0
 \]
 
 Calculate:
 
 \[
 2 \cdot 76 = 152
 \]
 
 \[
 5 \cdot 54 = 270
 \]
 
 \[
 2 \cdot (-73) = -146
 \]
 
 Thus:
 
 \[
 \det(A) = 152 - 270 + 146 = 28
 \]
 
 The determinant of the matrix \( A \) is \(\boxed{28}\).","To find the determinant of the \(4 \times 4\) matrix \( A \), we will use cofactor expansion along the first row. The matrix \( A \) is given by:
 
 \[
 A = \begin{bmatrix} 
 2 & -5 & -2 & 0 \\ 
 -4 & 0 & -4 & -3 \\ 
 1 & -4 & 0 & -2 \\ 
 -2 & 3 & -2 & -4 
 \end{bmatrix}
 \]
 
 The determinant of \( A \) can be calculated as:
 
 \[
 \det(A) = 2 \cdot \det(A_{11}) - 5 \cdot \det(A_{12}) - 2 \cdot \det(A_{13}) + 0 \cdot \det(A_{14})
 \]
 
 where \( A_{ij} \) is the \(3 \times 3\) submatrix obtained by removing the \(i\)-th row and \(j\)-th column from \( A \).
 
 ### Step 1: Calculate \(\det(A_{11})\)
 
 Remove the first row and first column:
 
 \[
 A_{11} = \begin{bmatrix} 
 0 & -4 & -3 \\ 
 -4 & 0 & -2 \\ 
 3 & -2 & -4 
 \end{bmatrix}
 \]
 
 The determinant of \( A_{11} \) is:
 
 \[
 \det(A_{11}) = 0 \cdot \det\begin{bmatrix} -4 & -2 \\ -2 & -4 \end{bmatrix} - (-4) \cdot \det\begin{bmatrix} -4 & -3 \\ 3 & -4 \end{bmatrix} + (-3) \cdot \det\begin{bmatrix} -4 & 0 \\ 3 & -2 \end{bmatrix}
 \]
 
 Calculate each \(2 \times 2\) determinant:
 
 \[
 \det\begin{bmatrix} -4 & -2 \\ -2 & -4 \end{bmatrix} = (-4)(-4) - (-2)(-2) = 16 - 4 = 12
 \]
 
 \[
 \det\begin{bmatrix} -4 & -3 \\ 3 & -4 \end{bmatrix} = (-4)(-4) - (-3)(3) = 16 - (-9) = 25
 \]
 
 \[
 \det\begin{bmatrix} -4 & 0 \\ 3 & -2 \end{bmatrix} = (-4)(-2) - (0)(3) = 8
 \]
 
 Substitute back:
 
 \[
 \det(A_{11}) = 0 - (-4)(25) - 3(8) = 0 + 100 - 24 = 76
 \]
 
 ### Step 2: Calculate \(\det(A_{12})\)
 
 Remove the first row and second column:
 
 \[
 A_{12} = \begin{bmatrix} 
 -4 & -4 & -3 \\ 
 1 & 0 & -2 \\ 
 -2 & -2 & -4 
 \end{bmatrix}
 \]
 
 The determinant of \( A_{12} \) is:
 
 \[
 \det(A_{12}) = -4 \cdot \det\begin{bmatrix} 0 & -2 \\ -2 & -4 \end{bmatrix} - (-4) \cdot \det\begin{bmatrix} 1 & -2 \\ -2 & -4 \end{bmatrix} - (-3) \cdot \det\begin{bmatrix} 1 & 0 \\ -2 & -2 \end{bmatrix}
 \]
 
 Calculate each \(2 \times 2\) determinant:
 
 \[
 \det\begin{bmatrix} 0 & -2 \\ -2 & -4 \end{bmatrix} = (0)(-4) - (-2)(-2) = 0 - 4 = -4
 \]
 
 \[
 \det\begin{bmatrix} 1 & -2 \\ -2 & -4 \end{bmatrix} = (1)(-4) - (-2)(-2) = -4 - 4 = -8
 \]
 
 \[
 \det\begin{bmatrix} 1 & 0 \\ -2 & -2 \end{bmatrix} = (1)(-2) - (0)(-2) = -2
 \]
 
 Substitute back:
 
 \[
 \det(A_{12}) = -4(-4) - (-4)(-8) - (-3)(-2) = 16 + 32 + 6 = 54
 \]
 
 ### Step 3: Calculate \(\det(A_{13})\)
 
 Remove the first row and third column:
 
 \[
 A_{13} = \begin{bmatrix} 
 -4 & 0 & -3 \\ 
 1 & -4 & -2 \\ 
 -2 & 3 & -4 
 \end{bmatrix}
 \]
 
 The determinant of \( A_{13} \) is:
 
 \[
 \det(A_{13}) = -4 \cdot \det\begin{bmatrix} -4 & -2 \\ 3 & -4 \end{bmatrix} - 0 \cdot \det\begin{bmatrix} 1 & -2 \\ -2 & -4 \end{bmatrix} - (-3) \cdot \det\begin{bmatrix} 1 & -4 \\ -2 & 3 \end{bmatrix}
 \]
 
 Calculate each \(2 \times 2\) determinant:
 
 \[
 \det\begin{bmatrix} -4 & -2 \\ 3 & -4 \end{bmatrix} = (-4)(-4) - (-2)(3) = 16 + 6 = 22
 \]
 
 \[
 \det\begin{bmatrix} 1 & -4 \\ -2 & 3 \end{bmatrix} = (1)(3) - (-4)(-2) = 3 - 8 = -5
 \]
 
 Substitute back:
 
 \[
 \det(A_{13}) = -4(22) + 0 - 3(-5) = -88 + 15 = -73
 \]
 
 ### Step 4: Calculate \(\det(A_{14})\)
 
 Since the fourth element of the first row is zero, \(\det(A_{14})\) does not contribute to the determinant of \( A \).
 
 ### Final Calculation
 
 Substitute the determinants back into the cofactor expansion:
 
 \[
 \det(A) = 2 \cdot 76 - 5 \cdot 54 - 2 \cdot (-73) + 0
 \]
 
 Calculate:
 
 \[
 2 \cdot 76 = 152
 \]
 
 \[
 5 \cdot 54 = 270
 \]
 
 \[
 2 \cdot (-73) = -146
 \]
 
 Thus:
 
 \[
 \det(A) = 152 - 270 + 146 = 28
 \]
 
 The determinant of the matrix \( A \) is \(\boxed{28}\).",) = 2 \cdot \det(A_{11}) [-] 5 \cdot \det(A_{12}) - 2,175,S1_exact|archive_workshop
C_4x4_det_007_arch,Phi-4,determinant,4,Product_Sign_Error,det,failure,\det(A) = -96,-,+,4528,"<|im_start|>user<|im_sep|>A = \begin{bmatrix} -1 & 1 & 1 & -3 \\ -5 & 1 & 1 & -5 \\ 3 & -5 & 4 & 1 \\ 4 & -4 & -1 & 5 \end{bmatrix}<|im_end|><|im_start|>assistant<|im_sep|>To find the determinant of the \(4 \times 4\) matrix \( A \), we can use cofactor expansion along the first row. The matrix \( A \) is given by:
 
 \[
 A = \begin{bmatrix} 
 -1 & 1 & 1 & -3 \\ 
 -5 & 1 & 1 & -5 \\ 
 3 & -5 & 4 & 1 \\ 
 4 & -4 & -1 & 5 
 \end{bmatrix}
 \]
 
 The determinant of \( A \), denoted as \(\det(A)\), can be expanded along the first row:
 
 \[
 \det(A) = (-1) \cdot C_{11} + 1 \cdot C_{12} + 1 \cdot C_{13} + (-3) \cdot C_{14}
 \]
 
 where \( C_{ij} \) is the cofactor of the element in the \(i\)-th row and \(j\)-th column. The cofactor \( C_{ij} \) is given by:
 
 \[
 C_{ij} = (-1)^{i+j} \det(M_{ij})
 \]
 
 where \( M_{ij} \) is the \((n-1) \times (n-1)\) submatrix obtained by deleting the \(i\)-th row and \(j\)-th column from \( A \).
 
 ### Step 1: Calculate \( C_{11} \)
 
 The submatrix \( M_{11} \) is:
 
 \[
 M_{11} = \begin{bmatrix} 
 1 & 1 & -5 \\ 
 -5 & 4 & 1 \\ 
 -4 & -1 & 5 
 \end{bmatrix}
 \]
 
 The determinant of \( M_{11} \) is:
 
 \[
 \det(M_{11}) = 1 \cdot \begin{vmatrix} 4 & 1 \\ -1 & 5 \end{vmatrix} - 1 \cdot \begin{vmatrix} -5 & 1 \\ -4 & 5 \end{vmatrix} + (-5) \cdot \begin{vmatrix} -5 & 4 \\ -4 & -1 \end{vmatrix}
 \]
 
 Calculating each \(2 \times 2\) determinant:
 
 \[
 \begin{vmatrix} 4 & 1 \\ -1 & 5 \end{vmatrix} = (4)(5) - (1)(-1) = 20 + 1 = 21
 \]
 
 \[
 \begin{vmatrix} -5 & 1 \\ -4 & 5 \end{vmatrix} = (-5)(5) - (1)(-4) = -25 + 4 = -21
 \]
 
 \[
 \begin{vmatrix} -5 & 4 \\ -4 & -1 \end{vmatrix} = (-5)(-1) - (4)(-4) = 5 + 16 = 21
 \]
 
 Substituting back:
 
 \[
 \det(M_{11}) = 1 \cdot 21 - 1 \cdot (-21) - 5 \cdot 21 = 21 + 21 - 105 = -63
 \]
 
 Thus, \( C_{11} = (-1)^{1+1} \cdot (-63) = -63 \).
 
 ### Step 2: Calculate \( C_{12} \)
 
 The submatrix \( M_{12} \) is:
 
 \[
 M_{12} = \begin{bmatrix} 
 -5 & 1 & -5 \\ 
 3 & 4 & 1 \\ 
 4 & -1 & 5 
 \end{bmatrix}
 \]
 
 The determinant of \( M_{12} \) is:
 
 \[
 \det(M_{12}) = -5 \cdot \begin{vmatrix} 4 & 1 \\ -1 & 5 \end{vmatrix} - 1 \cdot \begin{vmatrix} 3 & 1 \\ 4 & 5 \end{vmatrix} + (-5) \cdot \begin{vmatrix} 3 & 4 \\ 4 & -1 \end{vmatrix}
 \]
 
 Calculating each \(2 \times 2\) determinant:
 
 \[
 \begin{vmatrix} 4 & 1 \\ -1 & 5 \end{vmatrix} = 21 \quad \text{(already calculated)}
 \]
 
 \[
 \begin{vmatrix} 3 & 1 \\ 4 & 5 \end{vmatrix} = (3)(5) - (1)(4) = 15 - 4 = 11
 \]
 
 \[
 \begin{vmatrix} 3 & 4 \\ 4 & -1 \end{vmatrix} = (3)(-1) - (4)(4) = -3 - 16 = -19
 \]
 
 Substituting back:
 
 \[
 \det(M_{12}) = -5 \cdot 21 - 1 \cdot 11 - 5 \cdot (-19) = -105 - 11 + 95 = -21
 \]
 
 Thus, \( C_{12} = (-1)^{1+2} \cdot (-21) = 21 \).
 
 ### Step 3: Calculate \( C_{13} \)
 
 The submatrix \( M_{13} \) is:
 
 \[
 M_{13} = \begin{bmatrix} 
 -5 & 1 & -5 \\ 
 3 & -5 & 1 \\ 
 4 & -4 & 5 
 \end{bmatrix}
 \]
 
 The determinant of \( M_{13} \) is:
 
 \[
 \det(M_{13}) = -5 \cdot \begin{vmatrix} -5 & 1 \\ -4 & 5 \end{vmatrix} - 1 \cdot \begin{vmatrix} 3 & 1 \\ 4 & 5 \end{vmatrix} + (-5) \cdot \begin{vmatrix} 3 & -5 \\ 4 & -4 \end{vmatrix}
 \]
 
 Calculating each \(2 \times 2\) determinant:
 
 \[
 \begin{vmatrix} -5 & 1 \\ -4 & 5 \end{vmatrix} = -21 \quad \text{(already calculated)}
 \]
 
 \[
 \begin{vmatrix} 3 & 1 \\ 4 & 5 \end{vmatrix} = 11 \quad \text{(already calculated)}
 \]
 
 \[
 \begin{vmatrix} 3 & -5 \\ 4 & -4 \end{vmatrix} = (3)(-4) - (-5)(4) = -12 + 20 = 8
 \]
 
 Substituting back:
 
 \[
 \det(M_{13}) = -5 \cdot (-21) - 1 \cdot 11 - 5 \cdot 8 = 105 - 11 - 40 = 54
 \]
 
 Thus, \( C_{13} = (-1)^{1+3} \cdot 54 = 54 \).
 
 ### Step 4: Calculate \( C_{14} \)
 
 The submatrix \( M_{14} \) is:
 
 \[
 M_{14} = \begin{bmatrix} 
 -5 & 1 & 1 \\ 
 3 & -5 & 4 \\ 
 4 & -4 & -1 
 \end{bmatrix}
 \]
 
 The determinant of \( M_{14} \) is:
 
 \[
 \det(M_{14}) = -5 \cdot \begin{vmatrix} -5 & 4 \\ -4 & -1 \end{vmatrix} - 1 \cdot \begin{vmatrix} 3 & 4 \\ 4 & -1 \end{vmatrix} + 1 \cdot \begin{vmatrix} 3 & -5 \\ 4 & -4 \end{vmatrix}
 \]
 
 Calculating each \(2 \times 2\) determinant:
 
 \[
 \begin{vmatrix} -5 & 4 \\ -4 & -1 \end{vmatrix} = 21 \quad \text{(already calculated)}
 \]
 
 \[
 \begin{vmatrix} 3 & 4 \\ 4 & -1 \end{vmatrix} = -19 \quad \text{(already calculated)}
 \]
 
 \[
 \begin{vmatrix} 3 & -5 \\ 4 & -4 \end{vmatrix} = 8 \quad \text{(already calculated)}
 \]
 
 Substituting back:
 
 \[
 \det(M_{14}) = -5 \cdot 21 - 1 \cdot (-19) + 1 \cdot 8 = -105 + 19 + 8 = -78
 \]
 
 Thus, \( C_{14} = (-1)^{1+4} \cdot (-78) = -78 \).
 
 ### Final Calculation
 
 Substitute the cofactors back into the determinant expansion:
 
 \[
 \det(A) = (-1)(-63) + 1(21) + 1(54) + (-3)(-78)
 \]
 
 \[
 = 63 + 21 + 54 + 234
 \]
 
 \[
 = 372
 \]
 
 Thus, the determinant of matrix \( A \) is \(\boxed{372}\).","To find the determinant of the \(4 \times 4\) matrix \( A \), we can use cofactor expansion along the first row. The matrix \( A \) is given by:
 
 \[
 A = \begin{bmatrix} 
 -1 & 1 & 1 & -3 \\ 
 -5 & 1 & 1 & -5 \\ 
 3 & -5 & 4 & 1 \\ 
 4 & -4 & -1 & 5 
 \end{bmatrix}
 \]
 
 The determinant of \( A \), denoted as \(\det(A)\), can be expanded along the first row:
 
 \[
 \det(A) = (-1) \cdot C_{11} + 1 \cdot C_{12} + 1 \cdot C_{13} + (-3) \cdot C_{14}
 \]
 
 where \( C_{ij} \) is the cofactor of the element in the \(i\)-th row and \(j\)-th column. The cofactor \( C_{ij} \) is given by:
 
 \[
 C_{ij} = (-1)^{i+j} \det(M_{ij})
 \]
 
 where \( M_{ij} \) is the \((n-1) \times (n-1)\) submatrix obtained by deleting the \(i\)-th row and \(j\)-th column from \( A \).
 
 ### Step 1: Calculate \( C_{11} \)
 
 The submatrix \( M_{11} \) is:
 
 \[
 M_{11} = \begin{bmatrix} 
 1 & 1 & -5 \\ 
 -5 & 4 & 1 \\ 
 -4 & -1 & 5 
 \end{bmatrix}
 \]
 
 The determinant of \( M_{11} \) is:
 
 \[
 \det(M_{11}) = 1 \cdot \begin{vmatrix} 4 & 1 \\ -1 & 5 \end{vmatrix} - 1 \cdot \begin{vmatrix} -5 & 1 \\ -4 & 5 \end{vmatrix} + (-5) \cdot \begin{vmatrix} -5 & 4 \\ -4 & -1 \end{vmatrix}
 \]
 
 Calculating each \(2 \times 2\) determinant:
 
 \[
 \begin{vmatrix} 4 & 1 \\ -1 & 5 \end{vmatrix} = (4)(5) - (1)(-1) = 20 + 1 = 21
 \]
 
 \[
 \begin{vmatrix} -5 & 1 \\ -4 & 5 \end{vmatrix} = (-5)(5) - (1)(-4) = -25 + 4 = -21
 \]
 
 \[
 \begin{vmatrix} -5 & 4 \\ -4 & -1 \end{vmatrix} = (-5)(-1) - (4)(-4) = 5 + 16 = 21
 \]
 
 Substituting back:
 
 \[
 \det(M_{11}) = 1 \cdot 21 - 1 \cdot (-21) - 5 \cdot 21 = 21 + 21 - 105 = -63
 \]
 
 Thus, \( C_{11} = (-1)^{1+1} \cdot (-63) = -63 \).
 
 ### Step 2: Calculate \( C_{12} \)
 
 The submatrix \( M_{12} \) is:
 
 \[
 M_{12} = \begin{bmatrix} 
 -5 & 1 & -5 \\ 
 3 & 4 & 1 \\ 
 4 & -1 & 5 
 \end{bmatrix}
 \]
 
 The determinant of \( M_{12} \) is:
 
 \[
 \det(M_{12}) = -5 \cdot \begin{vmatrix} 4 & 1 \\ -1 & 5 \end{vmatrix} - 1 \cdot \begin{vmatrix} 3 & 1 \\ 4 & 5 \end{vmatrix} + (-5) \cdot \begin{vmatrix} 3 & 4 \\ 4 & -1 \end{vmatrix}
 \]
 
 Calculating each \(2 \times 2\) determinant:
 
 \[
 \begin{vmatrix} 4 & 1 \\ -1 & 5 \end{vmatrix} = 21 \quad \text{(already calculated)}
 \]
 
 \[
 \begin{vmatrix} 3 & 1 \\ 4 & 5 \end{vmatrix} = (3)(5) - (1)(4) = 15 - 4 = 11
 \]
 
 \[
 \begin{vmatrix} 3 & 4 \\ 4 & -1 \end{vmatrix} = (3)(-1) - (4)(4) = -3 - 16 = -19
 \]
 
 Substituting back:
 
 \[
 \det(M_{12}) = -5 \cdot 21 - 1 \cdot 11 - 5 \cdot (-19) = -105 - 11 + 95 = -21
 \]
 
 Thus, \( C_{12} = (-1)^{1+2} \cdot (-21) = 21 \).
 
 ### Step 3: Calculate \( C_{13} \)
 
 The submatrix \( M_{13} \) is:
 
 \[
 M_{13} = \begin{bmatrix} 
 -5 & 1 & -5 \\ 
 3 & -5 & 1 \\ 
 4 & -4 & 5 
 \end{bmatrix}
 \]
 
 The determinant of \( M_{13} \) is:
 
 \[
 \det(M_{13}) = -5 \cdot \begin{vmatrix} -5 & 1 \\ -4 & 5 \end{vmatrix} - 1 \cdot \begin{vmatrix} 3 & 1 \\ 4 & 5 \end{vmatrix} + (-5) \cdot \begin{vmatrix} 3 & -5 \\ 4 & -4 \end{vmatrix}
 \]
 
 Calculating each \(2 \times 2\) determinant:
 
 \[
 \begin{vmatrix} -5 & 1 \\ -4 & 5 \end{vmatrix} = -21 \quad \text{(already calculated)}
 \]
 
 \[
 \begin{vmatrix} 3 & 1 \\ 4 & 5 \end{vmatrix} = 11 \quad \text{(already calculated)}
 \]
 
 \[
 \begin{vmatrix} 3 & -5 \\ 4 & -4 \end{vmatrix} = (3)(-4) - (-5)(4) = -12 + 20 = 8
 \]
 
 Substituting back:
 
 \[
 \det(M_{13}) = -5 \cdot (-21) - 1 \cdot 11 - 5 \cdot 8 = 105 - 11 - 40 = 54
 \]
 
 Thus, \( C_{13} = (-1)^{1+3} \cdot 54 = 54 \).
 
 ### Step 4: Calculate \( C_{14} \)
 
 The submatrix \( M_{14} \) is:
 
 \[
 M_{14} = \begin{bmatrix} 
 -5 & 1 & 1 \\ 
 3 & -5 & 4 \\ 
 4 & -4 & -1 
 \end{bmatrix}
 \]
 
 The determinant of \( M_{14} \) is:
 
 \[
 \det(M_{14}) = -5 \cdot \begin{vmatrix} -5 & 4 \\ -4 & -1 \end{vmatrix} - 1 \cdot \begin{vmatrix} 3 & 4 \\ 4 & -1 \end{vmatrix} + 1 \cdot \begin{vmatrix} 3 & -5 \\ 4 & -4 \end{vmatrix}
 \]
 
 Calculating each \(2 \times 2\) determinant:
 
 \[
 \begin{vmatrix} -5 & 4 \\ -4 & -1 \end{vmatrix} = 21 \quad \text{(already calculated)}
 \]
 
 \[
 \begin{vmatrix} 3 & 4 \\ 4 & -1 \end{vmatrix} = -19 \quad \text{(already calculated)}
 \]
 
 \[
 \begin{vmatrix} 3 & -5 \\ 4 & -4 \end{vmatrix} = 8 \quad \text{(already calculated)}
 \]
 
 Substituting back:
 
 \[
 \det(M_{14}) = -5 \cdot 21 - 1 \cdot (-19) + 1 \cdot 8 = -105 + 19 + 8 = -78
 \]
 
 Thus, \( C_{14} = (-1)^{1+4} \cdot (-78) = -78 \).
 
 ### Final Calculation
 
 Substitute the cofactors back into the determinant expansion:
 
 \[
 \det(A) = (-1)(-63) + 1(21) + 1(54) + (-3)(-78)
 \]
 
 \[
 = 63 + 21 + 54 + 234
 \]
 
 \[
 = 372
 \]
 
 Thus, the determinant of matrix \( A \) is \(\boxed{372}\).","(-1)^{1+4} \cdot (-78) = [-]78 \).
 
 ### Final Calcu",172,S1_exact|archive_workshop
C_4x4_det_008_arch,Phi-4,determinant,4,Parity_Sign_Error,det,failure,\det(A) = -51,-,+,2153,"<|im_start|>user<|im_sep|>A = \begin{bmatrix} -4 & 0 & -1 & 5 \\ 1 & 0 & -2 & 5 \\ 4 & 2 & -5 & 2 \\ -5 & 3 & -5 & 5 \end{bmatrix}<|im_end|><|im_start|>assistant<|im_sep|>To find the determinant of the \(4 \times 4\) matrix \( A \), we will use the method of cofactor expansion along the first row. The matrix \( A \) is given by:
 
 \[
 A = \begin{bmatrix} 
 -4 & 0 & -1 & 5 \\ 
 1 & 0 & -2 & 5 \\ 
 4 & 2 & -5 & 2 \\ 
 -5 & 3 & -5 & 5 
 \end{bmatrix}
 \]
 
 The determinant of \( A \), denoted as \(\det(A)\), can be calculated using the formula:
 
 \[
 \det(A) = a_{11}C_{11} + a_{12}C_{12} + a_{13}C_{13} + a_{14}C_{14}
 \]
 
 where \( a_{ij} \) is the element in the \(i\)-th row and \(j\)-th column, and \( C_{ij} \) is the cofactor of \( a_{ij} \).
 
 ### Step 1: Calculate the Cofactors
 
 #### Cofactor \( C_{11} \)
 
 The minor of \( a_{11} = -4 \) is obtained by deleting the first row and first column:
 
 \[
 \begin{vmatrix}
 0 & -2 & 5 \\ 
 2 & -5 & 2 \\ 
 3 & -5 & 5 
 \end{vmatrix}
 \]
 
 Calculate this \(3 \times 3\) determinant:
 
 \[
 = 0 \begin{vmatrix} -5 & 2 \\ -5 & 5 \end{vmatrix} - (-2) \begin{vmatrix} 2 & 2 \\ 3 & 5 \end{vmatrix} + 5 \begin{vmatrix} 2 & -5 \\ 3 & -5 \end{vmatrix}
 \]
 
 \[
 = 0 - (-2)(2 \times 5 - 2 \times 3) + 5(2 \times (-5) - (-5) \times 3)
 \]
 
 \[
 = 0 + 2(10 - 6) + 5(-10 + 15)
 \]
 
 \[
 = 0 + 2 \times 4 + 5 \times 5
 \]
 
 \[
 = 0 + 8 + 25 = 33
 \]
 
 Thus, \( C_{11} = (-1)^{1+1} \times 33 = 33 \).
 
 #### Cofactor \( C_{12} \)
 
 The element \( a_{12} = 0 \), so \( C_{12} \) does not contribute to the determinant.
 
 #### Cofactor \( C_{13} \)
 
 The minor of \( a_{13} = -1 \) is:
 
 \[
 \begin{vmatrix}
 1 & 0 & 5 \\ 
 4 & 2 & 2 \\ 
 -5 & 3 & 5 
 \end{vmatrix}
 \]
 
 Calculate this \(3 \times 3\) determinant:
 
 \[
 = 1 \begin{vmatrix} 2 & 2 \\ 3 & 5 \end{vmatrix} - 0 \begin{vmatrix} 4 & 2 \\ -5 & 5 \end{vmatrix} + 5 \begin{vmatrix} 4 & 2 \\ -5 & 3 \end{vmatrix}
 \]
 
 \[
 = 1(2 \times 5 - 2 \times 3) + 5(4 \times 3 - 2 \times (-5))
 \]
 
 \[
 = 1(10 - 6) + 5(12 + 10)
 \]
 
 \[
 = 1 \times 4 + 5 \times 22
 \]
 
 \[
 = 4 + 110 = 114
 \]
 
 Thus, \( C_{13} = (-1)^{1+3} \times 114 = -114 \).
 
 #### Cofactor \( C_{14} \)
 
 The minor of \( a_{14} = 5 \) is:
 
 \[
 \begin{vmatrix}
 1 & 0 & -2 \\ 
 4 & 2 & -5 \\ 
 -5 & 3 & -5 
 \end{vmatrix}
 \]
 
 Calculate this \(3 \times 3\) determinant:
 
 \[
 = 1 \begin{vmatrix} 2 & -5 \\ 3 & -5 \end{vmatrix} - 0 \begin{vmatrix} 4 & -5 \\ -5 & -5 \end{vmatrix} + (-2) \begin{vmatrix} 4 & 2 \\ -5 & 3 \end{vmatrix}
 \]
 
 \[
 = 1(2 \times (-5) - (-5) \times 3) + (-2)(4 \times 3 - 2 \times (-5))
 \]
 
 \[
 = 1(-10 + 15) + (-2)(12 + 10)
 \]
 
 \[
 = 1 \times 5 + (-2) \times 22
 \]
 
 \[
 = 5 - 44 = -39
 \]
 
 Thus, \( C_{14} = (-1)^{1+4} \times (-39) = 39 \).
 
 ### Step 2: Calculate the Determinant
 
 Now, substitute the cofactors back into the determinant formula:
 
 \[
 \det(A) = (-4) \times 33 + 0 \times C_{12} + (-1) \times (-114) + 5 \times 39
 \]
 
 \[
 = -4 \times 33 + 0 + 114 + 5 \times 39
 \]
 
 \[
 = -132 + 114 + 195
 \]
 
 \[
 = -132 + 114 + 195 = 177
 \]
 
 Thus, the determinant of the matrix \( A \) is \(\boxed{177}\).","To find the determinant of the \(4 \times 4\) matrix \( A \), we will use the method of cofactor expansion along the first row. The matrix \( A \) is given by:
 
 \[
 A = \begin{bmatrix} 
 -4 & 0 & -1 & 5 \\ 
 1 & 0 & -2 & 5 \\ 
 4 & 2 & -5 & 2 \\ 
 -5 & 3 & -5 & 5 
 \end{bmatrix}
 \]
 
 The determinant of \( A \), denoted as \(\det(A)\), can be calculated using the formula:
 
 \[
 \det(A) = a_{11}C_{11} + a_{12}C_{12} + a_{13}C_{13} + a_{14}C_{14}
 \]
 
 where \( a_{ij} \) is the element in the \(i\)-th row and \(j\)-th column, and \( C_{ij} \) is the cofactor of \( a_{ij} \).
 
 ### Step 1: Calculate the Cofactors
 
 #### Cofactor \( C_{11} \)
 
 The minor of \( a_{11} = -4 \) is obtained by deleting the first row and first column:
 
 \[
 \begin{vmatrix}
 0 & -2 & 5 \\ 
 2 & -5 & 2 \\ 
 3 & -5 & 5 
 \end{vmatrix}
 \]
 
 Calculate this \(3 \times 3\) determinant:
 
 \[
 = 0 \begin{vmatrix} -5 & 2 \\ -5 & 5 \end{vmatrix} - (-2) \begin{vmatrix} 2 & 2 \\ 3 & 5 \end{vmatrix} + 5 \begin{vmatrix} 2 & -5 \\ 3 & -5 \end{vmatrix}
 \]
 
 \[
 = 0 - (-2)(2 \times 5 - 2 \times 3) + 5(2 \times (-5) - (-5) \times 3)
 \]
 
 \[
 = 0 + 2(10 - 6) + 5(-10 + 15)
 \]
 
 \[
 = 0 + 2 \times 4 + 5 \times 5
 \]
 
 \[
 = 0 + 8 + 25 = 33
 \]
 
 Thus, \( C_{11} = (-1)^{1+1} \times 33 = 33 \).
 
 #### Cofactor \( C_{12} \)
 
 The element \( a_{12} = 0 \), so \( C_{12} \) does not contribute to the determinant.
 
 #### Cofactor \( C_{13} \)
 
 The minor of \( a_{13} = -1 \) is:
 
 \[
 \begin{vmatrix}
 1 & 0 & 5 \\ 
 4 & 2 & 2 \\ 
 -5 & 3 & 5 
 \end{vmatrix}
 \]
 
 Calculate this \(3 \times 3\) determinant:
 
 \[
 = 1 \begin{vmatrix} 2 & 2 \\ 3 & 5 \end{vmatrix} - 0 \begin{vmatrix} 4 & 2 \\ -5 & 5 \end{vmatrix} + 5 \begin{vmatrix} 4 & 2 \\ -5 & 3 \end{vmatrix}
 \]
 
 \[
 = 1(2 \times 5 - 2 \times 3) + 5(4 \times 3 - 2 \times (-5))
 \]
 
 \[
 = 1(10 - 6) + 5(12 + 10)
 \]
 
 \[
 = 1 \times 4 + 5 \times 22
 \]
 
 \[
 = 4 + 110 = 114
 \]
 
 Thus, \( C_{13} = (-1)^{1+3} \times 114 = -114 \).
 
 #### Cofactor \( C_{14} \)
 
 The minor of \( a_{14} = 5 \) is:
 
 \[
 \begin{vmatrix}
 1 & 0 & -2 \\ 
 4 & 2 & -5 \\ 
 -5 & 3 & -5 
 \end{vmatrix}
 \]
 
 Calculate this \(3 \times 3\) determinant:
 
 \[
 = 1 \begin{vmatrix} 2 & -5 \\ 3 & -5 \end{vmatrix} - 0 \begin{vmatrix} 4 & -5 \\ -5 & -5 \end{vmatrix} + (-2) \begin{vmatrix} 4 & 2 \\ -5 & 3 \end{vmatrix}
 \]
 
 \[
 = 1(2 \times (-5) - (-5) \times 3) + (-2)(4 \times 3 - 2 \times (-5))
 \]
 
 \[
 = 1(-10 + 15) + (-2)(12 + 10)
 \]
 
 \[
 = 1 \times 5 + (-2) \times 22
 \]
 
 \[
 = 5 - 44 = -39
 \]
 
 Thus, \( C_{14} = (-1)^{1+4} \times (-39) = 39 \).
 
 ### Step 2: Calculate the Determinant
 
 Now, substitute the cofactors back into the determinant formula:
 
 \[
 \det(A) = (-4) \times 33 + 0 \times C_{12} + (-1) \times (-114) + 5 \times 39
 \]
 
 \[
 = -4 \times 33 + 0 + 114 + 5 \times 39
 \]
 
 \[
 = -132 + 114 + 195
 \]
 
 \[
 = -132 + 114 + 195 = 177
 \]
 
 Thus, the determinant of the matrix \( A \) is \(\boxed{177}\)."," (-1)^{1+3} \times 114 = [-]114 \).
 
 #### Cofactor ",171,S1_exact|archive_workshop
C_4x4_det_009_arch,Phi-4,determinant,4,Rule_Interference,det,failure,\det(A) = -60,+,-,3321,"<|im_start|>user<|im_sep|>A = \begin{bmatrix} 2 & 0 & -5 & -3 \\ 1 & 5 & 3 & 4 \\ -5 & -5 & 1 & -4 \\ 2 & 4 & -4 & -1 \end{bmatrix}<|im_end|><|im_start|>assistant<|im_sep|>To find the determinant of the \(4 \times 4\) matrix \( A \), we can use cofactor expansion along the first row. The matrix \( A \) is given by:
 
 \[
 A = \begin{bmatrix} 
 2 & 0 & -5 & -3 \\ 
 1 & 5 & 3 & 4 \\ 
 -5 & -5 & 1 & -4 \\ 
 2 & 4 & -4 & -1 
 \end{bmatrix}
 \]
 
 The determinant of \( A \), denoted as \(\det(A)\), can be expanded along the first row:
 
 \[
 \det(A) = 2 \cdot \det(A_{11}) - 0 \cdot \det(A_{12}) - 5 \cdot \det(A_{13}) - 3 \cdot \det(A_{14})
 \]
 
 where \( A_{ij} \) is the \((i,j)\)-minor of \( A \), obtained by deleting the \(i\)-th row and \(j\)-th column.
 
 ### Step 1: Calculate \(\det(A_{11})\)
 
 The minor \( A_{11} \) is:
 
 \[
 A_{11} = \begin{bmatrix} 
 5 & 3 & 4 \\ 
 -5 & 1 & -4 \\ 
 4 & -4 & -1 
 \end{bmatrix}
 \]
 
 The determinant of \( A_{11} \) is:
 
 \[
 \det(A_{11}) = 5 \begin{vmatrix} 1 & -4 \\ -4 & -1 \end{vmatrix} - 3 \begin{vmatrix} -5 & -4 \\ 4 & -1 \end{vmatrix} + 4 \begin{vmatrix} -5 & 1 \\ 4 & -4 \end{vmatrix}
 \]
 
 Calculating each \(2 \times 2\) determinant:
 
 \[
 \begin{vmatrix} 1 & -4 \\ -4 & -1 \end{vmatrix} = (1)(-1) - (-4)(-4) = -1 - 16 = -17
 \]
 
 \[
 \begin{vmatrix} -5 & -4 \\ 4 & -1 \end{vmatrix} = (-5)(-1) - (-4)(4) = 5 + 16 = 21
 \]
 
 \[
 \begin{vmatrix} -5 & 1 \\ 4 & -4 \end{vmatrix} = (-5)(-4) - (1)(4) = 20 - 4 = 16
 \]
 
 Substituting back:
 
 \[
 \det(A_{11}) = 5(-17) - 3(21) + 4(16) = -85 - 63 + 64 = -84
 \]
 
 ### Step 2: Calculate \(\det(A_{13})\)
 
 The minor \( A_{13} \) is:
 
 \[
 A_{13} = \begin{bmatrix} 
 1 & 5 & 4 \\ 
 -5 & -5 & -4 \\ 
 2 & 4 & -1 
 \end{bmatrix}
 \]
 
 The determinant of \( A_{13} \) is:
 
 \[
 \det(A_{13}) = 1 \begin{vmatrix} -5 & -4 \\ 4 & -1 \end{vmatrix} - 5 \begin{vmatrix} -5 & -4 \\ 2 & -1 \end{vmatrix} + 4 \begin{vmatrix} -5 & -5 \\ 2 & 4 \end{vmatrix}
 \]
 
 Calculating each \(2 \times 2\) determinant:
 
 \[
 \begin{vmatrix} -5 & -4 \\ 4 & -1 \end{vmatrix} = (-5)(-1) - (-4)(4) = 5 + 16 = 21
 \]
 
 \[
 \begin{vmatrix} -5 & -4 \\ 2 & -1 \end{vmatrix} = (-5)(-1) - (-4)(2) = 5 + 8 = 13
 \]
 
 \[
 \begin{vmatrix} -5 & -5 \\ 2 & 4 \end{vmatrix} = (-5)(4) - (-5)(2) = -20 + 10 = -10
 \]
 
 Substituting back:
 
 \[
 \det(A_{13}) = 1(21) - 5(13) + 4(-10) = 21 - 65 - 40 = -84
 \]
 
 ### Step 3: Calculate \(\det(A_{14})\)
 
 The minor \( A_{14} \) is:
 
 \[
 A_{14} = \begin{bmatrix} 
 1 & 5 & 3 \\ 
 -5 & -5 & 1 \\ 
 2 & 4 & -4 
 \end{bmatrix}
 \]
 
 The determinant of \( A_{14} \) is:
 
 \[
 \det(A_{14}) = 1 \begin{vmatrix} -5 & 1 \\ 4 & -4 \end{vmatrix} - 5 \begin{vmatrix} -5 & 1 \\ 2 & -4 \end{vmatrix} + 3 \begin{vmatrix} -5 & -5 \\ 2 & 4 \end{vmatrix}
 \]
 
 Calculating each \(2 \times 2\) determinant:
 
 \[
 \begin{vmatrix} -5 & 1 \\ 4 & -4 \end{vmatrix} = (-5)(-4) - (1)(4) = 20 - 4 = 16
 \]
 
 \[
 \begin{vmatrix} -5 & 1 \\ 2 & -4 \end{vmatrix} = (-5)(-4) - (1)(2) = 20 - 2 = 18
 \]
 
 \[
 \begin{vmatrix} -5 & -5 \\ 2 & 4 \end{vmatrix} = (-5)(4) - (-5)(2) = -20 + 10 = -10
 \]
 
 Substituting back:
 
 \[
 \det(A_{14}) = 1(16) - 5(18) + 3(-10) = 16 - 90 - 30 = -104
 \]
 
 ### Final Calculation
 
 Substitute the determinants of the minors back into the cofactor expansion:
 
 \[
 \det(A) = 2(-84) - 0 + 5(-84) - 3(-104)
 \]
 
 \[
 = -168 - 420 + 312
 \]
 
 \[
 = -588 + 312 = -276
 \]
 
 Thus, the determinant of the matrix \( A \) is \(\boxed{-276}\).","To find the determinant of the \(4 \times 4\) matrix \( A \), we can use cofactor expansion along the first row. The matrix \( A \) is given by:
 
 \[
 A = \begin{bmatrix} 
 2 & 0 & -5 & -3 \\ 
 1 & 5 & 3 & 4 \\ 
 -5 & -5 & 1 & -4 \\ 
 2 & 4 & -4 & -1 
 \end{bmatrix}
 \]
 
 The determinant of \( A \), denoted as \(\det(A)\), can be expanded along the first row:
 
 \[
 \det(A) = 2 \cdot \det(A_{11}) - 0 \cdot \det(A_{12}) - 5 \cdot \det(A_{13}) - 3 \cdot \det(A_{14})
 \]
 
 where \( A_{ij} \) is the \((i,j)\)-minor of \( A \), obtained by deleting the \(i\)-th row and \(j\)-th column.
 
 ### Step 1: Calculate \(\det(A_{11})\)
 
 The minor \( A_{11} \) is:
 
 \[
 A_{11} = \begin{bmatrix} 
 5 & 3 & 4 \\ 
 -5 & 1 & -4 \\ 
 4 & -4 & -1 
 \end{bmatrix}
 \]
 
 The determinant of \( A_{11} \) is:
 
 \[
 \det(A_{11}) = 5 \begin{vmatrix} 1 & -4 \\ -4 & -1 \end{vmatrix} - 3 \begin{vmatrix} -5 & -4 \\ 4 & -1 \end{vmatrix} + 4 \begin{vmatrix} -5 & 1 \\ 4 & -4 \end{vmatrix}
 \]
 
 Calculating each \(2 \times 2\) determinant:
 
 \[
 \begin{vmatrix} 1 & -4 \\ -4 & -1 \end{vmatrix} = (1)(-1) - (-4)(-4) = -1 - 16 = -17
 \]
 
 \[
 \begin{vmatrix} -5 & -4 \\ 4 & -1 \end{vmatrix} = (-5)(-1) - (-4)(4) = 5 + 16 = 21
 \]
 
 \[
 \begin{vmatrix} -5 & 1 \\ 4 & -4 \end{vmatrix} = (-5)(-4) - (1)(4) = 20 - 4 = 16
 \]
 
 Substituting back:
 
 \[
 \det(A_{11}) = 5(-17) - 3(21) + 4(16) = -85 - 63 + 64 = -84
 \]
 
 ### Step 2: Calculate \(\det(A_{13})\)
 
 The minor \( A_{13} \) is:
 
 \[
 A_{13} = \begin{bmatrix} 
 1 & 5 & 4 \\ 
 -5 & -5 & -4 \\ 
 2 & 4 & -1 
 \end{bmatrix}
 \]
 
 The determinant of \( A_{13} \) is:
 
 \[
 \det(A_{13}) = 1 \begin{vmatrix} -5 & -4 \\ 4 & -1 \end{vmatrix} - 5 \begin{vmatrix} -5 & -4 \\ 2 & -1 \end{vmatrix} + 4 \begin{vmatrix} -5 & -5 \\ 2 & 4 \end{vmatrix}
 \]
 
 Calculating each \(2 \times 2\) determinant:
 
 \[
 \begin{vmatrix} -5 & -4 \\ 4 & -1 \end{vmatrix} = (-5)(-1) - (-4)(4) = 5 + 16 = 21
 \]
 
 \[
 \begin{vmatrix} -5 & -4 \\ 2 & -1 \end{vmatrix} = (-5)(-1) - (-4)(2) = 5 + 8 = 13
 \]
 
 \[
 \begin{vmatrix} -5 & -5 \\ 2 & 4 \end{vmatrix} = (-5)(4) - (-5)(2) = -20 + 10 = -10
 \]
 
 Substituting back:
 
 \[
 \det(A_{13}) = 1(21) - 5(13) + 4(-10) = 21 - 65 - 40 = -84
 \]
 
 ### Step 3: Calculate \(\det(A_{14})\)
 
 The minor \( A_{14} \) is:
 
 \[
 A_{14} = \begin{bmatrix} 
 1 & 5 & 3 \\ 
 -5 & -5 & 1 \\ 
 2 & 4 & -4 
 \end{bmatrix}
 \]
 
 The determinant of \( A_{14} \) is:
 
 \[
 \det(A_{14}) = 1 \begin{vmatrix} -5 & 1 \\ 4 & -4 \end{vmatrix} - 5 \begin{vmatrix} -5 & 1 \\ 2 & -4 \end{vmatrix} + 3 \begin{vmatrix} -5 & -5 \\ 2 & 4 \end{vmatrix}
 \]
 
 Calculating each \(2 \times 2\) determinant:
 
 \[
 \begin{vmatrix} -5 & 1 \\ 4 & -4 \end{vmatrix} = (-5)(-4) - (1)(4) = 20 - 4 = 16
 \]
 
 \[
 \begin{vmatrix} -5 & 1 \\ 2 & -4 \end{vmatrix} = (-5)(-4) - (1)(2) = 20 - 2 = 18
 \]
 
 \[
 \begin{vmatrix} -5 & -5 \\ 2 & 4 \end{vmatrix} = (-5)(4) - (-5)(2) = -20 + 10 = -10
 \]
 
 Substituting back:
 
 \[
 \det(A_{14}) = 1(16) - 5(18) + 3(-10) = 16 - 90 - 30 = -104
 \]
 
 ### Final Calculation
 
 Substitute the determinants of the minors back into the cofactor expansion:
 
 \[
 \det(A) = 2(-84) - 0 + 5(-84) - 3(-104)
 \]
 
 \[
 = -168 - 420 + 312
 \]
 
 \[
 = -588 + 312 = -276
 \]
 
 Thus, the determinant of the matrix \( A \) is \(\boxed{-276}\).","\[
 \det(A) = 2(-84) - 0 [+] 5(-84) - 3(-104)
 \]
 
 ",172,S1_exact|archive_workshop
C_4x4_det_010_arch,Phi-4,determinant,4,Rule_Interference,det,failure,\det(A) = -24,-,+,629,"<|im_start|>user<|im_sep|>A = \begin{bmatrix} -2 & 0 & -1 & -2 \\ -1 & -3 & 4 & -4 \\ 1 & 4 & -5 & 3 \\ -1 & -1 & -1 & -2 \end{bmatrix}<|im_end|><|im_start|>assistant<|im_sep|>To find the determinant of the \(4 \times 4\) matrix \( A \), we can use cofactor expansion along the first row. The matrix \( A \) is given by:
 
 \[
 A = \begin{bmatrix} 
 -2 & 0 & -1 & -2 \\ 
 -1 & -3 & 4 & -4 \\ 
 1 & 4 & -5 & 3 \\ 
 -1 & -1 & -1 & -2 
 \end{bmatrix}
 \]
 
 The determinant of \( A \), denoted as \(\det(A)\), can be expanded along the first row:
 
 \[
 \det(A) = -2 \cdot \det(A_{11}) - 0 \cdot \det(A_{12}) - 1 \cdot \det(A_{13}) - 2 \cdot \det(A_{14})
 \]
 
 where \( A_{ij} \) is the \((i,j)\)-minor of \( A \), obtained by deleting the \(i\)-th row and \(j\)-th column.
 
 ### Step 1: Calculate \(\det(A_{11})\)
 
 The minor \( A_{11} \) is:
 
 \[
 A_{11} = \begin{bmatrix} 
 -3 & 4 & -4 \\ 
 4 & -5 & 3 \\ 
 -1 & -1 & -2 
 \end{bmatrix}
 \]
 
 The determinant of this \(3 \times 3\) matrix is:
 
 \[
 \det(A_{11}) = (-3) \begin{vmatrix} -5 & 3 \\ -1 & -2 \end{vmatrix} - 4 \begin{vmatrix} 4 & 3 \\ -1 & -2 \end{vmatrix} - 4 \begin{vmatrix} 4 & -5 \\ -1 & -1 \end{vmatrix}
 \]
 
 Calculating each \(2 \times 2\) determinant:
 
 \[
 \begin{vmatrix} -5 & 3 \\ -1 & -2 \end{vmatrix} = (-5)(-2) - (3)(-1) = 10 + 3 = 13
 \]
 
 \[
 \begin{vmatrix} 4 & 3 \\ -1 & -2 \end{vmatrix} = (4)(-2) - (3)(-1) = -8 + 3 = -5
 \]
 
 \[
 \begin{vmatrix} 4 & -5 \\ -1 & -1 \end{vmatrix} = (4)(-1) - (-5)(-1) = -4 - 5 = -9
 \]
 
 Substituting back:
 
 \[
 \det(A_{11}) = (-3)(13) - 4(-5) - 4(-9) = -39 + 20 + 36 = 17
 \]
 
 ### Step 2: Calculate \(\det(A_{13})\)
 
 The minor \( A_{13} \) is:
 
 \[
 A_{13} = \begin{bmatrix} 
 -1 & -3 & -4 \\ 
 1 & 4 & 3 \\ 
 -1 & -1 & -2 
 \end{bmatrix}
 \]
 
 The determinant of this \(3 \times 3\) matrix is:
 
 \[
 \det(A_{13}) = (-1) \begin{vmatrix} 4 & 3 \\ -1 & -2 \end{vmatrix} + 3 \begin{vmatrix} 1 & 3 \\ -1 & -2 \end{vmatrix} - 4 \begin{vmatrix} 1 & 4 \\ -1 & -1 \end{vmatrix}
 \]
 
 Calculating each \(2 \times 2\) determinant:
 
 \[
 \begin{vmatrix} 4 & 3 \\ -1 & -2 \end{vmatrix} = -5 \quad \text{(already calculated)}
 \]
 
 \[
 \begin{vmatrix} 1 & 3 \\ -1 & -2 \end{vmatrix} = (1)(-2) - (3)(-1) = -2 + 3 = 1
 \]
 
 \[
 \begin{vmatrix} 1 & 4 \\ -1 & -1 \end{vmatrix} = (1)(-1) - (4)(-1) = -1 + 4 = 3
 \]
 
 Substituting back:
 
 \[
 \det(A_{13}) = (-1)(-5) + 3(1) - 4(3) = 5 + 3 - 12 = -4
 \]
 
 ### Step 3: Calculate \(\det(A_{14})\)
 
 The minor \( A_{14} \) is:
 
 \[
 A_{14} = \begin{bmatrix} 
 -1 & -3 & 4 \\ 
 1 & 4 & -5 \\ 
 -1 & -1 & -1 
 \end{bmatrix}
 \]
 
 The determinant of this \(3 \times 3\) matrix is:
 
 \[
 \det(A_{14}) = (-1) \begin{vmatrix} 4 & -5 \\ -1 & -1 \end{vmatrix} + 3 \begin{vmatrix} 1 & -5 \\ -1 & -1 \end{vmatrix} + 4 \begin{vmatrix} 1 & 4 \\ -1 & -1 \end{vmatrix}
 \]
 
 Calculating each \(2 \times 2\) determinant:
 
 \[
 \begin{vmatrix} 4 & -5 \\ -1 & -1 \end{vmatrix} = -9 \quad \text{(already calculated)}
 \]
 
 \[
 \begin{vmatrix} 1 & -5 \\ -1 & -1 \end{vmatrix} = (1)(-1) - (-5)(-1) = -1 - 5 = -6
 \]
 
 \[
 \begin{vmatrix} 1 & 4 \\ -1 & -1 \end{vmatrix} = 3 \quad \text{(already calculated)}
 \]
 
 Substituting back:
 
 \[
 \det(A_{14}) = (-1)(-9) + 3(-6) + 4(3) = 9 - 18 + 12 = 3
 \]
 
 ### Final Calculation
 
 Substitute the determinants of the minors back into the cofactor expansion:
 
 \[
 \det(A) = -2 \cdot 17 - 1 \cdot (-4) - 2 \cdot 3 = -34 + 4 - 6 = -36
 \]
 
 Thus, the determinant of matrix \( A \) is:
 
 \[
 \boxed{-36}
 \]","To find the determinant of the \(4 \times 4\) matrix \( A \), we can use cofactor expansion along the first row. The matrix \( A \) is given by:
 
 \[
 A = \begin{bmatrix} 
 -2 & 0 & -1 & -2 \\ 
 -1 & -3 & 4 & -4 \\ 
 1 & 4 & -5 & 3 \\ 
 -1 & -1 & -1 & -2 
 \end{bmatrix}
 \]
 
 The determinant of \( A \), denoted as \(\det(A)\), can be expanded along the first row:
 
 \[
 \det(A) = -2 \cdot \det(A_{11}) - 0 \cdot \det(A_{12}) - 1 \cdot \det(A_{13}) - 2 \cdot \det(A_{14})
 \]
 
 where \( A_{ij} \) is the \((i,j)\)-minor of \( A \), obtained by deleting the \(i\)-th row and \(j\)-th column.
 
 ### Step 1: Calculate \(\det(A_{11})\)
 
 The minor \( A_{11} \) is:
 
 \[
 A_{11} = \begin{bmatrix} 
 -3 & 4 & -4 \\ 
 4 & -5 & 3 \\ 
 -1 & -1 & -2 
 \end{bmatrix}
 \]
 
 The determinant of this \(3 \times 3\) matrix is:
 
 \[
 \det(A_{11}) = (-3) \begin{vmatrix} -5 & 3 \\ -1 & -2 \end{vmatrix} - 4 \begin{vmatrix} 4 & 3 \\ -1 & -2 \end{vmatrix} - 4 \begin{vmatrix} 4 & -5 \\ -1 & -1 \end{vmatrix}
 \]
 
 Calculating each \(2 \times 2\) determinant:
 
 \[
 \begin{vmatrix} -5 & 3 \\ -1 & -2 \end{vmatrix} = (-5)(-2) - (3)(-1) = 10 + 3 = 13
 \]
 
 \[
 \begin{vmatrix} 4 & 3 \\ -1 & -2 \end{vmatrix} = (4)(-2) - (3)(-1) = -8 + 3 = -5
 \]
 
 \[
 \begin{vmatrix} 4 & -5 \\ -1 & -1 \end{vmatrix} = (4)(-1) - (-5)(-1) = -4 - 5 = -9
 \]
 
 Substituting back:
 
 \[
 \det(A_{11}) = (-3)(13) - 4(-5) - 4(-9) = -39 + 20 + 36 = 17
 \]
 
 ### Step 2: Calculate \(\det(A_{13})\)
 
 The minor \( A_{13} \) is:
 
 \[
 A_{13} = \begin{bmatrix} 
 -1 & -3 & -4 \\ 
 1 & 4 & 3 \\ 
 -1 & -1 & -2 
 \end{bmatrix}
 \]
 
 The determinant of this \(3 \times 3\) matrix is:
 
 \[
 \det(A_{13}) = (-1) \begin{vmatrix} 4 & 3 \\ -1 & -2 \end{vmatrix} + 3 \begin{vmatrix} 1 & 3 \\ -1 & -2 \end{vmatrix} - 4 \begin{vmatrix} 1 & 4 \\ -1 & -1 \end{vmatrix}
 \]
 
 Calculating each \(2 \times 2\) determinant:
 
 \[
 \begin{vmatrix} 4 & 3 \\ -1 & -2 \end{vmatrix} = -5 \quad \text{(already calculated)}
 \]
 
 \[
 \begin{vmatrix} 1 & 3 \\ -1 & -2 \end{vmatrix} = (1)(-2) - (3)(-1) = -2 + 3 = 1
 \]
 
 \[
 \begin{vmatrix} 1 & 4 \\ -1 & -1 \end{vmatrix} = (1)(-1) - (4)(-1) = -1 + 4 = 3
 \]
 
 Substituting back:
 
 \[
 \det(A_{13}) = (-1)(-5) + 3(1) - 4(3) = 5 + 3 - 12 = -4
 \]
 
 ### Step 3: Calculate \(\det(A_{14})\)
 
 The minor \( A_{14} \) is:
 
 \[
 A_{14} = \begin{bmatrix} 
 -1 & -3 & 4 \\ 
 1 & 4 & -5 \\ 
 -1 & -1 & -1 
 \end{bmatrix}
 \]
 
 The determinant of this \(3 \times 3\) matrix is:
 
 \[
 \det(A_{14}) = (-1) \begin{vmatrix} 4 & -5 \\ -1 & -1 \end{vmatrix} + 3 \begin{vmatrix} 1 & -5 \\ -1 & -1 \end{vmatrix} + 4 \begin{vmatrix} 1 & 4 \\ -1 & -1 \end{vmatrix}
 \]
 
 Calculating each \(2 \times 2\) determinant:
 
 \[
 \begin{vmatrix} 4 & -5 \\ -1 & -1 \end{vmatrix} = -9 \quad \text{(already calculated)}
 \]
 
 \[
 \begin{vmatrix} 1 & -5 \\ -1 & -1 \end{vmatrix} = (1)(-1) - (-5)(-1) = -1 - 5 = -6
 \]
 
 \[
 \begin{vmatrix} 1 & 4 \\ -1 & -1 \end{vmatrix} = 3 \quad \text{(already calculated)}
 \]
 
 Substituting back:
 
 \[
 \det(A_{14}) = (-1)(-9) + 3(-6) + 4(3) = 9 - 18 + 12 = 3
 \]
 
 ### Final Calculation
 
 Substitute the determinants of the minors back into the cofactor expansion:
 
 \[
 \det(A) = -2 \cdot 17 - 1 \cdot (-4) - 2 \cdot 3 = -34 + 4 - 6 = -36
 \]
 
 Thus, the determinant of matrix \( A \) is:
 
 \[
 \boxed{-36}
 \]",") - 1 \cdot \det(A_{13}) [-] 2 \cdot \det(A_{14})
 \]",176,S1_exact|archive_workshop
C_4x4_det_012_arch,Phi-4,determinant,4,Operation_Direction,det,failure,\det(A) = -314,-,+,572,"<|im_start|>user<|im_sep|>A = \begin{bmatrix} 4 & 4 & -3 & -1 \\ 4 & 1 & -5 & -4 \\ 2 & -5 & -2 & 3 \\ 2 & -1 & -5 & -1 \end{bmatrix}<|im_end|><|im_start|>assistant<|im_sep|>To find the determinant of the \(4 \times 4\) matrix \( A \), we can use cofactor expansion along the first row. The matrix \( A \) is given by:
 
 \[
 A = \begin{bmatrix} 
 4 & 4 & -3 & -1 \\ 
 4 & 1 & -5 & -4 \\ 
 2 & -5 & -2 & 3 \\ 
 2 & -1 & -5 & -1 
 \end{bmatrix}
 \]
 
 The determinant of \( A \), denoted as \(\det(A)\), can be expanded along the first row:
 
 \[
 \det(A) = 4 \cdot C_{11} - 4 \cdot C_{12} - 3 \cdot C_{13} - 1 \cdot C_{14}
 \]
 
 where \( C_{ij} \) is the cofactor of the element in the \(i\)-th row and \(j\)-th column. The cofactor \( C_{ij} \) is given by:
 
 \[
 C_{ij} = (-1)^{i+j} \det(M_{ij})
 \]
 
 where \( M_{ij} \) is the \((n-1) \times (n-1)\) submatrix obtained by deleting the \(i\)-th row and \(j\)-th column from \( A \).
 
 ### Step 1: Calculate \( C_{11} \)
 
 The submatrix \( M_{11} \) is:
 
 \[
 M_{11} = \begin{bmatrix} 
 1 & -5 & -4 \\ 
 -5 & -2 & 3 \\ 
 -1 & -5 & -1 
 \end{bmatrix}
 \]
 
 The determinant of \( M_{11} \) is:
 
 \[
 \det(M_{11}) = 1 \begin{vmatrix} -2 & 3 \\ -5 & -1 \end{vmatrix} - (-5) \begin{vmatrix} -5 & 3 \\ -1 & -1 \end{vmatrix} - 4 \begin{vmatrix} -5 & -2 \\ -1 & -5 \end{vmatrix}
 \]
 
 Calculating each \(2 \times 2\) determinant:
 
 \[
 \begin{vmatrix} -2 & 3 \\ -5 & -1 \end{vmatrix} = (-2)(-1) - (3)(-5) = 2 + 15 = 17
 \]
 
 \[
 \begin{vmatrix} -5 & 3 \\ -1 & -1 \end{vmatrix} = (-5)(-1) - (3)(-1) = 5 + 3 = 8
 \]
 
 \[
 \begin{vmatrix} -5 & -2 \\ -1 & -5 \end{vmatrix} = (-5)(-5) - (-2)(-1) = 25 - 2 = 23
 \]
 
 Substituting back:
 
 \[
 \det(M_{11}) = 1 \cdot 17 + 5 \cdot 8 - 4 \cdot 23 = 17 + 40 - 92 = -35
 \]
 
 Thus, \( C_{11} = (-1)^{1+1} \cdot (-35) = -35 \).
 
 ### Step 2: Calculate \( C_{12} \)
 
 The submatrix \( M_{12} \) is:
 
 \[
 M_{12} = \begin{bmatrix} 
 4 & -5 & -4 \\ 
 2 & -2 & 3 \\ 
 2 & -5 & -1 
 \end{bmatrix}
 \]
 
 The determinant of \( M_{12} \) is:
 
 \[
 \det(M_{12}) = 4 \begin{vmatrix} -2 & 3 \\ -5 & -1 \end{vmatrix} - (-5) \begin{vmatrix} 2 & 3 \\ 2 & -1 \end{vmatrix} - 4 \begin{vmatrix} 2 & -2 \\ 2 & -5 \end{vmatrix}
 \]
 
 Calculating each \(2 \times 2\) determinant:
 
 \[
 \begin{vmatrix} -2 & 3 \\ -5 & -1 \end{vmatrix} = 17 \quad \text{(already calculated)}
 \]
 
 \[
 \begin{vmatrix} 2 & 3 \\ 2 & -1 \end{vmatrix} = (2)(-1) - (3)(2) = -2 - 6 = -8
 \]
 
 \[
 \begin{vmatrix} 2 & -2 \\ 2 & -5 \end{vmatrix} = (2)(-5) - (-2)(2) = -10 + 4 = -6
 \]
 
 Substituting back:
 
 \[
 \det(M_{12}) = 4 \cdot 17 + 5 \cdot (-8) - 4 \cdot (-6) = 68 - 40 + 24 = 52
 \]
 
 Thus, \( C_{12} = (-1)^{1+2} \cdot 52 = -52 \).
 
 ### Step 3: Calculate \( C_{13} \)
 
 The submatrix \( M_{13} \) is:
 
 \[
 M_{13} = \begin{bmatrix} 
 4 & 1 & -4 \\ 
 2 & -5 & 3 \\ 
 2 & -1 & -1 
 \end{bmatrix}
 \]
 
 The determinant of \( M_{13} \) is:
 
 \[
 \det(M_{13}) = 4 \begin{vmatrix} -5 & 3 \\ -1 & -1 \end{vmatrix} - 1 \begin{vmatrix} 2 & 3 \\ 2 & -1 \end{vmatrix} - 4 \begin{vmatrix} 2 & -5 \\ 2 & -1 \end{vmatrix}
 \]
 
 Calculating each \(2 \times 2\) determinant:
 
 \[
 \begin{vmatrix} -5 & 3 \\ -1 & -1 \end{vmatrix} = 8 \quad \text{(already calculated)}
 \]
 
 \[
 \begin{vmatrix} 2 & 3 \\ 2 & -1 \end{vmatrix} = -8 \quad \text{(already calculated)}
 \]
 
 \[
 \begin{vmatrix} 2 & -5 \\ 2 & -1 \end{vmatrix} = (2)(-1) - (-5)(2) = -2 + 10 = 8
 \]
 
 Substituting back:
 
 \[
 \det(M_{13}) = 4 \cdot 8 - 1 \cdot (-8) - 4 \cdot 8 = 32 + 8 - 32 = 8
 \]
 
 Thus, \( C_{13} = (-1)^{1+3} \cdot 8 = 8 \).
 
 ### Step 4: Calculate \( C_{14} \)
 
 The submatrix \( M_{14} \) is:
 
 \[
 M_{14} = \begin{bmatrix} 
 4 & 1 & -5 \\ 
 2 & -5 & -2 \\ 
 2 & -1 & -5 
 \end{bmatrix}
 \]
 
 The determinant of \( M_{14} \) is:
 
 \[
 \det(M_{14}) = 4 \begin{vmatrix} -5 & -2 \\ -1 & -5 \end{vmatrix} - 1 \begin{vmatrix} 2 & -2 \\ 2 & -5 \end{vmatrix} - 5 \begin{vmatrix} 2 & -5 \\ 2 & -1 \end{vmatrix}
 \]
 
 Calculating each \(2 \times 2\) determinant:
 
 \[
 \begin{vmatrix} -5 & -2 \\ -1 & -5 \end{vmatrix} = 23 \quad \text{(already calculated)}
 \]
 
 \[
 \begin{vmatrix} 2 & -2 \\ 2 & -5 \end{vmatrix} = -6 \quad \text{(already calculated)}
 \]
 
 \[
 \begin{vmatrix} 2 & -5 \\ 2 & -1 \end{vmatrix} = 8 \quad \text{(already calculated)}
 \]
 
 Substituting back:
 
 \[
 \det(M_{14}) = 4 \cdot 23 - 1 \cdot (-6) - 5 \cdot 8 = 92 + 6 - 40 = 58
 \]
 
 Thus, \( C_{14} = (-1)^{1+4} \cdot 58 = 58 \).
 
 ### Final Calculation
 
 Substitute the cofactors back into the determinant expansion:
 
 \[
 \det(A) = 4 \cdot (-35) - 4 \cdot (-52) - 3 \cdot 8 - 1 \cdot 58
 \]
 
 \[
 = -140 + 208 - 24 - 58
 \]
 
 \[
 = 68 - 24 - 58
 \]
 
 \[
 = 44 - 58
 \]
 
 \[
 = -14
 \]
 
 Thus, the determinant of the matrix \( A \) is \(\boxed{-14}\).","To find the determinant of the \(4 \times 4\) matrix \( A \), we can use cofactor expansion along the first row. The matrix \( A \) is given by:
 
 \[
 A = \begin{bmatrix} 
 4 & 4 & -3 & -1 \\ 
 4 & 1 & -5 & -4 \\ 
 2 & -5 & -2 & 3 \\ 
 2 & -1 & -5 & -1 
 \end{bmatrix}
 \]
 
 The determinant of \( A \), denoted as \(\det(A)\), can be expanded along the first row:
 
 \[
 \det(A) = 4 \cdot C_{11} - 4 \cdot C_{12} - 3 \cdot C_{13} - 1 \cdot C_{14}
 \]
 
 where \( C_{ij} \) is the cofactor of the element in the \(i\)-th row and \(j\)-th column. The cofactor \( C_{ij} \) is given by:
 
 \[
 C_{ij} = (-1)^{i+j} \det(M_{ij})
 \]
 
 where \( M_{ij} \) is the \((n-1) \times (n-1)\) submatrix obtained by deleting the \(i\)-th row and \(j\)-th column from \( A \).
 
 ### Step 1: Calculate \( C_{11} \)
 
 The submatrix \( M_{11} \) is:
 
 \[
 M_{11} = \begin{bmatrix} 
 1 & -5 & -4 \\ 
 -5 & -2 & 3 \\ 
 -1 & -5 & -1 
 \end{bmatrix}
 \]
 
 The determinant of \( M_{11} \) is:
 
 \[
 \det(M_{11}) = 1 \begin{vmatrix} -2 & 3 \\ -5 & -1 \end{vmatrix} - (-5) \begin{vmatrix} -5 & 3 \\ -1 & -1 \end{vmatrix} - 4 \begin{vmatrix} -5 & -2 \\ -1 & -5 \end{vmatrix}
 \]
 
 Calculating each \(2 \times 2\) determinant:
 
 \[
 \begin{vmatrix} -2 & 3 \\ -5 & -1 \end{vmatrix} = (-2)(-1) - (3)(-5) = 2 + 15 = 17
 \]
 
 \[
 \begin{vmatrix} -5 & 3 \\ -1 & -1 \end{vmatrix} = (-5)(-1) - (3)(-1) = 5 + 3 = 8
 \]
 
 \[
 \begin{vmatrix} -5 & -2 \\ -1 & -5 \end{vmatrix} = (-5)(-5) - (-2)(-1) = 25 - 2 = 23
 \]
 
 Substituting back:
 
 \[
 \det(M_{11}) = 1 \cdot 17 + 5 \cdot 8 - 4 \cdot 23 = 17 + 40 - 92 = -35
 \]
 
 Thus, \( C_{11} = (-1)^{1+1} \cdot (-35) = -35 \).
 
 ### Step 2: Calculate \( C_{12} \)
 
 The submatrix \( M_{12} \) is:
 
 \[
 M_{12} = \begin{bmatrix} 
 4 & -5 & -4 \\ 
 2 & -2 & 3 \\ 
 2 & -5 & -1 
 \end{bmatrix}
 \]
 
 The determinant of \( M_{12} \) is:
 
 \[
 \det(M_{12}) = 4 \begin{vmatrix} -2 & 3 \\ -5 & -1 \end{vmatrix} - (-5) \begin{vmatrix} 2 & 3 \\ 2 & -1 \end{vmatrix} - 4 \begin{vmatrix} 2 & -2 \\ 2 & -5 \end{vmatrix}
 \]
 
 Calculating each \(2 \times 2\) determinant:
 
 \[
 \begin{vmatrix} -2 & 3 \\ -5 & -1 \end{vmatrix} = 17 \quad \text{(already calculated)}
 \]
 
 \[
 \begin{vmatrix} 2 & 3 \\ 2 & -1 \end{vmatrix} = (2)(-1) - (3)(2) = -2 - 6 = -8
 \]
 
 \[
 \begin{vmatrix} 2 & -2 \\ 2 & -5 \end{vmatrix} = (2)(-5) - (-2)(2) = -10 + 4 = -6
 \]
 
 Substituting back:
 
 \[
 \det(M_{12}) = 4 \cdot 17 + 5 \cdot (-8) - 4 \cdot (-6) = 68 - 40 + 24 = 52
 \]
 
 Thus, \( C_{12} = (-1)^{1+2} \cdot 52 = -52 \).
 
 ### Step 3: Calculate \( C_{13} \)
 
 The submatrix \( M_{13} \) is:
 
 \[
 M_{13} = \begin{bmatrix} 
 4 & 1 & -4 \\ 
 2 & -5 & 3 \\ 
 2 & -1 & -1 
 \end{bmatrix}
 \]
 
 The determinant of \( M_{13} \) is:
 
 \[
 \det(M_{13}) = 4 \begin{vmatrix} -5 & 3 \\ -1 & -1 \end{vmatrix} - 1 \begin{vmatrix} 2 & 3 \\ 2 & -1 \end{vmatrix} - 4 \begin{vmatrix} 2 & -5 \\ 2 & -1 \end{vmatrix}
 \]
 
 Calculating each \(2 \times 2\) determinant:
 
 \[
 \begin{vmatrix} -5 & 3 \\ -1 & -1 \end{vmatrix} = 8 \quad \text{(already calculated)}
 \]
 
 \[
 \begin{vmatrix} 2 & 3 \\ 2 & -1 \end{vmatrix} = -8 \quad \text{(already calculated)}
 \]
 
 \[
 \begin{vmatrix} 2 & -5 \\ 2 & -1 \end{vmatrix} = (2)(-1) - (-5)(2) = -2 + 10 = 8
 \]
 
 Substituting back:
 
 \[
 \det(M_{13}) = 4 \cdot 8 - 1 \cdot (-8) - 4 \cdot 8 = 32 + 8 - 32 = 8
 \]
 
 Thus, \( C_{13} = (-1)^{1+3} \cdot 8 = 8 \).
 
 ### Step 4: Calculate \( C_{14} \)
 
 The submatrix \( M_{14} \) is:
 
 \[
 M_{14} = \begin{bmatrix} 
 4 & 1 & -5 \\ 
 2 & -5 & -2 \\ 
 2 & -1 & -5 
 \end{bmatrix}
 \]
 
 The determinant of \( M_{14} \) is:
 
 \[
 \det(M_{14}) = 4 \begin{vmatrix} -5 & -2 \\ -1 & -5 \end{vmatrix} - 1 \begin{vmatrix} 2 & -2 \\ 2 & -5 \end{vmatrix} - 5 \begin{vmatrix} 2 & -5 \\ 2 & -1 \end{vmatrix}
 \]
 
 Calculating each \(2 \times 2\) determinant:
 
 \[
 \begin{vmatrix} -5 & -2 \\ -1 & -5 \end{vmatrix} = 23 \quad \text{(already calculated)}
 \]
 
 \[
 \begin{vmatrix} 2 & -2 \\ 2 & -5 \end{vmatrix} = -6 \quad \text{(already calculated)}
 \]
 
 \[
 \begin{vmatrix} 2 & -5 \\ 2 & -1 \end{vmatrix} = 8 \quad \text{(already calculated)}
 \]
 
 Substituting back:
 
 \[
 \det(M_{14}) = 4 \cdot 23 - 1 \cdot (-6) - 5 \cdot 8 = 92 + 6 - 40 = 58
 \]
 
 Thus, \( C_{14} = (-1)^{1+4} \cdot 58 = 58 \).
 
 ### Final Calculation
 
 Substitute the cofactors back into the determinant expansion:
 
 \[
 \det(A) = 4 \cdot (-35) - 4 \cdot (-52) - 3 \cdot 8 - 1 \cdot 58
 \]
 
 \[
 = -140 + 208 - 24 - 58
 \]
 
 \[
 = 68 - 24 - 58
 \]
 
 \[
 = 44 - 58
 \]
 
 \[
 = -14
 \]
 
 Thus, the determinant of the matrix \( A \) is \(\boxed{-14}\).",\det(A) = 4 \cdot C_{11} [-] 4 \cdot C_{12} - 3 \cdot,174,S3_exact|archive_workshop
C_4x4_det_016_arch,Phi-4,determinant,4,Operation_Direction,det,failure,\det(A) = 388,-,+,570,"<|im_start|>user<|im_sep|>A = \begin{bmatrix} 4 & 5 & -4 & 2 \\ -5 & 0 & 0 & 4 \\ -3 & -2 & -5 & 3 \\ -5 & -2 & 3 & -1 \end{bmatrix}<|im_end|><|im_start|>assistant<|im_sep|>To find the determinant of the \(4 \times 4\) matrix \( A \), we can use cofactor expansion along the first row. The matrix \( A \) is given by:
 
 \[
 A = \begin{bmatrix} 
 4 & 5 & -4 & 2 \\ 
 -5 & 0 & 0 & 4 \\ 
 -3 & -2 & -5 & 3 \\ 
 -5 & -2 & 3 & -1 
 \end{bmatrix}
 \]
 
 The determinant of \( A \), denoted as \(\det(A)\), can be expanded along the first row:
 
 \[
 \det(A) = 4 \cdot C_{11} - 5 \cdot C_{12} - 4 \cdot C_{13} + 2 \cdot C_{14}
 \]
 
 where \( C_{ij} \) is the cofactor of the element in the \(i\)-th row and \(j\)-th column. The cofactor \( C_{ij} \) is given by:
 
 \[
 C_{ij} = (-1)^{i+j} \det(M_{ij})
 \]
 
 where \( M_{ij} \) is the \((n-1) \times (n-1)\) submatrix obtained by deleting the \(i\)-th row and \(j\)-th column from \( A \).
 
 ### Step 1: Calculate \( C_{11} \)
 
 The submatrix \( M_{11} \) is:
 
 \[
 M_{11} = \begin{bmatrix} 
 0 & 0 & 4 \\ 
 -2 & -5 & 3 \\ 
 -2 & 3 & -1 
 \end{bmatrix}
 \]
 
 The determinant of \( M_{11} \) is:
 
 \[
 \det(M_{11}) = 0 \cdot \begin{vmatrix} -5 & 3 \\ 3 & -1 \end{vmatrix} - 0 \cdot \begin{vmatrix} -2 & 3 \\ -2 & -1 \end{vmatrix} + 4 \cdot \begin{vmatrix} -2 & -5 \\ -2 & 3 \end{vmatrix}
 \]
 
 Calculating the \(2 \times 2\) determinant:
 
 \[
 \begin{vmatrix} -2 & -5 \\ -2 & 3 \end{vmatrix} = (-2)(3) - (-5)(-2) = -6 - 10 = -16
 \]
 
 Thus:
 
 \[
 \det(M_{11}) = 4 \cdot (-16) = -64
 \]
 
 So, \( C_{11} = (-1)^{1+1} \cdot (-64) = -64 \).
 
 ### Step 2: Calculate \( C_{12} \)
 
 The submatrix \( M_{12} \) is:
 
 \[
 M_{12} = \begin{bmatrix} 
 -5 & 0 & 4 \\ 
 -3 & -5 & 3 \\ 
 -5 & 3 & -1 
 \end{bmatrix}
 \]
 
 The determinant of \( M_{12} \) is:
 
 \[
 \det(M_{12}) = -5 \cdot \begin{vmatrix} -5 & 3 \\ 3 & -1 \end{vmatrix} - 0 \cdot \begin{vmatrix} -3 & 3 \\ -5 & -1 \end{vmatrix} + 4 \cdot \begin{vmatrix} -3 & -5 \\ -5 & 3 \end{vmatrix}
 \]
 
 Calculating the \(2 \times 2\) determinants:
 
 \[
 \begin{vmatrix} -5 & 3 \\ 3 & -1 \end{vmatrix} = (-5)(-1) - (3)(3) = 5 - 9 = -4
 \]
 
 \[
 \begin{vmatrix} -3 & -5 \\ -5 & 3 \end{vmatrix} = (-3)(3) - (-5)(-5) = -9 - 25 = -34
 \]
 
 Thus:
 
 \[
 \det(M_{12}) = -5 \cdot (-4) + 4 \cdot (-34) = 20 - 136 = -116
 \]
 
 So, \( C_{12} = (-1)^{1+2} \cdot (-116) = 116 \).
 
 ### Step 3: Calculate \( C_{13} \)
 
 The submatrix \( M_{13} \) is:
 
 \[
 M_{13} = \begin{bmatrix} 
 -5 & 0 & 4 \\ 
 -3 & -2 & 3 \\ 
 -5 & -2 & -1 
 \end{bmatrix}
 \]
 
 The determinant of \( M_{13} \) is:
 
 \[
 \det(M_{13}) = -5 \cdot \begin{vmatrix} -2 & 3 \\ -2 & -1 \end{vmatrix} - 0 \cdot \begin{vmatrix} -3 & 3 \\ -5 & -1 \end{vmatrix} + 4 \cdot \begin{vmatrix} -3 & -2 \\ -5 & -2 \end{vmatrix}
 \]
 
 Calculating the \(2 \times 2\) determinants:
 
 \[
 \begin{vmatrix} -2 & 3 \\ -2 & -1 \end{vmatrix} = (-2)(-1) - (3)(-2) = 2 + 6 = 8
 \]
 
 \[
 \begin{vmatrix} -3 & -2 \\ -5 & -2 \end{vmatrix} = (-3)(-2) - (-2)(-5) = 6 - 10 = -4
 \]
 
 Thus:
 
 \[
 \det(M_{13}) = -5 \cdot 8 + 4 \cdot (-4) = -40 - 16 = -56
 \]
 
 So, \( C_{13} = (-1)^{1+3} \cdot (-56) = -56 \).
 
 ### Step 4: Calculate \( C_{14} \)
 
 The submatrix \( M_{14} \) is:
 
 \[
 M_{14} = \begin{bmatrix} 
 -5 & 0 & 0 \\ 
 -3 & -2 & -5 \\ 
 -5 & -2 & 3 
 \end{bmatrix}
 \]
 
 The determinant of \( M_{14} \) is:
 
 \[
 \det(M_{14}) = -5 \cdot \begin{vmatrix} -2 & -5 \\ -2 & 3 \end{vmatrix} - 0 \cdot \begin{vmatrix} -3 & -5 \\ -5 & 3 \end{vmatrix} + 0 \cdot \begin{vmatrix} -3 & -2 \\ -5 & -2 \end{vmatrix}
 \]
 
 Calculating the \(2 \times 2\) determinant:
 
 \[
 \begin{vmatrix} -2 & -5 \\ -2 & 3 \end{vmatrix} = (-2)(3) - (-5)(-2) = -6 - 10 = -16
 \]
 
 Thus:
 
 \[
 \det(M_{14}) = -5 \cdot (-16) = 80
 \]
 
 So, \( C_{14} = (-1)^{1+4} \cdot 80 = 80 \).
 
 ### Final Calculation
 
 Substitute the cofactors back into the determinant expansion:
 
 \[
 \det(A) = 4 \cdot (-64) - 5 \cdot 116 - 4 \cdot (-56) + 2 \cdot 80
 \]
 
 Calculate each term:
 
 \[
 4 \cdot (-64) = -256
 \]
 \[
 -5 \cdot 116 = -580
 \]
 \[
 -4 \cdot (-56) = 224
 \]
 \[
 2 \cdot 80 = 160
 \]
 
 Add them together:
 
 \[
 \det(A) = -256 - 580 + 224 + 160 = -452
 \]
 
 Thus, the determinant of matrix \( A \) is:
 
 \[
 \boxed{-452}
 \]","To find the determinant of the \(4 \times 4\) matrix \( A \), we can use cofactor expansion along the first row. The matrix \( A \) is given by:
 
 \[
 A = \begin{bmatrix} 
 4 & 5 & -4 & 2 \\ 
 -5 & 0 & 0 & 4 \\ 
 -3 & -2 & -5 & 3 \\ 
 -5 & -2 & 3 & -1 
 \end{bmatrix}
 \]
 
 The determinant of \( A \), denoted as \(\det(A)\), can be expanded along the first row:
 
 \[
 \det(A) = 4 \cdot C_{11} - 5 \cdot C_{12} - 4 \cdot C_{13} + 2 \cdot C_{14}
 \]
 
 where \( C_{ij} \) is the cofactor of the element in the \(i\)-th row and \(j\)-th column. The cofactor \( C_{ij} \) is given by:
 
 \[
 C_{ij} = (-1)^{i+j} \det(M_{ij})
 \]
 
 where \( M_{ij} \) is the \((n-1) \times (n-1)\) submatrix obtained by deleting the \(i\)-th row and \(j\)-th column from \( A \).
 
 ### Step 1: Calculate \( C_{11} \)
 
 The submatrix \( M_{11} \) is:
 
 \[
 M_{11} = \begin{bmatrix} 
 0 & 0 & 4 \\ 
 -2 & -5 & 3 \\ 
 -2 & 3 & -1 
 \end{bmatrix}
 \]
 
 The determinant of \( M_{11} \) is:
 
 \[
 \det(M_{11}) = 0 \cdot \begin{vmatrix} -5 & 3 \\ 3 & -1 \end{vmatrix} - 0 \cdot \begin{vmatrix} -2 & 3 \\ -2 & -1 \end{vmatrix} + 4 \cdot \begin{vmatrix} -2 & -5 \\ -2 & 3 \end{vmatrix}
 \]
 
 Calculating the \(2 \times 2\) determinant:
 
 \[
 \begin{vmatrix} -2 & -5 \\ -2 & 3 \end{vmatrix} = (-2)(3) - (-5)(-2) = -6 - 10 = -16
 \]
 
 Thus:
 
 \[
 \det(M_{11}) = 4 \cdot (-16) = -64
 \]
 
 So, \( C_{11} = (-1)^{1+1} \cdot (-64) = -64 \).
 
 ### Step 2: Calculate \( C_{12} \)
 
 The submatrix \( M_{12} \) is:
 
 \[
 M_{12} = \begin{bmatrix} 
 -5 & 0 & 4 \\ 
 -3 & -5 & 3 \\ 
 -5 & 3 & -1 
 \end{bmatrix}
 \]
 
 The determinant of \( M_{12} \) is:
 
 \[
 \det(M_{12}) = -5 \cdot \begin{vmatrix} -5 & 3 \\ 3 & -1 \end{vmatrix} - 0 \cdot \begin{vmatrix} -3 & 3 \\ -5 & -1 \end{vmatrix} + 4 \cdot \begin{vmatrix} -3 & -5 \\ -5 & 3 \end{vmatrix}
 \]
 
 Calculating the \(2 \times 2\) determinants:
 
 \[
 \begin{vmatrix} -5 & 3 \\ 3 & -1 \end{vmatrix} = (-5)(-1) - (3)(3) = 5 - 9 = -4
 \]
 
 \[
 \begin{vmatrix} -3 & -5 \\ -5 & 3 \end{vmatrix} = (-3)(3) - (-5)(-5) = -9 - 25 = -34
 \]
 
 Thus:
 
 \[
 \det(M_{12}) = -5 \cdot (-4) + 4 \cdot (-34) = 20 - 136 = -116
 \]
 
 So, \( C_{12} = (-1)^{1+2} \cdot (-116) = 116 \).
 
 ### Step 3: Calculate \( C_{13} \)
 
 The submatrix \( M_{13} \) is:
 
 \[
 M_{13} = \begin{bmatrix} 
 -5 & 0 & 4 \\ 
 -3 & -2 & 3 \\ 
 -5 & -2 & -1 
 \end{bmatrix}
 \]
 
 The determinant of \( M_{13} \) is:
 
 \[
 \det(M_{13}) = -5 \cdot \begin{vmatrix} -2 & 3 \\ -2 & -1 \end{vmatrix} - 0 \cdot \begin{vmatrix} -3 & 3 \\ -5 & -1 \end{vmatrix} + 4 \cdot \begin{vmatrix} -3 & -2 \\ -5 & -2 \end{vmatrix}
 \]
 
 Calculating the \(2 \times 2\) determinants:
 
 \[
 \begin{vmatrix} -2 & 3 \\ -2 & -1 \end{vmatrix} = (-2)(-1) - (3)(-2) = 2 + 6 = 8
 \]
 
 \[
 \begin{vmatrix} -3 & -2 \\ -5 & -2 \end{vmatrix} = (-3)(-2) - (-2)(-5) = 6 - 10 = -4
 \]
 
 Thus:
 
 \[
 \det(M_{13}) = -5 \cdot 8 + 4 \cdot (-4) = -40 - 16 = -56
 \]
 
 So, \( C_{13} = (-1)^{1+3} \cdot (-56) = -56 \).
 
 ### Step 4: Calculate \( C_{14} \)
 
 The submatrix \( M_{14} \) is:
 
 \[
 M_{14} = \begin{bmatrix} 
 -5 & 0 & 0 \\ 
 -3 & -2 & -5 \\ 
 -5 & -2 & 3 
 \end{bmatrix}
 \]
 
 The determinant of \( M_{14} \) is:
 
 \[
 \det(M_{14}) = -5 \cdot \begin{vmatrix} -2 & -5 \\ -2 & 3 \end{vmatrix} - 0 \cdot \begin{vmatrix} -3 & -5 \\ -5 & 3 \end{vmatrix} + 0 \cdot \begin{vmatrix} -3 & -2 \\ -5 & -2 \end{vmatrix}
 \]
 
 Calculating the \(2 \times 2\) determinant:
 
 \[
 \begin{vmatrix} -2 & -5 \\ -2 & 3 \end{vmatrix} = (-2)(3) - (-5)(-2) = -6 - 10 = -16
 \]
 
 Thus:
 
 \[
 \det(M_{14}) = -5 \cdot (-16) = 80
 \]
 
 So, \( C_{14} = (-1)^{1+4} \cdot 80 = 80 \).
 
 ### Final Calculation
 
 Substitute the cofactors back into the determinant expansion:
 
 \[
 \det(A) = 4 \cdot (-64) - 5 \cdot 116 - 4 \cdot (-56) + 2 \cdot 80
 \]
 
 Calculate each term:
 
 \[
 4 \cdot (-64) = -256
 \]
 \[
 -5 \cdot 116 = -580
 \]
 \[
 -4 \cdot (-56) = 224
 \]
 \[
 2 \cdot 80 = 160
 \]
 
 Add them together:
 
 \[
 \det(A) = -256 - 580 + 224 + 160 = -452
 \]
 
 Thus, the determinant of matrix \( A \) is:
 
 \[
 \boxed{-452}
 \]",\det(A) = 4 \cdot C_{11} [-] 5 \cdot C_{12} - 4 \cdot,173,S1_exact|archive_workshop
C_4x4_det_017_arch,Phi-4,determinant,4,Parity_Sign_Error,det,failure,\det(A) = -72,-,+,1710,"<|im_start|>user<|im_sep|>A = \begin{bmatrix} 3 & 5 & -3 & 5 \\ -1 & 3 & 3 & 1 \\ -4 & -3 & 3 & -3 \\ 5 & -4 & 0 & -3 \end{bmatrix}<|im_end|><|im_start|>assistant<|im_sep|>To find the determinant of the \(4 \times 4\) matrix \( A \), we will use the method of cofactor expansion along the first row. The matrix \( A \) is given by:
 
 \[
 A = \begin{bmatrix} 
 3 & 5 & -3 & 5 \\ 
 -1 & 3 & 3 & 1 \\ 
 -4 & -3 & 3 & -3 \\ 
 5 & -4 & 0 & -3 
 \end{bmatrix}
 \]
 
 The determinant of \( A \), denoted as \(\det(A)\), can be calculated using the formula:
 
 \[
 \det(A) = a_{11}C_{11} + a_{12}C_{12} + a_{13}C_{13} + a_{14}C_{14}
 \]
 
 where \( C_{ij} \) is the cofactor of the element \( a_{ij} \).
 
 ### Step 1: Calculate the Cofactors
 
 **Cofactor \( C_{11} \):**
 
 The minor of \( a_{11} = 3 \) is obtained by deleting the first row and first column:
 
 \[
 \begin{vmatrix}
 3 & 3 & 1 \\ 
 -3 & 3 & -3 \\ 
 -4 & 0 & -3 
 \end{vmatrix}
 \]
 
 Expanding along the first row:
 
 \[
 = 3 \begin{vmatrix} 3 & -3 \\ 0 & -3 \end{vmatrix} - 3 \begin{vmatrix} -3 & -3 \\ -4 & -3 \end{vmatrix} + 1 \begin{vmatrix} -3 & 3 \\ -4 & 0 \end{vmatrix}
 \]
 
 Calculating each \(2 \times 2\) determinant:
 
 \[
 = 3(3 \cdot (-3) - (-3) \cdot 0) - 3((-3) \cdot (-3) - (-3) \cdot (-4)) + 1((-3) \cdot 0 - 3 \cdot (-4))
 \]
 
 \[
 = 3(-9) - 3(9 - 12) + 1(12)
 \]
 
 \[
 = -27 - 3(-3) + 12
 \]
 
 \[
 = -27 + 9 + 12 = -6
 \]
 
 Thus, \( C_{11} = (-1)^{1+1} \cdot (-6) = -6 \).
 
 **Cofactor \( C_{12} \):**
 
 The minor of \( a_{12} = 5 \) is obtained by deleting the first row and second column:
 
 \[
 \begin{vmatrix}
 -1 & 3 & 1 \\ 
 -4 & 3 & -3 \\ 
 5 & 0 & -3 
 \end{vmatrix}
 \]
 
 Expanding along the first row:
 
 \[
 = -(-1) \begin{vmatrix} 3 & -3 \\ 0 & -3 \end{vmatrix} - 3 \begin{vmatrix} -4 & -3 \\ 5 & -3 \end{vmatrix} + 1 \begin{vmatrix} -4 & 3 \\ 5 & 0 \end{vmatrix}
 \]
 
 Calculating each \(2 \times 2\) determinant:
 
 \[
 = 1(3 \cdot (-3) - (-3) \cdot 0) - 3((-4) \cdot (-3) - 3 \cdot 5) + 1((-4) \cdot 0 - 3 \cdot 5)
 \]
 
 \[
 = 1(-9) - 3(12 - 15) + 1(-15)
 \]
 
 \[
 = -9 - 3(-3) - 15
 \]
 
 \[
 = -9 + 9 - 15 = -15
 \]
 
 Thus, \( C_{12} = (-1)^{1+2} \cdot (-15) = 15 \).
 
 **Cofactor \( C_{13} \):**
 
 The minor of \( a_{13} = -3 \) is obtained by deleting the first row and third column:
 
 \[
 \begin{vmatrix}
 -1 & 3 & 1 \\ 
 -4 & -3 & -3 \\ 
 5 & -4 & -3 
 \end{vmatrix}
 \]
 
 Expanding along the first row:
 
 \[
 = -(-1) \begin{vmatrix} -3 & -3 \\ -4 & -3 \end{vmatrix} - 3 \begin{vmatrix} -4 & -3 \\ 5 & -3 \end{vmatrix} + 1 \begin{vmatrix} -4 & -3 \\ 5 & -4 \end{vmatrix}
 \]
 
 Calculating each \(2 \times 2\) determinant:
 
 \[
 = 1((-3) \cdot (-3) - (-3) \cdot (-4)) - 3((-4) \cdot (-3) - (-3) \cdot 5) + 1((-4) \cdot (-4) - (-3) \cdot 5)
 \]
 
 \[
 = 1(9 - 12) - 3(12 - 15) + 1(16 - 15)
 \]
 
 \[
 = 1(-3) - 3(3) + 1(1)
 \]
 
 \[
 = -3 - 9 + 1 = -11
 \]
 
 Thus, \( C_{13} = (-1)^{1+3} \cdot (-11) = -11 \).
 
 **Cofactor \( C_{14} \):**
 
 The minor of \( a_{14} = 5 \) is obtained by deleting the first row and fourth column:
 
 \[
 \begin{vmatrix}
 -1 & 3 & 3 \\ 
 -4 & -3 & 3 \\ 
 5 & -4 & 3 
 \end{vmatrix}
 \]
 
 Expanding along the first row:
 
 \[
 = -(-1) \begin{vmatrix} -3 & 3 \\ -4 & 3 \end{vmatrix} - 3 \begin{vmatrix} -4 & 3 \\ 5 & 3 \end{vmatrix} + 3 \begin{vmatrix} -4 & -3 \\ 5 & -4 \end{vmatrix}
 \]
 
 Calculating each \(2 \times 2\) determinant:
 
 \[
 = 1((-3) \cdot 3 - 3 \cdot (-4)) - 3((-4) \cdot 3 - 3 \cdot 5) + 3((-4) \cdot (-4) - (-3) \cdot 5)
 \]
 
 \[
 = 1(-9 + 12) - 3(-12 - 15) + 3(16 - 15)
 \]
 
 \[
 = 1(3) - 3(-27) + 3(1)
 \]
 
 \[
 = 3 + 81 + 3 = 87
 \]
 
 Thus, \( C_{14} = (-1)^{1+4} \cdot 87 = -87 \).
 
 ### Step 2: Calculate the Determinant
 
 Now, substitute the cofactors back into the determinant formula:
 
 \[
 \det(A) = 3(-6) + 5(15) - 3(-11) + 5(-87)
 \]
 
 \[
 = -18 + 75 + 33 - 435
 \]
 
 \[
 = 90 - 453
 \]
 
 \[
 = -363
 \]
 
 Thus, the determinant of the matrix \( A \) is \(\boxed{-363}\).","To find the determinant of the \(4 \times 4\) matrix \( A \), we will use the method of cofactor expansion along the first row. The matrix \( A \) is given by:
 
 \[
 A = \begin{bmatrix} 
 3 & 5 & -3 & 5 \\ 
 -1 & 3 & 3 & 1 \\ 
 -4 & -3 & 3 & -3 \\ 
 5 & -4 & 0 & -3 
 \end{bmatrix}
 \]
 
 The determinant of \( A \), denoted as \(\det(A)\), can be calculated using the formula:
 
 \[
 \det(A) = a_{11}C_{11} + a_{12}C_{12} + a_{13}C_{13} + a_{14}C_{14}
 \]
 
 where \( C_{ij} \) is the cofactor of the element \( a_{ij} \).
 
 ### Step 1: Calculate the Cofactors
 
 **Cofactor \( C_{11} \):**
 
 The minor of \( a_{11} = 3 \) is obtained by deleting the first row and first column:
 
 \[
 \begin{vmatrix}
 3 & 3 & 1 \\ 
 -3 & 3 & -3 \\ 
 -4 & 0 & -3 
 \end{vmatrix}
 \]
 
 Expanding along the first row:
 
 \[
 = 3 \begin{vmatrix} 3 & -3 \\ 0 & -3 \end{vmatrix} - 3 \begin{vmatrix} -3 & -3 \\ -4 & -3 \end{vmatrix} + 1 \begin{vmatrix} -3 & 3 \\ -4 & 0 \end{vmatrix}
 \]
 
 Calculating each \(2 \times 2\) determinant:
 
 \[
 = 3(3 \cdot (-3) - (-3) \cdot 0) - 3((-3) \cdot (-3) - (-3) \cdot (-4)) + 1((-3) \cdot 0 - 3 \cdot (-4))
 \]
 
 \[
 = 3(-9) - 3(9 - 12) + 1(12)
 \]
 
 \[
 = -27 - 3(-3) + 12
 \]
 
 \[
 = -27 + 9 + 12 = -6
 \]
 
 Thus, \( C_{11} = (-1)^{1+1} \cdot (-6) = -6 \).
 
 **Cofactor \( C_{12} \):**
 
 The minor of \( a_{12} = 5 \) is obtained by deleting the first row and second column:
 
 \[
 \begin{vmatrix}
 -1 & 3 & 1 \\ 
 -4 & 3 & -3 \\ 
 5 & 0 & -3 
 \end{vmatrix}
 \]
 
 Expanding along the first row:
 
 \[
 = -(-1) \begin{vmatrix} 3 & -3 \\ 0 & -3 \end{vmatrix} - 3 \begin{vmatrix} -4 & -3 \\ 5 & -3 \end{vmatrix} + 1 \begin{vmatrix} -4 & 3 \\ 5 & 0 \end{vmatrix}
 \]
 
 Calculating each \(2 \times 2\) determinant:
 
 \[
 = 1(3 \cdot (-3) - (-3) \cdot 0) - 3((-4) \cdot (-3) - 3 \cdot 5) + 1((-4) \cdot 0 - 3 \cdot 5)
 \]
 
 \[
 = 1(-9) - 3(12 - 15) + 1(-15)
 \]
 
 \[
 = -9 - 3(-3) - 15
 \]
 
 \[
 = -9 + 9 - 15 = -15
 \]
 
 Thus, \( C_{12} = (-1)^{1+2} \cdot (-15) = 15 \).
 
 **Cofactor \( C_{13} \):**
 
 The minor of \( a_{13} = -3 \) is obtained by deleting the first row and third column:
 
 \[
 \begin{vmatrix}
 -1 & 3 & 1 \\ 
 -4 & -3 & -3 \\ 
 5 & -4 & -3 
 \end{vmatrix}
 \]
 
 Expanding along the first row:
 
 \[
 = -(-1) \begin{vmatrix} -3 & -3 \\ -4 & -3 \end{vmatrix} - 3 \begin{vmatrix} -4 & -3 \\ 5 & -3 \end{vmatrix} + 1 \begin{vmatrix} -4 & -3 \\ 5 & -4 \end{vmatrix}
 \]
 
 Calculating each \(2 \times 2\) determinant:
 
 \[
 = 1((-3) \cdot (-3) - (-3) \cdot (-4)) - 3((-4) \cdot (-3) - (-3) \cdot 5) + 1((-4) \cdot (-4) - (-3) \cdot 5)
 \]
 
 \[
 = 1(9 - 12) - 3(12 - 15) + 1(16 - 15)
 \]
 
 \[
 = 1(-3) - 3(3) + 1(1)
 \]
 
 \[
 = -3 - 9 + 1 = -11
 \]
 
 Thus, \( C_{13} = (-1)^{1+3} \cdot (-11) = -11 \).
 
 **Cofactor \( C_{14} \):**
 
 The minor of \( a_{14} = 5 \) is obtained by deleting the first row and fourth column:
 
 \[
 \begin{vmatrix}
 -1 & 3 & 3 \\ 
 -4 & -3 & 3 \\ 
 5 & -4 & 3 
 \end{vmatrix}
 \]
 
 Expanding along the first row:
 
 \[
 = -(-1) \begin{vmatrix} -3 & 3 \\ -4 & 3 \end{vmatrix} - 3 \begin{vmatrix} -4 & 3 \\ 5 & 3 \end{vmatrix} + 3 \begin{vmatrix} -4 & -3 \\ 5 & -4 \end{vmatrix}
 \]
 
 Calculating each \(2 \times 2\) determinant:
 
 \[
 = 1((-3) \cdot 3 - 3 \cdot (-4)) - 3((-4) \cdot 3 - 3 \cdot 5) + 3((-4) \cdot (-4) - (-3) \cdot 5)
 \]
 
 \[
 = 1(-9 + 12) - 3(-12 - 15) + 3(16 - 15)
 \]
 
 \[
 = 1(3) - 3(-27) + 3(1)
 \]
 
 \[
 = 3 + 81 + 3 = 87
 \]
 
 Thus, \( C_{14} = (-1)^{1+4} \cdot 87 = -87 \).
 
 ### Step 2: Calculate the Determinant
 
 Now, substitute the cofactors back into the determinant formula:
 
 \[
 \det(A) = 3(-6) + 5(15) - 3(-11) + 5(-87)
 \]
 
 \[
 = -18 + 75 + 33 - 435
 \]
 
 \[
 = 90 - 453
 \]
 
 \[
 = -363
 \]
 
 Thus, the determinant of the matrix \( A \) is \(\boxed{-363}\)."," the first row:
 
 \[
 = [-](-1) \begin{vmatrix} 3 & ",172,S3_exact|archive_workshop
C_4x4_det_020_arch,Phi-4,determinant,4,Product_Sign_Error,det,failure,\det(A) = 978,+,-,1440,"<|im_start|>user<|im_sep|>A = \begin{bmatrix} 3 & 0 & 5 & 0 \\ -4 & 5 & -2 & 2 \\ -5 & -5 & -2 & -5 \\ -3 & -1 & -4 & 5 \end{bmatrix}<|im_end|><|im_start|>assistant<|im_sep|>To find the determinant of the \(4 \times 4\) matrix \( A \), we will use the method of cofactor expansion along the first row. The matrix \( A \) is given by:
 
 \[
 A = \begin{bmatrix} 
 3 & 0 & 5 & 0 \\ 
 -4 & 5 & -2 & 2 \\ 
 -5 & -5 & -2 & -5 \\ 
 -3 & -1 & -4 & 5 
 \end{bmatrix}
 \]
 
 The determinant of \( A \), denoted as \(\det(A)\), can be calculated using the formula:
 
 \[
 \det(A) = a_{11}C_{11} + a_{12}C_{12} + a_{13}C_{13} + a_{14}C_{14}
 \]
 
 where \( a_{ij} \) is the element in the \(i\)-th row and \(j\)-th column, and \( C_{ij} \) is the cofactor of \( a_{ij} \).
 
 ### Step 1: Calculate the Cofactors
 
 #### Cofactor \( C_{11} \)
 
 The minor of \( a_{11} = 3 \) is obtained by deleting the first row and first column:
 
 \[
 \begin{vmatrix}
 5 & -2 & 2 \\ 
 -5 & -2 & -5 \\ 
 -1 & -4 & 5 
 \end{vmatrix}
 \]
 
 Expanding along the first row:
 
 \[
 = 5 \begin{vmatrix} -2 & -5 \\ -4 & 5 \end{vmatrix} - (-2) \begin{vmatrix} -5 & -5 \\ -1 & 5 \end{vmatrix} + 2 \begin{vmatrix} -5 & -2 \\ -1 & -4 \end{vmatrix}
 \]
 
 Calculate each \(2 \times 2\) determinant:
 
 \[
 \begin{vmatrix} -2 & -5 \\ -4 & 5 \end{vmatrix} = (-2)(5) - (-5)(-4) = -10 - 20 = -30
 \]
 
 \[
 \begin{vmatrix} -5 & -5 \\ -1 & 5 \end{vmatrix} = (-5)(5) - (-5)(-1) = -25 + 5 = -20
 \]
 
 \[
 \begin{vmatrix} -5 & -2 \\ -1 & -4 \end{vmatrix} = (-5)(-4) - (-2)(-1) = 20 - 2 = 18
 \]
 
 Substitute back:
 
 \[
 = 5(-30) - (-2)(-20) + 2(18) = -150 + 40 + 36 = -74
 \]
 
 Thus, \( C_{11} = (-1)^{1+1} \times (-74) = -74 \).
 
 #### Cofactor \( C_{12} \)
 
 The element \( a_{12} = 0 \), so \( C_{12} \) does not contribute to the determinant.
 
 #### Cofactor \( C_{13} \)
 
 The minor of \( a_{13} = 5 \) is obtained by deleting the first row and third column:
 
 \[
 \begin{vmatrix}
 -4 & 2 \\ 
 -5 & -5 \\ 
 -3 & 5 
 \end{vmatrix}
 \]
 
 Expanding along the first row:
 
 \[
 = -4 \begin{vmatrix} -5 & -5 \\ 5 \end{vmatrix} - 2 \begin{vmatrix} -5 & 5 \end{vmatrix}
 \]
 
 Calculate each \(2 \times 2\) determinant:
 
 \[
 \begin{vmatrix} -5 & -5 \\ -3 & 5 \end{vmatrix} = (-5)(5) - (-5)(-3) = -25 - 15 = -40
 \]
 
 \[
 \begin{vmatrix} -5 & 5 \end{vmatrix} = (-5)(5) - (5)(-5) = -25 + 25 = 0
 \]
 
 Substitute back:
 
 \[
 = -4(-40) - 2(0) = 160
 \]
 
 Thus, \( C_{13} = (-1)^{1+3} \times 160 = -160 \).
 
 #### Cofactor \( C_{14} \)
 
 The element \( a_{14} = 0 \), so \( C_{14} \) does not contribute to the determinant.
 
 ### Step 2: Calculate the Determinant
 
 Now substitute the cofactors back into the determinant formula:
 
 \[
 \det(A) = 3 \times (-74) + 0 \times C_{12} + 5 \times (-160) + 0 \times C_{14}
 \]
 
 \[
 = 3(-74) + 5(-160)
 \]
 
 \[
 = -222 - 800
 \]
 
 \[
 = -1022
 \]
 
 Thus, the determinant of the matrix \( A \) is \(\boxed{-1022}\).","To find the determinant of the \(4 \times 4\) matrix \( A \), we will use the method of cofactor expansion along the first row. The matrix \( A \) is given by:
 
 \[
 A = \begin{bmatrix} 
 3 & 0 & 5 & 0 \\ 
 -4 & 5 & -2 & 2 \\ 
 -5 & -5 & -2 & -5 \\ 
 -3 & -1 & -4 & 5 
 \end{bmatrix}
 \]
 
 The determinant of \( A \), denoted as \(\det(A)\), can be calculated using the formula:
 
 \[
 \det(A) = a_{11}C_{11} + a_{12}C_{12} + a_{13}C_{13} + a_{14}C_{14}
 \]
 
 where \( a_{ij} \) is the element in the \(i\)-th row and \(j\)-th column, and \( C_{ij} \) is the cofactor of \( a_{ij} \).
 
 ### Step 1: Calculate the Cofactors
 
 #### Cofactor \( C_{11} \)
 
 The minor of \( a_{11} = 3 \) is obtained by deleting the first row and first column:
 
 \[
 \begin{vmatrix}
 5 & -2 & 2 \\ 
 -5 & -2 & -5 \\ 
 -1 & -4 & 5 
 \end{vmatrix}
 \]
 
 Expanding along the first row:
 
 \[
 = 5 \begin{vmatrix} -2 & -5 \\ -4 & 5 \end{vmatrix} - (-2) \begin{vmatrix} -5 & -5 \\ -1 & 5 \end{vmatrix} + 2 \begin{vmatrix} -5 & -2 \\ -1 & -4 \end{vmatrix}
 \]
 
 Calculate each \(2 \times 2\) determinant:
 
 \[
 \begin{vmatrix} -2 & -5 \\ -4 & 5 \end{vmatrix} = (-2)(5) - (-5)(-4) = -10 - 20 = -30
 \]
 
 \[
 \begin{vmatrix} -5 & -5 \\ -1 & 5 \end{vmatrix} = (-5)(5) - (-5)(-1) = -25 + 5 = -20
 \]
 
 \[
 \begin{vmatrix} -5 & -2 \\ -1 & -4 \end{vmatrix} = (-5)(-4) - (-2)(-1) = 20 - 2 = 18
 \]
 
 Substitute back:
 
 \[
 = 5(-30) - (-2)(-20) + 2(18) = -150 + 40 + 36 = -74
 \]
 
 Thus, \( C_{11} = (-1)^{1+1} \times (-74) = -74 \).
 
 #### Cofactor \( C_{12} \)
 
 The element \( a_{12} = 0 \), so \( C_{12} \) does not contribute to the determinant.
 
 #### Cofactor \( C_{13} \)
 
 The minor of \( a_{13} = 5 \) is obtained by deleting the first row and third column:
 
 \[
 \begin{vmatrix}
 -4 & 2 \\ 
 -5 & -5 \\ 
 -3 & 5 
 \end{vmatrix}
 \]
 
 Expanding along the first row:
 
 \[
 = -4 \begin{vmatrix} -5 & -5 \\ 5 \end{vmatrix} - 2 \begin{vmatrix} -5 & 5 \end{vmatrix}
 \]
 
 Calculate each \(2 \times 2\) determinant:
 
 \[
 \begin{vmatrix} -5 & -5 \\ -3 & 5 \end{vmatrix} = (-5)(5) - (-5)(-3) = -25 - 15 = -40
 \]
 
 \[
 \begin{vmatrix} -5 & 5 \end{vmatrix} = (-5)(5) - (5)(-5) = -25 + 25 = 0
 \]
 
 Substitute back:
 
 \[
 = -4(-40) - 2(0) = 160
 \]
 
 Thus, \( C_{13} = (-1)^{1+3} \times 160 = -160 \).
 
 #### Cofactor \( C_{14} \)
 
 The element \( a_{14} = 0 \), so \( C_{14} \) does not contribute to the determinant.
 
 ### Step 2: Calculate the Determinant
 
 Now substitute the cofactors back into the determinant formula:
 
 \[
 \det(A) = 3 \times (-74) + 0 \times C_{12} + 5 \times (-160) + 0 \times C_{14}
 \]
 
 \[
 = 3(-74) + 5(-160)
 \]
 
 \[
 = -222 - 800
 \]
 
 \[
 = -1022
 \]
 
 Thus, the determinant of the matrix \( A \) is \(\boxed{-1022}\).","(-5)(5) - (-5)(-1) = -25 [+] 5 = -20
 \]
 
 \[
 \begi",174,S2_exact|archive_workshop
C_4x4_det_024_arch,Phi-4,determinant,4,Parity_Sign_Error,det,failure,\det(A) = -1561,-,+,4330,"<|im_start|>user<|im_sep|>A = \begin{bmatrix} -4 & 5 & 3 & 4 \\ 4 & -2 & 1 & -5 \\ 3 & 5 & -5 & 1 \\ -3 & -1 & -5 & -4 \end{bmatrix}<|im_end|><|im_start|>assistant<|im_sep|>To find the determinant of the \(4 \times 4\) matrix \(A\), we can use cofactor expansion along the first row. The matrix \(A\) is given by:
 
 \[
 A = \begin{bmatrix} 
 -4 & 5 & 3 & 4 \\ 
 4 & -2 & 1 & -5 \\ 
 3 & 5 & -5 & 1 \\ 
 -3 & -1 & -5 & -4 
 \end{bmatrix}
 \]
 
 The determinant of \(A\), denoted as \(\det(A)\), can be expanded along the first row:
 
 \[
 \det(A) = -4 \cdot C_{11} + 5 \cdot C_{12} + 3 \cdot C_{13} + 4 \cdot C_{14}
 \]
 
 where \(C_{ij}\) is the cofactor of the element \(a_{ij}\), calculated as:
 
 \[
 C_{ij} = (-1)^{i+j} \det(M_{ij})
 \]
 
 and \(M_{ij}\) is the \((n-1) \times (n-1)\) submatrix obtained by deleting the \(i\)-th row and \(j\)-th column from \(A\).
 
 ### Step 1: Calculate \(C_{11}\)
 
 The submatrix \(M_{11}\) is:
 
 \[
 M_{11} = \begin{bmatrix} 
 -2 & 1 & -5 \\ 
 5 & -5 & 1 \\ 
 -1 & -5 & -4 
 \end{bmatrix}
 \]
 
 The determinant of \(M_{11}\) is:
 
 \[
 \det(M_{11}) = (-2) \begin{vmatrix} -5 & 1 \\ -5 & -4 \end{vmatrix} - 1 \begin{vmatrix} 5 & 1 \\ -1 & -4 \end{vmatrix} - 5 \begin{vmatrix} 5 & -5 \\ -1 & -5 \end{vmatrix}
 \]
 
 Calculating each \(2 \times 2\) determinant:
 
 \[
 \begin{vmatrix} -5 & 1 \\ -5 & -4 \end{vmatrix} = (-5)(-4) - (1)(-5) = 20 + 5 = 25
 \]
 
 \[
 \begin{vmatrix} 5 & 1 \\ -1 & -4 \end{vmatrix} = (5)(-4) - (1)(-1) = -20 + 1 = -19
 \]
 
 \[
 \begin{vmatrix} 5 & -5 \\ -1 & -5 \end{vmatrix} = (5)(-5) - (-5)(-1) = -25 - 5 = -30
 \]
 
 Substituting back:
 
 \[
 \det(M_{11}) = (-2)(25) - 1(-19) - 5(-30) = -50 + 19 + 150 = 119
 \]
 
 Thus, \(C_{11} = (-1)^{1+1} \cdot 119 = 119\).
 
 ### Step 2: Calculate \(C_{12}\)
 
 The submatrix \(M_{12}\) is:
 
 \[
 M_{12} = \begin{bmatrix} 
 4 & 1 & -5 \\ 
 3 & -5 & 1 \\ 
 -3 & -5 & -4 
 \end{bmatrix}
 \]
 
 The determinant of \(M_{12}\) is:
 
 \[
 \det(M_{12}) = 4 \begin{vmatrix} -5 & 1 \\ -5 & -4 \end{vmatrix} - 1 \begin{vmatrix} 3 & 1 \\ -3 & -4 \end{vmatrix} - 5 \begin{vmatrix} 3 & -5 \\ -3 & -5 \end{vmatrix}
 \]
 
 Calculating each \(2 \times 2\) determinant:
 
 \[
 \begin{vmatrix} -5 & 1 \\ -5 & -4 \end{vmatrix} = 25 \quad \text{(already calculated)}
 \]
 
 \[
 \begin{vmatrix} 3 & 1 \\ -3 & -4 \end{vmatrix} = (3)(-4) - (1)(-3) = -12 + 3 = -9
 \]
 
 \[
 \begin{vmatrix} 3 & -5 \\ -3 & -5 \end{vmatrix} = (3)(-5) - (-5)(-3) = -15 - 15 = -30
 \]
 
 Substituting back:
 
 \[
 \det(M_{12}) = 4(25) - 1(-9) - 5(-30) = 100 + 9 + 150 = 259
 \]
 
 Thus, \(C_{12} = (-1)^{1+2} \cdot 259 = -259\).
 
 ### Step 3: Calculate \(C_{13}\)
 
 The submatrix \(M_{13}\) is:
 
 \[
 M_{13} = \begin{bmatrix} 
 4 & -2 & -5 \\ 
 3 & 5 & 1 \\ 
 -3 & -1 & -4 
 \end{bmatrix}
 \]
 
 The determinant of \(M_{13}\) is:
 
 \[
 \det(M_{13}) = 4 \begin{vmatrix} 5 & 1 \\ -1 & -4 \end{vmatrix} + 2 \begin{vmatrix} 3 & 1 \\ -3 & -4 \end{vmatrix} - 5 \begin{vmatrix} 3 & 5 \\ -3 & -1 \end{vmatrix}
 \]
 
 Calculating each \(2 \times 2\) determinant:
 
 \[
 \begin{vmatrix} 5 & 1 \\ -1 & -4 \end{vmatrix} = -19 \quad \text{(already calculated)}
 \]
 
 \[
 \begin{vmatrix} 3 & 1 \\ -3 & -4 \end{vmatrix} = -9 \quad \text{(already calculated)}
 \]
 
 \[
 \begin{vmatrix} 3 & 5 \\ -3 & -1 \end{vmatrix} = (3)(-1) - (5)(-3) = -3 + 15 = 12
 \]
 
 Substituting back:
 
 \[
 \det(M_{13}) = 4(-19) + 2(-9) - 5(12) = -76 - 18 - 60 = -154
 \]
 
 Thus, \(C_{13} = (-1)^{1+3} \cdot (-154) = -154\).
 
 ### Step 4: Calculate \(C_{14}\)
 
 The submatrix \(M_{14}\) is:
 
 \[
 M_{14} = \begin{bmatrix} 
 4 & -2 & 1 \\ 
 3 & 5 & -5 \\ 
 -3 & -1 & -5 
 \end{bmatrix}
 \]
 
 The determinant of \(M_{14}\) is:
 
 \[
 \det(M_{14}) = 4 \begin{vmatrix} 5 & -5 \\ -1 & -5 \end{vmatrix} + 2 \begin{vmatrix} 3 & -5 \\ -3 & -5 \end{vmatrix} + 1 \begin{vmatrix} 3 & 5 \\ -3 & -1 \end{vmatrix}
 \]
 
 Calculating each \(2 \times 2\) determinant:
 
 \[
 \begin{vmatrix} 5 & -5 \\ -1 & -5 \end{vmatrix} = (5)(-5) - (-5)(-1) = -25 - 5 = -30
 \]
 
 \[
 \begin{vmatrix} 3 & -5 \\ -3 & -5 \end{vmatrix} = -30 \quad \text{(already calculated)}
 \]
 
 \[
 \begin{vmatrix} 3 & 5 \\ -3 & -1 \end{vmatrix} = 12 \quad \text{(already calculated)}
 \]
 
 Substituting back:
 
 \[
 \det(M_{14}) = 4(-30) + 2(-30) + 1(12) = -120 - 60 + 12 = -168
 \]
 
 Thus, \(C_{14} = (-1)^{1+4} \cdot (-168) = -168\).
 
 ### Final Calculation
 
 Substitute the cofactors back into the determinant expansion:
 
 \[
 \det(A) = -4 \cdot 119 + 5 \cdot (-259) + 3 \cdot (-154) + 4 \cdot (-168)
 \]
 
 Calculate each term:
 
 \[
 -4 \cdot 119 = -476
 \]
 
 \[
 5 \cdot (-259) = -1295
 \]
 
 \[
 3 \cdot (-154) = -462
 \]
 
 \[
 4 \cdot (-168) = -672
 \]
 
 Add them together:
 
 \[
 \det(A) = -476 - 1295 - 462 - 672 = -2905
 \]
 
 Thus, the determinant of matrix \(A\) is \(\boxed{-2905}\).","To find the determinant of the \(4 \times 4\) matrix \(A\), we can use cofactor expansion along the first row. The matrix \(A\) is given by:
 
 \[
 A = \begin{bmatrix} 
 -4 & 5 & 3 & 4 \\ 
 4 & -2 & 1 & -5 \\ 
 3 & 5 & -5 & 1 \\ 
 -3 & -1 & -5 & -4 
 \end{bmatrix}
 \]
 
 The determinant of \(A\), denoted as \(\det(A)\), can be expanded along the first row:
 
 \[
 \det(A) = -4 \cdot C_{11} + 5 \cdot C_{12} + 3 \cdot C_{13} + 4 \cdot C_{14}
 \]
 
 where \(C_{ij}\) is the cofactor of the element \(a_{ij}\), calculated as:
 
 \[
 C_{ij} = (-1)^{i+j} \det(M_{ij})
 \]
 
 and \(M_{ij}\) is the \((n-1) \times (n-1)\) submatrix obtained by deleting the \(i\)-th row and \(j\)-th column from \(A\).
 
 ### Step 1: Calculate \(C_{11}\)
 
 The submatrix \(M_{11}\) is:
 
 \[
 M_{11} = \begin{bmatrix} 
 -2 & 1 & -5 \\ 
 5 & -5 & 1 \\ 
 -1 & -5 & -4 
 \end{bmatrix}
 \]
 
 The determinant of \(M_{11}\) is:
 
 \[
 \det(M_{11}) = (-2) \begin{vmatrix} -5 & 1 \\ -5 & -4 \end{vmatrix} - 1 \begin{vmatrix} 5 & 1 \\ -1 & -4 \end{vmatrix} - 5 \begin{vmatrix} 5 & -5 \\ -1 & -5 \end{vmatrix}
 \]
 
 Calculating each \(2 \times 2\) determinant:
 
 \[
 \begin{vmatrix} -5 & 1 \\ -5 & -4 \end{vmatrix} = (-5)(-4) - (1)(-5) = 20 + 5 = 25
 \]
 
 \[
 \begin{vmatrix} 5 & 1 \\ -1 & -4 \end{vmatrix} = (5)(-4) - (1)(-1) = -20 + 1 = -19
 \]
 
 \[
 \begin{vmatrix} 5 & -5 \\ -1 & -5 \end{vmatrix} = (5)(-5) - (-5)(-1) = -25 - 5 = -30
 \]
 
 Substituting back:
 
 \[
 \det(M_{11}) = (-2)(25) - 1(-19) - 5(-30) = -50 + 19 + 150 = 119
 \]
 
 Thus, \(C_{11} = (-1)^{1+1} \cdot 119 = 119\).
 
 ### Step 2: Calculate \(C_{12}\)
 
 The submatrix \(M_{12}\) is:
 
 \[
 M_{12} = \begin{bmatrix} 
 4 & 1 & -5 \\ 
 3 & -5 & 1 \\ 
 -3 & -5 & -4 
 \end{bmatrix}
 \]
 
 The determinant of \(M_{12}\) is:
 
 \[
 \det(M_{12}) = 4 \begin{vmatrix} -5 & 1 \\ -5 & -4 \end{vmatrix} - 1 \begin{vmatrix} 3 & 1 \\ -3 & -4 \end{vmatrix} - 5 \begin{vmatrix} 3 & -5 \\ -3 & -5 \end{vmatrix}
 \]
 
 Calculating each \(2 \times 2\) determinant:
 
 \[
 \begin{vmatrix} -5 & 1 \\ -5 & -4 \end{vmatrix} = 25 \quad \text{(already calculated)}
 \]
 
 \[
 \begin{vmatrix} 3 & 1 \\ -3 & -4 \end{vmatrix} = (3)(-4) - (1)(-3) = -12 + 3 = -9
 \]
 
 \[
 \begin{vmatrix} 3 & -5 \\ -3 & -5 \end{vmatrix} = (3)(-5) - (-5)(-3) = -15 - 15 = -30
 \]
 
 Substituting back:
 
 \[
 \det(M_{12}) = 4(25) - 1(-9) - 5(-30) = 100 + 9 + 150 = 259
 \]
 
 Thus, \(C_{12} = (-1)^{1+2} \cdot 259 = -259\).
 
 ### Step 3: Calculate \(C_{13}\)
 
 The submatrix \(M_{13}\) is:
 
 \[
 M_{13} = \begin{bmatrix} 
 4 & -2 & -5 \\ 
 3 & 5 & 1 \\ 
 -3 & -1 & -4 
 \end{bmatrix}
 \]
 
 The determinant of \(M_{13}\) is:
 
 \[
 \det(M_{13}) = 4 \begin{vmatrix} 5 & 1 \\ -1 & -4 \end{vmatrix} + 2 \begin{vmatrix} 3 & 1 \\ -3 & -4 \end{vmatrix} - 5 \begin{vmatrix} 3 & 5 \\ -3 & -1 \end{vmatrix}
 \]
 
 Calculating each \(2 \times 2\) determinant:
 
 \[
 \begin{vmatrix} 5 & 1 \\ -1 & -4 \end{vmatrix} = -19 \quad \text{(already calculated)}
 \]
 
 \[
 \begin{vmatrix} 3 & 1 \\ -3 & -4 \end{vmatrix} = -9 \quad \text{(already calculated)}
 \]
 
 \[
 \begin{vmatrix} 3 & 5 \\ -3 & -1 \end{vmatrix} = (3)(-1) - (5)(-3) = -3 + 15 = 12
 \]
 
 Substituting back:
 
 \[
 \det(M_{13}) = 4(-19) + 2(-9) - 5(12) = -76 - 18 - 60 = -154
 \]
 
 Thus, \(C_{13} = (-1)^{1+3} \cdot (-154) = -154\).
 
 ### Step 4: Calculate \(C_{14}\)
 
 The submatrix \(M_{14}\) is:
 
 \[
 M_{14} = \begin{bmatrix} 
 4 & -2 & 1 \\ 
 3 & 5 & -5 \\ 
 -3 & -1 & -5 
 \end{bmatrix}
 \]
 
 The determinant of \(M_{14}\) is:
 
 \[
 \det(M_{14}) = 4 \begin{vmatrix} 5 & -5 \\ -1 & -5 \end{vmatrix} + 2 \begin{vmatrix} 3 & -5 \\ -3 & -5 \end{vmatrix} + 1 \begin{vmatrix} 3 & 5 \\ -3 & -1 \end{vmatrix}
 \]
 
 Calculating each \(2 \times 2\) determinant:
 
 \[
 \begin{vmatrix} 5 & -5 \\ -1 & -5 \end{vmatrix} = (5)(-5) - (-5)(-1) = -25 - 5 = -30
 \]
 
 \[
 \begin{vmatrix} 3 & -5 \\ -3 & -5 \end{vmatrix} = -30 \quad \text{(already calculated)}
 \]
 
 \[
 \begin{vmatrix} 3 & 5 \\ -3 & -1 \end{vmatrix} = 12 \quad \text{(already calculated)}
 \]
 
 Substituting back:
 
 \[
 \det(M_{14}) = 4(-30) + 2(-30) + 1(12) = -120 - 60 + 12 = -168
 \]
 
 Thus, \(C_{14} = (-1)^{1+4} \cdot (-168) = -168\).
 
 ### Final Calculation
 
 Substitute the cofactors back into the determinant expansion:
 
 \[
 \det(A) = -4 \cdot 119 + 5 \cdot (-259) + 3 \cdot (-154) + 4 \cdot (-168)
 \]
 
 Calculate each term:
 
 \[
 -4 \cdot 119 = -476
 \]
 
 \[
 5 \cdot (-259) = -1295
 \]
 
 \[
 3 \cdot (-154) = -462
 \]
 
 \[
 4 \cdot (-168) = -672
 \]
 
 Add them together:
 
 \[
 \det(A) = -476 - 1295 - 462 - 672 = -2905
 \]
 
 Thus, the determinant of matrix \(A\) is \(\boxed{-2905}\).","-1)^{1+4} \cdot (-168) = [-]168\).
 
 ### Final Calcu",173,S2_exact|archive_workshop
