id,model,domain,depth_level,sign_subtype,error_family,condition,ground_truth,wrong_sign,correct_sign,sign_char_offset,full_input,Phi-4,context_check,prefix_len,search_strategy,confidence,reasoning,status
NC_4x4_det_040,Phi-4,determinant,4,,,correct,\det(A) = -140,-,+,1864,"<|im_start|>system<|im_sep|>You are a precise mathematical assistant. Show all computation steps clearly. Always put your final numerical answer inside \boxed{}.<|im_end|><|im_start|>user<|im_sep|>Solve this linear algebra problem. Show your work and give the final answer.

Find the determinant of the 4×4 matrix A.

A = \begin{bmatrix} 2 & -2 & 0 & 5 \\ 2 & 3 & 0 & -4 \\ -3 & 4 & 4 & -3 \\ 1 & -1 & 0 & -1 \end{bmatrix}

<|im_end|><|im_start|>assistant<|im_sep|>To find the determinant of the \(4 \times 4\) matrix \(A\), we can use cofactor expansion along a row or column. Here, we will expand along the third column, which contains two zeros, simplifying our calculations.

The matrix \(A\) is:

\[
A = \begin{bmatrix} 
2 & -2 & 0 & 5 \\ 
2 & 3 & 0 & -4 \\ 
-3 & 4 & 4 & -3 \\ 
1 & -1 & 0 & -1 
\end{bmatrix}
\]

The determinant of \(A\), denoted as \(\det(A)\), can be expanded along the third column:

\[
\det(A) = a_{13}C_{13} + a_{23}C_{23} + a_{33}C_{33} + a_{43}C_{43}
\]

where \(a_{ij}\) is the element in the \(i\)-th row and \(j\)-th column, and \(C_{ij}\) is the cofactor of \(a_{ij}\).

Since \(a_{13} = 0\) and \(a_{23} = 0\), their contributions to the determinant are zero. Thus, we only need to calculate the terms involving \(a_{33}\) and \(a_{43}\):

\[
\det(A) = a_{33}C_{33} + a_{43}C_{43}
\]

Given \(a_{33} = 4\) and \(a_{43} = 0\), the term involving \(a_{43}\) is zero. We only need to calculate \(C_{33}\).

The cofactor \(C_{33}\) is given by:

\[
C_{33} = (-1)^{3+3} \det(M_{33})
\]

where \(M_{33}\) is the \(3 \times 3\) minor obtained by deleting the third row and third column from \(A\):

\[
M_{33} = \begin{bmatrix} 
2 & -2 & 5 \\ 
2 & 3 & -4 \\ 
1 & -1 & -1 
\end{bmatrix}
\]

Now, calculate \(\det(M_{33})\) using cofactor expansion along the first row:

\[
\det(M_{33}) = 2 \begin{vmatrix} 3 & -4 \\ -1 & -1 \end{vmatrix} - (-2) \begin{vmatrix} 2 & -4 \\ 1 & -1 \end{vmatrix} + 5 \begin{vmatrix} 2 & 3 \\ 1 & -1 \end{vmatrix}
\]

Calculate each \(2 \times 2\) determinant:

\[
\begin{vmatrix} 3 & -4 \\ -1 & -1 \end{vmatrix} = (3)(-1) - (-4)(-1) = -3 - 4 = -7
\]

\[
\begin{vmatrix} 2 & -4 \\ 1 & -1 \end{vmatrix} = (2)(-1) - (-4)(1) = -2 + 4 = 2
\]

\[
\begin{vmatrix} 2 & 3 \\ 1 & -1 \end{vmatrix} = (2)(-1) - (3)(1) = -2 - 3 = -5
\]

Substitute these back into the expression for \(\det(M_{33})\):

\[
\det(M_{33}) = 2(-7) + 2(2) + 5(-5)
\]

\[
= -14 + 4 - 25
\]

\[
= -35
\]

Thus, the cofactor \(C_{33}\) is:

\[
C_{33} = (-1)^{6} \cdot (-35) = 1 \cdot (-35) = -35
\]

Finally, calculate \(\det(A)\):

\[
\det(A) = 4 \cdot (-35) + 0 = -140
\]

Therefore, the determinant of matrix \(A\) is \(\boxed{-140}\).","To find the determinant of the \(4 \times 4\) matrix \(A\), we can use cofactor expansion along a row or column. Here, we will expand along the third column, which contains two zeros, simplifying our calculations.

The matrix \(A\) is:

\[
A = \begin{bmatrix} 
2 & -2 & 0 & 5 \\ 
2 & 3 & 0 & -4 \\ 
-3 & 4 & 4 & -3 \\ 
1 & -1 & 0 & -1 
\end{bmatrix}
\]

The determinant of \(A\), denoted as \(\det(A)\), can be expanded along the third column:

\[
\det(A) = a_{13}C_{13} + a_{23}C_{23} + a_{33}C_{33} + a_{43}C_{43}
\]

where \(a_{ij}\) is the element in the \(i\)-th row and \(j\)-th column, and \(C_{ij}\) is the cofactor of \(a_{ij}\).

Since \(a_{13} = 0\) and \(a_{23} = 0\), their contributions to the determinant are zero. Thus, we only need to calculate the terms involving \(a_{33}\) and \(a_{43}\):

\[
\det(A) = a_{33}C_{33} + a_{43}C_{43}
\]

Given \(a_{33} = 4\) and \(a_{43} = 0\), the term involving \(a_{43}\) is zero. We only need to calculate \(C_{33}\).

The cofactor \(C_{33}\) is given by:

\[
C_{33} = (-1)^{3+3} \det(M_{33})
\]

where \(M_{33}\) is the \(3 \times 3\) minor obtained by deleting the third row and third column from \(A\):

\[
M_{33} = \begin{bmatrix} 
2 & -2 & 5 \\ 
2 & 3 & -4 \\ 
1 & -1 & -1 
\end{bmatrix}
\]

Now, calculate \(\det(M_{33})\) using cofactor expansion along the first row:

\[
\det(M_{33}) = 2 \begin{vmatrix} 3 & -4 \\ -1 & -1 \end{vmatrix} - (-2) \begin{vmatrix} 2 & -4 \\ 1 & -1 \end{vmatrix} + 5 \begin{vmatrix} 2 & 3 \\ 1 & -1 \end{vmatrix}
\]

Calculate each \(2 \times 2\) determinant:

\[
\begin{vmatrix} 3 & -4 \\ -1 & -1 \end{vmatrix} = (3)(-1) - (-4)(-1) = -3 - 4 = -7
\]

\[
\begin{vmatrix} 2 & -4 \\ 1 & -1 \end{vmatrix} = (2)(-1) - (-4)(1) = -2 + 4 = 2
\]

\[
\begin{vmatrix} 2 & 3 \\ 1 & -1 \end{vmatrix} = (2)(-1) - (3)(1) = -2 - 3 = -5
\]

Substitute these back into the expression for \(\det(M_{33})\):

\[
\det(M_{33}) = 2(-7) + 2(2) + 5(-5)
\]

\[
= -14 + 4 - 25
\]

\[
= -35
\]

Thus, the cofactor \(C_{33}\) is:

\[
C_{33} = (-1)^{6} \cdot (-35) = 1 \cdot (-35) = -35
\]

Finally, calculate \(\det(A)\):

\[
\det(A) = 4 \cdot (-35) + 0 = -140
\]

Therefore, the determinant of matrix \(A\) is \(\boxed{-140}\).",\\ -1 & -1 \end{vmatrix} [-] (-2) \begin{vmatrix} 2 &,465,agent_c1_leftright,high,4x4 expansion stated abstractly (a_13C_13+...); first concrete between-terms sign is in det(M_33) minor expansion,PASS
NC_4x4_det_206,Phi-4,determinant,4,,,correct,\det(A) = 336,+,-,981,"<|im_start|>system<|im_sep|>You are a precise mathematical assistant. Show all computation steps clearly. Always put your final numerical answer inside \boxed{}.<|im_end|><|im_start|>user<|im_sep|>Solve this linear algebra problem. Show your work and give the final answer.

Find the determinant of the 4×4 matrix A.

A = \begin{bmatrix} 2 & -3 & -5 & -3 \\ -2 & -5 & 3 & 2 \\ -4 & -4 & -2 & 5 \\ 2 & 4 & 0 & 0 \end{bmatrix}

<|im_end|><|im_start|>assistant<|im_sep|>To find the determinant of the \(4 \times 4\) matrix \( A \), we can use cofactor expansion along the row or column that seems most convenient. Here, we will expand along the fourth row because it contains two zeros, which simplifies the calculation.

The matrix \( A \) is:

\[
A = \begin{bmatrix} 
2 & -3 & -5 & -3 \\ 
-2 & -5 & 3 & 2 \\ 
-4 & -4 & -2 & 5 \\ 
2 & 4 & 0 & 0 
\end{bmatrix}
\]

The determinant of \( A \), denoted as \(\det(A)\), can be expanded along the fourth row:

\[
\det(A) = 2 \cdot C_{41} + 4 \cdot C_{42} + 0 \cdot C_{43} + 0 \cdot C_{44}
\]

where \( C_{ij} \) is the cofactor of the element in the \(i\)-th row and \(j\)-th column. The cofactor \( C_{ij} \) is given by:

\[
C_{ij} = (-1)^{i+j} \det(M_{ij})
\]

where \( M_{ij} \) is the \((n-1) \times (n-1)\) submatrix obtained by deleting the \(i\)-th row and \(j\)-th column from \( A \).

### Calculating \( C_{41} \):

The submatrix \( M_{41} \) is obtained by removing the fourth row and first column:

\[
M_{41} = \begin{bmatrix} 
-3 & -5 & -3 \\ 
-5 & 3 & 2 \\ 
-4 & -2 & 5 
\end{bmatrix}
\]

The determinant of \( M_{41} \) is:

\[
\det(M_{41}) = (-3) \begin{vmatrix} 3 & 2 \\ -2 & 5 \end{vmatrix} - (-5) \begin{vmatrix} -5 & 2 \\ -4 & 5 \end{vmatrix} + (-3) \begin{vmatrix} -5 & 3 \\ -4 & -2 \end{vmatrix}
\]

Calculating each \(2 \times 2\) determinant:

\[
\begin{vmatrix} 3 & 2 \\ -2 & 5 \end{vmatrix} = (3)(5) - (2)(-2) = 15 + 4 = 19
\]

\[
\begin{vmatrix} -5 & 2 \\ -4 & 5 \end{vmatrix} = (-5)(5) - (2)(-4) = -25 + 8 = -17
\]

\[
\begin{vmatrix} -5 & 3 \\ -4 & -2 \end{vmatrix} = (-5)(-2) - (3)(-4) = 10 + 12 = 22
\]

Substituting back:

\[
\det(M_{41}) = (-3)(19) + 5(-17) - 3(22)
\]

\[
= -57 - 85 - 66
\]

\[
= -208
\]

Thus, the cofactor \( C_{41} \) is:

\[
C_{41} = (-1)^{4+1} \det(M_{41}) = -(-208) = 208
\]

### Calculating \( C_{42} \):

The submatrix \( M_{42} \) is obtained by removing the fourth row and second column:

\[
M_{42} = \begin{bmatrix} 
2 & -5 & -3 \\ 
-2 & 3 & 2 \\ 
-4 & -2 & 5 
\end{bmatrix}
\]

The determinant of \( M_{42} \) is:

\[
\det(M_{42}) = 2 \begin{vmatrix} 3 & 2 \\ -2 & 5 \end{vmatrix} - (-5) \begin{vmatrix} -2 & 2 \\ -4 & 5 \end{vmatrix} + (-3) \begin{vmatrix} -2 & 3 \\ -4 & -2 \end{vmatrix}
\]

We already calculated \(\begin{vmatrix} 3 & 2 \\ -2 & 5 \end{vmatrix} = 19\).

Calculating the other \(2 \times 2\) determinants:

\[
\begin{vmatrix} -2 & 2 \\ -4 & 5 \end{vmatrix} = (-2)(5) - (2)(-4) = -10 + 8 = -2
\]

\[
\begin{vmatrix} -2 & 3 \\ -4 & -2 \end{vmatrix} = (-2)(-2) - (3)(-4) = 4 + 12 = 16
\]

Substituting back:

\[
\det(M_{42}) = 2(19) + 5(-2) - 3(16)
\]

\[
= 38 - 10 - 48
\]

\[
= -20
\]

Thus, the cofactor \( C_{42} \) is:

\[
C_{42} = (-1)^{4+2} \det(M_{42}) = (-1)^{6}(-20) = -20
\]

### Final Calculation:

Substituting the cofactors back into the determinant expansion:

\[
\det(A) = 2 \cdot 208 + 4 \cdot (-20)
\]

\[
= 416 - 80
\]

\[
= 336
\]

Thus, the determinant of matrix \( A \) is \(\boxed{336}\).","To find the determinant of the \(4 \times 4\) matrix \( A \), we can use cofactor expansion along the row or column that seems most convenient. Here, we will expand along the fourth row because it contains two zeros, which simplifies the calculation.

The matrix \( A \) is:

\[
A = \begin{bmatrix} 
2 & -3 & -5 & -3 \\ 
-2 & -5 & 3 & 2 \\ 
-4 & -4 & -2 & 5 \\ 
2 & 4 & 0 & 0 
\end{bmatrix}
\]

The determinant of \( A \), denoted as \(\det(A)\), can be expanded along the fourth row:

\[
\det(A) = 2 \cdot C_{41} + 4 \cdot C_{42} + 0 \cdot C_{43} + 0 \cdot C_{44}
\]

where \( C_{ij} \) is the cofactor of the element in the \(i\)-th row and \(j\)-th column. The cofactor \( C_{ij} \) is given by:

\[
C_{ij} = (-1)^{i+j} \det(M_{ij})
\]

where \( M_{ij} \) is the \((n-1) \times (n-1)\) submatrix obtained by deleting the \(i\)-th row and \(j\)-th column from \( A \).

### Calculating \( C_{41} \):

The submatrix \( M_{41} \) is obtained by removing the fourth row and first column:

\[
M_{41} = \begin{bmatrix} 
-3 & -5 & -3 \\ 
-5 & 3 & 2 \\ 
-4 & -2 & 5 
\end{bmatrix}
\]

The determinant of \( M_{41} \) is:

\[
\det(M_{41}) = (-3) \begin{vmatrix} 3 & 2 \\ -2 & 5 \end{vmatrix} - (-5) \begin{vmatrix} -5 & 2 \\ -4 & 5 \end{vmatrix} + (-3) \begin{vmatrix} -5 & 3 \\ -4 & -2 \end{vmatrix}
\]

Calculating each \(2 \times 2\) determinant:

\[
\begin{vmatrix} 3 & 2 \\ -2 & 5 \end{vmatrix} = (3)(5) - (2)(-2) = 15 + 4 = 19
\]

\[
\begin{vmatrix} -5 & 2 \\ -4 & 5 \end{vmatrix} = (-5)(5) - (2)(-4) = -25 + 8 = -17
\]

\[
\begin{vmatrix} -5 & 3 \\ -4 & -2 \end{vmatrix} = (-5)(-2) - (3)(-4) = 10 + 12 = 22
\]

Substituting back:

\[
\det(M_{41}) = (-3)(19) + 5(-17) - 3(22)
\]

\[
= -57 - 85 - 66
\]

\[
= -208
\]

Thus, the cofactor \( C_{41} \) is:

\[
C_{41} = (-1)^{4+1} \det(M_{41}) = -(-208) = 208
\]

### Calculating \( C_{42} \):

The submatrix \( M_{42} \) is obtained by removing the fourth row and second column:

\[
M_{42} = \begin{bmatrix} 
2 & -5 & -3 \\ 
-2 & 3 & 2 \\ 
-4 & -2 & 5 
\end{bmatrix}
\]

The determinant of \( M_{42} \) is:

\[
\det(M_{42}) = 2 \begin{vmatrix} 3 & 2 \\ -2 & 5 \end{vmatrix} - (-5) \begin{vmatrix} -2 & 2 \\ -4 & 5 \end{vmatrix} + (-3) \begin{vmatrix} -2 & 3 \\ -4 & -2 \end{vmatrix}
\]

We already calculated \(\begin{vmatrix} 3 & 2 \\ -2 & 5 \end{vmatrix} = 19\).

Calculating the other \(2 \times 2\) determinants:

\[
\begin{vmatrix} -2 & 2 \\ -4 & 5 \end{vmatrix} = (-2)(5) - (2)(-4) = -10 + 8 = -2
\]

\[
\begin{vmatrix} -2 & 3 \\ -4 & -2 \end{vmatrix} = (-2)(-2) - (3)(-4) = 4 + 12 = 16
\]

Substituting back:

\[
\det(M_{42}) = 2(19) + 5(-2) - 3(16)
\]

\[
= 38 - 10 - 48
\]

\[
= -20
\]

Thus, the cofactor \( C_{42} \) is:

\[
C_{42} = (-1)^{4+2} \det(M_{42}) = (-1)^{6}(-20) = -20
\]

### Final Calculation:

Substituting the cofactors back into the determinant expansion:

\[
\det(A) = 2 \cdot 208 + 4 \cdot (-20)
\]

\[
= 416 - 80
\]

\[
= 336
\]

Thus, the determinant of matrix \( A \) is \(\boxed{336}\).",\det(A) = 2 \cdot C_{41} [+] 4 \cdot C_{42} + 0 \cdot,467,agent_c1_leftright,high,sign between 1st and 2nd term of concrete 4x4 cofactor expansion along row 4,PASS
NC_4x4_det_209,Phi-4,determinant,4,,,correct,\det(A) = 357,-,+,847,"<|im_start|>system<|im_sep|>You are a precise mathematical assistant. Show all computation steps clearly. Always put your final numerical answer inside \boxed{}.<|im_end|><|im_start|>user<|im_sep|>Solve this linear algebra problem. Show your work and give the final answer.

Find the determinant of the 4×4 matrix A.

A = \begin{bmatrix} -5 & -5 & -1 & 0 \\ -4 & -4 & -5 & 5 \\ 5 & 2 & 3 & 1 \\ 3 & 0 & 4 & 5 \end{bmatrix}

<|im_end|><|im_start|>assistant<|im_sep|>To find the determinant of the \(4 \times 4\) matrix \( A \), we can use cofactor expansion along the first row. The matrix \( A \) is given by:

\[
A = \begin{bmatrix} 
-5 & -5 & -1 & 0 \\ 
-4 & -4 & -5 & 5 \\ 
5 & 2 & 3 & 1 \\ 
3 & 0 & 4 & 5 
\end{bmatrix}
\]

The determinant of \( A \), denoted as \(\det(A)\), can be expanded along the first row:

\[
\det(A) = -5 \cdot C_{11} - 5 \cdot C_{12} - 1 \cdot C_{13} + 0 \cdot C_{14}
\]

where \( C_{ij} \) is the cofactor of the element in the \(i\)-th row and \(j\)-th column. The cofactor \( C_{ij} \) is given by:

\[
C_{ij} = (-1)^{i+j} \det(M_{ij})
\]

where \( M_{ij} \) is the \((n-1) \times (n-1)\) submatrix obtained by deleting the \(i\)-th row and \(j\)-th column from \( A \).

### Step 1: Calculate \( C_{11} \)

The submatrix \( M_{11} \) is:

\[
M_{11} = \begin{bmatrix} 
-4 & -5 & 5 \\ 
2 & 3 & 1 \\ 
0 & 4 & 5 
\end{bmatrix}
\]

The determinant of \( M_{11} \) is:

\[
\det(M_{11}) = (-4) \begin{vmatrix} 3 & 1 \\ 4 & 5 \end{vmatrix} - (-5) \begin{vmatrix} 2 & 1 \\ 0 & 5 \end{vmatrix} + 5 \begin{vmatrix} 2 & 3 \\ 0 & 4 \end{vmatrix}
\]

Calculating each \(2 \times 2\) determinant:

\[
\begin{vmatrix} 3 & 1 \\ 4 & 5 \end{vmatrix} = (3)(5) - (1)(4) = 15 - 4 = 11
\]

\[
\begin{vmatrix} 2 & 1 \\ 0 & 5 \end{vmatrix} = (2)(5) - (1)(0) = 10
\]

\[
\begin{vmatrix} 2 & 3 \\ 0 & 4 \end{vmatrix} = (2)(4) - (3)(0) = 8
\]

Substituting back:

\[
\det(M_{11}) = (-4)(11) + 5(10) + 5(8) = -44 + 50 + 40 = 46
\]

Thus, \( C_{11} = (-1)^{1+1} \cdot 46 = 46 \).

### Step 2: Calculate \( C_{12} \)

The submatrix \( M_{12} \) is:

\[
M_{12} = \begin{bmatrix} 
-4 & -5 & 5 \\ 
5 & 3 & 1 \\ 
3 & 4 & 5 
\end{bmatrix}
\]

The determinant of \( M_{12} \) is:

\[
\det(M_{12}) = (-4) \begin{vmatrix} 3 & 1 \\ 4 & 5 \end{vmatrix} - (-5) \begin{vmatrix} 5 & 1 \\ 3 & 5 \end{vmatrix} + 5 \begin{vmatrix} 5 & 3 \\ 3 & 4 \end{vmatrix}
\]

Calculating each \(2 \times 2\) determinant:

\[
\begin{vmatrix} 3 & 1 \\ 4 & 5 \end{vmatrix} = 11 \quad \text{(already calculated)}
\]

\[
\begin{vmatrix} 5 & 1 \\ 3 & 5 \end{vmatrix} = (5)(5) - (1)(3) = 25 - 3 = 22
\]

\[
\begin{vmatrix} 5 & 3 \\ 3 & 4 \end{vmatrix} = (5)(4) - (3)(3) = 20 - 9 = 11
\]

Substituting back:

\[
\det(M_{12}) = (-4)(11) + 5(22) + 5(11) = -44 + 110 + 55 = 121
\]

Thus, \( C_{12} = (-1)^{1+2} \cdot 121 = -121 \).

### Step 3: Calculate \( C_{13} \)

The submatrix \( M_{13} \) is:

\[
M_{13} = \begin{bmatrix} 
-4 & -4 & 5 \\ 
5 & 2 & 1 \\ 
3 & 0 & 5 
\end{bmatrix}
\]

The determinant of \( M_{13} \) is:

\[
\det(M_{13}) = (-4) \begin{vmatrix} 2 & 1 \\ 0 & 5 \end{vmatrix} - (-4) \begin{vmatrix} 5 & 1 \\ 3 & 5 \end{vmatrix} + 5 \begin{vmatrix} 5 & 2 \\ 3 & 0 \end{vmatrix}
\]

Calculating each \(2 \times 2\) determinant:

\[
\begin{vmatrix} 2 & 1 \\ 0 & 5 \end{vmatrix} = 10 \quad \text{(already calculated)}
\]

\[
\begin{vmatrix} 5 & 1 \\ 3 & 5 \end{vmatrix} = 22 \quad \text{(already calculated)}
\]

\[
\begin{vmatrix} 5 & 2 \\ 3 & 0 \end{vmatrix} = (5)(0) - (2)(3) = 0 - 6 = -6
\]

Substituting back:

\[
\det(M_{13}) = (-4)(10) + 4(22) + 5(-6) = -40 + 88 - 30 = 18
\]

Thus, \( C_{13} = (-1)^{1+3} \cdot 18 = 18 \).

### Final Calculation

Substitute the cofactors back into the determinant expansion:

\[
\det(A) = -5 \cdot 46 - 5 \cdot (-121) - 1 \cdot 18 + 0 \cdot C_{14}
\]

\[
= -230 + 605 - 18
\]

\[
= 357
\]

Thus, the determinant of matrix \( A \) is \(\boxed{357}\).","To find the determinant of the \(4 \times 4\) matrix \( A \), we can use cofactor expansion along the first row. The matrix \( A \) is given by:

\[
A = \begin{bmatrix} 
-5 & -5 & -1 & 0 \\ 
-4 & -4 & -5 & 5 \\ 
5 & 2 & 3 & 1 \\ 
3 & 0 & 4 & 5 
\end{bmatrix}
\]

The determinant of \( A \), denoted as \(\det(A)\), can be expanded along the first row:

\[
\det(A) = -5 \cdot C_{11} - 5 \cdot C_{12} - 1 \cdot C_{13} + 0 \cdot C_{14}
\]

where \( C_{ij} \) is the cofactor of the element in the \(i\)-th row and \(j\)-th column. The cofactor \( C_{ij} \) is given by:

\[
C_{ij} = (-1)^{i+j} \det(M_{ij})
\]

where \( M_{ij} \) is the \((n-1) \times (n-1)\) submatrix obtained by deleting the \(i\)-th row and \(j\)-th column from \( A \).

### Step 1: Calculate \( C_{11} \)

The submatrix \( M_{11} \) is:

\[
M_{11} = \begin{bmatrix} 
-4 & -5 & 5 \\ 
2 & 3 & 1 \\ 
0 & 4 & 5 
\end{bmatrix}
\]

The determinant of \( M_{11} \) is:

\[
\det(M_{11}) = (-4) \begin{vmatrix} 3 & 1 \\ 4 & 5 \end{vmatrix} - (-5) \begin{vmatrix} 2 & 1 \\ 0 & 5 \end{vmatrix} + 5 \begin{vmatrix} 2 & 3 \\ 0 & 4 \end{vmatrix}
\]

Calculating each \(2 \times 2\) determinant:

\[
\begin{vmatrix} 3 & 1 \\ 4 & 5 \end{vmatrix} = (3)(5) - (1)(4) = 15 - 4 = 11
\]

\[
\begin{vmatrix} 2 & 1 \\ 0 & 5 \end{vmatrix} = (2)(5) - (1)(0) = 10
\]

\[
\begin{vmatrix} 2 & 3 \\ 0 & 4 \end{vmatrix} = (2)(4) - (3)(0) = 8
\]

Substituting back:

\[
\det(M_{11}) = (-4)(11) + 5(10) + 5(8) = -44 + 50 + 40 = 46
\]

Thus, \( C_{11} = (-1)^{1+1} \cdot 46 = 46 \).

### Step 2: Calculate \( C_{12} \)

The submatrix \( M_{12} \) is:

\[
M_{12} = \begin{bmatrix} 
-4 & -5 & 5 \\ 
5 & 3 & 1 \\ 
3 & 4 & 5 
\end{bmatrix}
\]

The determinant of \( M_{12} \) is:

\[
\det(M_{12}) = (-4) \begin{vmatrix} 3 & 1 \\ 4 & 5 \end{vmatrix} - (-5) \begin{vmatrix} 5 & 1 \\ 3 & 5 \end{vmatrix} + 5 \begin{vmatrix} 5 & 3 \\ 3 & 4 \end{vmatrix}
\]

Calculating each \(2 \times 2\) determinant:

\[
\begin{vmatrix} 3 & 1 \\ 4 & 5 \end{vmatrix} = 11 \quad \text{(already calculated)}
\]

\[
\begin{vmatrix} 5 & 1 \\ 3 & 5 \end{vmatrix} = (5)(5) - (1)(3) = 25 - 3 = 22
\]

\[
\begin{vmatrix} 5 & 3 \\ 3 & 4 \end{vmatrix} = (5)(4) - (3)(3) = 20 - 9 = 11
\]

Substituting back:

\[
\det(M_{12}) = (-4)(11) + 5(22) + 5(11) = -44 + 110 + 55 = 121
\]

Thus, \( C_{12} = (-1)^{1+2} \cdot 121 = -121 \).

### Step 3: Calculate \( C_{13} \)

The submatrix \( M_{13} \) is:

\[
M_{13} = \begin{bmatrix} 
-4 & -4 & 5 \\ 
5 & 2 & 1 \\ 
3 & 0 & 5 
\end{bmatrix}
\]

The determinant of \( M_{13} \) is:

\[
\det(M_{13}) = (-4) \begin{vmatrix} 2 & 1 \\ 0 & 5 \end{vmatrix} - (-4) \begin{vmatrix} 5 & 1 \\ 3 & 5 \end{vmatrix} + 5 \begin{vmatrix} 5 & 2 \\ 3 & 0 \end{vmatrix}
\]

Calculating each \(2 \times 2\) determinant:

\[
\begin{vmatrix} 2 & 1 \\ 0 & 5 \end{vmatrix} = 10 \quad \text{(already calculated)}
\]

\[
\begin{vmatrix} 5 & 1 \\ 3 & 5 \end{vmatrix} = 22 \quad \text{(already calculated)}
\]

\[
\begin{vmatrix} 5 & 2 \\ 3 & 0 \end{vmatrix} = (5)(0) - (2)(3) = 0 - 6 = -6
\]

Substituting back:

\[
\det(M_{13}) = (-4)(10) + 4(22) + 5(-6) = -40 + 88 - 30 = 18
\]

Thus, \( C_{13} = (-1)^{1+3} \cdot 18 = 18 \).

### Final Calculation

Substitute the cofactors back into the determinant expansion:

\[
\det(A) = -5 \cdot 46 - 5 \cdot (-121) - 1 \cdot 18 + 0 \cdot C_{14}
\]

\[
= -230 + 605 - 18
\]

\[
= 357
\]

Thus, the determinant of matrix \( A \) is \(\boxed{357}\).",det(A) = -5 \cdot C_{11} [-] 5 \cdot C_{12} - 1 \cdot,465,agent_c1_leftright,high,sign between 1st (-5 C_11) and 2nd (5 C_12) term of concrete 4x4 expansion; leading -5 is part of the entry value,PASS
NC_4x4_det_216,Phi-4,determinant,4,,,correct,\det(A) = 242,-,+,844,"<|im_start|>system<|im_sep|>You are a precise mathematical assistant. Show all computation steps clearly. Always put your final numerical answer inside \boxed{}.<|im_end|><|im_start|>user<|im_sep|>Solve this linear algebra problem. Show your work and give the final answer.

Find the determinant of the 4×4 matrix A.

A = \begin{bmatrix} 1 & 4 & 0 & 4 \\ 4 & -3 & 0 & 1 \\ 1 & -5 & -1 & 0 \\ -4 & -4 & 2 & 0 \end{bmatrix}

<|im_end|><|im_start|>assistant<|im_sep|>To find the determinant of the \(4 \times 4\) matrix \(A\), we can use cofactor expansion along the first row. The matrix \(A\) is given by:

\[
A = \begin{bmatrix} 
1 & 4 & 0 & 4 \\ 
4 & -3 & 0 & 1 \\ 
1 & -5 & -1 & 0 \\ 
-4 & -4 & 2 & 0 
\end{bmatrix}
\]

The determinant of \(A\), denoted as \(\det(A)\), can be expanded along the first row:

\[
\det(A) = 1 \cdot \det(A_{11}) - 4 \cdot \det(A_{12}) + 0 \cdot \det(A_{13}) - 4 \cdot \det(A_{14})
\]

where \(A_{ij}\) is the \((i,j)\)-minor of \(A\), obtained by deleting the \(i\)-th row and \(j\)-th column.

### Step 1: Calculate \(\det(A_{11})\)

The minor \(A_{11}\) is:

\[
A_{11} = \begin{bmatrix} 
-3 & 0 & 1 \\ 
-5 & -1 & 0 \\ 
-4 & 2 & 0 
\end{bmatrix}
\]

The determinant of this \(3 \times 3\) matrix is:

\[
\det(A_{11}) = (-3) \begin{vmatrix} -1 & 0 \\ 2 & 0 \end{vmatrix} - 0 \begin{vmatrix} -5 & 0 \\ -4 & 0 \end{vmatrix} + 1 \begin{vmatrix} -5 & -1 \\ -4 & 2 \end{vmatrix}
\]

Calculating the \(2 \times 2\) determinants:

\[
\begin{vmatrix} -1 & 0 \\ 2 & 0 \end{vmatrix} = (-1)(0) - (0)(2) = 0
\]

\[
\begin{vmatrix} -5 & -1 \\ -4 & 2 \end{vmatrix} = (-5)(2) - (-1)(-4) = -10 - 4 = -14
\]

Thus:

\[
\det(A_{11}) = (-3)(0) + 0 + 1(-14) = -14
\]

### Step 2: Calculate \(\det(A_{12})\)

The minor \(A_{12}\) is:

\[
A_{12} = \begin{bmatrix} 
4 & 0 & 1 \\ 
1 & -1 & 0 \\ 
-4 & 2 & 0 
\end{bmatrix}
\]

The determinant of this \(3 \times 3\) matrix is:

\[
\det(A_{12}) = 4 \begin{vmatrix} -1 & 0 \\ 2 & 0 \end{vmatrix} - 0 \begin{vmatrix} 1 & 0 \\ -4 & 0 \end{vmatrix} + 1 \begin{vmatrix} 1 & -1 \\ -4 & 2 \end{vmatrix}
\]

Calculating the \(2 \times 2\) determinants:

\[
\begin{vmatrix} -1 & 0 \\ 2 & 0 \end{vmatrix} = (-1)(0) - (0)(2) = 0
\]

\[
\begin{vmatrix} 1 & -1 \\ -4 & 2 \end{vmatrix} = (1)(2) - (-1)(-4) = 2 - 4 = -2
\]

Thus:

\[
\det(A_{12}) = 4(0) + 0 + 1(-2) = -2
\]

### Step 3: Calculate \(\det(A_{14})\)

The minor \(A_{14}\) is:

\[
A_{14} = \begin{bmatrix} 
4 & -3 & 0 \\ 
1 & -5 & -1 \\ 
-4 & -4 & 2 
\end{bmatrix}
\]

The determinant of this \(3 \times 3\) matrix is:

\[
\det(A_{14}) = 4 \begin{vmatrix} -5 & -1 \\ -4 & 2 \end{vmatrix} - (-3) \begin{vmatrix} 1 & -1 \\ -4 & 2 \end{vmatrix} + 0 \begin{vmatrix} 1 & -5 \\ -4 & -4 \end{vmatrix}
\]

Calculating the \(2 \times 2\) determinants:

\[
\begin{vmatrix} -5 & -1 \\ -4 & 2 \end{vmatrix} = (-5)(2) - (-1)(-4) = -10 - 4 = -14
\]

\[
\begin{vmatrix} 1 & -1 \\ -4 & 2 \end{vmatrix} = (1)(2) - (-1)(-4) = 2 - 4 = -2
\]

Thus:

\[
\det(A_{14}) = 4(-14) + 3(-2) + 0 = -56 - 6 = -62
\]

### Final Calculation

Substitute back into the determinant expansion:

\[
\det(A) = 1(-14) - 4(-2) + 0 - 4(-62)
\]

\[
= -14 + 8 + 0 + 248
\]

\[
= 242
\]

Thus, the determinant of matrix \(A\) is \(\boxed{242}\).","To find the determinant of the \(4 \times 4\) matrix \(A\), we can use cofactor expansion along the first row. The matrix \(A\) is given by:

\[
A = \begin{bmatrix} 
1 & 4 & 0 & 4 \\ 
4 & -3 & 0 & 1 \\ 
1 & -5 & -1 & 0 \\ 
-4 & -4 & 2 & 0 
\end{bmatrix}
\]

The determinant of \(A\), denoted as \(\det(A)\), can be expanded along the first row:

\[
\det(A) = 1 \cdot \det(A_{11}) - 4 \cdot \det(A_{12}) + 0 \cdot \det(A_{13}) - 4 \cdot \det(A_{14})
\]

where \(A_{ij}\) is the \((i,j)\)-minor of \(A\), obtained by deleting the \(i\)-th row and \(j\)-th column.

### Step 1: Calculate \(\det(A_{11})\)

The minor \(A_{11}\) is:

\[
A_{11} = \begin{bmatrix} 
-3 & 0 & 1 \\ 
-5 & -1 & 0 \\ 
-4 & 2 & 0 
\end{bmatrix}
\]

The determinant of this \(3 \times 3\) matrix is:

\[
\det(A_{11}) = (-3) \begin{vmatrix} -1 & 0 \\ 2 & 0 \end{vmatrix} - 0 \begin{vmatrix} -5 & 0 \\ -4 & 0 \end{vmatrix} + 1 \begin{vmatrix} -5 & -1 \\ -4 & 2 \end{vmatrix}
\]

Calculating the \(2 \times 2\) determinants:

\[
\begin{vmatrix} -1 & 0 \\ 2 & 0 \end{vmatrix} = (-1)(0) - (0)(2) = 0
\]

\[
\begin{vmatrix} -5 & -1 \\ -4 & 2 \end{vmatrix} = (-5)(2) - (-1)(-4) = -10 - 4 = -14
\]

Thus:

\[
\det(A_{11}) = (-3)(0) + 0 + 1(-14) = -14
\]

### Step 2: Calculate \(\det(A_{12})\)

The minor \(A_{12}\) is:

\[
A_{12} = \begin{bmatrix} 
4 & 0 & 1 \\ 
1 & -1 & 0 \\ 
-4 & 2 & 0 
\end{bmatrix}
\]

The determinant of this \(3 \times 3\) matrix is:

\[
\det(A_{12}) = 4 \begin{vmatrix} -1 & 0 \\ 2 & 0 \end{vmatrix} - 0 \begin{vmatrix} 1 & 0 \\ -4 & 0 \end{vmatrix} + 1 \begin{vmatrix} 1 & -1 \\ -4 & 2 \end{vmatrix}
\]

Calculating the \(2 \times 2\) determinants:

\[
\begin{vmatrix} -1 & 0 \\ 2 & 0 \end{vmatrix} = (-1)(0) - (0)(2) = 0
\]

\[
\begin{vmatrix} 1 & -1 \\ -4 & 2 \end{vmatrix} = (1)(2) - (-1)(-4) = 2 - 4 = -2
\]

Thus:

\[
\det(A_{12}) = 4(0) + 0 + 1(-2) = -2
\]

### Step 3: Calculate \(\det(A_{14})\)

The minor \(A_{14}\) is:

\[
A_{14} = \begin{bmatrix} 
4 & -3 & 0 \\ 
1 & -5 & -1 \\ 
-4 & -4 & 2 
\end{bmatrix}
\]

The determinant of this \(3 \times 3\) matrix is:

\[
\det(A_{14}) = 4 \begin{vmatrix} -5 & -1 \\ -4 & 2 \end{vmatrix} - (-3) \begin{vmatrix} 1 & -1 \\ -4 & 2 \end{vmatrix} + 0 \begin{vmatrix} 1 & -5 \\ -4 & -4 \end{vmatrix}
\]

Calculating the \(2 \times 2\) determinants:

\[
\begin{vmatrix} -5 & -1 \\ -4 & 2 \end{vmatrix} = (-5)(2) - (-1)(-4) = -10 - 4 = -14
\]

\[
\begin{vmatrix} 1 & -1 \\ -4 & 2 \end{vmatrix} = (1)(2) - (-1)(-4) = 2 - 4 = -2
\]

Thus:

\[
\det(A_{14}) = 4(-14) + 3(-2) + 0 = -56 - 6 = -62
\]

### Final Calculation

Substitute back into the determinant expansion:

\[
\det(A) = 1(-14) - 4(-2) + 0 - 4(-62)
\]

\[
= -14 + 8 + 0 + 248
\]

\[
= 242
\]

Thus, the determinant of matrix \(A\) is \(\boxed{242}\).",) = 1 \cdot \det(A_{11}) [-] 4 \cdot \det(A_{12}) + 0,464,agent_c1_leftright,high,sign between 1st and 2nd term of concrete 4x4 cofactor expansion along row 1,PASS
NC_4x4_det_218,Phi-4,determinant,4,,,correct,\det(A) = -500,+,-,940,"<|im_start|>system<|im_sep|>You are a precise mathematical assistant. Show all computation steps clearly. Always put your final numerical answer inside \boxed{}.<|im_end|><|im_start|>user<|im_sep|>Solve this linear algebra problem. Show your work and give the final answer.

Find the determinant of the 4×4 matrix A.

A = \begin{bmatrix} -5 & -5 & 2 & 1 \\ 1 & -1 & 5 & -2 \\ 0 & 0 & 2 & -4 \\ 3 & -3 & 0 & -1 \end{bmatrix}

<|im_end|><|im_start|>assistant<|im_sep|>To find the determinant of the \(4 \times 4\) matrix \( A \), we can use cofactor expansion along a row or column. Here, we will expand along the third row, which contains two zeros, simplifying our calculations.

The matrix \( A \) is:

\[
A = \begin{bmatrix} 
-5 & -5 & 2 & 1 \\ 
1 & -1 & 5 & -2 \\ 
0 & 0 & 2 & -4 \\ 
3 & -3 & 0 & -1 
\end{bmatrix}
\]

The determinant of \( A \), denoted as \(\det(A)\), can be expanded along the third row:

\[
\det(A) = 0 \cdot C_{31} + 0 \cdot C_{32} + 2 \cdot C_{33} + (-4) \cdot C_{34}
\]

where \( C_{ij} \) is the cofactor of the element in the \(i\)-th row and \(j\)-th column. The cofactor \( C_{ij} \) is given by:

\[
C_{ij} = (-1)^{i+j} \det(M_{ij})
\]

where \( M_{ij} \) is the \((n-1) \times (n-1)\) submatrix obtained by deleting the \(i\)-th row and \(j\)-th column from \( A \).

### Calculating \( C_{33} \):

The submatrix \( M_{33} \) is obtained by removing the third row and third column:

\[
M_{33} = \begin{bmatrix} 
-5 & -5 & 1 \\ 
1 & -1 & -2 \\ 
3 & -3 & -1 
\end{bmatrix}
\]

The determinant of \( M_{33} \) is:

\[
\det(M_{33}) = \begin{vmatrix} 
-5 & -5 & 1 \\ 
1 & -1 & -2 \\ 
3 & -3 & -1 
\end{vmatrix}
\]

Expanding along the first row:

\[
\det(M_{33}) = (-5) \begin{vmatrix} 
-1 & -2 \\ 
-3 & -1 
\end{vmatrix} 
- (-5) \begin{vmatrix} 
1 & -2 \\ 
3 & -1 
\end{vmatrix} 
+ 1 \begin{vmatrix} 
1 & -1 \\ 
3 & -3 
\end{vmatrix}
\]

Calculating each \(2 \times 2\) determinant:

\[
\begin{vmatrix} 
-1 & -2 \\ 
-3 & -1 
\end{vmatrix} = (-1)(-1) - (-2)(-3) = 1 - 6 = -5
\]

\[
\begin{vmatrix} 
1 & -2 \\ 
3 & -1 
\end{vmatrix} = (1)(-1) - (-2)(3) = -1 + 6 = 5
\]

\[
\begin{vmatrix} 
1 & -1 \\ 
3 & -3 
\end{vmatrix} = (1)(-3) - (-1)(3) = -3 + 3 = 0
\]

Substituting back:

\[
\det(M_{33}) = (-5)(-5) - (-5)(5) + 1(0) = 25 + 25 + 0 = 50
\]

Thus, \( C_{33} = (-1)^{3+3} \det(M_{33}) = 1 \cdot 50 = 50 \).

### Calculating \( C_{34} \):

The submatrix \( M_{34} \) is obtained by removing the third row and fourth column:

\[
M_{34} = \begin{bmatrix} 
-5 & -5 & 2 \\ 
1 & -1 & 5 \\ 
3 & -3 & 0 
\end{bmatrix}
\]

The determinant of \( M_{34} \) is:

\[
\det(M_{34}) = \begin{vmatrix} 
-5 & -5 & 2 \\ 
1 & -1 & 5 \\ 
3 & -3 & 0 
\end{vmatrix}
\]

Expanding along the first row:

\[
\det(M_{34}) = (-5) \begin{vmatrix} 
-1 & 5 \\ 
-3 & 0 
\end{vmatrix} 
- (-5) \begin{vmatrix} 
1 & 5 \\ 
3 & 0 
\end{vmatrix} 
+ 2 \begin{vmatrix} 
1 & -1 \\ 
3 & -3 
\end{vmatrix}
\]

Calculating each \(2 \times 2\) determinant:

\[
\begin{vmatrix} 
-1 & 5 \\ 
-3 & 0 
\end{vmatrix} = (-1)(0) - (5)(-3) = 0 + 15 = 15
\]

\[
\begin{vmatrix} 
1 & 5 \\ 
3 & 0 
\end{vmatrix} = (1)(0) - (5)(3) = 0 - 15 = -15
\]

\[
\begin{vmatrix} 
1 & -1 \\ 
3 & -3 
\end{vmatrix} = (1)(-3) - (-1)(3) = -3 + 3 = 0
\]

Substituting back:

\[
\det(M_{34}) = (-5)(15) - (-5)(-15) + 2(0) = -75 - 75 + 0 = -150
\]

Thus, \( C_{34} = (-1)^{3+4} \det(M_{34}) = -1 \cdot (-150) = 150 \).

### Final Calculation:

Substituting the cofactors back into the determinant expansion:

\[
\det(A) = 0 \cdot C_{31} + 0 \cdot C_{32} + 2 \cdot 50 + (-4) \cdot 150
\]

\[
\det(A) = 0 + 0 + 100 - 600 = -500
\]

Thus, the determinant of matrix \( A \) is \(\boxed{-500}\).","To find the determinant of the \(4 \times 4\) matrix \( A \), we can use cofactor expansion along a row or column. Here, we will expand along the third row, which contains two zeros, simplifying our calculations.

The matrix \( A \) is:

\[
A = \begin{bmatrix} 
-5 & -5 & 2 & 1 \\ 
1 & -1 & 5 & -2 \\ 
0 & 0 & 2 & -4 \\ 
3 & -3 & 0 & -1 
\end{bmatrix}
\]

The determinant of \( A \), denoted as \(\det(A)\), can be expanded along the third row:

\[
\det(A) = 0 \cdot C_{31} + 0 \cdot C_{32} + 2 \cdot C_{33} + (-4) \cdot C_{34}
\]

where \( C_{ij} \) is the cofactor of the element in the \(i\)-th row and \(j\)-th column. The cofactor \( C_{ij} \) is given by:

\[
C_{ij} = (-1)^{i+j} \det(M_{ij})
\]

where \( M_{ij} \) is the \((n-1) \times (n-1)\) submatrix obtained by deleting the \(i\)-th row and \(j\)-th column from \( A \).

### Calculating \( C_{33} \):

The submatrix \( M_{33} \) is obtained by removing the third row and third column:

\[
M_{33} = \begin{bmatrix} 
-5 & -5 & 1 \\ 
1 & -1 & -2 \\ 
3 & -3 & -1 
\end{bmatrix}
\]

The determinant of \( M_{33} \) is:

\[
\det(M_{33}) = \begin{vmatrix} 
-5 & -5 & 1 \\ 
1 & -1 & -2 \\ 
3 & -3 & -1 
\end{vmatrix}
\]

Expanding along the first row:

\[
\det(M_{33}) = (-5) \begin{vmatrix} 
-1 & -2 \\ 
-3 & -1 
\end{vmatrix} 
- (-5) \begin{vmatrix} 
1 & -2 \\ 
3 & -1 
\end{vmatrix} 
+ 1 \begin{vmatrix} 
1 & -1 \\ 
3 & -3 
\end{vmatrix}
\]

Calculating each \(2 \times 2\) determinant:

\[
\begin{vmatrix} 
-1 & -2 \\ 
-3 & -1 
\end{vmatrix} = (-1)(-1) - (-2)(-3) = 1 - 6 = -5
\]

\[
\begin{vmatrix} 
1 & -2 \\ 
3 & -1 
\end{vmatrix} = (1)(-1) - (-2)(3) = -1 + 6 = 5
\]

\[
\begin{vmatrix} 
1 & -1 \\ 
3 & -3 
\end{vmatrix} = (1)(-3) - (-1)(3) = -3 + 3 = 0
\]

Substituting back:

\[
\det(M_{33}) = (-5)(-5) - (-5)(5) + 1(0) = 25 + 25 + 0 = 50
\]

Thus, \( C_{33} = (-1)^{3+3} \det(M_{33}) = 1 \cdot 50 = 50 \).

### Calculating \( C_{34} \):

The submatrix \( M_{34} \) is obtained by removing the third row and fourth column:

\[
M_{34} = \begin{bmatrix} 
-5 & -5 & 2 \\ 
1 & -1 & 5 \\ 
3 & -3 & 0 
\end{bmatrix}
\]

The determinant of \( M_{34} \) is:

\[
\det(M_{34}) = \begin{vmatrix} 
-5 & -5 & 2 \\ 
1 & -1 & 5 \\ 
3 & -3 & 0 
\end{vmatrix}
\]

Expanding along the first row:

\[
\det(M_{34}) = (-5) \begin{vmatrix} 
-1 & 5 \\ 
-3 & 0 
\end{vmatrix} 
- (-5) \begin{vmatrix} 
1 & 5 \\ 
3 & 0 
\end{vmatrix} 
+ 2 \begin{vmatrix} 
1 & -1 \\ 
3 & -3 
\end{vmatrix}
\]

Calculating each \(2 \times 2\) determinant:

\[
\begin{vmatrix} 
-1 & 5 \\ 
-3 & 0 
\end{vmatrix} = (-1)(0) - (5)(-3) = 0 + 15 = 15
\]

\[
\begin{vmatrix} 
1 & 5 \\ 
3 & 0 
\end{vmatrix} = (1)(0) - (5)(3) = 0 - 15 = -15
\]

\[
\begin{vmatrix} 
1 & -1 \\ 
3 & -3 
\end{vmatrix} = (1)(-3) - (-1)(3) = -3 + 3 = 0
\]

Substituting back:

\[
\det(M_{34}) = (-5)(15) - (-5)(-15) + 2(0) = -75 - 75 + 0 = -150
\]

Thus, \( C_{34} = (-1)^{3+4} \det(M_{34}) = -1 \cdot (-150) = 150 \).

### Final Calculation:

Substituting the cofactors back into the determinant expansion:

\[
\det(A) = 0 \cdot C_{31} + 0 \cdot C_{32} + 2 \cdot 50 + (-4) \cdot 150
\]

\[
\det(A) = 0 + 0 + 100 - 600 = -500
\]

Thus, the determinant of matrix \( A \) is \(\boxed{-500}\).",\det(A) = 0 \cdot C_{31} [+] 0 \cdot C_{32} + 2 \cdot,466,agent_c1_leftright,high,sign between 1st and 2nd term of concrete 4x4 expansion along row 3,PASS
NC_4x4_det_222,Phi-4,determinant,4,,,correct,\det(A) = 76,-,+,853,"<|im_start|>system<|im_sep|>You are a precise mathematical assistant. Show all computation steps clearly. Always put your final numerical answer inside \boxed{}.<|im_end|><|im_start|>user<|im_sep|>Solve this linear algebra problem. Show your work and give the final answer.

Find the determinant of the 4×4 matrix A.

A = \begin{bmatrix} -5 & -1 & -5 & 5 \\ -3 & -4 & -1 & -1 \\ 1 & -5 & 2 & 1 \\ 0 & 5 & -2 & 0 \end{bmatrix}

<|im_end|><|im_start|>assistant<|im_sep|>To find the determinant of the \(4 \times 4\) matrix \( A \), we can use cofactor expansion along the first row. The matrix \( A \) is given by:

\[
A = \begin{bmatrix} 
-5 & -1 & -5 & 5 \\ 
-3 & -4 & -1 & -1 \\ 
1 & -5 & 2 & 1 \\ 
0 & 5 & -2 & 0 
\end{bmatrix}
\]

The determinant of \( A \), denoted as \(\det(A)\), can be expanded along the first row:

\[
\det(A) = -5 \cdot C_{11} - 1 \cdot C_{12} - 5 \cdot C_{13} + 5 \cdot C_{14}
\]

where \( C_{ij} \) is the cofactor of the element in the \(i\)-th row and \(j\)-th column. The cofactor \( C_{ij} \) is given by:

\[
C_{ij} = (-1)^{i+j} \det(M_{ij})
\]

where \( M_{ij} \) is the \((n-1) \times (n-1)\) submatrix obtained by deleting the \(i\)-th row and \(j\)-th column from \( A \).

### Step 1: Calculate \( C_{11} \)

The submatrix \( M_{11} \) is:

\[
M_{11} = \begin{bmatrix} 
-4 & -1 & -1 \\ 
-5 & 2 & 1 \\ 
5 & -2 & 0 
\end{bmatrix}
\]

The determinant of \( M_{11} \) is:

\[
\det(M_{11}) = (-4) \begin{vmatrix} 2 & 1 \\ -2 & 0 \end{vmatrix} - (-1) \begin{vmatrix} -5 & 1 \\ 5 & 0 \end{vmatrix} - 1 \begin{vmatrix} -5 & 2 \\ 5 & -2 \end{vmatrix}
\]

Calculating each \(2 \times 2\) determinant:

\[
\begin{vmatrix} 2 & 1 \\ -2 & 0 \end{vmatrix} = (2)(0) - (1)(-2) = 2
\]

\[
\begin{vmatrix} -5 & 1 \\ 5 & 0 \end{vmatrix} = (-5)(0) - (1)(5) = -5
\]

\[
\begin{vmatrix} -5 & 2 \\ 5 & -2 \end{vmatrix} = (-5)(-2) - (2)(5) = 10 - 10 = 0
\]

Substituting back:

\[
\det(M_{11}) = (-4)(2) + 5 - 0 = -8 + 5 = -3
\]

Thus, \( C_{11} = (-1)^{1+1} \det(M_{11}) = 1 \cdot (-3) = -3 \).

### Step 2: Calculate \( C_{12} \)

The submatrix \( M_{12} \) is:

\[
M_{12} = \begin{bmatrix} 
-3 & -1 & -1 \\ 
1 & 2 & 1 \\ 
0 & -2 & 0 
\end{bmatrix}
\]

The determinant of \( M_{12} \) is:

\[
\det(M_{12}) = (-3) \begin{vmatrix} 2 & 1 \\ -2 & 0 \end{vmatrix} - (-1) \begin{vmatrix} 1 & 1 \\ 0 & 0 \end{vmatrix} - 1 \begin{vmatrix} 1 & 2 \\ 0 & -2 \end{vmatrix}
\]

Calculating each \(2 \times 2\) determinant:

\[
\begin{vmatrix} 2 & 1 \\ -2 & 0 \end{vmatrix} = 2
\]

\[
\begin{vmatrix} 1 & 1 \\ 0 & 0 \end{vmatrix} = 0
\]

\[
\begin{vmatrix} 1 & 2 \\ 0 & -2 \end{vmatrix} = (1)(-2) - (2)(0) = -2
\]

Substituting back:

\[
\det(M_{12}) = (-3)(2) + 0 + 2 = -6 + 2 = -4
\]

Thus, \( C_{12} = (-1)^{1+2} \det(M_{12}) = -1 \cdot (-4) = 4 \).

### Step 3: Calculate \( C_{13} \)

The submatrix \( M_{13} \) is:

\[
M_{13} = \begin{bmatrix} 
-3 & -4 & -1 \\ 
1 & -5 & 1 \\ 
0 & 5 & 0 
\end{bmatrix}
\]

The determinant of \( M_{13} \) is:

\[
\det(M_{13}) = (-3) \begin{vmatrix} -5 & 1 \\ 5 & 0 \end{vmatrix} - (-4) \begin{vmatrix} 1 & 1 \\ 0 & 0 \end{vmatrix} - 1 \begin{vmatrix} 1 & -5 \\ 0 & 5 \end{vmatrix}
\]

Calculating each \(2 \times 2\) determinant:

\[
\begin{vmatrix} -5 & 1 \\ 5 & 0 \end{vmatrix} = -5
\]

\[
\begin{vmatrix} 1 & 1 \\ 0 & 0 \end{vmatrix} = 0
\]

\[
\begin{vmatrix} 1 & -5 \\ 0 & 5 \end{vmatrix} = (1)(5) - (-5)(0) = 5
\]

Substituting back:

\[
\det(M_{13}) = (-3)(-5) + 0 - 5 = 15 - 5 = 10
\]

Thus, \( C_{13} = (-1)^{1+3} \det(M_{13}) = -1 \cdot 10 = -10 \).

### Step 4: Calculate \( C_{14} \)

The submatrix \( M_{14} \) is:

\[
M_{14} = \begin{bmatrix} 
-3 & -4 & -1 \\ 
1 & -5 & 2 \\ 
0 & 5 & -2 
\end{bmatrix}
\]

The determinant of \( M_{14} \) is:

\[
\det(M_{14}) = (-3) \begin{vmatrix} -5 & 2 \\ 5 & -2 \end{vmatrix} - (-4) \begin{vmatrix} 1 & 2 \\ 0 & -2 \end{vmatrix} - 1 \begin{vmatrix} 1 & -5 \\ 0 & 5 \end{vmatrix}
\]

Calculating each \(2 \times 2\) determinant:

\[
\begin{vmatrix} -5 & 2 \\ 5 & -2 \end{vmatrix} = 0
\]

\[
\begin{vmatrix} 1 & 2 \\ 0 & -2 \end{vmatrix} = -2
\]

\[
\begin{vmatrix} 1 & -5 \\ 0 & 5 \end{vmatrix} = 5
\]

Substituting back:

\[
\det(M_{14}) = (-3)(0) + 8 - 5 = 3
\]

Thus, \( C_{14} = (-1)^{1+4} \det(M_{14}) = 1 \cdot 3 = 3 \).

### Final Calculation

Substitute the cofactors back into the determinant expansion:

\[
\det(A) = -5(-3) - 1(4) - 5(-10) + 5(3)
\]

\[
= 15 - 4 + 50 + 15
\]

\[
= 76
\]

Thus, the determinant of matrix \( A \) is \(\boxed{76}\).","To find the determinant of the \(4 \times 4\) matrix \( A \), we can use cofactor expansion along the first row. The matrix \( A \) is given by:

\[
A = \begin{bmatrix} 
-5 & -1 & -5 & 5 \\ 
-3 & -4 & -1 & -1 \\ 
1 & -5 & 2 & 1 \\ 
0 & 5 & -2 & 0 
\end{bmatrix}
\]

The determinant of \( A \), denoted as \(\det(A)\), can be expanded along the first row:

\[
\det(A) = -5 \cdot C_{11} - 1 \cdot C_{12} - 5 \cdot C_{13} + 5 \cdot C_{14}
\]

where \( C_{ij} \) is the cofactor of the element in the \(i\)-th row and \(j\)-th column. The cofactor \( C_{ij} \) is given by:

\[
C_{ij} = (-1)^{i+j} \det(M_{ij})
\]

where \( M_{ij} \) is the \((n-1) \times (n-1)\) submatrix obtained by deleting the \(i\)-th row and \(j\)-th column from \( A \).

### Step 1: Calculate \( C_{11} \)

The submatrix \( M_{11} \) is:

\[
M_{11} = \begin{bmatrix} 
-4 & -1 & -1 \\ 
-5 & 2 & 1 \\ 
5 & -2 & 0 
\end{bmatrix}
\]

The determinant of \( M_{11} \) is:

\[
\det(M_{11}) = (-4) \begin{vmatrix} 2 & 1 \\ -2 & 0 \end{vmatrix} - (-1) \begin{vmatrix} -5 & 1 \\ 5 & 0 \end{vmatrix} - 1 \begin{vmatrix} -5 & 2 \\ 5 & -2 \end{vmatrix}
\]

Calculating each \(2 \times 2\) determinant:

\[
\begin{vmatrix} 2 & 1 \\ -2 & 0 \end{vmatrix} = (2)(0) - (1)(-2) = 2
\]

\[
\begin{vmatrix} -5 & 1 \\ 5 & 0 \end{vmatrix} = (-5)(0) - (1)(5) = -5
\]

\[
\begin{vmatrix} -5 & 2 \\ 5 & -2 \end{vmatrix} = (-5)(-2) - (2)(5) = 10 - 10 = 0
\]

Substituting back:

\[
\det(M_{11}) = (-4)(2) + 5 - 0 = -8 + 5 = -3
\]

Thus, \( C_{11} = (-1)^{1+1} \det(M_{11}) = 1 \cdot (-3) = -3 \).

### Step 2: Calculate \( C_{12} \)

The submatrix \( M_{12} \) is:

\[
M_{12} = \begin{bmatrix} 
-3 & -1 & -1 \\ 
1 & 2 & 1 \\ 
0 & -2 & 0 
\end{bmatrix}
\]

The determinant of \( M_{12} \) is:

\[
\det(M_{12}) = (-3) \begin{vmatrix} 2 & 1 \\ -2 & 0 \end{vmatrix} - (-1) \begin{vmatrix} 1 & 1 \\ 0 & 0 \end{vmatrix} - 1 \begin{vmatrix} 1 & 2 \\ 0 & -2 \end{vmatrix}
\]

Calculating each \(2 \times 2\) determinant:

\[
\begin{vmatrix} 2 & 1 \\ -2 & 0 \end{vmatrix} = 2
\]

\[
\begin{vmatrix} 1 & 1 \\ 0 & 0 \end{vmatrix} = 0
\]

\[
\begin{vmatrix} 1 & 2 \\ 0 & -2 \end{vmatrix} = (1)(-2) - (2)(0) = -2
\]

Substituting back:

\[
\det(M_{12}) = (-3)(2) + 0 + 2 = -6 + 2 = -4
\]

Thus, \( C_{12} = (-1)^{1+2} \det(M_{12}) = -1 \cdot (-4) = 4 \).

### Step 3: Calculate \( C_{13} \)

The submatrix \( M_{13} \) is:

\[
M_{13} = \begin{bmatrix} 
-3 & -4 & -1 \\ 
1 & -5 & 1 \\ 
0 & 5 & 0 
\end{bmatrix}
\]

The determinant of \( M_{13} \) is:

\[
\det(M_{13}) = (-3) \begin{vmatrix} -5 & 1 \\ 5 & 0 \end{vmatrix} - (-4) \begin{vmatrix} 1 & 1 \\ 0 & 0 \end{vmatrix} - 1 \begin{vmatrix} 1 & -5 \\ 0 & 5 \end{vmatrix}
\]

Calculating each \(2 \times 2\) determinant:

\[
\begin{vmatrix} -5 & 1 \\ 5 & 0 \end{vmatrix} = -5
\]

\[
\begin{vmatrix} 1 & 1 \\ 0 & 0 \end{vmatrix} = 0
\]

\[
\begin{vmatrix} 1 & -5 \\ 0 & 5 \end{vmatrix} = (1)(5) - (-5)(0) = 5
\]

Substituting back:

\[
\det(M_{13}) = (-3)(-5) + 0 - 5 = 15 - 5 = 10
\]

Thus, \( C_{13} = (-1)^{1+3} \det(M_{13}) = -1 \cdot 10 = -10 \).

### Step 4: Calculate \( C_{14} \)

The submatrix \( M_{14} \) is:

\[
M_{14} = \begin{bmatrix} 
-3 & -4 & -1 \\ 
1 & -5 & 2 \\ 
0 & 5 & -2 
\end{bmatrix}
\]

The determinant of \( M_{14} \) is:

\[
\det(M_{14}) = (-3) \begin{vmatrix} -5 & 2 \\ 5 & -2 \end{vmatrix} - (-4) \begin{vmatrix} 1 & 2 \\ 0 & -2 \end{vmatrix} - 1 \begin{vmatrix} 1 & -5 \\ 0 & 5 \end{vmatrix}
\]

Calculating each \(2 \times 2\) determinant:

\[
\begin{vmatrix} -5 & 2 \\ 5 & -2 \end{vmatrix} = 0
\]

\[
\begin{vmatrix} 1 & 2 \\ 0 & -2 \end{vmatrix} = -2
\]

\[
\begin{vmatrix} 1 & -5 \\ 0 & 5 \end{vmatrix} = 5
\]

Substituting back:

\[
\det(M_{14}) = (-3)(0) + 8 - 5 = 3
\]

Thus, \( C_{14} = (-1)^{1+4} \det(M_{14}) = 1 \cdot 3 = 3 \).

### Final Calculation

Substitute the cofactors back into the determinant expansion:

\[
\det(A) = -5(-3) - 1(4) - 5(-10) + 5(3)
\]

\[
= 15 - 4 + 50 + 15
\]

\[
= 76
\]

Thus, the determinant of matrix \( A \) is \(\boxed{76}\).",det(A) = -5 \cdot C_{11} [-] 1 \cdot C_{12} - 5 \cdot,468,agent_c1_leftright,high,sign between 1st and 2nd term of concrete 4x4 expansion; leading -5 is entry value,PASS
NC_4x4_det_233,Phi-4,determinant,4,,,correct,\det(A) = -80,-,+,836,"<|im_start|>system<|im_sep|>You are a precise mathematical assistant. Show all computation steps clearly. Always put your final numerical answer inside \boxed{}.<|im_end|><|im_start|>user<|im_sep|>Solve this linear algebra problem. Show your work and give the final answer.

Find the determinant of the 4×4 matrix A.

A = \begin{bmatrix} 0 & -1 & 0 & 5 \\ 5 & 3 & -5 & 0 \\ 4 & 4 & -5 & 5 \\ -4 & 3 & 3 & 2 \end{bmatrix}

<|im_end|><|im_start|>assistant<|im_sep|>To find the determinant of the \(4 \times 4\) matrix \(A\), we can use cofactor expansion along the first row. The matrix \(A\) is given by:

\[
A = \begin{bmatrix} 
0 & -1 & 0 & 5 \\ 
5 & 3 & -5 & 0 \\ 
4 & 4 & -5 & 5 \\ 
-4 & 3 & 3 & 2 
\end{bmatrix}
\]

The determinant of \(A\), denoted as \(\det(A)\), can be expanded along the first row:

\[
\det(A) = 0 \cdot C_{11} - 1 \cdot C_{12} + 0 \cdot C_{13} + 5 \cdot C_{14}
\]

where \(C_{ij}\) is the cofactor of the element \(a_{ij}\). Since the terms with coefficients 0 will not contribute, we only need to calculate \(C_{12}\) and \(C_{14}\).

### Cofactor \(C_{12}\)

The cofactor \(C_{12}\) is given by:

\[
C_{12} = (-1)^{1+2} \det(M_{12})
\]

where \(M_{12}\) is the \(3 \times 3\) submatrix obtained by deleting the first row and second column:

\[
M_{12} = \begin{bmatrix} 
5 & -5 & 0 \\ 
4 & -5 & 5 \\ 
-4 & 3 & 2 
\end{bmatrix}
\]

The determinant of \(M_{12}\) is:

\[
\det(M_{12}) = 5 \begin{vmatrix} -5 & 5 \\ 3 & 2 \end{vmatrix} - (-5) \begin{vmatrix} 4 & 5 \\ -4 & 2 \end{vmatrix} + 0 \begin{vmatrix} 4 & -5 \\ -4 & 3 \end{vmatrix}
\]

Calculating the \(2 \times 2\) determinants:

\[
\begin{vmatrix} -5 & 5 \\ 3 & 2 \end{vmatrix} = (-5)(2) - (5)(3) = -10 - 15 = -25
\]

\[
\begin{vmatrix} 4 & 5 \\ -4 & 2 \end{vmatrix} = (4)(2) - (5)(-4) = 8 + 20 = 28
\]

Substituting back:

\[
\det(M_{12}) = 5(-25) + 5(28) = -125 + 140 = 15
\]

Thus, the cofactor is:

\[
C_{12} = (-1)^3 \cdot 15 = -15
\]

### Cofactor \(C_{14}\)

The cofactor \(C_{14}\) is given by:

\[
C_{14} = (-1)^{1+4} \det(M_{14})
\]

where \(M_{14}\) is the \(3 \times 3\) submatrix obtained by deleting the first row and fourth column:

\[
M_{14} = \begin{bmatrix} 
5 & 3 & -5 \\ 
4 & 4 & -5 \\ 
-4 & 3 & 3 
\end{bmatrix}
\]

The determinant of \(M_{14}\) is:

\[
\det(M_{14}) = 5 \begin{vmatrix} 4 & -5 \\ 3 & 3 \end{vmatrix} - 3 \begin{vmatrix} 4 & -5 \\ -4 & 3 \end{vmatrix} + (-5) \begin{vmatrix} 4 & 4 \\ -4 & 3 \end{vmatrix}
\]

Calculating the \(2 \times 2\) determinants:

\[
\begin{vmatrix} 4 & -5 \\ 3 & 3 \end{vmatrix} = (4)(3) - (-5)(3) = 12 + 15 = 27
\]

\[
\begin{vmatrix} 4 & -5 \\ -4 & 3 \end{vmatrix} = (4)(3) - (-5)(-4) = 12 - 20 = -8
\]

\[
\begin{vmatrix} 4 & 4 \\ -4 & 3 \end{vmatrix} = (4)(3) - (4)(-4) = 12 + 16 = 28
\]

Substituting back:

\[
\det(M_{14}) = 5(27) - 3(-8) - 5(28) = 135 + 24 - 140 = 19
\]

Thus, the cofactor is:

\[
C_{14} = (-1)^5 \cdot 19 = -19
\]

### Final Calculation

Substituting the cofactors back into the determinant expansion:

\[
\det(A) = 0 \cdot C_{11} - 1 \cdot (-15) + 0 \cdot C_{13} + 5 \cdot (-19)
\]

\[
\det(A) = 15 - 95 = -80
\]

Thus, the determinant of matrix \(A\) is:

\[
\boxed{-80}
\]","To find the determinant of the \(4 \times 4\) matrix \(A\), we can use cofactor expansion along the first row. The matrix \(A\) is given by:

\[
A = \begin{bmatrix} 
0 & -1 & 0 & 5 \\ 
5 & 3 & -5 & 0 \\ 
4 & 4 & -5 & 5 \\ 
-4 & 3 & 3 & 2 
\end{bmatrix}
\]

The determinant of \(A\), denoted as \(\det(A)\), can be expanded along the first row:

\[
\det(A) = 0 \cdot C_{11} - 1 \cdot C_{12} + 0 \cdot C_{13} + 5 \cdot C_{14}
\]

where \(C_{ij}\) is the cofactor of the element \(a_{ij}\). Since the terms with coefficients 0 will not contribute, we only need to calculate \(C_{12}\) and \(C_{14}\).

### Cofactor \(C_{12}\)

The cofactor \(C_{12}\) is given by:

\[
C_{12} = (-1)^{1+2} \det(M_{12})
\]

where \(M_{12}\) is the \(3 \times 3\) submatrix obtained by deleting the first row and second column:

\[
M_{12} = \begin{bmatrix} 
5 & -5 & 0 \\ 
4 & -5 & 5 \\ 
-4 & 3 & 2 
\end{bmatrix}
\]

The determinant of \(M_{12}\) is:

\[
\det(M_{12}) = 5 \begin{vmatrix} -5 & 5 \\ 3 & 2 \end{vmatrix} - (-5) \begin{vmatrix} 4 & 5 \\ -4 & 2 \end{vmatrix} + 0 \begin{vmatrix} 4 & -5 \\ -4 & 3 \end{vmatrix}
\]

Calculating the \(2 \times 2\) determinants:

\[
\begin{vmatrix} -5 & 5 \\ 3 & 2 \end{vmatrix} = (-5)(2) - (5)(3) = -10 - 15 = -25
\]

\[
\begin{vmatrix} 4 & 5 \\ -4 & 2 \end{vmatrix} = (4)(2) - (5)(-4) = 8 + 20 = 28
\]

Substituting back:

\[
\det(M_{12}) = 5(-25) + 5(28) = -125 + 140 = 15
\]

Thus, the cofactor is:

\[
C_{12} = (-1)^3 \cdot 15 = -15
\]

### Cofactor \(C_{14}\)

The cofactor \(C_{14}\) is given by:

\[
C_{14} = (-1)^{1+4} \det(M_{14})
\]

where \(M_{14}\) is the \(3 \times 3\) submatrix obtained by deleting the first row and fourth column:

\[
M_{14} = \begin{bmatrix} 
5 & 3 & -5 \\ 
4 & 4 & -5 \\ 
-4 & 3 & 3 
\end{bmatrix}
\]

The determinant of \(M_{14}\) is:

\[
\det(M_{14}) = 5 \begin{vmatrix} 4 & -5 \\ 3 & 3 \end{vmatrix} - 3 \begin{vmatrix} 4 & -5 \\ -4 & 3 \end{vmatrix} + (-5) \begin{vmatrix} 4 & 4 \\ -4 & 3 \end{vmatrix}
\]

Calculating the \(2 \times 2\) determinants:

\[
\begin{vmatrix} 4 & -5 \\ 3 & 3 \end{vmatrix} = (4)(3) - (-5)(3) = 12 + 15 = 27
\]

\[
\begin{vmatrix} 4 & -5 \\ -4 & 3 \end{vmatrix} = (4)(3) - (-5)(-4) = 12 - 20 = -8
\]

\[
\begin{vmatrix} 4 & 4 \\ -4 & 3 \end{vmatrix} = (4)(3) - (4)(-4) = 12 + 16 = 28
\]

Substituting back:

\[
\det(M_{14}) = 5(27) - 3(-8) - 5(28) = 135 + 24 - 140 = 19
\]

Thus, the cofactor is:

\[
C_{14} = (-1)^5 \cdot 19 = -19
\]

### Final Calculation

Substituting the cofactors back into the determinant expansion:

\[
\det(A) = 0 \cdot C_{11} - 1 \cdot (-15) + 0 \cdot C_{13} + 5 \cdot (-19)
\]

\[
\det(A) = 15 - 95 = -80
\]

Thus, the determinant of matrix \(A\) is:

\[
\boxed{-80}
\]",\det(A) = 0 \cdot C_{11} [-] 1 \cdot C_{12} + 0 \cdot,463,agent_c1_leftright,high,sign between 1st and 2nd term of concrete 4x4 expansion along row 1,PASS
NC_4x4_det_237,Phi-4,determinant,4,,,correct,\det(A) = -40,+,-,953,"<|im_start|>system<|im_sep|>You are a precise mathematical assistant. Show all computation steps clearly. Always put your final numerical answer inside \boxed{}.<|im_end|><|im_start|>user<|im_sep|>Solve this linear algebra problem. Show your work and give the final answer.

Find the determinant of the 4×4 matrix A.

A = \begin{bmatrix} -2 & -4 & -4 & 0 \\ 0 & 1 & 0 & 0 \\ 5 & -3 & 5 & -5 \\ -4 & 4 & -4 & 0 \end{bmatrix}

<|im_end|><|im_start|>assistant<|im_sep|>To find the determinant of the \(4 \times 4\) matrix \( A \), we can use cofactor expansion along a row or column. It is often advantageous to choose a row or column with zeros to simplify calculations. Here, the second row has two zeros, making it a good choice for expansion.

The matrix \( A \) is:

\[
A = \begin{bmatrix} 
-2 & -4 & -4 & 0 \\ 
0 & 1 & 0 & 0 \\ 
5 & -3 & 5 & -5 \\ 
-4 & 4 & -4 & 0 
\end{bmatrix}
\]

We will expand along the second row:

\[
\det(A) = 0 \cdot C_{21} + 1 \cdot C_{22} + 0 \cdot C_{23} + 0 \cdot C_{24}
\]

This simplifies to:

\[
\det(A) = 1 \cdot C_{22}
\]

where \( C_{22} \) is the cofactor of the element in the second row and second column. The cofactor is given by:

\[
C_{22} = (-1)^{2+2} \det(M_{22})
\]

where \( M_{22} \) is the \(3 \times 3\) submatrix obtained by removing the second row and second column from \( A \):

\[
M_{22} = \begin{bmatrix} 
-2 & -4 & 0 \\ 
5 & 5 & -5 \\ 
-4 & -4 & 0 
\end{bmatrix}
\]

Since \((-1)^{2+2} = 1\), we have:

\[
C_{22} = \det(M_{22})
\]

Now, we calculate \(\det(M_{22})\) using cofactor expansion along the third column, which contains a zero:

\[
\det(M_{22}) = 0 \cdot C_{13} + (-5) \cdot C_{23} + 0 \cdot C_{33}
\]

This simplifies to:

\[
\det(M_{22}) = -5 \cdot C_{23}
\]

where \( C_{23} \) is the cofactor of the element in the second row and third column of \( M_{22} \):

\[
C_{23} = (-1)^{2+3} \det(N_{23})
\]

where \( N_{23} \) is the \(2 \times 2\) submatrix obtained by removing the second row and third column from \( M_{22} \):

\[
N_{23} = \begin{bmatrix} 
-2 & -4 \\ 
-4 & -4 
\end{bmatrix}
\]

Since \((-1)^{2+3} = -1\), we have:

\[
C_{23} = -\det(N_{23})
\]

Now, calculate \(\det(N_{23})\):

\[
\det(N_{23}) = (-2)(-4) - (-4)(-4) = 8 - 16 = -8
\]

Thus:

\[
C_{23} = -(-8) = 8
\]

Substitute back to find \(\det(M_{22})\):

\[
\det(M_{22}) = -5 \cdot 8 = -40
\]

Finally, substitute back to find \(\det(A)\):

\[
\det(A) = 1 \cdot (-40) = -40
\]

Thus, the determinant of matrix \( A \) is:

\[
\boxed{-40}
\]","To find the determinant of the \(4 \times 4\) matrix \( A \), we can use cofactor expansion along a row or column. It is often advantageous to choose a row or column with zeros to simplify calculations. Here, the second row has two zeros, making it a good choice for expansion.

The matrix \( A \) is:

\[
A = \begin{bmatrix} 
-2 & -4 & -4 & 0 \\ 
0 & 1 & 0 & 0 \\ 
5 & -3 & 5 & -5 \\ 
-4 & 4 & -4 & 0 
\end{bmatrix}
\]

We will expand along the second row:

\[
\det(A) = 0 \cdot C_{21} + 1 \cdot C_{22} + 0 \cdot C_{23} + 0 \cdot C_{24}
\]

This simplifies to:

\[
\det(A) = 1 \cdot C_{22}
\]

where \( C_{22} \) is the cofactor of the element in the second row and second column. The cofactor is given by:

\[
C_{22} = (-1)^{2+2} \det(M_{22})
\]

where \( M_{22} \) is the \(3 \times 3\) submatrix obtained by removing the second row and second column from \( A \):

\[
M_{22} = \begin{bmatrix} 
-2 & -4 & 0 \\ 
5 & 5 & -5 \\ 
-4 & -4 & 0 
\end{bmatrix}
\]

Since \((-1)^{2+2} = 1\), we have:

\[
C_{22} = \det(M_{22})
\]

Now, we calculate \(\det(M_{22})\) using cofactor expansion along the third column, which contains a zero:

\[
\det(M_{22}) = 0 \cdot C_{13} + (-5) \cdot C_{23} + 0 \cdot C_{33}
\]

This simplifies to:

\[
\det(M_{22}) = -5 \cdot C_{23}
\]

where \( C_{23} \) is the cofactor of the element in the second row and third column of \( M_{22} \):

\[
C_{23} = (-1)^{2+3} \det(N_{23})
\]

where \( N_{23} \) is the \(2 \times 2\) submatrix obtained by removing the second row and third column from \( M_{22} \):

\[
N_{23} = \begin{bmatrix} 
-2 & -4 \\ 
-4 & -4 
\end{bmatrix}
\]

Since \((-1)^{2+3} = -1\), we have:

\[
C_{23} = -\det(N_{23})
\]

Now, calculate \(\det(N_{23})\):

\[
\det(N_{23}) = (-2)(-4) - (-4)(-4) = 8 - 16 = -8
\]

Thus:

\[
C_{23} = -(-8) = 8
\]

Substitute back to find \(\det(M_{22})\):

\[
\det(M_{22}) = -5 \cdot 8 = -40
\]

Finally, substitute back to find \(\det(A)\):

\[
\det(A) = 1 \cdot (-40) = -40
\]

Thus, the determinant of matrix \( A \) is:

\[
\boxed{-40}
\]",\det(A) = 0 \cdot C_{21} [+] 1 \cdot C_{22} + 0 \cdot,466,agent_c1_leftright,high,sign between 1st and 2nd term of concrete 4x4 expansion along row 2,PASS
NC_4x4_det_238,Phi-4,determinant,4,,,correct,\det(A) = -124,+,-,938,"<|im_start|>system<|im_sep|>You are a precise mathematical assistant. Show all computation steps clearly. Always put your final numerical answer inside \boxed{}.<|im_end|><|im_start|>user<|im_sep|>Solve this linear algebra problem. Show your work and give the final answer.

Find the determinant of the 4×4 matrix A.

A = \begin{bmatrix} -2 & -5 & 4 & 0 \\ 5 & -2 & 0 & 0 \\ 5 & 4 & -1 & 5 \\ 1 & 3 & -4 & -4 \end{bmatrix}

<|im_end|><|im_start|>assistant<|im_sep|>To find the determinant of the \(4 \times 4\) matrix \( A \), we can use cofactor expansion along the row or column that seems most convenient. Here, the second column has two zeros, which might simplify our calculations. Let's expand along the second column:

\[
A = \begin{bmatrix} 
-2 & -5 & 4 & 0 \\ 
5 & -2 & 0 & 0 \\ 
5 & 4 & -1 & 5 \\ 
1 & 3 & -4 & -4 
\end{bmatrix}
\]

The determinant of \( A \), denoted as \(\det(A)\), is given by:

\[
\det(A) = -5 \cdot C_{12} + (-2) \cdot C_{22} + 4 \cdot C_{32} + 3 \cdot C_{42}
\]

where \( C_{ij} \) is the cofactor of the element in the \(i\)-th row and \(j\)-th column. The cofactor \( C_{ij} \) is calculated as:

\[
C_{ij} = (-1)^{i+j} \det(M_{ij})
\]

where \( M_{ij} \) is the \((n-1) \times (n-1)\) submatrix obtained by deleting the \(i\)-th row and \(j\)-th column from \( A \).

### Calculating \( C_{12} \):

The submatrix \( M_{12} \) is:

\[
M_{12} = \begin{bmatrix} 
5 & 0 & 0 \\ 
5 & -1 & 5 \\ 
1 & -4 & -4 
\end{bmatrix}
\]

The determinant of \( M_{12} \) is:

\[
\det(M_{12}) = 5 \begin{vmatrix} -1 & 5 \\ -4 & -4 \end{vmatrix} - 0 + 0
\]

\[
= 5((-1)(-4) - (5)(-4))
\]

\[
= 5(4 + 20) = 5 \times 24 = 120
\]

Thus, \( C_{12} = (-1)^{1+2} \cdot 120 = -120 \).

### Calculating \( C_{22} \):

The submatrix \( M_{22} \) is:

\[
M_{22} = \begin{bmatrix} 
-2 & 4 & 0 \\ 
5 & -1 & 5 \\ 
1 & -4 & -4 
\end{bmatrix}
\]

The determinant of \( M_{22} \) is:

\[
\det(M_{22}) = -2 \begin{vmatrix} -1 & 5 \\ -4 & -4 \end{vmatrix} - 4 \begin{vmatrix} 5 & 5 \\ 1 & -4 \end{vmatrix} + 0
\]

\[
= -2((-1)(-4) - (5)(-4)) - 4((5)(-4) - (5)(1))
\]

\[
= -2(4 + 20) - 4(-20 - 5)
\]

\[
= -2 \times 24 - 4 \times (-25)
\]

\[
= -48 + 100 = 52
\]

Thus, \( C_{22} = (-1)^{2+2} \cdot 52 = 52 \).

### Calculating \( C_{32} \):

The submatrix \( M_{32} \) is:

\[
M_{32} = \begin{bmatrix} 
-2 & 4 & 0 \\ 
5 & 0 & 0 \\ 
1 & -4 & -4 
\end{bmatrix}
\]

The determinant of \( M_{32} \) is:

\[
\det(M_{32}) = -2 \begin{vmatrix} 0 & 0 \\ -4 & -4 \end{vmatrix} - 4 \begin{vmatrix} 5 & 0 \\ 1 & -4 \end{vmatrix} + 0
\]

\[
= -2(0 - 0) - 4((5)(-4) - (0)(1))
\]

\[
= 0 - 4(-20)
\]

\[
= 80
\]

Thus, \( C_{32} = (-1)^{3+2} \cdot 80 = -80 \).

### Calculating \( C_{42} \):

The submatrix \( M_{42} \) is:

\[
M_{42} = \begin{bmatrix} 
-2 & 4 & 0 \\ 
5 & 0 & 0 \\ 
5 & -1 & 5 
\end{bmatrix}
\]

The determinant of \( M_{42} \) is:

\[
\det(M_{42}) = -2 \begin{vmatrix} 0 & 0 \\ -1 & 5 \end{vmatrix} - 4 \begin{vmatrix} 5 & 0 \\ 5 & 5 \end{vmatrix} + 0
\]

\[
= -2(0 - 0) - 4((5)(5) - (0)(5))
\]

\[
= 0 - 4(25)
\]

\[
= -100
\]

Thus, \( C_{42} = (-1)^{4+2} \cdot (-100) = -100 \).

### Final Calculation:

Substitute the cofactors back into the determinant formula:

\[
\det(A) = -5 \cdot (-120) + (-2) \cdot 52 + 4 \cdot (-80) + 3 \cdot (-100)
\]

\[
= 600 - 104 - 320 - 300
\]

\[
= 600 - 724
\]

\[
= -124
\]

Thus, the determinant of matrix \( A \) is \(\boxed{-124}\).","To find the determinant of the \(4 \times 4\) matrix \( A \), we can use cofactor expansion along the row or column that seems most convenient. Here, the second column has two zeros, which might simplify our calculations. Let's expand along the second column:

\[
A = \begin{bmatrix} 
-2 & -5 & 4 & 0 \\ 
5 & -2 & 0 & 0 \\ 
5 & 4 & -1 & 5 \\ 
1 & 3 & -4 & -4 
\end{bmatrix}
\]

The determinant of \( A \), denoted as \(\det(A)\), is given by:

\[
\det(A) = -5 \cdot C_{12} + (-2) \cdot C_{22} + 4 \cdot C_{32} + 3 \cdot C_{42}
\]

where \( C_{ij} \) is the cofactor of the element in the \(i\)-th row and \(j\)-th column. The cofactor \( C_{ij} \) is calculated as:

\[
C_{ij} = (-1)^{i+j} \det(M_{ij})
\]

where \( M_{ij} \) is the \((n-1) \times (n-1)\) submatrix obtained by deleting the \(i\)-th row and \(j\)-th column from \( A \).

### Calculating \( C_{12} \):

The submatrix \( M_{12} \) is:

\[
M_{12} = \begin{bmatrix} 
5 & 0 & 0 \\ 
5 & -1 & 5 \\ 
1 & -4 & -4 
\end{bmatrix}
\]

The determinant of \( M_{12} \) is:

\[
\det(M_{12}) = 5 \begin{vmatrix} -1 & 5 \\ -4 & -4 \end{vmatrix} - 0 + 0
\]

\[
= 5((-1)(-4) - (5)(-4))
\]

\[
= 5(4 + 20) = 5 \times 24 = 120
\]

Thus, \( C_{12} = (-1)^{1+2} \cdot 120 = -120 \).

### Calculating \( C_{22} \):

The submatrix \( M_{22} \) is:

\[
M_{22} = \begin{bmatrix} 
-2 & 4 & 0 \\ 
5 & -1 & 5 \\ 
1 & -4 & -4 
\end{bmatrix}
\]

The determinant of \( M_{22} \) is:

\[
\det(M_{22}) = -2 \begin{vmatrix} -1 & 5 \\ -4 & -4 \end{vmatrix} - 4 \begin{vmatrix} 5 & 5 \\ 1 & -4 \end{vmatrix} + 0
\]

\[
= -2((-1)(-4) - (5)(-4)) - 4((5)(-4) - (5)(1))
\]

\[
= -2(4 + 20) - 4(-20 - 5)
\]

\[
= -2 \times 24 - 4 \times (-25)
\]

\[
= -48 + 100 = 52
\]

Thus, \( C_{22} = (-1)^{2+2} \cdot 52 = 52 \).

### Calculating \( C_{32} \):

The submatrix \( M_{32} \) is:

\[
M_{32} = \begin{bmatrix} 
-2 & 4 & 0 \\ 
5 & 0 & 0 \\ 
1 & -4 & -4 
\end{bmatrix}
\]

The determinant of \( M_{32} \) is:

\[
\det(M_{32}) = -2 \begin{vmatrix} 0 & 0 \\ -4 & -4 \end{vmatrix} - 4 \begin{vmatrix} 5 & 0 \\ 1 & -4 \end{vmatrix} + 0
\]

\[
= -2(0 - 0) - 4((5)(-4) - (0)(1))
\]

\[
= 0 - 4(-20)
\]

\[
= 80
\]

Thus, \( C_{32} = (-1)^{3+2} \cdot 80 = -80 \).

### Calculating \( C_{42} \):

The submatrix \( M_{42} \) is:

\[
M_{42} = \begin{bmatrix} 
-2 & 4 & 0 \\ 
5 & 0 & 0 \\ 
5 & -1 & 5 
\end{bmatrix}
\]

The determinant of \( M_{42} \) is:

\[
\det(M_{42}) = -2 \begin{vmatrix} 0 & 0 \\ -1 & 5 \end{vmatrix} - 4 \begin{vmatrix} 5 & 0 \\ 5 & 5 \end{vmatrix} + 0
\]

\[
= -2(0 - 0) - 4((5)(5) - (0)(5))
\]

\[
= 0 - 4(25)
\]

\[
= -100
\]

Thus, \( C_{42} = (-1)^{4+2} \cdot (-100) = -100 \).

### Final Calculation:

Substitute the cofactors back into the determinant formula:

\[
\det(A) = -5 \cdot (-120) + (-2) \cdot 52 + 4 \cdot (-80) + 3 \cdot (-100)
\]

\[
= 600 - 104 - 320 - 300
\]

\[
= 600 - 724
\]

\[
= -124
\]

Thus, the determinant of matrix \( A \) is \(\boxed{-124}\).",det(A) = -5 \cdot C_{12} [+] (-2) \cdot C_{22} + 4 \c,465,agent_c1_leftright,high,sign between 1st (-5 C_12) and 2nd ((-2) C_22) term of concrete column-2 expansion; leading -5 is entry value,PASS
NC_4x4_det_256,Phi-4,determinant,4,,,correct,\det(A) = 216,-,+,828,"<|im_start|>system<|im_sep|>You are a precise mathematical assistant. Show all computation steps clearly. Always put your final numerical answer inside \boxed{}.<|im_end|><|im_start|>user<|im_sep|>Solve this linear algebra problem. Show your work and give the final answer.

Find the determinant of the 4×4 matrix A.

A = \begin{bmatrix} 1 & 3 & 5 & 2 \\ -2 & 2 & 5 & -1 \\ -1 & -5 & -5 & -2 \\ -3 & 4 & 4 & 5 \end{bmatrix}

<|im_end|><|im_start|>assistant<|im_sep|>To find the determinant of the \(4 \times 4\) matrix \(A\), we can use cofactor expansion along the first row. The matrix \(A\) is:

\[
A = \begin{bmatrix} 
1 & 3 & 5 & 2 \\ 
-2 & 2 & 5 & -1 \\ 
-1 & -5 & -5 & -2 \\ 
-3 & 4 & 4 & 5 
\end{bmatrix}
\]

The determinant of \(A\), denoted as \(\det(A)\), is calculated as follows:

\[
\det(A) = 1 \cdot \det(A_{11}) - 3 \cdot \det(A_{12}) + 5 \cdot \det(A_{13}) - 2 \cdot \det(A_{14})
\]

where \(A_{ij}\) is the \((i,j)\)-minor of \(A\), obtained by deleting the \(i\)-th row and \(j\)-th column.

### Step 1: Calculate \(\det(A_{11})\)

\[
A_{11} = \begin{bmatrix} 
2 & 5 & -1 \\ 
-5 & -5 & -2 \\ 
4 & 4 & 5 
\end{bmatrix}
\]

\[
\det(A_{11}) = 2 \begin{vmatrix} -5 & -2 \\ 4 & 5 \end{vmatrix} - 5 \begin{vmatrix} -5 & -2 \\ 4 & 5 \end{vmatrix} - 1 \begin{vmatrix} -5 & -5 \\ 4 & 4 \end{vmatrix}
\]

Calculate each \(2 \times 2\) determinant:

\[
\begin{vmatrix} -5 & -2 \\ 4 & 5 \end{vmatrix} = (-5)(5) - (-2)(4) = -25 + 8 = -17
\]

\[
\begin{vmatrix} -5 & -2 \\ 4 & 5 \end{vmatrix} = -17 \quad \text{(same as above)}
\]

\[
\begin{vmatrix} -5 & -5 \\ 4 & 4 \end{vmatrix} = (-5)(4) - (-5)(4) = -20 + 20 = 0
\]

Substitute back:

\[
\det(A_{11}) = 2(-17) - 5(-17) - 1(0) = -34 + 85 = 51
\]

### Step 2: Calculate \(\det(A_{12})\)

\[
A_{12} = \begin{bmatrix} 
-2 & 5 & -1 \\ 
-1 & -5 & -2 \\ 
-3 & 4 & 5 
\end{bmatrix}
\]

\[
\det(A_{12}) = -2 \begin{vmatrix} -5 & -2 \\ 4 & 5 \end{vmatrix} - 5 \begin{vmatrix} -1 & -2 \\ -3 & 5 \end{vmatrix} - 1 \begin{vmatrix} -1 & -5 \\ -3 & 4 \end{vmatrix}
\]

Calculate each \(2 \times 2\) determinant:

\[
\begin{vmatrix} -5 & -2 \\ 4 & 5 \end{vmatrix} = -17 \quad \text{(calculated earlier)}
\]

\[
\begin{vmatrix} -1 & -2 \\ -3 & 5 \end{vmatrix} = (-1)(5) - (-2)(-3) = -5 - 6 = -11
\]

\[
\begin{vmatrix} -1 & -5 \\ -3 & 4 \end{vmatrix} = (-1)(4) - (-5)(-3) = -4 - 15 = -19
\]

Substitute back:

\[
\det(A_{12}) = -2(-17) - 5(-11) - 1(-19) = 34 + 55 + 19 = 108
\]

### Step 3: Calculate \(\det(A_{13})\)

\[
A_{13} = \begin{bmatrix} 
-2 & 2 & -1 \\ 
-1 & -5 & -2 \\ 
-3 & 4 & 5 
\end{bmatrix}
\]

\[
\det(A_{13}) = -2 \begin{vmatrix} -5 & -2 \\ 4 & 5 \end{vmatrix} - 2 \begin{vmatrix} -1 & -2 \\ -3 & 5 \end{vmatrix} - 1 \begin{vmatrix} -1 & -5 \\ -3 & 4 \end{vmatrix}
\]

Using previously calculated \(2 \times 2\) determinants:

\[
\begin{vmatrix} -5 & -2 \\ 4 & 5 \end{vmatrix} = -17
\]

\[
\begin{vmatrix} -1 & -2 \\ -3 & 5 \end{vmatrix} = -11
\]

\[
\begin{vmatrix} -1 & -5 \\ -3 & 4 \end{vmatrix} = -19
\]

Substitute back:

\[
\det(A_{13}) = -2(-17) - 2(-11) - 1(-19) = 34 + 22 + 19 = 75
\]

### Step 4: Calculate \(\det(A_{14})\)

\[
A_{14} = \begin{bmatrix} 
-2 & 2 & 5 \\ 
-1 & -5 & -5 \\ 
-3 & 4 & 4 
\end{bmatrix}
\]

\[
\det(A_{14}) = -2 \begin{vmatrix} -5 & -5 \\ 4 & 4 \end{vmatrix} - 2 \begin{vmatrix} -1 & -5 \\ -3 & 4 \end{vmatrix} + 5 \begin{vmatrix} -1 & -5 \\ -3 & 4 \end{vmatrix}
\]

Calculate each \(2 \times 2\) determinant:

\[
\begin{vmatrix} -5 & -5 \\ 4 & 4 \end{vmatrix} = (-5)(4) - (-5)(4) = -20 + 20 = 0
\]

\[
\begin{vmatrix} -1 & -5 \\ -3 & 4 \end{vmatrix} = -19 \quad \text{(calculated earlier)}
\]

Substitute back:

\[
\det(A_{14}) = -2(0) - 2(-19) + 5(-19) = 0 + 38 - 95 = -57
\]

### Final Calculation

Substitute all the determinants back into the original expression for \(\det(A)\):

\[
\det(A) = 1 \cdot 51 - 3 \cdot 108 + 5 \cdot 75 - 2 \cdot (-57)
\]

Calculate each term:

\[
1 \cdot 51 = 51
\]

\[
-3 \cdot 108 = -324
\]

\[
5 \cdot 75 = 375
\]

\[
-2 \cdot (-57) = 114
\]

Add them together:

\[
\det(A) = 51 - 324 + 375 + 114 = 216
\]

Thus, the determinant of the matrix \(A\) is \(\boxed{216}\).","To find the determinant of the \(4 \times 4\) matrix \(A\), we can use cofactor expansion along the first row. The matrix \(A\) is:

\[
A = \begin{bmatrix} 
1 & 3 & 5 & 2 \\ 
-2 & 2 & 5 & -1 \\ 
-1 & -5 & -5 & -2 \\ 
-3 & 4 & 4 & 5 
\end{bmatrix}
\]

The determinant of \(A\), denoted as \(\det(A)\), is calculated as follows:

\[
\det(A) = 1 \cdot \det(A_{11}) - 3 \cdot \det(A_{12}) + 5 \cdot \det(A_{13}) - 2 \cdot \det(A_{14})
\]

where \(A_{ij}\) is the \((i,j)\)-minor of \(A\), obtained by deleting the \(i\)-th row and \(j\)-th column.

### Step 1: Calculate \(\det(A_{11})\)

\[
A_{11} = \begin{bmatrix} 
2 & 5 & -1 \\ 
-5 & -5 & -2 \\ 
4 & 4 & 5 
\end{bmatrix}
\]

\[
\det(A_{11}) = 2 \begin{vmatrix} -5 & -2 \\ 4 & 5 \end{vmatrix} - 5 \begin{vmatrix} -5 & -2 \\ 4 & 5 \end{vmatrix} - 1 \begin{vmatrix} -5 & -5 \\ 4 & 4 \end{vmatrix}
\]

Calculate each \(2 \times 2\) determinant:

\[
\begin{vmatrix} -5 & -2 \\ 4 & 5 \end{vmatrix} = (-5)(5) - (-2)(4) = -25 + 8 = -17
\]

\[
\begin{vmatrix} -5 & -2 \\ 4 & 5 \end{vmatrix} = -17 \quad \text{(same as above)}
\]

\[
\begin{vmatrix} -5 & -5 \\ 4 & 4 \end{vmatrix} = (-5)(4) - (-5)(4) = -20 + 20 = 0
\]

Substitute back:

\[
\det(A_{11}) = 2(-17) - 5(-17) - 1(0) = -34 + 85 = 51
\]

### Step 2: Calculate \(\det(A_{12})\)

\[
A_{12} = \begin{bmatrix} 
-2 & 5 & -1 \\ 
-1 & -5 & -2 \\ 
-3 & 4 & 5 
\end{bmatrix}
\]

\[
\det(A_{12}) = -2 \begin{vmatrix} -5 & -2 \\ 4 & 5 \end{vmatrix} - 5 \begin{vmatrix} -1 & -2 \\ -3 & 5 \end{vmatrix} - 1 \begin{vmatrix} -1 & -5 \\ -3 & 4 \end{vmatrix}
\]

Calculate each \(2 \times 2\) determinant:

\[
\begin{vmatrix} -5 & -2 \\ 4 & 5 \end{vmatrix} = -17 \quad \text{(calculated earlier)}
\]

\[
\begin{vmatrix} -1 & -2 \\ -3 & 5 \end{vmatrix} = (-1)(5) - (-2)(-3) = -5 - 6 = -11
\]

\[
\begin{vmatrix} -1 & -5 \\ -3 & 4 \end{vmatrix} = (-1)(4) - (-5)(-3) = -4 - 15 = -19
\]

Substitute back:

\[
\det(A_{12}) = -2(-17) - 5(-11) - 1(-19) = 34 + 55 + 19 = 108
\]

### Step 3: Calculate \(\det(A_{13})\)

\[
A_{13} = \begin{bmatrix} 
-2 & 2 & -1 \\ 
-1 & -5 & -2 \\ 
-3 & 4 & 5 
\end{bmatrix}
\]

\[
\det(A_{13}) = -2 \begin{vmatrix} -5 & -2 \\ 4 & 5 \end{vmatrix} - 2 \begin{vmatrix} -1 & -2 \\ -3 & 5 \end{vmatrix} - 1 \begin{vmatrix} -1 & -5 \\ -3 & 4 \end{vmatrix}
\]

Using previously calculated \(2 \times 2\) determinants:

\[
\begin{vmatrix} -5 & -2 \\ 4 & 5 \end{vmatrix} = -17
\]

\[
\begin{vmatrix} -1 & -2 \\ -3 & 5 \end{vmatrix} = -11
\]

\[
\begin{vmatrix} -1 & -5 \\ -3 & 4 \end{vmatrix} = -19
\]

Substitute back:

\[
\det(A_{13}) = -2(-17) - 2(-11) - 1(-19) = 34 + 22 + 19 = 75
\]

### Step 4: Calculate \(\det(A_{14})\)

\[
A_{14} = \begin{bmatrix} 
-2 & 2 & 5 \\ 
-1 & -5 & -5 \\ 
-3 & 4 & 4 
\end{bmatrix}
\]

\[
\det(A_{14}) = -2 \begin{vmatrix} -5 & -5 \\ 4 & 4 \end{vmatrix} - 2 \begin{vmatrix} -1 & -5 \\ -3 & 4 \end{vmatrix} + 5 \begin{vmatrix} -1 & -5 \\ -3 & 4 \end{vmatrix}
\]

Calculate each \(2 \times 2\) determinant:

\[
\begin{vmatrix} -5 & -5 \\ 4 & 4 \end{vmatrix} = (-5)(4) - (-5)(4) = -20 + 20 = 0
\]

\[
\begin{vmatrix} -1 & -5 \\ -3 & 4 \end{vmatrix} = -19 \quad \text{(calculated earlier)}
\]

Substitute back:

\[
\det(A_{14}) = -2(0) - 2(-19) + 5(-19) = 0 + 38 - 95 = -57
\]

### Final Calculation

Substitute all the determinants back into the original expression for \(\det(A)\):

\[
\det(A) = 1 \cdot 51 - 3 \cdot 108 + 5 \cdot 75 - 2 \cdot (-57)
\]

Calculate each term:

\[
1 \cdot 51 = 51
\]

\[
-3 \cdot 108 = -324
\]

\[
5 \cdot 75 = 375
\]

\[
-2 \cdot (-57) = 114
\]

Add them together:

\[
\det(A) = 51 - 324 + 375 + 114 = 216
\]

Thus, the determinant of the matrix \(A\) is \(\boxed{216}\).",) = 1 \cdot \det(A_{11}) [-] 3 \cdot \det(A_{12}) + 5,466,agent_c1_leftright,high,sign between 1st and 2nd term of concrete 4x4 cofactor expansion,PASS
NC_4x4_det_265,Phi-4,determinant,4,,,correct,\det(A) = -722,-,+,838,"<|im_start|>system<|im_sep|>You are a precise mathematical assistant. Show all computation steps clearly. Always put your final numerical answer inside \boxed{}.<|im_end|><|im_start|>user<|im_sep|>Solve this linear algebra problem. Show your work and give the final answer.

Find the determinant of the 4×4 matrix A.

A = \begin{bmatrix} 0 & -5 & -4 & 2 \\ 5 & 2 & -5 & 2 \\ 1 & 5 & -3 & 5 \\ -3 & 1 & 3 & 5 \end{bmatrix}

<|im_end|><|im_start|>assistant<|im_sep|>To find the determinant of the \(4 \times 4\) matrix \(A\), we can use cofactor expansion along the first row. The matrix \(A\) is given by:

\[
A = \begin{bmatrix} 
0 & -5 & -4 & 2 \\ 
5 & 2 & -5 & 2 \\ 
1 & 5 & -3 & 5 \\ 
-3 & 1 & 3 & 5 
\end{bmatrix}
\]

The determinant of \(A\), denoted as \(\det(A)\), can be expanded along the first row:

\[
\det(A) = 0 \cdot C_{11} - 5 \cdot C_{12} - 4 \cdot C_{13} + 2 \cdot C_{14}
\]

where \(C_{ij}\) is the cofactor of the element \(a_{ij}\). The cofactor \(C_{ij}\) is given by:

\[
C_{ij} = (-1)^{i+j} \det(M_{ij})
\]

where \(M_{ij}\) is the \((n-1) \times (n-1)\) submatrix obtained by deleting the \(i\)-th row and \(j\)-th column from \(A\).

### Step 1: Calculate \(C_{12}\)

The submatrix \(M_{12}\) is obtained by deleting the first row and second column:

\[
M_{12} = \begin{bmatrix} 
5 & -5 & 2 \\ 
1 & -3 & 5 \\ 
-3 & 3 & 5 
\end{bmatrix}
\]

The determinant of \(M_{12}\) is:

\[
\det(M_{12}) = 5 \begin{vmatrix} -3 & 5 \\ 3 & 5 \end{vmatrix} - (-5) \begin{vmatrix} 1 & 5 \\ -3 & 5 \end{vmatrix} + 2 \begin{vmatrix} 1 & -3 \\ -3 & 3 \end{vmatrix}
\]

Calculating each \(2 \times 2\) determinant:

\[
\begin{vmatrix} -3 & 5 \\ 3 & 5 \end{vmatrix} = (-3)(5) - (5)(3) = -15 - 15 = -30
\]

\[
\begin{vmatrix} 1 & 5 \\ -3 & 5 \end{vmatrix} = (1)(5) - (5)(-3) = 5 + 15 = 20
\]

\[
\begin{vmatrix} 1 & -3 \\ -3 & 3 \end{vmatrix} = (1)(3) - (-3)(-3) = 3 - 9 = -6
\]

Substituting back:

\[
\det(M_{12}) = 5(-30) + 5(20) + 2(-6) = -150 + 100 - 12 = -62
\]

Thus, the cofactor \(C_{12}\) is:

\[
C_{12} = (-1)^{1+2} \det(M_{12}) = (-1)^3 (-62) = 62
\]

### Step 2: Calculate \(C_{13}\)

The submatrix \(M_{13}\) is obtained by deleting the first row and third column:

\[
M_{13} = \begin{bmatrix} 
5 & 2 & 2 \\ 
1 & 5 & 5 \\ 
-3 & 1 & 5 
\end{bmatrix}
\]

The determinant of \(M_{13}\) is:

\[
\det(M_{13}) = 5 \begin{vmatrix} 5 & 5 \\ 1 & 5 \end{vmatrix} - 2 \begin{vmatrix} 1 & 5 \\ -3 & 5 \end{vmatrix} + 2 \begin{vmatrix} 1 & 5 \\ -3 & 1 \end{vmatrix}
\]

Calculating each \(2 \times 2\) determinant:

\[
\begin{vmatrix} 5 & 5 \\ 1 & 5 \end{vmatrix} = (5)(5) - (5)(1) = 25 - 5 = 20
\]

\[
\begin{vmatrix} 1 & 5 \\ -3 & 5 \end{vmatrix} = 20 \quad \text{(calculated previously)}
\]

\[
\begin{vmatrix} 1 & 5 \\ -3 & 1 \end{vmatrix} = (1)(1) - (5)(-3) = 1 + 15 = 16
\]

Substituting back:

\[
\det(M_{13}) = 5(20) - 2(20) + 2(16) = 100 - 40 + 32 = 92
\]

Thus, the cofactor \(C_{13}\) is:

\[
C_{13} = (-1)^{1+3} \det(M_{13}) = (-1)^4 (92) = 92
\]

### Step 3: Calculate \(C_{14}\)

The submatrix \(M_{14}\) is obtained by deleting the first row and fourth column:

\[
M_{14} = \begin{bmatrix} 
5 & 2 & -5 \\ 
1 & 5 & -3 \\ 
-3 & 1 & 3 
\end{bmatrix}
\]

The determinant of \(M_{14}\) is:

\[
\det(M_{14}) = 5 \begin{vmatrix} 5 & -3 \\ 1 & 3 \end{vmatrix} - 2 \begin{vmatrix} 1 & -3 \\ -3 & 3 \end{vmatrix} + (-5) \begin{vmatrix} 1 & 5 \\ -3 & 1 \end{vmatrix}
\]

Calculating each \(2 \times 2\) determinant:

\[
\begin{vmatrix} 5 & -3 \\ 1 & 3 \end{vmatrix} = (5)(3) - (-3)(1) = 15 + 3 = 18
\]

\[
\begin{vmatrix} 1 & -3 \\ -3 & 3 \end{vmatrix} = -6 \quad \text{(calculated previously)}
\]

\[
\begin{vmatrix} 1 & 5 \\ -3 & 1 \end{vmatrix} = 16 \quad \text{(calculated previously)}
\]

Substituting back:

\[
\det(M_{14}) = 5(18) - 2(-6) - 5(16) = 90 + 12 - 80 = 22
\]

Thus, the cofactor \(C_{14}\) is:

\[
C_{14} = (-1)^{1+4} \det(M_{14}) = (-1)^5 (22) = -22
\]

### Final Calculation

Substitute the cofactors back into the determinant expansion:

\[
\det(A) = 0 \cdot C_{11} - 5 \cdot 62 - 4 \cdot 92 + 2 \cdot (-22)
\]

\[
= 0 - 310 - 368 - 44
\]

\[
= -310 - 368 - 44 = -722
\]

Thus, the determinant of matrix \(A\) is \(\boxed{-722}\).","To find the determinant of the \(4 \times 4\) matrix \(A\), we can use cofactor expansion along the first row. The matrix \(A\) is given by:

\[
A = \begin{bmatrix} 
0 & -5 & -4 & 2 \\ 
5 & 2 & -5 & 2 \\ 
1 & 5 & -3 & 5 \\ 
-3 & 1 & 3 & 5 
\end{bmatrix}
\]

The determinant of \(A\), denoted as \(\det(A)\), can be expanded along the first row:

\[
\det(A) = 0 \cdot C_{11} - 5 \cdot C_{12} - 4 \cdot C_{13} + 2 \cdot C_{14}
\]

where \(C_{ij}\) is the cofactor of the element \(a_{ij}\). The cofactor \(C_{ij}\) is given by:

\[
C_{ij} = (-1)^{i+j} \det(M_{ij})
\]

where \(M_{ij}\) is the \((n-1) \times (n-1)\) submatrix obtained by deleting the \(i\)-th row and \(j\)-th column from \(A\).

### Step 1: Calculate \(C_{12}\)

The submatrix \(M_{12}\) is obtained by deleting the first row and second column:

\[
M_{12} = \begin{bmatrix} 
5 & -5 & 2 \\ 
1 & -3 & 5 \\ 
-3 & 3 & 5 
\end{bmatrix}
\]

The determinant of \(M_{12}\) is:

\[
\det(M_{12}) = 5 \begin{vmatrix} -3 & 5 \\ 3 & 5 \end{vmatrix} - (-5) \begin{vmatrix} 1 & 5 \\ -3 & 5 \end{vmatrix} + 2 \begin{vmatrix} 1 & -3 \\ -3 & 3 \end{vmatrix}
\]

Calculating each \(2 \times 2\) determinant:

\[
\begin{vmatrix} -3 & 5 \\ 3 & 5 \end{vmatrix} = (-3)(5) - (5)(3) = -15 - 15 = -30
\]

\[
\begin{vmatrix} 1 & 5 \\ -3 & 5 \end{vmatrix} = (1)(5) - (5)(-3) = 5 + 15 = 20
\]

\[
\begin{vmatrix} 1 & -3 \\ -3 & 3 \end{vmatrix} = (1)(3) - (-3)(-3) = 3 - 9 = -6
\]

Substituting back:

\[
\det(M_{12}) = 5(-30) + 5(20) + 2(-6) = -150 + 100 - 12 = -62
\]

Thus, the cofactor \(C_{12}\) is:

\[
C_{12} = (-1)^{1+2} \det(M_{12}) = (-1)^3 (-62) = 62
\]

### Step 2: Calculate \(C_{13}\)

The submatrix \(M_{13}\) is obtained by deleting the first row and third column:

\[
M_{13} = \begin{bmatrix} 
5 & 2 & 2 \\ 
1 & 5 & 5 \\ 
-3 & 1 & 5 
\end{bmatrix}
\]

The determinant of \(M_{13}\) is:

\[
\det(M_{13}) = 5 \begin{vmatrix} 5 & 5 \\ 1 & 5 \end{vmatrix} - 2 \begin{vmatrix} 1 & 5 \\ -3 & 5 \end{vmatrix} + 2 \begin{vmatrix} 1 & 5 \\ -3 & 1 \end{vmatrix}
\]

Calculating each \(2 \times 2\) determinant:

\[
\begin{vmatrix} 5 & 5 \\ 1 & 5 \end{vmatrix} = (5)(5) - (5)(1) = 25 - 5 = 20
\]

\[
\begin{vmatrix} 1 & 5 \\ -3 & 5 \end{vmatrix} = 20 \quad \text{(calculated previously)}
\]

\[
\begin{vmatrix} 1 & 5 \\ -3 & 1 \end{vmatrix} = (1)(1) - (5)(-3) = 1 + 15 = 16
\]

Substituting back:

\[
\det(M_{13}) = 5(20) - 2(20) + 2(16) = 100 - 40 + 32 = 92
\]

Thus, the cofactor \(C_{13}\) is:

\[
C_{13} = (-1)^{1+3} \det(M_{13}) = (-1)^4 (92) = 92
\]

### Step 3: Calculate \(C_{14}\)

The submatrix \(M_{14}\) is obtained by deleting the first row and fourth column:

\[
M_{14} = \begin{bmatrix} 
5 & 2 & -5 \\ 
1 & 5 & -3 \\ 
-3 & 1 & 3 
\end{bmatrix}
\]

The determinant of \(M_{14}\) is:

\[
\det(M_{14}) = 5 \begin{vmatrix} 5 & -3 \\ 1 & 3 \end{vmatrix} - 2 \begin{vmatrix} 1 & -3 \\ -3 & 3 \end{vmatrix} + (-5) \begin{vmatrix} 1 & 5 \\ -3 & 1 \end{vmatrix}
\]

Calculating each \(2 \times 2\) determinant:

\[
\begin{vmatrix} 5 & -3 \\ 1 & 3 \end{vmatrix} = (5)(3) - (-3)(1) = 15 + 3 = 18
\]

\[
\begin{vmatrix} 1 & -3 \\ -3 & 3 \end{vmatrix} = -6 \quad \text{(calculated previously)}
\]

\[
\begin{vmatrix} 1 & 5 \\ -3 & 1 \end{vmatrix} = 16 \quad \text{(calculated previously)}
\]

Substituting back:

\[
\det(M_{14}) = 5(18) - 2(-6) - 5(16) = 90 + 12 - 80 = 22
\]

Thus, the cofactor \(C_{14}\) is:

\[
C_{14} = (-1)^{1+4} \det(M_{14}) = (-1)^5 (22) = -22
\]

### Final Calculation

Substitute the cofactors back into the determinant expansion:

\[
\det(A) = 0 \cdot C_{11} - 5 \cdot 62 - 4 \cdot 92 + 2 \cdot (-22)
\]

\[
= 0 - 310 - 368 - 44
\]

\[
= -310 - 368 - 44 = -722
\]

Thus, the determinant of matrix \(A\) is \(\boxed{-722}\).",\det(A) = 0 \cdot C_{11} [-] 5 \cdot C_{12} - 4 \cdot,464,agent_c1_leftright,high,sign between 1st and 2nd term of concrete 4x4 expansion,PASS
NC_4x4_det_271,Phi-4,determinant,4,,,correct,\det(A) = -267,-,+,837,"<|im_start|>system<|im_sep|>You are a precise mathematical assistant. Show all computation steps clearly. Always put your final numerical answer inside \boxed{}.<|im_end|><|im_start|>user<|im_sep|>Solve this linear algebra problem. Show your work and give the final answer.

Find the determinant of the 4×4 matrix A.

A = \begin{bmatrix} 1 & 0 & 2 & 4 \\ -1 & -3 & 3 & 4 \\ -2 & -3 & -5 & 5 \\ 5 & 3 & -2 & 3 \end{bmatrix}

<|im_end|><|im_start|>assistant<|im_sep|>To find the determinant of the \(4 \times 4\) matrix \(A\), we can use cofactor expansion along the first row. The matrix \(A\) is:

\[
A = \begin{bmatrix} 
1 & 0 & 2 & 4 \\ 
-1 & -3 & 3 & 4 \\ 
-2 & -3 & -5 & 5 \\ 
5 & 3 & -2 & 3 
\end{bmatrix}
\]

The determinant of \(A\), denoted as \(\det(A)\), can be expanded along the first row:

\[
\det(A) = 1 \cdot \det(A_{11}) - 0 \cdot \det(A_{12}) + 2 \cdot \det(A_{13}) - 4 \cdot \det(A_{14})
\]

where \(A_{ij}\) is the \((i,j)\)-minor of \(A\), obtained by deleting the \(i\)-th row and \(j\)-th column.

### Step 1: Calculate \(\det(A_{11})\)

The minor \(A_{11}\) is:

\[
A_{11} = \begin{bmatrix} 
-3 & 3 & 4 \\ 
-3 & -5 & 5 \\ 
3 & -2 & 3 
\end{bmatrix}
\]

The determinant of a \(3 \times 3\) matrix is calculated as:

\[
\det(A_{11}) = (-3) \begin{vmatrix} -5 & 5 \\ -2 & 3 \end{vmatrix} - 3 \begin{vmatrix} -3 & 5 \\ 3 & 3 \end{vmatrix} + 4 \begin{vmatrix} -3 & -5 \\ 3 & -2 \end{vmatrix}
\]

Calculate each \(2 \times 2\) determinant:

\[
\begin{vmatrix} -5 & 5 \\ -2 & 3 \end{vmatrix} = (-5)(3) - (5)(-2) = -15 + 10 = -5
\]

\[
\begin{vmatrix} -3 & 5 \\ 3 & 3 \end{vmatrix} = (-3)(3) - (5)(3) = -9 - 15 = -24
\]

\[
\begin{vmatrix} -3 & -5 \\ 3 & -2 \end{vmatrix} = (-3)(-2) - (-5)(3) = 6 + 15 = 21
\]

Substitute back:

\[
\det(A_{11}) = (-3)(-5) - 3(-24) + 4(21) = 15 + 72 + 84 = 171
\]

### Step 2: Calculate \(\det(A_{13})\)

The minor \(A_{13}\) is:

\[
A_{13} = \begin{bmatrix} 
-1 & -3 & 4 \\ 
-2 & -3 & 5 \\ 
5 & 3 & 3 
\end{bmatrix}
\]

The determinant is:

\[
\det(A_{13}) = (-1) \begin{vmatrix} -3 & 5 \\ 3 & 3 \end{vmatrix} - (-3) \begin{vmatrix} -2 & 5 \\ 5 & 3 \end{vmatrix} + 4 \begin{vmatrix} -2 & -3 \\ 5 & 3 \end{vmatrix}
\]

Calculate each \(2 \times 2\) determinant:

\[
\begin{vmatrix} -3 & 5 \\ 3 & 3 \end{vmatrix} = (-3)(3) - (5)(3) = -9 - 15 = -24
\]

\[
\begin{vmatrix} -2 & 5 \\ 5 & 3 \end{vmatrix} = (-2)(3) - (5)(5) = -6 - 25 = -31
\]

\[
\begin{vmatrix} -2 & -3 \\ 5 & 3 \end{vmatrix} = (-2)(3) - (-3)(5) = -6 + 15 = 9
\]

Substitute back:

\[
\det(A_{13}) = (-1)(-24) + 3(-31) + 4(9) = 24 - 93 + 36 = -33
\]

### Step 3: Calculate \(\det(A_{14})\)

The minor \(A_{14}\) is:

\[
A_{14} = \begin{bmatrix} 
-1 & -3 & 3 \\ 
-2 & -3 & -5 \\ 
5 & 3 & -2 
\end{bmatrix}
\]

The determinant is:

\[
\det(A_{14}) = (-1) \begin{vmatrix} -3 & -5 \\ 3 & -2 \end{vmatrix} - (-3) \begin{vmatrix} -2 & -5 \\ 5 & -2 \end{vmatrix} + 3 \begin{vmatrix} -2 & -3 \\ 5 & 3 \end{vmatrix}
\]

Calculate each \(2 \times 2\) determinant:

\[
\begin{vmatrix} -3 & -5 \\ 3 & -2 \end{vmatrix} = (-3)(-2) - (-5)(3) = 6 + 15 = 21
\]

\[
\begin{vmatrix} -2 & -5 \\ 5 & -2 \end{vmatrix} = (-2)(-2) - (-5)(5) = 4 + 25 = 29
\]

\[
\begin{vmatrix} -2 & -3 \\ 5 & 3 \end{vmatrix} = (-2)(3) - (-3)(5) = -6 + 15 = 9
\]

Substitute back:

\[
\det(A_{14}) = (-1)(21) + 3(29) + 3(9) = -21 + 87 + 27 = 93
\]

### Final Calculation

Substitute the determinants of the minors back into the cofactor expansion:

\[
\det(A) = 1 \cdot 171 + 2 \cdot (-33) - 4 \cdot 93
\]

\[
= 171 - 66 - 372
\]

\[
= 171 - 438 = -267
\]

Thus, the determinant of matrix \(A\) is \(\boxed{-267}\).","To find the determinant of the \(4 \times 4\) matrix \(A\), we can use cofactor expansion along the first row. The matrix \(A\) is:

\[
A = \begin{bmatrix} 
1 & 0 & 2 & 4 \\ 
-1 & -3 & 3 & 4 \\ 
-2 & -3 & -5 & 5 \\ 
5 & 3 & -2 & 3 
\end{bmatrix}
\]

The determinant of \(A\), denoted as \(\det(A)\), can be expanded along the first row:

\[
\det(A) = 1 \cdot \det(A_{11}) - 0 \cdot \det(A_{12}) + 2 \cdot \det(A_{13}) - 4 \cdot \det(A_{14})
\]

where \(A_{ij}\) is the \((i,j)\)-minor of \(A\), obtained by deleting the \(i\)-th row and \(j\)-th column.

### Step 1: Calculate \(\det(A_{11})\)

The minor \(A_{11}\) is:

\[
A_{11} = \begin{bmatrix} 
-3 & 3 & 4 \\ 
-3 & -5 & 5 \\ 
3 & -2 & 3 
\end{bmatrix}
\]

The determinant of a \(3 \times 3\) matrix is calculated as:

\[
\det(A_{11}) = (-3) \begin{vmatrix} -5 & 5 \\ -2 & 3 \end{vmatrix} - 3 \begin{vmatrix} -3 & 5 \\ 3 & 3 \end{vmatrix} + 4 \begin{vmatrix} -3 & -5 \\ 3 & -2 \end{vmatrix}
\]

Calculate each \(2 \times 2\) determinant:

\[
\begin{vmatrix} -5 & 5 \\ -2 & 3 \end{vmatrix} = (-5)(3) - (5)(-2) = -15 + 10 = -5
\]

\[
\begin{vmatrix} -3 & 5 \\ 3 & 3 \end{vmatrix} = (-3)(3) - (5)(3) = -9 - 15 = -24
\]

\[
\begin{vmatrix} -3 & -5 \\ 3 & -2 \end{vmatrix} = (-3)(-2) - (-5)(3) = 6 + 15 = 21
\]

Substitute back:

\[
\det(A_{11}) = (-3)(-5) - 3(-24) + 4(21) = 15 + 72 + 84 = 171
\]

### Step 2: Calculate \(\det(A_{13})\)

The minor \(A_{13}\) is:

\[
A_{13} = \begin{bmatrix} 
-1 & -3 & 4 \\ 
-2 & -3 & 5 \\ 
5 & 3 & 3 
\end{bmatrix}
\]

The determinant is:

\[
\det(A_{13}) = (-1) \begin{vmatrix} -3 & 5 \\ 3 & 3 \end{vmatrix} - (-3) \begin{vmatrix} -2 & 5 \\ 5 & 3 \end{vmatrix} + 4 \begin{vmatrix} -2 & -3 \\ 5 & 3 \end{vmatrix}
\]

Calculate each \(2 \times 2\) determinant:

\[
\begin{vmatrix} -3 & 5 \\ 3 & 3 \end{vmatrix} = (-3)(3) - (5)(3) = -9 - 15 = -24
\]

\[
\begin{vmatrix} -2 & 5 \\ 5 & 3 \end{vmatrix} = (-2)(3) - (5)(5) = -6 - 25 = -31
\]

\[
\begin{vmatrix} -2 & -3 \\ 5 & 3 \end{vmatrix} = (-2)(3) - (-3)(5) = -6 + 15 = 9
\]

Substitute back:

\[
\det(A_{13}) = (-1)(-24) + 3(-31) + 4(9) = 24 - 93 + 36 = -33
\]

### Step 3: Calculate \(\det(A_{14})\)

The minor \(A_{14}\) is:

\[
A_{14} = \begin{bmatrix} 
-1 & -3 & 3 \\ 
-2 & -3 & -5 \\ 
5 & 3 & -2 
\end{bmatrix}
\]

The determinant is:

\[
\det(A_{14}) = (-1) \begin{vmatrix} -3 & -5 \\ 3 & -2 \end{vmatrix} - (-3) \begin{vmatrix} -2 & -5 \\ 5 & -2 \end{vmatrix} + 3 \begin{vmatrix} -2 & -3 \\ 5 & 3 \end{vmatrix}
\]

Calculate each \(2 \times 2\) determinant:

\[
\begin{vmatrix} -3 & -5 \\ 3 & -2 \end{vmatrix} = (-3)(-2) - (-5)(3) = 6 + 15 = 21
\]

\[
\begin{vmatrix} -2 & -5 \\ 5 & -2 \end{vmatrix} = (-2)(-2) - (-5)(5) = 4 + 25 = 29
\]

\[
\begin{vmatrix} -2 & -3 \\ 5 & 3 \end{vmatrix} = (-2)(3) - (-3)(5) = -6 + 15 = 9
\]

Substitute back:

\[
\det(A_{14}) = (-1)(21) + 3(29) + 3(9) = -21 + 87 + 27 = 93
\]

### Final Calculation

Substitute the determinants of the minors back into the cofactor expansion:

\[
\det(A) = 1 \cdot 171 + 2 \cdot (-33) - 4 \cdot 93
\]

\[
= 171 - 66 - 372
\]

\[
= 171 - 438 = -267
\]

Thus, the determinant of matrix \(A\) is \(\boxed{-267}\).",) = 1 \cdot \det(A_{11}) [-] 0 \cdot \det(A_{12}) + 2,465,agent_c1_leftright,high,sign between 1st and 2nd term of concrete 4x4 expansion,PASS
NC_4x4_det_272,Phi-4,determinant,4,,,correct,\det(A) = 12,-,+,852,"<|im_start|>system<|im_sep|>You are a precise mathematical assistant. Show all computation steps clearly. Always put your final numerical answer inside \boxed{}.<|im_end|><|im_start|>user<|im_sep|>Solve this linear algebra problem. Show your work and give the final answer.

Find the determinant of the 4×4 matrix A.

A = \begin{bmatrix} 4 & -2 & 2 & 0 \\ 2 & 1 & -2 & 0 \\ -2 & 0 & -1 & 4 \\ -1 & 0 & -2 & 5 \end{bmatrix}

<|im_end|><|im_start|>assistant<|im_sep|>To find the determinant of the \(4 \times 4\) matrix \( A \), we can use cofactor expansion along the first row. The matrix \( A \) is given by:

\[
A = \begin{bmatrix} 
4 & -2 & 2 & 0 \\ 
2 & 1 & -2 & 0 \\ 
-2 & 0 & -1 & 4 \\ 
-1 & 0 & -2 & 5 
\end{bmatrix}
\]

The determinant of \( A \), denoted as \(\det(A)\), can be expanded along the first row:

\[
\det(A) = 4 \cdot \det(A_{11}) - (-2) \cdot \det(A_{12}) + 2 \cdot \det(A_{13}) - 0 \cdot \det(A_{14})
\]

where \( A_{ij} \) is the \((i,j)\)-minor of \( A \), obtained by deleting the \(i\)-th row and \(j\)-th column.

### Step 1: Calculate \(\det(A_{11})\)

The minor \( A_{11} \) is:

\[
A_{11} = \begin{bmatrix} 
1 & -2 & 0 \\ 
0 & -1 & 4 \\ 
0 & -2 & 5 
\end{bmatrix}
\]

The determinant of this \(3 \times 3\) matrix is:

\[
\det(A_{11}) = 1 \cdot \det\begin{bmatrix} -1 & 4 \\ -2 & 5 \end{bmatrix} - (-2) \cdot \det\begin{bmatrix} 0 & 4 \\ 0 & 5 \end{bmatrix} + 0 \cdot \det\begin{bmatrix} 0 & -1 \\ 0 & -2 \end{bmatrix}
\]

Calculating the \(2 \times 2\) determinants:

\[
\det\begin{bmatrix} -1 & 4 \\ -2 & 5 \end{bmatrix} = (-1)(5) - (4)(-2) = -5 + 8 = 3
\]

\[
\det\begin{bmatrix} 0 & 4 \\ 0 & 5 \end{bmatrix} = (0)(5) - (4)(0) = 0
\]

Thus:

\[
\det(A_{11}) = 1 \cdot 3 + 2 \cdot 0 = 3
\]

### Step 2: Calculate \(\det(A_{12})\)

The minor \( A_{12} \) is:

\[
A_{12} = \begin{bmatrix} 
2 & -2 & 0 \\ 
-2 & -1 & 4 \\ 
-1 & -2 & 5 
\end{bmatrix}
\]

The determinant of this \(3 \times 3\) matrix is:

\[
\det(A_{12}) = 2 \cdot \det\begin{bmatrix} -1 & 4 \\ -2 & 5 \end{bmatrix} - (-2) \cdot \det\begin{bmatrix} -2 & 4 \\ -1 & 5 \end{bmatrix} + 0 \cdot \det\begin{bmatrix} -2 & -1 \\ -1 & -2 \end{bmatrix}
\]

We already calculated \(\det\begin{bmatrix} -1 & 4 \\ -2 & 5 \end{bmatrix} = 3\).

Now calculate:

\[
\det\begin{bmatrix} -2 & 4 \\ -1 & 5 \end{bmatrix} = (-2)(5) - (4)(-1) = -10 + 4 = -6
\]

Thus:

\[
\det(A_{12}) = 2 \cdot 3 + 2 \cdot (-6) = 6 - 12 = -6
\]

### Step 3: Calculate \(\det(A_{13})\)

The minor \( A_{13} \) is:

\[
A_{13} = \begin{bmatrix} 
2 & 1 & 0 \\ 
-2 & 0 & 4 \\ 
-1 & 0 & 5 
\end{bmatrix}
\]

The determinant of this \(3 \times 3\) matrix is:

\[
\det(A_{13}) = 2 \cdot \det\begin{bmatrix} 0 & 4 \\ 0 & 5 \end{bmatrix} - 1 \cdot \det\begin{bmatrix} -2 & 4 \\ -1 & 5 \end{bmatrix} + 0 \cdot \det\begin{bmatrix} -2 & 0 \\ -1 & 0 \end{bmatrix}
\]

We already calculated \(\det\begin{bmatrix} 0 & 4 \\ 0 & 5 \end{bmatrix} = 0\) and \(\det\begin{bmatrix} -2 & 4 \\ -1 & 5 \end{bmatrix} = -6\).

Thus:

\[
\det(A_{13}) = 2 \cdot 0 - 1 \cdot (-6) = 0 + 6 = 6
\]

### Final Calculation

Substitute back into the determinant expansion:

\[
\det(A) = 4 \cdot 3 + 2 \cdot (-6) + 2 \cdot 6
\]

\[
= 12 - 12 + 12 = 12
\]

Thus, the determinant of matrix \( A \) is \(\boxed{12}\).","To find the determinant of the \(4 \times 4\) matrix \( A \), we can use cofactor expansion along the first row. The matrix \( A \) is given by:

\[
A = \begin{bmatrix} 
4 & -2 & 2 & 0 \\ 
2 & 1 & -2 & 0 \\ 
-2 & 0 & -1 & 4 \\ 
-1 & 0 & -2 & 5 
\end{bmatrix}
\]

The determinant of \( A \), denoted as \(\det(A)\), can be expanded along the first row:

\[
\det(A) = 4 \cdot \det(A_{11}) - (-2) \cdot \det(A_{12}) + 2 \cdot \det(A_{13}) - 0 \cdot \det(A_{14})
\]

where \( A_{ij} \) is the \((i,j)\)-minor of \( A \), obtained by deleting the \(i\)-th row and \(j\)-th column.

### Step 1: Calculate \(\det(A_{11})\)

The minor \( A_{11} \) is:

\[
A_{11} = \begin{bmatrix} 
1 & -2 & 0 \\ 
0 & -1 & 4 \\ 
0 & -2 & 5 
\end{bmatrix}
\]

The determinant of this \(3 \times 3\) matrix is:

\[
\det(A_{11}) = 1 \cdot \det\begin{bmatrix} -1 & 4 \\ -2 & 5 \end{bmatrix} - (-2) \cdot \det\begin{bmatrix} 0 & 4 \\ 0 & 5 \end{bmatrix} + 0 \cdot \det\begin{bmatrix} 0 & -1 \\ 0 & -2 \end{bmatrix}
\]

Calculating the \(2 \times 2\) determinants:

\[
\det\begin{bmatrix} -1 & 4 \\ -2 & 5 \end{bmatrix} = (-1)(5) - (4)(-2) = -5 + 8 = 3
\]

\[
\det\begin{bmatrix} 0 & 4 \\ 0 & 5 \end{bmatrix} = (0)(5) - (4)(0) = 0
\]

Thus:

\[
\det(A_{11}) = 1 \cdot 3 + 2 \cdot 0 = 3
\]

### Step 2: Calculate \(\det(A_{12})\)

The minor \( A_{12} \) is:

\[
A_{12} = \begin{bmatrix} 
2 & -2 & 0 \\ 
-2 & -1 & 4 \\ 
-1 & -2 & 5 
\end{bmatrix}
\]

The determinant of this \(3 \times 3\) matrix is:

\[
\det(A_{12}) = 2 \cdot \det\begin{bmatrix} -1 & 4 \\ -2 & 5 \end{bmatrix} - (-2) \cdot \det\begin{bmatrix} -2 & 4 \\ -1 & 5 \end{bmatrix} + 0 \cdot \det\begin{bmatrix} -2 & -1 \\ -1 & -2 \end{bmatrix}
\]

We already calculated \(\det\begin{bmatrix} -1 & 4 \\ -2 & 5 \end{bmatrix} = 3\).

Now calculate:

\[
\det\begin{bmatrix} -2 & 4 \\ -1 & 5 \end{bmatrix} = (-2)(5) - (4)(-1) = -10 + 4 = -6
\]

Thus:

\[
\det(A_{12}) = 2 \cdot 3 + 2 \cdot (-6) = 6 - 12 = -6
\]

### Step 3: Calculate \(\det(A_{13})\)

The minor \( A_{13} \) is:

\[
A_{13} = \begin{bmatrix} 
2 & 1 & 0 \\ 
-2 & 0 & 4 \\ 
-1 & 0 & 5 
\end{bmatrix}
\]

The determinant of this \(3 \times 3\) matrix is:

\[
\det(A_{13}) = 2 \cdot \det\begin{bmatrix} 0 & 4 \\ 0 & 5 \end{bmatrix} - 1 \cdot \det\begin{bmatrix} -2 & 4 \\ -1 & 5 \end{bmatrix} + 0 \cdot \det\begin{bmatrix} -2 & 0 \\ -1 & 0 \end{bmatrix}
\]

We already calculated \(\det\begin{bmatrix} 0 & 4 \\ 0 & 5 \end{bmatrix} = 0\) and \(\det\begin{bmatrix} -2 & 4 \\ -1 & 5 \end{bmatrix} = -6\).

Thus:

\[
\det(A_{13}) = 2 \cdot 0 - 1 \cdot (-6) = 0 + 6 = 6
\]

### Final Calculation

Substitute back into the determinant expansion:

\[
\det(A) = 4 \cdot 3 + 2 \cdot (-6) + 2 \cdot 6
\]

\[
= 12 - 12 + 12 = 12
\]

Thus, the determinant of matrix \( A \) is \(\boxed{12}\).",) = 4 \cdot \det(A_{11}) [-] (-2) \cdot \det(A_{12}) ,465,agent_c1_leftright,high,sign between 1st and 2nd term (- (-2) det A_12) of concrete 4x4 expansion,PASS
NC_4x4_det_280,Phi-4,determinant,4,,,correct,\det(A) = 1254,-,+,848,"<|im_start|>system<|im_sep|>You are a precise mathematical assistant. Show all computation steps clearly. Always put your final numerical answer inside \boxed{}.<|im_end|><|im_start|>user<|im_sep|>Solve this linear algebra problem. Show your work and give the final answer.

Find the determinant of the 4×4 matrix A.

A = \begin{bmatrix} 0 & -1 & -3 & -4 \\ -5 & -5 & 0 & -3 \\ 2 & -3 & -3 & 4 \\ 3 & -2 & 4 & -3 \end{bmatrix}

<|im_end|><|im_start|>assistant<|im_sep|>To find the determinant of the \(4 \times 4\) matrix \(A\), we can use cofactor expansion along the first row. The matrix \(A\) is given by:

\[
A = \begin{bmatrix} 
0 & -1 & -3 & -4 \\ 
-5 & -5 & 0 & -3 \\ 
2 & -3 & -3 & 4 \\ 
3 & -2 & 4 & -3 
\end{bmatrix}
\]

The determinant of \(A\), denoted as \(\det(A)\), can be expanded along the first row:

\[
\det(A) = 0 \cdot C_{11} - 1 \cdot C_{12} - 3 \cdot C_{13} - 4 \cdot C_{14}
\]

where \(C_{ij}\) is the cofactor of the element \(a_{ij}\). The cofactor \(C_{ij}\) is given by:

\[
C_{ij} = (-1)^{i+j} \det(M_{ij})
\]

where \(M_{ij}\) is the \((n-1) \times (n-1)\) submatrix obtained by deleting the \(i\)-th row and \(j\)-th column from \(A\).

### Calculating \(C_{12}\):

The submatrix \(M_{12}\) is obtained by removing the first row and second column:

\[
M_{12} = \begin{bmatrix} 
-5 & 0 & -3 \\ 
2 & -3 & 4 \\ 
3 & 4 & -3 
\end{bmatrix}
\]

The determinant of \(M_{12}\) is:

\[
\det(M_{12}) = -5 \begin{vmatrix} -3 & 4 \\ 4 & -3 \end{vmatrix} - 0 \begin{vmatrix} 2 & 4 \\ 3 & -3 \end{vmatrix} - 3 \begin{vmatrix} 2 & -3 \\ 3 & 4 \end{vmatrix}
\]

Calculating the \(2 \times 2\) determinants:

\[
\begin{vmatrix} -3 & 4 \\ 4 & -3 \end{vmatrix} = (-3)(-3) - (4)(4) = 9 - 16 = -7
\]

\[
\begin{vmatrix} 2 & -3 \\ 3 & 4 \end{vmatrix} = (2)(4) - (-3)(3) = 8 + 9 = 17
\]

Substituting back:

\[
\det(M_{12}) = -5(-7) - 3(17) = 35 - 51 = -16
\]

Thus, the cofactor \(C_{12}\) is:

\[
C_{12} = (-1)^{1+2} \det(M_{12}) = (-1)^3 (-16) = 16
\]

### Calculating \(C_{13}\):

The submatrix \(M_{13}\) is obtained by removing the first row and third column:

\[
M_{13} = \begin{bmatrix} 
-5 & -5 & -3 \\ 
2 & -3 & 4 \\ 
3 & -2 & -3 
\end{bmatrix}
\]

The determinant of \(M_{13}\) is:

\[
\det(M_{13}) = -5 \begin{vmatrix} -3 & 4 \\ -2 & -3 \end{vmatrix} + 5 \begin{vmatrix} 2 & 4 \\ 3 & -3 \end{vmatrix} - 3 \begin{vmatrix} 2 & -3 \\ 3 & -2 \end{vmatrix}
\]

Calculating the \(2 \times 2\) determinants:

\[
\begin{vmatrix} -3 & 4 \\ -2 & -3 \end{vmatrix} = (-3)(-3) - (4)(-2) = 9 + 8 = 17
\]

\[
\begin{vmatrix} 2 & 4 \\ 3 & -3 \end{vmatrix} = (2)(-3) - (4)(3) = -6 - 12 = -18
\]

\[
\begin{vmatrix} 2 & -3 \\ 3 & -2 \end{vmatrix} = (2)(-2) - (-3)(3) = -4 + 9 = 5
\]

Substituting back:

\[
\det(M_{13}) = -5(17) + 5(-18) - 3(5) = -85 - 90 - 15 = -190
\]

Thus, the cofactor \(C_{13}\) is:

\[
C_{13} = (-1)^{1+3} \det(M_{13}) = (-1)^4 (-190) = -190
\]

### Calculating \(C_{14}\):

The submatrix \(M_{14}\) is obtained by removing the first row and fourth column:

\[
M_{14} = \begin{bmatrix} 
-5 & -5 & 0 \\ 
2 & -3 & -3 \\ 
3 & -2 & 4 
\end{bmatrix}
\]

The determinant of \(M_{14}\) is:

\[
\det(M_{14}) = -5 \begin{vmatrix} -3 & -3 \\ -2 & 4 \end{vmatrix} + 5 \begin{vmatrix} 2 & -3 \\ 3 & 4 \end{vmatrix} + 0 \begin{vmatrix} 2 & -3 \\ 3 & -2 \end{vmatrix}
\]

Calculating the \(2 \times 2\) determinants:

\[
\begin{vmatrix} -3 & -3 \\ -2 & 4 \end{vmatrix} = (-3)(4) - (-3)(-2) = -12 - 6 = -18
\]

\[
\begin{vmatrix} 2 & -3 \\ 3 & 4 \end{vmatrix} = (2)(4) - (-3)(3) = 8 + 9 = 17
\]

Substituting back:

\[
\det(M_{14}) = -5(-18) + 5(17) = 90 + 85 = 175
\]

Thus, the cofactor \(C_{14}\) is:

\[
C_{14} = (-1)^{1+4} \det(M_{14}) = (-1)^5 (175) = -175
\]

### Final Calculation:

Substituting the cofactors back into the determinant expansion:

\[
\det(A) = 0 \cdot C_{11} - 1 \cdot 16 - 3 \cdot (-190) - 4 \cdot (-175)
\]

\[
= 0 - 16 + 570 + 700
\]

\[
= 1254
\]

Thus, the determinant of the matrix \(A\) is \(\boxed{1254}\).","To find the determinant of the \(4 \times 4\) matrix \(A\), we can use cofactor expansion along the first row. The matrix \(A\) is given by:

\[
A = \begin{bmatrix} 
0 & -1 & -3 & -4 \\ 
-5 & -5 & 0 & -3 \\ 
2 & -3 & -3 & 4 \\ 
3 & -2 & 4 & -3 
\end{bmatrix}
\]

The determinant of \(A\), denoted as \(\det(A)\), can be expanded along the first row:

\[
\det(A) = 0 \cdot C_{11} - 1 \cdot C_{12} - 3 \cdot C_{13} - 4 \cdot C_{14}
\]

where \(C_{ij}\) is the cofactor of the element \(a_{ij}\). The cofactor \(C_{ij}\) is given by:

\[
C_{ij} = (-1)^{i+j} \det(M_{ij})
\]

where \(M_{ij}\) is the \((n-1) \times (n-1)\) submatrix obtained by deleting the \(i\)-th row and \(j\)-th column from \(A\).

### Calculating \(C_{12}\):

The submatrix \(M_{12}\) is obtained by removing the first row and second column:

\[
M_{12} = \begin{bmatrix} 
-5 & 0 & -3 \\ 
2 & -3 & 4 \\ 
3 & 4 & -3 
\end{bmatrix}
\]

The determinant of \(M_{12}\) is:

\[
\det(M_{12}) = -5 \begin{vmatrix} -3 & 4 \\ 4 & -3 \end{vmatrix} - 0 \begin{vmatrix} 2 & 4 \\ 3 & -3 \end{vmatrix} - 3 \begin{vmatrix} 2 & -3 \\ 3 & 4 \end{vmatrix}
\]

Calculating the \(2 \times 2\) determinants:

\[
\begin{vmatrix} -3 & 4 \\ 4 & -3 \end{vmatrix} = (-3)(-3) - (4)(4) = 9 - 16 = -7
\]

\[
\begin{vmatrix} 2 & -3 \\ 3 & 4 \end{vmatrix} = (2)(4) - (-3)(3) = 8 + 9 = 17
\]

Substituting back:

\[
\det(M_{12}) = -5(-7) - 3(17) = 35 - 51 = -16
\]

Thus, the cofactor \(C_{12}\) is:

\[
C_{12} = (-1)^{1+2} \det(M_{12}) = (-1)^3 (-16) = 16
\]

### Calculating \(C_{13}\):

The submatrix \(M_{13}\) is obtained by removing the first row and third column:

\[
M_{13} = \begin{bmatrix} 
-5 & -5 & -3 \\ 
2 & -3 & 4 \\ 
3 & -2 & -3 
\end{bmatrix}
\]

The determinant of \(M_{13}\) is:

\[
\det(M_{13}) = -5 \begin{vmatrix} -3 & 4 \\ -2 & -3 \end{vmatrix} + 5 \begin{vmatrix} 2 & 4 \\ 3 & -3 \end{vmatrix} - 3 \begin{vmatrix} 2 & -3 \\ 3 & -2 \end{vmatrix}
\]

Calculating the \(2 \times 2\) determinants:

\[
\begin{vmatrix} -3 & 4 \\ -2 & -3 \end{vmatrix} = (-3)(-3) - (4)(-2) = 9 + 8 = 17
\]

\[
\begin{vmatrix} 2 & 4 \\ 3 & -3 \end{vmatrix} = (2)(-3) - (4)(3) = -6 - 12 = -18
\]

\[
\begin{vmatrix} 2 & -3 \\ 3 & -2 \end{vmatrix} = (2)(-2) - (-3)(3) = -4 + 9 = 5
\]

Substituting back:

\[
\det(M_{13}) = -5(17) + 5(-18) - 3(5) = -85 - 90 - 15 = -190
\]

Thus, the cofactor \(C_{13}\) is:

\[
C_{13} = (-1)^{1+3} \det(M_{13}) = (-1)^4 (-190) = -190
\]

### Calculating \(C_{14}\):

The submatrix \(M_{14}\) is obtained by removing the first row and fourth column:

\[
M_{14} = \begin{bmatrix} 
-5 & -5 & 0 \\ 
2 & -3 & -3 \\ 
3 & -2 & 4 
\end{bmatrix}
\]

The determinant of \(M_{14}\) is:

\[
\det(M_{14}) = -5 \begin{vmatrix} -3 & -3 \\ -2 & 4 \end{vmatrix} + 5 \begin{vmatrix} 2 & -3 \\ 3 & 4 \end{vmatrix} + 0 \begin{vmatrix} 2 & -3 \\ 3 & -2 \end{vmatrix}
\]

Calculating the \(2 \times 2\) determinants:

\[
\begin{vmatrix} -3 & -3 \\ -2 & 4 \end{vmatrix} = (-3)(4) - (-3)(-2) = -12 - 6 = -18
\]

\[
\begin{vmatrix} 2 & -3 \\ 3 & 4 \end{vmatrix} = (2)(4) - (-3)(3) = 8 + 9 = 17
\]

Substituting back:

\[
\det(M_{14}) = -5(-18) + 5(17) = 90 + 85 = 175
\]

Thus, the cofactor \(C_{14}\) is:

\[
C_{14} = (-1)^{1+4} \det(M_{14}) = (-1)^5 (175) = -175
\]

### Final Calculation:

Substituting the cofactors back into the determinant expansion:

\[
\det(A) = 0 \cdot C_{11} - 1 \cdot 16 - 3 \cdot (-190) - 4 \cdot (-175)
\]

\[
= 0 - 16 + 570 + 700
\]

\[
= 1254
\]

Thus, the determinant of the matrix \(A\) is \(\boxed{1254}\).",\det(A) = 0 \cdot C_{11} [-] 1 \cdot C_{12} - 3 \cdot,469,agent_c1_leftright,high,sign between 1st and 2nd term of concrete 4x4 expansion,PASS
NC_4x4_det_294,Phi-4,determinant,4,,,correct,\det(A) = 36,-,+,846,"<|im_start|>system<|im_sep|>You are a precise mathematical assistant. Show all computation steps clearly. Always put your final numerical answer inside \boxed{}.<|im_end|><|im_start|>user<|im_sep|>Solve this linear algebra problem. Show your work and give the final answer.

Find the determinant of the 4×4 matrix A.

A = \begin{bmatrix} 3 & -1 & -2 & 0 \\ -1 & 3 & 2 & -1 \\ -3 & 1 & 2 & -3 \\ 3 & 2 & 1 & 3 \end{bmatrix}

<|im_end|><|im_start|>assistant<|im_sep|>To find the determinant of the \(4 \times 4\) matrix \(A\), we can use cofactor expansion along the first row. The matrix \(A\) is given by:

\[
A = \begin{bmatrix} 
3 & -1 & -2 & 0 \\ 
-1 & 3 & 2 & -1 \\ 
-3 & 1 & 2 & -3 \\ 
3 & 2 & 1 & 3 
\end{bmatrix}
\]

The determinant of \(A\), denoted as \(\det(A)\), can be expanded along the first row:

\[
\det(A) = 3 \cdot \det(A_{11}) - (-1) \cdot \det(A_{12}) - 2 \cdot \det(A_{13}) + 0 \cdot \det(A_{14})
\]

where \(A_{ij}\) is the \((i,j)\)-minor of \(A\), obtained by deleting the \(i\)-th row and \(j\)-th column.

### Step 1: Calculate \(\det(A_{11})\)

The minor \(A_{11}\) is:

\[
A_{11} = \begin{bmatrix} 
3 & 2 & -1 \\ 
1 & 2 & -3 \\ 
2 & 1 & 3 
\end{bmatrix}
\]

The determinant of this \(3 \times 3\) matrix is:

\[
\det(A_{11}) = 3 \begin{vmatrix} 2 & -3 \\ 1 & 3 \end{vmatrix} - 2 \begin{vmatrix} 1 & -3 \\ 2 & 3 \end{vmatrix} - 1 \begin{vmatrix} 1 & 2 \\ 2 & 1 \end{vmatrix}
\]

Calculating each \(2 \times 2\) determinant:

\[
\begin{vmatrix} 2 & -3 \\ 1 & 3 \end{vmatrix} = (2)(3) - (-3)(1) = 6 + 3 = 9
\]

\[
\begin{vmatrix} 1 & -3 \\ 2 & 3 \end{vmatrix} = (1)(3) - (-3)(2) = 3 + 6 = 9
\]

\[
\begin{vmatrix} 1 & 2 \\ 2 & 1 \end{vmatrix} = (1)(1) - (2)(2) = 1 - 4 = -3
\]

Substituting back:

\[
\det(A_{11}) = 3(9) - 2(9) - 1(-3) = 27 - 18 + 3 = 12
\]

### Step 2: Calculate \(\det(A_{12})\)

The minor \(A_{12}\) is:

\[
A_{12} = \begin{bmatrix} 
-1 & 2 & -1 \\ 
-3 & 2 & -3 \\ 
3 & 1 & 3 
\end{bmatrix}
\]

The determinant of this \(3 \times 3\) matrix is:

\[
\det(A_{12}) = -1 \begin{vmatrix} 2 & -3 \\ 1 & 3 \end{vmatrix} - 2 \begin{vmatrix} -3 & -3 \\ 3 & 3 \end{vmatrix} - 1 \begin{vmatrix} -3 & 2 \\ 3 & 1 \end{vmatrix}
\]

Calculating each \(2 \times 2\) determinant:

\[
\begin{vmatrix} 2 & -3 \\ 1 & 3 \end{vmatrix} = 9 \quad \text{(already calculated)}
\]

\[
\begin{vmatrix} -3 & -3 \\ 3 & 3 \end{vmatrix} = (-3)(3) - (-3)(3) = -9 + 9 = 0
\]

\[
\begin{vmatrix} -3 & 2 \\ 3 & 1 \end{vmatrix} = (-3)(1) - (2)(3) = -3 - 6 = -9
\]

Substituting back:

\[
\det(A_{12}) = -1(9) - 2(0) - 1(-9) = -9 + 9 = 0
\]

### Step 3: Calculate \(\det(A_{13})\)

The minor \(A_{13}\) is:

\[
A_{13} = \begin{bmatrix} 
-1 & 3 & -1 \\ 
-3 & 1 & -3 \\ 
3 & 2 & 3 
\end{bmatrix}
\]

The determinant of this \(3 \times 3\) matrix is:

\[
\det(A_{13}) = -1 \begin{vmatrix} 1 & -3 \\ 2 & 3 \end{vmatrix} - 3 \begin{vmatrix} -3 & -3 \\ 3 & 3 \end{vmatrix} - 1 \begin{vmatrix} -3 & 1 \\ 3 & 2 \end{vmatrix}
\]

Calculating each \(2 \times 2\) determinant:

\[
\begin{vmatrix} 1 & -3 \\ 2 & 3 \end{vmatrix} = 9 \quad \text{(already calculated)}
\]

\[
\begin{vmatrix} -3 & -3 \\ 3 & 3 \end{vmatrix} = 0 \quad \text{(already calculated)}
\]

\[
\begin{vmatrix} -3 & 1 \\ 3 & 2 \end{vmatrix} = (-3)(2) - (1)(3) = -6 - 3 = -9
\]

Substituting back:

\[
\det(A_{13}) = -1(9) - 3(0) - 1(-9) = -9 + 9 = 0
\]

### Final Calculation

Substitute the determinants of the minors back into the cofactor expansion:

\[
\det(A) = 3 \cdot 12 - (-1) \cdot 0 - 2 \cdot 0 + 0 \cdot \det(A_{14})
\]

\[
\det(A) = 36 + 0 + 0 + 0 = 36
\]

Thus, the determinant of matrix \(A\) is \(\boxed{36}\).","To find the determinant of the \(4 \times 4\) matrix \(A\), we can use cofactor expansion along the first row. The matrix \(A\) is given by:

\[
A = \begin{bmatrix} 
3 & -1 & -2 & 0 \\ 
-1 & 3 & 2 & -1 \\ 
-3 & 1 & 2 & -3 \\ 
3 & 2 & 1 & 3 
\end{bmatrix}
\]

The determinant of \(A\), denoted as \(\det(A)\), can be expanded along the first row:

\[
\det(A) = 3 \cdot \det(A_{11}) - (-1) \cdot \det(A_{12}) - 2 \cdot \det(A_{13}) + 0 \cdot \det(A_{14})
\]

where \(A_{ij}\) is the \((i,j)\)-minor of \(A\), obtained by deleting the \(i\)-th row and \(j\)-th column.

### Step 1: Calculate \(\det(A_{11})\)

The minor \(A_{11}\) is:

\[
A_{11} = \begin{bmatrix} 
3 & 2 & -1 \\ 
1 & 2 & -3 \\ 
2 & 1 & 3 
\end{bmatrix}
\]

The determinant of this \(3 \times 3\) matrix is:

\[
\det(A_{11}) = 3 \begin{vmatrix} 2 & -3 \\ 1 & 3 \end{vmatrix} - 2 \begin{vmatrix} 1 & -3 \\ 2 & 3 \end{vmatrix} - 1 \begin{vmatrix} 1 & 2 \\ 2 & 1 \end{vmatrix}
\]

Calculating each \(2 \times 2\) determinant:

\[
\begin{vmatrix} 2 & -3 \\ 1 & 3 \end{vmatrix} = (2)(3) - (-3)(1) = 6 + 3 = 9
\]

\[
\begin{vmatrix} 1 & -3 \\ 2 & 3 \end{vmatrix} = (1)(3) - (-3)(2) = 3 + 6 = 9
\]

\[
\begin{vmatrix} 1 & 2 \\ 2 & 1 \end{vmatrix} = (1)(1) - (2)(2) = 1 - 4 = -3
\]

Substituting back:

\[
\det(A_{11}) = 3(9) - 2(9) - 1(-3) = 27 - 18 + 3 = 12
\]

### Step 2: Calculate \(\det(A_{12})\)

The minor \(A_{12}\) is:

\[
A_{12} = \begin{bmatrix} 
-1 & 2 & -1 \\ 
-3 & 2 & -3 \\ 
3 & 1 & 3 
\end{bmatrix}
\]

The determinant of this \(3 \times 3\) matrix is:

\[
\det(A_{12}) = -1 \begin{vmatrix} 2 & -3 \\ 1 & 3 \end{vmatrix} - 2 \begin{vmatrix} -3 & -3 \\ 3 & 3 \end{vmatrix} - 1 \begin{vmatrix} -3 & 2 \\ 3 & 1 \end{vmatrix}
\]

Calculating each \(2 \times 2\) determinant:

\[
\begin{vmatrix} 2 & -3 \\ 1 & 3 \end{vmatrix} = 9 \quad \text{(already calculated)}
\]

\[
\begin{vmatrix} -3 & -3 \\ 3 & 3 \end{vmatrix} = (-3)(3) - (-3)(3) = -9 + 9 = 0
\]

\[
\begin{vmatrix} -3 & 2 \\ 3 & 1 \end{vmatrix} = (-3)(1) - (2)(3) = -3 - 6 = -9
\]

Substituting back:

\[
\det(A_{12}) = -1(9) - 2(0) - 1(-9) = -9 + 9 = 0
\]

### Step 3: Calculate \(\det(A_{13})\)

The minor \(A_{13}\) is:

\[
A_{13} = \begin{bmatrix} 
-1 & 3 & -1 \\ 
-3 & 1 & -3 \\ 
3 & 2 & 3 
\end{bmatrix}
\]

The determinant of this \(3 \times 3\) matrix is:

\[
\det(A_{13}) = -1 \begin{vmatrix} 1 & -3 \\ 2 & 3 \end{vmatrix} - 3 \begin{vmatrix} -3 & -3 \\ 3 & 3 \end{vmatrix} - 1 \begin{vmatrix} -3 & 1 \\ 3 & 2 \end{vmatrix}
\]

Calculating each \(2 \times 2\) determinant:

\[
\begin{vmatrix} 1 & -3 \\ 2 & 3 \end{vmatrix} = 9 \quad \text{(already calculated)}
\]

\[
\begin{vmatrix} -3 & -3 \\ 3 & 3 \end{vmatrix} = 0 \quad \text{(already calculated)}
\]

\[
\begin{vmatrix} -3 & 1 \\ 3 & 2 \end{vmatrix} = (-3)(2) - (1)(3) = -6 - 3 = -9
\]

Substituting back:

\[
\det(A_{13}) = -1(9) - 3(0) - 1(-9) = -9 + 9 = 0
\]

### Final Calculation

Substitute the determinants of the minors back into the cofactor expansion:

\[
\det(A) = 3 \cdot 12 - (-1) \cdot 0 - 2 \cdot 0 + 0 \cdot \det(A_{14})
\]

\[
\det(A) = 36 + 0 + 0 + 0 = 36
\]

Thus, the determinant of matrix \(A\) is \(\boxed{36}\).",) = 3 \cdot \det(A_{11}) [-] (-1) \cdot \det(A_{12}) ,465,agent_c1_leftright,high,sign between 1st and 2nd term (- (-1) det A_12) of concrete 4x4 expansion,PASS
NC_4x4_det_297,Phi-4,determinant,4,,,correct,\det(A) = -546,-,+,824,"<|im_start|>system<|im_sep|>You are a precise mathematical assistant. Show all computation steps clearly. Always put your final numerical answer inside \boxed{}.<|im_end|><|im_start|>user<|im_sep|>Solve this linear algebra problem. Show your work and give the final answer.

Find the determinant of the 4×4 matrix A.

A = \begin{bmatrix} 1 & 5 & 2 & 1 \\ 5 & -4 & -1 & 5 \\ 4 & -2 & 0 & 0 \\ -4 & -4 & 2 & 5 \end{bmatrix}

<|im_end|><|im_start|>assistant<|im_sep|>To find the determinant of the \(4 \times 4\) matrix \(A\), we can use cofactor expansion along the first row. The matrix \(A\) is:

\[
A = \begin{bmatrix} 
1 & 5 & 2 & 1 \\ 
5 & -4 & -1 & 5 \\ 
4 & -2 & 0 & 0 \\ 
-4 & -4 & 2 & 5 
\end{bmatrix}
\]

The determinant of \(A\), denoted as \(\det(A)\), is calculated as follows:

\[
\det(A) = 1 \cdot \det(A_{11}) - 5 \cdot \det(A_{12}) + 2 \cdot \det(A_{13}) - 1 \cdot \det(A_{14})
\]

where \(A_{ij}\) is the \((i,j)\)-minor of \(A\), obtained by deleting the \(i\)-th row and \(j\)-th column.

### Step 1: Calculate \(\det(A_{11})\)

The minor \(A_{11}\) is:

\[
A_{11} = \begin{bmatrix} 
-4 & -1 & 5 \\ 
-2 & 0 & 0 \\ 
-4 & 2 & 5 
\end{bmatrix}
\]

The determinant of \(A_{11}\) is:

\[
\det(A_{11}) = (-4) \begin{vmatrix} 0 & 0 \\ 2 & 5 \end{vmatrix} - (-1) \begin{vmatrix} -2 & 0 \\ -4 & 5 \end{vmatrix} + 5 \begin{vmatrix} -2 & 0 \\ -4 & 2 \end{vmatrix}
\]

Calculating each \(2 \times 2\) determinant:

\[
\begin{vmatrix} 0 & 0 \\ 2 & 5 \end{vmatrix} = (0)(5) - (0)(2) = 0
\]

\[
\begin{vmatrix} -2 & 0 \\ -4 & 5 \end{vmatrix} = (-2)(5) - (0)(-4) = -10
\]

\[
\begin{vmatrix} -2 & 0 \\ -4 & 2 \end{vmatrix} = (-2)(2) - (0)(-4) = -4
\]

Substitute back:

\[
\det(A_{11}) = (-4)(0) + 1(-10) + 5(-4) = 0 - 10 - 20 = -30
\]

### Step 2: Calculate \(\det(A_{12})\)

The minor \(A_{12}\) is:

\[
A_{12} = \begin{bmatrix} 
5 & -1 & 5 \\ 
4 & 0 & 0 \\ 
-4 & 2 & 5 
\end{bmatrix}
\]

The determinant of \(A_{12}\) is:

\[
\det(A_{12}) = 5 \begin{vmatrix} 0 & 0 \\ 2 & 5 \end{vmatrix} - (-1) \begin{vmatrix} 4 & 0 \\ -4 & 5 \end{vmatrix} + 5 \begin{vmatrix} 4 & 0 \\ -4 & 2 \end{vmatrix}
\]

Calculating each \(2 \times 2\) determinant:

\[
\begin{vmatrix} 0 & 0 \\ 2 & 5 \end{vmatrix} = 0
\]

\[
\begin{vmatrix} 4 & 0 \\ -4 & 5 \end{vmatrix} = (4)(5) - (0)(-4) = 20
\]

\[
\begin{vmatrix} 4 & 0 \\ -4 & 2 \end{vmatrix} = (4)(2) - (0)(-4) = 8
\]

Substitute back:

\[
\det(A_{12}) = 5(0) + 1(20) + 5(8) = 0 + 20 + 40 = 60
\]

### Step 3: Calculate \(\det(A_{13})\)

The minor \(A_{13}\) is:

\[
A_{13} = \begin{bmatrix} 
5 & -4 & 5 \\ 
4 & -2 & 0 \\ 
-4 & -4 & 5 
\end{bmatrix}
\]

The determinant of \(A_{13}\) is:

\[
\det(A_{13}) = 5 \begin{vmatrix} -2 & 0 \\ -4 & 5 \end{vmatrix} - (-4) \begin{vmatrix} 4 & 0 \\ -4 & 5 \end{vmatrix} + 5 \begin{vmatrix} 4 & -2 \\ -4 & -4 \end{vmatrix}
\]

Calculating each \(2 \times 2\) determinant:

\[
\begin{vmatrix} -2 & 0 \\ -4 & 5 \end{vmatrix} = (-2)(5) - (0)(-4) = -10
\]

\[
\begin{vmatrix} 4 & 0 \\ -4 & 5 \end{vmatrix} = 20
\]

\[
\begin{vmatrix} 4 & -2 \\ -4 & -4 \end{vmatrix} = (4)(-4) - (-2)(-4) = -16 - 8 = -24
\]

Substitute back:

\[
\det(A_{13}) = 5(-10) + 4(20) + 5(-24) = -50 + 80 - 120 = -90
\]

### Step 4: Calculate \(\det(A_{14})\)

The minor \(A_{14}\) is:

\[
A_{14} = \begin{bmatrix} 
5 & -4 & -1 \\ 
4 & -2 & 0 \\ 
-4 & -4 & 2 
\end{bmatrix}
\]

The determinant of \(A_{14}\) is:

\[
\det(A_{14}) = 5 \begin{vmatrix} -2 & 0 \\ -4 & 2 \end{vmatrix} - (-4) \begin{vmatrix} 4 & 0 \\ -4 & 2 \end{vmatrix} + (-1) \begin{vmatrix} 4 & -2 \\ -4 & -4 \end{vmatrix}
\]

Calculating each \(2 \times 2\) determinant:

\[
\begin{vmatrix} -2 & 0 \\ -4 & 2 \end{vmatrix} = (-2)(2) - (0)(-4) = -4
\]

\[
\begin{vmatrix} 4 & 0 \\ -4 & 2 \end{vmatrix} = 8
\]

\[
\begin{vmatrix} 4 & -2 \\ -4 & -4 \end{vmatrix} = -24
\]

Substitute back:

\[
\det(A_{14}) = 5(-4) + 4(8) - 1(-24) = -20 + 32 + 24 = 36
\]

### Final Calculation

Substitute all the determinants back into the original expression for \(\det(A)\):

\[
\det(A) = 1(-30) - 5(60) + 2(-90) - 1(36)
\]

\[
= -30 - 300 - 180 - 36
\]

\[
= -546
\]

Thus, the determinant of the matrix \(A\) is \(\boxed{-546}\).","To find the determinant of the \(4 \times 4\) matrix \(A\), we can use cofactor expansion along the first row. The matrix \(A\) is:

\[
A = \begin{bmatrix} 
1 & 5 & 2 & 1 \\ 
5 & -4 & -1 & 5 \\ 
4 & -2 & 0 & 0 \\ 
-4 & -4 & 2 & 5 
\end{bmatrix}
\]

The determinant of \(A\), denoted as \(\det(A)\), is calculated as follows:

\[
\det(A) = 1 \cdot \det(A_{11}) - 5 \cdot \det(A_{12}) + 2 \cdot \det(A_{13}) - 1 \cdot \det(A_{14})
\]

where \(A_{ij}\) is the \((i,j)\)-minor of \(A\), obtained by deleting the \(i\)-th row and \(j\)-th column.

### Step 1: Calculate \(\det(A_{11})\)

The minor \(A_{11}\) is:

\[
A_{11} = \begin{bmatrix} 
-4 & -1 & 5 \\ 
-2 & 0 & 0 \\ 
-4 & 2 & 5 
\end{bmatrix}
\]

The determinant of \(A_{11}\) is:

\[
\det(A_{11}) = (-4) \begin{vmatrix} 0 & 0 \\ 2 & 5 \end{vmatrix} - (-1) \begin{vmatrix} -2 & 0 \\ -4 & 5 \end{vmatrix} + 5 \begin{vmatrix} -2 & 0 \\ -4 & 2 \end{vmatrix}
\]

Calculating each \(2 \times 2\) determinant:

\[
\begin{vmatrix} 0 & 0 \\ 2 & 5 \end{vmatrix} = (0)(5) - (0)(2) = 0
\]

\[
\begin{vmatrix} -2 & 0 \\ -4 & 5 \end{vmatrix} = (-2)(5) - (0)(-4) = -10
\]

\[
\begin{vmatrix} -2 & 0 \\ -4 & 2 \end{vmatrix} = (-2)(2) - (0)(-4) = -4
\]

Substitute back:

\[
\det(A_{11}) = (-4)(0) + 1(-10) + 5(-4) = 0 - 10 - 20 = -30
\]

### Step 2: Calculate \(\det(A_{12})\)

The minor \(A_{12}\) is:

\[
A_{12} = \begin{bmatrix} 
5 & -1 & 5 \\ 
4 & 0 & 0 \\ 
-4 & 2 & 5 
\end{bmatrix}
\]

The determinant of \(A_{12}\) is:

\[
\det(A_{12}) = 5 \begin{vmatrix} 0 & 0 \\ 2 & 5 \end{vmatrix} - (-1) \begin{vmatrix} 4 & 0 \\ -4 & 5 \end{vmatrix} + 5 \begin{vmatrix} 4 & 0 \\ -4 & 2 \end{vmatrix}
\]

Calculating each \(2 \times 2\) determinant:

\[
\begin{vmatrix} 0 & 0 \\ 2 & 5 \end{vmatrix} = 0
\]

\[
\begin{vmatrix} 4 & 0 \\ -4 & 5 \end{vmatrix} = (4)(5) - (0)(-4) = 20
\]

\[
\begin{vmatrix} 4 & 0 \\ -4 & 2 \end{vmatrix} = (4)(2) - (0)(-4) = 8
\]

Substitute back:

\[
\det(A_{12}) = 5(0) + 1(20) + 5(8) = 0 + 20 + 40 = 60
\]

### Step 3: Calculate \(\det(A_{13})\)

The minor \(A_{13}\) is:

\[
A_{13} = \begin{bmatrix} 
5 & -4 & 5 \\ 
4 & -2 & 0 \\ 
-4 & -4 & 5 
\end{bmatrix}
\]

The determinant of \(A_{13}\) is:

\[
\det(A_{13}) = 5 \begin{vmatrix} -2 & 0 \\ -4 & 5 \end{vmatrix} - (-4) \begin{vmatrix} 4 & 0 \\ -4 & 5 \end{vmatrix} + 5 \begin{vmatrix} 4 & -2 \\ -4 & -4 \end{vmatrix}
\]

Calculating each \(2 \times 2\) determinant:

\[
\begin{vmatrix} -2 & 0 \\ -4 & 5 \end{vmatrix} = (-2)(5) - (0)(-4) = -10
\]

\[
\begin{vmatrix} 4 & 0 \\ -4 & 5 \end{vmatrix} = 20
\]

\[
\begin{vmatrix} 4 & -2 \\ -4 & -4 \end{vmatrix} = (4)(-4) - (-2)(-4) = -16 - 8 = -24
\]

Substitute back:

\[
\det(A_{13}) = 5(-10) + 4(20) + 5(-24) = -50 + 80 - 120 = -90
\]

### Step 4: Calculate \(\det(A_{14})\)

The minor \(A_{14}\) is:

\[
A_{14} = \begin{bmatrix} 
5 & -4 & -1 \\ 
4 & -2 & 0 \\ 
-4 & -4 & 2 
\end{bmatrix}
\]

The determinant of \(A_{14}\) is:

\[
\det(A_{14}) = 5 \begin{vmatrix} -2 & 0 \\ -4 & 2 \end{vmatrix} - (-4) \begin{vmatrix} 4 & 0 \\ -4 & 2 \end{vmatrix} + (-1) \begin{vmatrix} 4 & -2 \\ -4 & -4 \end{vmatrix}
\]

Calculating each \(2 \times 2\) determinant:

\[
\begin{vmatrix} -2 & 0 \\ -4 & 2 \end{vmatrix} = (-2)(2) - (0)(-4) = -4
\]

\[
\begin{vmatrix} 4 & 0 \\ -4 & 2 \end{vmatrix} = 8
\]

\[
\begin{vmatrix} 4 & -2 \\ -4 & -4 \end{vmatrix} = -24
\]

Substitute back:

\[
\det(A_{14}) = 5(-4) + 4(8) - 1(-24) = -20 + 32 + 24 = 36
\]

### Final Calculation

Substitute all the determinants back into the original expression for \(\det(A)\):

\[
\det(A) = 1(-30) - 5(60) + 2(-90) - 1(36)
\]

\[
= -30 - 300 - 180 - 36
\]

\[
= -546
\]

Thus, the determinant of the matrix \(A\) is \(\boxed{-546}\).",) = 1 \cdot \det(A_{11}) [-] 5 \cdot \det(A_{12}) + 2,464,agent_c1_leftright,high,sign between 1st and 2nd term of concrete 4x4 expansion,PASS
NC_4x4_det_302,Phi-4,determinant,4,,,correct,\det(A) = 250,+,-,934,"<|im_start|>system<|im_sep|>You are a precise mathematical assistant. Show all computation steps clearly. Always put your final numerical answer inside \boxed{}.<|im_end|><|im_start|>user<|im_sep|>Solve this linear algebra problem. Show your work and give the final answer.

Find the determinant of the 4×4 matrix A.

A = \begin{bmatrix} 3 & -1 & 2 & 3 \\ 4 & 2 & -3 & 4 \\ 0 & 0 & 4 & 5 \\ -3 & -3 & 3 & 1 \end{bmatrix}

<|im_end|><|im_start|>assistant<|im_sep|>To find the determinant of the \(4 \times 4\) matrix \( A \), we can use cofactor expansion along a row or column. Here, we will expand along the third row, which contains two zeros, simplifying our calculations.

The matrix \( A \) is:

\[
A = \begin{bmatrix} 
3 & -1 & 2 & 3 \\ 
4 & 2 & -3 & 4 \\ 
0 & 0 & 4 & 5 \\ 
-3 & -3 & 3 & 1 
\end{bmatrix}
\]

The determinant of \( A \), denoted as \(\det(A)\), can be expanded along the third row:

\[
\det(A) = 0 \cdot C_{31} + 0 \cdot C_{32} + 4 \cdot C_{33} + 5 \cdot C_{34}
\]

where \( C_{ij} \) is the cofactor of the element in the \(i\)-th row and \(j\)-th column. Since the first two terms are multiplied by zero, they vanish, leaving:

\[
\det(A) = 4 \cdot C_{33} + 5 \cdot C_{34}
\]

### Calculating \( C_{33} \)

The cofactor \( C_{33} \) is given by:

\[
C_{33} = (-1)^{3+3} \det(M_{33})
\]

where \( M_{33} \) is the \(3 \times 3\) submatrix obtained by deleting the third row and third column:

\[
M_{33} = \begin{bmatrix} 
3 & -1 & 3 \\ 
4 & 2 & 4 \\ 
-3 & -3 & 1 
\end{bmatrix}
\]

The determinant of \( M_{33} \) is:

\[
\det(M_{33}) = 3 \begin{vmatrix} 2 & 4 \\ -3 & 1 \end{vmatrix} - (-1) \begin{vmatrix} 4 & 4 \\ -3 & 1 \end{vmatrix} + 3 \begin{vmatrix} 4 & 2 \\ -3 & -3 \end{vmatrix}
\]

Calculating each \(2 \times 2\) determinant:

\[
\begin{vmatrix} 2 & 4 \\ -3 & 1 \end{vmatrix} = (2)(1) - (4)(-3) = 2 + 12 = 14
\]

\[
\begin{vmatrix} 4 & 4 \\ -3 & 1 \end{vmatrix} = (4)(1) - (4)(-3) = 4 + 12 = 16
\]

\[
\begin{vmatrix} 4 & 2 \\ -3 & -3 \end{vmatrix} = (4)(-3) - (2)(-3) = -12 + 6 = -6
\]

Substituting back:

\[
\det(M_{33}) = 3(14) + 1(16) + 3(-6) = 42 + 16 - 18 = 40
\]

Thus, \( C_{33} = 40 \).

### Calculating \( C_{34} \)

The cofactor \( C_{34} \) is given by:

\[
C_{34} = (-1)^{3+4} \det(M_{34})
\]

where \( M_{34} \) is the \(3 \times 3\) submatrix obtained by deleting the third row and fourth column:

\[
M_{34} = \begin{bmatrix} 
3 & -1 & 2 \\ 
4 & 2 & -3 \\ 
-3 & -3 & 3 
\end{bmatrix}
\]

The determinant of \( M_{34} \) is:

\[
\det(M_{34}) = 3 \begin{vmatrix} 2 & -3 \\ -3 & 3 \end{vmatrix} - (-1) \begin{vmatrix} 4 & -3 \\ -3 & 3 \end{vmatrix} + 2 \begin{vmatrix} 4 & 2 \\ -3 & -3 \end{vmatrix}
\]

Calculating each \(2 \times 2\) determinant:

\[
\begin{vmatrix} 2 & -3 \\ -3 & 3 \end{vmatrix} = (2)(3) - (-3)(-3) = 6 - 9 = -3
\]

\[
\begin{vmatrix} 4 & -3 \\ -3 & 3 \end{vmatrix} = (4)(3) - (-3)(-3) = 12 - 9 = 3
\]

\[
\begin{vmatrix} 4 & 2 \\ -3 & -3 \end{vmatrix} = (4)(-3) - (2)(-3) = -12 + 6 = -6
\]

Substituting back:

\[
\det(M_{34}) = 3(-3) + 1(3) + 2(-6) = -9 + 3 - 12 = -18
\]

Thus, \( C_{34} = -(-18) = 18 \).

### Final Calculation

Substituting the cofactors back into the determinant expression:

\[
\det(A) = 4 \cdot 40 + 5 \cdot 18 = 160 + 90 = 250
\]

Thus, the determinant of matrix \( A \) is \(\boxed{250}\).","To find the determinant of the \(4 \times 4\) matrix \( A \), we can use cofactor expansion along a row or column. Here, we will expand along the third row, which contains two zeros, simplifying our calculations.

The matrix \( A \) is:

\[
A = \begin{bmatrix} 
3 & -1 & 2 & 3 \\ 
4 & 2 & -3 & 4 \\ 
0 & 0 & 4 & 5 \\ 
-3 & -3 & 3 & 1 
\end{bmatrix}
\]

The determinant of \( A \), denoted as \(\det(A)\), can be expanded along the third row:

\[
\det(A) = 0 \cdot C_{31} + 0 \cdot C_{32} + 4 \cdot C_{33} + 5 \cdot C_{34}
\]

where \( C_{ij} \) is the cofactor of the element in the \(i\)-th row and \(j\)-th column. Since the first two terms are multiplied by zero, they vanish, leaving:

\[
\det(A) = 4 \cdot C_{33} + 5 \cdot C_{34}
\]

### Calculating \( C_{33} \)

The cofactor \( C_{33} \) is given by:

\[
C_{33} = (-1)^{3+3} \det(M_{33})
\]

where \( M_{33} \) is the \(3 \times 3\) submatrix obtained by deleting the third row and third column:

\[
M_{33} = \begin{bmatrix} 
3 & -1 & 3 \\ 
4 & 2 & 4 \\ 
-3 & -3 & 1 
\end{bmatrix}
\]

The determinant of \( M_{33} \) is:

\[
\det(M_{33}) = 3 \begin{vmatrix} 2 & 4 \\ -3 & 1 \end{vmatrix} - (-1) \begin{vmatrix} 4 & 4 \\ -3 & 1 \end{vmatrix} + 3 \begin{vmatrix} 4 & 2 \\ -3 & -3 \end{vmatrix}
\]

Calculating each \(2 \times 2\) determinant:

\[
\begin{vmatrix} 2 & 4 \\ -3 & 1 \end{vmatrix} = (2)(1) - (4)(-3) = 2 + 12 = 14
\]

\[
\begin{vmatrix} 4 & 4 \\ -3 & 1 \end{vmatrix} = (4)(1) - (4)(-3) = 4 + 12 = 16
\]

\[
\begin{vmatrix} 4 & 2 \\ -3 & -3 \end{vmatrix} = (4)(-3) - (2)(-3) = -12 + 6 = -6
\]

Substituting back:

\[
\det(M_{33}) = 3(14) + 1(16) + 3(-6) = 42 + 16 - 18 = 40
\]

Thus, \( C_{33} = 40 \).

### Calculating \( C_{34} \)

The cofactor \( C_{34} \) is given by:

\[
C_{34} = (-1)^{3+4} \det(M_{34})
\]

where \( M_{34} \) is the \(3 \times 3\) submatrix obtained by deleting the third row and fourth column:

\[
M_{34} = \begin{bmatrix} 
3 & -1 & 2 \\ 
4 & 2 & -3 \\ 
-3 & -3 & 3 
\end{bmatrix}
\]

The determinant of \( M_{34} \) is:

\[
\det(M_{34}) = 3 \begin{vmatrix} 2 & -3 \\ -3 & 3 \end{vmatrix} - (-1) \begin{vmatrix} 4 & -3 \\ -3 & 3 \end{vmatrix} + 2 \begin{vmatrix} 4 & 2 \\ -3 & -3 \end{vmatrix}
\]

Calculating each \(2 \times 2\) determinant:

\[
\begin{vmatrix} 2 & -3 \\ -3 & 3 \end{vmatrix} = (2)(3) - (-3)(-3) = 6 - 9 = -3
\]

\[
\begin{vmatrix} 4 & -3 \\ -3 & 3 \end{vmatrix} = (4)(3) - (-3)(-3) = 12 - 9 = 3
\]

\[
\begin{vmatrix} 4 & 2 \\ -3 & -3 \end{vmatrix} = (4)(-3) - (2)(-3) = -12 + 6 = -6
\]

Substituting back:

\[
\det(M_{34}) = 3(-3) + 1(3) + 2(-6) = -9 + 3 - 12 = -18
\]

Thus, \( C_{34} = -(-18) = 18 \).

### Final Calculation

Substituting the cofactors back into the determinant expression:

\[
\det(A) = 4 \cdot 40 + 5 \cdot 18 = 160 + 90 = 250
\]

Thus, the determinant of matrix \( A \) is \(\boxed{250}\).",\det(A) = 0 \cdot C_{31} [+] 0 \cdot C_{32} + 4 \cdot,463,agent_c1_leftright,high,sign between 1st and 2nd term of concrete 4x4 expansion along row 3,PASS
NC_4x4_det_304,Phi-4,determinant,4,,,correct,\det(A) = -417,-,+,844,"<|im_start|>system<|im_sep|>You are a precise mathematical assistant. Show all computation steps clearly. Always put your final numerical answer inside \boxed{}.<|im_end|><|im_start|>user<|im_sep|>Solve this linear algebra problem. Show your work and give the final answer.

Find the determinant of the 4×4 matrix A.

A = \begin{bmatrix} 4 & 5 & 5 & 0 \\ 4 & 0 & 5 & -4 \\ 5 & -1 & 4 & 2 \\ 5 & 5 & 3 & 1 \end{bmatrix}

<|im_end|><|im_start|>assistant<|im_sep|>To find the determinant of the \(4 \times 4\) matrix \( A \), we can use cofactor expansion along the first row. The matrix \( A \) is given by:

\[
A = \begin{bmatrix} 
4 & 5 & 5 & 0 \\ 
4 & 0 & 5 & -4 \\ 
5 & -1 & 4 & 2 \\ 
5 & 5 & 3 & 1 
\end{bmatrix}
\]

The determinant of \( A \), denoted as \(\det(A)\), can be expanded along the first row:

\[
\det(A) = 4 \cdot \det(A_{11}) - 5 \cdot \det(A_{12}) + 5 \cdot \det(A_{13}) - 0 \cdot \det(A_{14})
\]

where \( A_{ij} \) is the \((i,j)\)-minor of \( A \), obtained by deleting the \(i\)-th row and \(j\)-th column.

### Step 1: Calculate \(\det(A_{11})\)

The minor \( A_{11} \) is:

\[
A_{11} = \begin{bmatrix} 
0 & 5 & -4 \\ 
-1 & 4 & 2 \\ 
5 & 3 & 1 
\end{bmatrix}
\]

The determinant of this \(3 \times 3\) matrix is:

\[
\det(A_{11}) = 0 \cdot \det\begin{bmatrix} 4 & 2 \\ 3 & 1 \end{bmatrix} - 5 \cdot \det\begin{bmatrix} -1 & 2 \\ 5 & 1 \end{bmatrix} + (-4) \cdot \det\begin{bmatrix} -1 & 4 \\ 5 & 3 \end{bmatrix}
\]

Calculating each \(2 \times 2\) determinant:

\[
\det\begin{bmatrix} 4 & 2 \\ 3 & 1 \end{bmatrix} = 4 \cdot 1 - 2 \cdot 3 = 4 - 6 = -2
\]

\[
\det\begin{bmatrix} -1 & 2 \\ 5 & 1 \end{bmatrix} = (-1) \cdot 1 - 2 \cdot 5 = -1 - 10 = -11
\]

\[
\det\begin{bmatrix} -1 & 4 \\ 5 & 3 \end{bmatrix} = (-1) \cdot 3 - 4 \cdot 5 = -3 - 20 = -23
\]

Substituting back:

\[
\det(A_{11}) = 0 - 5(-11) - 4(-23) = 55 + 92 = 147
\]

### Step 2: Calculate \(\det(A_{12})\)

The minor \( A_{12} \) is:

\[
A_{12} = \begin{bmatrix} 
4 & 5 & -4 \\ 
5 & 4 & 2 \\ 
5 & 3 & 1 
\end{bmatrix}
\]

The determinant of this \(3 \times 3\) matrix is:

\[
\det(A_{12}) = 4 \cdot \det\begin{bmatrix} 4 & 2 \\ 3 & 1 \end{bmatrix} - 5 \cdot \det\begin{bmatrix} 5 & 2 \\ 5 & 1 \end{bmatrix} + (-4) \cdot \det\begin{bmatrix} 5 & 4 \\ 5 & 3 \end{bmatrix}
\]

Calculating each \(2 \times 2\) determinant:

\[
\det\begin{bmatrix} 4 & 2 \\ 3 & 1 \end{bmatrix} = 4 \cdot 1 - 2 \cdot 3 = 4 - 6 = -2
\]

\[
\det\begin{bmatrix} 5 & 2 \\ 5 & 1 \end{bmatrix} = 5 \cdot 1 - 2 \cdot 5 = 5 - 10 = -5
\]

\[
\det\begin{bmatrix} 5 & 4 \\ 5 & 3 \end{bmatrix} = 5 \cdot 3 - 4 \cdot 5 = 15 - 20 = -5
\]

Substituting back:

\[
\det(A_{12}) = 4(-2) - 5(-5) - 4(-5) = -8 + 25 + 20 = 37
\]

### Step 3: Calculate \(\det(A_{13})\)

The minor \( A_{13} \) is:

\[
A_{13} = \begin{bmatrix} 
4 & 0 & -4 \\ 
5 & -1 & 2 \\ 
5 & 5 & 1 
\end{bmatrix}
\]

The determinant of this \(3 \times 3\) matrix is:

\[
\det(A_{13}) = 4 \cdot \det\begin{bmatrix} -1 & 2 \\ 5 & 1 \end{bmatrix} - 0 \cdot \det\begin{bmatrix} 5 & 2 \\ 5 & 1 \end{bmatrix} + (-4) \cdot \det\begin{bmatrix} 5 & -1 \\ 5 & 5 \end{bmatrix}
\]

Calculating each \(2 \times 2\) determinant:

\[
\det\begin{bmatrix} -1 & 2 \\ 5 & 1 \end{bmatrix} = (-1) \cdot 1 - 2 \cdot 5 = -1 - 10 = -11
\]

\[
\det\begin{bmatrix} 5 & -1 \\ 5 & 5 \end{bmatrix} = 5 \cdot 5 - (-1) \cdot 5 = 25 + 5 = 30
\]

Substituting back:

\[
\det(A_{13}) = 4(-11) + 0 + (-4)(30) = -44 - 120 = -164
\]

### Final Calculation

Substitute the determinants of the minors back into the cofactor expansion:

\[
\det(A) = 4 \cdot 147 - 5 \cdot 37 + 5 \cdot (-164)
\]

Calculate each term:

\[
4 \cdot 147 = 588
\]

\[
5 \cdot 37 = 185
\]

\[
5 \cdot (-164) = -820
\]

Substitute back:

\[
\det(A) = 588 - 185 - 820 = 588 - 1005 = -417
\]

Thus, the determinant of the matrix \( A \) is \(\boxed{-417}\).","To find the determinant of the \(4 \times 4\) matrix \( A \), we can use cofactor expansion along the first row. The matrix \( A \) is given by:

\[
A = \begin{bmatrix} 
4 & 5 & 5 & 0 \\ 
4 & 0 & 5 & -4 \\ 
5 & -1 & 4 & 2 \\ 
5 & 5 & 3 & 1 
\end{bmatrix}
\]

The determinant of \( A \), denoted as \(\det(A)\), can be expanded along the first row:

\[
\det(A) = 4 \cdot \det(A_{11}) - 5 \cdot \det(A_{12}) + 5 \cdot \det(A_{13}) - 0 \cdot \det(A_{14})
\]

where \( A_{ij} \) is the \((i,j)\)-minor of \( A \), obtained by deleting the \(i\)-th row and \(j\)-th column.

### Step 1: Calculate \(\det(A_{11})\)

The minor \( A_{11} \) is:

\[
A_{11} = \begin{bmatrix} 
0 & 5 & -4 \\ 
-1 & 4 & 2 \\ 
5 & 3 & 1 
\end{bmatrix}
\]

The determinant of this \(3 \times 3\) matrix is:

\[
\det(A_{11}) = 0 \cdot \det\begin{bmatrix} 4 & 2 \\ 3 & 1 \end{bmatrix} - 5 \cdot \det\begin{bmatrix} -1 & 2 \\ 5 & 1 \end{bmatrix} + (-4) \cdot \det\begin{bmatrix} -1 & 4 \\ 5 & 3 \end{bmatrix}
\]

Calculating each \(2 \times 2\) determinant:

\[
\det\begin{bmatrix} 4 & 2 \\ 3 & 1 \end{bmatrix} = 4 \cdot 1 - 2 \cdot 3 = 4 - 6 = -2
\]

\[
\det\begin{bmatrix} -1 & 2 \\ 5 & 1 \end{bmatrix} = (-1) \cdot 1 - 2 \cdot 5 = -1 - 10 = -11
\]

\[
\det\begin{bmatrix} -1 & 4 \\ 5 & 3 \end{bmatrix} = (-1) \cdot 3 - 4 \cdot 5 = -3 - 20 = -23
\]

Substituting back:

\[
\det(A_{11}) = 0 - 5(-11) - 4(-23) = 55 + 92 = 147
\]

### Step 2: Calculate \(\det(A_{12})\)

The minor \( A_{12} \) is:

\[
A_{12} = \begin{bmatrix} 
4 & 5 & -4 \\ 
5 & 4 & 2 \\ 
5 & 3 & 1 
\end{bmatrix}
\]

The determinant of this \(3 \times 3\) matrix is:

\[
\det(A_{12}) = 4 \cdot \det\begin{bmatrix} 4 & 2 \\ 3 & 1 \end{bmatrix} - 5 \cdot \det\begin{bmatrix} 5 & 2 \\ 5 & 1 \end{bmatrix} + (-4) \cdot \det\begin{bmatrix} 5 & 4 \\ 5 & 3 \end{bmatrix}
\]

Calculating each \(2 \times 2\) determinant:

\[
\det\begin{bmatrix} 4 & 2 \\ 3 & 1 \end{bmatrix} = 4 \cdot 1 - 2 \cdot 3 = 4 - 6 = -2
\]

\[
\det\begin{bmatrix} 5 & 2 \\ 5 & 1 \end{bmatrix} = 5 \cdot 1 - 2 \cdot 5 = 5 - 10 = -5
\]

\[
\det\begin{bmatrix} 5 & 4 \\ 5 & 3 \end{bmatrix} = 5 \cdot 3 - 4 \cdot 5 = 15 - 20 = -5
\]

Substituting back:

\[
\det(A_{12}) = 4(-2) - 5(-5) - 4(-5) = -8 + 25 + 20 = 37
\]

### Step 3: Calculate \(\det(A_{13})\)

The minor \( A_{13} \) is:

\[
A_{13} = \begin{bmatrix} 
4 & 0 & -4 \\ 
5 & -1 & 2 \\ 
5 & 5 & 1 
\end{bmatrix}
\]

The determinant of this \(3 \times 3\) matrix is:

\[
\det(A_{13}) = 4 \cdot \det\begin{bmatrix} -1 & 2 \\ 5 & 1 \end{bmatrix} - 0 \cdot \det\begin{bmatrix} 5 & 2 \\ 5 & 1 \end{bmatrix} + (-4) \cdot \det\begin{bmatrix} 5 & -1 \\ 5 & 5 \end{bmatrix}
\]

Calculating each \(2 \times 2\) determinant:

\[
\det\begin{bmatrix} -1 & 2 \\ 5 & 1 \end{bmatrix} = (-1) \cdot 1 - 2 \cdot 5 = -1 - 10 = -11
\]

\[
\det\begin{bmatrix} 5 & -1 \\ 5 & 5 \end{bmatrix} = 5 \cdot 5 - (-1) \cdot 5 = 25 + 5 = 30
\]

Substituting back:

\[
\det(A_{13}) = 4(-11) + 0 + (-4)(30) = -44 - 120 = -164
\]

### Final Calculation

Substitute the determinants of the minors back into the cofactor expansion:

\[
\det(A) = 4 \cdot 147 - 5 \cdot 37 + 5 \cdot (-164)
\]

Calculate each term:

\[
4 \cdot 147 = 588
\]

\[
5 \cdot 37 = 185
\]

\[
5 \cdot (-164) = -820
\]

Substitute back:

\[
\det(A) = 588 - 185 - 820 = 588 - 1005 = -417
\]

Thus, the determinant of the matrix \( A \) is \(\boxed{-417}\).",) = 4 \cdot \det(A_{11}) [-] 5 \cdot \det(A_{12}) + 5,461,agent_c1_leftright,high,sign between 1st and 2nd term of concrete 4x4 expansion,PASS
NC_4x4_det_314,Phi-4,determinant,4,,,correct,\det(A) = 582,+,-,849,"<|im_start|>system<|im_sep|>You are a precise mathematical assistant. Show all computation steps clearly. Always put your final numerical answer inside \boxed{}.<|im_end|><|im_start|>user<|im_sep|>Solve this linear algebra problem. Show your work and give the final answer.

Find the determinant of the 4×4 matrix A.

A = \begin{bmatrix} -5 & 1 & 5 & 0 \\ -1 & 0 & -5 & -1 \\ 2 & -5 & -1 & 3 \\ 0 & 0 & -1 & 4 \end{bmatrix}

<|im_end|><|im_start|>assistant<|im_sep|>To find the determinant of the \(4 \times 4\) matrix \( A \), we can use cofactor expansion along the first row. The matrix \( A \) is given by:

\[
A = \begin{bmatrix} 
-5 & 1 & 5 & 0 \\ 
-1 & 0 & -5 & -1 \\ 
2 & -5 & -1 & 3 \\ 
0 & 0 & -1 & 4 
\end{bmatrix}
\]

The determinant of \( A \), denoted as \(\det(A)\), can be expanded along the first row:

\[
\det(A) = -5 \cdot C_{11} + 1 \cdot C_{12} + 5 \cdot C_{13} + 0 \cdot C_{14}
\]

where \( C_{ij} \) is the cofactor of the element \( a_{ij} \). The cofactor \( C_{ij} \) is given by:

\[
C_{ij} = (-1)^{i+j} \det(M_{ij})
\]

where \( M_{ij} \) is the \((n-1) \times (n-1)\) submatrix obtained by deleting the \(i\)-th row and \(j\)-th column from \( A \).

### Step 1: Calculate \( C_{11} \)

The submatrix \( M_{11} \) is:

\[
M_{11} = \begin{bmatrix} 
0 & -5 & -1 \\ 
-5 & -1 & 3 \\ 
0 & -1 & 4 
\end{bmatrix}
\]

The determinant of \( M_{11} \) is:

\[
\det(M_{11}) = 0 \cdot \det\begin{bmatrix} -1 & 3 \\ -1 & 4 \end{bmatrix} - (-5) \cdot \det\begin{bmatrix} -5 & 3 \\ 0 & 4 \end{bmatrix} + (-1) \cdot \det\begin{bmatrix} -5 & -1 \\ 0 & -1 \end{bmatrix}
\]

Calculating each \(2 \times 2\) determinant:

\[
\det\begin{bmatrix} -1 & 3 \\ -1 & 4 \end{bmatrix} = (-1)(4) - (3)(-1) = -4 + 3 = -1
\]

\[
\det\begin{bmatrix} -5 & 3 \\ 0 & 4 \end{bmatrix} = (-5)(4) - (3)(0) = -20
\]

\[
\det\begin{bmatrix} -5 & -1 \\ 0 & -1 \end{bmatrix} = (-5)(-1) - (-1)(0) = 5
\]

Substituting back:

\[
\det(M_{11}) = 0 - (-5)(-20) + (-1)(5) = 0 - 100 - 5 = -105
\]

Thus, the cofactor \( C_{11} \) is:

\[
C_{11} = (-1)^{1+1} \cdot (-105) = 1 \cdot (-105) = -105
\]

### Step 2: Calculate \( C_{12} \)

The submatrix \( M_{12} \) is:

\[
M_{12} = \begin{bmatrix} 
-1 & -5 & -1 \\ 
2 & -1 & 3 \\ 
0 & -1 & 4 
\end{bmatrix}
\]

The determinant of \( M_{12} \) is:

\[
\det(M_{12}) = -1 \cdot \det\begin{bmatrix} -1 & 3 \\ -1 & 4 \end{bmatrix} - (-5) \cdot \det\begin{bmatrix} 2 & 3 \\ 0 & 4 \end{bmatrix} + (-1) \cdot \det\begin{bmatrix} 2 & -1 \\ 0 & -1 \end{bmatrix}
\]

Calculating each \(2 \times 2\) determinant:

\[
\det\begin{bmatrix} -1 & 3 \\ -1 & 4 \end{bmatrix} = -1
\]

\[
\det\begin{bmatrix} 2 & 3 \\ 0 & 4 \end{bmatrix} = (2)(4) - (3)(0) = 8
\]

\[
\det\begin{bmatrix} 2 & -1 \\ 0 & -1 \end{bmatrix} = (2)(-1) - (-1)(0) = -2
\]

Substituting back:

\[
\det(M_{12}) = -1(-1) - (-5)(8) + (-1)(-2) = 1 + 40 + 2 = 43
\]

Thus, the cofactor \( C_{12} \) is:

\[
C_{12} = (-1)^{1+2} \cdot 43 = -43
\]

### Step 3: Calculate \( C_{13} \)

The submatrix \( M_{13} \) is:

\[
M_{13} = \begin{bmatrix} 
-1 & 0 & -1 \\ 
2 & -5 & 3 \\ 
0 & 0 & 4 
\end{bmatrix}
\]

The determinant of \( M_{13} \) is:

\[
\det(M_{13}) = -1 \cdot \det\begin{bmatrix} -5 & 3 \\ 0 & 4 \end{bmatrix} - 0 \cdot \det\begin{bmatrix} 2 & 3 \\ 0 & 4 \end{bmatrix} + (-1) \cdot \det\begin{bmatrix} 2 & -5 \\ 0 & 0 \end{bmatrix}
\]

Calculating each \(2 \times 2\) determinant:

\[
\det\begin{bmatrix} -5 & 3 \\ 0 & 4 \end{bmatrix} = -20
\]

\[
\det\begin{bmatrix} 2 & 3 \\ 0 & 4 \end{bmatrix} = 8
\]

\[
\det\begin{bmatrix} 2 & -5 \\ 0 & 0 \end{bmatrix} = 0
\]

Substituting back:

\[
\det(M_{13}) = -1(-20) - 0 + (-1)(0) = 20
\]

Thus, the cofactor \( C_{13} \) is:

\[
C_{13} = (-1)^{1+3} \cdot 20 = 20
\]

### Final Calculation

Substituting the cofactors back into the determinant expansion:

\[
\det(A) = -5(-105) + 1(-43) + 5(20) + 0
\]

\[
= 525 - 43 + 100
\]

\[
= 582
\]

Thus, the determinant of the matrix \( A \) is \(\boxed{582}\).","To find the determinant of the \(4 \times 4\) matrix \( A \), we can use cofactor expansion along the first row. The matrix \( A \) is given by:

\[
A = \begin{bmatrix} 
-5 & 1 & 5 & 0 \\ 
-1 & 0 & -5 & -1 \\ 
2 & -5 & -1 & 3 \\ 
0 & 0 & -1 & 4 
\end{bmatrix}
\]

The determinant of \( A \), denoted as \(\det(A)\), can be expanded along the first row:

\[
\det(A) = -5 \cdot C_{11} + 1 \cdot C_{12} + 5 \cdot C_{13} + 0 \cdot C_{14}
\]

where \( C_{ij} \) is the cofactor of the element \( a_{ij} \). The cofactor \( C_{ij} \) is given by:

\[
C_{ij} = (-1)^{i+j} \det(M_{ij})
\]

where \( M_{ij} \) is the \((n-1) \times (n-1)\) submatrix obtained by deleting the \(i\)-th row and \(j\)-th column from \( A \).

### Step 1: Calculate \( C_{11} \)

The submatrix \( M_{11} \) is:

\[
M_{11} = \begin{bmatrix} 
0 & -5 & -1 \\ 
-5 & -1 & 3 \\ 
0 & -1 & 4 
\end{bmatrix}
\]

The determinant of \( M_{11} \) is:

\[
\det(M_{11}) = 0 \cdot \det\begin{bmatrix} -1 & 3 \\ -1 & 4 \end{bmatrix} - (-5) \cdot \det\begin{bmatrix} -5 & 3 \\ 0 & 4 \end{bmatrix} + (-1) \cdot \det\begin{bmatrix} -5 & -1 \\ 0 & -1 \end{bmatrix}
\]

Calculating each \(2 \times 2\) determinant:

\[
\det\begin{bmatrix} -1 & 3 \\ -1 & 4 \end{bmatrix} = (-1)(4) - (3)(-1) = -4 + 3 = -1
\]

\[
\det\begin{bmatrix} -5 & 3 \\ 0 & 4 \end{bmatrix} = (-5)(4) - (3)(0) = -20
\]

\[
\det\begin{bmatrix} -5 & -1 \\ 0 & -1 \end{bmatrix} = (-5)(-1) - (-1)(0) = 5
\]

Substituting back:

\[
\det(M_{11}) = 0 - (-5)(-20) + (-1)(5) = 0 - 100 - 5 = -105
\]

Thus, the cofactor \( C_{11} \) is:

\[
C_{11} = (-1)^{1+1} \cdot (-105) = 1 \cdot (-105) = -105
\]

### Step 2: Calculate \( C_{12} \)

The submatrix \( M_{12} \) is:

\[
M_{12} = \begin{bmatrix} 
-1 & -5 & -1 \\ 
2 & -1 & 3 \\ 
0 & -1 & 4 
\end{bmatrix}
\]

The determinant of \( M_{12} \) is:

\[
\det(M_{12}) = -1 \cdot \det\begin{bmatrix} -1 & 3 \\ -1 & 4 \end{bmatrix} - (-5) \cdot \det\begin{bmatrix} 2 & 3 \\ 0 & 4 \end{bmatrix} + (-1) \cdot \det\begin{bmatrix} 2 & -1 \\ 0 & -1 \end{bmatrix}
\]

Calculating each \(2 \times 2\) determinant:

\[
\det\begin{bmatrix} -1 & 3 \\ -1 & 4 \end{bmatrix} = -1
\]

\[
\det\begin{bmatrix} 2 & 3 \\ 0 & 4 \end{bmatrix} = (2)(4) - (3)(0) = 8
\]

\[
\det\begin{bmatrix} 2 & -1 \\ 0 & -1 \end{bmatrix} = (2)(-1) - (-1)(0) = -2
\]

Substituting back:

\[
\det(M_{12}) = -1(-1) - (-5)(8) + (-1)(-2) = 1 + 40 + 2 = 43
\]

Thus, the cofactor \( C_{12} \) is:

\[
C_{12} = (-1)^{1+2} \cdot 43 = -43
\]

### Step 3: Calculate \( C_{13} \)

The submatrix \( M_{13} \) is:

\[
M_{13} = \begin{bmatrix} 
-1 & 0 & -1 \\ 
2 & -5 & 3 \\ 
0 & 0 & 4 
\end{bmatrix}
\]

The determinant of \( M_{13} \) is:

\[
\det(M_{13}) = -1 \cdot \det\begin{bmatrix} -5 & 3 \\ 0 & 4 \end{bmatrix} - 0 \cdot \det\begin{bmatrix} 2 & 3 \\ 0 & 4 \end{bmatrix} + (-1) \cdot \det\begin{bmatrix} 2 & -5 \\ 0 & 0 \end{bmatrix}
\]

Calculating each \(2 \times 2\) determinant:

\[
\det\begin{bmatrix} -5 & 3 \\ 0 & 4 \end{bmatrix} = -20
\]

\[
\det\begin{bmatrix} 2 & 3 \\ 0 & 4 \end{bmatrix} = 8
\]

\[
\det\begin{bmatrix} 2 & -5 \\ 0 & 0 \end{bmatrix} = 0
\]

Substituting back:

\[
\det(M_{13}) = -1(-20) - 0 + (-1)(0) = 20
\]

Thus, the cofactor \( C_{13} \) is:

\[
C_{13} = (-1)^{1+3} \cdot 20 = 20
\]

### Final Calculation

Substituting the cofactors back into the determinant expansion:

\[
\det(A) = -5(-105) + 1(-43) + 5(20) + 0
\]

\[
= 525 - 43 + 100
\]

\[
= 582
\]

Thus, the determinant of the matrix \( A \) is \(\boxed{582}\).",det(A) = -5 \cdot C_{11} [+] 1 \cdot C_{12} + 5 \cdot,466,agent_c1_leftright,high,sign between 1st (-5 C_11) and 2nd (+1 C_12) term; leading -5 is entry value,PASS
NC_4x4_det_321,Phi-4,determinant,4,,,correct,\det(A) = -148,-,+,840,"<|im_start|>system<|im_sep|>You are a precise mathematical assistant. Show all computation steps clearly. Always put your final numerical answer inside \boxed{}.<|im_end|><|im_start|>user<|im_sep|>Solve this linear algebra problem. Show your work and give the final answer.

Find the determinant of the 4×4 matrix A.

A = \begin{bmatrix} 0 & -4 & 2 & 2 \\ -5 & -5 & 2 & 1 \\ -1 & 5 & 4 & -3 \\ 3 & -2 & 2 & 3 \end{bmatrix}

<|im_end|><|im_start|>assistant<|im_sep|>To find the determinant of the \(4 \times 4\) matrix \(A\), we can use cofactor expansion along the first row. The matrix \(A\) is given by:

\[
A = \begin{bmatrix} 
0 & -4 & 2 & 2 \\ 
-5 & -5 & 2 & 1 \\ 
-1 & 5 & 4 & -3 \\ 
3 & -2 & 2 & 3 
\end{bmatrix}
\]

The determinant of \(A\), denoted as \(\det(A)\), can be expanded along the first row:

\[
\det(A) = 0 \cdot C_{11} - 4 \cdot C_{12} + 2 \cdot C_{13} + 2 \cdot C_{14}
\]

where \(C_{ij}\) is the cofactor of the element \(a_{ij}\). The cofactor \(C_{ij}\) is given by:

\[
C_{ij} = (-1)^{i+j} \det(M_{ij})
\]

where \(M_{ij}\) is the \((n-1) \times (n-1)\) submatrix obtained by deleting the \(i\)-th row and \(j\)-th column from \(A\).

### Step 1: Calculate \(C_{12}\)

The submatrix \(M_{12}\) is obtained by deleting the first row and second column:

\[
M_{12} = \begin{bmatrix} 
-5 & 2 & 1 \\ 
-1 & 4 & -3 \\ 
3 & 2 & 3 
\end{bmatrix}
\]

The determinant of \(M_{12}\) is:

\[
\det(M_{12}) = -5 \begin{vmatrix} 4 & -3 \\ 2 & 3 \end{vmatrix} - 2 \begin{vmatrix} -1 & -3 \\ 3 & 3 \end{vmatrix} + 1 \begin{vmatrix} -1 & 4 \\ 3 & 2 \end{vmatrix}
\]

Calculating each \(2 \times 2\) determinant:

\[
\begin{vmatrix} 4 & -3 \\ 2 & 3 \end{vmatrix} = (4)(3) - (-3)(2) = 12 + 6 = 18
\]

\[
\begin{vmatrix} -1 & -3 \\ 3 & 3 \end{vmatrix} = (-1)(3) - (-3)(3) = -3 + 9 = 6
\]

\[
\begin{vmatrix} -1 & 4 \\ 3 & 2 \end{vmatrix} = (-1)(2) - (4)(3) = -2 - 12 = -14
\]

Substituting back:

\[
\det(M_{12}) = -5(18) - 2(6) + 1(-14) = -90 - 12 - 14 = -116
\]

Thus, the cofactor \(C_{12}\) is:

\[
C_{12} = (-1)^{1+2} \det(M_{12}) = (-1)^3 (-116) = 116
\]

### Step 2: Calculate \(C_{13}\)

The submatrix \(M_{13}\) is obtained by deleting the first row and third column:

\[
M_{13} = \begin{bmatrix} 
-5 & -5 & 1 \\ 
-1 & 5 & -3 \\ 
3 & -2 & 3 
\end{bmatrix}
\]

The determinant of \(M_{13}\) is:

\[
\det(M_{13}) = -5 \begin{vmatrix} 5 & -3 \\ -2 & 3 \end{vmatrix} + 5 \begin{vmatrix} -1 & -3 \\ 3 & 3 \end{vmatrix} + 1 \begin{vmatrix} -1 & 5 \\ 3 & -2 \end{vmatrix}
\]

Calculating each \(2 \times 2\) determinant:

\[
\begin{vmatrix} 5 & -3 \\ -2 & 3 \end{vmatrix} = (5)(3) - (-3)(-2) = 15 - 6 = 9
\]

\[
\begin{vmatrix} -1 & -3 \\ 3 & 3 \end{vmatrix} = (-1)(3) - (-3)(3) = -3 + 9 = 6
\]

\[
\begin{vmatrix} -1 & 5 \\ 3 & -2 \end{vmatrix} = (-1)(-2) - (5)(3) = 2 - 15 = -13
\]

Substituting back:

\[
\det(M_{13}) = -5(9) + 5(6) + 1(-13) = -45 + 30 - 13 = -28
\]

Thus, the cofactor \(C_{13}\) is:

\[
C_{13} = (-1)^{1+3} \det(M_{13}) = (-1)^4 (-28) = -28
\]

### Step 3: Calculate \(C_{14}\)

The submatrix \(M_{14}\) is obtained by deleting the first row and fourth column:

\[
M_{14} = \begin{bmatrix} 
-5 & -5 & 2 \\ 
-1 & 5 & 4 \\ 
3 & -2 & 2 
\end{bmatrix}
\]

The determinant of \(M_{14}\) is:

\[
\det(M_{14}) = -5 \begin{vmatrix} 5 & 4 \\ -2 & 2 \end{vmatrix} + 5 \begin{vmatrix} -1 & 4 \\ 3 & 2 \end{vmatrix} + 2 \begin{vmatrix} -1 & 5 \\ 3 & -2 \end{vmatrix}
\]

Calculating each \(2 \times 2\) determinant:

\[
\begin{vmatrix} 5 & 4 \\ -2 & 2 \end{vmatrix} = (5)(2) - (4)(-2) = 10 + 8 = 18
\]

\[
\begin{vmatrix} -1 & 4 \\ 3 & 2 \end{vmatrix} = (-1)(2) - (4)(3) = -2 - 12 = -14
\]

\[
\begin{vmatrix} -1 & 5 \\ 3 & -2 \end{vmatrix} = (-1)(-2) - (5)(3) = 2 - 15 = -13
\]

Substituting back:

\[
\det(M_{14}) = -5(18) + 5(-14) + 2(-13) = -90 - 70 - 26 = -186
\]

Thus, the cofactor \(C_{14}\) is:

\[
C_{14} = (-1)^{1+4} \det(M_{14}) = (-1)^5 (-186) = 186
\]

### Final Calculation

Substitute the cofactors back into the determinant expansion:

\[
\det(A) = 0 \cdot C_{11} - 4 \cdot 116 + 2 \cdot (-28) + 2 \cdot 186
\]

\[
= 0 - 464 - 56 + 372
\]

\[
= -464 - 56 + 372 = -520 + 372 = -148
\]

Thus, the determinant of the matrix \(A\) is:

\[
\boxed{-148}
\]","To find the determinant of the \(4 \times 4\) matrix \(A\), we can use cofactor expansion along the first row. The matrix \(A\) is given by:

\[
A = \begin{bmatrix} 
0 & -4 & 2 & 2 \\ 
-5 & -5 & 2 & 1 \\ 
-1 & 5 & 4 & -3 \\ 
3 & -2 & 2 & 3 
\end{bmatrix}
\]

The determinant of \(A\), denoted as \(\det(A)\), can be expanded along the first row:

\[
\det(A) = 0 \cdot C_{11} - 4 \cdot C_{12} + 2 \cdot C_{13} + 2 \cdot C_{14}
\]

where \(C_{ij}\) is the cofactor of the element \(a_{ij}\). The cofactor \(C_{ij}\) is given by:

\[
C_{ij} = (-1)^{i+j} \det(M_{ij})
\]

where \(M_{ij}\) is the \((n-1) \times (n-1)\) submatrix obtained by deleting the \(i\)-th row and \(j\)-th column from \(A\).

### Step 1: Calculate \(C_{12}\)

The submatrix \(M_{12}\) is obtained by deleting the first row and second column:

\[
M_{12} = \begin{bmatrix} 
-5 & 2 & 1 \\ 
-1 & 4 & -3 \\ 
3 & 2 & 3 
\end{bmatrix}
\]

The determinant of \(M_{12}\) is:

\[
\det(M_{12}) = -5 \begin{vmatrix} 4 & -3 \\ 2 & 3 \end{vmatrix} - 2 \begin{vmatrix} -1 & -3 \\ 3 & 3 \end{vmatrix} + 1 \begin{vmatrix} -1 & 4 \\ 3 & 2 \end{vmatrix}
\]

Calculating each \(2 \times 2\) determinant:

\[
\begin{vmatrix} 4 & -3 \\ 2 & 3 \end{vmatrix} = (4)(3) - (-3)(2) = 12 + 6 = 18
\]

\[
\begin{vmatrix} -1 & -3 \\ 3 & 3 \end{vmatrix} = (-1)(3) - (-3)(3) = -3 + 9 = 6
\]

\[
\begin{vmatrix} -1 & 4 \\ 3 & 2 \end{vmatrix} = (-1)(2) - (4)(3) = -2 - 12 = -14
\]

Substituting back:

\[
\det(M_{12}) = -5(18) - 2(6) + 1(-14) = -90 - 12 - 14 = -116
\]

Thus, the cofactor \(C_{12}\) is:

\[
C_{12} = (-1)^{1+2} \det(M_{12}) = (-1)^3 (-116) = 116
\]

### Step 2: Calculate \(C_{13}\)

The submatrix \(M_{13}\) is obtained by deleting the first row and third column:

\[
M_{13} = \begin{bmatrix} 
-5 & -5 & 1 \\ 
-1 & 5 & -3 \\ 
3 & -2 & 3 
\end{bmatrix}
\]

The determinant of \(M_{13}\) is:

\[
\det(M_{13}) = -5 \begin{vmatrix} 5 & -3 \\ -2 & 3 \end{vmatrix} + 5 \begin{vmatrix} -1 & -3 \\ 3 & 3 \end{vmatrix} + 1 \begin{vmatrix} -1 & 5 \\ 3 & -2 \end{vmatrix}
\]

Calculating each \(2 \times 2\) determinant:

\[
\begin{vmatrix} 5 & -3 \\ -2 & 3 \end{vmatrix} = (5)(3) - (-3)(-2) = 15 - 6 = 9
\]

\[
\begin{vmatrix} -1 & -3 \\ 3 & 3 \end{vmatrix} = (-1)(3) - (-3)(3) = -3 + 9 = 6
\]

\[
\begin{vmatrix} -1 & 5 \\ 3 & -2 \end{vmatrix} = (-1)(-2) - (5)(3) = 2 - 15 = -13
\]

Substituting back:

\[
\det(M_{13}) = -5(9) + 5(6) + 1(-13) = -45 + 30 - 13 = -28
\]

Thus, the cofactor \(C_{13}\) is:

\[
C_{13} = (-1)^{1+3} \det(M_{13}) = (-1)^4 (-28) = -28
\]

### Step 3: Calculate \(C_{14}\)

The submatrix \(M_{14}\) is obtained by deleting the first row and fourth column:

\[
M_{14} = \begin{bmatrix} 
-5 & -5 & 2 \\ 
-1 & 5 & 4 \\ 
3 & -2 & 2 
\end{bmatrix}
\]

The determinant of \(M_{14}\) is:

\[
\det(M_{14}) = -5 \begin{vmatrix} 5 & 4 \\ -2 & 2 \end{vmatrix} + 5 \begin{vmatrix} -1 & 4 \\ 3 & 2 \end{vmatrix} + 2 \begin{vmatrix} -1 & 5 \\ 3 & -2 \end{vmatrix}
\]

Calculating each \(2 \times 2\) determinant:

\[
\begin{vmatrix} 5 & 4 \\ -2 & 2 \end{vmatrix} = (5)(2) - (4)(-2) = 10 + 8 = 18
\]

\[
\begin{vmatrix} -1 & 4 \\ 3 & 2 \end{vmatrix} = (-1)(2) - (4)(3) = -2 - 12 = -14
\]

\[
\begin{vmatrix} -1 & 5 \\ 3 & -2 \end{vmatrix} = (-1)(-2) - (5)(3) = 2 - 15 = -13
\]

Substituting back:

\[
\det(M_{14}) = -5(18) + 5(-14) + 2(-13) = -90 - 70 - 26 = -186
\]

Thus, the cofactor \(C_{14}\) is:

\[
C_{14} = (-1)^{1+4} \det(M_{14}) = (-1)^5 (-186) = 186
\]

### Final Calculation

Substitute the cofactors back into the determinant expansion:

\[
\det(A) = 0 \cdot C_{11} - 4 \cdot 116 + 2 \cdot (-28) + 2 \cdot 186
\]

\[
= 0 - 464 - 56 + 372
\]

\[
= -464 - 56 + 372 = -520 + 372 = -148
\]

Thus, the determinant of the matrix \(A\) is:

\[
\boxed{-148}
\]",\det(A) = 0 \cdot C_{11} [-] 4 \cdot C_{12} + 2 \cdot,465,agent_c1_leftright,high,sign between 1st and 2nd term of concrete 4x4 expansion,PASS
NC_4x4_det_323,Phi-4,determinant,4,,,correct,\det(A) = -100,-,+,855,"<|im_start|>system<|im_sep|>You are a precise mathematical assistant. Show all computation steps clearly. Always put your final numerical answer inside \boxed{}.<|im_end|><|im_start|>user<|im_sep|>Solve this linear algebra problem. Show your work and give the final answer.

Find the determinant of the 4×4 matrix A.

A = \begin{bmatrix} 0 & -4 & -4 & -4 \\ -4 & -1 & -5 & 4 \\ -1 & -4 & -1 & -3 \\ 2 & 1 & 4 & 0 \end{bmatrix}

<|im_end|><|im_start|>assistant<|im_sep|>To find the determinant of the \(4 \times 4\) matrix \( A \), we will use cofactor expansion along the first row. The matrix \( A \) is given by:

\[
A = \begin{bmatrix} 
0 & -4 & -4 & -4 \\ 
-4 & -1 & -5 & 4 \\ 
-1 & -4 & -1 & -3 \\ 
2 & 1 & 4 & 0 
\end{bmatrix}
\]

The determinant of \( A \), denoted as \(\det(A)\), can be expanded along the first row:

\[
\det(A) = 0 \cdot C_{11} - 4 \cdot C_{12} - 4 \cdot C_{13} - 4 \cdot C_{14}
\]

where \( C_{ij} \) is the cofactor of the element \( a_{ij} \). The cofactor \( C_{ij} \) is given by:

\[
C_{ij} = (-1)^{i+j} \det(M_{ij})
\]

where \( M_{ij} \) is the \((n-1) \times (n-1)\) submatrix obtained by deleting the \(i\)-th row and \(j\)-th column from \( A \).

### Calculation of Cofactors

#### Cofactor \( C_{12} \)

The submatrix \( M_{12} \) is:

\[
M_{12} = \begin{bmatrix} 
-4 & -5 & 4 \\ 
-1 & -1 & -3 \\ 
2 & 4 & 0 
\end{bmatrix}
\]

The determinant of \( M_{12} \) is:

\[
\det(M_{12}) = -4 \begin{vmatrix} -1 & -3 \\ 4 & 0 \end{vmatrix} - (-5) \begin{vmatrix} -1 & -3 \\ 2 & 0 \end{vmatrix} + 4 \begin{vmatrix} -1 & -1 \\ 2 & 4 \end{vmatrix}
\]

Calculating each \(2 \times 2\) determinant:

\[
\begin{vmatrix} -1 & -3 \\ 4 & 0 \end{vmatrix} = (-1)(0) - (-3)(4) = 12
\]

\[
\begin{vmatrix} -1 & -3 \\ 2 & 0 \end{vmatrix} = (-1)(0) - (-3)(2) = 6
\]

\[
\begin{vmatrix} -1 & -1 \\ 2 & 4 \end{vmatrix} = (-1)(4) - (-1)(2) = -4 + 2 = -2
\]

Substituting back:

\[
\det(M_{12}) = -4(12) + 5(6) + 4(-2) = -48 + 30 - 8 = -26
\]

Thus, the cofactor \( C_{12} \) is:

\[
C_{12} = (-1)^{1+2} \det(M_{12}) = (-1)^3 (-26) = 26
\]

#### Cofactor \( C_{13} \)

The submatrix \( M_{13} \) is:

\[
M_{13} = \begin{bmatrix} 
-4 & -1 & 4 \\ 
-1 & -4 & -3 \\ 
2 & 1 & 0 
\end{bmatrix}
\]

The determinant of \( M_{13} \) is:

\[
\det(M_{13}) = -4 \begin{vmatrix} -4 & -3 \\ 1 & 0 \end{vmatrix} - (-1) \begin{vmatrix} -1 & -3 \\ 2 & 0 \end{vmatrix} + 4 \begin{vmatrix} -1 & -4 \\ 2 & 1 \end{vmatrix}
\]

Calculating each \(2 \times 2\) determinant:

\[
\begin{vmatrix} -4 & -3 \\ 1 & 0 \end{vmatrix} = (-4)(0) - (-3)(1) = 3
\]

\[
\begin{vmatrix} -1 & -3 \\ 2 & 0 \end{vmatrix} = 6 \quad \text{(calculated earlier)}
\]

\[
\begin{vmatrix} -1 & -4 \\ 2 & 1 \end{vmatrix} = (-1)(1) - (-4)(2) = -1 + 8 = 7
\]

Substituting back:

\[
\det(M_{13}) = -4(3) + 1(6) + 4(7) = -12 + 6 + 28 = 22
\]

Thus, the cofactor \( C_{13} \) is:

\[
C_{13} = (-1)^{1+3} \det(M_{13}) = (-1)^4 (22) = 22
\]

#### Cofactor \( C_{14} \)

The submatrix \( M_{14} \) is:

\[
M_{14} = \begin{bmatrix} 
-4 & -1 & -5 \\ 
-1 & -4 & -1 \\ 
2 & 1 & 4 
\end{bmatrix}
\]

The determinant of \( M_{14} \) is:

\[
\det(M_{14}) = -4 \begin{vmatrix} -4 & -1 \\ 1 & 4 \end{vmatrix} - (-1) \begin{vmatrix} -1 & -1 \\ 2 & 4 \end{vmatrix} - 5 \begin{vmatrix} -1 & -4 \\ 2 & 1 \end{vmatrix}
\]

Calculating each \(2 \times 2\) determinant:

\[
\begin{vmatrix} -4 & -1 \\ 1 & 4 \end{vmatrix} = (-4)(4) - (-1)(1) = -16 + 1 = -15
\]

\[
\begin{vmatrix} -1 & -1 \\ 2 & 4 \end{vmatrix} = -2 \quad \text{(calculated earlier)}
\]

\[
\begin{vmatrix} -1 & -4 \\ 2 & 1 \end{vmatrix} = 7 \quad \text{(calculated earlier)}
\]

Substituting back:

\[
\det(M_{14}) = -4(-15) + 1(-2) - 5(7) = 60 - 2 - 35 = 23
\]

Thus, the cofactor \( C_{14} \) is:

\[
C_{14} = (-1)^{1+4} \det(M_{14}) = (-1)^5 (23) = -23
\]

### Final Calculation

Substituting the cofactors back into the determinant expansion:

\[
\det(A) = 0 \cdot C_{11} - 4 \cdot 26 - 4 \cdot 22 - 4 \cdot (-23)
\]

\[
= 0 - 104 - 88 + 92
\]

\[
= -104 - 88 + 92 = -100
\]

Thus, the determinant of the matrix \( A \) is:

\[
\boxed{-100}
\]","To find the determinant of the \(4 \times 4\) matrix \( A \), we will use cofactor expansion along the first row. The matrix \( A \) is given by:

\[
A = \begin{bmatrix} 
0 & -4 & -4 & -4 \\ 
-4 & -1 & -5 & 4 \\ 
-1 & -4 & -1 & -3 \\ 
2 & 1 & 4 & 0 
\end{bmatrix}
\]

The determinant of \( A \), denoted as \(\det(A)\), can be expanded along the first row:

\[
\det(A) = 0 \cdot C_{11} - 4 \cdot C_{12} - 4 \cdot C_{13} - 4 \cdot C_{14}
\]

where \( C_{ij} \) is the cofactor of the element \( a_{ij} \). The cofactor \( C_{ij} \) is given by:

\[
C_{ij} = (-1)^{i+j} \det(M_{ij})
\]

where \( M_{ij} \) is the \((n-1) \times (n-1)\) submatrix obtained by deleting the \(i\)-th row and \(j\)-th column from \( A \).

### Calculation of Cofactors

#### Cofactor \( C_{12} \)

The submatrix \( M_{12} \) is:

\[
M_{12} = \begin{bmatrix} 
-4 & -5 & 4 \\ 
-1 & -1 & -3 \\ 
2 & 4 & 0 
\end{bmatrix}
\]

The determinant of \( M_{12} \) is:

\[
\det(M_{12}) = -4 \begin{vmatrix} -1 & -3 \\ 4 & 0 \end{vmatrix} - (-5) \begin{vmatrix} -1 & -3 \\ 2 & 0 \end{vmatrix} + 4 \begin{vmatrix} -1 & -1 \\ 2 & 4 \end{vmatrix}
\]

Calculating each \(2 \times 2\) determinant:

\[
\begin{vmatrix} -1 & -3 \\ 4 & 0 \end{vmatrix} = (-1)(0) - (-3)(4) = 12
\]

\[
\begin{vmatrix} -1 & -3 \\ 2 & 0 \end{vmatrix} = (-1)(0) - (-3)(2) = 6
\]

\[
\begin{vmatrix} -1 & -1 \\ 2 & 4 \end{vmatrix} = (-1)(4) - (-1)(2) = -4 + 2 = -2
\]

Substituting back:

\[
\det(M_{12}) = -4(12) + 5(6) + 4(-2) = -48 + 30 - 8 = -26
\]

Thus, the cofactor \( C_{12} \) is:

\[
C_{12} = (-1)^{1+2} \det(M_{12}) = (-1)^3 (-26) = 26
\]

#### Cofactor \( C_{13} \)

The submatrix \( M_{13} \) is:

\[
M_{13} = \begin{bmatrix} 
-4 & -1 & 4 \\ 
-1 & -4 & -3 \\ 
2 & 1 & 0 
\end{bmatrix}
\]

The determinant of \( M_{13} \) is:

\[
\det(M_{13}) = -4 \begin{vmatrix} -4 & -3 \\ 1 & 0 \end{vmatrix} - (-1) \begin{vmatrix} -1 & -3 \\ 2 & 0 \end{vmatrix} + 4 \begin{vmatrix} -1 & -4 \\ 2 & 1 \end{vmatrix}
\]

Calculating each \(2 \times 2\) determinant:

\[
\begin{vmatrix} -4 & -3 \\ 1 & 0 \end{vmatrix} = (-4)(0) - (-3)(1) = 3
\]

\[
\begin{vmatrix} -1 & -3 \\ 2 & 0 \end{vmatrix} = 6 \quad \text{(calculated earlier)}
\]

\[
\begin{vmatrix} -1 & -4 \\ 2 & 1 \end{vmatrix} = (-1)(1) - (-4)(2) = -1 + 8 = 7
\]

Substituting back:

\[
\det(M_{13}) = -4(3) + 1(6) + 4(7) = -12 + 6 + 28 = 22
\]

Thus, the cofactor \( C_{13} \) is:

\[
C_{13} = (-1)^{1+3} \det(M_{13}) = (-1)^4 (22) = 22
\]

#### Cofactor \( C_{14} \)

The submatrix \( M_{14} \) is:

\[
M_{14} = \begin{bmatrix} 
-4 & -1 & -5 \\ 
-1 & -4 & -1 \\ 
2 & 1 & 4 
\end{bmatrix}
\]

The determinant of \( M_{14} \) is:

\[
\det(M_{14}) = -4 \begin{vmatrix} -4 & -1 \\ 1 & 4 \end{vmatrix} - (-1) \begin{vmatrix} -1 & -1 \\ 2 & 4 \end{vmatrix} - 5 \begin{vmatrix} -1 & -4 \\ 2 & 1 \end{vmatrix}
\]

Calculating each \(2 \times 2\) determinant:

\[
\begin{vmatrix} -4 & -1 \\ 1 & 4 \end{vmatrix} = (-4)(4) - (-1)(1) = -16 + 1 = -15
\]

\[
\begin{vmatrix} -1 & -1 \\ 2 & 4 \end{vmatrix} = -2 \quad \text{(calculated earlier)}
\]

\[
\begin{vmatrix} -1 & -4 \\ 2 & 1 \end{vmatrix} = 7 \quad \text{(calculated earlier)}
\]

Substituting back:

\[
\det(M_{14}) = -4(-15) + 1(-2) - 5(7) = 60 - 2 - 35 = 23
\]

Thus, the cofactor \( C_{14} \) is:

\[
C_{14} = (-1)^{1+4} \det(M_{14}) = (-1)^5 (23) = -23
\]

### Final Calculation

Substituting the cofactors back into the determinant expansion:

\[
\det(A) = 0 \cdot C_{11} - 4 \cdot 26 - 4 \cdot 22 - 4 \cdot (-23)
\]

\[
= 0 - 104 - 88 + 92
\]

\[
= -104 - 88 + 92 = -100
\]

Thus, the determinant of the matrix \( A \) is:

\[
\boxed{-100}
\]",\det(A) = 0 \cdot C_{11} [-] 4 \cdot C_{12} - 4 \cdot,469,agent_c1_leftright,high,sign between 1st and 2nd term of concrete 4x4 expansion,PASS
NC_4x4_det_353,Phi-4,determinant,4,,,correct,\det(A) = 861,-,+,854,"<|im_start|>system<|im_sep|>You are a precise mathematical assistant. Show all computation steps clearly. Always put your final numerical answer inside \boxed{}.<|im_end|><|im_start|>user<|im_sep|>Solve this linear algebra problem. Show your work and give the final answer.

Find the determinant of the 4×4 matrix A.

A = \begin{bmatrix} 0 & -5 & 4 & -5 \\ -1 & -5 & -4 & -5 \\ -4 & -4 & 4 & 1 \\ -1 & 4 & -3 & 0 \end{bmatrix}

<|im_end|><|im_start|>assistant<|im_sep|>To find the determinant of the \(4 \times 4\) matrix \( A \), we can use cofactor expansion along the first row. The matrix \( A \) is given by:

\[
A = \begin{bmatrix} 
0 & -5 & 4 & -5 \\ 
-1 & -5 & -4 & -5 \\ 
-4 & -4 & 4 & 1 \\ 
-1 & 4 & -3 & 0 
\end{bmatrix}
\]

The determinant of \( A \), denoted as \(\det(A)\), can be expanded along the first row:

\[
\det(A) = 0 \cdot C_{11} - 5 \cdot C_{12} + 4 \cdot C_{13} - 5 \cdot C_{14}
\]

where \( C_{ij} \) is the cofactor of the element in the \(i\)-th row and \(j\)-th column. The cofactor \( C_{ij} \) is given by:

\[
C_{ij} = (-1)^{i+j} \det(M_{ij})
\]

where \( M_{ij} \) is the \((n-1) \times (n-1)\) submatrix obtained by deleting the \(i\)-th row and \(j\)-th column from \( A \).

### Step 1: Calculate \( C_{12} \)

The submatrix \( M_{12} \) is obtained by removing the first row and second column:

\[
M_{12} = \begin{bmatrix} 
-1 & -4 & -5 \\ 
-4 & 4 & 1 \\ 
-1 & -3 & 0 
\end{bmatrix}
\]

The determinant of \( M_{12} \) is:

\[
\det(M_{12}) = \begin{vmatrix} 
-1 & -4 & -5 \\ 
-4 & 4 & 1 \\ 
-1 & -3 & 0 
\end{vmatrix}
\]

Expanding along the first row:

\[
\det(M_{12}) = -1 \begin{vmatrix} 4 & 1 \\ -3 & 0 \end{vmatrix} - (-4) \begin{vmatrix} -4 & 1 \\ -1 & 0 \end{vmatrix} - 5 \begin{vmatrix} -4 & 4 \\ -1 & -3 \end{vmatrix}
\]

Calculating each \(2 \times 2\) determinant:

\[
\begin{vmatrix} 4 & 1 \\ -3 & 0 \end{vmatrix} = (4)(0) - (1)(-3) = 3
\]

\[
\begin{vmatrix} -4 & 1 \\ -1 & 0 \end{vmatrix} = (-4)(0) - (1)(-1) = 1
\]

\[
\begin{vmatrix} -4 & 4 \\ -1 & -3 \end{vmatrix} = (-4)(-3) - (4)(-1) = 12 + 4 = 16
\]

Substituting back:

\[
\det(M_{12}) = -1(3) + 4(1) - 5(16) = -3 + 4 - 80 = -79
\]

Thus, the cofactor \( C_{12} \) is:

\[
C_{12} = (-1)^{1+2} \det(M_{12}) = (-1)^3 (-79) = 79
\]

### Step 2: Calculate \( C_{13} \)

The submatrix \( M_{13} \) is obtained by removing the first row and third column:

\[
M_{13} = \begin{bmatrix} 
-1 & -5 & -5 \\ 
-4 & -4 & 1 \\ 
-1 & 4 & 0 
\end{bmatrix}
\]

The determinant of \( M_{13} \) is:

\[
\det(M_{13}) = \begin{vmatrix} 
-1 & -5 & -5 \\ 
-4 & -4 & 1 \\ 
-1 & 4 & 0 
\end{vmatrix}
\]

Expanding along the first row:

\[
\det(M_{13}) = -1 \begin{vmatrix} -4 & 1 \\ 4 & 0 \end{vmatrix} - (-5) \begin{vmatrix} -4 & 1 \\ -1 & 0 \end{vmatrix} - 5 \begin{vmatrix} -4 & -4 \\ -1 & 4 \end{vmatrix}
\]

Calculating each \(2 \times 2\) determinant:

\[
\begin{vmatrix} -4 & 1 \\ 4 & 0 \end{vmatrix} = (-4)(0) - (1)(4) = -4
\]

\[
\begin{vmatrix} -4 & 1 \\ -1 & 0 \end{vmatrix} = (-4)(0) - (1)(-1) = 1
\]

\[
\begin{vmatrix} -4 & -4 \\ -1 & 4 \end{vmatrix} = (-4)(4) - (-4)(-1) = -16 - 4 = -20
\]

Substituting back:

\[
\det(M_{13}) = -1(-4) + 5(1) - 5(-20) = 4 + 5 + 100 = 109
\]

Thus, the cofactor \( C_{13} \) is:

\[
C_{13} = (-1)^{1+3} \det(M_{13}) = (-1)^4 (109) = 109
\]

### Step 3: Calculate \( C_{14} \)

The submatrix \( M_{14} \) is obtained by removing the first row and fourth column:

\[
M_{14} = \begin{bmatrix} 
-1 & -5 & -4 \\ 
-4 & -4 & 4 \\ 
-1 & 4 & -3 
\end{bmatrix}
\]

The determinant of \( M_{14} \) is:

\[
\det(M_{14}) = \begin{vmatrix} 
-1 & -5 & -4 \\ 
-4 & -4 & 4 \\ 
-1 & 4 & -3 
\end{vmatrix}
\]

Expanding along the first row:

\[
\det(M_{14}) = -1 \begin{vmatrix} -4 & 4 \\ 4 & -3 \end{vmatrix} - (-5) \begin{vmatrix} -4 & 4 \\ -1 & -3 \end{vmatrix} - 4 \begin{vmatrix} -4 & -4 \\ -1 & 4 \end{vmatrix}
\]

Calculating each \(2 \times 2\) determinant:

\[
\begin{vmatrix} -4 & 4 \\ 4 & -3 \end{vmatrix} = (-4)(-3) - (4)(4) = 12 - 16 = -4
\]

\[
\begin{vmatrix} -4 & 4 \\ -1 & -3 \end{vmatrix} = (-4)(-3) - (4)(-1) = 12 + 4 = 16
\]

\[
\begin{vmatrix} -4 & -4 \\ -1 & 4 \end{vmatrix} = (-4)(4) - (-4)(-1) = -16 - 4 = -20
\]

Substituting back:

\[
\det(M_{14}) = -1(-4) + 5(16) - 4(-20) = 4 + 80 + 80 = 164
\]

Thus, the cofactor \( C_{14} \) is:

\[
C_{14} = (-1)^{1+4} \det(M_{14}) = (-1)^5 (164) = -164
\]

### Final Calculation

Substitute the cofactors back into the determinant expansion:

\[
\det(A) = 0 \cdot C_{11} - 5 \cdot C_{12} + 4 \cdot C_{13} - 5 \cdot C_{14}
\]

\[
\det(A) = 0 - 5(79) + 4(109) - 5(-164)
\]

\[
\det(A) = -395 + 436 + 820
\]

\[
\det(A) = 861
\]

Thus, the determinant of the matrix \( A \) is \(\boxed{861}\).","To find the determinant of the \(4 \times 4\) matrix \( A \), we can use cofactor expansion along the first row. The matrix \( A \) is given by:

\[
A = \begin{bmatrix} 
0 & -5 & 4 & -5 \\ 
-1 & -5 & -4 & -5 \\ 
-4 & -4 & 4 & 1 \\ 
-1 & 4 & -3 & 0 
\end{bmatrix}
\]

The determinant of \( A \), denoted as \(\det(A)\), can be expanded along the first row:

\[
\det(A) = 0 \cdot C_{11} - 5 \cdot C_{12} + 4 \cdot C_{13} - 5 \cdot C_{14}
\]

where \( C_{ij} \) is the cofactor of the element in the \(i\)-th row and \(j\)-th column. The cofactor \( C_{ij} \) is given by:

\[
C_{ij} = (-1)^{i+j} \det(M_{ij})
\]

where \( M_{ij} \) is the \((n-1) \times (n-1)\) submatrix obtained by deleting the \(i\)-th row and \(j\)-th column from \( A \).

### Step 1: Calculate \( C_{12} \)

The submatrix \( M_{12} \) is obtained by removing the first row and second column:

\[
M_{12} = \begin{bmatrix} 
-1 & -4 & -5 \\ 
-4 & 4 & 1 \\ 
-1 & -3 & 0 
\end{bmatrix}
\]

The determinant of \( M_{12} \) is:

\[
\det(M_{12}) = \begin{vmatrix} 
-1 & -4 & -5 \\ 
-4 & 4 & 1 \\ 
-1 & -3 & 0 
\end{vmatrix}
\]

Expanding along the first row:

\[
\det(M_{12}) = -1 \begin{vmatrix} 4 & 1 \\ -3 & 0 \end{vmatrix} - (-4) \begin{vmatrix} -4 & 1 \\ -1 & 0 \end{vmatrix} - 5 \begin{vmatrix} -4 & 4 \\ -1 & -3 \end{vmatrix}
\]

Calculating each \(2 \times 2\) determinant:

\[
\begin{vmatrix} 4 & 1 \\ -3 & 0 \end{vmatrix} = (4)(0) - (1)(-3) = 3
\]

\[
\begin{vmatrix} -4 & 1 \\ -1 & 0 \end{vmatrix} = (-4)(0) - (1)(-1) = 1
\]

\[
\begin{vmatrix} -4 & 4 \\ -1 & -3 \end{vmatrix} = (-4)(-3) - (4)(-1) = 12 + 4 = 16
\]

Substituting back:

\[
\det(M_{12}) = -1(3) + 4(1) - 5(16) = -3 + 4 - 80 = -79
\]

Thus, the cofactor \( C_{12} \) is:

\[
C_{12} = (-1)^{1+2} \det(M_{12}) = (-1)^3 (-79) = 79
\]

### Step 2: Calculate \( C_{13} \)

The submatrix \( M_{13} \) is obtained by removing the first row and third column:

\[
M_{13} = \begin{bmatrix} 
-1 & -5 & -5 \\ 
-4 & -4 & 1 \\ 
-1 & 4 & 0 
\end{bmatrix}
\]

The determinant of \( M_{13} \) is:

\[
\det(M_{13}) = \begin{vmatrix} 
-1 & -5 & -5 \\ 
-4 & -4 & 1 \\ 
-1 & 4 & 0 
\end{vmatrix}
\]

Expanding along the first row:

\[
\det(M_{13}) = -1 \begin{vmatrix} -4 & 1 \\ 4 & 0 \end{vmatrix} - (-5) \begin{vmatrix} -4 & 1 \\ -1 & 0 \end{vmatrix} - 5 \begin{vmatrix} -4 & -4 \\ -1 & 4 \end{vmatrix}
\]

Calculating each \(2 \times 2\) determinant:

\[
\begin{vmatrix} -4 & 1 \\ 4 & 0 \end{vmatrix} = (-4)(0) - (1)(4) = -4
\]

\[
\begin{vmatrix} -4 & 1 \\ -1 & 0 \end{vmatrix} = (-4)(0) - (1)(-1) = 1
\]

\[
\begin{vmatrix} -4 & -4 \\ -1 & 4 \end{vmatrix} = (-4)(4) - (-4)(-1) = -16 - 4 = -20
\]

Substituting back:

\[
\det(M_{13}) = -1(-4) + 5(1) - 5(-20) = 4 + 5 + 100 = 109
\]

Thus, the cofactor \( C_{13} \) is:

\[
C_{13} = (-1)^{1+3} \det(M_{13}) = (-1)^4 (109) = 109
\]

### Step 3: Calculate \( C_{14} \)

The submatrix \( M_{14} \) is obtained by removing the first row and fourth column:

\[
M_{14} = \begin{bmatrix} 
-1 & -5 & -4 \\ 
-4 & -4 & 4 \\ 
-1 & 4 & -3 
\end{bmatrix}
\]

The determinant of \( M_{14} \) is:

\[
\det(M_{14}) = \begin{vmatrix} 
-1 & -5 & -4 \\ 
-4 & -4 & 4 \\ 
-1 & 4 & -3 
\end{vmatrix}
\]

Expanding along the first row:

\[
\det(M_{14}) = -1 \begin{vmatrix} -4 & 4 \\ 4 & -3 \end{vmatrix} - (-5) \begin{vmatrix} -4 & 4 \\ -1 & -3 \end{vmatrix} - 4 \begin{vmatrix} -4 & -4 \\ -1 & 4 \end{vmatrix}
\]

Calculating each \(2 \times 2\) determinant:

\[
\begin{vmatrix} -4 & 4 \\ 4 & -3 \end{vmatrix} = (-4)(-3) - (4)(4) = 12 - 16 = -4
\]

\[
\begin{vmatrix} -4 & 4 \\ -1 & -3 \end{vmatrix} = (-4)(-3) - (4)(-1) = 12 + 4 = 16
\]

\[
\begin{vmatrix} -4 & -4 \\ -1 & 4 \end{vmatrix} = (-4)(4) - (-4)(-1) = -16 - 4 = -20
\]

Substituting back:

\[
\det(M_{14}) = -1(-4) + 5(16) - 4(-20) = 4 + 80 + 80 = 164
\]

Thus, the cofactor \( C_{14} \) is:

\[
C_{14} = (-1)^{1+4} \det(M_{14}) = (-1)^5 (164) = -164
\]

### Final Calculation

Substitute the cofactors back into the determinant expansion:

\[
\det(A) = 0 \cdot C_{11} - 5 \cdot C_{12} + 4 \cdot C_{13} - 5 \cdot C_{14}
\]

\[
\det(A) = 0 - 5(79) + 4(109) - 5(-164)
\]

\[
\det(A) = -395 + 436 + 820
\]

\[
\det(A) = 861
\]

Thus, the determinant of the matrix \( A \) is \(\boxed{861}\).",\det(A) = 0 \cdot C_{11} [-] 5 \cdot C_{12} + 4 \cdot,469,agent_c1_leftright,high,sign between 1st and 2nd term of concrete 4x4 expansion,PASS
NC_4x4_det_358,Phi-4,determinant,4,,,correct,\det(A) = -280,+,-,938,"<|im_start|>system<|im_sep|>You are a precise mathematical assistant. Show all computation steps clearly. Always put your final numerical answer inside \boxed{}.<|im_end|><|im_start|>user<|im_sep|>Solve this linear algebra problem. Show your work and give the final answer.

Find the determinant of the 4×4 matrix A.

A = \begin{bmatrix} 4 & -2 & -1 & 3 \\ 3 & -2 & 5 & -5 \\ 0 & 0 & 5 & -1 \\ 5 & -5 & 0 & 1 \end{bmatrix}

<|im_end|><|im_start|>assistant<|im_sep|>To find the determinant of the \(4 \times 4\) matrix \( A \), we can use cofactor expansion along a row or column. Here, we will expand along the third row, which contains two zeros, simplifying our calculations.

The matrix \( A \) is:

\[
A = \begin{bmatrix} 
4 & -2 & -1 & 3 \\ 
3 & -2 & 5 & -5 \\ 
0 & 0 & 5 & -1 \\ 
5 & -5 & 0 & 1 
\end{bmatrix}
\]

The determinant of \( A \), denoted as \(\det(A)\), can be expanded along the third row:

\[
\det(A) = 0 \cdot C_{31} + 0 \cdot C_{32} + 5 \cdot C_{33} + (-1) \cdot C_{34}
\]

where \( C_{ij} \) is the cofactor of the element in the \(i\)-th row and \(j\)-th column. The cofactor \( C_{ij} \) is given by:

\[
C_{ij} = (-1)^{i+j} \det(M_{ij})
\]

where \( M_{ij} \) is the \((n-1) \times (n-1)\) submatrix obtained by deleting the \(i\)-th row and \(j\)-th column from \( A \).

### Calculating \( C_{33} \):

The submatrix \( M_{33} \) is obtained by removing the third row and third column:

\[
M_{33} = \begin{bmatrix} 
4 & -2 & 3 \\ 
3 & -2 & -5 \\ 
5 & -5 & 1 
\end{bmatrix}
\]

The determinant of \( M_{33} \) is:

\[
\det(M_{33}) = \begin{vmatrix} 
4 & -2 & 3 \\ 
3 & -2 & -5 \\ 
5 & -5 & 1 
\end{vmatrix}
\]

Expanding along the first row:

\[
\det(M_{33}) = 4 \begin{vmatrix} -2 & -5 \\ -5 & 1 \end{vmatrix} - (-2) \begin{vmatrix} 3 & -5 \\ 5 & 1 \end{vmatrix} + 3 \begin{vmatrix} 3 & -2 \\ 5 & -5 \end{vmatrix}
\]

Calculating each \(2 \times 2\) determinant:

\[
\begin{vmatrix} -2 & -5 \\ -5 & 1 \end{vmatrix} = (-2)(1) - (-5)(-5) = -2 - 25 = -27
\]

\[
\begin{vmatrix} 3 & -5 \\ 5 & 1 \end{vmatrix} = (3)(1) - (-5)(5) = 3 + 25 = 28
\]

\[
\begin{vmatrix} 3 & -2 \\ 5 & -5 \end{vmatrix} = (3)(-5) - (-2)(5) = -15 + 10 = -5
\]

Substituting back:

\[
\det(M_{33}) = 4(-27) + 2(28) + 3(-5)
\]

\[
= -108 + 56 - 15
\]

\[
= -67
\]

Thus, \( C_{33} = (-1)^{3+3} \det(M_{33}) = (-1)^6 (-67) = -67 \).

### Calculating \( C_{34} \):

The submatrix \( M_{34} \) is obtained by removing the third row and fourth column:

\[
M_{34} = \begin{bmatrix} 
4 & -2 & -1 \\ 
3 & -2 & 5 \\ 
5 & -5 & 0 
\end{bmatrix}
\]

The determinant of \( M_{34} \) is:

\[
\det(M_{34}) = \begin{vmatrix} 
4 & -2 & -1 \\ 
3 & -2 & 5 \\ 
5 & -5 & 0 
\end{vmatrix}
\]

Expanding along the first row:

\[
\det(M_{34}) = 4 \begin{vmatrix} -2 & 5 \\ -5 & 0 \end{vmatrix} - (-2) \begin{vmatrix} 3 & 5 \\ 5 & 0 \end{vmatrix} + (-1) \begin{vmatrix} 3 & -2 \\ 5 & -5 \end{vmatrix}
\]

Calculating each \(2 \times 2\) determinant:

\[
\begin{vmatrix} -2 & 5 \\ -5 & 0 \end{vmatrix} = (-2)(0) - (5)(-5) = 0 + 25 = 25
\]

\[
\begin{vmatrix} 3 & 5 \\ 5 & 0 \end{vmatrix} = (3)(0) - (5)(5) = 0 - 25 = -25
\]

\[
\begin{vmatrix} 3 & -2 \\ 5 & -5 \end{vmatrix} = (3)(-5) - (-2)(5) = -15 + 10 = -5
\]

Substituting back:

\[
\det(M_{34}) = 4(25) + 2(-25) - 1(-5)
\]

\[
= 100 - 50 + 5
\]

\[
= 55
\]

Thus, \( C_{34} = (-1)^{3+4} \det(M_{34}) = (-1)^7 (55) = -55 \).

### Final Calculation:

Substituting back into the determinant expansion:

\[
\det(A) = 0 \cdot C_{31} + 0 \cdot C_{32} + 5 \cdot (-67) + (-1) \cdot (-55)
\]

\[
= 0 + 0 - 335 + 55
\]

\[
= -280
\]

Thus, the determinant of matrix \( A \) is \(\boxed{-280}\).","To find the determinant of the \(4 \times 4\) matrix \( A \), we can use cofactor expansion along a row or column. Here, we will expand along the third row, which contains two zeros, simplifying our calculations.

The matrix \( A \) is:

\[
A = \begin{bmatrix} 
4 & -2 & -1 & 3 \\ 
3 & -2 & 5 & -5 \\ 
0 & 0 & 5 & -1 \\ 
5 & -5 & 0 & 1 
\end{bmatrix}
\]

The determinant of \( A \), denoted as \(\det(A)\), can be expanded along the third row:

\[
\det(A) = 0 \cdot C_{31} + 0 \cdot C_{32} + 5 \cdot C_{33} + (-1) \cdot C_{34}
\]

where \( C_{ij} \) is the cofactor of the element in the \(i\)-th row and \(j\)-th column. The cofactor \( C_{ij} \) is given by:

\[
C_{ij} = (-1)^{i+j} \det(M_{ij})
\]

where \( M_{ij} \) is the \((n-1) \times (n-1)\) submatrix obtained by deleting the \(i\)-th row and \(j\)-th column from \( A \).

### Calculating \( C_{33} \):

The submatrix \( M_{33} \) is obtained by removing the third row and third column:

\[
M_{33} = \begin{bmatrix} 
4 & -2 & 3 \\ 
3 & -2 & -5 \\ 
5 & -5 & 1 
\end{bmatrix}
\]

The determinant of \( M_{33} \) is:

\[
\det(M_{33}) = \begin{vmatrix} 
4 & -2 & 3 \\ 
3 & -2 & -5 \\ 
5 & -5 & 1 
\end{vmatrix}
\]

Expanding along the first row:

\[
\det(M_{33}) = 4 \begin{vmatrix} -2 & -5 \\ -5 & 1 \end{vmatrix} - (-2) \begin{vmatrix} 3 & -5 \\ 5 & 1 \end{vmatrix} + 3 \begin{vmatrix} 3 & -2 \\ 5 & -5 \end{vmatrix}
\]

Calculating each \(2 \times 2\) determinant:

\[
\begin{vmatrix} -2 & -5 \\ -5 & 1 \end{vmatrix} = (-2)(1) - (-5)(-5) = -2 - 25 = -27
\]

\[
\begin{vmatrix} 3 & -5 \\ 5 & 1 \end{vmatrix} = (3)(1) - (-5)(5) = 3 + 25 = 28
\]

\[
\begin{vmatrix} 3 & -2 \\ 5 & -5 \end{vmatrix} = (3)(-5) - (-2)(5) = -15 + 10 = -5
\]

Substituting back:

\[
\det(M_{33}) = 4(-27) + 2(28) + 3(-5)
\]

\[
= -108 + 56 - 15
\]

\[
= -67
\]

Thus, \( C_{33} = (-1)^{3+3} \det(M_{33}) = (-1)^6 (-67) = -67 \).

### Calculating \( C_{34} \):

The submatrix \( M_{34} \) is obtained by removing the third row and fourth column:

\[
M_{34} = \begin{bmatrix} 
4 & -2 & -1 \\ 
3 & -2 & 5 \\ 
5 & -5 & 0 
\end{bmatrix}
\]

The determinant of \( M_{34} \) is:

\[
\det(M_{34}) = \begin{vmatrix} 
4 & -2 & -1 \\ 
3 & -2 & 5 \\ 
5 & -5 & 0 
\end{vmatrix}
\]

Expanding along the first row:

\[
\det(M_{34}) = 4 \begin{vmatrix} -2 & 5 \\ -5 & 0 \end{vmatrix} - (-2) \begin{vmatrix} 3 & 5 \\ 5 & 0 \end{vmatrix} + (-1) \begin{vmatrix} 3 & -2 \\ 5 & -5 \end{vmatrix}
\]

Calculating each \(2 \times 2\) determinant:

\[
\begin{vmatrix} -2 & 5 \\ -5 & 0 \end{vmatrix} = (-2)(0) - (5)(-5) = 0 + 25 = 25
\]

\[
\begin{vmatrix} 3 & 5 \\ 5 & 0 \end{vmatrix} = (3)(0) - (5)(5) = 0 - 25 = -25
\]

\[
\begin{vmatrix} 3 & -2 \\ 5 & -5 \end{vmatrix} = (3)(-5) - (-2)(5) = -15 + 10 = -5
\]

Substituting back:

\[
\det(M_{34}) = 4(25) + 2(-25) - 1(-5)
\]

\[
= 100 - 50 + 5
\]

\[
= 55
\]

Thus, \( C_{34} = (-1)^{3+4} \det(M_{34}) = (-1)^7 (55) = -55 \).

### Final Calculation:

Substituting back into the determinant expansion:

\[
\det(A) = 0 \cdot C_{31} + 0 \cdot C_{32} + 5 \cdot (-67) + (-1) \cdot (-55)
\]

\[
= 0 + 0 - 335 + 55
\]

\[
= -280
\]

Thus, the determinant of matrix \( A \) is \(\boxed{-280}\).",\det(A) = 0 \cdot C_{31} [+] 0 \cdot C_{32} + 5 \cdot,465,agent_c1_leftright,high,sign between 1st and 2nd term of concrete 4x4 expansion along row 3,PASS
NC_4x4_det_382,Phi-4,determinant,4,,,correct,\det(A) = -124,+,-,950,"<|im_start|>system<|im_sep|>You are a precise mathematical assistant. Show all computation steps clearly. Always put your final numerical answer inside \boxed{}.<|im_end|><|im_start|>user<|im_sep|>Solve this linear algebra problem. Show your work and give the final answer.

Find the determinant of the 4×4 matrix A.

A = \begin{bmatrix} -3 & 3 & 4 & 4 \\ 0 & 0 & 0 & 4 \\ 5 & 4 & -1 & 3 \\ 2 & 2 & 1 & -5 \end{bmatrix}

<|im_end|><|im_start|>assistant<|im_sep|>To find the determinant of the \(4 \times 4\) matrix \( A \), we can use cofactor expansion along a row or column. It is often advantageous to choose a row or column with zeros to simplify calculations. Here, the second row has three zeros, making it a good candidate for expansion.

The matrix \( A \) is:

\[
A = \begin{bmatrix} 
-3 & 3 & 4 & 4 \\ 
0 & 0 & 0 & 4 \\ 
5 & 4 & -1 & 3 \\ 
2 & 2 & 1 & -5 
\end{bmatrix}
\]

We will expand along the second row:

\[
\det(A) = 0 \cdot C_{21} + 0 \cdot C_{22} + 0 \cdot C_{23} + 4 \cdot C_{24}
\]

where \( C_{ij} \) is the cofactor of the element \( a_{ij} \). Since the first three terms are multiplied by zero, they do not contribute to the determinant. We only need to calculate the cofactor \( C_{24} \).

The cofactor \( C_{24} \) is given by:

\[
C_{24} = (-1)^{2+4} \det(M_{24})
\]

where \( M_{24} \) is the \(3 \times 3\) minor obtained by deleting the second row and fourth column from \( A \):

\[
M_{24} = \begin{bmatrix} 
-3 & 3 & 4 \\ 
5 & 4 & -1 \\ 
2 & 2 & 1 
\end{bmatrix}
\]

The sign factor is:

\[
(-1)^{2+4} = (-1)^6 = 1
\]

Now, we calculate \(\det(M_{24})\):

\[
\det(M_{24}) = \begin{vmatrix} 
-3 & 3 & 4 \\ 
5 & 4 & -1 \\ 
2 & 2 & 1 
\end{vmatrix}
\]

We use cofactor expansion along the first row:

\[
\det(M_{24}) = (-3) \begin{vmatrix} 
4 & -1 \\ 
2 & 1 
\end{vmatrix} 
- 3 \begin{vmatrix} 
5 & -1 \\ 
2 & 1 
\end{vmatrix} 
+ 4 \begin{vmatrix} 
5 & 4 \\ 
2 & 2 
\end{vmatrix}
\]

Calculate each \(2 \times 2\) determinant:

1. \(\begin{vmatrix} 
4 & -1 \\ 
2 & 1 
\end{vmatrix} = (4)(1) - (-1)(2) = 4 + 2 = 6\)

2. \(\begin{vmatrix} 
5 & -1 \\ 
2 & 1 
\end{vmatrix} = (5)(1) - (-1)(2) = 5 + 2 = 7\)

3. \(\begin{vmatrix} 
5 & 4 \\ 
2 & 2 
\end{vmatrix} = (5)(2) - (4)(2) = 10 - 8 = 2\)

Substitute these back into the expression for \(\det(M_{24})\):

\[
\det(M_{24}) = (-3)(6) - 3(7) + 4(2)
\]

\[
= -18 - 21 + 8
\]

\[
= -31
\]

Thus, the cofactor \( C_{24} \) is:

\[
C_{24} = 1 \cdot (-31) = -31
\]

Finally, the determinant of \( A \) is:

\[
\det(A) = 4 \cdot (-31) = -124
\]

Therefore, the determinant of the matrix \( A \) is \(\boxed{-124}\).","To find the determinant of the \(4 \times 4\) matrix \( A \), we can use cofactor expansion along a row or column. It is often advantageous to choose a row or column with zeros to simplify calculations. Here, the second row has three zeros, making it a good candidate for expansion.

The matrix \( A \) is:

\[
A = \begin{bmatrix} 
-3 & 3 & 4 & 4 \\ 
0 & 0 & 0 & 4 \\ 
5 & 4 & -1 & 3 \\ 
2 & 2 & 1 & -5 
\end{bmatrix}
\]

We will expand along the second row:

\[
\det(A) = 0 \cdot C_{21} + 0 \cdot C_{22} + 0 \cdot C_{23} + 4 \cdot C_{24}
\]

where \( C_{ij} \) is the cofactor of the element \( a_{ij} \). Since the first three terms are multiplied by zero, they do not contribute to the determinant. We only need to calculate the cofactor \( C_{24} \).

The cofactor \( C_{24} \) is given by:

\[
C_{24} = (-1)^{2+4} \det(M_{24})
\]

where \( M_{24} \) is the \(3 \times 3\) minor obtained by deleting the second row and fourth column from \( A \):

\[
M_{24} = \begin{bmatrix} 
-3 & 3 & 4 \\ 
5 & 4 & -1 \\ 
2 & 2 & 1 
\end{bmatrix}
\]

The sign factor is:

\[
(-1)^{2+4} = (-1)^6 = 1
\]

Now, we calculate \(\det(M_{24})\):

\[
\det(M_{24}) = \begin{vmatrix} 
-3 & 3 & 4 \\ 
5 & 4 & -1 \\ 
2 & 2 & 1 
\end{vmatrix}
\]

We use cofactor expansion along the first row:

\[
\det(M_{24}) = (-3) \begin{vmatrix} 
4 & -1 \\ 
2 & 1 
\end{vmatrix} 
- 3 \begin{vmatrix} 
5 & -1 \\ 
2 & 1 
\end{vmatrix} 
+ 4 \begin{vmatrix} 
5 & 4 \\ 
2 & 2 
\end{vmatrix}
\]

Calculate each \(2 \times 2\) determinant:

1. \(\begin{vmatrix} 
4 & -1 \\ 
2 & 1 
\end{vmatrix} = (4)(1) - (-1)(2) = 4 + 2 = 6\)

2. \(\begin{vmatrix} 
5 & -1 \\ 
2 & 1 
\end{vmatrix} = (5)(1) - (-1)(2) = 5 + 2 = 7\)

3. \(\begin{vmatrix} 
5 & 4 \\ 
2 & 2 
\end{vmatrix} = (5)(2) - (4)(2) = 10 - 8 = 2\)

Substitute these back into the expression for \(\det(M_{24})\):

\[
\det(M_{24}) = (-3)(6) - 3(7) + 4(2)
\]

\[
= -18 - 21 + 8
\]

\[
= -31
\]

Thus, the cofactor \( C_{24} \) is:

\[
C_{24} = 1 \cdot (-31) = -31
\]

Finally, the determinant of \( A \) is:

\[
\det(A) = 4 \cdot (-31) = -124
\]

Therefore, the determinant of the matrix \( A \) is \(\boxed{-124}\).",\det(A) = 0 \cdot C_{21} [+] 0 \cdot C_{22} + 0 \cdot,462,agent_c1_leftright,high,sign between 1st and 2nd term of concrete 4x4 expansion along row 2,PASS
NC_4x4_det_387,Phi-4,determinant,4,,,correct,\det(A) = 6,-,+,842,"<|im_start|>system<|im_sep|>You are a precise mathematical assistant. Show all computation steps clearly. Always put your final numerical answer inside \boxed{}.<|im_end|><|im_start|>user<|im_sep|>Solve this linear algebra problem. Show your work and give the final answer.

Find the determinant of the 4×4 matrix A.

A = \begin{bmatrix} 2 & 4 & 2 & 1 \\ 0 & -3 & -4 & 0 \\ -1 & 0 & 2 & 4 \\ -1 & 0 & 2 & 1 \end{bmatrix}

<|im_end|><|im_start|>assistant<|im_sep|>To find the determinant of the \(4 \times 4\) matrix \(A\), we can use cofactor expansion along the first row. The matrix \(A\) is given by:

\[
A = \begin{bmatrix} 
2 & 4 & 2 & 1 \\ 
0 & -3 & -4 & 0 \\ 
-1 & 0 & 2 & 4 \\ 
-1 & 0 & 2 & 1 
\end{bmatrix}
\]

The determinant of \(A\), denoted as \(\det(A)\), can be expanded along the first row:

\[
\det(A) = 2 \cdot \det(A_{11}) - 4 \cdot \det(A_{12}) + 2 \cdot \det(A_{13}) - 1 \cdot \det(A_{14})
\]

where \(A_{ij}\) is the \((i,j)\)-minor of \(A\), obtained by deleting the \(i\)-th row and \(j\)-th column.

### Step 1: Calculate \(\det(A_{11})\)

The minor \(A_{11}\) is:

\[
A_{11} = \begin{bmatrix} 
-3 & -4 & 0 \\ 
0 & 2 & 4 \\ 
0 & 2 & 1 
\end{bmatrix}
\]

The determinant of this \(3 \times 3\) matrix is:

\[
\det(A_{11}) = (-3) \begin{vmatrix} 2 & 4 \\ 2 & 1 \end{vmatrix} - (-4) \begin{vmatrix} 0 & 4 \\ 0 & 1 \end{vmatrix} + 0 \begin{vmatrix} 0 & 2 \\ 0 & 2 \end{vmatrix}
\]

Calculating the \(2 \times 2\) determinants:

\[
\begin{vmatrix} 2 & 4 \\ 2 & 1 \end{vmatrix} = (2)(1) - (4)(2) = 2 - 8 = -6
\]

\[
\begin{vmatrix} 0 & 4 \\ 0 & 1 \end{vmatrix} = (0)(1) - (4)(0) = 0
\]

Thus:

\[
\det(A_{11}) = (-3)(-6) - (-4)(0) = 18
\]

### Step 2: Calculate \(\det(A_{12})\)

The minor \(A_{12}\) is:

\[
A_{12} = \begin{bmatrix} 
0 & -4 & 0 \\ 
-1 & 2 & 4 \\ 
-1 & 2 & 1 
\end{bmatrix}
\]

The determinant of this \(3 \times 3\) matrix is:

\[
\det(A_{12}) = 0 \begin{vmatrix} 2 & 4 \\ 2 & 1 \end{vmatrix} - (-4) \begin{vmatrix} -1 & 4 \\ -1 & 1 \end{vmatrix} + 0 \begin{vmatrix} -1 & 2 \\ -1 & 2 \end{vmatrix}
\]

Calculating the \(2 \times 2\) determinant:

\[
\begin{vmatrix} -1 & 4 \\ -1 & 1 \end{vmatrix} = (-1)(1) - (4)(-1) = -1 + 4 = 3
\]

Thus:

\[
\det(A_{12}) = 0 - (-4)(3) = 12
\]

### Step 3: Calculate \(\det(A_{13})\)

The minor \(A_{13}\) is:

\[
A_{13} = \begin{bmatrix} 
0 & -3 & 0 \\ 
-1 & 0 & 4 \\ 
-1 & 0 & 1 
\end{bmatrix}
\]

The determinant of this \(3 \times 3\) matrix is:

\[
\det(A_{13}) = 0 \begin{vmatrix} 0 & 4 \\ 0 & 1 \end{vmatrix} - (-3) \begin{vmatrix} -1 & 4 \\ -1 & 1 \end{vmatrix} + 0 \begin{vmatrix} -1 & 0 \\ -1 & 0 \end{vmatrix}
\]

We already calculated:

\[
\begin{vmatrix} -1 & 4 \\ -1 & 1 \end{vmatrix} = 3
\]

Thus:

\[
\det(A_{13}) = 0 - (-3)(3) = 9
\]

### Step 4: Calculate \(\det(A_{14})\)

The minor \(A_{14}\) is:

\[
A_{14} = \begin{bmatrix} 
0 & -3 & -4 \\ 
-1 & 0 & 2 \\ 
-1 & 0 & 2 
\end{bmatrix}
\]

The determinant of this \(3 \times 3\) matrix is:

\[
\det(A_{14}) = 0 \begin{vmatrix} 0 & 2 \\ 0 & 2 \end{vmatrix} - (-3) \begin{vmatrix} -1 & 2 \\ -1 & 2 \end{vmatrix} + (-4) \begin{vmatrix} -1 & 0 \\ -1 & 0 \end{vmatrix}
\]

Calculating the \(2 \times 2\) determinants:

\[
\begin{vmatrix} -1 & 2 \\ -1 & 2 \end{vmatrix} = (-1)(2) - (2)(-1) = -2 + 2 = 0
\]

\[
\begin{vmatrix} -1 & 0 \\ -1 & 0 \end{vmatrix} = (-1)(0) - (0)(-1) = 0
\]

Thus:

\[
\det(A_{14}) = 0 - (-3)(0) + (-4)(0) = 0
\]

### Final Calculation

Substitute the determinants of the minors back into the cofactor expansion:

\[
\det(A) = 2 \cdot 18 - 4 \cdot 12 + 2 \cdot 9 - 1 \cdot 0
\]

\[
= 36 - 48 + 18 - 0
\]

\[
= 6
\]

Thus, the determinant of the matrix \(A\) is \(\boxed{6}\).","To find the determinant of the \(4 \times 4\) matrix \(A\), we can use cofactor expansion along the first row. The matrix \(A\) is given by:

\[
A = \begin{bmatrix} 
2 & 4 & 2 & 1 \\ 
0 & -3 & -4 & 0 \\ 
-1 & 0 & 2 & 4 \\ 
-1 & 0 & 2 & 1 
\end{bmatrix}
\]

The determinant of \(A\), denoted as \(\det(A)\), can be expanded along the first row:

\[
\det(A) = 2 \cdot \det(A_{11}) - 4 \cdot \det(A_{12}) + 2 \cdot \det(A_{13}) - 1 \cdot \det(A_{14})
\]

where \(A_{ij}\) is the \((i,j)\)-minor of \(A\), obtained by deleting the \(i\)-th row and \(j\)-th column.

### Step 1: Calculate \(\det(A_{11})\)

The minor \(A_{11}\) is:

\[
A_{11} = \begin{bmatrix} 
-3 & -4 & 0 \\ 
0 & 2 & 4 \\ 
0 & 2 & 1 
\end{bmatrix}
\]

The determinant of this \(3 \times 3\) matrix is:

\[
\det(A_{11}) = (-3) \begin{vmatrix} 2 & 4 \\ 2 & 1 \end{vmatrix} - (-4) \begin{vmatrix} 0 & 4 \\ 0 & 1 \end{vmatrix} + 0 \begin{vmatrix} 0 & 2 \\ 0 & 2 \end{vmatrix}
\]

Calculating the \(2 \times 2\) determinants:

\[
\begin{vmatrix} 2 & 4 \\ 2 & 1 \end{vmatrix} = (2)(1) - (4)(2) = 2 - 8 = -6
\]

\[
\begin{vmatrix} 0 & 4 \\ 0 & 1 \end{vmatrix} = (0)(1) - (4)(0) = 0
\]

Thus:

\[
\det(A_{11}) = (-3)(-6) - (-4)(0) = 18
\]

### Step 2: Calculate \(\det(A_{12})\)

The minor \(A_{12}\) is:

\[
A_{12} = \begin{bmatrix} 
0 & -4 & 0 \\ 
-1 & 2 & 4 \\ 
-1 & 2 & 1 
\end{bmatrix}
\]

The determinant of this \(3 \times 3\) matrix is:

\[
\det(A_{12}) = 0 \begin{vmatrix} 2 & 4 \\ 2 & 1 \end{vmatrix} - (-4) \begin{vmatrix} -1 & 4 \\ -1 & 1 \end{vmatrix} + 0 \begin{vmatrix} -1 & 2 \\ -1 & 2 \end{vmatrix}
\]

Calculating the \(2 \times 2\) determinant:

\[
\begin{vmatrix} -1 & 4 \\ -1 & 1 \end{vmatrix} = (-1)(1) - (4)(-1) = -1 + 4 = 3
\]

Thus:

\[
\det(A_{12}) = 0 - (-4)(3) = 12
\]

### Step 3: Calculate \(\det(A_{13})\)

The minor \(A_{13}\) is:

\[
A_{13} = \begin{bmatrix} 
0 & -3 & 0 \\ 
-1 & 0 & 4 \\ 
-1 & 0 & 1 
\end{bmatrix}
\]

The determinant of this \(3 \times 3\) matrix is:

\[
\det(A_{13}) = 0 \begin{vmatrix} 0 & 4 \\ 0 & 1 \end{vmatrix} - (-3) \begin{vmatrix} -1 & 4 \\ -1 & 1 \end{vmatrix} + 0 \begin{vmatrix} -1 & 0 \\ -1 & 0 \end{vmatrix}
\]

We already calculated:

\[
\begin{vmatrix} -1 & 4 \\ -1 & 1 \end{vmatrix} = 3
\]

Thus:

\[
\det(A_{13}) = 0 - (-3)(3) = 9
\]

### Step 4: Calculate \(\det(A_{14})\)

The minor \(A_{14}\) is:

\[
A_{14} = \begin{bmatrix} 
0 & -3 & -4 \\ 
-1 & 0 & 2 \\ 
-1 & 0 & 2 
\end{bmatrix}
\]

The determinant of this \(3 \times 3\) matrix is:

\[
\det(A_{14}) = 0 \begin{vmatrix} 0 & 2 \\ 0 & 2 \end{vmatrix} - (-3) \begin{vmatrix} -1 & 2 \\ -1 & 2 \end{vmatrix} + (-4) \begin{vmatrix} -1 & 0 \\ -1 & 0 \end{vmatrix}
\]

Calculating the \(2 \times 2\) determinants:

\[
\begin{vmatrix} -1 & 2 \\ -1 & 2 \end{vmatrix} = (-1)(2) - (2)(-1) = -2 + 2 = 0
\]

\[
\begin{vmatrix} -1 & 0 \\ -1 & 0 \end{vmatrix} = (-1)(0) - (0)(-1) = 0
\]

Thus:

\[
\det(A_{14}) = 0 - (-3)(0) + (-4)(0) = 0
\]

### Final Calculation

Substitute the determinants of the minors back into the cofactor expansion:

\[
\det(A) = 2 \cdot 18 - 4 \cdot 12 + 2 \cdot 9 - 1 \cdot 0
\]

\[
= 36 - 48 + 18 - 0
\]

\[
= 6
\]

Thus, the determinant of the matrix \(A\) is \(\boxed{6}\).",) = 2 \cdot \det(A_{11}) [-] 4 \cdot \det(A_{12}) + 2,463,agent_c1_leftright,high,sign between 1st and 2nd term of concrete 4x4 expansion,PASS
NC_4x4_det_401,Phi-4,determinant,4,,,correct,\det(A) = -422,-,+,842,"<|im_start|>system<|im_sep|>You are a precise mathematical assistant. Show all computation steps clearly. Always put your final numerical answer inside \boxed{}.<|im_end|><|im_start|>user<|im_sep|>Solve this linear algebra problem. Show your work and give the final answer.

Find the determinant of the 4×4 matrix A.

A = \begin{bmatrix} 0 & -3 & 2 & -1 \\ -4 & 0 & -5 & 5 \\ 5 & 4 & -3 & -4 \\ -5 & 4 & 0 & 1 \end{bmatrix}

<|im_end|><|im_start|>assistant<|im_sep|>To find the determinant of the \(4 \times 4\) matrix \(A\), we can use cofactor expansion along the first row. The matrix \(A\) is given by:

\[
A = \begin{bmatrix} 
0 & -3 & 2 & -1 \\ 
-4 & 0 & -5 & 5 \\ 
5 & 4 & -3 & -4 \\ 
-5 & 4 & 0 & 1 
\end{bmatrix}
\]

The determinant of \(A\), denoted as \(\det(A)\), can be expanded along the first row:

\[
\det(A) = 0 \cdot C_{11} - 3 \cdot C_{12} + 2 \cdot C_{13} - 1 \cdot C_{14}
\]

where \(C_{ij}\) is the cofactor of the element \(a_{ij}\). The cofactor \(C_{ij}\) is given by:

\[
C_{ij} = (-1)^{i+j} \det(M_{ij})
\]

where \(M_{ij}\) is the \((n-1) \times (n-1)\) submatrix obtained by deleting the \(i\)-th row and \(j\)-th column from \(A\).

### Step 1: Calculate \(C_{12}\)

The submatrix \(M_{12}\) is obtained by deleting the first row and second column:

\[
M_{12} = \begin{bmatrix} 
-4 & -5 & 5 \\ 
5 & -3 & -4 \\ 
-5 & 0 & 1 
\end{bmatrix}
\]

The determinant of \(M_{12}\) is:

\[
\det(M_{12}) = -4 \begin{vmatrix} -3 & -4 \\ 0 & 1 \end{vmatrix} - (-5) \begin{vmatrix} 5 & -4 \\ -5 & 1 \end{vmatrix} + 5 \begin{vmatrix} 5 & -3 \\ -5 & 0 \end{vmatrix}
\]

Calculating each \(2 \times 2\) determinant:

\[
\begin{vmatrix} -3 & -4 \\ 0 & 1 \end{vmatrix} = (-3)(1) - (-4)(0) = -3
\]

\[
\begin{vmatrix} 5 & -4 \\ -5 & 1 \end{vmatrix} = (5)(1) - (-4)(-5) = 5 - 20 = -15
\]

\[
\begin{vmatrix} 5 & -3 \\ -5 & 0 \end{vmatrix} = (5)(0) - (-3)(-5) = 0 - 15 = -15
\]

Substituting back:

\[
\det(M_{12}) = -4(-3) + 5(-15) + 5(-15) = 12 - 75 - 75 = 12 - 150 = -138
\]

Thus, the cofactor \(C_{12}\) is:

\[
C_{12} = (-1)^{1+2} \det(M_{12}) = (-1)^3 (-138) = 138
\]

### Step 2: Calculate \(C_{13}\)

The submatrix \(M_{13}\) is obtained by deleting the first row and third column:

\[
M_{13} = \begin{bmatrix} 
-4 & 0 & 5 \\ 
5 & 4 & -4 \\ 
-5 & 4 & 1 
\end{bmatrix}
\]

The determinant of \(M_{13}\) is:

\[
\det(M_{13}) = -4 \begin{vmatrix} 4 & -4 \\ 4 & 1 \end{vmatrix} - 0 \begin{vmatrix} 5 & -4 \\ -5 & 1 \end{vmatrix} + 5 \begin{vmatrix} 5 & 4 \\ -5 & 4 \end{vmatrix}
\]

Calculating each \(2 \times 2\) determinant:

\[
\begin{vmatrix} 4 & -4 \\ 4 & 1 \end{vmatrix} = (4)(1) - (-4)(4) = 4 + 16 = 20
\]

\[
\begin{vmatrix} 5 & 4 \\ -5 & 4 \end{vmatrix} = (5)(4) - (4)(-5) = 20 + 20 = 40
\]

Substituting back:

\[
\det(M_{13}) = -4(20) + 0 + 5(40) = -80 + 200 = 120
\]

Thus, the cofactor \(C_{13}\) is:

\[
C_{13} = (-1)^{1+3} \det(M_{13}) = (-1)^4 (120) = 120
\]

### Step 3: Calculate \(C_{14}\)

The submatrix \(M_{14}\) is obtained by deleting the first row and fourth column:

\[
M_{14} = \begin{bmatrix} 
-4 & 0 & -5 \\ 
5 & 4 & -3 \\ 
-5 & 4 & 0 
\end{bmatrix}
\]

The determinant of \(M_{14}\) is:

\[
\det(M_{14}) = -4 \begin{vmatrix} 4 & -3 \\ 4 & 0 \end{vmatrix} - 0 \begin{vmatrix} 5 & -3 \\ -5 & 0 \end{vmatrix} - 5 \begin{vmatrix} 5 & 4 \\ -5 & 4 \end{vmatrix}
\]

Calculating each \(2 \times 2\) determinant:

\[
\begin{vmatrix} 4 & -3 \\ 4 & 0 \end{vmatrix} = (4)(0) - (-3)(4) = 0 + 12 = 12
\]

\[
\begin{vmatrix} 5 & 4 \\ -5 & 4 \end{vmatrix} = (5)(4) - (4)(-5) = 20 + 20 = 40
\]

Substituting back:

\[
\det(M_{14}) = -4(12) + 0 - 5(40) = -48 - 200 = -248
\]

Thus, the cofactor \(C_{14}\) is:

\[
C_{14} = (-1)^{1+4} \det(M_{14}) = (-1)^5 (-248) = 248
\]

### Final Calculation

Substitute the cofactors back into the determinant expansion:

\[
\det(A) = 0 \cdot C_{11} - 3 \cdot 138 + 2 \cdot 120 - 1 \cdot 248
\]

\[
= 0 - 414 + 240 - 248
\]

\[
= -414 + 240 - 248
\]

\[
= -174 - 248
\]

\[
= -422
\]

Thus, the determinant of the matrix \(A\) is \(\boxed{-422}\).","To find the determinant of the \(4 \times 4\) matrix \(A\), we can use cofactor expansion along the first row. The matrix \(A\) is given by:

\[
A = \begin{bmatrix} 
0 & -3 & 2 & -1 \\ 
-4 & 0 & -5 & 5 \\ 
5 & 4 & -3 & -4 \\ 
-5 & 4 & 0 & 1 
\end{bmatrix}
\]

The determinant of \(A\), denoted as \(\det(A)\), can be expanded along the first row:

\[
\det(A) = 0 \cdot C_{11} - 3 \cdot C_{12} + 2 \cdot C_{13} - 1 \cdot C_{14}
\]

where \(C_{ij}\) is the cofactor of the element \(a_{ij}\). The cofactor \(C_{ij}\) is given by:

\[
C_{ij} = (-1)^{i+j} \det(M_{ij})
\]

where \(M_{ij}\) is the \((n-1) \times (n-1)\) submatrix obtained by deleting the \(i\)-th row and \(j\)-th column from \(A\).

### Step 1: Calculate \(C_{12}\)

The submatrix \(M_{12}\) is obtained by deleting the first row and second column:

\[
M_{12} = \begin{bmatrix} 
-4 & -5 & 5 \\ 
5 & -3 & -4 \\ 
-5 & 0 & 1 
\end{bmatrix}
\]

The determinant of \(M_{12}\) is:

\[
\det(M_{12}) = -4 \begin{vmatrix} -3 & -4 \\ 0 & 1 \end{vmatrix} - (-5) \begin{vmatrix} 5 & -4 \\ -5 & 1 \end{vmatrix} + 5 \begin{vmatrix} 5 & -3 \\ -5 & 0 \end{vmatrix}
\]

Calculating each \(2 \times 2\) determinant:

\[
\begin{vmatrix} -3 & -4 \\ 0 & 1 \end{vmatrix} = (-3)(1) - (-4)(0) = -3
\]

\[
\begin{vmatrix} 5 & -4 \\ -5 & 1 \end{vmatrix} = (5)(1) - (-4)(-5) = 5 - 20 = -15
\]

\[
\begin{vmatrix} 5 & -3 \\ -5 & 0 \end{vmatrix} = (5)(0) - (-3)(-5) = 0 - 15 = -15
\]

Substituting back:

\[
\det(M_{12}) = -4(-3) + 5(-15) + 5(-15) = 12 - 75 - 75 = 12 - 150 = -138
\]

Thus, the cofactor \(C_{12}\) is:

\[
C_{12} = (-1)^{1+2} \det(M_{12}) = (-1)^3 (-138) = 138
\]

### Step 2: Calculate \(C_{13}\)

The submatrix \(M_{13}\) is obtained by deleting the first row and third column:

\[
M_{13} = \begin{bmatrix} 
-4 & 0 & 5 \\ 
5 & 4 & -4 \\ 
-5 & 4 & 1 
\end{bmatrix}
\]

The determinant of \(M_{13}\) is:

\[
\det(M_{13}) = -4 \begin{vmatrix} 4 & -4 \\ 4 & 1 \end{vmatrix} - 0 \begin{vmatrix} 5 & -4 \\ -5 & 1 \end{vmatrix} + 5 \begin{vmatrix} 5 & 4 \\ -5 & 4 \end{vmatrix}
\]

Calculating each \(2 \times 2\) determinant:

\[
\begin{vmatrix} 4 & -4 \\ 4 & 1 \end{vmatrix} = (4)(1) - (-4)(4) = 4 + 16 = 20
\]

\[
\begin{vmatrix} 5 & 4 \\ -5 & 4 \end{vmatrix} = (5)(4) - (4)(-5) = 20 + 20 = 40
\]

Substituting back:

\[
\det(M_{13}) = -4(20) + 0 + 5(40) = -80 + 200 = 120
\]

Thus, the cofactor \(C_{13}\) is:

\[
C_{13} = (-1)^{1+3} \det(M_{13}) = (-1)^4 (120) = 120
\]

### Step 3: Calculate \(C_{14}\)

The submatrix \(M_{14}\) is obtained by deleting the first row and fourth column:

\[
M_{14} = \begin{bmatrix} 
-4 & 0 & -5 \\ 
5 & 4 & -3 \\ 
-5 & 4 & 0 
\end{bmatrix}
\]

The determinant of \(M_{14}\) is:

\[
\det(M_{14}) = -4 \begin{vmatrix} 4 & -3 \\ 4 & 0 \end{vmatrix} - 0 \begin{vmatrix} 5 & -3 \\ -5 & 0 \end{vmatrix} - 5 \begin{vmatrix} 5 & 4 \\ -5 & 4 \end{vmatrix}
\]

Calculating each \(2 \times 2\) determinant:

\[
\begin{vmatrix} 4 & -3 \\ 4 & 0 \end{vmatrix} = (4)(0) - (-3)(4) = 0 + 12 = 12
\]

\[
\begin{vmatrix} 5 & 4 \\ -5 & 4 \end{vmatrix} = (5)(4) - (4)(-5) = 20 + 20 = 40
\]

Substituting back:

\[
\det(M_{14}) = -4(12) + 0 - 5(40) = -48 - 200 = -248
\]

Thus, the cofactor \(C_{14}\) is:

\[
C_{14} = (-1)^{1+4} \det(M_{14}) = (-1)^5 (-248) = 248
\]

### Final Calculation

Substitute the cofactors back into the determinant expansion:

\[
\det(A) = 0 \cdot C_{11} - 3 \cdot 138 + 2 \cdot 120 - 1 \cdot 248
\]

\[
= 0 - 414 + 240 - 248
\]

\[
= -414 + 240 - 248
\]

\[
= -174 - 248
\]

\[
= -422
\]

Thus, the determinant of the matrix \(A\) is \(\boxed{-422}\).",\det(A) = 0 \cdot C_{11} [-] 3 \cdot C_{12} + 2 \cdot,466,agent_c1_leftright,high,sign between 1st and 2nd term of concrete 4x4 expansion,PASS
NC_4x4_det_410,Phi-4,determinant,4,,,correct,\det(A) = -114,-,+,843,"<|im_start|>system<|im_sep|>You are a precise mathematical assistant. Show all computation steps clearly. Always put your final numerical answer inside \boxed{}.<|im_end|><|im_start|>user<|im_sep|>Solve this linear algebra problem. Show your work and give the final answer.

Find the determinant of the 4×4 matrix A.

A = \begin{bmatrix} 0 & -2 & -5 & -4 \\ -2 & 2 & 1 & -3 \\ -4 & 2 & 4 & -2 \\ -3 & 3 & 1 & -1 \end{bmatrix}

<|im_end|><|im_start|>assistant<|im_sep|>To find the determinant of the \(4 \times 4\) matrix \( A \), we can use cofactor expansion along the first row. The matrix \( A \) is:

\[
A = \begin{bmatrix} 
0 & -2 & -5 & -4 \\ 
-2 & 2 & 1 & -3 \\ 
-4 & 2 & 4 & -2 \\ 
-3 & 3 & 1 & -1 
\end{bmatrix}
\]

The determinant of \( A \), denoted as \(\det(A)\), can be expanded along the first row:

\[
\det(A) = 0 \cdot C_{11} - 2 \cdot C_{12} - 5 \cdot C_{13} - 4 \cdot C_{14}
\]

where \( C_{ij} \) is the cofactor of the element \( a_{ij} \). The cofactor \( C_{ij} \) is given by:

\[
C_{ij} = (-1)^{i+j} \det(M_{ij})
\]

where \( M_{ij} \) is the \((n-1) \times (n-1)\) submatrix obtained by deleting the \(i\)-th row and \(j\)-th column from \( A \).

### Step 1: Calculate \( C_{12} \)

The submatrix \( M_{12} \) is obtained by deleting the first row and second column:

\[
M_{12} = \begin{bmatrix} 
-2 & 1 & -3 \\ 
-4 & 4 & -2 \\ 
-3 & 1 & -1 
\end{bmatrix}
\]

The determinant of \( M_{12} \) is:

\[
\det(M_{12}) = \begin{vmatrix} 
-2 & 1 & -3 \\ 
-4 & 4 & -2 \\ 
-3 & 1 & -1 
\end{vmatrix}
\]

Using cofactor expansion along the first row:

\[
\det(M_{12}) = -2 \begin{vmatrix} 4 & -2 \\ 1 & -1 \end{vmatrix} - 1 \begin{vmatrix} -4 & -2 \\ -3 & -1 \end{vmatrix} - 3 \begin{vmatrix} -4 & 4 \\ -3 & 1 \end{vmatrix}
\]

Calculate each \(2 \times 2\) determinant:

\[
\begin{vmatrix} 4 & -2 \\ 1 & -1 \end{vmatrix} = (4)(-1) - (-2)(1) = -4 + 2 = -2
\]

\[
\begin{vmatrix} -4 & -2 \\ -3 & -1 \end{vmatrix} = (-4)(-1) - (-2)(-3) = 4 - 6 = -2
\]

\[
\begin{vmatrix} -4 & 4 \\ -3 & 1 \end{vmatrix} = (-4)(1) - (4)(-3) = -4 + 12 = 8
\]

Substitute back:

\[
\det(M_{12}) = -2(-2) - 1(-2) - 3(8) = 4 + 2 - 24 = -18
\]

Thus, the cofactor \( C_{12} \) is:

\[
C_{12} = (-1)^{1+2} \det(M_{12}) = (-1)^3 (-18) = 18
\]

### Step 2: Calculate \( C_{13} \)

The submatrix \( M_{13} \) is obtained by deleting the first row and third column:

\[
M_{13} = \begin{bmatrix} 
-2 & 2 & -3 \\ 
-4 & 2 & -2 \\ 
-3 & 3 & -1 
\end{bmatrix}
\]

The determinant of \( M_{13} \) is:

\[
\det(M_{13}) = \begin{vmatrix} 
-2 & 2 & -3 \\ 
-4 & 2 & -2 \\ 
-3 & 3 & -1 
\end{vmatrix}
\]

Using cofactor expansion along the first row:

\[
\det(M_{13}) = -2 \begin{vmatrix} 2 & -2 \\ 3 & -1 \end{vmatrix} - 2 \begin{vmatrix} -4 & -2 \\ -3 & -1 \end{vmatrix} - 3 \begin{vmatrix} -4 & 2 \\ -3 & 3 \end{vmatrix}
\]

Calculate each \(2 \times 2\) determinant:

\[
\begin{vmatrix} 2 & -2 \\ 3 & -1 \end{vmatrix} = (2)(-1) - (-2)(3) = -2 + 6 = 4
\]

\[
\begin{vmatrix} -4 & -2 \\ -3 & -1 \end{vmatrix} = (-4)(-1) - (-2)(-3) = 4 - 6 = -2
\]

\[
\begin{vmatrix} -4 & 2 \\ -3 & 3 \end{vmatrix} = (-4)(3) - (2)(-3) = -12 + 6 = -6
\]

Substitute back:

\[
\det(M_{13}) = -2(4) - 2(-2) - 3(-6) = -8 + 4 + 18 = 14
\]

Thus, the cofactor \( C_{13} \) is:

\[
C_{13} = (-1)^{1+3} \det(M_{13}) = (-1)^4 (14) = 14
\]

### Step 3: Calculate \( C_{14} \)

The submatrix \( M_{14} \) is obtained by deleting the first row and fourth column:

\[
M_{14} = \begin{bmatrix} 
-2 & 2 & 1 \\ 
-4 & 2 & 4 \\ 
-3 & 3 & 1 
\end{bmatrix}
\]

The determinant of \( M_{14} \) is:

\[
\det(M_{14}) = \begin{vmatrix} 
-2 & 2 & 1 \\ 
-4 & 2 & 4 \\ 
-3 & 3 & 1 
\end{vmatrix}
\]

Using cofactor expansion along the first row:

\[
\det(M_{14}) = -2 \begin{vmatrix} 2 & 4 \\ 3 & 1 \end{vmatrix} - 2 \begin{vmatrix} -4 & 4 \\ -3 & 1 \end{vmatrix} + 1 \begin{vmatrix} -4 & 2 \\ -3 & 3 \end{vmatrix}
\]

Calculate each \(2 \times 2\) determinant:

\[
\begin{vmatrix} 2 & 4 \\ 3 & 1 \end{vmatrix} = (2)(1) - (4)(3) = 2 - 12 = -10
\]

\[
\begin{vmatrix} -4 & 4 \\ -3 & 1 \end{vmatrix} = (-4)(1) - (4)(-3) = -4 + 12 = 8
\]

\[
\begin{vmatrix} -4 & 2 \\ -3 & 3 \end{vmatrix} = (-4)(3) - (2)(-3) = -12 + 6 = -6
\]

Substitute back:

\[
\det(M_{14}) = -2(-10) - 2(8) + 1(-6) = 20 - 16 - 6 = -2
\]

Thus, the cofactor \( C_{14} \) is:

\[
C_{14} = (-1)^{1+4} \det(M_{14}) = (-1)^5 (-2) = 2
\]

### Final Calculation

Substitute the cofactors back into the determinant expansion:

\[
\det(A) = 0 \cdot C_{11} - 2 \cdot C_{12} - 5 \cdot C_{13} - 4 \cdot C_{14}
\]

\[
\det(A) = 0 - 2(18) - 5(14) - 4(2)
\]

\[
\det(A) = -36 - 70 - 8 = -114
\]

Thus, the determinant of the matrix \( A \) is:

\[
\boxed{-114}
\]","To find the determinant of the \(4 \times 4\) matrix \( A \), we can use cofactor expansion along the first row. The matrix \( A \) is:

\[
A = \begin{bmatrix} 
0 & -2 & -5 & -4 \\ 
-2 & 2 & 1 & -3 \\ 
-4 & 2 & 4 & -2 \\ 
-3 & 3 & 1 & -1 
\end{bmatrix}
\]

The determinant of \( A \), denoted as \(\det(A)\), can be expanded along the first row:

\[
\det(A) = 0 \cdot C_{11} - 2 \cdot C_{12} - 5 \cdot C_{13} - 4 \cdot C_{14}
\]

where \( C_{ij} \) is the cofactor of the element \( a_{ij} \). The cofactor \( C_{ij} \) is given by:

\[
C_{ij} = (-1)^{i+j} \det(M_{ij})
\]

where \( M_{ij} \) is the \((n-1) \times (n-1)\) submatrix obtained by deleting the \(i\)-th row and \(j\)-th column from \( A \).

### Step 1: Calculate \( C_{12} \)

The submatrix \( M_{12} \) is obtained by deleting the first row and second column:

\[
M_{12} = \begin{bmatrix} 
-2 & 1 & -3 \\ 
-4 & 4 & -2 \\ 
-3 & 1 & -1 
\end{bmatrix}
\]

The determinant of \( M_{12} \) is:

\[
\det(M_{12}) = \begin{vmatrix} 
-2 & 1 & -3 \\ 
-4 & 4 & -2 \\ 
-3 & 1 & -1 
\end{vmatrix}
\]

Using cofactor expansion along the first row:

\[
\det(M_{12}) = -2 \begin{vmatrix} 4 & -2 \\ 1 & -1 \end{vmatrix} - 1 \begin{vmatrix} -4 & -2 \\ -3 & -1 \end{vmatrix} - 3 \begin{vmatrix} -4 & 4 \\ -3 & 1 \end{vmatrix}
\]

Calculate each \(2 \times 2\) determinant:

\[
\begin{vmatrix} 4 & -2 \\ 1 & -1 \end{vmatrix} = (4)(-1) - (-2)(1) = -4 + 2 = -2
\]

\[
\begin{vmatrix} -4 & -2 \\ -3 & -1 \end{vmatrix} = (-4)(-1) - (-2)(-3) = 4 - 6 = -2
\]

\[
\begin{vmatrix} -4 & 4 \\ -3 & 1 \end{vmatrix} = (-4)(1) - (4)(-3) = -4 + 12 = 8
\]

Substitute back:

\[
\det(M_{12}) = -2(-2) - 1(-2) - 3(8) = 4 + 2 - 24 = -18
\]

Thus, the cofactor \( C_{12} \) is:

\[
C_{12} = (-1)^{1+2} \det(M_{12}) = (-1)^3 (-18) = 18
\]

### Step 2: Calculate \( C_{13} \)

The submatrix \( M_{13} \) is obtained by deleting the first row and third column:

\[
M_{13} = \begin{bmatrix} 
-2 & 2 & -3 \\ 
-4 & 2 & -2 \\ 
-3 & 3 & -1 
\end{bmatrix}
\]

The determinant of \( M_{13} \) is:

\[
\det(M_{13}) = \begin{vmatrix} 
-2 & 2 & -3 \\ 
-4 & 2 & -2 \\ 
-3 & 3 & -1 
\end{vmatrix}
\]

Using cofactor expansion along the first row:

\[
\det(M_{13}) = -2 \begin{vmatrix} 2 & -2 \\ 3 & -1 \end{vmatrix} - 2 \begin{vmatrix} -4 & -2 \\ -3 & -1 \end{vmatrix} - 3 \begin{vmatrix} -4 & 2 \\ -3 & 3 \end{vmatrix}
\]

Calculate each \(2 \times 2\) determinant:

\[
\begin{vmatrix} 2 & -2 \\ 3 & -1 \end{vmatrix} = (2)(-1) - (-2)(3) = -2 + 6 = 4
\]

\[
\begin{vmatrix} -4 & -2 \\ -3 & -1 \end{vmatrix} = (-4)(-1) - (-2)(-3) = 4 - 6 = -2
\]

\[
\begin{vmatrix} -4 & 2 \\ -3 & 3 \end{vmatrix} = (-4)(3) - (2)(-3) = -12 + 6 = -6
\]

Substitute back:

\[
\det(M_{13}) = -2(4) - 2(-2) - 3(-6) = -8 + 4 + 18 = 14
\]

Thus, the cofactor \( C_{13} \) is:

\[
C_{13} = (-1)^{1+3} \det(M_{13}) = (-1)^4 (14) = 14
\]

### Step 3: Calculate \( C_{14} \)

The submatrix \( M_{14} \) is obtained by deleting the first row and fourth column:

\[
M_{14} = \begin{bmatrix} 
-2 & 2 & 1 \\ 
-4 & 2 & 4 \\ 
-3 & 3 & 1 
\end{bmatrix}
\]

The determinant of \( M_{14} \) is:

\[
\det(M_{14}) = \begin{vmatrix} 
-2 & 2 & 1 \\ 
-4 & 2 & 4 \\ 
-3 & 3 & 1 
\end{vmatrix}
\]

Using cofactor expansion along the first row:

\[
\det(M_{14}) = -2 \begin{vmatrix} 2 & 4 \\ 3 & 1 \end{vmatrix} - 2 \begin{vmatrix} -4 & 4 \\ -3 & 1 \end{vmatrix} + 1 \begin{vmatrix} -4 & 2 \\ -3 & 3 \end{vmatrix}
\]

Calculate each \(2 \times 2\) determinant:

\[
\begin{vmatrix} 2 & 4 \\ 3 & 1 \end{vmatrix} = (2)(1) - (4)(3) = 2 - 12 = -10
\]

\[
\begin{vmatrix} -4 & 4 \\ -3 & 1 \end{vmatrix} = (-4)(1) - (4)(-3) = -4 + 12 = 8
\]

\[
\begin{vmatrix} -4 & 2 \\ -3 & 3 \end{vmatrix} = (-4)(3) - (2)(-3) = -12 + 6 = -6
\]

Substitute back:

\[
\det(M_{14}) = -2(-10) - 2(8) + 1(-6) = 20 - 16 - 6 = -2
\]

Thus, the cofactor \( C_{14} \) is:

\[
C_{14} = (-1)^{1+4} \det(M_{14}) = (-1)^5 (-2) = 2
\]

### Final Calculation

Substitute the cofactors back into the determinant expansion:

\[
\det(A) = 0 \cdot C_{11} - 2 \cdot C_{12} - 5 \cdot C_{13} - 4 \cdot C_{14}
\]

\[
\det(A) = 0 - 2(18) - 5(14) - 4(2)
\]

\[
\det(A) = -36 - 70 - 8 = -114
\]

Thus, the determinant of the matrix \( A \) is:

\[
\boxed{-114}
\]",\det(A) = 0 \cdot C_{11} [-] 2 \cdot C_{12} - 5 \cdot,468,agent_c1_leftright,high,sign between 1st and 2nd term of concrete 4x4 expansion,PASS
NC_4x4_det_421,Phi-4,determinant,4,,,correct,\det(A) = -192,-,+,891,"<|im_start|>system<|im_sep|>You are a precise mathematical assistant. Show all computation steps clearly. Always put your final numerical answer inside \boxed{}.<|im_end|><|im_start|>user<|im_sep|>Solve this linear algebra problem. Show your work and give the final answer.

Find the determinant of the 4×4 matrix A.

A = \begin{bmatrix} 0 & 0 & -4 & -4 \\ 5 & 4 & 3 & 0 \\ -2 & -2 & -2 & -3 \\ -3 & 2 & -1 & 1 \end{bmatrix}

<|im_end|><|im_start|>assistant<|im_sep|>To find the determinant of the \(4 \times 4\) matrix \(A\), we can use cofactor expansion along the first row, which contains two zeros, simplifying our calculations. The matrix \(A\) is:

\[
A = \begin{bmatrix} 
0 & 0 & -4 & -4 \\ 
5 & 4 & 3 & 0 \\ 
-2 & -2 & -2 & -3 \\ 
-3 & 2 & -1 & 1 
\end{bmatrix}
\]

The determinant of \(A\), denoted as \(\det(A)\), can be expanded along the first row:

\[
\det(A) = 0 \cdot C_{11} - 0 \cdot C_{12} + (-4) \cdot C_{13} + (-4) \cdot C_{14}
\]

where \(C_{ij}\) is the cofactor of the element \(a_{ij}\). Since the first two terms are multiplied by zero, they vanish, leaving:

\[
\det(A) = -4 \cdot C_{13} - 4 \cdot C_{14}
\]

### Calculating \(C_{13}\):

The cofactor \(C_{13}\) is given by:

\[
C_{13} = (-1)^{1+3} \det(M_{13})
\]

where \(M_{13}\) is the \(3 \times 3\) minor obtained by deleting the first row and third column:

\[
M_{13} = \begin{bmatrix} 
5 & 4 & 0 \\ 
-2 & -2 & -3 \\ 
-3 & 2 & 1 
\end{bmatrix}
\]

The determinant of \(M_{13}\) is:

\[
\det(M_{13}) = 5 \begin{vmatrix} -2 & -3 \\ 2 & 1 \end{vmatrix} - 4 \begin{vmatrix} -2 & -3 \\ -3 & 1 \end{vmatrix} + 0 \begin{vmatrix} -2 & -2 \\ -3 & 2 \end{vmatrix}
\]

Calculating the \(2 \times 2\) determinants:

\[
\begin{vmatrix} -2 & -3 \\ 2 & 1 \end{vmatrix} = (-2)(1) - (-3)(2) = -2 + 6 = 4
\]

\[
\begin{vmatrix} -2 & -3 \\ -3 & 1 \end{vmatrix} = (-2)(1) - (-3)(-3) = -2 - 9 = -11
\]

Thus:

\[
\det(M_{13}) = 5(4) - 4(-11) = 20 + 44 = 64
\]

Therefore:

\[
C_{13} = (-1)^4 \cdot 64 = 64
\]

### Calculating \(C_{14}\):

The cofactor \(C_{14}\) is given by:

\[
C_{14} = (-1)^{1+4} \det(M_{14})
\]

where \(M_{14}\) is the \(3 \times 3\) minor obtained by deleting the first row and fourth column:

\[
M_{14} = \begin{bmatrix} 
5 & 4 & 3 \\ 
-2 & -2 & -2 \\ 
-3 & 2 & -1 
\end{bmatrix}
\]

The determinant of \(M_{14}\) is:

\[
\det(M_{14}) = 5 \begin{vmatrix} -2 & -2 \\ 2 & -1 \end{vmatrix} - 4 \begin{vmatrix} -2 & -2 \\ -3 & -1 \end{vmatrix} + 3 \begin{vmatrix} -2 & -2 \\ -3 & 2 \end{vmatrix}
\]

Calculating the \(2 \times 2\) determinants:

\[
\begin{vmatrix} -2 & -2 \\ 2 & -1 \end{vmatrix} = (-2)(-1) - (-2)(2) = 2 + 4 = 6
\]

\[
\begin{vmatrix} -2 & -2 \\ -3 & -1 \end{vmatrix} = (-2)(-1) - (-2)(-3) = 2 - 6 = -4
\]

\[
\begin{vmatrix} -2 & -2 \\ -3 & 2 \end{vmatrix} = (-2)(2) - (-2)(-3) = -4 - 6 = -10
\]

Thus:

\[
\det(M_{14}) = 5(6) - 4(-4) + 3(-10) = 30 + 16 - 30 = 16
\]

Therefore:

\[
C_{14} = (-1)^5 \cdot 16 = -16
\]

### Final Calculation:

Substituting back into the determinant expression:

\[
\det(A) = -4 \cdot 64 - 4 \cdot (-16) = -256 + 64 = -192
\]

Thus, the determinant of matrix \(A\) is:

\[
\boxed{-192}
\]","To find the determinant of the \(4 \times 4\) matrix \(A\), we can use cofactor expansion along the first row, which contains two zeros, simplifying our calculations. The matrix \(A\) is:

\[
A = \begin{bmatrix} 
0 & 0 & -4 & -4 \\ 
5 & 4 & 3 & 0 \\ 
-2 & -2 & -2 & -3 \\ 
-3 & 2 & -1 & 1 
\end{bmatrix}
\]

The determinant of \(A\), denoted as \(\det(A)\), can be expanded along the first row:

\[
\det(A) = 0 \cdot C_{11} - 0 \cdot C_{12} + (-4) \cdot C_{13} + (-4) \cdot C_{14}
\]

where \(C_{ij}\) is the cofactor of the element \(a_{ij}\). Since the first two terms are multiplied by zero, they vanish, leaving:

\[
\det(A) = -4 \cdot C_{13} - 4 \cdot C_{14}
\]

### Calculating \(C_{13}\):

The cofactor \(C_{13}\) is given by:

\[
C_{13} = (-1)^{1+3} \det(M_{13})
\]

where \(M_{13}\) is the \(3 \times 3\) minor obtained by deleting the first row and third column:

\[
M_{13} = \begin{bmatrix} 
5 & 4 & 0 \\ 
-2 & -2 & -3 \\ 
-3 & 2 & 1 
\end{bmatrix}
\]

The determinant of \(M_{13}\) is:

\[
\det(M_{13}) = 5 \begin{vmatrix} -2 & -3 \\ 2 & 1 \end{vmatrix} - 4 \begin{vmatrix} -2 & -3 \\ -3 & 1 \end{vmatrix} + 0 \begin{vmatrix} -2 & -2 \\ -3 & 2 \end{vmatrix}
\]

Calculating the \(2 \times 2\) determinants:

\[
\begin{vmatrix} -2 & -3 \\ 2 & 1 \end{vmatrix} = (-2)(1) - (-3)(2) = -2 + 6 = 4
\]

\[
\begin{vmatrix} -2 & -3 \\ -3 & 1 \end{vmatrix} = (-2)(1) - (-3)(-3) = -2 - 9 = -11
\]

Thus:

\[
\det(M_{13}) = 5(4) - 4(-11) = 20 + 44 = 64
\]

Therefore:

\[
C_{13} = (-1)^4 \cdot 64 = 64
\]

### Calculating \(C_{14}\):

The cofactor \(C_{14}\) is given by:

\[
C_{14} = (-1)^{1+4} \det(M_{14})
\]

where \(M_{14}\) is the \(3 \times 3\) minor obtained by deleting the first row and fourth column:

\[
M_{14} = \begin{bmatrix} 
5 & 4 & 3 \\ 
-2 & -2 & -2 \\ 
-3 & 2 & -1 
\end{bmatrix}
\]

The determinant of \(M_{14}\) is:

\[
\det(M_{14}) = 5 \begin{vmatrix} -2 & -2 \\ 2 & -1 \end{vmatrix} - 4 \begin{vmatrix} -2 & -2 \\ -3 & -1 \end{vmatrix} + 3 \begin{vmatrix} -2 & -2 \\ -3 & 2 \end{vmatrix}
\]

Calculating the \(2 \times 2\) determinants:

\[
\begin{vmatrix} -2 & -2 \\ 2 & -1 \end{vmatrix} = (-2)(-1) - (-2)(2) = 2 + 4 = 6
\]

\[
\begin{vmatrix} -2 & -2 \\ -3 & -1 \end{vmatrix} = (-2)(-1) - (-2)(-3) = 2 - 6 = -4
\]

\[
\begin{vmatrix} -2 & -2 \\ -3 & 2 \end{vmatrix} = (-2)(2) - (-2)(-3) = -4 - 6 = -10
\]

Thus:

\[
\det(M_{14}) = 5(6) - 4(-4) + 3(-10) = 30 + 16 - 30 = 16
\]

Therefore:

\[
C_{14} = (-1)^5 \cdot 16 = -16
\]

### Final Calculation:

Substituting back into the determinant expression:

\[
\det(A) = -4 \cdot 64 - 4 \cdot (-16) = -256 + 64 = -192
\]

Thus, the determinant of matrix \(A\) is:

\[
\boxed{-192}
\]",\det(A) = 0 \cdot C_{11} [-] 0 \cdot C_{12} + (-4) \c,467,agent_c1_leftright,high,sign between 1st (0 C_11) and 2nd (0 C_12) term of concrete 4x4 expansion,PASS
NC_4x4_det_432,Phi-4,determinant,4,,,correct,\det(A) = 28,-,+,1429,"<|im_start|>system<|im_sep|>You are a precise mathematical assistant. Show all computation steps clearly. Always put your final numerical answer inside \boxed{}.<|im_end|><|im_start|>user<|im_sep|>Solve this linear algebra problem. Show your work and give the final answer.

Find the determinant of the 4×4 matrix A.

A = \begin{bmatrix} -1 & -2 & 4 & -4 \\ 4 & -2 & 1 & 0 \\ -1 & -4 & -1 & 2 \\ 3 & 0 & 1 & -1 \end{bmatrix}

<|im_end|><|im_start|>assistant<|im_sep|>To find the determinant of the \(4 \times 4\) matrix \( A \), we can use cofactor expansion along the first row. The matrix \( A \) is:

\[
A = \begin{bmatrix} 
-1 & -2 & 4 & -4 \\ 
4 & -2 & 1 & 0 \\ 
-1 & -4 & -1 & 2 \\ 
3 & 0 & 1 & -1 
\end{bmatrix}
\]

The determinant of \( A \), denoted as \(\det(A)\), is calculated as follows:

\[
\det(A) = \sum_{j=1}^{4} a_{1j} C_{1j}
\]

where \( a_{1j} \) are the elements of the first row, and \( C_{1j} \) are the corresponding cofactors. The cofactor \( C_{1j} \) is given by:

\[
C_{1j} = (-1)^{1+j} \det(M_{1j})
\]

where \( M_{1j} \) is the \(3 \times 3\) minor matrix obtained by deleting the first row and the \(j\)-th column.

Let's compute each term:

### Term 1: \( a_{11} = -1 \)

The minor \( M_{11} \) is:

\[
M_{11} = \begin{bmatrix} 
-2 & 1 & 0 \\ 
-4 & -1 & 2 \\ 
0 & 1 & -1 
\end{bmatrix}
\]

The determinant of \( M_{11} \) is:

\[
\det(M_{11}) = (-2) \begin{vmatrix} -1 & 2 \\ 1 & -1 \end{vmatrix} - 1 \begin{vmatrix} -4 & 2 \\ 0 & -1 \end{vmatrix} + 0
\]

Calculating the \(2 \times 2\) determinants:

\[
\begin{vmatrix} -1 & 2 \\ 1 & -1 \end{vmatrix} = (-1)(-1) - (2)(1) = 1 - 2 = -1
\]

\[
\begin{vmatrix} -4 & 2 \\ 0 & -1 \end{vmatrix} = (-4)(-1) - (2)(0) = 4
\]

Thus:

\[
\det(M_{11}) = (-2)(-1) - 1(4) = 2 - 4 = -2
\]

The cofactor \( C_{11} \) is:

\[
C_{11} = (-1)^{1+1} \det(M_{11}) = 1 \times (-2) = -2
\]

Contribution to \(\det(A)\):

\[
a_{11} C_{11} = (-1)(-2) = 2
\]

### Term 2: \( a_{12} = -2 \)

The minor \( M_{12} \) is:

\[
M_{12} = \begin{bmatrix} 
4 & 1 & 0 \\ 
-1 & -1 & 2 \\ 
3 & 1 & -1 
\end{bmatrix}
\]

The determinant of \( M_{12} \) is:

\[
\det(M_{12}) = 4 \begin{vmatrix} -1 & 2 \\ 1 & -1 \end{vmatrix} - 1 \begin{vmatrix} -1 & 2 \\ 3 & -1 \end{vmatrix} + 0
\]

Calculating the \(2 \times 2\) determinants:

\[
\begin{vmatrix} -1 & 2 \\ 1 & -1 \end{vmatrix} = -1
\]

\[
\begin{vmatrix} -1 & 2 \\ 3 & -1 \end{vmatrix} = (-1)(-1) - (2)(3) = 1 - 6 = -5
\]

Thus:

\[
\det(M_{12}) = 4(-1) - 1(-5) = -4 + 5 = 1
\]

The cofactor \( C_{12} \) is:

\[
C_{12} = (-1)^{1+2} \det(M_{12}) = -1 \times 1 = -1
\]

Contribution to \(\det(A)\):

\[
a_{12} C_{12} = (-2)(-1) = 2
\]

### Term 3: \( a_{13} = 4 \)

The minor \( M_{13} \) is:

\[
M_{13} = \begin{bmatrix} 
4 & -2 & 0 \\ 
-1 & -4 & 2 \\ 
3 & 0 & -1 
\end{bmatrix}
\]

The determinant of \( M_{13} \) is:

\[
\det(M_{13}) = 4 \begin{vmatrix} -4 & 2 \\ 0 & -1 \end{vmatrix} - (-2) \begin{vmatrix} -1 & 2 \\ 3 & -1 \end{vmatrix} + 0
\]

Calculating the \(2 \times 2\) determinants:

\[
\begin{vmatrix} -4 & 2 \\ 0 & -1 \end{vmatrix} = 4
\]

\[
\begin{vmatrix} -1 & 2 \\ 3 & -1 \end{vmatrix} = -5
\]

Thus:

\[
\det(M_{13}) = 4(4) + 2(-5) = 16 - 10 = 6
\]

The cofactor \( C_{13} \) is:

\[
C_{13} = (-1)^{1+3} \det(M_{13}) = 1 \times 6 = 6
\]

Contribution to \(\det(A)\):

\[
a_{13} C_{13} = 4 \times 6 = 24
\]

### Term 4: \( a_{14} = -4 \)

The minor \( M_{14} \) is:

\[
M_{14} = \begin{bmatrix} 
4 & -2 & 1 \\ 
-1 & -4 & -1 \\ 
3 & 0 & 1 
\end{bmatrix}
\]

The determinant of \( M_{14} \) is:

\[
\det(M_{14}) = 4 \begin{vmatrix} -4 & -1 \\ 0 & 1 \end{vmatrix} - (-2) \begin{vmatrix} -1 & -1 \\ 3 & 1 \end{vmatrix} + 1 \begin{vmatrix} -1 & -4 \\ 3 & 0 \end{vmatrix}
\]

Calculating the \(2 \times 2\) determinants:

\[
\begin{vmatrix} -4 & -1 \\ 0 & 1 \end{vmatrix} = (-4)(1) - (-1)(0) = -4
\]

\[
\begin{vmatrix} -1 & -1 \\ 3 & 1 \end{vmatrix} = (-1)(1) - (-1)(3) = -1 + 3 = 2
\]

\[
\begin{vmatrix} -1 & -4 \\ 3 & 0 \end{vmatrix} = (-1)(0) - (-4)(3) = 12
\]

Thus:

\[
\det(M_{14}) = 4(-4) + 2(2) + 1(12) = -16 + 4 + 12 = 0
\]

The cofactor \( C_{14} \) is:

\[
C_{14} = (-1)^{1+4} \det(M_{14}) = 1 \times 0 = 0
\]

Contribution to \(\det(A)\):

\[
a_{14} C_{14} = (-4)(0) = 0
\]

### Final Calculation

Summing all contributions:

\[
\det(A) = 2 + 2 + 24 + 0 = 28
\]

Thus, the determinant of matrix \( A \) is:

\[
\boxed{28}
\]","To find the determinant of the \(4 \times 4\) matrix \( A \), we can use cofactor expansion along the first row. The matrix \( A \) is:

\[
A = \begin{bmatrix} 
-1 & -2 & 4 & -4 \\ 
4 & -2 & 1 & 0 \\ 
-1 & -4 & -1 & 2 \\ 
3 & 0 & 1 & -1 
\end{bmatrix}
\]

The determinant of \( A \), denoted as \(\det(A)\), is calculated as follows:

\[
\det(A) = \sum_{j=1}^{4} a_{1j} C_{1j}
\]

where \( a_{1j} \) are the elements of the first row, and \( C_{1j} \) are the corresponding cofactors. The cofactor \( C_{1j} \) is given by:

\[
C_{1j} = (-1)^{1+j} \det(M_{1j})
\]

where \( M_{1j} \) is the \(3 \times 3\) minor matrix obtained by deleting the first row and the \(j\)-th column.

Let's compute each term:

### Term 1: \( a_{11} = -1 \)

The minor \( M_{11} \) is:

\[
M_{11} = \begin{bmatrix} 
-2 & 1 & 0 \\ 
-4 & -1 & 2 \\ 
0 & 1 & -1 
\end{bmatrix}
\]

The determinant of \( M_{11} \) is:

\[
\det(M_{11}) = (-2) \begin{vmatrix} -1 & 2 \\ 1 & -1 \end{vmatrix} - 1 \begin{vmatrix} -4 & 2 \\ 0 & -1 \end{vmatrix} + 0
\]

Calculating the \(2 \times 2\) determinants:

\[
\begin{vmatrix} -1 & 2 \\ 1 & -1 \end{vmatrix} = (-1)(-1) - (2)(1) = 1 - 2 = -1
\]

\[
\begin{vmatrix} -4 & 2 \\ 0 & -1 \end{vmatrix} = (-4)(-1) - (2)(0) = 4
\]

Thus:

\[
\det(M_{11}) = (-2)(-1) - 1(4) = 2 - 4 = -2
\]

The cofactor \( C_{11} \) is:

\[
C_{11} = (-1)^{1+1} \det(M_{11}) = 1 \times (-2) = -2
\]

Contribution to \(\det(A)\):

\[
a_{11} C_{11} = (-1)(-2) = 2
\]

### Term 2: \( a_{12} = -2 \)

The minor \( M_{12} \) is:

\[
M_{12} = \begin{bmatrix} 
4 & 1 & 0 \\ 
-1 & -1 & 2 \\ 
3 & 1 & -1 
\end{bmatrix}
\]

The determinant of \( M_{12} \) is:

\[
\det(M_{12}) = 4 \begin{vmatrix} -1 & 2 \\ 1 & -1 \end{vmatrix} - 1 \begin{vmatrix} -1 & 2 \\ 3 & -1 \end{vmatrix} + 0
\]

Calculating the \(2 \times 2\) determinants:

\[
\begin{vmatrix} -1 & 2 \\ 1 & -1 \end{vmatrix} = -1
\]

\[
\begin{vmatrix} -1 & 2 \\ 3 & -1 \end{vmatrix} = (-1)(-1) - (2)(3) = 1 - 6 = -5
\]

Thus:

\[
\det(M_{12}) = 4(-1) - 1(-5) = -4 + 5 = 1
\]

The cofactor \( C_{12} \) is:

\[
C_{12} = (-1)^{1+2} \det(M_{12}) = -1 \times 1 = -1
\]

Contribution to \(\det(A)\):

\[
a_{12} C_{12} = (-2)(-1) = 2
\]

### Term 3: \( a_{13} = 4 \)

The minor \( M_{13} \) is:

\[
M_{13} = \begin{bmatrix} 
4 & -2 & 0 \\ 
-1 & -4 & 2 \\ 
3 & 0 & -1 
\end{bmatrix}
\]

The determinant of \( M_{13} \) is:

\[
\det(M_{13}) = 4 \begin{vmatrix} -4 & 2 \\ 0 & -1 \end{vmatrix} - (-2) \begin{vmatrix} -1 & 2 \\ 3 & -1 \end{vmatrix} + 0
\]

Calculating the \(2 \times 2\) determinants:

\[
\begin{vmatrix} -4 & 2 \\ 0 & -1 \end{vmatrix} = 4
\]

\[
\begin{vmatrix} -1 & 2 \\ 3 & -1 \end{vmatrix} = -5
\]

Thus:

\[
\det(M_{13}) = 4(4) + 2(-5) = 16 - 10 = 6
\]

The cofactor \( C_{13} \) is:

\[
C_{13} = (-1)^{1+3} \det(M_{13}) = 1 \times 6 = 6
\]

Contribution to \(\det(A)\):

\[
a_{13} C_{13} = 4 \times 6 = 24
\]

### Term 4: \( a_{14} = -4 \)

The minor \( M_{14} \) is:

\[
M_{14} = \begin{bmatrix} 
4 & -2 & 1 \\ 
-1 & -4 & -1 \\ 
3 & 0 & 1 
\end{bmatrix}
\]

The determinant of \( M_{14} \) is:

\[
\det(M_{14}) = 4 \begin{vmatrix} -4 & -1 \\ 0 & 1 \end{vmatrix} - (-2) \begin{vmatrix} -1 & -1 \\ 3 & 1 \end{vmatrix} + 1 \begin{vmatrix} -1 & -4 \\ 3 & 0 \end{vmatrix}
\]

Calculating the \(2 \times 2\) determinants:

\[
\begin{vmatrix} -4 & -1 \\ 0 & 1 \end{vmatrix} = (-4)(1) - (-1)(0) = -4
\]

\[
\begin{vmatrix} -1 & -1 \\ 3 & 1 \end{vmatrix} = (-1)(1) - (-1)(3) = -1 + 3 = 2
\]

\[
\begin{vmatrix} -1 & -4 \\ 3 & 0 \end{vmatrix} = (-1)(0) - (-4)(3) = 12
\]

Thus:

\[
\det(M_{14}) = 4(-4) + 2(2) + 1(12) = -16 + 4 + 12 = 0
\]

The cofactor \( C_{14} \) is:

\[
C_{14} = (-1)^{1+4} \det(M_{14}) = 1 \times 0 = 0
\]

Contribution to \(\det(A)\):

\[
a_{14} C_{14} = (-4)(0) = 0
\]

### Final Calculation

Summing all contributions:

\[
\det(A) = 2 + 2 + 24 + 0 = 28
\]

Thus, the determinant of matrix \( A \) is:

\[
\boxed{28}
\]", \\ 1 & -1 \end{vmatrix} [-] 1 \begin{vmatrix} -4 & 2,467,agent_c1_leftright,high,4x4 expansion stated as abstract sum; first concrete between-terms sign is in det(M_11) minor expansion,PASS
NC_4x4_det_447,Phi-4,determinant,4,,,correct,\det(A) = 135,+,-,897,"<|im_start|>system<|im_sep|>You are a precise mathematical assistant. Show all computation steps clearly. Always put your final numerical answer inside \boxed{}.<|im_end|><|im_start|>user<|im_sep|>Solve this linear algebra problem. Show your work and give the final answer.

Find the determinant of the 4×4 matrix A.

A = \begin{bmatrix} -1 & 0 & 1 & 1 \\ 3 & 2 & 4 & 2 \\ -3 & 3 & 0 & 3 \\ 0 & 0 & 0 & 5 \end{bmatrix}

<|im_end|><|im_start|>assistant<|im_sep|>To find the determinant of the \(4 \times 4\) matrix \( A \), we can use cofactor expansion along a row or column that simplifies the calculation. Here, the fourth row has three zeros, which makes it a good candidate for expansion.

The matrix \( A \) is:

\[
A = \begin{bmatrix} 
-1 & 0 & 1 & 1 \\ 
3 & 2 & 4 & 2 \\ 
-3 & 3 & 0 & 3 \\ 
0 & 0 & 0 & 5 
\end{bmatrix}
\]

We will expand along the fourth row:

\[
\det(A) = 0 \cdot C_{41} + 0 \cdot C_{42} + 0 \cdot C_{43} + 5 \cdot C_{44}
\]

Since the first three terms are multiplied by zero, they vanish, leaving:

\[
\det(A) = 5 \cdot C_{44}
\]

The cofactor \( C_{44} \) is given by:

\[
C_{44} = (-1)^{4+4} \det(M_{44})
\]

where \( M_{44} \) is the \(3 \times 3\) submatrix obtained by removing the fourth row and fourth column from \( A \):

\[
M_{44} = \begin{bmatrix} 
-1 & 0 & 1 \\ 
3 & 2 & 4 \\ 
-3 & 3 & 0 
\end{bmatrix}
\]

Since \( (-1)^{4+4} = 1 \), we have:

\[
C_{44} = \det(M_{44})
\]

Now, we calculate \(\det(M_{44})\) using cofactor expansion along the first row:

\[
\det(M_{44}) = (-1) \cdot \det\begin{bmatrix} 2 & 4 \\ 3 & 0 \end{bmatrix} - 0 \cdot \det\begin{bmatrix} 3 & 4 \\ -3 & 0 \end{bmatrix} + 1 \cdot \det\begin{bmatrix} 3 & 2 \\ -3 & 3 \end{bmatrix}
\]

Calculating each \(2 \times 2\) determinant:

1. \(\det\begin{bmatrix} 2 & 4 \\ 3 & 0 \end{bmatrix} = (2)(0) - (4)(3) = 0 - 12 = -12\)

2. \(\det\begin{bmatrix} 3 & 2 \\ -3 & 3 \end{bmatrix} = (3)(3) - (2)(-3) = 9 + 6 = 15\)

Substituting back:

\[
\det(M_{44}) = (-1)(-12) + 0 + 1(15) = 12 + 15 = 27
\]

Thus, \( C_{44} = 27 \).

Finally, substituting back to find \(\det(A)\):

\[
\det(A) = 5 \cdot 27 = 135
\]

Therefore, the determinant of matrix \( A \) is \(\boxed{135}\).","To find the determinant of the \(4 \times 4\) matrix \( A \), we can use cofactor expansion along a row or column that simplifies the calculation. Here, the fourth row has three zeros, which makes it a good candidate for expansion.

The matrix \( A \) is:

\[
A = \begin{bmatrix} 
-1 & 0 & 1 & 1 \\ 
3 & 2 & 4 & 2 \\ 
-3 & 3 & 0 & 3 \\ 
0 & 0 & 0 & 5 
\end{bmatrix}
\]

We will expand along the fourth row:

\[
\det(A) = 0 \cdot C_{41} + 0 \cdot C_{42} + 0 \cdot C_{43} + 5 \cdot C_{44}
\]

Since the first three terms are multiplied by zero, they vanish, leaving:

\[
\det(A) = 5 \cdot C_{44}
\]

The cofactor \( C_{44} \) is given by:

\[
C_{44} = (-1)^{4+4} \det(M_{44})
\]

where \( M_{44} \) is the \(3 \times 3\) submatrix obtained by removing the fourth row and fourth column from \( A \):

\[
M_{44} = \begin{bmatrix} 
-1 & 0 & 1 \\ 
3 & 2 & 4 \\ 
-3 & 3 & 0 
\end{bmatrix}
\]

Since \( (-1)^{4+4} = 1 \), we have:

\[
C_{44} = \det(M_{44})
\]

Now, we calculate \(\det(M_{44})\) using cofactor expansion along the first row:

\[
\det(M_{44}) = (-1) \cdot \det\begin{bmatrix} 2 & 4 \\ 3 & 0 \end{bmatrix} - 0 \cdot \det\begin{bmatrix} 3 & 4 \\ -3 & 0 \end{bmatrix} + 1 \cdot \det\begin{bmatrix} 3 & 2 \\ -3 & 3 \end{bmatrix}
\]

Calculating each \(2 \times 2\) determinant:

1. \(\det\begin{bmatrix} 2 & 4 \\ 3 & 0 \end{bmatrix} = (2)(0) - (4)(3) = 0 - 12 = -12\)

2. \(\det\begin{bmatrix} 3 & 2 \\ -3 & 3 \end{bmatrix} = (3)(3) - (2)(-3) = 9 + 6 = 15\)

Substituting back:

\[
\det(M_{44}) = (-1)(-12) + 0 + 1(15) = 12 + 15 = 27
\]

Thus, \( C_{44} = 27 \).

Finally, substituting back to find \(\det(A)\):

\[
\det(A) = 5 \cdot 27 = 135
\]

Therefore, the determinant of matrix \( A \) is \(\boxed{135}\).",\det(A) = 0 \cdot C_{41} [+] 0 \cdot C_{42} + 0 \cdot,461,agent_c1_leftright,high,sign between 1st and 2nd term of concrete 4x4 expansion along row 4,PASS
NC_4x4_det_448,Phi-4,determinant,4,,,correct,\det(A) = 369,-,+,851,"<|im_start|>system<|im_sep|>You are a precise mathematical assistant. Show all computation steps clearly. Always put your final numerical answer inside \boxed{}.<|im_end|><|im_start|>user<|im_sep|>Solve this linear algebra problem. Show your work and give the final answer.

Find the determinant of the 4×4 matrix A.

A = \begin{bmatrix} -5 & 2 & 1 & 0 \\ 1 & -5 & 2 & 1 \\ -3 & 4 & 4 & -5 \\ 1 & 5 & 5 & -5 \end{bmatrix}

<|im_end|><|im_start|>assistant<|im_sep|>To find the determinant of the \(4 \times 4\) matrix \( A \), we can use cofactor expansion along the first row. The matrix \( A \) is given by:

\[
A = \begin{bmatrix} 
-5 & 2 & 1 & 0 \\ 
1 & -5 & 2 & 1 \\ 
-3 & 4 & 4 & -5 \\ 
1 & 5 & 5 & -5 
\end{bmatrix}
\]

The determinant of \( A \), denoted as \(\det(A)\), can be expanded along the first row:

\[
\det(A) = -5 \cdot \det(A_{11}) - 2 \cdot \det(A_{12}) + 1 \cdot \det(A_{13}) + 0 \cdot \det(A_{14})
\]

where \( A_{ij} \) is the \((i,j)\)-minor of \( A \), obtained by deleting the \(i\)-th row and \(j\)-th column.

### Step 1: Calculate \(\det(A_{11})\)

The minor \( A_{11} \) is:

\[
A_{11} = \begin{bmatrix} 
-5 & 2 & 1 \\ 
4 & 4 & -5 \\ 
5 & 5 & -5 
\end{bmatrix}
\]

The determinant of a \(3 \times 3\) matrix is calculated as:

\[
\det(A_{11}) = (-5) \begin{vmatrix} 4 & -5 \\ 5 & -5 \end{vmatrix} - 2 \begin{vmatrix} 4 & -5 \\ 5 & -5 \end{vmatrix} + 1 \begin{vmatrix} 4 & 4 \\ 5 & 5 \end{vmatrix}
\]

Calculating each \(2 \times 2\) determinant:

\[
\begin{vmatrix} 4 & -5 \\ 5 & -5 \end{vmatrix} = (4)(-5) - (-5)(5) = -20 + 25 = 5
\]

\[
\begin{vmatrix} 4 & 4 \\ 5 & 5 \end{vmatrix} = (4)(5) - (4)(5) = 20 - 20 = 0
\]

Substitute back:

\[
\det(A_{11}) = (-5)(5) - 2(5) + 1(0) = -25 - 10 + 0 = -35
\]

### Step 2: Calculate \(\det(A_{12})\)

The minor \( A_{12} \) is:

\[
A_{12} = \begin{bmatrix} 
1 & 2 & 1 \\ 
-3 & 4 & -5 \\ 
1 & 5 & -5 
\end{bmatrix}
\]

The determinant is:

\[
\det(A_{12}) = 1 \begin{vmatrix} 4 & -5 \\ 5 & -5 \end{vmatrix} - 2 \begin{vmatrix} -3 & -5 \\ 1 & -5 \end{vmatrix} + 1 \begin{vmatrix} -3 & 4 \\ 1 & 5 \end{vmatrix}
\]

Calculating each \(2 \times 2\) determinant:

\[
\begin{vmatrix} 4 & -5 \\ 5 & -5 \end{vmatrix} = 5 \quad \text{(already calculated)}
\]

\[
\begin{vmatrix} -3 & -5 \\ 1 & -5 \end{vmatrix} = (-3)(-5) - (-5)(1) = 15 + 5 = 20
\]

\[
\begin{vmatrix} -3 & 4 \\ 1 & 5 \end{vmatrix} = (-3)(5) - (4)(1) = -15 - 4 = -19
\]

Substitute back:

\[
\det(A_{12}) = 1(5) - 2(20) + 1(-19) = 5 - 40 - 19 = -54
\]

### Step 3: Calculate \(\det(A_{13})\)

The minor \( A_{13} \) is:

\[
A_{13} = \begin{bmatrix} 
1 & -5 & 1 \\ 
-3 & 4 & -5 \\ 
1 & 5 & -5 
\end{bmatrix}
\]

The determinant is:

\[
\det(A_{13}) = 1 \begin{vmatrix} 4 & -5 \\ 5 & -5 \end{vmatrix} + 5 \begin{vmatrix} -3 & -5 \\ 1 & -5 \end{vmatrix} + 1 \begin{vmatrix} -3 & 4 \\ 1 & 5 \end{vmatrix}
\]

Using previously calculated \(2 \times 2\) determinants:

\[
\det(A_{13}) = 1(5) + 5(20) + 1(-19) = 5 + 100 - 19 = 86
\]

### Final Calculation

Substitute back into the determinant expansion:

\[
\det(A) = -5(-35) - 2(-54) + 1(86) + 0
\]

\[
= 175 + 108 + 86
\]

\[
= 369
\]

Thus, the determinant of matrix \( A \) is \(\boxed{369}\).","To find the determinant of the \(4 \times 4\) matrix \( A \), we can use cofactor expansion along the first row. The matrix \( A \) is given by:

\[
A = \begin{bmatrix} 
-5 & 2 & 1 & 0 \\ 
1 & -5 & 2 & 1 \\ 
-3 & 4 & 4 & -5 \\ 
1 & 5 & 5 & -5 
\end{bmatrix}
\]

The determinant of \( A \), denoted as \(\det(A)\), can be expanded along the first row:

\[
\det(A) = -5 \cdot \det(A_{11}) - 2 \cdot \det(A_{12}) + 1 \cdot \det(A_{13}) + 0 \cdot \det(A_{14})
\]

where \( A_{ij} \) is the \((i,j)\)-minor of \( A \), obtained by deleting the \(i\)-th row and \(j\)-th column.

### Step 1: Calculate \(\det(A_{11})\)

The minor \( A_{11} \) is:

\[
A_{11} = \begin{bmatrix} 
-5 & 2 & 1 \\ 
4 & 4 & -5 \\ 
5 & 5 & -5 
\end{bmatrix}
\]

The determinant of a \(3 \times 3\) matrix is calculated as:

\[
\det(A_{11}) = (-5) \begin{vmatrix} 4 & -5 \\ 5 & -5 \end{vmatrix} - 2 \begin{vmatrix} 4 & -5 \\ 5 & -5 \end{vmatrix} + 1 \begin{vmatrix} 4 & 4 \\ 5 & 5 \end{vmatrix}
\]

Calculating each \(2 \times 2\) determinant:

\[
\begin{vmatrix} 4 & -5 \\ 5 & -5 \end{vmatrix} = (4)(-5) - (-5)(5) = -20 + 25 = 5
\]

\[
\begin{vmatrix} 4 & 4 \\ 5 & 5 \end{vmatrix} = (4)(5) - (4)(5) = 20 - 20 = 0
\]

Substitute back:

\[
\det(A_{11}) = (-5)(5) - 2(5) + 1(0) = -25 - 10 + 0 = -35
\]

### Step 2: Calculate \(\det(A_{12})\)

The minor \( A_{12} \) is:

\[
A_{12} = \begin{bmatrix} 
1 & 2 & 1 \\ 
-3 & 4 & -5 \\ 
1 & 5 & -5 
\end{bmatrix}
\]

The determinant is:

\[
\det(A_{12}) = 1 \begin{vmatrix} 4 & -5 \\ 5 & -5 \end{vmatrix} - 2 \begin{vmatrix} -3 & -5 \\ 1 & -5 \end{vmatrix} + 1 \begin{vmatrix} -3 & 4 \\ 1 & 5 \end{vmatrix}
\]

Calculating each \(2 \times 2\) determinant:

\[
\begin{vmatrix} 4 & -5 \\ 5 & -5 \end{vmatrix} = 5 \quad \text{(already calculated)}
\]

\[
\begin{vmatrix} -3 & -5 \\ 1 & -5 \end{vmatrix} = (-3)(-5) - (-5)(1) = 15 + 5 = 20
\]

\[
\begin{vmatrix} -3 & 4 \\ 1 & 5 \end{vmatrix} = (-3)(5) - (4)(1) = -15 - 4 = -19
\]

Substitute back:

\[
\det(A_{12}) = 1(5) - 2(20) + 1(-19) = 5 - 40 - 19 = -54
\]

### Step 3: Calculate \(\det(A_{13})\)

The minor \( A_{13} \) is:

\[
A_{13} = \begin{bmatrix} 
1 & -5 & 1 \\ 
-3 & 4 & -5 \\ 
1 & 5 & -5 
\end{bmatrix}
\]

The determinant is:

\[
\det(A_{13}) = 1 \begin{vmatrix} 4 & -5 \\ 5 & -5 \end{vmatrix} + 5 \begin{vmatrix} -3 & -5 \\ 1 & -5 \end{vmatrix} + 1 \begin{vmatrix} -3 & 4 \\ 1 & 5 \end{vmatrix}
\]

Using previously calculated \(2 \times 2\) determinants:

\[
\det(A_{13}) = 1(5) + 5(20) + 1(-19) = 5 + 100 - 19 = 86
\]

### Final Calculation

Substitute back into the determinant expansion:

\[
\det(A) = -5(-35) - 2(-54) + 1(86) + 0
\]

\[
= 175 + 108 + 86
\]

\[
= 369
\]

Thus, the determinant of matrix \( A \) is \(\boxed{369}\).", = -5 \cdot \det(A_{11}) [-] 2 \cdot \det(A_{12}) + 1,464,agent_c1_leftright,high,sign between 1st (-5 det A_11) and 2nd term; leading -5 is entry value,PASS
NC_4x4_det_454,Phi-4,determinant,4,,,correct,\det(A) = -24,-,+,889,"<|im_start|>system<|im_sep|>You are a precise mathematical assistant. Show all computation steps clearly. Always put your final numerical answer inside \boxed{}.<|im_end|><|im_start|>user<|im_sep|>Solve this linear algebra problem. Show your work and give the final answer.

Find the determinant of the 4×4 matrix A.

A = \begin{bmatrix} 0 & 0 & -1 & 0 \\ 4 & 4 & 3 & -3 \\ -5 & -3 & -5 & -1 \\ 3 & 5 & 4 & -4 \end{bmatrix}

<|im_end|><|im_start|>assistant<|im_sep|>To find the determinant of the \(4 \times 4\) matrix \(A\), we can use cofactor expansion along the first row, which contains two zeros, simplifying our calculations. The matrix \(A\) is:

\[
A = \begin{bmatrix} 
0 & 0 & -1 & 0 \\ 
4 & 4 & 3 & -3 \\ 
-5 & -3 & -5 & -1 \\ 
3 & 5 & 4 & -4 
\end{bmatrix}
\]

The determinant of \(A\), denoted as \(\det(A)\), can be expanded along the first row:

\[
\det(A) = 0 \cdot C_{11} - 0 \cdot C_{12} + (-1) \cdot C_{13} + 0 \cdot C_{14}
\]

where \(C_{ij}\) is the cofactor of the element \(a_{ij}\). Since the first, second, and fourth terms are multiplied by zero, they do not contribute to the determinant. We only need to calculate the cofactor \(C_{13}\).

The cofactor \(C_{13}\) is given by:

\[
C_{13} = (-1)^{1+3} \det(M_{13})
\]

where \(M_{13}\) is the \(3 \times 3\) minor obtained by deleting the first row and third column of \(A\):

\[
M_{13} = \begin{bmatrix} 
4 & 4 & -3 \\ 
-5 & -3 & -1 \\ 
3 & 5 & -4 
\end{bmatrix}
\]

The sign \((-1)^{1+3} = (-1)^4 = 1\), so:

\[
C_{13} = \det(M_{13})
\]

Now, we calculate \(\det(M_{13})\) using cofactor expansion along the first row:

\[
\det(M_{13}) = 4 \cdot \det\begin{bmatrix} -3 & -1 \\ 5 & -4 \end{bmatrix} - 4 \cdot \det\begin{bmatrix} -5 & -1 \\ 3 & -4 \end{bmatrix} + (-3) \cdot \det\begin{bmatrix} -5 & -3 \\ 3 & 5 \end{bmatrix}
\]

Calculate each \(2 \times 2\) determinant:

1. \(\det\begin{bmatrix} -3 & -1 \\ 5 & -4 \end{bmatrix} = (-3)(-4) - (-1)(5) = 12 + 5 = 17\)

2. \(\det\begin{bmatrix} -5 & -1 \\ 3 & -4 \end{bmatrix} = (-5)(-4) - (-1)(3) = 20 + 3 = 23\)

3. \(\det\begin{bmatrix} -5 & -3 \\ 3 & 5 \end{bmatrix} = (-5)(5) - (-3)(3) = -25 + 9 = -16\)

Substitute these back into the expression for \(\det(M_{13})\):

\[
\det(M_{13}) = 4 \cdot 17 - 4 \cdot 23 - 3 \cdot (-16)
\]

\[
= 68 - 92 + 48
\]

\[
= 68 + 48 - 92
\]

\[
= 116 - 92
\]

\[
= 24
\]

Thus, \(C_{13} = 24\).

Finally, the determinant of \(A\) is:

\[
\det(A) = (-1) \cdot C_{13} = -24
\]

Therefore, the determinant of the matrix \(A\) is \(\boxed{-24}\).","To find the determinant of the \(4 \times 4\) matrix \(A\), we can use cofactor expansion along the first row, which contains two zeros, simplifying our calculations. The matrix \(A\) is:

\[
A = \begin{bmatrix} 
0 & 0 & -1 & 0 \\ 
4 & 4 & 3 & -3 \\ 
-5 & -3 & -5 & -1 \\ 
3 & 5 & 4 & -4 
\end{bmatrix}
\]

The determinant of \(A\), denoted as \(\det(A)\), can be expanded along the first row:

\[
\det(A) = 0 \cdot C_{11} - 0 \cdot C_{12} + (-1) \cdot C_{13} + 0 \cdot C_{14}
\]

where \(C_{ij}\) is the cofactor of the element \(a_{ij}\). Since the first, second, and fourth terms are multiplied by zero, they do not contribute to the determinant. We only need to calculate the cofactor \(C_{13}\).

The cofactor \(C_{13}\) is given by:

\[
C_{13} = (-1)^{1+3} \det(M_{13})
\]

where \(M_{13}\) is the \(3 \times 3\) minor obtained by deleting the first row and third column of \(A\):

\[
M_{13} = \begin{bmatrix} 
4 & 4 & -3 \\ 
-5 & -3 & -1 \\ 
3 & 5 & -4 
\end{bmatrix}
\]

The sign \((-1)^{1+3} = (-1)^4 = 1\), so:

\[
C_{13} = \det(M_{13})
\]

Now, we calculate \(\det(M_{13})\) using cofactor expansion along the first row:

\[
\det(M_{13}) = 4 \cdot \det\begin{bmatrix} -3 & -1 \\ 5 & -4 \end{bmatrix} - 4 \cdot \det\begin{bmatrix} -5 & -1 \\ 3 & -4 \end{bmatrix} + (-3) \cdot \det\begin{bmatrix} -5 & -3 \\ 3 & 5 \end{bmatrix}
\]

Calculate each \(2 \times 2\) determinant:

1. \(\det\begin{bmatrix} -3 & -1 \\ 5 & -4 \end{bmatrix} = (-3)(-4) - (-1)(5) = 12 + 5 = 17\)

2. \(\det\begin{bmatrix} -5 & -1 \\ 3 & -4 \end{bmatrix} = (-5)(-4) - (-1)(3) = 20 + 3 = 23\)

3. \(\det\begin{bmatrix} -5 & -3 \\ 3 & 5 \end{bmatrix} = (-5)(5) - (-3)(3) = -25 + 9 = -16\)

Substitute these back into the expression for \(\det(M_{13})\):

\[
\det(M_{13}) = 4 \cdot 17 - 4 \cdot 23 - 3 \cdot (-16)
\]

\[
= 68 - 92 + 48
\]

\[
= 68 + 48 - 92
\]

\[
= 116 - 92
\]

\[
= 24
\]

Thus, \(C_{13} = 24\).

Finally, the determinant of \(A\) is:

\[
\det(A) = (-1) \cdot C_{13} = -24
\]

Therefore, the determinant of the matrix \(A\) is \(\boxed{-24}\).",\det(A) = 0 \cdot C_{11} [-] 0 \cdot C_{12} + (-1) \c,466,agent_c1_leftright,high,sign between 1st (0 C_11) and 2nd (0 C_12) term of concrete 4x4 expansion,PASS
NC_4x4_det_458,Phi-4,determinant,4,,,correct,\det(A) = 42,-,+,843,"<|im_start|>system<|im_sep|>You are a precise mathematical assistant. Show all computation steps clearly. Always put your final numerical answer inside \boxed{}.<|im_end|><|im_start|>user<|im_sep|>Solve this linear algebra problem. Show your work and give the final answer.

Find the determinant of the 4×4 matrix A.

A = \begin{bmatrix} 1 & -5 & 2 & 0 \\ -5 & 1 & 5 & 3 \\ 3 & -5 & -2 & -4 \\ 3 & -1 & -1 & 2 \end{bmatrix}

<|im_end|><|im_start|>assistant<|im_sep|>To find the determinant of the \(4 \times 4\) matrix \(A\), we will use cofactor expansion along the first row. The matrix \(A\) is given by:

\[
A = \begin{bmatrix} 
1 & -5 & 2 & 0 \\ 
-5 & 1 & 5 & 3 \\ 
3 & -5 & -2 & -4 \\ 
3 & -1 & -1 & 2 
\end{bmatrix}
\]

The determinant of \(A\), denoted as \(\det(A)\), can be expanded along the first row:

\[
\det(A) = 1 \cdot C_{11} - 5 \cdot C_{12} + 2 \cdot C_{13} + 0 \cdot C_{14}
\]

where \(C_{ij}\) is the cofactor of the element in the \(i\)-th row and \(j\)-th column. The cofactor \(C_{ij}\) is given by:

\[
C_{ij} = (-1)^{i+j} \det(M_{ij})
\]

where \(M_{ij}\) is the \((n-1) \times (n-1)\) submatrix obtained by deleting the \(i\)-th row and \(j\)-th column from \(A\).

### Step 1: Calculate \(C_{11}\)

The submatrix \(M_{11}\) is obtained by deleting the first row and first column:

\[
M_{11} = \begin{bmatrix} 
1 & 5 & 3 \\ 
-5 & -2 & -4 \\ 
-1 & -1 & 2 
\end{bmatrix}
\]

The determinant of \(M_{11}\) is:

\[
\det(M_{11}) = 1 \begin{vmatrix} -2 & -4 \\ -1 & 2 \end{vmatrix} - 5 \begin{vmatrix} -5 & -4 \\ -1 & 2 \end{vmatrix} + 3 \begin{vmatrix} -5 & -2 \\ -1 & -1 \end{vmatrix}
\]

Calculating each \(2 \times 2\) determinant:

\[
\begin{vmatrix} -2 & -4 \\ -1 & 2 \end{vmatrix} = (-2)(2) - (-4)(-1) = -4 - 4 = -8
\]

\[
\begin{vmatrix} -5 & -4 \\ -1 & 2 \end{vmatrix} = (-5)(2) - (-4)(-1) = -10 - 4 = -14
\]

\[
\begin{vmatrix} -5 & -2 \\ -1 & -1 \end{vmatrix} = (-5)(-1) - (-2)(-1) = 5 - 2 = 3
\]

Substituting back:

\[
\det(M_{11}) = 1(-8) - 5(-14) + 3(3) = -8 + 70 + 9 = 71
\]

Thus, \(C_{11} = (-1)^{1+1} \cdot 71 = 71\).

### Step 2: Calculate \(C_{12}\)

The submatrix \(M_{12}\) is obtained by deleting the first row and second column:

\[
M_{12} = \begin{bmatrix} 
-5 & 5 & 3 \\ 
3 & -2 & -4 \\ 
3 & -1 & 2 
\end{bmatrix}
\]

The determinant of \(M_{12}\) is:

\[
\det(M_{12}) = -5 \begin{vmatrix} -2 & -4 \\ -1 & 2 \end{vmatrix} - 5 \begin{vmatrix} 3 & -4 \\ 3 & 2 \end{vmatrix} + 3 \begin{vmatrix} 3 & -2 \\ 3 & -1 \end{vmatrix}
\]

Calculating each \(2 \times 2\) determinant:

\[
\begin{vmatrix} -2 & -4 \\ -1 & 2 \end{vmatrix} = -8 \quad \text{(already calculated)}
\]

\[
\begin{vmatrix} 3 & -4 \\ 3 & 2 \end{vmatrix} = (3)(2) - (-4)(3) = 6 + 12 = 18
\]

\[
\begin{vmatrix} 3 & -2 \\ 3 & -1 \end{vmatrix} = (3)(-1) - (-2)(3) = -3 + 6 = 3
\]

Substituting back:

\[
\det(M_{12}) = -5(-8) - 5(18) + 3(3) = 40 - 90 + 9 = -41
\]

Thus, \(C_{12} = (-1)^{1+2} \cdot (-41) = 41\).

### Step 3: Calculate \(C_{13}\)

The submatrix \(M_{13}\) is obtained by deleting the first row and third column:

\[
M_{13} = \begin{bmatrix} 
-5 & 1 & 3 \\ 
3 & -5 & -4 \\ 
3 & -1 & 2 
\end{bmatrix}
\]

The determinant of \(M_{13}\) is:

\[
\det(M_{13}) = -5 \begin{vmatrix} -5 & -4 \\ -1 & 2 \end{vmatrix} - 1 \begin{vmatrix} 3 & -4 \\ 3 & 2 \end{vmatrix} + 3 \begin{vmatrix} 3 & -5 \\ 3 & -1 \end{vmatrix}
\]

Calculating each \(2 \times 2\) determinant:

\[
\begin{vmatrix} -5 & -4 \\ -1 & 2 \end{vmatrix} = -14 \quad \text{(already calculated)}
\]

\[
\begin{vmatrix} 3 & -4 \\ 3 & 2 \end{vmatrix} = 18 \quad \text{(already calculated)}
\]

\[
\begin{vmatrix} 3 & -5 \\ 3 & -1 \end{vmatrix} = (3)(-1) - (-5)(3) = -3 + 15 = 12
\]

Substituting back:

\[
\det(M_{13}) = -5(-14) - 1(18) + 3(12) = 70 - 18 + 36 = 88
\]

Thus, \(C_{13} = (-1)^{1+3} \cdot 88 = 88\).

### Final Calculation

Substitute the cofactors back into the determinant expansion:

\[
\det(A) = 1 \cdot 71 - 5 \cdot 41 + 2 \cdot 88 + 0 \cdot C_{14}
\]

\[
= 71 - 205 + 176
\]

\[
= 71 - 205 + 176 = 42
\]

Thus, the determinant of matrix \(A\) is \(\boxed{42}\).","To find the determinant of the \(4 \times 4\) matrix \(A\), we will use cofactor expansion along the first row. The matrix \(A\) is given by:

\[
A = \begin{bmatrix} 
1 & -5 & 2 & 0 \\ 
-5 & 1 & 5 & 3 \\ 
3 & -5 & -2 & -4 \\ 
3 & -1 & -1 & 2 
\end{bmatrix}
\]

The determinant of \(A\), denoted as \(\det(A)\), can be expanded along the first row:

\[
\det(A) = 1 \cdot C_{11} - 5 \cdot C_{12} + 2 \cdot C_{13} + 0 \cdot C_{14}
\]

where \(C_{ij}\) is the cofactor of the element in the \(i\)-th row and \(j\)-th column. The cofactor \(C_{ij}\) is given by:

\[
C_{ij} = (-1)^{i+j} \det(M_{ij})
\]

where \(M_{ij}\) is the \((n-1) \times (n-1)\) submatrix obtained by deleting the \(i\)-th row and \(j\)-th column from \(A\).

### Step 1: Calculate \(C_{11}\)

The submatrix \(M_{11}\) is obtained by deleting the first row and first column:

\[
M_{11} = \begin{bmatrix} 
1 & 5 & 3 \\ 
-5 & -2 & -4 \\ 
-1 & -1 & 2 
\end{bmatrix}
\]

The determinant of \(M_{11}\) is:

\[
\det(M_{11}) = 1 \begin{vmatrix} -2 & -4 \\ -1 & 2 \end{vmatrix} - 5 \begin{vmatrix} -5 & -4 \\ -1 & 2 \end{vmatrix} + 3 \begin{vmatrix} -5 & -2 \\ -1 & -1 \end{vmatrix}
\]

Calculating each \(2 \times 2\) determinant:

\[
\begin{vmatrix} -2 & -4 \\ -1 & 2 \end{vmatrix} = (-2)(2) - (-4)(-1) = -4 - 4 = -8
\]

\[
\begin{vmatrix} -5 & -4 \\ -1 & 2 \end{vmatrix} = (-5)(2) - (-4)(-1) = -10 - 4 = -14
\]

\[
\begin{vmatrix} -5 & -2 \\ -1 & -1 \end{vmatrix} = (-5)(-1) - (-2)(-1) = 5 - 2 = 3
\]

Substituting back:

\[
\det(M_{11}) = 1(-8) - 5(-14) + 3(3) = -8 + 70 + 9 = 71
\]

Thus, \(C_{11} = (-1)^{1+1} \cdot 71 = 71\).

### Step 2: Calculate \(C_{12}\)

The submatrix \(M_{12}\) is obtained by deleting the first row and second column:

\[
M_{12} = \begin{bmatrix} 
-5 & 5 & 3 \\ 
3 & -2 & -4 \\ 
3 & -1 & 2 
\end{bmatrix}
\]

The determinant of \(M_{12}\) is:

\[
\det(M_{12}) = -5 \begin{vmatrix} -2 & -4 \\ -1 & 2 \end{vmatrix} - 5 \begin{vmatrix} 3 & -4 \\ 3 & 2 \end{vmatrix} + 3 \begin{vmatrix} 3 & -2 \\ 3 & -1 \end{vmatrix}
\]

Calculating each \(2 \times 2\) determinant:

\[
\begin{vmatrix} -2 & -4 \\ -1 & 2 \end{vmatrix} = -8 \quad \text{(already calculated)}
\]

\[
\begin{vmatrix} 3 & -4 \\ 3 & 2 \end{vmatrix} = (3)(2) - (-4)(3) = 6 + 12 = 18
\]

\[
\begin{vmatrix} 3 & -2 \\ 3 & -1 \end{vmatrix} = (3)(-1) - (-2)(3) = -3 + 6 = 3
\]

Substituting back:

\[
\det(M_{12}) = -5(-8) - 5(18) + 3(3) = 40 - 90 + 9 = -41
\]

Thus, \(C_{12} = (-1)^{1+2} \cdot (-41) = 41\).

### Step 3: Calculate \(C_{13}\)

The submatrix \(M_{13}\) is obtained by deleting the first row and third column:

\[
M_{13} = \begin{bmatrix} 
-5 & 1 & 3 \\ 
3 & -5 & -4 \\ 
3 & -1 & 2 
\end{bmatrix}
\]

The determinant of \(M_{13}\) is:

\[
\det(M_{13}) = -5 \begin{vmatrix} -5 & -4 \\ -1 & 2 \end{vmatrix} - 1 \begin{vmatrix} 3 & -4 \\ 3 & 2 \end{vmatrix} + 3 \begin{vmatrix} 3 & -5 \\ 3 & -1 \end{vmatrix}
\]

Calculating each \(2 \times 2\) determinant:

\[
\begin{vmatrix} -5 & -4 \\ -1 & 2 \end{vmatrix} = -14 \quad \text{(already calculated)}
\]

\[
\begin{vmatrix} 3 & -4 \\ 3 & 2 \end{vmatrix} = 18 \quad \text{(already calculated)}
\]

\[
\begin{vmatrix} 3 & -5 \\ 3 & -1 \end{vmatrix} = (3)(-1) - (-5)(3) = -3 + 15 = 12
\]

Substituting back:

\[
\det(M_{13}) = -5(-14) - 1(18) + 3(12) = 70 - 18 + 36 = 88
\]

Thus, \(C_{13} = (-1)^{1+3} \cdot 88 = 88\).

### Final Calculation

Substitute the cofactors back into the determinant expansion:

\[
\det(A) = 1 \cdot 71 - 5 \cdot 41 + 2 \cdot 88 + 0 \cdot C_{14}
\]

\[
= 71 - 205 + 176
\]

\[
= 71 - 205 + 176 = 42
\]

Thus, the determinant of matrix \(A\) is \(\boxed{42}\).",\det(A) = 1 \cdot C_{11} [-] 5 \cdot C_{12} + 2 \cdot,466,agent_c1_leftright,high,sign between 1st and 2nd term of concrete 4x4 expansion,PASS
NC_4x4_det_471,Phi-4,determinant,4,,,correct,\det(A) = 297,+,-,845,"<|im_start|>system<|im_sep|>You are a precise mathematical assistant. Show all computation steps clearly. Always put your final numerical answer inside \boxed{}.<|im_end|><|im_start|>user<|im_sep|>Solve this linear algebra problem. Show your work and give the final answer.

Find the determinant of the 4×4 matrix A.

A = \begin{bmatrix} -5 & 5 & -3 & 0 \\ -5 & -2 & -3 & 4 \\ 4 & 1 & 3 & 0 \\ 2 & 4 & 0 & 5 \end{bmatrix}

<|im_end|><|im_start|>assistant<|im_sep|>To find the determinant of the \(4 \times 4\) matrix \( A \), we can use cofactor expansion along the first row. The matrix \( A \) is given by:

\[
A = \begin{bmatrix} 
-5 & 5 & -3 & 0 \\ 
-5 & -2 & -3 & 4 \\ 
4 & 1 & 3 & 0 \\ 
2 & 4 & 0 & 5 
\end{bmatrix}
\]

The determinant of \( A \), denoted as \(\det(A)\), can be expanded along the first row:

\[
\det(A) = -5 \cdot C_{11} + 5 \cdot C_{12} - 3 \cdot C_{13} + 0 \cdot C_{14}
\]

where \( C_{ij} \) is the cofactor of the element \( a_{ij} \). The cofactor \( C_{ij} \) is given by:

\[
C_{ij} = (-1)^{i+j} \det(M_{ij})
\]

where \( M_{ij} \) is the \((n-1) \times (n-1)\) submatrix obtained by deleting the \(i\)-th row and \(j\)-th column from \( A \).

### Step 1: Calculate \( C_{11} \)

The submatrix \( M_{11} \) is:

\[
M_{11} = \begin{bmatrix} 
-2 & -3 & 4 \\ 
1 & 3 & 0 \\ 
4 & 0 & 5 
\end{bmatrix}
\]

The determinant of \( M_{11} \) is:

\[
\det(M_{11}) = (-2) \begin{vmatrix} 3 & 0 \\ 0 & 5 \end{vmatrix} - (-3) \begin{vmatrix} 1 & 0 \\ 4 & 5 \end{vmatrix} + 4 \begin{vmatrix} 1 & 3 \\ 4 & 0 \end{vmatrix}
\]

Calculating each \(2 \times 2\) determinant:

\[
\begin{vmatrix} 3 & 0 \\ 0 & 5 \end{vmatrix} = 3 \cdot 5 - 0 \cdot 0 = 15
\]

\[
\begin{vmatrix} 1 & 0 \\ 4 & 5 \end{vmatrix} = 1 \cdot 5 - 0 \cdot 4 = 5
\]

\[
\begin{vmatrix} 1 & 3 \\ 4 & 0 \end{vmatrix} = 1 \cdot 0 - 3 \cdot 4 = -12
\]

Substituting back:

\[
\det(M_{11}) = (-2)(15) + 3(5) + 4(-12) = -30 + 15 - 48 = -63
\]

Thus, \( C_{11} = (-1)^{1+1} \det(M_{11}) = 1 \cdot (-63) = -63 \).

### Step 2: Calculate \( C_{12} \)

The submatrix \( M_{12} \) is:

\[
M_{12} = \begin{bmatrix} 
-5 & -3 & 4 \\ 
4 & 3 & 0 \\ 
2 & 0 & 5 
\end{bmatrix}
\]

The determinant of \( M_{12} \) is:

\[
\det(M_{12}) = (-5) \begin{vmatrix} 3 & 0 \\ 0 & 5 \end{vmatrix} - (-3) \begin{vmatrix} 4 & 0 \\ 2 & 5 \end{vmatrix} + 4 \begin{vmatrix} 4 & 3 \\ 2 & 0 \end{vmatrix}
\]

Calculating each \(2 \times 2\) determinant:

\[
\begin{vmatrix} 3 & 0 \\ 0 & 5 \end{vmatrix} = 3 \cdot 5 - 0 \cdot 0 = 15
\]

\[
\begin{vmatrix} 4 & 0 \\ 2 & 5 \end{vmatrix} = 4 \cdot 5 - 0 \cdot 2 = 20
\]

\[
\begin{vmatrix} 4 & 3 \\ 2 & 0 \end{vmatrix} = 4 \cdot 0 - 3 \cdot 2 = -6
\]

Substituting back:

\[
\det(M_{12}) = (-5)(15) + 3(20) + 4(-6) = -75 + 60 - 24 = -39
\]

Thus, \( C_{12} = (-1)^{1+2} \det(M_{12}) = -1 \cdot (-39) = 39 \).

### Step 3: Calculate \( C_{13} \)

The submatrix \( M_{13} \) is:

\[
M_{13} = \begin{bmatrix} 
-5 & -2 & 4 \\ 
4 & 1 & 0 \\ 
2 & 4 & 5 
\end{bmatrix}
\]

The determinant of \( M_{13} \) is:

\[
\det(M_{13}) = (-5) \begin{vmatrix} 1 & 0 \\ 4 & 5 \end{vmatrix} - (-2) \begin{vmatrix} 4 & 0 \\ 2 & 5 \end{vmatrix} + 4 \begin{vmatrix} 4 & 1 \\ 2 & 4 \end{vmatrix}
\]

Calculating each \(2 \times 2\) determinant:

\[
\begin{vmatrix} 1 & 0 \\ 4 & 5 \end{vmatrix} = 1 \cdot 5 - 0 \cdot 4 = 5
\]

\[
\begin{vmatrix} 4 & 0 \\ 2 & 5 \end{vmatrix} = 4 \cdot 5 - 0 \cdot 2 = 20
\]

\[
\begin{vmatrix} 4 & 1 \\ 2 & 4 \end{vmatrix} = 4 \cdot 4 - 1 \cdot 2 = 16 - 2 = 14
\]

Substituting back:

\[
\det(M_{13}) = (-5)(5) + 2(20) + 4(14) = -25 + 40 + 56 = 71
\]

Thus, \( C_{13} = (-1)^{1+3} \det(M_{13}) = 1 \cdot 71 = 71 \).

### Final Calculation

Substitute the cofactors back into the determinant expansion:

\[
\det(A) = -5 \cdot (-63) + 5 \cdot 39 - 3 \cdot 71 + 0 \cdot C_{14}
\]

\[
= 315 + 195 - 213
\]

\[
= 297
\]

Thus, the determinant of matrix \( A \) is \(\boxed{297}\).","To find the determinant of the \(4 \times 4\) matrix \( A \), we can use cofactor expansion along the first row. The matrix \( A \) is given by:

\[
A = \begin{bmatrix} 
-5 & 5 & -3 & 0 \\ 
-5 & -2 & -3 & 4 \\ 
4 & 1 & 3 & 0 \\ 
2 & 4 & 0 & 5 
\end{bmatrix}
\]

The determinant of \( A \), denoted as \(\det(A)\), can be expanded along the first row:

\[
\det(A) = -5 \cdot C_{11} + 5 \cdot C_{12} - 3 \cdot C_{13} + 0 \cdot C_{14}
\]

where \( C_{ij} \) is the cofactor of the element \( a_{ij} \). The cofactor \( C_{ij} \) is given by:

\[
C_{ij} = (-1)^{i+j} \det(M_{ij})
\]

where \( M_{ij} \) is the \((n-1) \times (n-1)\) submatrix obtained by deleting the \(i\)-th row and \(j\)-th column from \( A \).

### Step 1: Calculate \( C_{11} \)

The submatrix \( M_{11} \) is:

\[
M_{11} = \begin{bmatrix} 
-2 & -3 & 4 \\ 
1 & 3 & 0 \\ 
4 & 0 & 5 
\end{bmatrix}
\]

The determinant of \( M_{11} \) is:

\[
\det(M_{11}) = (-2) \begin{vmatrix} 3 & 0 \\ 0 & 5 \end{vmatrix} - (-3) \begin{vmatrix} 1 & 0 \\ 4 & 5 \end{vmatrix} + 4 \begin{vmatrix} 1 & 3 \\ 4 & 0 \end{vmatrix}
\]

Calculating each \(2 \times 2\) determinant:

\[
\begin{vmatrix} 3 & 0 \\ 0 & 5 \end{vmatrix} = 3 \cdot 5 - 0 \cdot 0 = 15
\]

\[
\begin{vmatrix} 1 & 0 \\ 4 & 5 \end{vmatrix} = 1 \cdot 5 - 0 \cdot 4 = 5
\]

\[
\begin{vmatrix} 1 & 3 \\ 4 & 0 \end{vmatrix} = 1 \cdot 0 - 3 \cdot 4 = -12
\]

Substituting back:

\[
\det(M_{11}) = (-2)(15) + 3(5) + 4(-12) = -30 + 15 - 48 = -63
\]

Thus, \( C_{11} = (-1)^{1+1} \det(M_{11}) = 1 \cdot (-63) = -63 \).

### Step 2: Calculate \( C_{12} \)

The submatrix \( M_{12} \) is:

\[
M_{12} = \begin{bmatrix} 
-5 & -3 & 4 \\ 
4 & 3 & 0 \\ 
2 & 0 & 5 
\end{bmatrix}
\]

The determinant of \( M_{12} \) is:

\[
\det(M_{12}) = (-5) \begin{vmatrix} 3 & 0 \\ 0 & 5 \end{vmatrix} - (-3) \begin{vmatrix} 4 & 0 \\ 2 & 5 \end{vmatrix} + 4 \begin{vmatrix} 4 & 3 \\ 2 & 0 \end{vmatrix}
\]

Calculating each \(2 \times 2\) determinant:

\[
\begin{vmatrix} 3 & 0 \\ 0 & 5 \end{vmatrix} = 3 \cdot 5 - 0 \cdot 0 = 15
\]

\[
\begin{vmatrix} 4 & 0 \\ 2 & 5 \end{vmatrix} = 4 \cdot 5 - 0 \cdot 2 = 20
\]

\[
\begin{vmatrix} 4 & 3 \\ 2 & 0 \end{vmatrix} = 4 \cdot 0 - 3 \cdot 2 = -6
\]

Substituting back:

\[
\det(M_{12}) = (-5)(15) + 3(20) + 4(-6) = -75 + 60 - 24 = -39
\]

Thus, \( C_{12} = (-1)^{1+2} \det(M_{12}) = -1 \cdot (-39) = 39 \).

### Step 3: Calculate \( C_{13} \)

The submatrix \( M_{13} \) is:

\[
M_{13} = \begin{bmatrix} 
-5 & -2 & 4 \\ 
4 & 1 & 0 \\ 
2 & 4 & 5 
\end{bmatrix}
\]

The determinant of \( M_{13} \) is:

\[
\det(M_{13}) = (-5) \begin{vmatrix} 1 & 0 \\ 4 & 5 \end{vmatrix} - (-2) \begin{vmatrix} 4 & 0 \\ 2 & 5 \end{vmatrix} + 4 \begin{vmatrix} 4 & 1 \\ 2 & 4 \end{vmatrix}
\]

Calculating each \(2 \times 2\) determinant:

\[
\begin{vmatrix} 1 & 0 \\ 4 & 5 \end{vmatrix} = 1 \cdot 5 - 0 \cdot 4 = 5
\]

\[
\begin{vmatrix} 4 & 0 \\ 2 & 5 \end{vmatrix} = 4 \cdot 5 - 0 \cdot 2 = 20
\]

\[
\begin{vmatrix} 4 & 1 \\ 2 & 4 \end{vmatrix} = 4 \cdot 4 - 1 \cdot 2 = 16 - 2 = 14
\]

Substituting back:

\[
\det(M_{13}) = (-5)(5) + 2(20) + 4(14) = -25 + 40 + 56 = 71
\]

Thus, \( C_{13} = (-1)^{1+3} \det(M_{13}) = 1 \cdot 71 = 71 \).

### Final Calculation

Substitute the cofactors back into the determinant expansion:

\[
\det(A) = -5 \cdot (-63) + 5 \cdot 39 - 3 \cdot 71 + 0 \cdot C_{14}
\]

\[
= 315 + 195 - 213
\]

\[
= 297
\]

Thus, the determinant of matrix \( A \) is \(\boxed{297}\).",det(A) = -5 \cdot C_{11} [+] 5 \cdot C_{12} - 3 \cdot,464,agent_c1_leftright,high,sign between 1st (-5 C_11) and 2nd (+5 C_12) term; leading -5 is entry value,PASS
NC_4x4_det_475,Phi-4,determinant,4,,,correct,\det(A) = 286,+,-,890,"<|im_start|>system<|im_sep|>You are a precise mathematical assistant. Show all computation steps clearly. Always put your final numerical answer inside \boxed{}.<|im_end|><|im_start|>user<|im_sep|>Solve this linear algebra problem. Show your work and give the final answer.

Find the determinant of the 4×4 matrix A.

A = \begin{bmatrix} 3 & -5 & 4 & 4 \\ -4 & -1 & 0 & 0 \\ 4 & -5 & 0 & -5 \\ 1 & -5 & 2 & 3 \end{bmatrix}

<|im_end|><|im_start|>assistant<|im_sep|>To find the determinant of the \(4 \times 4\) matrix \(A\), we can use cofactor expansion along the second row, which contains two zeros, simplifying our calculations. The matrix \(A\) is:

\[
A = \begin{bmatrix} 
3 & -5 & 4 & 4 \\ 
-4 & -1 & 0 & 0 \\ 
4 & -5 & 0 & -5 \\ 
1 & -5 & 2 & 3 
\end{bmatrix}
\]

The determinant of \(A\), denoted as \(\det(A)\), can be expanded along the second row:

\[
\det(A) = -4 \cdot C_{21} + (-1) \cdot C_{22} + 0 \cdot C_{23} + 0 \cdot C_{24}
\]

where \(C_{ij}\) is the cofactor of the element \(a_{ij}\). The cofactor \(C_{ij}\) is given by:

\[
C_{ij} = (-1)^{i+j} \det(M_{ij})
\]

where \(M_{ij}\) is the \((n-1) \times (n-1)\) submatrix obtained by deleting the \(i\)-th row and \(j\)-th column from \(A\).

### Calculating \(C_{21}\):

The submatrix \(M_{21}\) is obtained by removing the second row and first column:

\[
M_{21} = \begin{bmatrix} 
-5 & 4 & 4 \\ 
-5 & 0 & -5 \\ 
-5 & 2 & 3 
\end{bmatrix}
\]

The determinant of \(M_{21}\) is:

\[
\det(M_{21}) = -5 \begin{vmatrix} 0 & -5 \\ 2 & 3 \end{vmatrix} - 4 \begin{vmatrix} -5 & -5 \\ -5 & 3 \end{vmatrix} + 4 \begin{vmatrix} -5 & 0 \\ -5 & 2 \end{vmatrix}
\]

Calculating each \(2 \times 2\) determinant:

\[
\begin{vmatrix} 0 & -5 \\ 2 & 3 \end{vmatrix} = (0)(3) - (-5)(2) = 10
\]

\[
\begin{vmatrix} -5 & -5 \\ -5 & 3 \end{vmatrix} = (-5)(3) - (-5)(-5) = -15 - 25 = -40
\]

\[
\begin{vmatrix} -5 & 0 \\ -5 & 2 \end{vmatrix} = (-5)(2) - (0)(-5) = -10
\]

Substituting back:

\[
\det(M_{21}) = -5(10) - 4(-40) + 4(-10) = -50 + 160 - 40 = 70
\]

Thus, the cofactor \(C_{21}\) is:

\[
C_{21} = (-1)^{2+1} \cdot 70 = -70
\]

### Calculating \(C_{22}\):

The submatrix \(M_{22}\) is obtained by removing the second row and second column:

\[
M_{22} = \begin{bmatrix} 
3 & 4 & 4 \\ 
4 & 0 & -5 \\ 
1 & 2 & 3 
\end{bmatrix}
\]

The determinant of \(M_{22}\) is:

\[
\det(M_{22}) = 3 \begin{vmatrix} 0 & -5 \\ 2 & 3 \end{vmatrix} - 4 \begin{vmatrix} 4 & -5 \\ 1 & 3 \end{vmatrix} + 4 \begin{vmatrix} 4 & 0 \\ 1 & 2 \end{vmatrix}
\]

Calculating each \(2 \times 2\) determinant:

\[
\begin{vmatrix} 0 & -5 \\ 2 & 3 \end{vmatrix} = 10 \quad \text{(already calculated)}
\]

\[
\begin{vmatrix} 4 & -5 \\ 1 & 3 \end{vmatrix} = (4)(3) - (-5)(1) = 12 + 5 = 17
\]

\[
\begin{vmatrix} 4 & 0 \\ 1 & 2 \end{vmatrix} = (4)(2) - (0)(1) = 8
\]

Substituting back:

\[
\det(M_{22}) = 3(10) - 4(17) + 4(8) = 30 - 68 + 32 = -6
\]

Thus, the cofactor \(C_{22}\) is:

\[
C_{22} = (-1)^{2+2} \cdot (-6) = -6
\]

### Final Calculation:

Substituting the cofactors back into the determinant expansion:

\[
\det(A) = -4(-70) + (-1)(-6) = 280 + 6 = 286
\]

Thus, the determinant of matrix \(A\) is:

\[
\boxed{286}
\]","To find the determinant of the \(4 \times 4\) matrix \(A\), we can use cofactor expansion along the second row, which contains two zeros, simplifying our calculations. The matrix \(A\) is:

\[
A = \begin{bmatrix} 
3 & -5 & 4 & 4 \\ 
-4 & -1 & 0 & 0 \\ 
4 & -5 & 0 & -5 \\ 
1 & -5 & 2 & 3 
\end{bmatrix}
\]

The determinant of \(A\), denoted as \(\det(A)\), can be expanded along the second row:

\[
\det(A) = -4 \cdot C_{21} + (-1) \cdot C_{22} + 0 \cdot C_{23} + 0 \cdot C_{24}
\]

where \(C_{ij}\) is the cofactor of the element \(a_{ij}\). The cofactor \(C_{ij}\) is given by:

\[
C_{ij} = (-1)^{i+j} \det(M_{ij})
\]

where \(M_{ij}\) is the \((n-1) \times (n-1)\) submatrix obtained by deleting the \(i\)-th row and \(j\)-th column from \(A\).

### Calculating \(C_{21}\):

The submatrix \(M_{21}\) is obtained by removing the second row and first column:

\[
M_{21} = \begin{bmatrix} 
-5 & 4 & 4 \\ 
-5 & 0 & -5 \\ 
-5 & 2 & 3 
\end{bmatrix}
\]

The determinant of \(M_{21}\) is:

\[
\det(M_{21}) = -5 \begin{vmatrix} 0 & -5 \\ 2 & 3 \end{vmatrix} - 4 \begin{vmatrix} -5 & -5 \\ -5 & 3 \end{vmatrix} + 4 \begin{vmatrix} -5 & 0 \\ -5 & 2 \end{vmatrix}
\]

Calculating each \(2 \times 2\) determinant:

\[
\begin{vmatrix} 0 & -5 \\ 2 & 3 \end{vmatrix} = (0)(3) - (-5)(2) = 10
\]

\[
\begin{vmatrix} -5 & -5 \\ -5 & 3 \end{vmatrix} = (-5)(3) - (-5)(-5) = -15 - 25 = -40
\]

\[
\begin{vmatrix} -5 & 0 \\ -5 & 2 \end{vmatrix} = (-5)(2) - (0)(-5) = -10
\]

Substituting back:

\[
\det(M_{21}) = -5(10) - 4(-40) + 4(-10) = -50 + 160 - 40 = 70
\]

Thus, the cofactor \(C_{21}\) is:

\[
C_{21} = (-1)^{2+1} \cdot 70 = -70
\]

### Calculating \(C_{22}\):

The submatrix \(M_{22}\) is obtained by removing the second row and second column:

\[
M_{22} = \begin{bmatrix} 
3 & 4 & 4 \\ 
4 & 0 & -5 \\ 
1 & 2 & 3 
\end{bmatrix}
\]

The determinant of \(M_{22}\) is:

\[
\det(M_{22}) = 3 \begin{vmatrix} 0 & -5 \\ 2 & 3 \end{vmatrix} - 4 \begin{vmatrix} 4 & -5 \\ 1 & 3 \end{vmatrix} + 4 \begin{vmatrix} 4 & 0 \\ 1 & 2 \end{vmatrix}
\]

Calculating each \(2 \times 2\) determinant:

\[
\begin{vmatrix} 0 & -5 \\ 2 & 3 \end{vmatrix} = 10 \quad \text{(already calculated)}
\]

\[
\begin{vmatrix} 4 & -5 \\ 1 & 3 \end{vmatrix} = (4)(3) - (-5)(1) = 12 + 5 = 17
\]

\[
\begin{vmatrix} 4 & 0 \\ 1 & 2 \end{vmatrix} = (4)(2) - (0)(1) = 8
\]

Substituting back:

\[
\det(M_{22}) = 3(10) - 4(17) + 4(8) = 30 - 68 + 32 = -6
\]

Thus, the cofactor \(C_{22}\) is:

\[
C_{22} = (-1)^{2+2} \cdot (-6) = -6
\]

### Final Calculation:

Substituting the cofactors back into the determinant expansion:

\[
\det(A) = -4(-70) + (-1)(-6) = 280 + 6 = 286
\]

Thus, the determinant of matrix \(A\) is:

\[
\boxed{286}
\]",det(A) = -4 \cdot C_{21} [+] (-1) \cdot C_{22} + 0 \c,465,agent_c1_leftright,high,sign between 1st (-4 C_21) and 2nd ((-1) C_22) term; leading -4 is entry value,PASS
NC_4x4_det_477,Phi-4,determinant,4,,,correct,\det(A) = 719,+,-,1243,"<|im_start|>system<|im_sep|>You are a precise mathematical assistant. Show all computation steps clearly. Always put your final numerical answer inside \boxed{}.<|im_end|><|im_start|>user<|im_sep|>Solve this linear algebra problem. Show your work and give the final answer.

Find the determinant of the 4×4 matrix A.

A = \begin{bmatrix} 5 & 3 & -4 & 0 \\ -5 & -4 & 0 & 5 \\ -2 & 4 & 1 & 0 \\ 5 & 2 & 0 & 2 \end{bmatrix}

<|im_end|><|im_start|>assistant<|im_sep|>To find the determinant of the \(4 \times 4\) matrix \(A\), we can use cofactor expansion along the row or column that seems most convenient. Here, we will expand along the fourth column because it contains a zero, which simplifies the calculation.

The matrix \(A\) is:

\[
A = \begin{bmatrix} 
5 & 3 & -4 & 0 \\ 
-5 & -4 & 0 & 5 \\ 
-2 & 4 & 1 & 0 \\ 
5 & 2 & 0 & 2 
\end{bmatrix}
\]

The determinant of \(A\), denoted as \(\det(A)\), can be expanded along the fourth column:

\[
\det(A) = a_{14}C_{14} + a_{24}C_{24} + a_{34}C_{34} + a_{44}C_{44}
\]

where \(a_{ij}\) is the element in the \(i\)-th row and \(j\)-th column, and \(C_{ij}\) is the cofactor of \(a_{ij}\).

Given the fourth column of \(A\) is \([0, 5, 0, 2]\), the expansion becomes:

\[
\det(A) = 0 \cdot C_{14} + 5 \cdot C_{24} + 0 \cdot C_{34} + 2 \cdot C_{44}
\]

This simplifies to:

\[
\det(A) = 5 \cdot C_{24} + 2 \cdot C_{44}
\]

### Step 1: Calculate \(C_{24}\)

The cofactor \(C_{24}\) is given by:

\[
C_{24} = (-1)^{2+4} \det(M_{24})
\]

where \(M_{24}\) is the \(3 \times 3\) minor obtained by deleting the second row and fourth column:

\[
M_{24} = \begin{bmatrix} 
5 & 3 & -4 \\ 
-2 & 4 & 1 \\ 
5 & 2 & 0 
\end{bmatrix}
\]

Calculate \(\det(M_{24})\) using cofactor expansion along the third row:

\[
\det(M_{24}) = 5 \begin{vmatrix} 3 & -4 \\ 4 & 1 \end{vmatrix} - 2 \begin{vmatrix} 5 & -4 \\ -2 & 1 \end{vmatrix} + 0 \cdot \begin{vmatrix} 5 & 3 \\ -2 & 4 \end{vmatrix}
\]

Calculate the \(2 \times 2\) determinants:

\[
\begin{vmatrix} 3 & -4 \\ 4 & 1 \end{vmatrix} = (3)(1) - (-4)(4) = 3 + 16 = 19
\]

\[
\begin{vmatrix} 5 & -4 \\ -2 & 1 \end{vmatrix} = (5)(1) - (-4)(-2) = 5 - 8 = -3
\]

Substitute back:

\[
\det(M_{24}) = 5(19) - 2(-3) = 95 + 6 = 101
\]

Thus, \(C_{24} = (-1)^6 \cdot 101 = 101\).

### Step 2: Calculate \(C_{44}\)

The cofactor \(C_{44}\) is given by:

\[
C_{44} = (-1)^{4+4} \det(M_{44})
\]

where \(M_{44}\) is the \(3 \times 3\) minor obtained by deleting the fourth row and fourth column:

\[
M_{44} = \begin{bmatrix} 
5 & 3 & -4 \\ 
-5 & -4 & 0 \\ 
-2 & 4 & 1 
\end{bmatrix}
\]

Calculate \(\det(M_{44})\) using cofactor expansion along the first row:

\[
\det(M_{44}) = 5 \begin{vmatrix} -4 & 0 \\ 4 & 1 \end{vmatrix} - 3 \begin{vmatrix} -5 & 0 \\ -2 & 1 \end{vmatrix} + (-4) \begin{vmatrix} -5 & -4 \\ -2 & 4 \end{vmatrix}
\]

Calculate the \(2 \times 2\) determinants:

\[
\begin{vmatrix} -4 & 0 \\ 4 & 1 \end{vmatrix} = (-4)(1) - (0)(4) = -4
\]

\[
\begin{vmatrix} -5 & 0 \\ -2 & 1 \end{vmatrix} = (-5)(1) - (0)(-2) = -5
\]

\[
\begin{vmatrix} -5 & -4 \\ -2 & 4 \end{vmatrix} = (-5)(4) - (-4)(-2) = -20 - 8 = -28
\]

Substitute back:

\[
\det(M_{44}) = 5(-4) - 3(-5) - 4(-28) = -20 + 15 + 112 = 107
\]

Thus, \(C_{44} = (-1)^8 \cdot 107 = 107\).

### Final Calculation

Substitute \(C_{24}\) and \(C_{44}\) back into the determinant expression:

\[
\det(A) = 5 \cdot 101 + 2 \cdot 107 = 505 + 214 = 719
\]

Thus, the determinant of matrix \(A\) is \(\boxed{719}\).","To find the determinant of the \(4 \times 4\) matrix \(A\), we can use cofactor expansion along the row or column that seems most convenient. Here, we will expand along the fourth column because it contains a zero, which simplifies the calculation.

The matrix \(A\) is:

\[
A = \begin{bmatrix} 
5 & 3 & -4 & 0 \\ 
-5 & -4 & 0 & 5 \\ 
-2 & 4 & 1 & 0 \\ 
5 & 2 & 0 & 2 
\end{bmatrix}
\]

The determinant of \(A\), denoted as \(\det(A)\), can be expanded along the fourth column:

\[
\det(A) = a_{14}C_{14} + a_{24}C_{24} + a_{34}C_{34} + a_{44}C_{44}
\]

where \(a_{ij}\) is the element in the \(i\)-th row and \(j\)-th column, and \(C_{ij}\) is the cofactor of \(a_{ij}\).

Given the fourth column of \(A\) is \([0, 5, 0, 2]\), the expansion becomes:

\[
\det(A) = 0 \cdot C_{14} + 5 \cdot C_{24} + 0 \cdot C_{34} + 2 \cdot C_{44}
\]

This simplifies to:

\[
\det(A) = 5 \cdot C_{24} + 2 \cdot C_{44}
\]

### Step 1: Calculate \(C_{24}\)

The cofactor \(C_{24}\) is given by:

\[
C_{24} = (-1)^{2+4} \det(M_{24})
\]

where \(M_{24}\) is the \(3 \times 3\) minor obtained by deleting the second row and fourth column:

\[
M_{24} = \begin{bmatrix} 
5 & 3 & -4 \\ 
-2 & 4 & 1 \\ 
5 & 2 & 0 
\end{bmatrix}
\]

Calculate \(\det(M_{24})\) using cofactor expansion along the third row:

\[
\det(M_{24}) = 5 \begin{vmatrix} 3 & -4 \\ 4 & 1 \end{vmatrix} - 2 \begin{vmatrix} 5 & -4 \\ -2 & 1 \end{vmatrix} + 0 \cdot \begin{vmatrix} 5 & 3 \\ -2 & 4 \end{vmatrix}
\]

Calculate the \(2 \times 2\) determinants:

\[
\begin{vmatrix} 3 & -4 \\ 4 & 1 \end{vmatrix} = (3)(1) - (-4)(4) = 3 + 16 = 19
\]

\[
\begin{vmatrix} 5 & -4 \\ -2 & 1 \end{vmatrix} = (5)(1) - (-4)(-2) = 5 - 8 = -3
\]

Substitute back:

\[
\det(M_{24}) = 5(19) - 2(-3) = 95 + 6 = 101
\]

Thus, \(C_{24} = (-1)^6 \cdot 101 = 101\).

### Step 2: Calculate \(C_{44}\)

The cofactor \(C_{44}\) is given by:

\[
C_{44} = (-1)^{4+4} \det(M_{44})
\]

where \(M_{44}\) is the \(3 \times 3\) minor obtained by deleting the fourth row and fourth column:

\[
M_{44} = \begin{bmatrix} 
5 & 3 & -4 \\ 
-5 & -4 & 0 \\ 
-2 & 4 & 1 
\end{bmatrix}
\]

Calculate \(\det(M_{44})\) using cofactor expansion along the first row:

\[
\det(M_{44}) = 5 \begin{vmatrix} -4 & 0 \\ 4 & 1 \end{vmatrix} - 3 \begin{vmatrix} -5 & 0 \\ -2 & 1 \end{vmatrix} + (-4) \begin{vmatrix} -5 & -4 \\ -2 & 4 \end{vmatrix}
\]

Calculate the \(2 \times 2\) determinants:

\[
\begin{vmatrix} -4 & 0 \\ 4 & 1 \end{vmatrix} = (-4)(1) - (0)(4) = -4
\]

\[
\begin{vmatrix} -5 & 0 \\ -2 & 1 \end{vmatrix} = (-5)(1) - (0)(-2) = -5
\]

\[
\begin{vmatrix} -5 & -4 \\ -2 & 4 \end{vmatrix} = (-5)(4) - (-4)(-2) = -20 - 8 = -28
\]

Substitute back:

\[
\det(M_{44}) = 5(-4) - 3(-5) - 4(-28) = -20 + 15 + 112 = 107
\]

Thus, \(C_{44} = (-1)^8 \cdot 107 = 107\).

### Final Calculation

Substitute \(C_{24}\) and \(C_{44}\) back into the determinant expression:

\[
\det(A) = 5 \cdot 101 + 2 \cdot 107 = 505 + 214 = 719
\]

Thus, the determinant of matrix \(A\) is \(\boxed{719}\).",\det(A) = 0 \cdot C_{14} [+] 5 \cdot C_{24} + 0 \cdot,463,agent_c1_leftright,high,abstract formula first; annotated sign is between 1st and 2nd term of the concrete restatement det(A)=0*C_14+5*C_24+...,PASS
NC_4x4_det_478,Phi-4,determinant,4,,,correct,\det(A) = -126,-,+,849,"<|im_start|>system<|im_sep|>You are a precise mathematical assistant. Show all computation steps clearly. Always put your final numerical answer inside \boxed{}.<|im_end|><|im_start|>user<|im_sep|>Solve this linear algebra problem. Show your work and give the final answer.

Find the determinant of the 4×4 matrix A.

A = \begin{bmatrix} 2 & -4 & -3 & 2 \\ -5 & 5 & -3 & -5 \\ 2 & 0 & 4 & 2 \\ 4 & -5 & 1 & -5 \end{bmatrix}

<|im_end|><|im_start|>assistant<|im_sep|>To find the determinant of the \(4 \times 4\) matrix \( A \), we will use cofactor expansion along the first row. The matrix \( A \) is given by:

\[
A = \begin{bmatrix} 
2 & -4 & -3 & 2 \\ 
-5 & 5 & -3 & -5 \\ 
2 & 0 & 4 & 2 \\ 
4 & -5 & 1 & -5 
\end{bmatrix}
\]

The determinant of \( A \), denoted as \(\det(A)\), can be expanded along the first row:

\[
\det(A) = 2 \cdot C_{11} - 4 \cdot C_{12} - 3 \cdot C_{13} + 2 \cdot C_{14}
\]

where \( C_{ij} \) is the cofactor of the element in the \(i\)-th row and \(j\)-th column. The cofactor \( C_{ij} \) is given by:

\[
C_{ij} = (-1)^{i+j} \det(M_{ij})
\]

where \( M_{ij} \) is the \((n-1) \times (n-1)\) submatrix obtained by deleting the \(i\)-th row and \(j\)-th column from \( A \).

### Step 1: Calculate \( C_{11} \)

The submatrix \( M_{11} \) is:

\[
M_{11} = \begin{bmatrix} 
5 & -3 & -5 \\ 
0 & 4 & 2 \\ 
-5 & 1 & -5 
\end{bmatrix}
\]

The determinant of \( M_{11} \) is:

\[
\det(M_{11}) = 5 \begin{vmatrix} 4 & 2 \\ 1 & -5 \end{vmatrix} - (-3)\begin{vmatrix} 0 & 2 \\ -5 & -5 \end{vmatrix} - 5\begin{vmatrix} 0 & 4 \\ -5 & 1 \end{vmatrix}
\]

Calculating each \(2 \times 2\) determinant:

\[
\begin{vmatrix} 4 & 2 \\ 1 & -5 \end{vmatrix} = (4)(-5) - (2)(1) = -20 - 2 = -22
\]

\[
\begin{vmatrix} 0 & 2 \\ -5 & -5 \end{vmatrix} = (0)(-5) - (2)(-5) = 0 + 10 = 10
\]

\[
\begin{vmatrix} 0 & 4 \\ -5 & 1 \end{vmatrix} = (0)(1) - (4)(-5) = 0 + 20 = 20
\]

Substituting back:

\[
\det(M_{11}) = 5(-22) + 3(10) - 5(20) = -110 + 30 - 100 = -180
\]

Thus, \( C_{11} = (-1)^{1+1} \det(M_{11}) = 1 \cdot (-180) = -180 \).

### Step 2: Calculate \( C_{12} \)

The submatrix \( M_{12} \) is:

\[
M_{12} = \begin{bmatrix} 
-5 & -3 & -5 \\ 
2 & 4 & 2 \\ 
4 & 1 & -5 
\end{bmatrix}
\]

The determinant of \( M_{12} \) is:

\[
\det(M_{12}) = -5\begin{vmatrix} 4 & 2 \\ 1 & -5 \end{vmatrix} - (-3)\begin{vmatrix} 2 & 2 \\ 4 & -5 \end{vmatrix} - 5\begin{vmatrix} 2 & 4 \\ 4 & 1 \end{vmatrix}
\]

Calculating each \(2 \times 2\) determinant:

\[
\begin{vmatrix} 4 & 2 \\ 1 & -5 \end{vmatrix} = -22 \quad \text{(already calculated)}
\]

\[
\begin{vmatrix} 2 & 2 \\ 4 & -5 \end{vmatrix} = (2)(-5) - (2)(4) = -10 - 8 = -18
\]

\[
\begin{vmatrix} 2 & 4 \\ 4 & 1 \end{vmatrix} = (2)(1) - (4)(4) = 2 - 16 = -14
\]

Substituting back:

\[
\det(M_{12}) = -5(-22) + 3(-18) - 5(-14) = 110 - 54 + 70 = 126
\]

Thus, \( C_{12} = (-1)^{1+2} \det(M_{12}) = -1 \cdot 126 = -126 \).

### Step 3: Calculate \( C_{13} \)

The submatrix \( M_{13} \) is:

\[
M_{13} = \begin{bmatrix} 
-5 & 5 & -5 \\ 
2 & 0 & 2 \\ 
4 & -5 & -5 
\end{bmatrix}
\]

The determinant of \( M_{13} \) is:

\[
\det(M_{13}) = -5\begin{vmatrix} 0 & 2 \\ -5 & -5 \end{vmatrix} - 5\begin{vmatrix} 2 & 2 \\ 4 & -5 \end{vmatrix} - 5\begin{vmatrix} 2 & 0 \\ 4 & -5 \end{vmatrix}
\]

Calculating each \(2 \times 2\) determinant:

\[
\begin{vmatrix} 0 & 2 \\ -5 & -5 \end{vmatrix} = 10 \quad \text{(already calculated)}
\]

\[
\begin{vmatrix} 2 & 2 \\ 4 & -5 \end{vmatrix} = -18 \quad \text{(already calculated)}
\]

\[
\begin{vmatrix} 2 & 0 \\ 4 & -5 \end{vmatrix} = (2)(-5) - (0)(4) = -10
\]

Substituting back:

\[
\det(M_{13}) = -5(10) - 5(-18) - 5(-10) = -50 + 90 + 50 = 90
\]

Thus, \( C_{13} = (-1)^{1+3} \det(M_{13}) = 1 \cdot 90 = 90 \).

### Step 4: Calculate \( C_{14} \)

The submatrix \( M_{14} \) is:

\[
M_{14} = \begin{bmatrix} 
-5 & 5 & -3 \\ 
2 & 0 & 4 \\ 
4 & -5 & 1 
\end{bmatrix}
\]

The determinant of \( M_{14} \) is:

\[
\det(M_{14}) = -5\begin{vmatrix} 0 & 4 \\ -5 & 1 \end{vmatrix} - 5\begin{vmatrix} 2 & 4 \\ 4 & 1 \end{vmatrix} - 3\begin{vmatrix} 2 & 0 \\ 4 & -5 \end{vmatrix}
\]

Calculating each \(2 \times 2\) determinant:

\[
\begin{vmatrix} 0 & 4 \\ -5 & 1 \end{vmatrix} = 20 \quad \text{(already calculated)}
\]

\[
\begin{vmatrix} 2 & 4 \\ 4 & 1 \end{vmatrix} = -14 \quad \text{(already calculated)}
\]

\[
\begin{vmatrix} 2 & 0 \\ 4 & -5 \end{vmatrix} = -10 \quad \text{(already calculated)}
\]

Substituting back:

\[
\det(M_{14}) = -5(20) - 5(-14) - 3(-10) = -100 + 70 + 30 = 0
\]

Thus, \( C_{14} = (-1)^{1+4} \det(M_{14}) = 1 \cdot 0 = 0 \).

### Final Calculation

Substitute the cofactors back into the determinant expansion:

\[
\det(A) = 2(-180) - 4(-126) - 3(90) + 2(0)
\]

\[
= -360 + 504 - 270 + 0
\]

\[
= -360 + 504 - 270
\]

\[
= 144 - 270
\]

\[
= -126
\]

Thus, the determinant of the matrix \( A \) is \(\boxed{-126}\).","To find the determinant of the \(4 \times 4\) matrix \( A \), we will use cofactor expansion along the first row. The matrix \( A \) is given by:

\[
A = \begin{bmatrix} 
2 & -4 & -3 & 2 \\ 
-5 & 5 & -3 & -5 \\ 
2 & 0 & 4 & 2 \\ 
4 & -5 & 1 & -5 
\end{bmatrix}
\]

The determinant of \( A \), denoted as \(\det(A)\), can be expanded along the first row:

\[
\det(A) = 2 \cdot C_{11} - 4 \cdot C_{12} - 3 \cdot C_{13} + 2 \cdot C_{14}
\]

where \( C_{ij} \) is the cofactor of the element in the \(i\)-th row and \(j\)-th column. The cofactor \( C_{ij} \) is given by:

\[
C_{ij} = (-1)^{i+j} \det(M_{ij})
\]

where \( M_{ij} \) is the \((n-1) \times (n-1)\) submatrix obtained by deleting the \(i\)-th row and \(j\)-th column from \( A \).

### Step 1: Calculate \( C_{11} \)

The submatrix \( M_{11} \) is:

\[
M_{11} = \begin{bmatrix} 
5 & -3 & -5 \\ 
0 & 4 & 2 \\ 
-5 & 1 & -5 
\end{bmatrix}
\]

The determinant of \( M_{11} \) is:

\[
\det(M_{11}) = 5 \begin{vmatrix} 4 & 2 \\ 1 & -5 \end{vmatrix} - (-3)\begin{vmatrix} 0 & 2 \\ -5 & -5 \end{vmatrix} - 5\begin{vmatrix} 0 & 4 \\ -5 & 1 \end{vmatrix}
\]

Calculating each \(2 \times 2\) determinant:

\[
\begin{vmatrix} 4 & 2 \\ 1 & -5 \end{vmatrix} = (4)(-5) - (2)(1) = -20 - 2 = -22
\]

\[
\begin{vmatrix} 0 & 2 \\ -5 & -5 \end{vmatrix} = (0)(-5) - (2)(-5) = 0 + 10 = 10
\]

\[
\begin{vmatrix} 0 & 4 \\ -5 & 1 \end{vmatrix} = (0)(1) - (4)(-5) = 0 + 20 = 20
\]

Substituting back:

\[
\det(M_{11}) = 5(-22) + 3(10) - 5(20) = -110 + 30 - 100 = -180
\]

Thus, \( C_{11} = (-1)^{1+1} \det(M_{11}) = 1 \cdot (-180) = -180 \).

### Step 2: Calculate \( C_{12} \)

The submatrix \( M_{12} \) is:

\[
M_{12} = \begin{bmatrix} 
-5 & -3 & -5 \\ 
2 & 4 & 2 \\ 
4 & 1 & -5 
\end{bmatrix}
\]

The determinant of \( M_{12} \) is:

\[
\det(M_{12}) = -5\begin{vmatrix} 4 & 2 \\ 1 & -5 \end{vmatrix} - (-3)\begin{vmatrix} 2 & 2 \\ 4 & -5 \end{vmatrix} - 5\begin{vmatrix} 2 & 4 \\ 4 & 1 \end{vmatrix}
\]

Calculating each \(2 \times 2\) determinant:

\[
\begin{vmatrix} 4 & 2 \\ 1 & -5 \end{vmatrix} = -22 \quad \text{(already calculated)}
\]

\[
\begin{vmatrix} 2 & 2 \\ 4 & -5 \end{vmatrix} = (2)(-5) - (2)(4) = -10 - 8 = -18
\]

\[
\begin{vmatrix} 2 & 4 \\ 4 & 1 \end{vmatrix} = (2)(1) - (4)(4) = 2 - 16 = -14
\]

Substituting back:

\[
\det(M_{12}) = -5(-22) + 3(-18) - 5(-14) = 110 - 54 + 70 = 126
\]

Thus, \( C_{12} = (-1)^{1+2} \det(M_{12}) = -1 \cdot 126 = -126 \).

### Step 3: Calculate \( C_{13} \)

The submatrix \( M_{13} \) is:

\[
M_{13} = \begin{bmatrix} 
-5 & 5 & -5 \\ 
2 & 0 & 2 \\ 
4 & -5 & -5 
\end{bmatrix}
\]

The determinant of \( M_{13} \) is:

\[
\det(M_{13}) = -5\begin{vmatrix} 0 & 2 \\ -5 & -5 \end{vmatrix} - 5\begin{vmatrix} 2 & 2 \\ 4 & -5 \end{vmatrix} - 5\begin{vmatrix} 2 & 0 \\ 4 & -5 \end{vmatrix}
\]

Calculating each \(2 \times 2\) determinant:

\[
\begin{vmatrix} 0 & 2 \\ -5 & -5 \end{vmatrix} = 10 \quad \text{(already calculated)}
\]

\[
\begin{vmatrix} 2 & 2 \\ 4 & -5 \end{vmatrix} = -18 \quad \text{(already calculated)}
\]

\[
\begin{vmatrix} 2 & 0 \\ 4 & -5 \end{vmatrix} = (2)(-5) - (0)(4) = -10
\]

Substituting back:

\[
\det(M_{13}) = -5(10) - 5(-18) - 5(-10) = -50 + 90 + 50 = 90
\]

Thus, \( C_{13} = (-1)^{1+3} \det(M_{13}) = 1 \cdot 90 = 90 \).

### Step 4: Calculate \( C_{14} \)

The submatrix \( M_{14} \) is:

\[
M_{14} = \begin{bmatrix} 
-5 & 5 & -3 \\ 
2 & 0 & 4 \\ 
4 & -5 & 1 
\end{bmatrix}
\]

The determinant of \( M_{14} \) is:

\[
\det(M_{14}) = -5\begin{vmatrix} 0 & 4 \\ -5 & 1 \end{vmatrix} - 5\begin{vmatrix} 2 & 4 \\ 4 & 1 \end{vmatrix} - 3\begin{vmatrix} 2 & 0 \\ 4 & -5 \end{vmatrix}
\]

Calculating each \(2 \times 2\) determinant:

\[
\begin{vmatrix} 0 & 4 \\ -5 & 1 \end{vmatrix} = 20 \quad \text{(already calculated)}
\]

\[
\begin{vmatrix} 2 & 4 \\ 4 & 1 \end{vmatrix} = -14 \quad \text{(already calculated)}
\]

\[
\begin{vmatrix} 2 & 0 \\ 4 & -5 \end{vmatrix} = -10 \quad \text{(already calculated)}
\]

Substituting back:

\[
\det(M_{14}) = -5(20) - 5(-14) - 3(-10) = -100 + 70 + 30 = 0
\]

Thus, \( C_{14} = (-1)^{1+4} \det(M_{14}) = 1 \cdot 0 = 0 \).

### Final Calculation

Substitute the cofactors back into the determinant expansion:

\[
\det(A) = 2(-180) - 4(-126) - 3(90) + 2(0)
\]

\[
= -360 + 504 - 270 + 0
\]

\[
= -360 + 504 - 270
\]

\[
= 144 - 270
\]

\[
= -126
\]

Thus, the determinant of the matrix \( A \) is \(\boxed{-126}\).",\det(A) = 2 \cdot C_{11} [-] 4 \cdot C_{12} - 3 \cdot,466,agent_c1_leftright,high,sign between 1st and 2nd term of concrete 4x4 expansion,PASS
NC_4x4_det_486,Phi-4,determinant,4,,,correct,\det(A) = -534,-,+,848,"<|im_start|>system<|im_sep|>You are a precise mathematical assistant. Show all computation steps clearly. Always put your final numerical answer inside \boxed{}.<|im_end|><|im_start|>user<|im_sep|>Solve this linear algebra problem. Show your work and give the final answer.

Find the determinant of the 4×4 matrix A.

A = \begin{bmatrix} 4 & -2 & 3 & 4 \\ 0 & 2 & 4 & -3 \\ 3 & 4 & 5 & -5 \\ 2 & 4 & -2 & 3 \end{bmatrix}

<|im_end|><|im_start|>assistant<|im_sep|>To find the determinant of the \(4 \times 4\) matrix \( A \), we can use cofactor expansion along the first row. The matrix \( A \) is given by:

\[
A = \begin{bmatrix} 
4 & -2 & 3 & 4 \\ 
0 & 2 & 4 & -3 \\ 
3 & 4 & 5 & -5 \\ 
2 & 4 & -2 & 3 
\end{bmatrix}
\]

The determinant of \( A \), denoted as \(\det(A)\), can be expanded along the first row:

\[
\det(A) = 4 \cdot \det(A_{11}) - (-2) \cdot \det(A_{12}) + 3 \cdot \det(A_{13}) - 4 \cdot \det(A_{14})
\]

where \( A_{ij} \) is the \((i,j)\)-minor of \( A \), obtained by deleting the \(i\)-th row and \(j\)-th column.

### Step 1: Calculate \(\det(A_{11})\)

The minor \( A_{11} \) is:

\[
A_{11} = \begin{bmatrix} 
2 & 4 & -3 \\ 
4 & 5 & -5 \\ 
4 & -2 & 3 
\end{bmatrix}
\]

The determinant of this \(3 \times 3\) matrix is:

\[
\det(A_{11}) = 2 \begin{vmatrix} 5 & -5 \\ -2 & 3 \end{vmatrix} - 4 \begin{vmatrix} 4 & -5 \\ 4 & 3 \end{vmatrix} + (-3) \begin{vmatrix} 4 & 5 \\ 4 & -2 \end{vmatrix}
\]

Calculating each \(2 \times 2\) determinant:

\[
\begin{vmatrix} 5 & -5 \\ -2 & 3 \end{vmatrix} = (5)(3) - (-5)(-2) = 15 - 10 = 5
\]

\[
\begin{vmatrix} 4 & -5 \\ 4 & 3 \end{vmatrix} = (4)(3) - (-5)(4) = 12 + 20 = 32
\]

\[
\begin{vmatrix} 4 & 5 \\ 4 & -2 \end{vmatrix} = (4)(-2) - (5)(4) = -8 - 20 = -28
\]

Substitute back:

\[
\det(A_{11}) = 2(5) - 4(32) - 3(-28) = 10 - 128 + 84 = -34
\]

### Step 2: Calculate \(\det(A_{12})\)

The minor \( A_{12} \) is:

\[
A_{12} = \begin{bmatrix} 
0 & 4 & -3 \\ 
3 & 5 & -5 \\ 
2 & -2 & 3 
\end{bmatrix}
\]

The determinant of this \(3 \times 3\) matrix is:

\[
\det(A_{12}) = 0 \begin{vmatrix} 5 & -5 \\ -2 & 3 \end{vmatrix} - 4 \begin{vmatrix} 3 & -5 \\ 2 & 3 \end{vmatrix} + (-3) \begin{vmatrix} 3 & 5 \\ 2 & -2 \end{vmatrix}
\]

Calculating each \(2 \times 2\) determinant:

\[
\begin{vmatrix} 3 & -5 \\ 2 & 3 \end{vmatrix} = (3)(3) - (-5)(2) = 9 + 10 = 19
\]

\[
\begin{vmatrix} 3 & 5 \\ 2 & -2 \end{vmatrix} = (3)(-2) - (5)(2) = -6 - 10 = -16
\]

Substitute back:

\[
\det(A_{12}) = 0 - 4(19) + 3(16) = -76 + 48 = -28
\]

### Step 3: Calculate \(\det(A_{13})\)

The minor \( A_{13} \) is:

\[
A_{13} = \begin{bmatrix} 
0 & 2 & -3 \\ 
3 & 4 & -5 \\ 
2 & 4 & 3 
\end{bmatrix}
\]

The determinant of this \(3 \times 3\) matrix is:

\[
\det(A_{13}) = 0 \begin{vmatrix} 4 & -5 \\ 4 & 3 \end{vmatrix} - 2 \begin{vmatrix} 3 & -5 \\ 2 & 3 \end{vmatrix} + (-3) \begin{vmatrix} 3 & 4 \\ 2 & 4 \end{vmatrix}
\]

Calculating each \(2 \times 2\) determinant:

\[
\begin{vmatrix} 3 & -5 \\ 2 & 3 \end{vmatrix} = 19 \quad \text{(already calculated)}
\]

\[
\begin{vmatrix} 3 & 4 \\ 2 & 4 \end{vmatrix} = (3)(4) - (4)(2) = 12 - 8 = 4
\]

Substitute back:

\[
\det(A_{13}) = 0 - 2(19) - 3(4) = -38 - 12 = -50
\]

### Step 4: Calculate \(\det(A_{14})\)

The minor \( A_{14} \) is:

\[
A_{14} = \begin{bmatrix} 
0 & 2 & 4 \\ 
3 & 4 & 5 \\ 
2 & 4 & -2 
\end{bmatrix}
\]

The determinant of this \(3 \times 3\) matrix is:

\[
\det(A_{14}) = 0 \begin{vmatrix} 4 & 5 \\ 4 & -2 \end{vmatrix} - 2 \begin{vmatrix} 3 & 5 \\ 2 & -2 \end{vmatrix} + 4 \begin{vmatrix} 3 & 4 \\ 2 & 4 \end{vmatrix}
\]

Calculating each \(2 \times 2\) determinant:

\[
\begin{vmatrix} 3 & 5 \\ 2 & -2 \end{vmatrix} = -16 \quad \text{(already calculated)}
\]

\[
\begin{vmatrix} 3 & 4 \\ 2 & 4 \end{vmatrix} = 4 \quad \text{(already calculated)}
\]

Substitute back:

\[
\det(A_{14}) = 0 - 2(-16) + 4(4) = 32 + 16 = 48
\]

### Final Calculation

Substitute all the determinants back into the cofactor expansion:

\[
\det(A) = 4(-34) + 2(-28) + 3(-50) - 4(48)
\]

Calculate each term:

\[
4(-34) = -136
\]
\[
2(-28) = -56
\]
\[
3(-50) = -150
\]
\[
4(48) = 192
\]

Combine all terms:

\[
\det(A) = -136 - 56 - 150 - 192 = -534
\]

Thus, the determinant of matrix \( A \) is \(\boxed{-534}\).","To find the determinant of the \(4 \times 4\) matrix \( A \), we can use cofactor expansion along the first row. The matrix \( A \) is given by:

\[
A = \begin{bmatrix} 
4 & -2 & 3 & 4 \\ 
0 & 2 & 4 & -3 \\ 
3 & 4 & 5 & -5 \\ 
2 & 4 & -2 & 3 
\end{bmatrix}
\]

The determinant of \( A \), denoted as \(\det(A)\), can be expanded along the first row:

\[
\det(A) = 4 \cdot \det(A_{11}) - (-2) \cdot \det(A_{12}) + 3 \cdot \det(A_{13}) - 4 \cdot \det(A_{14})
\]

where \( A_{ij} \) is the \((i,j)\)-minor of \( A \), obtained by deleting the \(i\)-th row and \(j\)-th column.

### Step 1: Calculate \(\det(A_{11})\)

The minor \( A_{11} \) is:

\[
A_{11} = \begin{bmatrix} 
2 & 4 & -3 \\ 
4 & 5 & -5 \\ 
4 & -2 & 3 
\end{bmatrix}
\]

The determinant of this \(3 \times 3\) matrix is:

\[
\det(A_{11}) = 2 \begin{vmatrix} 5 & -5 \\ -2 & 3 \end{vmatrix} - 4 \begin{vmatrix} 4 & -5 \\ 4 & 3 \end{vmatrix} + (-3) \begin{vmatrix} 4 & 5 \\ 4 & -2 \end{vmatrix}
\]

Calculating each \(2 \times 2\) determinant:

\[
\begin{vmatrix} 5 & -5 \\ -2 & 3 \end{vmatrix} = (5)(3) - (-5)(-2) = 15 - 10 = 5
\]

\[
\begin{vmatrix} 4 & -5 \\ 4 & 3 \end{vmatrix} = (4)(3) - (-5)(4) = 12 + 20 = 32
\]

\[
\begin{vmatrix} 4 & 5 \\ 4 & -2 \end{vmatrix} = (4)(-2) - (5)(4) = -8 - 20 = -28
\]

Substitute back:

\[
\det(A_{11}) = 2(5) - 4(32) - 3(-28) = 10 - 128 + 84 = -34
\]

### Step 2: Calculate \(\det(A_{12})\)

The minor \( A_{12} \) is:

\[
A_{12} = \begin{bmatrix} 
0 & 4 & -3 \\ 
3 & 5 & -5 \\ 
2 & -2 & 3 
\end{bmatrix}
\]

The determinant of this \(3 \times 3\) matrix is:

\[
\det(A_{12}) = 0 \begin{vmatrix} 5 & -5 \\ -2 & 3 \end{vmatrix} - 4 \begin{vmatrix} 3 & -5 \\ 2 & 3 \end{vmatrix} + (-3) \begin{vmatrix} 3 & 5 \\ 2 & -2 \end{vmatrix}
\]

Calculating each \(2 \times 2\) determinant:

\[
\begin{vmatrix} 3 & -5 \\ 2 & 3 \end{vmatrix} = (3)(3) - (-5)(2) = 9 + 10 = 19
\]

\[
\begin{vmatrix} 3 & 5 \\ 2 & -2 \end{vmatrix} = (3)(-2) - (5)(2) = -6 - 10 = -16
\]

Substitute back:

\[
\det(A_{12}) = 0 - 4(19) + 3(16) = -76 + 48 = -28
\]

### Step 3: Calculate \(\det(A_{13})\)

The minor \( A_{13} \) is:

\[
A_{13} = \begin{bmatrix} 
0 & 2 & -3 \\ 
3 & 4 & -5 \\ 
2 & 4 & 3 
\end{bmatrix}
\]

The determinant of this \(3 \times 3\) matrix is:

\[
\det(A_{13}) = 0 \begin{vmatrix} 4 & -5 \\ 4 & 3 \end{vmatrix} - 2 \begin{vmatrix} 3 & -5 \\ 2 & 3 \end{vmatrix} + (-3) \begin{vmatrix} 3 & 4 \\ 2 & 4 \end{vmatrix}
\]

Calculating each \(2 \times 2\) determinant:

\[
\begin{vmatrix} 3 & -5 \\ 2 & 3 \end{vmatrix} = 19 \quad \text{(already calculated)}
\]

\[
\begin{vmatrix} 3 & 4 \\ 2 & 4 \end{vmatrix} = (3)(4) - (4)(2) = 12 - 8 = 4
\]

Substitute back:

\[
\det(A_{13}) = 0 - 2(19) - 3(4) = -38 - 12 = -50
\]

### Step 4: Calculate \(\det(A_{14})\)

The minor \( A_{14} \) is:

\[
A_{14} = \begin{bmatrix} 
0 & 2 & 4 \\ 
3 & 4 & 5 \\ 
2 & 4 & -2 
\end{bmatrix}
\]

The determinant of this \(3 \times 3\) matrix is:

\[
\det(A_{14}) = 0 \begin{vmatrix} 4 & 5 \\ 4 & -2 \end{vmatrix} - 2 \begin{vmatrix} 3 & 5 \\ 2 & -2 \end{vmatrix} + 4 \begin{vmatrix} 3 & 4 \\ 2 & 4 \end{vmatrix}
\]

Calculating each \(2 \times 2\) determinant:

\[
\begin{vmatrix} 3 & 5 \\ 2 & -2 \end{vmatrix} = -16 \quad \text{(already calculated)}
\]

\[
\begin{vmatrix} 3 & 4 \\ 2 & 4 \end{vmatrix} = 4 \quad \text{(already calculated)}
\]

Substitute back:

\[
\det(A_{14}) = 0 - 2(-16) + 4(4) = 32 + 16 = 48
\]

### Final Calculation

Substitute all the determinants back into the cofactor expansion:

\[
\det(A) = 4(-34) + 2(-28) + 3(-50) - 4(48)
\]

Calculate each term:

\[
4(-34) = -136
\]
\[
2(-28) = -56
\]
\[
3(-50) = -150
\]
\[
4(48) = 192
\]

Combine all terms:

\[
\det(A) = -136 - 56 - 150 - 192 = -534
\]

Thus, the determinant of matrix \( A \) is \(\boxed{-534}\).",) = 4 \cdot \det(A_{11}) [-] (-2) \cdot \det(A_{12}) ,463,agent_c1_leftright,high,sign between 1st and 2nd term (- (-2) det A_12) of concrete 4x4 expansion,PASS
NC_4x4_det_493,Phi-4,determinant,4,,,correct,\det(A) = -115,-,+,819,"<|im_start|>system<|im_sep|>You are a precise mathematical assistant. Show all computation steps clearly. Always put your final numerical answer inside \boxed{}.<|im_end|><|im_start|>user<|im_sep|>Solve this linear algebra problem. Show your work and give the final answer.

Find the determinant of the 4×4 matrix A.

A = \begin{bmatrix} -3 & 2 & 4 & 2 \\ -5 & 0 & 2 & 1 \\ 1 & 0 & 3 & 3 \\ 3 & 3 & 5 & 0 \end{bmatrix}

<|im_end|><|im_start|>assistant<|im_sep|>To find the determinant of the \(4 \times 4\) matrix \(A\), we can use cofactor expansion along the first row. The matrix \(A\) is:

\[
A = \begin{bmatrix} 
-3 & 2 & 4 & 2 \\ 
-5 & 0 & 2 & 1 \\ 
1 & 0 & 3 & 3 \\ 
3 & 3 & 5 & 0 
\end{bmatrix}
\]

The determinant of \(A\), denoted as \(\det(A)\), is calculated as follows:

\[
\det(A) = -3 \cdot \det(A_{11}) - 2 \cdot \det(A_{12}) + 4 \cdot \det(A_{13}) - 2 \cdot \det(A_{14})
\]

where \(A_{ij}\) is the \((i,j)\)-minor of \(A\), obtained by deleting the \(i\)-th row and \(j\)-th column.

### Step 1: Calculate \(\det(A_{11})\)

The minor \(A_{11}\) is:

\[
A_{11} = \begin{bmatrix} 
0 & 2 & 1 \\ 
0 & 3 & 3 \\ 
3 & 5 & 0 
\end{bmatrix}
\]

The determinant of \(A_{11}\) is:

\[
\det(A_{11}) = 0 \cdot \det\begin{bmatrix} 3 & 3 \\ 5 & 0 \end{bmatrix} - 2 \cdot \det\begin{bmatrix} 0 & 3 \\ 3 & 0 \end{bmatrix} + 1 \cdot \det\begin{bmatrix} 0 & 3 \\ 3 & 5 \end{bmatrix}
\]

Calculating each \(2 \times 2\) determinant:

\[
\det\begin{bmatrix} 3 & 3 \\ 5 & 0 \end{bmatrix} = 3 \cdot 0 - 3 \cdot 5 = -15
\]

\[
\det\begin{bmatrix} 0 & 3 \\ 3 & 0 \end{bmatrix} = 0 \cdot 0 - 3 \cdot 3 = -9
\]

\[
\det\begin{bmatrix} 0 & 3 \\ 3 & 5 \end{bmatrix} = 0 \cdot 5 - 3 \cdot 3 = -9
\]

Thus:

\[
\det(A_{11}) = 0 - 2(-9) + 1(-9) = 18 - 9 = 9
\]

### Step 2: Calculate \(\det(A_{12})\)

The minor \(A_{12}\) is:

\[
A_{12} = \begin{bmatrix} 
-5 & 2 & 1 \\ 
1 & 3 & 3 \\ 
3 & 5 & 0 
\end{bmatrix}
\]

The determinant of \(A_{12}\) is:

\[
\det(A_{12}) = -5 \cdot \det\begin{bmatrix} 3 & 3 \\ 5 & 0 \end{bmatrix} - 2 \cdot \det\begin{bmatrix} 1 & 3 \\ 3 & 0 \end{bmatrix} + 1 \cdot \det\begin{bmatrix} 1 & 3 \\ 3 & 5 \end{bmatrix}
\]

Calculating each \(2 \times 2\) determinant:

\[
\det\begin{bmatrix} 3 & 3 \\ 5 & 0 \end{bmatrix} = -15
\]

\[
\det\begin{bmatrix} 1 & 3 \\ 3 & 0 \end{bmatrix} = 1 \cdot 0 - 3 \cdot 3 = -9
\]

\[
\det\begin{bmatrix} 1 & 3 \\ 3 & 5 \end{bmatrix} = 1 \cdot 5 - 3 \cdot 3 = 5 - 9 = -4
\]

Thus:

\[
\det(A_{12}) = -5(-15) - 2(-9) + 1(-4) = 75 + 18 - 4 = 89
\]

### Step 3: Calculate \(\det(A_{13})\)

The minor \(A_{13}\) is:

\[
A_{13} = \begin{bmatrix} 
-5 & 0 & 1 \\ 
1 & 0 & 3 \\ 
3 & 3 & 0 
\end{bmatrix}
\]

The determinant of \(A_{13}\) is:

\[
\det(A_{13}) = -5 \cdot \det\begin{bmatrix} 0 & 3 \\ 3 & 0 \end{bmatrix} - 0 \cdot \det\begin{bmatrix} 1 & 3 \\ 3 & 0 \end{bmatrix} + 1 \cdot \det\begin{bmatrix} 1 & 0 \\ 3 & 3 \end{bmatrix}
\]

Calculating each \(2 \times 2\) determinant:

\[
\det\begin{bmatrix} 0 & 3 \\ 3 & 0 \end{bmatrix} = -9
\]

\[
\det\begin{bmatrix} 1 & 0 \\ 3 & 3 \end{bmatrix} = 1 \cdot 3 - 0 \cdot 3 = 3
\]

Thus:

\[
\det(A_{13}) = -5(-9) + 0 + 1(3) = 45 + 3 = 48
\]

### Step 4: Calculate \(\det(A_{14})\)

The minor \(A_{14}\) is:

\[
A_{14} = \begin{bmatrix} 
-5 & 0 & 2 \\ 
1 & 0 & 3 \\ 
3 & 3 & 5 
\end{bmatrix}
\]

The determinant of \(A_{14}\) is:

\[
\det(A_{14}) = -5 \cdot \det\begin{bmatrix} 0 & 3 \\ 3 & 5 \end{bmatrix} - 0 \cdot \det\begin{bmatrix} 1 & 3 \\ 3 & 5 \end{bmatrix} + 2 \cdot \det\begin{bmatrix} 1 & 0 \\ 3 & 3 \end{bmatrix}
\]

Calculating each \(2 \times 2\) determinant:

\[
\det\begin{bmatrix} 0 & 3 \\ 3 & 5 \end{bmatrix} = -9
\]

\[
\det\begin{bmatrix} 1 & 0 \\ 3 & 3 \end{bmatrix} = 3
\]

Thus:

\[
\det(A_{14}) = -5(-9) + 0 + 2(3) = 45 + 6 = 51
\]

### Final Calculation

Substitute back into the determinant formula:

\[
\det(A) = -3 \cdot 9 - 2 \cdot 89 + 4 \cdot 48 - 2 \cdot 51
\]

Calculate each term:

\[
-3 \cdot 9 = -27
\]

\[
-2 \cdot 89 = -178
\]

\[
4 \cdot 48 = 192
\]

\[
-2 \cdot 51 = -102
\]

Add them together:

\[
\det(A) = -27 - 178 + 192 - 102 = -115
\]

Thus, the determinant of matrix \(A\) is:

\[
\boxed{-115}
\]","To find the determinant of the \(4 \times 4\) matrix \(A\), we can use cofactor expansion along the first row. The matrix \(A\) is:

\[
A = \begin{bmatrix} 
-3 & 2 & 4 & 2 \\ 
-5 & 0 & 2 & 1 \\ 
1 & 0 & 3 & 3 \\ 
3 & 3 & 5 & 0 
\end{bmatrix}
\]

The determinant of \(A\), denoted as \(\det(A)\), is calculated as follows:

\[
\det(A) = -3 \cdot \det(A_{11}) - 2 \cdot \det(A_{12}) + 4 \cdot \det(A_{13}) - 2 \cdot \det(A_{14})
\]

where \(A_{ij}\) is the \((i,j)\)-minor of \(A\), obtained by deleting the \(i\)-th row and \(j\)-th column.

### Step 1: Calculate \(\det(A_{11})\)

The minor \(A_{11}\) is:

\[
A_{11} = \begin{bmatrix} 
0 & 2 & 1 \\ 
0 & 3 & 3 \\ 
3 & 5 & 0 
\end{bmatrix}
\]

The determinant of \(A_{11}\) is:

\[
\det(A_{11}) = 0 \cdot \det\begin{bmatrix} 3 & 3 \\ 5 & 0 \end{bmatrix} - 2 \cdot \det\begin{bmatrix} 0 & 3 \\ 3 & 0 \end{bmatrix} + 1 \cdot \det\begin{bmatrix} 0 & 3 \\ 3 & 5 \end{bmatrix}
\]

Calculating each \(2 \times 2\) determinant:

\[
\det\begin{bmatrix} 3 & 3 \\ 5 & 0 \end{bmatrix} = 3 \cdot 0 - 3 \cdot 5 = -15
\]

\[
\det\begin{bmatrix} 0 & 3 \\ 3 & 0 \end{bmatrix} = 0 \cdot 0 - 3 \cdot 3 = -9
\]

\[
\det\begin{bmatrix} 0 & 3 \\ 3 & 5 \end{bmatrix} = 0 \cdot 5 - 3 \cdot 3 = -9
\]

Thus:

\[
\det(A_{11}) = 0 - 2(-9) + 1(-9) = 18 - 9 = 9
\]

### Step 2: Calculate \(\det(A_{12})\)

The minor \(A_{12}\) is:

\[
A_{12} = \begin{bmatrix} 
-5 & 2 & 1 \\ 
1 & 3 & 3 \\ 
3 & 5 & 0 
\end{bmatrix}
\]

The determinant of \(A_{12}\) is:

\[
\det(A_{12}) = -5 \cdot \det\begin{bmatrix} 3 & 3 \\ 5 & 0 \end{bmatrix} - 2 \cdot \det\begin{bmatrix} 1 & 3 \\ 3 & 0 \end{bmatrix} + 1 \cdot \det\begin{bmatrix} 1 & 3 \\ 3 & 5 \end{bmatrix}
\]

Calculating each \(2 \times 2\) determinant:

\[
\det\begin{bmatrix} 3 & 3 \\ 5 & 0 \end{bmatrix} = -15
\]

\[
\det\begin{bmatrix} 1 & 3 \\ 3 & 0 \end{bmatrix} = 1 \cdot 0 - 3 \cdot 3 = -9
\]

\[
\det\begin{bmatrix} 1 & 3 \\ 3 & 5 \end{bmatrix} = 1 \cdot 5 - 3 \cdot 3 = 5 - 9 = -4
\]

Thus:

\[
\det(A_{12}) = -5(-15) - 2(-9) + 1(-4) = 75 + 18 - 4 = 89
\]

### Step 3: Calculate \(\det(A_{13})\)

The minor \(A_{13}\) is:

\[
A_{13} = \begin{bmatrix} 
-5 & 0 & 1 \\ 
1 & 0 & 3 \\ 
3 & 3 & 0 
\end{bmatrix}
\]

The determinant of \(A_{13}\) is:

\[
\det(A_{13}) = -5 \cdot \det\begin{bmatrix} 0 & 3 \\ 3 & 0 \end{bmatrix} - 0 \cdot \det\begin{bmatrix} 1 & 3 \\ 3 & 0 \end{bmatrix} + 1 \cdot \det\begin{bmatrix} 1 & 0 \\ 3 & 3 \end{bmatrix}
\]

Calculating each \(2 \times 2\) determinant:

\[
\det\begin{bmatrix} 0 & 3 \\ 3 & 0 \end{bmatrix} = -9
\]

\[
\det\begin{bmatrix} 1 & 0 \\ 3 & 3 \end{bmatrix} = 1 \cdot 3 - 0 \cdot 3 = 3
\]

Thus:

\[
\det(A_{13}) = -5(-9) + 0 + 1(3) = 45 + 3 = 48
\]

### Step 4: Calculate \(\det(A_{14})\)

The minor \(A_{14}\) is:

\[
A_{14} = \begin{bmatrix} 
-5 & 0 & 2 \\ 
1 & 0 & 3 \\ 
3 & 3 & 5 
\end{bmatrix}
\]

The determinant of \(A_{14}\) is:

\[
\det(A_{14}) = -5 \cdot \det\begin{bmatrix} 0 & 3 \\ 3 & 5 \end{bmatrix} - 0 \cdot \det\begin{bmatrix} 1 & 3 \\ 3 & 5 \end{bmatrix} + 2 \cdot \det\begin{bmatrix} 1 & 0 \\ 3 & 3 \end{bmatrix}
\]

Calculating each \(2 \times 2\) determinant:

\[
\det\begin{bmatrix} 0 & 3 \\ 3 & 5 \end{bmatrix} = -9
\]

\[
\det\begin{bmatrix} 1 & 0 \\ 3 & 3 \end{bmatrix} = 3
\]

Thus:

\[
\det(A_{14}) = -5(-9) + 0 + 2(3) = 45 + 6 = 51
\]

### Final Calculation

Substitute back into the determinant formula:

\[
\det(A) = -3 \cdot 9 - 2 \cdot 89 + 4 \cdot 48 - 2 \cdot 51
\]

Calculate each term:

\[
-3 \cdot 9 = -27
\]

\[
-2 \cdot 89 = -178
\]

\[
4 \cdot 48 = 192
\]

\[
-2 \cdot 51 = -102
\]

Add them together:

\[
\det(A) = -27 - 178 + 192 - 102 = -115
\]

Thus, the determinant of matrix \(A\) is:

\[
\boxed{-115}
\]", = -3 \cdot \det(A_{11}) [-] 2 \cdot \det(A_{12}) + 4,461,agent_c1_leftright,high,sign between 1st (-3 det A_11) and 2nd term; leading -3 is entry value,PASS
NC_4x4_det_494,Phi-4,determinant,4,,,correct,\det(A) = -170,+,-,844,"<|im_start|>system<|im_sep|>You are a precise mathematical assistant. Show all computation steps clearly. Always put your final numerical answer inside \boxed{}.<|im_end|><|im_start|>user<|im_sep|>Solve this linear algebra problem. Show your work and give the final answer.

Find the determinant of the 4×4 matrix A.

A = \begin{bmatrix} -2 & 5 & 5 & 0 \\ 4 & -2 & 0 & 5 \\ -5 & 0 & 5 & 0 \\ 4 & 2 & 0 & 4 \end{bmatrix}

<|im_end|><|im_start|>assistant<|im_sep|>To find the determinant of the \(4 \times 4\) matrix \( A \), we will use cofactor expansion along the first row. The matrix \( A \) is given by:

\[
A = \begin{bmatrix} 
-2 & 5 & 5 & 0 \\ 
4 & -2 & 0 & 5 \\ 
-5 & 0 & 5 & 0 \\ 
4 & 2 & 0 & 4 
\end{bmatrix}
\]

The determinant of \( A \), denoted as \(\det(A)\), can be expanded along the first row:

\[
\det(A) = (-2) \cdot C_{11} + 5 \cdot C_{12} + 5 \cdot C_{13} + 0 \cdot C_{14}
\]

where \( C_{ij} \) is the cofactor of the element in the \(i\)-th row and \(j\)-th column. The cofactor \( C_{ij} \) is given by:

\[
C_{ij} = (-1)^{i+j} \det(M_{ij})
\]

where \( M_{ij} \) is the \((n-1) \times (n-1)\) submatrix obtained by deleting the \(i\)-th row and \(j\)-th column from \( A \).

### Step 1: Calculate \( C_{11} \)

The submatrix \( M_{11} \) is obtained by deleting the first row and first column:

\[
M_{11} = \begin{bmatrix} 
-2 & 0 & 5 \\ 
0 & 5 & 0 \\ 
2 & 0 & 4 
\end{bmatrix}
\]

The determinant of \( M_{11} \) is:

\[
\det(M_{11}) = (-2) \begin{vmatrix} 5 & 0 \\ 0 & 4 \end{vmatrix} - 0 \begin{vmatrix} 0 & 5 \\ 2 & 4 \end{vmatrix} + 5 \begin{vmatrix} 0 & 5 \\ 2 & 0 \end{vmatrix}
\]

Calculating the \(2 \times 2\) determinants:

\[
\begin{vmatrix} 5 & 0 \\ 0 & 4 \end{vmatrix} = (5)(4) - (0)(0) = 20
\]

\[
\begin{vmatrix} 0 & 5 \\ 2 & 0 \end{vmatrix} = (0)(0) - (5)(2) = -10
\]

Thus,

\[
\det(M_{11}) = (-2)(20) + 5(-10) = -40 - 50 = -90
\]

The cofactor \( C_{11} \) is:

\[
C_{11} = (-1)^{1+1} \det(M_{11}) = 1 \cdot (-90) = -90
\]

### Step 2: Calculate \( C_{12} \)

The submatrix \( M_{12} \) is obtained by deleting the first row and second column:

\[
M_{12} = \begin{bmatrix} 
4 & 0 & 5 \\ 
-5 & 5 & 0 \\ 
4 & 0 & 4 
\end{bmatrix}
\]

The determinant of \( M_{12} \) is:

\[
\det(M_{12}) = 4 \begin{vmatrix} 5 & 0 \\ 0 & 4 \end{vmatrix} - 0 \begin{vmatrix} -5 & 0 \\ 4 & 4 \end{vmatrix} + 5 \begin{vmatrix} -5 & 5 \\ 4 & 0 \end{vmatrix}
\]

Calculating the \(2 \times 2\) determinants:

\[
\begin{vmatrix} 5 & 0 \\ 0 & 4 \end{vmatrix} = 20
\]

\[
\begin{vmatrix} -5 & 5 \\ 4 & 0 \end{vmatrix} = (-5)(0) - (5)(4) = -20
\]

Thus,

\[
\det(M_{12}) = 4(20) + 5(-20) = 80 - 100 = -20
\]

The cofactor \( C_{12} \) is:

\[
C_{12} = (-1)^{1+2} \det(M_{12}) = -1 \cdot (-20) = 20
\]

### Step 3: Calculate \( C_{13} \)

The submatrix \( M_{13} \) is obtained by deleting the first row and third column:

\[
M_{13} = \begin{bmatrix} 
4 & -2 & 5 \\ 
-5 & 0 & 0 \\ 
4 & 2 & 4 
\end{bmatrix}
\]

The determinant of \( M_{13} \) is:

\[
\det(M_{13}) = 4 \begin{vmatrix} 0 & 0 \\ 2 & 4 \end{vmatrix} - (-2) \begin{vmatrix} -5 & 0 \\ 4 & 4 \end{vmatrix} + 5 \begin{vmatrix} -5 & 0 \\ 4 & 2 \end{vmatrix}
\]

Calculating the \(2 \times 2\) determinants:

\[
\begin{vmatrix} 0 & 0 \\ 2 & 4 \end{vmatrix} = (0)(4) - (0)(2) = 0
\]

\[
\begin{vmatrix} -5 & 0 \\ 4 & 4 \end{vmatrix} = (-5)(4) - (0)(4) = -20
\]

\[
\begin{vmatrix} -5 & 0 \\ 4 & 2 \end{vmatrix} = (-5)(2) - (0)(4) = -10
\]

Thus,

\[
\det(M_{13}) = 4(0) + 2(-20) + 5(-10) = 0 - 40 - 50 = -90
\]

The cofactor \( C_{13} \) is:

\[
C_{13} = (-1)^{1+3} \det(M_{13}) = 1 \cdot (-90) = -90
\]

### Final Calculation

Substitute the cofactors back into the determinant expansion:

\[
\det(A) = (-2)(-90) + 5(20) + 5(-90) + 0
\]

\[
= 180 + 100 - 450
\]

\[
= 280 - 450 = -170
\]

Thus, the determinant of the matrix \( A \) is \(\boxed{-170}\).","To find the determinant of the \(4 \times 4\) matrix \( A \), we will use cofactor expansion along the first row. The matrix \( A \) is given by:

\[
A = \begin{bmatrix} 
-2 & 5 & 5 & 0 \\ 
4 & -2 & 0 & 5 \\ 
-5 & 0 & 5 & 0 \\ 
4 & 2 & 0 & 4 
\end{bmatrix}
\]

The determinant of \( A \), denoted as \(\det(A)\), can be expanded along the first row:

\[
\det(A) = (-2) \cdot C_{11} + 5 \cdot C_{12} + 5 \cdot C_{13} + 0 \cdot C_{14}
\]

where \( C_{ij} \) is the cofactor of the element in the \(i\)-th row and \(j\)-th column. The cofactor \( C_{ij} \) is given by:

\[
C_{ij} = (-1)^{i+j} \det(M_{ij})
\]

where \( M_{ij} \) is the \((n-1) \times (n-1)\) submatrix obtained by deleting the \(i\)-th row and \(j\)-th column from \( A \).

### Step 1: Calculate \( C_{11} \)

The submatrix \( M_{11} \) is obtained by deleting the first row and first column:

\[
M_{11} = \begin{bmatrix} 
-2 & 0 & 5 \\ 
0 & 5 & 0 \\ 
2 & 0 & 4 
\end{bmatrix}
\]

The determinant of \( M_{11} \) is:

\[
\det(M_{11}) = (-2) \begin{vmatrix} 5 & 0 \\ 0 & 4 \end{vmatrix} - 0 \begin{vmatrix} 0 & 5 \\ 2 & 4 \end{vmatrix} + 5 \begin{vmatrix} 0 & 5 \\ 2 & 0 \end{vmatrix}
\]

Calculating the \(2 \times 2\) determinants:

\[
\begin{vmatrix} 5 & 0 \\ 0 & 4 \end{vmatrix} = (5)(4) - (0)(0) = 20
\]

\[
\begin{vmatrix} 0 & 5 \\ 2 & 0 \end{vmatrix} = (0)(0) - (5)(2) = -10
\]

Thus,

\[
\det(M_{11}) = (-2)(20) + 5(-10) = -40 - 50 = -90
\]

The cofactor \( C_{11} \) is:

\[
C_{11} = (-1)^{1+1} \det(M_{11}) = 1 \cdot (-90) = -90
\]

### Step 2: Calculate \( C_{12} \)

The submatrix \( M_{12} \) is obtained by deleting the first row and second column:

\[
M_{12} = \begin{bmatrix} 
4 & 0 & 5 \\ 
-5 & 5 & 0 \\ 
4 & 0 & 4 
\end{bmatrix}
\]

The determinant of \( M_{12} \) is:

\[
\det(M_{12}) = 4 \begin{vmatrix} 5 & 0 \\ 0 & 4 \end{vmatrix} - 0 \begin{vmatrix} -5 & 0 \\ 4 & 4 \end{vmatrix} + 5 \begin{vmatrix} -5 & 5 \\ 4 & 0 \end{vmatrix}
\]

Calculating the \(2 \times 2\) determinants:

\[
\begin{vmatrix} 5 & 0 \\ 0 & 4 \end{vmatrix} = 20
\]

\[
\begin{vmatrix} -5 & 5 \\ 4 & 0 \end{vmatrix} = (-5)(0) - (5)(4) = -20
\]

Thus,

\[
\det(M_{12}) = 4(20) + 5(-20) = 80 - 100 = -20
\]

The cofactor \( C_{12} \) is:

\[
C_{12} = (-1)^{1+2} \det(M_{12}) = -1 \cdot (-20) = 20
\]

### Step 3: Calculate \( C_{13} \)

The submatrix \( M_{13} \) is obtained by deleting the first row and third column:

\[
M_{13} = \begin{bmatrix} 
4 & -2 & 5 \\ 
-5 & 0 & 0 \\ 
4 & 2 & 4 
\end{bmatrix}
\]

The determinant of \( M_{13} \) is:

\[
\det(M_{13}) = 4 \begin{vmatrix} 0 & 0 \\ 2 & 4 \end{vmatrix} - (-2) \begin{vmatrix} -5 & 0 \\ 4 & 4 \end{vmatrix} + 5 \begin{vmatrix} -5 & 0 \\ 4 & 2 \end{vmatrix}
\]

Calculating the \(2 \times 2\) determinants:

\[
\begin{vmatrix} 0 & 0 \\ 2 & 4 \end{vmatrix} = (0)(4) - (0)(2) = 0
\]

\[
\begin{vmatrix} -5 & 0 \\ 4 & 4 \end{vmatrix} = (-5)(4) - (0)(4) = -20
\]

\[
\begin{vmatrix} -5 & 0 \\ 4 & 2 \end{vmatrix} = (-5)(2) - (0)(4) = -10
\]

Thus,

\[
\det(M_{13}) = 4(0) + 2(-20) + 5(-10) = 0 - 40 - 50 = -90
\]

The cofactor \( C_{13} \) is:

\[
C_{13} = (-1)^{1+3} \det(M_{13}) = 1 \cdot (-90) = -90
\]

### Final Calculation

Substitute the cofactors back into the determinant expansion:

\[
\det(A) = (-2)(-90) + 5(20) + 5(-90) + 0
\]

\[
= 180 + 100 - 450
\]

\[
= 280 - 450 = -170
\]

Thus, the determinant of the matrix \( A \) is \(\boxed{-170}\).",t(A) = (-2) \cdot C_{11} [+] 5 \cdot C_{12} + 5 \cdot,462,agent_c1_leftright,high,sign between 1st ((-2) C_11) and 2nd (+5 C_12) term of concrete 4x4 expansion,PASS
NC_4x4_det_502,Phi-4,determinant,4,,,correct,\det(A) = 188,+,-,842,"<|im_start|>system<|im_sep|>You are a precise mathematical assistant. Show all computation steps clearly. Always put your final numerical answer inside \boxed{}.<|im_end|><|im_start|>user<|im_sep|>Solve this linear algebra problem. Show your work and give the final answer.

Find the determinant of the 4×4 matrix A.

A = \begin{bmatrix} -1 & 4 & 0 & 0 \\ -3 & 0 & 2 & -2 \\ -2 & 4 & -4 & 5 \\ 0 & 2 & -2 & -1 \end{bmatrix}

<|im_end|><|im_start|>assistant<|im_sep|>To find the determinant of the \(4 \times 4\) matrix \( A \), we can use cofactor expansion along the first row. The matrix \( A \) is:

\[
A = \begin{bmatrix} 
-1 & 4 & 0 & 0 \\ 
-3 & 0 & 2 & -2 \\ 
-2 & 4 & -4 & 5 \\ 
0 & 2 & -2 & -1 
\end{bmatrix}
\]

The determinant of \( A \), denoted as \(\det(A)\), can be expanded along the first row:

\[
\det(A) = (-1) \cdot C_{11} + 4 \cdot C_{12} + 0 \cdot C_{13} + 0 \cdot C_{14}
\]

where \( C_{ij} \) is the cofactor of the element in the \(i\)-th row and \(j\)-th column. Since the terms with \(0\) will vanish, we only need to calculate \( C_{11} \) and \( C_{12} \).

### Cofactor \( C_{11} \)

The minor of element \( a_{11} = -1 \) is the determinant of the \(3 \times 3\) matrix obtained by deleting the first row and first column:

\[
M_{11} = \begin{bmatrix} 
0 & 2 & -2 \\ 
4 & -4 & 5 \\ 
2 & -2 & -1 
\end{bmatrix}
\]

The determinant of \( M_{11} \) is:

\[
\det(M_{11}) = 0 \cdot \begin{vmatrix} -4 & 5 \\ -2 & -1 \end{vmatrix} - 2 \cdot \begin{vmatrix} 4 & 5 \\ 2 & -1 \end{vmatrix} + (-2) \cdot \begin{vmatrix} 4 & -4 \\ 2 & -2 \end{vmatrix}
\]

Calculating each \(2 \times 2\) determinant:

\[
\begin{vmatrix} -4 & 5 \\ -2 & -1 \end{vmatrix} = (-4)(-1) - (5)(-2) = 4 + 10 = 14
\]

\[
\begin{vmatrix} 4 & 5 \\ 2 & -1 \end{vmatrix} = (4)(-1) - (5)(2) = -4 - 10 = -14
\]

\[
\begin{vmatrix} 4 & -4 \\ 2 & -2 \end{vmatrix} = (4)(-2) - (-4)(2) = -8 + 8 = 0
\]

Substituting back:

\[
\det(M_{11}) = 0 \cdot 14 - 2 \cdot (-14) + (-2) \cdot 0 = 0 + 28 + 0 = 28
\]

Thus, the cofactor \( C_{11} = (-1)^{1+1} \cdot \det(M_{11}) = 1 \cdot 28 = 28 \).

### Cofactor \( C_{12} \)

The minor of element \( a_{12} = 4 \) is the determinant of the \(3 \times 3\) matrix obtained by deleting the first row and second column:

\[
M_{12} = \begin{bmatrix} 
-3 & 2 & -2 \\ 
-2 & -4 & 5 \\ 
0 & -2 & -1 
\end{bmatrix}
\]

The determinant of \( M_{12} \) is:

\[
\det(M_{12}) = -3 \cdot \begin{vmatrix} -4 & 5 \\ -2 & -1 \end{vmatrix} - 2 \cdot \begin{vmatrix} -2 & 5 \\ 0 & -1 \end{vmatrix} + (-2) \cdot \begin{vmatrix} -2 & -4 \\ 0 & -2 \end{vmatrix}
\]

Calculating each \(2 \times 2\) determinant:

\[
\begin{vmatrix} -4 & 5 \\ -2 & -1 \end{vmatrix} = 14 \quad \text{(calculated earlier)}
\]

\[
\begin{vmatrix} -2 & 5 \\ 0 & -1 \end{vmatrix} = (-2)(-1) - (5)(0) = 2
\]

\[
\begin{vmatrix} -2 & -4 \\ 0 & -2 \end{vmatrix} = (-2)(-2) - (-4)(0) = 4
\]

Substituting back:

\[
\det(M_{12}) = -3 \cdot 14 - 2 \cdot 2 + (-2) \cdot 4 = -42 - 4 - 8 = -54
\]

Thus, the cofactor \( C_{12} = (-1)^{1+2} \cdot \det(M_{12}) = -1 \cdot (-54) = 54 \).

### Final Calculation

Substituting the cofactors back into the determinant expansion:

\[
\det(A) = (-1) \cdot 28 + 4 \cdot 54 = -28 + 216 = 188
\]

Thus, the determinant of matrix \( A \) is \(\boxed{188}\).","To find the determinant of the \(4 \times 4\) matrix \( A \), we can use cofactor expansion along the first row. The matrix \( A \) is:

\[
A = \begin{bmatrix} 
-1 & 4 & 0 & 0 \\ 
-3 & 0 & 2 & -2 \\ 
-2 & 4 & -4 & 5 \\ 
0 & 2 & -2 & -1 
\end{bmatrix}
\]

The determinant of \( A \), denoted as \(\det(A)\), can be expanded along the first row:

\[
\det(A) = (-1) \cdot C_{11} + 4 \cdot C_{12} + 0 \cdot C_{13} + 0 \cdot C_{14}
\]

where \( C_{ij} \) is the cofactor of the element in the \(i\)-th row and \(j\)-th column. Since the terms with \(0\) will vanish, we only need to calculate \( C_{11} \) and \( C_{12} \).

### Cofactor \( C_{11} \)

The minor of element \( a_{11} = -1 \) is the determinant of the \(3 \times 3\) matrix obtained by deleting the first row and first column:

\[
M_{11} = \begin{bmatrix} 
0 & 2 & -2 \\ 
4 & -4 & 5 \\ 
2 & -2 & -1 
\end{bmatrix}
\]

The determinant of \( M_{11} \) is:

\[
\det(M_{11}) = 0 \cdot \begin{vmatrix} -4 & 5 \\ -2 & -1 \end{vmatrix} - 2 \cdot \begin{vmatrix} 4 & 5 \\ 2 & -1 \end{vmatrix} + (-2) \cdot \begin{vmatrix} 4 & -4 \\ 2 & -2 \end{vmatrix}
\]

Calculating each \(2 \times 2\) determinant:

\[
\begin{vmatrix} -4 & 5 \\ -2 & -1 \end{vmatrix} = (-4)(-1) - (5)(-2) = 4 + 10 = 14
\]

\[
\begin{vmatrix} 4 & 5 \\ 2 & -1 \end{vmatrix} = (4)(-1) - (5)(2) = -4 - 10 = -14
\]

\[
\begin{vmatrix} 4 & -4 \\ 2 & -2 \end{vmatrix} = (4)(-2) - (-4)(2) = -8 + 8 = 0
\]

Substituting back:

\[
\det(M_{11}) = 0 \cdot 14 - 2 \cdot (-14) + (-2) \cdot 0 = 0 + 28 + 0 = 28
\]

Thus, the cofactor \( C_{11} = (-1)^{1+1} \cdot \det(M_{11}) = 1 \cdot 28 = 28 \).

### Cofactor \( C_{12} \)

The minor of element \( a_{12} = 4 \) is the determinant of the \(3 \times 3\) matrix obtained by deleting the first row and second column:

\[
M_{12} = \begin{bmatrix} 
-3 & 2 & -2 \\ 
-2 & -4 & 5 \\ 
0 & -2 & -1 
\end{bmatrix}
\]

The determinant of \( M_{12} \) is:

\[
\det(M_{12}) = -3 \cdot \begin{vmatrix} -4 & 5 \\ -2 & -1 \end{vmatrix} - 2 \cdot \begin{vmatrix} -2 & 5 \\ 0 & -1 \end{vmatrix} + (-2) \cdot \begin{vmatrix} -2 & -4 \\ 0 & -2 \end{vmatrix}
\]

Calculating each \(2 \times 2\) determinant:

\[
\begin{vmatrix} -4 & 5 \\ -2 & -1 \end{vmatrix} = 14 \quad \text{(calculated earlier)}
\]

\[
\begin{vmatrix} -2 & 5 \\ 0 & -1 \end{vmatrix} = (-2)(-1) - (5)(0) = 2
\]

\[
\begin{vmatrix} -2 & -4 \\ 0 & -2 \end{vmatrix} = (-2)(-2) - (-4)(0) = 4
\]

Substituting back:

\[
\det(M_{12}) = -3 \cdot 14 - 2 \cdot 2 + (-2) \cdot 4 = -42 - 4 - 8 = -54
\]

Thus, the cofactor \( C_{12} = (-1)^{1+2} \cdot \det(M_{12}) = -1 \cdot (-54) = 54 \).

### Final Calculation

Substituting the cofactors back into the determinant expansion:

\[
\det(A) = (-1) \cdot 28 + 4 \cdot 54 = -28 + 216 = 188
\]

Thus, the determinant of matrix \( A \) is \(\boxed{188}\).",t(A) = (-1) \cdot C_{11} [+] 4 \cdot C_{12} + 0 \cdot,466,agent_c1_leftright,high,sign between 1st ((-1) C_11) and 2nd (+4 C_12) term of concrete 4x4 expansion,PASS
NC_4x4_det_512,Phi-4,determinant,4,,,correct,\det(A) = 728,-,+,843,"<|im_start|>system<|im_sep|>You are a precise mathematical assistant. Show all computation steps clearly. Always put your final numerical answer inside \boxed{}.<|im_end|><|im_start|>user<|im_sep|>Solve this linear algebra problem. Show your work and give the final answer.

Find the determinant of the 4×4 matrix A.

A = \begin{bmatrix} 2 & 4 & 3 & 0 \\ 4 & 5 & -1 & 1 \\ -2 & 2 & -3 & -2 \\ -5 & 1 & -1 & 5 \end{bmatrix}

<|im_end|><|im_start|>assistant<|im_sep|>To find the determinant of the \(4 \times 4\) matrix \( A \), we can use cofactor expansion along the first row. The matrix \( A \) is:

\[
A = \begin{bmatrix} 
2 & 4 & 3 & 0 \\ 
4 & 5 & -1 & 1 \\ 
-2 & 2 & -3 & -2 \\ 
-5 & 1 & -1 & 5 
\end{bmatrix}
\]

The determinant of \( A \), denoted as \(\det(A)\), can be expanded along the first row:

\[
\det(A) = 2 \cdot \det(A_{11}) - 4 \cdot \det(A_{12}) + 3 \cdot \det(A_{13}) - 0 \cdot \det(A_{14})
\]

where \( A_{ij} \) is the \((i,j)\)-minor of \( A \), obtained by deleting the \(i\)-th row and \(j\)-th column.

### Step 1: Calculate \(\det(A_{11})\)

The minor \( A_{11} \) is:

\[
A_{11} = \begin{bmatrix} 
5 & -1 & 1 \\ 
2 & -3 & -2 \\ 
1 & -1 & 5 
\end{bmatrix}
\]

The determinant of a \(3 \times 3\) matrix is calculated as:

\[
\det(A_{11}) = 5 \begin{vmatrix} -3 & -2 \\ -1 & 5 \end{vmatrix} - (-1) \begin{vmatrix} 2 & -2 \\ 1 & 5 \end{vmatrix} + 1 \begin{vmatrix} 2 & -3 \\ 1 & -1 \end{vmatrix}
\]

Calculating each \(2 \times 2\) determinant:

\[
\begin{vmatrix} -3 & -2 \\ -1 & 5 \end{vmatrix} = (-3)(5) - (-2)(-1) = -15 - 2 = -17
\]

\[
\begin{vmatrix} 2 & -2 \\ 1 & 5 \end{vmatrix} = (2)(5) - (-2)(1) = 10 + 2 = 12
\]

\[
\begin{vmatrix} 2 & -3 \\ 1 & -1 \end{vmatrix} = (2)(-1) - (-3)(1) = -2 + 3 = 1
\]

Substitute back:

\[
\det(A_{11}) = 5(-17) + 1(12) + 1(1) = -85 + 12 + 1 = -72
\]

### Step 2: Calculate \(\det(A_{12})\)

The minor \( A_{12} \) is:

\[
A_{12} = \begin{bmatrix} 
4 & -1 & 1 \\ 
-2 & -3 & -2 \\ 
-5 & -1 & 5 
\end{bmatrix}
\]

\[
\det(A_{12}) = 4 \begin{vmatrix} -3 & -2 \\ -1 & 5 \end{vmatrix} - (-1) \begin{vmatrix} -2 & -2 \\ -5 & 5 \end{vmatrix} + 1 \begin{vmatrix} -2 & -3 \\ -5 & -1 \end{vmatrix}
\]

Calculating each \(2 \times 2\) determinant:

\[
\begin{vmatrix} -3 & -2 \\ -1 & 5 \end{vmatrix} = -17 \quad \text{(already calculated)}
\]

\[
\begin{vmatrix} -2 & -2 \\ -5 & 5 \end{vmatrix} = (-2)(5) - (-2)(-5) = -10 - 10 = -20
\]

\[
\begin{vmatrix} -2 & -3 \\ -5 & -1 \end{vmatrix} = (-2)(-1) - (-3)(-5) = 2 - 15 = -13
\]

Substitute back:

\[
\det(A_{12}) = 4(-17) + 1(-20) + 1(-13) = -68 - 20 - 13 = -101
\]

### Step 3: Calculate \(\det(A_{13})\)

The minor \( A_{13} \) is:

\[
A_{13} = \begin{bmatrix} 
4 & 5 & 1 \\ 
-2 & 2 & -2 \\ 
-5 & 1 & 5 
\end{bmatrix}
\]

\[
\det(A_{13}) = 4 \begin{vmatrix} 2 & -2 \\ 1 & 5 \end{vmatrix} - 5 \begin{vmatrix} -2 & -2 \\ -5 & 5 \end{vmatrix} + 1 \begin{vmatrix} -2 & 2 \\ -5 & 1 \end{vmatrix}
\]

Calculating each \(2 \times 2\) determinant:

\[
\begin{vmatrix} 2 & -2 \\ 1 & 5 \end{vmatrix} = 12 \quad \text{(already calculated)}
\]

\[
\begin{vmatrix} -2 & -2 \\ -5 & 5 \end{vmatrix} = -20 \quad \text{(already calculated)}
\]

\[
\begin{vmatrix} -2 & 2 \\ -5 & 1 \end{vmatrix} = (-2)(1) - (2)(-5) = -2 + 10 = 8
\]

Substitute back:

\[
\det(A_{13}) = 4(12) - 5(-20) + 1(8) = 48 + 100 + 8 = 156
\]

### Final Calculation

Substitute the determinants of the minors back into the cofactor expansion:

\[
\det(A) = 2(-72) - 4(-101) + 3(156)
\]

Calculate each term:

\[
2(-72) = -144
\]

\[
-4(-101) = 404
\]

\[
3(156) = 468
\]

Add them together:

\[
\det(A) = -144 + 404 + 468 = 728
\]

Thus, the determinant of matrix \( A \) is \(\boxed{728}\).","To find the determinant of the \(4 \times 4\) matrix \( A \), we can use cofactor expansion along the first row. The matrix \( A \) is:

\[
A = \begin{bmatrix} 
2 & 4 & 3 & 0 \\ 
4 & 5 & -1 & 1 \\ 
-2 & 2 & -3 & -2 \\ 
-5 & 1 & -1 & 5 
\end{bmatrix}
\]

The determinant of \( A \), denoted as \(\det(A)\), can be expanded along the first row:

\[
\det(A) = 2 \cdot \det(A_{11}) - 4 \cdot \det(A_{12}) + 3 \cdot \det(A_{13}) - 0 \cdot \det(A_{14})
\]

where \( A_{ij} \) is the \((i,j)\)-minor of \( A \), obtained by deleting the \(i\)-th row and \(j\)-th column.

### Step 1: Calculate \(\det(A_{11})\)

The minor \( A_{11} \) is:

\[
A_{11} = \begin{bmatrix} 
5 & -1 & 1 \\ 
2 & -3 & -2 \\ 
1 & -1 & 5 
\end{bmatrix}
\]

The determinant of a \(3 \times 3\) matrix is calculated as:

\[
\det(A_{11}) = 5 \begin{vmatrix} -3 & -2 \\ -1 & 5 \end{vmatrix} - (-1) \begin{vmatrix} 2 & -2 \\ 1 & 5 \end{vmatrix} + 1 \begin{vmatrix} 2 & -3 \\ 1 & -1 \end{vmatrix}
\]

Calculating each \(2 \times 2\) determinant:

\[
\begin{vmatrix} -3 & -2 \\ -1 & 5 \end{vmatrix} = (-3)(5) - (-2)(-1) = -15 - 2 = -17
\]

\[
\begin{vmatrix} 2 & -2 \\ 1 & 5 \end{vmatrix} = (2)(5) - (-2)(1) = 10 + 2 = 12
\]

\[
\begin{vmatrix} 2 & -3 \\ 1 & -1 \end{vmatrix} = (2)(-1) - (-3)(1) = -2 + 3 = 1
\]

Substitute back:

\[
\det(A_{11}) = 5(-17) + 1(12) + 1(1) = -85 + 12 + 1 = -72
\]

### Step 2: Calculate \(\det(A_{12})\)

The minor \( A_{12} \) is:

\[
A_{12} = \begin{bmatrix} 
4 & -1 & 1 \\ 
-2 & -3 & -2 \\ 
-5 & -1 & 5 
\end{bmatrix}
\]

\[
\det(A_{12}) = 4 \begin{vmatrix} -3 & -2 \\ -1 & 5 \end{vmatrix} - (-1) \begin{vmatrix} -2 & -2 \\ -5 & 5 \end{vmatrix} + 1 \begin{vmatrix} -2 & -3 \\ -5 & -1 \end{vmatrix}
\]

Calculating each \(2 \times 2\) determinant:

\[
\begin{vmatrix} -3 & -2 \\ -1 & 5 \end{vmatrix} = -17 \quad \text{(already calculated)}
\]

\[
\begin{vmatrix} -2 & -2 \\ -5 & 5 \end{vmatrix} = (-2)(5) - (-2)(-5) = -10 - 10 = -20
\]

\[
\begin{vmatrix} -2 & -3 \\ -5 & -1 \end{vmatrix} = (-2)(-1) - (-3)(-5) = 2 - 15 = -13
\]

Substitute back:

\[
\det(A_{12}) = 4(-17) + 1(-20) + 1(-13) = -68 - 20 - 13 = -101
\]

### Step 3: Calculate \(\det(A_{13})\)

The minor \( A_{13} \) is:

\[
A_{13} = \begin{bmatrix} 
4 & 5 & 1 \\ 
-2 & 2 & -2 \\ 
-5 & 1 & 5 
\end{bmatrix}
\]

\[
\det(A_{13}) = 4 \begin{vmatrix} 2 & -2 \\ 1 & 5 \end{vmatrix} - 5 \begin{vmatrix} -2 & -2 \\ -5 & 5 \end{vmatrix} + 1 \begin{vmatrix} -2 & 2 \\ -5 & 1 \end{vmatrix}
\]

Calculating each \(2 \times 2\) determinant:

\[
\begin{vmatrix} 2 & -2 \\ 1 & 5 \end{vmatrix} = 12 \quad \text{(already calculated)}
\]

\[
\begin{vmatrix} -2 & -2 \\ -5 & 5 \end{vmatrix} = -20 \quad \text{(already calculated)}
\]

\[
\begin{vmatrix} -2 & 2 \\ -5 & 1 \end{vmatrix} = (-2)(1) - (2)(-5) = -2 + 10 = 8
\]

Substitute back:

\[
\det(A_{13}) = 4(12) - 5(-20) + 1(8) = 48 + 100 + 8 = 156
\]

### Final Calculation

Substitute the determinants of the minors back into the cofactor expansion:

\[
\det(A) = 2(-72) - 4(-101) + 3(156)
\]

Calculate each term:

\[
2(-72) = -144
\]

\[
-4(-101) = 404
\]

\[
3(156) = 468
\]

Add them together:

\[
\det(A) = -144 + 404 + 468 = 728
\]

Thus, the determinant of matrix \( A \) is \(\boxed{728}\).",) = 2 \cdot \det(A_{11}) [-] 4 \cdot \det(A_{12}) + 3,465,agent_c1_leftright,high,sign between 1st and 2nd term of concrete 4x4 expansion,PASS
NC_4x4_det_520,Phi-4,determinant,4,,,correct,\det(A) = -99,-,+,852,"<|im_start|>system<|im_sep|>You are a precise mathematical assistant. Show all computation steps clearly. Always put your final numerical answer inside \boxed{}.<|im_end|><|im_start|>user<|im_sep|>Solve this linear algebra problem. Show your work and give the final answer.

Find the determinant of the 4×4 matrix A.

A = \begin{bmatrix} 0 & -3 & -5 & 0 \\ 2 & 4 & -5 & -4 \\ 1 & 5 & -5 & -5 \\ -2 & -4 & -3 & 3 \end{bmatrix}

<|im_end|><|im_start|>assistant<|im_sep|>To find the determinant of the \(4 \times 4\) matrix \( A \), we can use cofactor expansion along the first row. The matrix \( A \) is given by:

\[
A = \begin{bmatrix} 
0 & -3 & -5 & 0 \\ 
2 & 4 & -5 & -4 \\ 
1 & 5 & -5 & -5 \\ 
-2 & -4 & -3 & 3 
\end{bmatrix}
\]

The determinant of \( A \), denoted as \(\det(A)\), can be expanded along the first row:

\[
\det(A) = 0 \cdot C_{11} - 3 \cdot C_{12} - 5 \cdot C_{13} + 0 \cdot C_{14}
\]

where \( C_{ij} \) is the cofactor of the element \( a_{ij} \). Since the first and last terms are multiplied by zero, they do not contribute to the determinant. We only need to calculate the cofactors \( C_{12} \) and \( C_{13} \).

### Cofactor \( C_{12} \)

The cofactor \( C_{12} \) is given by:

\[
C_{12} = (-1)^{1+2} \det(M_{12})
\]

where \( M_{12} \) is the \(3 \times 3\) submatrix obtained by deleting the first row and second column:

\[
M_{12} = \begin{bmatrix} 
2 & -5 & -4 \\ 
1 & -5 & -5 \\ 
-2 & -3 & 3 
\end{bmatrix}
\]

The determinant of \( M_{12} \) is:

\[
\det(M_{12}) = 2 \begin{vmatrix} -5 & -5 \\ -3 & 3 \end{vmatrix} - (-5) \begin{vmatrix} 1 & -5 \\ -2 & 3 \end{vmatrix} - 4 \begin{vmatrix} 1 & -5 \\ -2 & -3 \end{vmatrix}
\]

Calculating each \(2 \times 2\) determinant:

\[
\begin{vmatrix} -5 & -5 \\ -3 & 3 \end{vmatrix} = (-5)(3) - (-5)(-3) = -15 - 15 = -30
\]

\[
\begin{vmatrix} 1 & -5 \\ -2 & 3 \end{vmatrix} = (1)(3) - (-5)(-2) = 3 - 10 = -7
\]

\[
\begin{vmatrix} 1 & -5 \\ -2 & -3 \end{vmatrix} = (1)(-3) - (-5)(-2) = -3 - 10 = -13
\]

Substituting back:

\[
\det(M_{12}) = 2(-30) + 5(-7) - 4(-13)
\]

\[
= -60 - 35 + 52 = -43
\]

Thus, the cofactor \( C_{12} \) is:

\[
C_{12} = (-1)^3 (-43) = 43
\]

### Cofactor \( C_{13} \)

The cofactor \( C_{13} \) is given by:

\[
C_{13} = (-1)^{1+3} \det(M_{13})
\]

where \( M_{13} \) is the \(3 \times 3\) submatrix obtained by deleting the first row and third column:

\[
M_{13} = \begin{bmatrix} 
2 & 4 & -4 \\ 
1 & 5 & -5 \\ 
-2 & -4 & 3 
\end{bmatrix}
\]

The determinant of \( M_{13} \) is:

\[
\det(M_{13}) = 2 \begin{vmatrix} 5 & -5 \\ -4 & 3 \end{vmatrix} - 4 \begin{vmatrix} 1 & -5 \\ -2 & 3 \end{vmatrix} + (-4) \begin{vmatrix} 1 & 5 \\ -2 & -4 \end{vmatrix}
\]

Calculating each \(2 \times 2\) determinant:

\[
\begin{vmatrix} 5 & -5 \\ -4 & 3 \end{vmatrix} = (5)(3) - (-5)(-4) = 15 - 20 = -5
\]

\[
\begin{vmatrix} 1 & -5 \\ -2 & 3 \end{vmatrix} = (1)(3) - (-5)(-2) = 3 - 10 = -7
\]

\[
\begin{vmatrix} 1 & 5 \\ -2 & -4 \end{vmatrix} = (1)(-4) - (5)(-2) = -4 + 10 = 6
\]

Substituting back:

\[
\det(M_{13}) = 2(-5) - 4(-7) - 4(6)
\]

\[
= -10 + 28 - 24 = -6
\]

Thus, the cofactor \( C_{13} \) is:

\[
C_{13} = (-1)^4 (-6) = -6
\]

### Final Calculation

Substituting the cofactors back into the determinant expansion:

\[
\det(A) = -3 \cdot 43 - 5 \cdot (-6)
\]

\[
= -129 + 30 = -99
\]

Thus, the determinant of the matrix \( A \) is:

\[
\boxed{-99}
\]","To find the determinant of the \(4 \times 4\) matrix \( A \), we can use cofactor expansion along the first row. The matrix \( A \) is given by:

\[
A = \begin{bmatrix} 
0 & -3 & -5 & 0 \\ 
2 & 4 & -5 & -4 \\ 
1 & 5 & -5 & -5 \\ 
-2 & -4 & -3 & 3 
\end{bmatrix}
\]

The determinant of \( A \), denoted as \(\det(A)\), can be expanded along the first row:

\[
\det(A) = 0 \cdot C_{11} - 3 \cdot C_{12} - 5 \cdot C_{13} + 0 \cdot C_{14}
\]

where \( C_{ij} \) is the cofactor of the element \( a_{ij} \). Since the first and last terms are multiplied by zero, they do not contribute to the determinant. We only need to calculate the cofactors \( C_{12} \) and \( C_{13} \).

### Cofactor \( C_{12} \)

The cofactor \( C_{12} \) is given by:

\[
C_{12} = (-1)^{1+2} \det(M_{12})
\]

where \( M_{12} \) is the \(3 \times 3\) submatrix obtained by deleting the first row and second column:

\[
M_{12} = \begin{bmatrix} 
2 & -5 & -4 \\ 
1 & -5 & -5 \\ 
-2 & -3 & 3 
\end{bmatrix}
\]

The determinant of \( M_{12} \) is:

\[
\det(M_{12}) = 2 \begin{vmatrix} -5 & -5 \\ -3 & 3 \end{vmatrix} - (-5) \begin{vmatrix} 1 & -5 \\ -2 & 3 \end{vmatrix} - 4 \begin{vmatrix} 1 & -5 \\ -2 & -3 \end{vmatrix}
\]

Calculating each \(2 \times 2\) determinant:

\[
\begin{vmatrix} -5 & -5 \\ -3 & 3 \end{vmatrix} = (-5)(3) - (-5)(-3) = -15 - 15 = -30
\]

\[
\begin{vmatrix} 1 & -5 \\ -2 & 3 \end{vmatrix} = (1)(3) - (-5)(-2) = 3 - 10 = -7
\]

\[
\begin{vmatrix} 1 & -5 \\ -2 & -3 \end{vmatrix} = (1)(-3) - (-5)(-2) = -3 - 10 = -13
\]

Substituting back:

\[
\det(M_{12}) = 2(-30) + 5(-7) - 4(-13)
\]

\[
= -60 - 35 + 52 = -43
\]

Thus, the cofactor \( C_{12} \) is:

\[
C_{12} = (-1)^3 (-43) = 43
\]

### Cofactor \( C_{13} \)

The cofactor \( C_{13} \) is given by:

\[
C_{13} = (-1)^{1+3} \det(M_{13})
\]

where \( M_{13} \) is the \(3 \times 3\) submatrix obtained by deleting the first row and third column:

\[
M_{13} = \begin{bmatrix} 
2 & 4 & -4 \\ 
1 & 5 & -5 \\ 
-2 & -4 & 3 
\end{bmatrix}
\]

The determinant of \( M_{13} \) is:

\[
\det(M_{13}) = 2 \begin{vmatrix} 5 & -5 \\ -4 & 3 \end{vmatrix} - 4 \begin{vmatrix} 1 & -5 \\ -2 & 3 \end{vmatrix} + (-4) \begin{vmatrix} 1 & 5 \\ -2 & -4 \end{vmatrix}
\]

Calculating each \(2 \times 2\) determinant:

\[
\begin{vmatrix} 5 & -5 \\ -4 & 3 \end{vmatrix} = (5)(3) - (-5)(-4) = 15 - 20 = -5
\]

\[
\begin{vmatrix} 1 & -5 \\ -2 & 3 \end{vmatrix} = (1)(3) - (-5)(-2) = 3 - 10 = -7
\]

\[
\begin{vmatrix} 1 & 5 \\ -2 & -4 \end{vmatrix} = (1)(-4) - (5)(-2) = -4 + 10 = 6
\]

Substituting back:

\[
\det(M_{13}) = 2(-5) - 4(-7) - 4(6)
\]

\[
= -10 + 28 - 24 = -6
\]

Thus, the cofactor \( C_{13} \) is:

\[
C_{13} = (-1)^4 (-6) = -6
\]

### Final Calculation

Substituting the cofactors back into the determinant expansion:

\[
\det(A) = -3 \cdot 43 - 5 \cdot (-6)
\]

\[
= -129 + 30 = -99
\]

Thus, the determinant of the matrix \( A \) is:

\[
\boxed{-99}
\]",\det(A) = 0 \cdot C_{11} [-] 3 \cdot C_{12} - 5 \cdot,468,agent_c1_leftright,high,sign between 1st and 2nd term of concrete 4x4 expansion,PASS
NC_4x4_det_545,Phi-4,determinant,4,,,correct,\det(A) = 140,+,-,954,"<|im_start|>system<|im_sep|>You are a precise mathematical assistant. Show all computation steps clearly. Always put your final numerical answer inside \boxed{}.<|im_end|><|im_start|>user<|im_sep|>Solve this linear algebra problem. Show your work and give the final answer.

Find the determinant of the 4×4 matrix A.

A = \begin{bmatrix} -1 & -1 & -3 & 1 \\ 0 & 0 & -2 & 0 \\ 5 & -5 & -3 & 5 \\ -5 & 2 & 0 & 5 \end{bmatrix}

<|im_end|><|im_start|>assistant<|im_sep|>To find the determinant of the \(4 \times 4\) matrix \( A \), we can use cofactor expansion along a row or column. It is often convenient to choose a row or column with zeros to simplify calculations. Here, the second row has two zeros, making it a good candidate for expansion.

The matrix \( A \) is:

\[
A = \begin{bmatrix} 
-1 & -1 & -3 & 1 \\ 
0 & 0 & -2 & 0 \\ 
5 & -5 & -3 & 5 \\ 
-5 & 2 & 0 & 5 
\end{bmatrix}
\]

We will expand along the second row:

\[
\det(A) = 0 \cdot C_{21} + 0 \cdot C_{22} + (-2) \cdot C_{23} + 0 \cdot C_{24}
\]

This simplifies to:

\[
\det(A) = -2 \cdot C_{23}
\]

where \( C_{23} \) is the cofactor of the element in the second row and third column. The cofactor is given by:

\[
C_{23} = (-1)^{2+3} \det(M_{23})
\]

where \( M_{23} \) is the \(3 \times 3\) minor obtained by deleting the second row and third column from \( A \):

\[
M_{23} = \begin{bmatrix} 
-1 & -1 & 1 \\ 
5 & -5 & 5 \\ 
-5 & 2 & 5 
\end{bmatrix}
\]

The sign factor is:

\[
(-1)^{2+3} = (-1)^5 = -1
\]

Thus:

\[
C_{23} = -\det(M_{23})
\]

Now, we calculate \(\det(M_{23})\) using cofactor expansion along the first row:

\[
\det(M_{23}) = (-1) \cdot \det\begin{bmatrix} -5 & 5 \\ 2 & 5 \end{bmatrix} - (-1) \cdot \det\begin{bmatrix} 5 & 5 \\ -5 & 5 \end{bmatrix} + 1 \cdot \det\begin{bmatrix} 5 & -5 \\ -5 & 2 \end{bmatrix}
\]

Calculate each \(2 \times 2\) determinant:

1. \(\det\begin{bmatrix} -5 & 5 \\ 2 & 5 \end{bmatrix} = (-5)(5) - (5)(2) = -25 - 10 = -35\)

2. \(\det\begin{bmatrix} 5 & 5 \\ -5 & 5 \end{bmatrix} = (5)(5) - (5)(-5) = 25 + 25 = 50\)

3. \(\det\begin{bmatrix} 5 & -5 \\ -5 & 2 \end{bmatrix} = (5)(2) - (-5)(-5) = 10 - 25 = -15\)

Substitute these back into the expression for \(\det(M_{23})\):

\[
\det(M_{23}) = (-1)(-35) - (-1)(50) + 1(-15)
\]

\[
= 35 + 50 - 15 = 70
\]

Thus, the cofactor \( C_{23} \) is:

\[
C_{23} = -70
\]

Finally, substitute back to find \(\det(A)\):

\[
\det(A) = -2 \cdot (-70) = 140
\]

Therefore, the determinant of matrix \( A \) is:

\[
\boxed{140}
\]","To find the determinant of the \(4 \times 4\) matrix \( A \), we can use cofactor expansion along a row or column. It is often convenient to choose a row or column with zeros to simplify calculations. Here, the second row has two zeros, making it a good candidate for expansion.

The matrix \( A \) is:

\[
A = \begin{bmatrix} 
-1 & -1 & -3 & 1 \\ 
0 & 0 & -2 & 0 \\ 
5 & -5 & -3 & 5 \\ 
-5 & 2 & 0 & 5 
\end{bmatrix}
\]

We will expand along the second row:

\[
\det(A) = 0 \cdot C_{21} + 0 \cdot C_{22} + (-2) \cdot C_{23} + 0 \cdot C_{24}
\]

This simplifies to:

\[
\det(A) = -2 \cdot C_{23}
\]

where \( C_{23} \) is the cofactor of the element in the second row and third column. The cofactor is given by:

\[
C_{23} = (-1)^{2+3} \det(M_{23})
\]

where \( M_{23} \) is the \(3 \times 3\) minor obtained by deleting the second row and third column from \( A \):

\[
M_{23} = \begin{bmatrix} 
-1 & -1 & 1 \\ 
5 & -5 & 5 \\ 
-5 & 2 & 5 
\end{bmatrix}
\]

The sign factor is:

\[
(-1)^{2+3} = (-1)^5 = -1
\]

Thus:

\[
C_{23} = -\det(M_{23})
\]

Now, we calculate \(\det(M_{23})\) using cofactor expansion along the first row:

\[
\det(M_{23}) = (-1) \cdot \det\begin{bmatrix} -5 & 5 \\ 2 & 5 \end{bmatrix} - (-1) \cdot \det\begin{bmatrix} 5 & 5 \\ -5 & 5 \end{bmatrix} + 1 \cdot \det\begin{bmatrix} 5 & -5 \\ -5 & 2 \end{bmatrix}
\]

Calculate each \(2 \times 2\) determinant:

1. \(\det\begin{bmatrix} -5 & 5 \\ 2 & 5 \end{bmatrix} = (-5)(5) - (5)(2) = -25 - 10 = -35\)

2. \(\det\begin{bmatrix} 5 & 5 \\ -5 & 5 \end{bmatrix} = (5)(5) - (5)(-5) = 25 + 25 = 50\)

3. \(\det\begin{bmatrix} 5 & -5 \\ -5 & 2 \end{bmatrix} = (5)(2) - (-5)(-5) = 10 - 25 = -15\)

Substitute these back into the expression for \(\det(M_{23})\):

\[
\det(M_{23}) = (-1)(-35) - (-1)(50) + 1(-15)
\]

\[
= 35 + 50 - 15 = 70
\]

Thus, the cofactor \( C_{23} \) is:

\[
C_{23} = -70
\]

Finally, substitute back to find \(\det(A)\):

\[
\det(A) = -2 \cdot (-70) = 140
\]

Therefore, the determinant of matrix \( A \) is:

\[
\boxed{140}
\]",\det(A) = 0 \cdot C_{21} [+] 0 \cdot C_{22} + (-2) \c,466,agent_c1_leftright,high,sign between 1st and 2nd term of concrete 4x4 expansion along row 2,PASS
NC_4x4_det_559,Phi-4,determinant,4,,,correct,\det(A) = 153,+,-,977,"<|im_start|>system<|im_sep|>You are a precise mathematical assistant. Show all computation steps clearly. Always put your final numerical answer inside \boxed{}.<|im_end|><|im_start|>user<|im_sep|>Solve this linear algebra problem. Show your work and give the final answer.

Find the determinant of the 4×4 matrix A.

A = \begin{bmatrix} 5 & 5 & 3 & -1 \\ 5 & 4 & 4 & -5 \\ 1 & 3 & 4 & -2 \\ -1 & 2 & 0 & 0 \end{bmatrix}

<|im_end|><|im_start|>assistant<|im_sep|>To find the determinant of the \(4 \times 4\) matrix \(A\), we can use cofactor expansion along the row or column that seems most convenient. Here, we will expand along the fourth row because it contains a zero, which simplifies the calculation.

The matrix \(A\) is:

\[
A = \begin{bmatrix} 
5 & 5 & 3 & -1 \\ 
5 & 4 & 4 & -5 \\ 
1 & 3 & 4 & -2 \\ 
-1 & 2 & 0 & 0 
\end{bmatrix}
\]

The determinant of \(A\), denoted as \(\det(A)\), can be expanded along the fourth row:

\[
\det(A) = (-1)^{4+1}(-1) \det(A_{41}) + (-1)^{4+2}(2) \det(A_{42}) + (-1)^{4+3}(0) \det(A_{43}) + (-1)^{4+4}(0) \det(A_{44})
\]

Since the terms involving \(\det(A_{43})\) and \(\det(A_{44})\) are multiplied by zero, they do not contribute to the determinant. Thus, we have:

\[
\det(A) = -(-1) \det(A_{41}) + 2 \det(A_{42})
\]

\[
\det(A) = \det(A_{41}) + 2 \det(A_{42})
\]

Now, we need to find \(\det(A_{41})\) and \(\det(A_{42})\), where \(A_{41}\) and \(A_{42}\) are the \(3 \times 3\) submatrices obtained by removing the fourth row and the first and second columns, respectively.

### Submatrix \(A_{41}\):

Remove the fourth row and the first column:

\[
A_{41} = \begin{bmatrix} 
5 & 3 & -1 \\ 
4 & 4 & -5 \\ 
3 & 4 & -2 
\end{bmatrix}
\]

Calculate \(\det(A_{41})\) using cofactor expansion along the first row:

\[
\det(A_{41}) = 5 \begin{vmatrix} 4 & -5 \\ 4 & -2 \end{vmatrix} - 3 \begin{vmatrix} 4 & -5 \\ 3 & -2 \end{vmatrix} - 1 \begin{vmatrix} 4 & 4 \\ 3 & 4 \end{vmatrix}
\]

Calculate each \(2 \times 2\) determinant:

\[
\begin{vmatrix} 4 & -5 \\ 4 & -2 \end{vmatrix} = (4)(-2) - (4)(-5) = -8 + 20 = 12
\]

\[
\begin{vmatrix} 4 & -5 \\ 3 & -2 \end{vmatrix} = (4)(-2) - (3)(-5) = -8 + 15 = 7
\]

\[
\begin{vmatrix} 4 & 4 \\ 3 & 4 \end{vmatrix} = (4)(4) - (3)(4) = 16 - 12 = 4
\]

Substitute back:

\[
\det(A_{41}) = 5(12) - 3(7) - 1(4) = 60 - 21 - 4 = 35
\]

### Submatrix \(A_{42}\):

Remove the fourth row and the second column:

\[
A_{42} = \begin{bmatrix} 
5 & 3 & -1 \\ 
5 & 4 & -5 \\ 
1 & 4 & -2 
\end{bmatrix}
\]

Calculate \(\det(A_{42})\) using cofactor expansion along the first row:

\[
\det(A_{42}) = 5 \begin{vmatrix} 4 & -5 \\ 4 & -2 \end{vmatrix} - 3 \begin{vmatrix} 5 & -5 \\ 1 & -2 \end{vmatrix} - 1 \begin{vmatrix} 5 & 4 \\ 1 & 4 \end{vmatrix}
\]

We already calculated \(\begin{vmatrix} 4 & -5 \\ 4 & -2 \end{vmatrix} = 12\).

Calculate the remaining \(2 \times 2\) determinants:

\[
\begin{vmatrix} 5 & -5 \\ 1 & -2 \end{vmatrix} = (5)(-2) - (1)(-5) = -10 + 5 = -5
\]

\[
\begin{vmatrix} 5 & 4 \\ 1 & 4 \end{vmatrix} = (5)(4) - (1)(4) = 20 - 4 = 16
\]

Substitute back:

\[
\det(A_{42}) = 5(12) - 3(-5) - 1(16) = 60 + 15 - 16 = 59
\]

### Final Calculation:

Substitute \(\det(A_{41})\) and \(\det(A_{42})\) back into the expression for \(\det(A)\):

\[
\det(A) = 35 + 2(59) = 35 + 118 = 153
\]

Thus, the determinant of matrix \(A\) is \(\boxed{153}\).","To find the determinant of the \(4 \times 4\) matrix \(A\), we can use cofactor expansion along the row or column that seems most convenient. Here, we will expand along the fourth row because it contains a zero, which simplifies the calculation.

The matrix \(A\) is:

\[
A = \begin{bmatrix} 
5 & 5 & 3 & -1 \\ 
5 & 4 & 4 & -5 \\ 
1 & 3 & 4 & -2 \\ 
-1 & 2 & 0 & 0 
\end{bmatrix}
\]

The determinant of \(A\), denoted as \(\det(A)\), can be expanded along the fourth row:

\[
\det(A) = (-1)^{4+1}(-1) \det(A_{41}) + (-1)^{4+2}(2) \det(A_{42}) + (-1)^{4+3}(0) \det(A_{43}) + (-1)^{4+4}(0) \det(A_{44})
\]

Since the terms involving \(\det(A_{43})\) and \(\det(A_{44})\) are multiplied by zero, they do not contribute to the determinant. Thus, we have:

\[
\det(A) = -(-1) \det(A_{41}) + 2 \det(A_{42})
\]

\[
\det(A) = \det(A_{41}) + 2 \det(A_{42})
\]

Now, we need to find \(\det(A_{41})\) and \(\det(A_{42})\), where \(A_{41}\) and \(A_{42}\) are the \(3 \times 3\) submatrices obtained by removing the fourth row and the first and second columns, respectively.

### Submatrix \(A_{41}\):

Remove the fourth row and the first column:

\[
A_{41} = \begin{bmatrix} 
5 & 3 & -1 \\ 
4 & 4 & -5 \\ 
3 & 4 & -2 
\end{bmatrix}
\]

Calculate \(\det(A_{41})\) using cofactor expansion along the first row:

\[
\det(A_{41}) = 5 \begin{vmatrix} 4 & -5 \\ 4 & -2 \end{vmatrix} - 3 \begin{vmatrix} 4 & -5 \\ 3 & -2 \end{vmatrix} - 1 \begin{vmatrix} 4 & 4 \\ 3 & 4 \end{vmatrix}
\]

Calculate each \(2 \times 2\) determinant:

\[
\begin{vmatrix} 4 & -5 \\ 4 & -2 \end{vmatrix} = (4)(-2) - (4)(-5) = -8 + 20 = 12
\]

\[
\begin{vmatrix} 4 & -5 \\ 3 & -2 \end{vmatrix} = (4)(-2) - (3)(-5) = -8 + 15 = 7
\]

\[
\begin{vmatrix} 4 & 4 \\ 3 & 4 \end{vmatrix} = (4)(4) - (3)(4) = 16 - 12 = 4
\]

Substitute back:

\[
\det(A_{41}) = 5(12) - 3(7) - 1(4) = 60 - 21 - 4 = 35
\]

### Submatrix \(A_{42}\):

Remove the fourth row and the second column:

\[
A_{42} = \begin{bmatrix} 
5 & 3 & -1 \\ 
5 & 4 & -5 \\ 
1 & 4 & -2 
\end{bmatrix}
\]

Calculate \(\det(A_{42})\) using cofactor expansion along the first row:

\[
\det(A_{42}) = 5 \begin{vmatrix} 4 & -5 \\ 4 & -2 \end{vmatrix} - 3 \begin{vmatrix} 5 & -5 \\ 1 & -2 \end{vmatrix} - 1 \begin{vmatrix} 5 & 4 \\ 1 & 4 \end{vmatrix}
\]

We already calculated \(\begin{vmatrix} 4 & -5 \\ 4 & -2 \end{vmatrix} = 12\).

Calculate the remaining \(2 \times 2\) determinants:

\[
\begin{vmatrix} 5 & -5 \\ 1 & -2 \end{vmatrix} = (5)(-2) - (1)(-5) = -10 + 5 = -5
\]

\[
\begin{vmatrix} 5 & 4 \\ 1 & 4 \end{vmatrix} = (5)(4) - (1)(4) = 20 - 4 = 16
\]

Substitute back:

\[
\det(A_{42}) = 5(12) - 3(-5) - 1(16) = 60 + 15 - 16 = 59
\]

### Final Calculation:

Substitute \(\det(A_{41})\) and \(\det(A_{42})\) back into the expression for \(\det(A)\):

\[
\det(A) = 35 + 2(59) = 35 + 118 = 153
\]

Thus, the determinant of matrix \(A\) is \(\boxed{153}\).",)^{4+1}(-1) \det(A_{41}) [+] (-1)^{4+2}(2) \det(A_{42,463,agent_c1_leftright,high,expansion written with explicit (-1)^(i+j) factors and numbers plugged in; + between 1st and 2nd term; exponent signs skipped,PASS
NC_4x4_det_560,Phi-4,determinant,4,,,correct,\det(A) = 134,-,+,850,"<|im_start|>system<|im_sep|>You are a precise mathematical assistant. Show all computation steps clearly. Always put your final numerical answer inside \boxed{}.<|im_end|><|im_start|>user<|im_sep|>Solve this linear algebra problem. Show your work and give the final answer.

Find the determinant of the 4×4 matrix A.

A = \begin{bmatrix} 3 & 0 & 1 & 1 \\ 3 & 1 & -4 & -1 \\ 0 & -4 & 2 & 3 \\ 2 & 4 & -2 & -5 \end{bmatrix}

<|im_end|><|im_start|>assistant<|im_sep|>To find the determinant of the \(4 \times 4\) matrix \( A \), we can use cofactor expansion along the first row. The matrix \( A \) is given by:

\[
A = \begin{bmatrix} 
3 & 0 & 1 & 1 \\ 
3 & 1 & -4 & -1 \\ 
0 & -4 & 2 & 3 \\ 
2 & 4 & -2 & -5 
\end{bmatrix}
\]

The determinant of \( A \), denoted as \(\det(A)\), can be expanded along the first row:

\[
\det(A) = 3 \cdot \det(A_{11}) - 0 \cdot \det(A_{12}) + 1 \cdot \det(A_{13}) - 1 \cdot \det(A_{14})
\]

where \( A_{ij} \) is the \((i,j)\)-minor of \( A \), obtained by deleting the \(i\)-th row and \(j\)-th column.

### Step 1: Calculate \(\det(A_{11})\)

The minor \( A_{11} \) is:

\[
A_{11} = \begin{bmatrix} 
1 & -4 & -1 \\ 
-4 & 2 & 3 \\ 
4 & -2 & -5 
\end{bmatrix}
\]

The determinant of a \(3 \times 3\) matrix is calculated as follows:

\[
\det(A_{11}) = 1 \cdot \begin{vmatrix} 2 & 3 \\ -2 & -5 \end{vmatrix} - (-4) \cdot \begin{vmatrix} -4 & 3 \\ 4 & -5 \end{vmatrix} - 1 \cdot \begin{vmatrix} -4 & 2 \\ 4 & -2 \end{vmatrix}
\]

Calculating each \(2 \times 2\) determinant:

\[
\begin{vmatrix} 2 & 3 \\ -2 & -5 \end{vmatrix} = (2)(-5) - (3)(-2) = -10 + 6 = -4
\]

\[
\begin{vmatrix} -4 & 3 \\ 4 & -5 \end{vmatrix} = (-4)(-5) - (3)(4) = 20 - 12 = 8
\]

\[
\begin{vmatrix} -4 & 2 \\ 4 & -2 \end{vmatrix} = (-4)(-2) - (2)(4) = 8 - 8 = 0
\]

Substituting back:

\[
\det(A_{11}) = 1(-4) + 4(8) - 1(0) = -4 + 32 = 28
\]

### Step 2: Calculate \(\det(A_{13})\)

The minor \( A_{13} \) is:

\[
A_{13} = \begin{bmatrix} 
3 & 1 & -1 \\ 
0 & -4 & 3 \\ 
2 & 4 & -5 
\end{bmatrix}
\]

The determinant is:

\[
\det(A_{13}) = 3 \cdot \begin{vmatrix} -4 & 3 \\ 4 & -5 \end{vmatrix} - 1 \cdot \begin{vmatrix} 0 & 3 \\ 2 & -5 \end{vmatrix} + (-1) \cdot \begin{vmatrix} 0 & -4 \\ 2 & 4 \end{vmatrix}
\]

Calculating each \(2 \times 2\) determinant:

\[
\begin{vmatrix} -4 & 3 \\ 4 & -5 \end{vmatrix} = (-4)(-5) - (3)(4) = 20 - 12 = 8
\]

\[
\begin{vmatrix} 0 & 3 \\ 2 & -5 \end{vmatrix} = (0)(-5) - (3)(2) = 0 - 6 = -6
\]

\[
\begin{vmatrix} 0 & -4 \\ 2 & 4 \end{vmatrix} = (0)(4) - (-4)(2) = 0 + 8 = 8
\]

Substituting back:

\[
\det(A_{13}) = 3(8) - 1(-6) - 1(8) = 24 + 6 - 8 = 22
\]

### Step 3: Calculate \(\det(A_{14})\)

The minor \( A_{14} \) is:

\[
A_{14} = \begin{bmatrix} 
3 & 1 & -4 \\ 
0 & -4 & 2 \\ 
2 & 4 & -2 
\end{bmatrix}
\]

The determinant is:

\[
\det(A_{14}) = 3 \cdot \begin{vmatrix} -4 & 2 \\ 4 & -2 \end{vmatrix} - 1 \cdot \begin{vmatrix} 0 & 2 \\ 2 & -2 \end{vmatrix} + (-4) \cdot \begin{vmatrix} 0 & -4 \\ 2 & 4 \end{vmatrix}
\]

Calculating each \(2 \times 2\) determinant:

\[
\begin{vmatrix} -4 & 2 \\ 4 & -2 \end{vmatrix} = (-4)(-2) - (2)(4) = 8 - 8 = 0
\]

\[
\begin{vmatrix} 0 & 2 \\ 2 & -2 \end{vmatrix} = (0)(-2) - (2)(2) = 0 - 4 = -4
\]

\[
\begin{vmatrix} 0 & -4 \\ 2 & 4 \end{vmatrix} = (0)(4) - (-4)(2) = 0 + 8 = 8
\]

Substituting back:

\[
\det(A_{14}) = 3(0) - 1(-4) - 4(8) = 0 + 4 - 32 = -28
\]

### Final Calculation

Substitute the determinants of the minors back into the cofactor expansion:

\[
\det(A) = 3 \cdot 28 + 1 \cdot 22 - 1 \cdot (-28)
\]

\[
= 84 + 22 + 28 = 134
\]

Thus, the determinant of matrix \( A \) is \(\boxed{134}\).","To find the determinant of the \(4 \times 4\) matrix \( A \), we can use cofactor expansion along the first row. The matrix \( A \) is given by:

\[
A = \begin{bmatrix} 
3 & 0 & 1 & 1 \\ 
3 & 1 & -4 & -1 \\ 
0 & -4 & 2 & 3 \\ 
2 & 4 & -2 & -5 
\end{bmatrix}
\]

The determinant of \( A \), denoted as \(\det(A)\), can be expanded along the first row:

\[
\det(A) = 3 \cdot \det(A_{11}) - 0 \cdot \det(A_{12}) + 1 \cdot \det(A_{13}) - 1 \cdot \det(A_{14})
\]

where \( A_{ij} \) is the \((i,j)\)-minor of \( A \), obtained by deleting the \(i\)-th row and \(j\)-th column.

### Step 1: Calculate \(\det(A_{11})\)

The minor \( A_{11} \) is:

\[
A_{11} = \begin{bmatrix} 
1 & -4 & -1 \\ 
-4 & 2 & 3 \\ 
4 & -2 & -5 
\end{bmatrix}
\]

The determinant of a \(3 \times 3\) matrix is calculated as follows:

\[
\det(A_{11}) = 1 \cdot \begin{vmatrix} 2 & 3 \\ -2 & -5 \end{vmatrix} - (-4) \cdot \begin{vmatrix} -4 & 3 \\ 4 & -5 \end{vmatrix} - 1 \cdot \begin{vmatrix} -4 & 2 \\ 4 & -2 \end{vmatrix}
\]

Calculating each \(2 \times 2\) determinant:

\[
\begin{vmatrix} 2 & 3 \\ -2 & -5 \end{vmatrix} = (2)(-5) - (3)(-2) = -10 + 6 = -4
\]

\[
\begin{vmatrix} -4 & 3 \\ 4 & -5 \end{vmatrix} = (-4)(-5) - (3)(4) = 20 - 12 = 8
\]

\[
\begin{vmatrix} -4 & 2 \\ 4 & -2 \end{vmatrix} = (-4)(-2) - (2)(4) = 8 - 8 = 0
\]

Substituting back:

\[
\det(A_{11}) = 1(-4) + 4(8) - 1(0) = -4 + 32 = 28
\]

### Step 2: Calculate \(\det(A_{13})\)

The minor \( A_{13} \) is:

\[
A_{13} = \begin{bmatrix} 
3 & 1 & -1 \\ 
0 & -4 & 3 \\ 
2 & 4 & -5 
\end{bmatrix}
\]

The determinant is:

\[
\det(A_{13}) = 3 \cdot \begin{vmatrix} -4 & 3 \\ 4 & -5 \end{vmatrix} - 1 \cdot \begin{vmatrix} 0 & 3 \\ 2 & -5 \end{vmatrix} + (-1) \cdot \begin{vmatrix} 0 & -4 \\ 2 & 4 \end{vmatrix}
\]

Calculating each \(2 \times 2\) determinant:

\[
\begin{vmatrix} -4 & 3 \\ 4 & -5 \end{vmatrix} = (-4)(-5) - (3)(4) = 20 - 12 = 8
\]

\[
\begin{vmatrix} 0 & 3 \\ 2 & -5 \end{vmatrix} = (0)(-5) - (3)(2) = 0 - 6 = -6
\]

\[
\begin{vmatrix} 0 & -4 \\ 2 & 4 \end{vmatrix} = (0)(4) - (-4)(2) = 0 + 8 = 8
\]

Substituting back:

\[
\det(A_{13}) = 3(8) - 1(-6) - 1(8) = 24 + 6 - 8 = 22
\]

### Step 3: Calculate \(\det(A_{14})\)

The minor \( A_{14} \) is:

\[
A_{14} = \begin{bmatrix} 
3 & 1 & -4 \\ 
0 & -4 & 2 \\ 
2 & 4 & -2 
\end{bmatrix}
\]

The determinant is:

\[
\det(A_{14}) = 3 \cdot \begin{vmatrix} -4 & 2 \\ 4 & -2 \end{vmatrix} - 1 \cdot \begin{vmatrix} 0 & 2 \\ 2 & -2 \end{vmatrix} + (-4) \cdot \begin{vmatrix} 0 & -4 \\ 2 & 4 \end{vmatrix}
\]

Calculating each \(2 \times 2\) determinant:

\[
\begin{vmatrix} -4 & 2 \\ 4 & -2 \end{vmatrix} = (-4)(-2) - (2)(4) = 8 - 8 = 0
\]

\[
\begin{vmatrix} 0 & 2 \\ 2 & -2 \end{vmatrix} = (0)(-2) - (2)(2) = 0 - 4 = -4
\]

\[
\begin{vmatrix} 0 & -4 \\ 2 & 4 \end{vmatrix} = (0)(4) - (-4)(2) = 0 + 8 = 8
\]

Substituting back:

\[
\det(A_{14}) = 3(0) - 1(-4) - 4(8) = 0 + 4 - 32 = -28
\]

### Final Calculation

Substitute the determinants of the minors back into the cofactor expansion:

\[
\det(A) = 3 \cdot 28 + 1 \cdot 22 - 1 \cdot (-28)
\]

\[
= 84 + 22 + 28 = 134
\]

Thus, the determinant of matrix \( A \) is \(\boxed{134}\).",) = 3 \cdot \det(A_{11}) [-] 0 \cdot \det(A_{12}) + 1,464,agent_c1_leftright,high,sign between 1st and 2nd term of concrete 4x4 expansion,PASS
NC_4x4_det_565,Phi-4,determinant,4,,,correct,\det(A) = -700,-,+,1657,"<|im_start|>system<|im_sep|>You are a precise mathematical assistant. Show all computation steps clearly. Always put your final numerical answer inside \boxed{}.<|im_end|><|im_start|>user<|im_sep|>Solve this linear algebra problem. Show your work and give the final answer.

Find the determinant of the 4×4 matrix A.

A = \begin{bmatrix} 5 & 3 & -2 & 5 \\ 0 & 0 & 0 & -4 \\ -4 & 0 & -3 & 4 \\ 0 & 5 & 5 & 2 \end{bmatrix}

<|im_end|><|im_start|>assistant<|im_sep|>To find the determinant of the \(4 \times 4\) matrix \(A\), we can use cofactor expansion along a row or column that simplifies the calculation. Here, we will expand along the second row, which contains three zeros:

\[
A = \begin{bmatrix} 
5 & 3 & -2 & 5 \\ 
0 & 0 & 0 & -4 \\ 
-4 & 0 & -3 & 4 \\ 
0 & 5 & 5 & 2 
\end{bmatrix}
\]

The determinant of \(A\), denoted as \(\det(A)\), is given by:

\[
\det(A) = a_{21}C_{21} + a_{22}C_{22} + a_{23}C_{23} + a_{24}C_{24}
\]

where \(a_{ij}\) is the element in the \(i\)-th row and \(j\)-th column, and \(C_{ij}\) is the cofactor of \(a_{ij}\).

Since \(a_{21} = 0\), \(a_{22} = 0\), and \(a_{23} = 0\), their contributions to the determinant are zero. We only need to calculate the term involving \(a_{24}\):

\[
a_{24} = -4
\]

The cofactor \(C_{24}\) is given by:

\[
C_{24} = (-1)^{2+4} \det(M_{24})
\]

where \(M_{24}\) is the \(3 \times 3\) minor obtained by deleting the second row and fourth column from \(A\):

\[
M_{24} = \begin{bmatrix} 
5 & 3 & -2 \\ 
-4 & 0 & -3 \\ 
0 & 5 & 5 
\end{bmatrix}
\]

Calculate \(\det(M_{24})\) using cofactor expansion along the first row:

\[
\det(M_{24}) = 5 \begin{vmatrix} 0 & -3 \\ 5 & 5 \end{vmatrix} - 3 \begin{vmatrix} -4 & -3 \\ 0 & 5 \end{vmatrix} - 2 \begin{vmatrix} -4 & 0 \\ 0 & 5 \end{vmatrix}
\]

Calculate each \(2 \times 2\) determinant:

\[
\begin{vmatrix} 0 & -3 \\ 5 & 5 \end{vmatrix} = (0)(5) - (-3)(5) = 15
\]

\[
\begin{vmatrix} -4 & -3 \\ 0 & 5 \end{vmatrix} = (-4)(5) - (-3)(0) = -20
\]

\[
\begin{vmatrix} -4 & 0 \\ 0 & 5 \end{vmatrix} = (-4)(5) - (0)(0) = -20
\]

Substitute these back into the expression for \(\det(M_{24})\):

\[
\det(M_{24}) = 5(15) - 3(-20) - 2(-20)
\]

\[
= 75 + 60 + 40
\]

\[
= 175
\]

Now, calculate \(C_{24}\):

\[
C_{24} = (-1)^{6} \cdot 175 = 175
\]

Finally, calculate \(\det(A)\):

\[
\det(A) = a_{24}C_{24} = (-4)(175) = -700
\]

Thus, the determinant of matrix \(A\) is \(\boxed{-700}\).","To find the determinant of the \(4 \times 4\) matrix \(A\), we can use cofactor expansion along a row or column that simplifies the calculation. Here, we will expand along the second row, which contains three zeros:

\[
A = \begin{bmatrix} 
5 & 3 & -2 & 5 \\ 
0 & 0 & 0 & -4 \\ 
-4 & 0 & -3 & 4 \\ 
0 & 5 & 5 & 2 
\end{bmatrix}
\]

The determinant of \(A\), denoted as \(\det(A)\), is given by:

\[
\det(A) = a_{21}C_{21} + a_{22}C_{22} + a_{23}C_{23} + a_{24}C_{24}
\]

where \(a_{ij}\) is the element in the \(i\)-th row and \(j\)-th column, and \(C_{ij}\) is the cofactor of \(a_{ij}\).

Since \(a_{21} = 0\), \(a_{22} = 0\), and \(a_{23} = 0\), their contributions to the determinant are zero. We only need to calculate the term involving \(a_{24}\):

\[
a_{24} = -4
\]

The cofactor \(C_{24}\) is given by:

\[
C_{24} = (-1)^{2+4} \det(M_{24})
\]

where \(M_{24}\) is the \(3 \times 3\) minor obtained by deleting the second row and fourth column from \(A\):

\[
M_{24} = \begin{bmatrix} 
5 & 3 & -2 \\ 
-4 & 0 & -3 \\ 
0 & 5 & 5 
\end{bmatrix}
\]

Calculate \(\det(M_{24})\) using cofactor expansion along the first row:

\[
\det(M_{24}) = 5 \begin{vmatrix} 0 & -3 \\ 5 & 5 \end{vmatrix} - 3 \begin{vmatrix} -4 & -3 \\ 0 & 5 \end{vmatrix} - 2 \begin{vmatrix} -4 & 0 \\ 0 & 5 \end{vmatrix}
\]

Calculate each \(2 \times 2\) determinant:

\[
\begin{vmatrix} 0 & -3 \\ 5 & 5 \end{vmatrix} = (0)(5) - (-3)(5) = 15
\]

\[
\begin{vmatrix} -4 & -3 \\ 0 & 5 \end{vmatrix} = (-4)(5) - (-3)(0) = -20
\]

\[
\begin{vmatrix} -4 & 0 \\ 0 & 5 \end{vmatrix} = (-4)(5) - (0)(0) = -20
\]

Substitute these back into the expression for \(\det(M_{24})\):

\[
\det(M_{24}) = 5(15) - 3(-20) - 2(-20)
\]

\[
= 75 + 60 + 40
\]

\[
= 175
\]

Now, calculate \(C_{24}\):

\[
C_{24} = (-1)^{6} \cdot 175 = 175
\]

Finally, calculate \(\det(A)\):

\[
\det(A) = a_{24}C_{24} = (-4)(175) = -700
\]

Thus, the determinant of matrix \(A\) is \(\boxed{-700}\).",3 \\ 5 & 5 \end{vmatrix} [-] 3 \begin{vmatrix} -4 & -,463,agent_c1_leftright,high,4x4 expansion stated abstractly (a_21C_21+...); first concrete between-terms sign is in det(M_24) minor expansion,PASS
NC_4x4_det_571,Phi-4,determinant,4,,,correct,\det(A) = -473,-,+,846,"<|im_start|>system<|im_sep|>You are a precise mathematical assistant. Show all computation steps clearly. Always put your final numerical answer inside \boxed{}.<|im_end|><|im_start|>user<|im_sep|>Solve this linear algebra problem. Show your work and give the final answer.

Find the determinant of the 4×4 matrix A.

A = \begin{bmatrix} 4 & 0 & 5 & 4 \\ 5 & -2 & -2 & 4 \\ 1 & 4 & 5 & 1 \\ 0 & 1 & 5 & -4 \end{bmatrix}

<|im_end|><|im_start|>assistant<|im_sep|>To find the determinant of the \(4 \times 4\) matrix \( A \), we can use cofactor expansion along the first row. The matrix \( A \) is given by:

\[
A = \begin{bmatrix} 
4 & 0 & 5 & 4 \\ 
5 & -2 & -2 & 4 \\ 
1 & 4 & 5 & 1 \\ 
0 & 1 & 5 & -4 
\end{bmatrix}
\]

The determinant of \( A \), denoted as \(\det(A)\), can be expanded along the first row:

\[
\det(A) = 4 \cdot \det(A_{11}) - 0 \cdot \det(A_{12}) + 5 \cdot \det(A_{13}) - 4 \cdot \det(A_{14})
\]

where \( A_{ij} \) is the \((i,j)\)-minor of \( A \), obtained by deleting the \(i\)-th row and \(j\)-th column.

### Step 1: Calculate \(\det(A_{11})\)

The minor \( A_{11} \) is:

\[
A_{11} = \begin{bmatrix} 
-2 & -2 & 4 \\ 
4 & 5 & 1 \\ 
1 & 5 & -4 
\end{bmatrix}
\]

The determinant of this \(3 \times 3\) matrix is:

\[
\det(A_{11}) = (-2) \begin{vmatrix} 5 & 1 \\ 5 & -4 \end{vmatrix} - (-2) \begin{vmatrix} 4 & 1 \\ 1 & -4 \end{vmatrix} + 4 \begin{vmatrix} 4 & 5 \\ 1 & 5 \end{vmatrix}
\]

Calculating each \(2 \times 2\) determinant:

\[
\begin{vmatrix} 5 & 1 \\ 5 & -4 \end{vmatrix} = (5)(-4) - (1)(5) = -20 - 5 = -25
\]

\[
\begin{vmatrix} 4 & 1 \\ 1 & -4 \end{vmatrix} = (4)(-4) - (1)(1) = -16 - 1 = -17
\]

\[
\begin{vmatrix} 4 & 5 \\ 1 & 5 \end{vmatrix} = (4)(5) - (5)(1) = 20 - 5 = 15
\]

Substituting back:

\[
\det(A_{11}) = (-2)(-25) - (-2)(-17) + 4(15) = 50 - 34 + 60 = 76
\]

### Step 2: Calculate \(\det(A_{13})\)

The minor \( A_{13} \) is:

\[
A_{13} = \begin{bmatrix} 
5 & -2 & 4 \\ 
1 & 4 & 1 \\ 
0 & 1 & -4 
\end{bmatrix}
\]

The determinant of this \(3 \times 3\) matrix is:

\[
\det(A_{13}) = 5 \begin{vmatrix} 4 & 1 \\ 1 & -4 \end{vmatrix} - (-2) \begin{vmatrix} 1 & 1 \\ 0 & -4 \end{vmatrix} + 4 \begin{vmatrix} 1 & 4 \\ 0 & 1 \end{vmatrix}
\]

Calculating each \(2 \times 2\) determinant:

\[
\begin{vmatrix} 4 & 1 \\ 1 & -4 \end{vmatrix} = (4)(-4) - (1)(1) = -16 - 1 = -17
\]

\[
\begin{vmatrix} 1 & 1 \\ 0 & -4 \end{vmatrix} = (1)(-4) - (1)(0) = -4
\]

\[
\begin{vmatrix} 1 & 4 \\ 0 & 1 \end{vmatrix} = (1)(1) - (4)(0) = 1
\]

Substituting back:

\[
\det(A_{13}) = 5(-17) + 2(-4) + 4(1) = -85 - 8 + 4 = -89
\]

### Step 3: Calculate \(\det(A_{14})\)

The minor \( A_{14} \) is:

\[
A_{14} = \begin{bmatrix} 
5 & -2 & -2 \\ 
1 & 4 & 5 \\ 
0 & 1 & 5 
\end{bmatrix}
\]

The determinant of this \(3 \times 3\) matrix is:

\[
\det(A_{14}) = 5 \begin{vmatrix} 4 & 5 \\ 1 & 5 \end{vmatrix} - (-2) \begin{vmatrix} 1 & 5 \\ 0 & 5 \end{vmatrix} + (-2) \begin{vmatrix} 1 & 4 \\ 0 & 1 \end{vmatrix}
\]

Calculating each \(2 \times 2\) determinant:

\[
\begin{vmatrix} 4 & 5 \\ 1 & 5 \end{vmatrix} = (4)(5) - (5)(1) = 20 - 5 = 15
\]

\[
\begin{vmatrix} 1 & 5 \\ 0 & 5 \end{vmatrix} = (1)(5) - (5)(0) = 5
\]

\[
\begin{vmatrix} 1 & 4 \\ 0 & 1 \end{vmatrix} = (1)(1) - (4)(0) = 1
\]

Substituting back:

\[
\det(A_{14}) = 5(15) + 2(5) - 2(1) = 75 + 10 - 2 = 83
\]

### Final Calculation

Substitute the determinants of the minors back into the cofactor expansion:

\[
\det(A) = 4 \cdot 76 + 5 \cdot (-89) - 4 \cdot 83
\]

Calculate each term:

\[
4 \cdot 76 = 304
\]

\[
5 \cdot (-89) = -445
\]

\[
4 \cdot 83 = 332
\]

Combine these results:

\[
\det(A) = 304 - 445 - 332 = 304 - 777 = -473
\]

Thus, the determinant of the matrix \( A \) is \(\boxed{-473}\).","To find the determinant of the \(4 \times 4\) matrix \( A \), we can use cofactor expansion along the first row. The matrix \( A \) is given by:

\[
A = \begin{bmatrix} 
4 & 0 & 5 & 4 \\ 
5 & -2 & -2 & 4 \\ 
1 & 4 & 5 & 1 \\ 
0 & 1 & 5 & -4 
\end{bmatrix}
\]

The determinant of \( A \), denoted as \(\det(A)\), can be expanded along the first row:

\[
\det(A) = 4 \cdot \det(A_{11}) - 0 \cdot \det(A_{12}) + 5 \cdot \det(A_{13}) - 4 \cdot \det(A_{14})
\]

where \( A_{ij} \) is the \((i,j)\)-minor of \( A \), obtained by deleting the \(i\)-th row and \(j\)-th column.

### Step 1: Calculate \(\det(A_{11})\)

The minor \( A_{11} \) is:

\[
A_{11} = \begin{bmatrix} 
-2 & -2 & 4 \\ 
4 & 5 & 1 \\ 
1 & 5 & -4 
\end{bmatrix}
\]

The determinant of this \(3 \times 3\) matrix is:

\[
\det(A_{11}) = (-2) \begin{vmatrix} 5 & 1 \\ 5 & -4 \end{vmatrix} - (-2) \begin{vmatrix} 4 & 1 \\ 1 & -4 \end{vmatrix} + 4 \begin{vmatrix} 4 & 5 \\ 1 & 5 \end{vmatrix}
\]

Calculating each \(2 \times 2\) determinant:

\[
\begin{vmatrix} 5 & 1 \\ 5 & -4 \end{vmatrix} = (5)(-4) - (1)(5) = -20 - 5 = -25
\]

\[
\begin{vmatrix} 4 & 1 \\ 1 & -4 \end{vmatrix} = (4)(-4) - (1)(1) = -16 - 1 = -17
\]

\[
\begin{vmatrix} 4 & 5 \\ 1 & 5 \end{vmatrix} = (4)(5) - (5)(1) = 20 - 5 = 15
\]

Substituting back:

\[
\det(A_{11}) = (-2)(-25) - (-2)(-17) + 4(15) = 50 - 34 + 60 = 76
\]

### Step 2: Calculate \(\det(A_{13})\)

The minor \( A_{13} \) is:

\[
A_{13} = \begin{bmatrix} 
5 & -2 & 4 \\ 
1 & 4 & 1 \\ 
0 & 1 & -4 
\end{bmatrix}
\]

The determinant of this \(3 \times 3\) matrix is:

\[
\det(A_{13}) = 5 \begin{vmatrix} 4 & 1 \\ 1 & -4 \end{vmatrix} - (-2) \begin{vmatrix} 1 & 1 \\ 0 & -4 \end{vmatrix} + 4 \begin{vmatrix} 1 & 4 \\ 0 & 1 \end{vmatrix}
\]

Calculating each \(2 \times 2\) determinant:

\[
\begin{vmatrix} 4 & 1 \\ 1 & -4 \end{vmatrix} = (4)(-4) - (1)(1) = -16 - 1 = -17
\]

\[
\begin{vmatrix} 1 & 1 \\ 0 & -4 \end{vmatrix} = (1)(-4) - (1)(0) = -4
\]

\[
\begin{vmatrix} 1 & 4 \\ 0 & 1 \end{vmatrix} = (1)(1) - (4)(0) = 1
\]

Substituting back:

\[
\det(A_{13}) = 5(-17) + 2(-4) + 4(1) = -85 - 8 + 4 = -89
\]

### Step 3: Calculate \(\det(A_{14})\)

The minor \( A_{14} \) is:

\[
A_{14} = \begin{bmatrix} 
5 & -2 & -2 \\ 
1 & 4 & 5 \\ 
0 & 1 & 5 
\end{bmatrix}
\]

The determinant of this \(3 \times 3\) matrix is:

\[
\det(A_{14}) = 5 \begin{vmatrix} 4 & 5 \\ 1 & 5 \end{vmatrix} - (-2) \begin{vmatrix} 1 & 5 \\ 0 & 5 \end{vmatrix} + (-2) \begin{vmatrix} 1 & 4 \\ 0 & 1 \end{vmatrix}
\]

Calculating each \(2 \times 2\) determinant:

\[
\begin{vmatrix} 4 & 5 \\ 1 & 5 \end{vmatrix} = (4)(5) - (5)(1) = 20 - 5 = 15
\]

\[
\begin{vmatrix} 1 & 5 \\ 0 & 5 \end{vmatrix} = (1)(5) - (5)(0) = 5
\]

\[
\begin{vmatrix} 1 & 4 \\ 0 & 1 \end{vmatrix} = (1)(1) - (4)(0) = 1
\]

Substituting back:

\[
\det(A_{14}) = 5(15) + 2(5) - 2(1) = 75 + 10 - 2 = 83
\]

### Final Calculation

Substitute the determinants of the minors back into the cofactor expansion:

\[
\det(A) = 4 \cdot 76 + 5 \cdot (-89) - 4 \cdot 83
\]

Calculate each term:

\[
4 \cdot 76 = 304
\]

\[
5 \cdot (-89) = -445
\]

\[
4 \cdot 83 = 332
\]

Combine these results:

\[
\det(A) = 304 - 445 - 332 = 304 - 777 = -473
\]

Thus, the determinant of the matrix \( A \) is \(\boxed{-473}\).",) = 4 \cdot \det(A_{11}) [-] 0 \cdot \det(A_{12}) + 5,462,agent_c1_leftright,high,sign between 1st and 2nd term of concrete 4x4 expansion,PASS
NC_4x4_det_580,Phi-4,determinant,4,,,correct,\det(A) = 255,+,-,853,"<|im_start|>system<|im_sep|>You are a precise mathematical assistant. Show all computation steps clearly. Always put your final numerical answer inside \boxed{}.<|im_end|><|im_start|>user<|im_sep|>Solve this linear algebra problem. Show your work and give the final answer.

Find the determinant of the 4×4 matrix A.

A = \begin{bmatrix} -3 & -1 & -5 & 0 \\ 3 & -3 & 0 & -1 \\ 2 & -1 & -3 & 1 \\ 1 & 5 & 2 & -2 \end{bmatrix}

<|im_end|><|im_start|>assistant<|im_sep|>To find the determinant of the \(4 \times 4\) matrix \( A \), we can use cofactor expansion along the first row. The matrix \( A \) is given by:

\[
A = \begin{bmatrix} 
-3 & -1 & -5 & 0 \\ 
3 & -3 & 0 & -1 \\ 
2 & -1 & -3 & 1 \\ 
1 & 5 & 2 & -2 
\end{bmatrix}
\]

The determinant of \( A \), denoted as \(\det(A)\), can be expanded along the first row:

\[
\det(A) = (-3) \cdot C_{11} + (-1) \cdot C_{12} + (-5) \cdot C_{13} + 0 \cdot C_{14}
\]

where \( C_{ij} \) is the cofactor of the element in the \(i\)-th row and \(j\)-th column. The cofactor \( C_{ij} \) is given by:

\[
C_{ij} = (-1)^{i+j} \det(M_{ij})
\]

where \( M_{ij} \) is the \((n-1) \times (n-1)\) submatrix obtained by deleting the \(i\)-th row and \(j\)-th column from \( A \).

### Step 1: Calculate \( C_{11} \)

The submatrix \( M_{11} \) is obtained by removing the first row and first column:

\[
M_{11} = \begin{bmatrix} 
-3 & 0 & -1 \\ 
-1 & -3 & 1 \\ 
5 & 2 & -2 
\end{bmatrix}
\]

The determinant of \( M_{11} \) is:

\[
\det(M_{11}) = (-3) \begin{vmatrix} -3 & 1 \\ 2 & -2 \end{vmatrix} - 0 \begin{vmatrix} -1 & 1 \\ 5 & -2 \end{vmatrix} + (-1) \begin{vmatrix} -1 & -3 \\ 5 & 2 \end{vmatrix}
\]

Calculate the \(2 \times 2\) determinants:

\[
\begin{vmatrix} -3 & 1 \\ 2 & -2 \end{vmatrix} = (-3)(-2) - (1)(2) = 6 - 2 = 4
\]

\[
\begin{vmatrix} -1 & -3 \\ 5 & 2 \end{vmatrix} = (-1)(2) - (-3)(5) = -2 + 15 = 13
\]

Thus,

\[
\det(M_{11}) = (-3)(4) + 0 - 1(13) = -12 - 13 = -25
\]

The cofactor \( C_{11} \) is:

\[
C_{11} = (-1)^{1+1} \det(M_{11}) = 1 \cdot (-25) = -25
\]

### Step 2: Calculate \( C_{12} \)

The submatrix \( M_{12} \) is obtained by removing the first row and second column:

\[
M_{12} = \begin{bmatrix} 
3 & 0 & -1 \\ 
2 & -3 & 1 \\ 
1 & 2 & -2 
\end{bmatrix}
\]

The determinant of \( M_{12} \) is:

\[
\det(M_{12}) = 3 \begin{vmatrix} -3 & 1 \\ 2 & -2 \end{vmatrix} - 0 \begin{vmatrix} 2 & 1 \\ 1 & -2 \end{vmatrix} + (-1) \begin{vmatrix} 2 & -3 \\ 1 & 2 \end{vmatrix}
\]

We already calculated:

\[
\begin{vmatrix} -3 & 1 \\ 2 & -2 \end{vmatrix} = 4
\]

Calculate the remaining \(2 \times 2\) determinant:

\[
\begin{vmatrix} 2 & -3 \\ 1 & 2 \end{vmatrix} = (2)(2) - (-3)(1) = 4 + 3 = 7
\]

Thus,

\[
\det(M_{12}) = 3(4) + 0 - 1(7) = 12 - 7 = 5
\]

The cofactor \( C_{12} \) is:

\[
C_{12} = (-1)^{1+2} \det(M_{12}) = -1 \cdot 5 = -5
\]

### Step 3: Calculate \( C_{13} \)

The submatrix \( M_{13} \) is obtained by removing the first row and third column:

\[
M_{13} = \begin{bmatrix} 
3 & -3 & -1 \\ 
2 & -1 & 1 \\ 
1 & 5 & -2 
\end{bmatrix}
\]

The determinant of \( M_{13} \) is:

\[
\det(M_{13}) = 3 \begin{vmatrix} -1 & 1 \\ 5 & -2 \end{vmatrix} - (-3) \begin{vmatrix} 2 & 1 \\ 1 & -2 \end{vmatrix} + (-1) \begin{vmatrix} 2 & -1 \\ 1 & 5 \end{vmatrix}
\]

Calculate the \(2 \times 2\) determinants:

\[
\begin{vmatrix} -1 & 1 \\ 5 & -2 \end{vmatrix} = (-1)(-2) - (1)(5) = 2 - 5 = -3
\]

\[
\begin{vmatrix} 2 & 1 \\ 1 & -2 \end{vmatrix} = (2)(-2) - (1)(1) = -4 - 1 = -5
\]

\[
\begin{vmatrix} 2 & -1 \\ 1 & 5 \end{vmatrix} = (2)(5) - (-1)(1) = 10 + 1 = 11
\]

Thus,

\[
\det(M_{13}) = 3(-3) + 3(-5) - 1(11) = -9 - 15 - 11 = -35
\]

The cofactor \( C_{13} \) is:

\[
C_{13} = (-1)^{1+3} \det(M_{13}) = 1 \cdot (-35) = -35
\]

### Step 4: Calculate \(\det(A)\)

Substitute the cofactors back into the determinant expansion:

\[
\det(A) = (-3)(-25) + (-1)(-5) + (-5)(-35) + 0
\]

Calculate each term:

\[
(-3)(-25) = 75
\]

\[
(-1)(-5) = 5
\]

\[
(-5)(-35) = 175
\]

Add them up:

\[
\det(A) = 75 + 5 + 175 = 255
\]

Thus, the determinant of the matrix \( A \) is \(\boxed{255}\).","To find the determinant of the \(4 \times 4\) matrix \( A \), we can use cofactor expansion along the first row. The matrix \( A \) is given by:

\[
A = \begin{bmatrix} 
-3 & -1 & -5 & 0 \\ 
3 & -3 & 0 & -1 \\ 
2 & -1 & -3 & 1 \\ 
1 & 5 & 2 & -2 
\end{bmatrix}
\]

The determinant of \( A \), denoted as \(\det(A)\), can be expanded along the first row:

\[
\det(A) = (-3) \cdot C_{11} + (-1) \cdot C_{12} + (-5) \cdot C_{13} + 0 \cdot C_{14}
\]

where \( C_{ij} \) is the cofactor of the element in the \(i\)-th row and \(j\)-th column. The cofactor \( C_{ij} \) is given by:

\[
C_{ij} = (-1)^{i+j} \det(M_{ij})
\]

where \( M_{ij} \) is the \((n-1) \times (n-1)\) submatrix obtained by deleting the \(i\)-th row and \(j\)-th column from \( A \).

### Step 1: Calculate \( C_{11} \)

The submatrix \( M_{11} \) is obtained by removing the first row and first column:

\[
M_{11} = \begin{bmatrix} 
-3 & 0 & -1 \\ 
-1 & -3 & 1 \\ 
5 & 2 & -2 
\end{bmatrix}
\]

The determinant of \( M_{11} \) is:

\[
\det(M_{11}) = (-3) \begin{vmatrix} -3 & 1 \\ 2 & -2 \end{vmatrix} - 0 \begin{vmatrix} -1 & 1 \\ 5 & -2 \end{vmatrix} + (-1) \begin{vmatrix} -1 & -3 \\ 5 & 2 \end{vmatrix}
\]

Calculate the \(2 \times 2\) determinants:

\[
\begin{vmatrix} -3 & 1 \\ 2 & -2 \end{vmatrix} = (-3)(-2) - (1)(2) = 6 - 2 = 4
\]

\[
\begin{vmatrix} -1 & -3 \\ 5 & 2 \end{vmatrix} = (-1)(2) - (-3)(5) = -2 + 15 = 13
\]

Thus,

\[
\det(M_{11}) = (-3)(4) + 0 - 1(13) = -12 - 13 = -25
\]

The cofactor \( C_{11} \) is:

\[
C_{11} = (-1)^{1+1} \det(M_{11}) = 1 \cdot (-25) = -25
\]

### Step 2: Calculate \( C_{12} \)

The submatrix \( M_{12} \) is obtained by removing the first row and second column:

\[
M_{12} = \begin{bmatrix} 
3 & 0 & -1 \\ 
2 & -3 & 1 \\ 
1 & 2 & -2 
\end{bmatrix}
\]

The determinant of \( M_{12} \) is:

\[
\det(M_{12}) = 3 \begin{vmatrix} -3 & 1 \\ 2 & -2 \end{vmatrix} - 0 \begin{vmatrix} 2 & 1 \\ 1 & -2 \end{vmatrix} + (-1) \begin{vmatrix} 2 & -3 \\ 1 & 2 \end{vmatrix}
\]

We already calculated:

\[
\begin{vmatrix} -3 & 1 \\ 2 & -2 \end{vmatrix} = 4
\]

Calculate the remaining \(2 \times 2\) determinant:

\[
\begin{vmatrix} 2 & -3 \\ 1 & 2 \end{vmatrix} = (2)(2) - (-3)(1) = 4 + 3 = 7
\]

Thus,

\[
\det(M_{12}) = 3(4) + 0 - 1(7) = 12 - 7 = 5
\]

The cofactor \( C_{12} \) is:

\[
C_{12} = (-1)^{1+2} \det(M_{12}) = -1 \cdot 5 = -5
\]

### Step 3: Calculate \( C_{13} \)

The submatrix \( M_{13} \) is obtained by removing the first row and third column:

\[
M_{13} = \begin{bmatrix} 
3 & -3 & -1 \\ 
2 & -1 & 1 \\ 
1 & 5 & -2 
\end{bmatrix}
\]

The determinant of \( M_{13} \) is:

\[
\det(M_{13}) = 3 \begin{vmatrix} -1 & 1 \\ 5 & -2 \end{vmatrix} - (-3) \begin{vmatrix} 2 & 1 \\ 1 & -2 \end{vmatrix} + (-1) \begin{vmatrix} 2 & -1 \\ 1 & 5 \end{vmatrix}
\]

Calculate the \(2 \times 2\) determinants:

\[
\begin{vmatrix} -1 & 1 \\ 5 & -2 \end{vmatrix} = (-1)(-2) - (1)(5) = 2 - 5 = -3
\]

\[
\begin{vmatrix} 2 & 1 \\ 1 & -2 \end{vmatrix} = (2)(-2) - (1)(1) = -4 - 1 = -5
\]

\[
\begin{vmatrix} 2 & -1 \\ 1 & 5 \end{vmatrix} = (2)(5) - (-1)(1) = 10 + 1 = 11
\]

Thus,

\[
\det(M_{13}) = 3(-3) + 3(-5) - 1(11) = -9 - 15 - 11 = -35
\]

The cofactor \( C_{13} \) is:

\[
C_{13} = (-1)^{1+3} \det(M_{13}) = 1 \cdot (-35) = -35
\]

### Step 4: Calculate \(\det(A)\)

Substitute the cofactors back into the determinant expansion:

\[
\det(A) = (-3)(-25) + (-1)(-5) + (-5)(-35) + 0
\]

Calculate each term:

\[
(-3)(-25) = 75
\]

\[
(-1)(-5) = 5
\]

\[
(-5)(-35) = 175
\]

Add them up:

\[
\det(A) = 75 + 5 + 175 = 255
\]

Thus, the determinant of the matrix \( A \) is \(\boxed{255}\).",t(A) = (-3) \cdot C_{11} [+] (-1) \cdot C_{12} + (-5),467,agent_c1_leftright,high,sign between 1st ((-3) C_11) and 2nd ((-1) C_12) term of concrete 4x4 expansion,PASS
NC_4x4_det_585,Phi-4,determinant,4,,,correct,\det(A) = -114,-,+,850,"<|im_start|>system<|im_sep|>You are a precise mathematical assistant. Show all computation steps clearly. Always put your final numerical answer inside \boxed{}.<|im_end|><|im_start|>user<|im_sep|>Solve this linear algebra problem. Show your work and give the final answer.

Find the determinant of the 4×4 matrix A.

A = \begin{bmatrix} 3 & 3 & 0 & 0 \\ 1 & -2 & 5 & 0 \\ 3 & 0 & -5 & 2 \\ -5 & -4 & 2 & -2 \end{bmatrix}

<|im_end|><|im_start|>assistant<|im_sep|>To find the determinant of the \(4 \times 4\) matrix \( A \), we can use cofactor expansion along the first row. The matrix \( A \) is given by:

\[
A = \begin{bmatrix} 
3 & 3 & 0 & 0 \\ 
1 & -2 & 5 & 0 \\ 
3 & 0 & -5 & 2 \\ 
-5 & -4 & 2 & -2 
\end{bmatrix}
\]

The determinant of \( A \), denoted as \(\det(A)\), can be expanded along the first row:

\[
\det(A) = 3 \cdot \det(A_{11}) - 3 \cdot \det(A_{12}) + 0 \cdot \det(A_{13}) - 0 \cdot \det(A_{14})
\]

where \( A_{ij} \) is the \((i,j)\)-minor of \( A \), obtained by deleting the \(i\)-th row and \(j\)-th column.

Since the terms involving \(\det(A_{13})\) and \(\det(A_{14})\) are multiplied by zero, they do not contribute to the determinant. We only need to compute \(\det(A_{11})\) and \(\det(A_{12})\).

### Step 1: Compute \(\det(A_{11})\)

The minor \( A_{11} \) is obtained by deleting the first row and first column:

\[
A_{11} = \begin{bmatrix} 
-2 & 5 & 0 \\ 
0 & -5 & 2 \\ 
-4 & 2 & -2 
\end{bmatrix}
\]

The determinant of a \(3 \times 3\) matrix is calculated as follows:

\[
\det(A_{11}) = (-2) \begin{vmatrix} -5 & 2 \\ 2 & -2 \end{vmatrix} - 5 \begin{vmatrix} 0 & 2 \\ -4 & -2 \end{vmatrix} + 0 \begin{vmatrix} 0 & -5 \\ -4 & 2 \end{vmatrix}
\]

Calculate the \(2 \times 2\) determinants:

\[
\begin{vmatrix} -5 & 2 \\ 2 & -2 \end{vmatrix} = (-5)(-2) - (2)(2) = 10 - 4 = 6
\]

\[
\begin{vmatrix} 0 & 2 \\ -4 & -2 \end{vmatrix} = (0)(-2) - (2)(-4) = 0 + 8 = 8
\]

Substitute back:

\[
\det(A_{11}) = (-2)(6) - 5(8) + 0 = -12 - 40 = -52
\]

### Step 2: Compute \(\det(A_{12})\)

The minor \( A_{12} \) is obtained by deleting the first row and second column:

\[
A_{12} = \begin{bmatrix} 
1 & 5 & 0 \\ 
3 & -5 & 2 \\ 
-5 & 2 & -2 
\end{bmatrix}
\]

The determinant of this \(3 \times 3\) matrix is:

\[
\det(A_{12}) = 1 \begin{vmatrix} -5 & 2 \\ 2 & -2 \end{vmatrix} - 5 \begin{vmatrix} 3 & 2 \\ -5 & -2 \end{vmatrix} + 0 \begin{vmatrix} 3 & -5 \\ -5 & 2 \end{vmatrix}
\]

We already calculated \(\begin{vmatrix} -5 & 2 \\ 2 & -2 \end{vmatrix} = 6\).

Now calculate:

\[
\begin{vmatrix} 3 & 2 \\ -5 & -2 \end{vmatrix} = (3)(-2) - (2)(-5) = -6 + 10 = 4
\]

Substitute back:

\[
\det(A_{12}) = 1(6) - 5(4) + 0 = 6 - 20 = -14
\]

### Final Calculation

Substitute \(\det(A_{11})\) and \(\det(A_{12})\) back into the determinant expansion:

\[
\det(A) = 3(-52) - 3(-14) = -156 + 42 = -114
\]

Thus, the determinant of matrix \( A \) is:

\[
\boxed{-114}
\]","To find the determinant of the \(4 \times 4\) matrix \( A \), we can use cofactor expansion along the first row. The matrix \( A \) is given by:

\[
A = \begin{bmatrix} 
3 & 3 & 0 & 0 \\ 
1 & -2 & 5 & 0 \\ 
3 & 0 & -5 & 2 \\ 
-5 & -4 & 2 & -2 
\end{bmatrix}
\]

The determinant of \( A \), denoted as \(\det(A)\), can be expanded along the first row:

\[
\det(A) = 3 \cdot \det(A_{11}) - 3 \cdot \det(A_{12}) + 0 \cdot \det(A_{13}) - 0 \cdot \det(A_{14})
\]

where \( A_{ij} \) is the \((i,j)\)-minor of \( A \), obtained by deleting the \(i\)-th row and \(j\)-th column.

Since the terms involving \(\det(A_{13})\) and \(\det(A_{14})\) are multiplied by zero, they do not contribute to the determinant. We only need to compute \(\det(A_{11})\) and \(\det(A_{12})\).

### Step 1: Compute \(\det(A_{11})\)

The minor \( A_{11} \) is obtained by deleting the first row and first column:

\[
A_{11} = \begin{bmatrix} 
-2 & 5 & 0 \\ 
0 & -5 & 2 \\ 
-4 & 2 & -2 
\end{bmatrix}
\]

The determinant of a \(3 \times 3\) matrix is calculated as follows:

\[
\det(A_{11}) = (-2) \begin{vmatrix} -5 & 2 \\ 2 & -2 \end{vmatrix} - 5 \begin{vmatrix} 0 & 2 \\ -4 & -2 \end{vmatrix} + 0 \begin{vmatrix} 0 & -5 \\ -4 & 2 \end{vmatrix}
\]

Calculate the \(2 \times 2\) determinants:

\[
\begin{vmatrix} -5 & 2 \\ 2 & -2 \end{vmatrix} = (-5)(-2) - (2)(2) = 10 - 4 = 6
\]

\[
\begin{vmatrix} 0 & 2 \\ -4 & -2 \end{vmatrix} = (0)(-2) - (2)(-4) = 0 + 8 = 8
\]

Substitute back:

\[
\det(A_{11}) = (-2)(6) - 5(8) + 0 = -12 - 40 = -52
\]

### Step 2: Compute \(\det(A_{12})\)

The minor \( A_{12} \) is obtained by deleting the first row and second column:

\[
A_{12} = \begin{bmatrix} 
1 & 5 & 0 \\ 
3 & -5 & 2 \\ 
-5 & 2 & -2 
\end{bmatrix}
\]

The determinant of this \(3 \times 3\) matrix is:

\[
\det(A_{12}) = 1 \begin{vmatrix} -5 & 2 \\ 2 & -2 \end{vmatrix} - 5 \begin{vmatrix} 3 & 2 \\ -5 & -2 \end{vmatrix} + 0 \begin{vmatrix} 3 & -5 \\ -5 & 2 \end{vmatrix}
\]

We already calculated \(\begin{vmatrix} -5 & 2 \\ 2 & -2 \end{vmatrix} = 6\).

Now calculate:

\[
\begin{vmatrix} 3 & 2 \\ -5 & -2 \end{vmatrix} = (3)(-2) - (2)(-5) = -6 + 10 = 4
\]

Substitute back:

\[
\det(A_{12}) = 1(6) - 5(4) + 0 = 6 - 20 = -14
\]

### Final Calculation

Substitute \(\det(A_{11})\) and \(\det(A_{12})\) back into the determinant expansion:

\[
\det(A) = 3(-52) - 3(-14) = -156 + 42 = -114
\]

Thus, the determinant of matrix \( A \) is:

\[
\boxed{-114}
\]",) = 3 \cdot \det(A_{11}) [-] 3 \cdot \det(A_{12}) + 0,464,agent_c1_leftright,high,sign between 1st and 2nd term of concrete 4x4 expansion,PASS
